account_id,product_family,amount,status,weighted_amount
A00002,Analytics & Data,1694623,Closed,0.0
A00005,AI & ML,1378690,Closed,0.0
A00006,Security,1739010,Won,0.0
A00007,Integration,3706782,Lost,0.0
A00008,Analytics & Data,972797,Won,0.0
A00009,Analytics & Data,2558966,Lost,0.0
A00011,Security,3820858,Won,0.0
A00012,Applications,1622614,Won,0.0
A00013,Analytics & Data,2171839,Lost,0.0
A00016,Infrastructure,1534365,Closed,0.0
A00016,Database,279119,Won,0.0
A00018,Infrastructure,4450453,Closed,0.0
A00018,Database,609406,Won,0.0
A00023,Analytics & Data,1651883,Won,0.0
A00025,AI & ML,4304335,Lost,0.0
A00025,Applications,311363,Won,0.0
A00026,Applications,974062,Won,0.0
A00027,Database,1723065,Lost,0.0
A00027,Analytics & Data,1182439,Lost,0.0
A00027,Security,2159037,Lost,0.0
A00027,Applications,1536513,Lost,0.0
A00030,Analytics & Data,480540,Closed,0.0
A00031,Analytics & Data,890427,Lost,0.0
A00032,Infrastructure,1085919,Won,0.0
A00033,Database,1987138,Won,0.0
A00035,AI & ML,999160,Closed,0.0
A00038,Integration,4545184,Won,0.0
A00041,Infrastructure,4161454,Closed,0.0
A00041,Applications,538724,Won,0.0
A00042,AI & ML,1360607,Won,0.0
A00044,AI & ML,1782072,Won,0.0
A00045,Analytics & Data,807315,Closed,0.0
A00045,AI & ML,2433643,Won,0.0
A00047,Infrastructure,1612315,Closed,0.0
A00048,Integration,4282854,Won,0.0
A00049,AI & ML,1337490,Won,0.0
A00049,Security,1081294,Won,0.0
A00049,Integration,1130075,Won,0.0
A00050,Database,1999811,Lost,0.0
A00052,Analytics & Data,1346672,Closed,0.0
A00053,AI & ML,1157334,Closed,0.0
A00053,Security,2375732,Won,0.0
A00054,Infrastructure,3642668,Won,0.0
A00054,Security,480284,Lost,0.0
A00054,Integration,2167223,Lost,0.0
A00056,Infrastructure,1336564,Closed,0.0
A00058,AI & ML,1042343,Won,0.0
A00058,Integration,1817867,Closed,0.0
A00059,AI & ML,2330470,Won,0.0
A00061,Infrastructure,1361117,Lost,0.0
A00063,Applications,1101760,Closed,0.0
A00065,AI & ML,1220140,Lost,0.0
A00065,Integration,803366,Closed,0.0
A00067,Analytics & Data,878585,Lost,0.0
A00068,Database,609400,Closed,0.0
A00068,Applications,1093252,Closed,0.0
A00071,Applications,3187192,Lost,0.0
A00072,Infrastructure,3522851,Won,0.0
A00073,Applications,1382998,Lost,0.0
A00074,AI & ML,430041,Won,0.0
A00076,Integration,1892549,Lost,0.0
A00079,Analytics & Data,415844,Lost,0.0
A00079,AI & ML,906858,Won,0.0
A00079,Integration,1269502,Lost,0.0
A00080,Infrastructure,2618754,Lost,0.0
A00084,AI & ML,1070191,Won,0.0
A00084,Integration,1088011,Lost,0.0
A00085,Infrastructure,6167833,Won,0.0
A00087,Database,1913864,Lost,0.0
A00088,Database,4243337,Won,0.0
A00089,Security,301793,Won,0.0
A00089,Integration,1628513,Won,0.0
A00090,Database,1876696,Won,0.0
A00093,Infrastructure,2524230,Won,0.0
A00094,Database,336236,Won,0.0
A00094,AI & ML,3143842,Lost,0.0
A00096,Infrastructure,609108,Won,0.0
A00096,Analytics & Data,586059,Lost,0.0
A00096,Applications,2156348,Won,0.0
A00098,Database,2501052,Won,0.0
A00098,Applications,500020,Lost,0.0
A00099,AI & ML,993178,Won,0.0
A00099,Integration,3044983,Lost,0.0
A00100,Security,3645253,Closed,0.0
A00101,Database,435140,Closed,0.0
A00102,Infrastructure,772082,Closed,0.0
A00102,Integration,2017349,Lost,0.0
A00103,Database,539572,Won,0.0
A00103,Analytics & Data,2050690,Lost,0.0
A00106,Integration,1185539,Lost,0.0
A00107,Analytics & Data,693012,Won,0.0
A00108,AI & ML,4037393,Closed,0.0
A00110,Security,584250,Lost,0.0
A00111,Integration,8115854,Closed,0.0
A00112,Analytics & Data,1424520,Lost,0.0
A00112,AI & ML,356707,Won,0.0
A00113,Database,1542604,Won,0.0
A00116,Applications,481292,Won,0.0
A00120,AI & ML,2557467,Lost,0.0
A00120,Security,2427554,Lost,0.0
A00121,Infrastructure,1760923,Lost,0.0
A00126,Database,373747,Lost,0.0
A00126,Integration,2537957,Closed,0.0
A00127,Infrastructure,862786,Lost,0.0
A00129,AI & ML,582484,Won,0.0
A00131,AI & ML,1496060,Won,0.0
A00133,Database,2399302,Lost,0.0
A00133,Security,2446287,Won,0.0
A00137,Infrastructure,778449,Closed,0.0
A00138,Infrastructure,500992,Lost,0.0
A00139,Integration,467793,Lost,0.0
A00140,Integration,1081503,Lost,0.0
A00141,AI & ML,738588,Lost,0.0
A00143,Infrastructure,750148,Closed,0.0
A00143,Database,605288,Lost,0.0
A00146,Infrastructure,3055556,Lost,0.0
A00149,Infrastructure,3075115,Lost,0.0
A00156,Database,4025670,Won,0.0
A00159,AI & ML,982453,Won,0.0
A00160,Infrastructure,701486,Won,0.0
A00160,AI & ML,1359059,Won,0.0
A00161,Security,736329,Lost,0.0
A00161,Applications,1549334,Won,0.0
A00162,Database,2192602,Lost,0.0
A00163,Database,2535956,Lost,0.0
A00163,Integration,3508219,Won,0.0
A00164,Security,541250,Lost,0.0
A00165,Applications,3068130,Lost,0.0
A00168,Security,1850403,Won,0.0
A00170,AI & ML,473274,Won,0.0
A00171,Infrastructure,1505856,Closed,0.0
A00171,Analytics & Data,993303,Lost,0.0
A00172,Analytics & Data,996027,Won,0.0
A00174,Analytics & Data,693024,Won,0.0
A00176,AI & ML,750447,Lost,0.0
A00178,Database,4094248,Won,0.0
A00179,Analytics & Data,1740684,Won,0.0
A00179,AI & ML,1049433,Won,0.0
A00182,AI & ML,1371662,Won,0.0
A00186,Integration,2608295,Lost,0.0
A00187,Analytics & Data,1209321,Lost,0.0
A00187,AI & ML,555894,Won,0.0
A00189,AI & ML,2960220,Won,0.0
A00191,Analytics & Data,545037,Lost,0.0
A00191,Security,1351994,Won,0.0
A00192,Applications,1160040,Lost,0.0
A00195,Analytics & Data,2346614,Lost,0.0
A00198,Infrastructure,400248,Won,0.0
A00199,Analytics & Data,1676728,Closed,0.0
A00200,AI & ML,1159181,Won,0.0
A00201,Analytics & Data,2300082,Won,0.0
A00202,Database,3365403,Won,0.0
A00203,Analytics & Data,7771803,Lost,0.0
A00205,Analytics & Data,3475109,Lost,0.0
A00206,Applications,2670641,Lost,0.0
A00207,AI & ML,306366,Lost,0.0
A00208,Analytics & Data,492332,Closed,0.0
A00210,Database,1080207,Lost,0.0
A00210,AI & ML,1709062,Won,0.0
A00212,AI & ML,591927,Lost,0.0
A00212,Integration,1707083,Lost,0.0
A00214,Applications,1318640,Closed,0.0
A00216,Database,1306293,Closed,0.0
A00217,Analytics & Data,1992992,Closed,0.0
A00217,AI & ML,1368323,Closed,0.0
A00220,Applications,1631051,Closed,0.0
A00221,Infrastructure,6153618,Won,0.0
A00221,Integration,1316276,Closed,0.0
A00222,Database,1843475,Lost,0.0
A00226,Integration,958112,Lost,0.0
A00227,Analytics & Data,2652247,Won,0.0
A00227,Security,2096508,Lost,0.0
A00227,Integration,766277,Lost,0.0
A00230,Analytics & Data,2311028,Lost,0.0
A00230,AI & ML,482753,Won,0.0
A00230,Security,493860,Lost,0.0
A00231,Analytics & Data,1024004,Won,0.0
A00232,AI & ML,1438538,Lost,0.0
A00234,Security,850241,Lost,0.0
A00234,Integration,1891659,Won,0.0
A00236,Security,834302,Lost,0.0
A00236,Integration,1529488,Closed,0.0
A00238,AI & ML,1268292,Won,0.0
A00239,Applications,908993,Won,0.0
A00241,Security,2919300,Closed,0.0
A00244,Applications,2300073,Closed,0.0
A00245,Infrastructure,859452,Closed,0.0
A00245,Applications,1311414,Lost,0.0
A00250,Applications,2933014,Lost,0.0
A00252,AI & ML,1190006,Won,0.0
A00252,Integration,2304187,Closed,0.0
A00253,Database,828744,Lost,0.0
A00254,Applications,3626745,Won,0.0
A00255,Infrastructure,288603,Lost,0.0
A00255,Applications,3360140,Closed,0.0
A00256,Database,2276860,Lost,0.0
A00257,Database,2301597,Closed,0.0
A00258,AI & ML,1116319,Lost,0.0
A00259,Infrastructure,806264,Won,0.0
A00260,Infrastructure,565407,Lost,0.0
A00260,Database,2232604,Closed,0.0
A00261,AI & ML,1472284,Won,0.0
A00261,Applications,362253,Won,0.0
A00264,Analytics & Data,537060,Lost,0.0
A00267,Infrastructure,1043005,Closed,0.0
A00267,AI & ML,3561386,Won,0.0
A00271,Analytics & Data,2332794,Won,0.0
A00273,Applications,1931300,Closed,0.0
A00276,AI & ML,338660,Won,0.0
A00278,Infrastructure,256534,Lost,0.0
A00280,Security,394879,Closed,0.0
A00282,Security,787924,Lost,0.0
A00285,AI & ML,1296347,Lost,0.0
A00286,Applications,299333,Won,0.0
A00287,AI & ML,1034531,Won,0.0
A00288,Database,371342,Won,0.0
A00288,Applications,1354054,Closed,0.0
A00289,Database,4561684,Lost,0.0
A00290,Integration,1761908,Lost,0.0
A00291,AI & ML,4867444,Lost,0.0
A00292,AI & ML,893559,Won,0.0
A00295,Database,1597840,Closed,0.0
A00295,AI & ML,3728824,Closed,0.0
A00299,Database,1721009,Won,0.0
A00300,Security,4425603,Lost,0.0
A00304,Database,2520146,Lost,0.0
A00310,Infrastructure,886269,Lost,0.0
A00310,AI & ML,1323816,Closed,0.0
A00311,Analytics & Data,3336858,Closed,0.0
A00311,Security,879669,Lost,0.0
A00315,Integration,1076615,Lost,0.0
A00319,Infrastructure,3125402,Lost,0.0
A00320,Analytics & Data,463014,Won,0.0
A00320,Applications,1137104,Lost,0.0
A00323,Analytics & Data,1802267,Lost,0.0
A00324,Analytics & Data,2901627,Closed,0.0
A00326,Analytics & Data,2457891,Lost,0.0
A00326,AI & ML,1680381,Won,0.0
A00327,Infrastructure,2010970,Closed,0.0
A00329,Analytics & Data,2111284,Won,0.0
A00330,Database,2568006,Won,0.0
A00331,Applications,909917,Lost,0.0
A00333,Database,3099900,Closed,0.0
A00333,AI & ML,2762213,Lost,0.0
A00334,Infrastructure,1193050,Lost,0.0
A00334,Applications,3209738,Closed,0.0
A00335,Security,2224580,Lost,0.0
A00335,Integration,773120,Lost,0.0
A00336,Security,1428134,Won,0.0
A00336,Applications,2278771,Won,0.0
A00336,Integration,2140212,Lost,0.0
A00337,Infrastructure,1150964,Won,0.0
A00337,Analytics & Data,4069814,Lost,0.0
A00337,Integration,552869,Lost,0.0
A00341,Database,679891,Lost,0.0
A00342,Infrastructure,1690314,Closed,0.0
A00342,AI & ML,349057,Lost,0.0
A00343,AI & ML,3439648,Lost,0.0
A00343,Integration,2318730,Closed,0.0
A00344,AI & ML,1638666,Lost,0.0
A00345,Security,2453036,Won,0.0
A00347,Applications,539123,Closed,0.0
A00348,Infrastructure,2791322,Won,0.0
A00348,Analytics & Data,2164935,Won,0.0
A00349,Integration,399174,Won,0.0
A00353,AI & ML,2909800,Lost,0.0
A00356,Infrastructure,884210,Won,0.0
A00356,Integration,913038,Won,0.0
A00359,Applications,685019,Lost,0.0
A00361,Analytics & Data,690180,Won,0.0
A00362,Database,1658234,Closed,0.0
A00364,Infrastructure,980165,Won,0.0
A00364,Database,1501481,Lost,0.0
A00366,Applications,4685397,Won,0.0
A00367,Database,1529770,Won,0.0
A00367,AI & ML,1684149,Lost,0.0
A00368,Analytics & Data,1087638,Lost,0.0
A00368,AI & ML,1261669,Lost,0.0
A00369,Integration,810681,Won,0.0
A00370,Infrastructure,1065964,Won,0.0
A00370,Database,598315,Lost,0.0
A00372,Security,2179954,Lost,0.0
A00373,Applications,1404573,Won,0.0
A00374,AI & ML,3475303,Lost,0.0
A00376,Applications,4010730,Won,0.0
A00379,Database,1973955,Won,0.0
A00380,Infrastructure,1157015,Won,0.0
A00381,AI & ML,2703794,Won,0.0
A00382,AI & ML,977544,Won,0.0
A00385,AI & ML,1350070,Won,0.0
A00386,Integration,802094,Lost,0.0
A00387,Applications,4526153,Won,0.0
A00391,Database,3389051,Closed,0.0
A00392,Infrastructure,1041499,Won,0.0
A00392,Analytics & Data,3411402,Lost,0.0
A00393,Analytics & Data,363330,Closed,0.0
A00396,Infrastructure,1389496,Lost,0.0
A00397,Applications,4029120,Won,0.0
A00400,Analytics & Data,736990,Closed,0.0
A00400,Applications,2097443,Lost,0.0
A00400,Integration,497681,Closed,0.0
A00405,Database,3400689,Won,0.0
A00405,Analytics & Data,2200462,Lost,0.0
A00407,Analytics & Data,1812452,Lost,0.0
A00409,Applications,2777070,Won,0.0
A00409,Integration,1246414,Closed,0.0
A00413,Security,1018244,Won,0.0
A00414,AI & ML,1142030,Closed,0.0
A00415,Infrastructure,1354689,Won,0.0
A00417,Integration,1342392,Won,0.0
A00419,Analytics & Data,1242711,Won,0.0
A00420,Integration,1036966,Lost,0.0
A00421,Integration,1525764,Won,0.0
A00423,Security,3000915,Lost,0.0
A00423,Applications,1311127,Lost,0.0
A00424,Analytics & Data,537395,Lost,0.0
A00425,Applications,2151756,Lost,0.0
A00430,Integration,1095230,Won,0.0
A00432,Integration,1209278,Won,0.0
A00434,AI & ML,973547,Won,0.0
A00436,Database,1274961,Closed,0.0
A00436,AI & ML,625586,Lost,0.0
A00437,AI & ML,1611998,Lost,0.0
A00437,Applications,974284,Won,0.0
A00438,Security,1696844,Won,0.0
A00441,AI & ML,1474863,Won,0.0
A00441,Applications,1114584,Lost,0.0
A00442,AI & ML,791995,Won,0.0
A00447,Integration,2994916,Won,0.0
A00451,AI & ML,701601,Won,0.0
A00453,Infrastructure,503213,Lost,0.0
A00455,Analytics & Data,1782908,Won,0.0
A00455,Integration,2784615,Lost,0.0
A00456,Applications,1426172,Won,0.0
A00459,AI & ML,5231552,Lost,0.0
A00462,Database,1362007,Lost,0.0
A00465,Database,5256803,Won,0.0
A00468,Analytics & Data,678209,Lost,0.0
A00468,Security,3857795,Closed,0.0
A00472,Infrastructure,626702,Won,0.0
A00472,Analytics & Data,2761200,Lost,0.0
A00473,AI & ML,2609426,Lost,0.0
A00473,Integration,8746793,Won,0.0
A00474,Analytics & Data,1624195,Won,0.0
A00475,Analytics & Data,2319538,Won,0.0
A00477,Infrastructure,2052448,Closed,0.0
A00479,AI & ML,1157032,Won,0.0
A00479,Applications,3760978,Won,0.0
A00479,Integration,498435,Closed,0.0
A00480,Integration,3264455,Lost,0.0
A00481,Database,4252818,Won,0.0
A00482,Security,676663,Lost,0.0
A00482,Applications,660581,Closed,0.0
A00483,Infrastructure,699754,Lost,0.0
A00487,Security,1359633,Won,0.0
A00487,Applications,2415011,Won,0.0
A00489,Infrastructure,1139394,Won,0.0
A00490,Applications,1518656,Won,0.0
A00491,Analytics & Data,2220334,Won,0.0
A00491,AI & ML,1222823,Won,0.0
A00492,Analytics & Data,2704732,Won,0.0
A00492,Security,607407,Closed,0.0
A00493,Database,5029614,Lost,0.0
A00493,Integration,1361895,Lost,0.0
A00494,Applications,239973,Won,0.0
A00500,Database,4551533,Won,0.0
A00501,Infrastructure,2997854,Closed,0.0
A00501,AI & ML,1156113,Won,0.0
A00501,Applications,1416675,Lost,0.0
A00503,Database,782563,Lost,0.0
A00505,Applications,580147,Closed,0.0
A00506,Security,690633,Lost,0.0
A00507,AI & ML,854154,Lost,0.0
A00510,Database,774148,Won,0.0
A00510,Security,1715216,Lost,0.0
A00512,Analytics & Data,1317775,Won,0.0
A00514,Applications,1696080,Won,0.0
A00516,Analytics & Data,1948835,Won,0.0
A00517,Analytics & Data,1745406,Closed,0.0
A00517,Security,556569,Won,0.0
A00518,AI & ML,3098115,Won,0.0
A00519,Analytics & Data,1167933,Won,0.0
A00519,Integration,445711,Won,0.0
A00520,Database,1146994,Closed,0.0
A00522,Database,702862,Closed,0.0
A00525,Integration,1735244,Won,0.0
A00527,AI & ML,801147,Won,0.0
A00528,Database,625932,Lost,0.0
A00528,Applications,961274,Won,0.0
A00529,Applications,1563226,Won,0.0
A00530,Database,5259431,Lost,0.0
A00531,Analytics & Data,742775,Won,0.0
A00533,AI & ML,1083456,Closed,0.0
A00533,Security,1477748,Lost,0.0
A00534,AI & ML,895349,Lost,0.0
A00535,Analytics & Data,2033141,Lost,0.0
A00538,Analytics & Data,966519,Won,0.0
A00538,Security,564025,Lost,0.0
A00539,Analytics & Data,4749136,Lost,0.0
A00540,Database,497343,Lost,0.0
A00545,Infrastructure,1225392,Lost,0.0
A00546,Analytics & Data,832886,Won,0.0
A00546,AI & ML,290743,Lost,0.0
A00547,Security,414147,Lost,0.0
A00548,Infrastructure,3731085,Lost,0.0
A00548,Analytics & Data,1806972,Lost,0.0
A00551,Database,242393,Won,0.0
A00553,Database,2935638,Won,0.0
A00554,Security,4748595,Lost,0.0
A00556,Security,2616952,Won,0.0
A00558,Database,4728961,Lost,0.0
A00559,Security,892501,Closed,0.0
A00559,Applications,2239279,Lost,0.0
A00561,Security,1093244,Won,0.0
A00564,Infrastructure,3170762,Won,0.0
A00565,Infrastructure,1126230,Lost,0.0
A00565,AI & ML,873638,Closed,0.0
A00572,Applications,396107,Won,0.0
A00574,Security,2120457,Won,0.0
A00574,Applications,848267,Won,0.0
A00575,Database,2553833,Won,0.0
A00576,Security,1131684,Lost,0.0
A00580,Database,1464826,Won,0.0
A00584,Database,1536553,Lost,0.0
A00584,Security,1915927,Closed,0.0
A00585,AI & ML,3058520,Won,0.0
A00586,Database,1259165,Lost,0.0
A00591,Analytics & Data,422255,Won,0.0
A00592,Database,3625963,Lost,0.0
A00593,Database,647034,Won,0.0
A00595,Applications,1088214,Lost,0.0
A00596,Analytics & Data,904127,Lost,0.0
A00598,Infrastructure,4024796,Closed,0.0
A00601,Database,2667923,Lost,0.0
A00602,Database,1135476,Won,0.0
A00604,Database,1994830,Closed,0.0
A00605,Analytics & Data,1166545,Won,0.0
A00605,Integration,3696805,Lost,0.0
A00606,Applications,3294853,Lost,0.0
A00607,Integration,1804080,Lost,0.0
A00609,Security,895921,Won,0.0
A00610,Security,687009,Won,0.0
A00613,Database,1352116,Won,0.0
A00613,Integration,551847,Lost,0.0
A00621,Applications,1296238,Closed,0.0
A00622,Infrastructure,213891,Lost,0.0
A00624,AI & ML,1537147,Won,0.0
A00628,Database,2282872,Closed,0.0
A00628,Security,10000593,Won,0.0
A00628,Applications,334100,Closed,0.0
A00631,Security,2510023,Lost,0.0
A00633,Integration,800246,Closed,0.0
A00634,Infrastructure,2335176,Won,0.0
A00635,Analytics & Data,1840511,Won,0.0
A00636,Database,1222481,Won,0.0
A00640,Analytics & Data,988205,Closed,0.0
A00640,Integration,834796,Lost,0.0
A00642,Applications,798486,Won,0.0
A00644,Analytics & Data,7436631,Lost,0.0
A00644,AI & ML,3313267,Lost,0.0
A00645,Integration,318881,Lost,0.0
A00647,Analytics & Data,2889003,Lost,0.0
A00650,Database,2294088,Lost,0.0
A00650,Analytics & Data,743756,Closed,0.0
A00651,Analytics & Data,1361788,Lost,0.0
A00656,AI & ML,267874,Lost,0.0
A00656,Integration,416034,Lost,0.0
A00661,Infrastructure,1292780,Won,0.0
A00663,AI & ML,2007234,Won,0.0
A00663,Security,3341410,Lost,0.0
A00663,Applications,3351787,Won,0.0
A00664,Applications,9273318,Closed,0.0
A00665,Database,1333515,Closed,0.0
A00665,Security,1855808,Won,0.0
A00668,Analytics & Data,1277782,Won,0.0
A00668,Security,644616,Closed,0.0
A00668,Applications,1721213,Closed,0.0
A00670,Infrastructure,1909786,Lost,0.0
A00671,Security,1832001,Lost,0.0
A00672,Analytics & Data,648489,Lost,0.0
A00674,Database,689460,Won,0.0
A00675,AI & ML,4126187,Won,0.0
A00675,Integration,666224,Lost,0.0
A00677,Analytics & Data,248291,Closed,0.0
A00686,Applications,2044601,Lost,0.0
A00687,Integration,2345756,Closed,0.0
A00689,Infrastructure,957668,Won,0.0
A00690,Integration,4590128,Lost,0.0
A00691,Infrastructure,2211530,Lost,0.0
A00691,Analytics & Data,2060531,Lost,0.0
A00691,Integration,827619,Closed,0.0
A00693,AI & ML,1010468,Won,0.0
A00694,Database,2612443,Lost,0.0
A00695,AI & ML,8051582,Lost,0.0
A00697,AI & ML,5508305,Won,0.0
A00698,AI & ML,2435441,Won,0.0
A00698,Security,498250,Closed,0.0
A00699,Applications,1811758,Closed,0.0
A00701,Infrastructure,274718,Lost,0.0
A00701,Analytics & Data,660627,Lost,0.0
A00701,Applications,3515526,Lost,0.0
A00702,Analytics & Data,1321033,Lost,0.0
A00702,Integration,234334,Won,0.0
A00704,AI & ML,2843928,Lost,0.0
A00706,AI & ML,1398601,Lost,0.0
A00707,Infrastructure,2151530,Won,0.0
A00709,Security,1996224,Won,0.0
A00714,Infrastructure,1324988,Lost,0.0
A00714,Applications,3333664,Lost,0.0
A00717,AI & ML,612787,Won,0.0
A00718,Infrastructure,6344726,Won,0.0
A00718,AI & ML,1737500,Lost,0.0
A00718,Security,786024,Won,0.0
A00718,Applications,3829400,Won,0.0
A00720,Analytics & Data,2585347,Lost,0.0
A00720,AI & ML,1336497,Lost,0.0
A00724,Infrastructure,3569417,Lost,0.0
A00725,Infrastructure,301097,Lost,0.0
A00725,Analytics & Data,861633,Won,0.0
A00726,AI & ML,2682577,Won,0.0
A00727,Infrastructure,2294721,Closed,0.0
A00727,Applications,499860,Won,0.0
A00728,AI & ML,1212452,Won,0.0
A00731,Infrastructure,1145463,Won,0.0
A00731,Analytics & Data,5456231,Lost,0.0
A00731,AI & ML,290258,Won,0.0
A00732,Infrastructure,1018936,Lost,0.0
A00733,Integration,2045352,Lost,0.0
A00736,Infrastructure,1789368,Closed,0.0
A00736,Database,3633655,Won,0.0
A00736,Applications,819389,Won,0.0
A00737,Database,2476536,Lost,0.0
A00738,Infrastructure,3828949,Lost,0.0
A00739,AI & ML,2226721,Won,0.0
A00740,Infrastructure,1571229,Lost,0.0
A00743,AI & ML,1811139,Closed,0.0
A00744,Database,2587647,Won,0.0
A00744,Applications,2669046,Lost,0.0
A00745,AI & ML,1537492,Lost,0.0
A00746,Analytics & Data,1589399,Won,0.0
A00746,Integration,2664580,Lost,0.0
A00749,Security,161701,Won,0.0
A00750,AI & ML,806196,Closed,0.0
A00751,Integration,1025454,Lost,0.0
A00754,Infrastructure,937568,Lost,0.0
A00754,Database,1249218,Closed,0.0
A00755,AI & ML,727777,Lost,0.0
A00759,Analytics & Data,1386640,Lost,0.0
A00760,Database,1394335,Lost,0.0
A00760,AI & ML,5574249,Won,0.0
A00760,Integration,767052,Lost,0.0
A00763,Integration,1559416,Lost,0.0
A00765,Integration,934011,Won,0.0
A00766,Infrastructure,335238,Won,0.0
A00766,AI & ML,695713,Closed,0.0
A00769,Infrastructure,918921,Won,0.0
A00772,Security,370900,Closed,0.0
A00774,Integration,741330,Lost,0.0
A00776,Infrastructure,2410317,Lost,0.0
A00776,Analytics & Data,2116284,Won,0.0
A00776,AI & ML,1306168,Won,0.0
A00776,Applications,903006,Won,0.0
A00777,Security,1129820,Won,0.0
A00778,Infrastructure,605193,Lost,0.0
A00778,AI & ML,3939703,Lost,0.0
A00780,Infrastructure,1656054,Won,0.0
A00780,Integration,1139405,Won,0.0
A00781,AI & ML,2248430,Lost,0.0
A00783,Security,3204689,Lost,0.0
A00784,Infrastructure,1188885,Lost,0.0
A00785,AI & ML,872685,Won,0.0
A00786,Integration,1248640,Won,0.0
A00788,Database,3603896,Won,0.0
A00788,Analytics & Data,1731287,Lost,0.0
A00789,Analytics & Data,7200842,Lost,0.0
A00789,Security,496653,Lost,0.0
A00789,Applications,1880081,Won,0.0
A00791,Infrastructure,8755341,Lost,0.0
A00791,AI & ML,2053151,Closed,0.0
A00792,Integration,397299,Won,0.0
A00793,Database,2916157,Lost,0.0
A00797,Database,1688249,Closed,0.0
A00797,AI & ML,467028,Lost,0.0
A00799,Infrastructure,4608905,Closed,0.0
A00799,Applications,1118039,Won,0.0
A00803,Infrastructure,3224527,Closed,0.0
A00806,Security,612868,Won,0.0
A00808,Database,2055992,Won,0.0
A00809,Database,2433319,Closed,0.0
A00809,AI & ML,900329,Won,0.0
A00813,AI & ML,843531,Lost,0.0
A00813,Security,264217,Lost,0.0
A00814,Infrastructure,3631962,Lost,0.0
A00814,Integration,5095565,Won,0.0
A00815,Database,3026982,Won,0.0
A00818,Integration,2688005,Won,0.0
A00820,Integration,1475592,Won,0.0
A00822,Analytics & Data,1794588,Lost,0.0
A00823,Database,2449951,Lost,0.0
A00824,Analytics & Data,1327704,Lost,0.0
A00824,Integration,6712972,Won,0.0
A00826,Analytics & Data,1048776,Lost,0.0
A00828,Database,166883,Lost,0.0
A00828,Integration,3078035,Won,0.0
A00829,Infrastructure,2283817,Lost,0.0
A00829,Database,2541687,Won,0.0
A00829,AI & ML,1136986,Lost,0.0
A00835,AI & ML,1086287,Won,0.0
A00838,Infrastructure,755841,Lost,0.0
A00839,Database,4044533,Won,0.0
A00840,Infrastructure,2214299,Won,0.0
A00841,Security,897381,Won,0.0
A00843,Infrastructure,3532167,Won,0.0
A00843,Database,552660,Closed,0.0
A00844,Infrastructure,1078058,Closed,0.0
A00844,AI & ML,2067681,Won,0.0
A00845,Analytics & Data,863275,Lost,0.0
A00846,Infrastructure,686263,Closed,0.0
A00846,Analytics & Data,5252167,Lost,0.0
A00846,AI & ML,753423,Won,0.0
A00848,Database,418665,Won,0.0
A00849,Database,745873,Lost,0.0
A00851,AI & ML,3741902,Won,0.0
A00851,Security,778366,Lost,0.0
A00851,Applications,1893772,Won,0.0
A00852,Integration,1666471,Won,0.0
A00854,Applications,555740,Won,0.0
A00855,Database,1295791,Lost,0.0
A00856,Applications,2032645,Won,0.0
A00858,Database,985019,Won,0.0
A00858,Applications,2028109,Closed,0.0
A00859,Database,1452733,Closed,0.0
A00860,Applications,1599487,Won,0.0
A00862,Infrastructure,622894,Lost,0.0
A00864,Security,1413941,Closed,0.0
A00865,Database,2785328,Lost,0.0
A00865,Integration,2395873,Won,0.0
A00866,Database,1082601,Lost,0.0
A00872,Infrastructure,163738,Lost,0.0
A00872,AI & ML,3023203,Lost,0.0
A00873,Infrastructure,2009831,Lost,0.0
A00873,Integration,9575448,Closed,0.0
A00876,Analytics & Data,1184125,Closed,0.0
A00876,Integration,959606,Lost,0.0
A00880,Applications,1355203,Won,0.0
A00882,Infrastructure,507968,Closed,0.0
A00882,AI & ML,1980701,Lost,0.0
A00883,Database,588479,Won,0.0
A00884,Database,1714069,Won,0.0
A00884,Applications,1271492,Closed,0.0
A00885,Applications,561942,Won,0.0
A00888,Security,819751,Won,0.0
A00890,Database,1606422,Lost,0.0
A00892,Analytics & Data,1123545,Won,0.0
A00895,Security,1430140,Lost,0.0
A00896,Analytics & Data,3728773,Won,0.0
A00896,Applications,1495175,Lost,0.0
A00897,Database,5008871,Closed,0.0
A00900,Infrastructure,598450,Closed,0.0
A00900,AI & ML,945048,Won,0.0
A00901,AI & ML,464579,Closed,0.0
A00902,Infrastructure,1121924,Lost,0.0
A00903,Applications,2491091,Lost,0.0
A00904,Infrastructure,2706257,Lost,0.0
A00905,AI & ML,2092880,Lost,0.0
A00907,Analytics & Data,1710537,Lost,0.0
A00908,Infrastructure,1198249,Lost,0.0
A00910,Security,9153105,Won,0.0
A00910,Applications,1952238,Closed,0.0
A00915,Applications,1097425,Closed,0.0
A00916,Infrastructure,645366,Lost,0.0
A00918,Applications,1644471,Won,0.0
A00918,Integration,2064088,Closed,0.0
A00920,Infrastructure,2424148,Lost,0.0
A00923,Database,609826,Closed,0.0
A00923,Analytics & Data,2090781,Closed,0.0
A00926,Security,2358958,Won,0.0
A00927,AI & ML,806352,Won,0.0
A00928,AI & ML,4422320,Won,0.0
A00930,Database,763116,Lost,0.0
A00930,Analytics & Data,659457,Won,0.0
A00931,Infrastructure,2960345,Lost,0.0
A00933,Database,1760623,Won,0.0
A00933,Integration,1309289,Lost,0.0
A00937,Database,1225257,Closed,0.0
A00937,Applications,836335,Closed,0.0
A00940,Analytics & Data,814301,Lost,0.0
A00941,AI & ML,799299,Won,0.0
A00941,Security,639254,Lost,0.0
A00944,Analytics & Data,794150,Closed,0.0
A00945,Applications,1008421,Closed,0.0
A00945,Integration,1434951,Won,0.0
A00946,Security,2372364,Won,0.0
A00948,Infrastructure,1625956,Lost,0.0
A00954,Infrastructure,1029974,Won,0.0
A00955,AI & ML,2963319,Won,0.0
A00955,Integration,1307481,Lost,0.0
A00957,Database,465705,Closed,0.0
A00957,Applications,363058,Won,0.0
A00959,Analytics & Data,820100,Lost,0.0
A00959,AI & ML,1357075,Won,0.0
A00961,Applications,2029120,Won,0.0
A00963,Analytics & Data,1088798,Lost,0.0
A00964,Security,817172,Won,0.0
A00965,Database,490296,Lost,0.0
A00965,Applications,2091135,Lost,0.0
A00966,Integration,4139196,Won,0.0
A00970,Applications,5269829,Lost,0.0
A00973,Applications,4861006,Closed,0.0
A00974,AI & ML,1439347,Lost,0.0
A00974,Applications,1519525,Won,0.0
A00979,Infrastructure,1470567,Won,0.0
A00979,Applications,1386633,Won,0.0
A00980,Applications,2278157,Lost,0.0
A00981,Database,1398980,Closed,0.0
A00981,Integration,1279400,Won,0.0
A00982,Security,1343923,Won,0.0
A00983,AI & ML,1162877,Lost,0.0
A00984,Database,3407588,Lost,0.0
A00985,AI & ML,1520800,Won,0.0
A00987,Infrastructure,635361,Won,0.0
A00988,Applications,732988,Closed,0.0
A00989,Applications,688662,Won,0.0
A00990,AI & ML,2431776,Won,0.0
A00991,AI & ML,710807,Lost,0.0
A00992,Security,933427,Closed,0.0
A00993,Database,580380,Lost,0.0
A00995,Analytics & Data,465368,Won,0.0
A01001,Applications,1091051,Won,0.0
A01002,Analytics & Data,8196968,Lost,0.0
A01002,Security,1682766,Won,0.0
A01005,AI & ML,2448613,Won,0.0
A01006,AI & ML,474717,Lost,0.0
A01010,AI & ML,1891071,Closed,0.0
A01013,Infrastructure,5620157,Lost,0.0
A01013,Analytics & Data,504276,Won,0.0
A01016,Security,672743,Lost,0.0
A01016,Integration,2239891,Won,0.0
A01017,Integration,2396365,Closed,0.0
A01018,Infrastructure,2368618,Lost,0.0
A01023,AI & ML,1417763,Lost,0.0
A01025,Infrastructure,398058,Won,0.0
A01025,Integration,1611560,Closed,0.0
A01026,Analytics & Data,1353595,Closed,0.0
A01027,Applications,886511,Lost,0.0
A01029,AI & ML,709233,Closed,0.0
A01030,Applications,1075579,Lost,0.0
A01031,Database,1301960,Closed,0.0
A01034,AI & ML,2554762,Lost,0.0
A01034,Integration,3042096,Lost,0.0
A01036,Integration,1101155,Won,0.0
A01037,Infrastructure,740111,Lost,0.0
A01037,AI & ML,571011,Won,0.0
A01039,Infrastructure,419433,Closed,0.0
A01040,AI & ML,304414,Won,0.0
A01040,Integration,1470034,Closed,0.0
A01042,Integration,4150999,Lost,0.0
A01043,Database,4445609,Lost,0.0
A01044,Infrastructure,3466046,Lost,0.0
A01044,Applications,1885244,Won,0.0
A01046,Integration,604825,Closed,0.0
A01050,Analytics & Data,1231561,Closed,0.0
A01051,Analytics & Data,4192124,Lost,0.0
A01055,Database,614459,Won,0.0
A01057,Infrastructure,1634771,Won,0.0
A01058,Database,5242780,Lost,0.0
A01060,Infrastructure,7224082,Won,0.0
A01060,Applications,415833,Closed,0.0
A01063,Applications,839589,Won,0.0
A01065,AI & ML,7502007,Won,0.0
A01066,Security,1236529,Won,0.0
A01066,Integration,1346746,Lost,0.0
A01068,Integration,1940502,Won,0.0
A01070,Security,2181037,Lost,0.0
A01072,Analytics & Data,2344930,Closed,0.0
A01073,Applications,687571,Won,0.0
A01073,Integration,3507030,Lost,0.0
A01075,AI & ML,860313,Lost,0.0
A01077,Integration,2460522,Won,0.0
A01079,Infrastructure,2985602,Lost,0.0
A01079,Security,688046,Closed,0.0
A01080,Infrastructure,2930255,Lost,0.0
A01082,Infrastructure,1033273,Won,0.0
A01084,Database,2586125,Lost,0.0
A01085,Database,1173912,Closed,0.0
A01087,Database,289926,Lost,0.0
A01090,Analytics & Data,3593028,Won,0.0
A01093,AI & ML,5413526,Lost,0.0
A01095,Security,803678,Won,0.0
A01095,Integration,1054788,Won,0.0
A01097,AI & ML,2144983,Lost,0.0
A01099,Infrastructure,2065572,Won,0.0
A01099,Applications,1711111,Closed,0.0
A01101,Database,663952,Won,0.0
A01101,AI & ML,4713895,Won,0.0
A01102,AI & ML,4561732,Lost,0.0
A01102,Security,1471453,Closed,0.0
A01103,Applications,824646,Lost,0.0
A01107,Security,2026116,Lost,0.0
A01114,Infrastructure,4331636,Closed,0.0
A01114,Applications,434704,Lost,0.0
A01115,AI & ML,3644245,Closed,0.0
A01116,Infrastructure,1499688,Lost,0.0
A01121,Applications,5343735,Won,0.0
A01122,Database,2974829,Lost,0.0
A01122,Integration,1445875,Won,0.0
A01123,Infrastructure,1028475,Lost,0.0
A01123,Database,666717,Won,0.0
A01125,Database,576909,Won,0.0
A01126,Integration,1473283,Won,0.0
A01127,Analytics & Data,584280,Lost,0.0
A01129,Security,1452648,Lost,0.0
A01132,Infrastructure,1329893,Lost,0.0
A01133,Applications,2016503,Closed,0.0
A01134,Applications,1493067,Lost,0.0
A01135,Security,1035167,Won,0.0
A01137,Integration,452705,Lost,0.0
A01139,Integration,792599,Lost,0.0
A01142,Security,1442268,Lost,0.0
A01144,AI & ML,6454697,Won,0.0
A01144,Integration,649130,Won,0.0
A01146,Infrastructure,865071,Won,0.0
A01147,AI & ML,537523,Lost,0.0
A01147,Applications,4503961,Won,0.0
A01148,Analytics & Data,1355811,Lost,0.0
A01148,Security,1266736,Closed,0.0
A01148,Integration,789861,Lost,0.0
A01149,AI & ML,1616997,Closed,0.0
A01153,Applications,810758,Lost,0.0
A01154,Analytics & Data,2591389,Lost,0.0
A01154,Security,4538216,Closed,0.0
A01155,Database,1953726,Closed,0.0
A01156,AI & ML,3176407,Lost,0.0
A01158,Infrastructure,2858103,Closed,0.0
A01159,Security,1771731,Lost,0.0
A01164,Analytics & Data,796838,Won,0.0
A01167,Analytics & Data,2998210,Closed,0.0
A01168,Applications,2447632,Lost,0.0
A01169,Applications,1320961,Won,0.0
A01173,Infrastructure,3988446,Lost,0.0
A01174,Analytics & Data,1640845,Won,0.0
A01175,Analytics & Data,1241685,Lost,0.0
A01176,Database,435666,Closed,0.0
A01177,Infrastructure,4154391,Won,0.0
A01181,Infrastructure,831820,Lost,0.0
A01181,Database,1448763,Closed,0.0
A01181,Security,2697959,Lost,0.0
A01182,AI & ML,464370,Won,0.0
A01183,Security,4157392,Lost,0.0
A01183,Integration,1836153,Won,0.0
A01187,Security,5369017,Won,0.0
A01188,AI & ML,1970316,Lost,0.0
A01190,Infrastructure,4604530,Lost,0.0
A01190,AI & ML,548834,Closed,0.0
A01192,AI & ML,1813953,Won,0.0
A01194,Analytics & Data,1728328,Lost,0.0
A01194,Integration,3528556,Lost,0.0
A01197,AI & ML,3769528,Won,0.0
A01201,Infrastructure,7342330,Lost,0.0
A01202,Analytics & Data,1403847,Lost,0.0
A01202,Security,6550969,Closed,0.0
A01203,AI & ML,1590094,Won,0.0
A01203,Applications,1673403,Won,0.0
A01204,Analytics & Data,926872,Closed,0.0
A01205,AI & ML,1189055,Closed,0.0
A01206,Security,4203438,Won,0.0
A01207,Analytics & Data,3588937,Lost,0.0
A01208,Infrastructure,3765980,Lost,0.0
A01209,Database,1669893,Won,0.0
A01211,AI & ML,1737244,Lost,0.0
A01214,AI & ML,602520,Lost,0.0
A01216,Integration,153632,Lost,0.0
A01217,Integration,1274724,Closed,0.0
A01220,AI & ML,376556,Closed,0.0
A01220,Integration,1368366,Closed,0.0
A01221,Applications,1060106,Lost,0.0
A01222,Integration,910626,Lost,0.0
A01223,Infrastructure,566262,Closed,0.0
A01223,AI & ML,956234,Closed,0.0
A01224,Applications,995035,Won,0.0
A01225,Infrastructure,1132687,Lost,0.0
A01225,Database,1813192,Lost,0.0
A01225,Applications,2143132,Won,0.0
A01226,Integration,739994,Closed,0.0
A01227,Integration,1692861,Won,0.0
A01229,Analytics & Data,1575797,Lost,0.0
A01232,AI & ML,763420,Lost,0.0
A01233,Infrastructure,864195,Won,0.0
A01233,Database,1563837,Won,0.0
A01235,Infrastructure,715960,Lost,0.0
A01235,Analytics & Data,1572796,Lost,0.0
A01237,Applications,1906106,Closed,0.0
A01238,Analytics & Data,465790,Lost,0.0
A01239,Database,1308718,Won,0.0
A01241,Applications,1930283,Won,0.0
A01241,Integration,1810674,Lost,0.0
A01242,Integration,2152239,Won,0.0
A01244,Integration,1138660,Closed,0.0
A01246,AI & ML,867574,Won,0.0
A01249,Analytics & Data,1553686,Lost,0.0
A01250,Analytics & Data,1902126,Lost,0.0
A01251,Integration,5209404,Lost,0.0
A01252,Analytics & Data,3330726,Won,0.0
A01255,Database,373252,Lost,0.0
A01255,AI & ML,245736,Lost,0.0
A01256,Security,775220,Won,0.0
A01257,Database,2248929,Lost,0.0
A01259,Applications,1324896,Won,0.0
A01260,Database,400260,Lost,0.0
A01262,Infrastructure,3363859,Lost,0.0
A01263,Applications,498014,Closed,0.0
A01264,Analytics & Data,1085517,Won,0.0
A01264,Security,1818535,Lost,0.0
A01265,AI & ML,2121205,Won,0.0
A01266,Applications,1313050,Won,0.0
A01268,Analytics & Data,7731362,Won,0.0
A01269,Security,1268188,Lost,0.0
A01272,Security,614590,Lost,0.0
A01273,Applications,2353887,Won,0.0
A01273,Integration,490667,Lost,0.0
A01274,Security,724313,Won,0.0
A01274,Applications,923303,Lost,0.0
A01275,Infrastructure,6180903,Won,0.0
A01275,Applications,689537,Lost,0.0
A01276,Applications,757691,Lost,0.0
A01278,Integration,899124,Closed,0.0
A01280,AI & ML,495504,Closed,0.0
A01281,Database,354700,Won,0.0
A01281,Analytics & Data,1811825,Closed,0.0
A01285,Security,419862,Lost,0.0
A01286,AI & ML,432376,Lost,0.0
A01287,Integration,3046870,Closed,0.0
A01290,Database,2432401,Closed,0.0
A01291,Infrastructure,2806627,Lost,0.0
A01292,Database,1116945,Won,0.0
A01292,Security,2097694,Lost,0.0
A01293,Analytics & Data,1644244,Won,0.0
A01293,AI & ML,1597108,Won,0.0
A01294,Database,681228,Won,0.0
A01294,Security,439995,Closed,0.0
A01294,Integration,934267,Lost,0.0
A01297,Infrastructure,2020847,Lost,0.0
A01298,Infrastructure,3688659,Won,0.0
A01300,Applications,2426005,Won,0.0
A01300,Integration,522458,Won,0.0
A01301,Database,916896,Won,0.0
A01303,Infrastructure,489929,Won,0.0
A01306,AI & ML,2168022,Won,0.0
A01306,Security,2633370,Closed,0.0
A01310,Applications,714055,Won,0.0
A01312,Integration,1960476,Lost,0.0
A01314,Infrastructure,1352102,Lost,0.0
A01314,Database,3791140,Lost,0.0
A01314,AI & ML,1825498,Won,0.0
A01315,AI & ML,525159,Won,0.0
A01316,Integration,1066316,Won,0.0
A01319,Analytics & Data,345646,Closed,0.0
A01320,AI & ML,1048007,Lost,0.0
A01321,Database,4282905,Lost,0.0
A01323,Integration,1665172,Won,0.0
A01324,Analytics & Data,2081686,Lost,0.0
A01326,Applications,685267,Closed,0.0
A01327,Analytics & Data,1855706,Won,0.0
A01327,Integration,3235639,Closed,0.0
A01331,Integration,3158790,Won,0.0
A01335,Infrastructure,1390919,Won,0.0
A01336,AI & ML,6693777,Won,0.0
A01337,Infrastructure,2888294,Lost,0.0
A01339,Security,2800901,Closed,0.0
A01342,Analytics & Data,1459535,Lost,0.0
A01343,Database,3294535,Won,0.0
A01344,Infrastructure,1572742,Won,0.0
A01345,Infrastructure,777003,Lost,0.0
A01351,Security,1452638,Lost,0.0
A01352,Database,1376427,Lost,0.0
A01354,Applications,1270065,Closed,0.0
A01354,Integration,2040655,Closed,0.0
A01358,Security,7785214,Won,0.0
A01360,Analytics & Data,974274,Closed,0.0
A01361,AI & ML,379733,Lost,0.0
A01361,Applications,321252,Won,0.0
A01362,Infrastructure,927779,Won,0.0
A01366,Integration,1293710,Closed,0.0
A01368,Analytics & Data,1959556,Closed,0.0
A01372,Infrastructure,1191357,Won,0.0
A01372,Integration,1954584,Lost,0.0
A01378,Infrastructure,868661,Won,0.0
A01378,Analytics & Data,1736828,Closed,0.0
A01378,AI & ML,1102386,Closed,0.0
A01380,Infrastructure,1339350,Lost,0.0
A01380,AI & ML,6523501,Lost,0.0
A01382,Database,819620,Lost,0.0
A01390,Infrastructure,2021762,Lost,0.0
A01391,Analytics & Data,615463,Lost,0.0
A01391,Integration,695442,Closed,0.0
A01397,AI & ML,1966808,Won,0.0
A01398,AI & ML,694900,Won,0.0
A01401,Security,1251456,Lost,0.0
A01404,Database,1300539,Won,0.0
A01404,Integration,3266677,Lost,0.0
A01408,Database,1652479,Won,0.0
A01409,Database,1656059,Lost,0.0
A01409,Security,1952210,Lost,0.0
A01413,AI & ML,1734499,Lost,0.0
A01415,Infrastructure,2356393,Won,0.0
A01415,Security,1613452,Won,0.0
A01417,Security,2612279,Closed,0.0
A01417,Integration,433640,Lost,0.0
A01418,Applications,1237418,Lost,0.0
A01418,Integration,1243254,Closed,0.0
A01421,Applications,638444,Closed,0.0
A01424,Infrastructure,5311354,Won,0.0
A01424,Analytics & Data,1107471,Lost,0.0
A01424,Integration,2443102,Won,0.0
A01425,Analytics & Data,1419792,Lost,0.0
A01425,Integration,1532300,Won,0.0
A01427,Security,1568580,Lost,0.0
A01428,Database,1814092,Closed,0.0
A01428,Applications,4208257,Won,0.0
A01431,Analytics & Data,1111166,Won,0.0
A01432,Analytics & Data,1681355,Closed,0.0
A01437,Analytics & Data,1669474,Closed,0.0
A01438,Database,401650,Lost,0.0
A01441,Database,644243,Lost,0.0
A01442,Integration,1101710,Closed,0.0
A01443,Infrastructure,1594972,Won,0.0
A01444,Applications,196808,Closed,0.0
A01445,Integration,1136973,Lost,0.0
A01447,Database,919333,Won,0.0
A01448,Database,1449310,Won,0.0
A01448,Analytics & Data,1114965,Won,0.0
A01448,Integration,865314,Lost,0.0
A01449,Applications,2283680,Won,0.0
A01453,Database,1435163,Lost,0.0
A01453,AI & ML,2286081,Lost,0.0
A01454,Database,3176483,Won,0.0
A01454,Security,3581291,Lost,0.0
A01454,Applications,2922214,Won,0.0
A01456,Infrastructure,380101,Won,0.0
A01456,AI & ML,615531,Closed,0.0
A01456,Integration,5632695,Lost,0.0
A01457,Infrastructure,395204,Won,0.0
A01457,Database,1068623,Lost,0.0
A01459,Database,1017810,Closed,0.0
A01462,Security,1099135,Lost,0.0
A01464,Applications,3123272,Lost,0.0
A01466,Security,2185846,Closed,0.0
A01468,Security,1051715,Won,0.0
A01470,Security,1698490,Lost,0.0
A01470,Applications,671806,Won,0.0
A01471,Infrastructure,1553522,Lost,0.0
A01471,AI & ML,1952980,Lost,0.0
A01473,Applications,1933992,Won,0.0
A01474,Integration,999580,Won,0.0
A01475,Applications,1735677,Won,0.0
A01478,Integration,3004929,Lost,0.0
A01479,Security,1495064,Lost,0.0
A01482,Infrastructure,390892,Won,0.0
A01482,Applications,2857436,Closed,0.0
A01483,Infrastructure,2059438,Closed,0.0
A01483,Analytics & Data,2514825,Closed,0.0
A01484,Infrastructure,874971,Lost,0.0
A01485,AI & ML,1973545,Won,0.0
A01487,Infrastructure,982941,Won,0.0
A01488,Infrastructure,2625287,Won,0.0
A01490,Infrastructure,2498279,Lost,0.0
A01494,Analytics & Data,5540642,Closed,0.0
A01495,AI & ML,2801451,Won,0.0
A01497,Database,696129,Lost,0.0
A01498,AI & ML,1502491,Lost,0.0
A01499,Applications,1500000,Won,0.0
A01501,Applications,575750,Lost,0.0
A01502,Analytics & Data,1240828,Lost,0.0
A01503,Security,905465,Lost,0.0
A01504,Infrastructure,2384533,Won,0.0
A01506,Security,475590,Won,0.0
A01507,Infrastructure,924545,Lost,0.0
A01508,AI & ML,930563,Won,0.0
A01511,AI & ML,1708163,Lost,0.0
A01514,Infrastructure,1910080,Lost,0.0
A01514,Database,972014,Closed,0.0
A01515,Database,1188138,Lost,0.0
A01518,Database,996996,Won,0.0
A01518,Analytics & Data,1734731,Lost,0.0
A01518,AI & ML,507901,Lost,0.0
A01520,Database,3669047,Lost,0.0
A01520,AI & ML,2016394,Won,0.0
A01521,Analytics & Data,2461268,Closed,0.0
A01522,Database,1525825,Won,0.0
A01522,Applications,1007430,Lost,0.0
A01523,Integration,3827654,Lost,0.0
A01525,Integration,2450261,Won,0.0
A01530,Security,628718,Lost,0.0
A01531,Database,2621776,Lost,0.0
A01532,Security,4518970,Closed,0.0
A01534,Integration,820317,Closed,0.0
A01535,Applications,929516,Won,0.0
A01537,Analytics & Data,853014,Lost,0.0
A01537,AI & ML,593866,Won,0.0
A01537,Security,1275250,Lost,0.0
A01538,Database,1818401,Won,0.0
A01538,Analytics & Data,1468381,Lost,0.0
A01540,Security,2816975,Won,0.0
A01541,Infrastructure,596153,Won,0.0
A01542,Database,4735604,Won,0.0
A01544,Applications,770381,Lost,0.0
A01544,Integration,755613,Won,0.0
A01546,Applications,1599036,Lost,0.0
A01548,AI & ML,544231,Lost,0.0
A01548,Integration,3900156,Closed,0.0
A01549,Infrastructure,279691,Lost,0.0
A01554,Database,944627,Won,0.0
A01554,AI & ML,4316587,Won,0.0
A01554,Security,626651,Won,0.0
A01556,Security,3709171,Won,0.0
A01558,Applications,2088948,Won,0.0
A01560,Infrastructure,2128996,Won,0.0
A01562,Database,1839644,Closed,0.0
A01563,Database,2659133,Won,0.0
A01564,Infrastructure,873483,Lost,0.0
A01564,Security,453518,Won,0.0
A01567,Database,3370157,Won,0.0
A01567,Applications,4147312,Closed,0.0
A01568,Applications,937544,Lost,0.0
A01572,Infrastructure,622926,Won,0.0
A01572,Integration,1476831,Lost,0.0
A01573,Database,3988102,Closed,0.0
A01577,Security,2306241,Lost,0.0
A01579,Analytics & Data,4059477,Closed,0.0
A01580,Infrastructure,3936479,Won,0.0
A01580,Database,866000,Closed,0.0
A01580,Security,2000498,Lost,0.0
A01581,Analytics & Data,1490564,Won,0.0
A01581,Security,1114379,Lost,0.0
A01582,Infrastructure,1838425,Lost,0.0
A01583,Applications,2469438,Won,0.0
A01586,Database,711751,Lost,0.0
A01590,Integration,1826446,Lost,0.0
A01595,AI & ML,912529,Won,0.0
A01595,Integration,601354,Won,0.0
A01598,Database,4340605,Lost,0.0
A01599,Infrastructure,2404262,Closed,0.0
A01600,Infrastructure,2021406,Lost,0.0
A01600,Applications,2495130,Closed,0.0
A01601,Security,1276718,Closed,0.0
A01602,Analytics & Data,863165,Lost,0.0
A01602,Security,2879289,Lost,0.0
A01603,Database,1946791,Lost,0.0
A01604,Database,1252968,Lost,0.0
A01605,Analytics & Data,545266,Lost,0.0
A01607,AI & ML,1125313,Won,0.0
A01608,Applications,1665307,Won,0.0
A01609,Database,302759,Closed,0.0
A01610,Database,1840841,Lost,0.0
A01610,Analytics & Data,2886594,Lost,0.0
A01610,Applications,2698798,Lost,0.0
A01613,Integration,779221,Lost,0.0
A01614,AI & ML,1432465,Closed,0.0
A01614,Security,2807269,Closed,0.0
A01614,Applications,866853,Lost,0.0
A01615,Analytics & Data,4643515,Lost,0.0
A01616,Database,1686104,Closed,0.0
A01619,Database,3367061,Closed,0.0
A01620,AI & ML,830620,Closed,0.0
A01620,Applications,1752053,Closed,0.0
A01621,Analytics & Data,4600770,Won,0.0
A01622,Security,1491534,Won,0.0
A01623,Analytics & Data,3183162,Won,0.0
A01624,Infrastructure,266079,Lost,0.0
A01624,Security,1264096,Lost,0.0
A01626,Integration,363966,Closed,0.0
A01628,Integration,484149,Won,0.0
A01629,Infrastructure,998982,Lost,0.0
A01629,Database,4736569,Closed,0.0
A01629,Security,641399,Closed,0.0
A01630,Integration,571311,Lost,0.0
A01635,Security,1964439,Won,0.0
A01639,AI & ML,3421326,Won,0.0
A01640,Applications,1518438,Won,0.0
A01643,Database,1198762,Lost,0.0
A01645,Infrastructure,1365310,Closed,0.0
A01649,Database,2946511,Closed,0.0
A01651,Database,5100622,Lost,0.0
A01651,Integration,2101797,Won,0.0
A01652,Analytics & Data,2271831,Won,0.0
A01653,Database,2138660,Lost,0.0
A01653,AI & ML,1318811,Won,0.0
A01656,Security,3443123,Closed,0.0
A01656,Applications,1575400,Lost,0.0
A01657,AI & ML,821165,Lost,0.0
A01658,Infrastructure,3530766,Won,0.0
A01658,Analytics & Data,526075,Closed,0.0
A01658,Applications,1827759,Closed,0.0
A01660,Infrastructure,1306858,Won,0.0
A01660,AI & ML,3871402,Won,0.0
A01661,Applications,1529220,Lost,0.0
A01663,Integration,945884,Closed,0.0
A01665,Security,1758941,Won,0.0
A01666,AI & ML,940149,Lost,0.0
A01673,Database,900328,Closed,0.0
A01674,Infrastructure,1200405,Lost,0.0
A01676,AI & ML,1440650,Won,0.0
A01677,Security,662926,Won,0.0
A01678,Analytics & Data,285453,Closed,0.0
A01679,AI & ML,1363451,Won,0.0
A01679,Security,2438839,Closed,0.0
A01682,Security,798393,Won,0.0
A01683,Security,2246430,Lost,0.0
A01683,Applications,381134,Won,0.0
A01683,Integration,1544504,Won,0.0
A01688,Infrastructure,2026642,Lost,0.0
A01690,Infrastructure,1162847,Closed,0.0
A01690,AI & ML,2382499,Won,0.0
A01692,Infrastructure,659229,Closed,0.0
A01692,Analytics & Data,1050323,Closed,0.0
A01692,Applications,1184285,Lost,0.0
A01693,AI & ML,3385704,Closed,0.0
A01694,Analytics & Data,1008982,Closed,0.0
A01695,Analytics & Data,468456,Lost,0.0
A01696,AI & ML,1608776,Won,0.0
A01696,Security,1091911,Lost,0.0
A01699,Database,1080533,Lost,0.0
A01702,Security,1852508,Won,0.0
A01703,AI & ML,620695,Won,0.0
A01706,Database,1274460,Won,0.0
A01710,Database,4463696,Closed,0.0
A01710,Integration,770945,Won,0.0
A01711,AI & ML,304780,Won,0.0
A01715,Infrastructure,7708169,Won,0.0
A01715,Security,2679487,Lost,0.0
A01716,Database,568110,Won,0.0
A01717,Infrastructure,2746886,Won,0.0
A01717,AI & ML,2500713,Won,0.0
A01719,Applications,5667603,Lost,0.0
A01722,Infrastructure,234566,Lost,0.0
A01723,Applications,1348802,Closed,0.0
A01724,Security,879484,Closed,0.0
A01726,Security,523839,Won,0.0
A01728,Security,1094865,Won,0.0
A01729,AI & ML,1375462,Won,0.0
A01731,Integration,474789,Lost,0.0
A01732,Security,1229615,Closed,0.0
A01733,Analytics & Data,1602127,Won,0.0
A01735,Analytics & Data,2146742,Lost,0.0
A01736,Security,769139,Won,0.0
A01738,Infrastructure,2095225,Won,0.0
A01738,Database,940269,Lost,0.0
A01738,AI & ML,1966864,Won,0.0
A01744,Analytics & Data,980498,Won,0.0
A01744,AI & ML,1531407,Lost,0.0
A01744,Applications,761748,Won,0.0
A01744,Integration,1306486,Won,0.0
A01745,Analytics & Data,1050965,Won,0.0
A01745,Security,1011007,Closed,0.0
A01746,Infrastructure,7240914,Won,0.0
A01749,Database,1416517,Won,0.0
A01749,Analytics & Data,1345655,Lost,0.0
A01751,Database,271657,Won,0.0
A01753,Analytics & Data,5143305,Won,0.0
A01753,Security,1679795,Won,0.0
A01755,Security,5399113,Closed,0.0
A01757,AI & ML,2323086,Lost,0.0
A01757,Security,1478409,Won,0.0
A01758,AI & ML,1935792,Won,0.0
A01761,AI & ML,4870637,Lost,0.0
A01762,Applications,4173820,Lost,0.0
A01763,Infrastructure,2403872,Lost,0.0
A01763,Applications,1157687,Won,0.0
A01767,AI & ML,4181498,Lost,0.0
A01768,Applications,579927,Closed,0.0
A01768,Integration,1229206,Won,0.0
A01770,AI & ML,713641,Won,0.0
A01771,Applications,1004717,Lost,0.0
A01772,Integration,2165630,Won,0.0
A01773,Database,2357862,Lost,0.0
A01773,Analytics & Data,2625745,Lost,0.0
A01774,AI & ML,1428838,Lost,0.0
A01775,Database,633533,Lost,0.0
A01775,AI & ML,1907063,Lost,0.0
A01776,Database,1085218,Lost,0.0
A01777,Analytics & Data,2104848,Won,0.0
A01778,Analytics & Data,1021808,Closed,0.0
A01778,AI & ML,2580042,Lost,0.0
A01778,Applications,776462,Won,0.0
A01778,Integration,1703846,Lost,0.0
A01779,Integration,724838,Closed,0.0
A01782,Integration,1111570,Lost,0.0
A01784,Security,1229461,Lost,0.0
A01785,Database,1202074,Lost,0.0
A01787,AI & ML,1781696,Won,0.0
A01787,Applications,1669594,Closed,0.0
A01789,Applications,287885,Lost,0.0
A01790,Database,2238868,Won,0.0
A01791,Database,1363715,Won,0.0
A01792,Integration,897215,Won,0.0
A01793,Infrastructure,1635144,Lost,0.0
A01794,AI & ML,687090,Lost,0.0
A01795,Security,1555971,Lost,0.0
A01795,Integration,544184,Closed,0.0
A01796,Integration,230426,Won,0.0
A01798,Integration,3468689,Lost,0.0
A01799,Analytics & Data,2302436,Closed,0.0
A01802,Infrastructure,1595608,Lost,0.0
A01803,Database,2065616,Closed,0.0
A01804,AI & ML,7631376,Won,0.0
A01805,Infrastructure,612361,Won,0.0
A01805,Analytics & Data,3265916,Lost,0.0
A01805,Applications,1539871,Lost,0.0
A01809,Analytics & Data,1575759,Lost,0.0
A01810,Security,1314760,Won,0.0
A01812,Database,1290338,Closed,0.0
A01812,Analytics & Data,1310184,Lost,0.0
A01812,Security,1003025,Lost,0.0
A01812,Integration,1802656,Closed,0.0
A01815,Integration,696028,Closed,0.0
A01817,Security,664637,Won,0.0
A01818,Security,1810798,Lost,0.0
A01818,Applications,762211,Won,0.0
A01820,Analytics & Data,1201324,Lost,0.0
A01822,Infrastructure,198631,Lost,0.0
A01823,Analytics & Data,1843864,Closed,0.0
A01824,Security,1770031,Lost,0.0
A01828,Infrastructure,430917,Lost,0.0
A01828,AI & ML,1760364,Closed,0.0
A01829,Analytics & Data,1224829,Closed,0.0
A01829,AI & ML,2226526,Won,0.0
A01838,Security,1524284,Won,0.0
A01838,Applications,821822,Lost,0.0
A01839,Security,1352056,Closed,0.0
A01839,Applications,903939,Lost,0.0
A01840,Database,2278454,Lost,0.0
A01841,AI & ML,3965175,Lost,0.0
A01841,Integration,1921501,Closed,0.0
A01847,Integration,4086389,Lost,0.0
A01850,AI & ML,675817,Closed,0.0
A01850,Integration,738923,Won,0.0
A01851,Analytics & Data,433324,Lost,0.0
A01855,Database,2091832,Closed,0.0
A01855,AI & ML,1554329,Closed,0.0
A01856,Analytics & Data,1727994,Won,0.0
A01857,AI & ML,1430045,Won,0.0
A01858,Analytics & Data,715334,Lost,0.0
A01858,Integration,765275,Won,0.0
A01859,Database,2706201,Won,0.0
A01859,Security,3229690,Won,0.0
A01862,AI & ML,842039,Won,0.0
A01867,AI & ML,1515901,Closed,0.0
A01868,Analytics & Data,2439481,Lost,0.0
A01869,Applications,1148532,Won,0.0
A01872,Security,5098337,Won,0.0
A01875,Infrastructure,1525555,Lost,0.0
A01878,Security,927329,Closed,0.0
A01878,Applications,494058,Won,0.0
A01878,Integration,575848,Closed,0.0
A01879,Database,1311020,Closed,0.0
A01880,Applications,537888,Closed,0.0
A01884,Infrastructure,3300761,Lost,0.0
A01885,Infrastructure,8020527,Won,0.0
A01887,Security,1129377,Won,0.0
A01888,Applications,3061108,Lost,0.0
A01889,Infrastructure,1554009,Won,0.0
A01890,AI & ML,652430,Won,0.0
A01891,Infrastructure,1634552,Closed,0.0
A01892,Integration,978900,Lost,0.0
A01895,Applications,1150035,Lost,0.0
A01895,Integration,6385091,Won,0.0
A01897,AI & ML,1270412,Lost,0.0
A01903,AI & ML,919096,Closed,0.0
A01905,AI & ML,2258643,Won,0.0
A01909,Applications,7750839,Won,0.0
A01911,Analytics & Data,2905243,Lost,0.0
A01911,AI & ML,1060764,Lost,0.0
A01912,Applications,1347996,Lost,0.0
A01914,Analytics & Data,291785,Closed,0.0
A01916,Analytics & Data,331868,Won,0.0
A01916,AI & ML,1353921,Lost,0.0
A01916,Applications,838118,Lost,0.0
A01917,Applications,1216711,Lost,0.0
A01919,Infrastructure,2133229,Closed,0.0
A01919,Database,854499,Closed,0.0
A01919,Security,860630,Closed,0.0
A01920,Database,916685,Closed,0.0
A01920,Security,3498090,Won,0.0
A01921,Database,327700,Won,0.0
A01921,Applications,1898344,Won,0.0
A01922,Security,2889316,Won,0.0
A01923,Security,1818908,Closed,0.0
A01929,AI & ML,468590,Lost,0.0
A01930,Security,2639578,Lost,0.0
A01935,Integration,526790,Lost,0.0
A01940,Database,5621508,Lost,0.0
A01942,Applications,1834018,Won,0.0
A01946,Analytics & Data,451255,Lost,0.0
A01954,Analytics & Data,1316678,Lost,0.0
A01956,Security,7163336,Lost,0.0
A01957,Analytics & Data,2107793,Closed,0.0
A01957,Applications,1928627,Lost,0.0
A01961,AI & ML,319027,Won,0.0
A01970,Analytics & Data,2789242,Lost,0.0
A01971,Security,916262,Closed,0.0
A01975,AI & ML,2104330,Lost,0.0
A01976,Infrastructure,733562,Lost,0.0
A01976,Database,954663,Lost,0.0
A01978,AI & ML,3273231,Won,0.0
A01979,Security,421379,Won,0.0
A01979,Applications,1602060,Lost,0.0
A01979,Integration,659773,Lost,0.0
A01980,AI & ML,1129293,Closed,0.0
A01980,Security,2670714,Lost,0.0
A01981,Applications,2620683,Lost,0.0
A01985,Applications,2686786,Won,0.0
A01986,Integration,3914072,Closed,0.0
A01988,Database,886761,Lost,0.0
A01988,Applications,616658,Lost,0.0
A01989,Integration,6795354,Closed,0.0
A01990,Database,2168833,Closed,0.0
A01990,Security,586101,Closed,0.0
A01991,Database,791393,Lost,0.0
A01993,Infrastructure,301686,Lost,0.0
A01993,Database,773953,Closed,0.0
A01995,Infrastructure,1399223,Won,0.0
A01995,Analytics & Data,977756,Won,0.0
A01995,AI & ML,779975,Won,0.0
A01995,Integration,806515,Won,0.0
A01999,Analytics & Data,2619302,Closed,0.0
A02000,Database,1495318,Lost,0.0
A02005,Database,331342,Closed,0.0
A02005,Security,679952,Closed,0.0
A02007,Security,4641267,Won,0.0
A02008,Database,771344,Closed,0.0
A02013,Infrastructure,868151,Lost,0.0
A02013,Security,1852123,Won,0.0
A02014,Infrastructure,3193849,Closed,0.0
A02014,Integration,3890182,Closed,0.0
A02015,Security,8114698,Lost,0.0
A02016,Infrastructure,1096586,Won,0.0
A02016,Analytics & Data,827129,Lost,0.0
A02016,Applications,2149892,Won,0.0
A02017,Analytics & Data,5632253,Won,0.0
A02018,Infrastructure,897552,Closed,0.0
A02019,Security,5205971,Lost,0.0
A02023,Database,2858385,Closed,0.0
A02025,Database,1247901,Won,0.0
A02026,Security,4734231,Lost,0.0
A02027,Applications,645541,Closed,0.0
A02029,Database,939394,Lost,0.0
A02029,Analytics & Data,1399994,Won,0.0
A02029,Applications,3743082,Closed,0.0
A02031,AI & ML,6043739,Won,0.0
A02031,Security,658317,Lost,0.0
A02033,Security,1357289,Won,0.0
A02036,Database,2985828,Won,0.0
A02037,AI & ML,1114670,Won,0.0
A02037,Integration,2433192,Lost,0.0
A02041,Integration,1627004,Lost,0.0
A02042,Security,449641,Lost,0.0
A02046,AI & ML,713504,Won,0.0
A02046,Applications,419531,Closed,0.0
A02048,Infrastructure,2518203,Won,0.0
A02050,AI & ML,2019144,Won,0.0
A02053,Security,2069040,Lost,0.0
A02054,Integration,1569032,Lost,0.0
A02056,Analytics & Data,452172,Closed,0.0
A02056,AI & ML,1003853,Won,0.0
A02057,AI & ML,656827,Closed,0.0
A02062,Database,1057875,Lost,0.0
A02065,Database,1443407,Won,0.0
A02066,Infrastructure,713837,Won,0.0
A02067,Analytics & Data,2096417,Closed,0.0
A02069,Analytics & Data,593109,Lost,0.0
A02069,Applications,1228018,Closed,0.0
A02069,Integration,6001009,Lost,0.0
A02070,Applications,1583546,Won,0.0
A02071,Infrastructure,5001088,Won,0.0
A02072,Database,1544839,Closed,0.0
A02072,Applications,1454865,Closed,0.0
A02075,Infrastructure,4112111,Closed,0.0
A02078,Applications,1347882,Won,0.0
A02079,Analytics & Data,1148923,Won,0.0
A02079,Security,881122,Won,0.0
A02079,Integration,1836817,Won,0.0
A02080,Integration,1656795,Won,0.0
A02081,Database,8902892,Won,0.0
A02083,Database,677068,Lost,0.0
A02083,Integration,870587,Won,0.0
A02084,Infrastructure,679638,Lost,0.0
A02085,Database,5878555,Won,0.0
A02085,AI & ML,4848375,Lost,0.0
A02085,Applications,4976351,Won,0.0
A02086,Infrastructure,951112,Closed,0.0
A02086,Database,3083228,Lost,0.0
A02086,Applications,1399526,Lost,0.0
A02087,Analytics & Data,298391,Closed,0.0
A02087,AI & ML,1443767,Lost,0.0
A02088,Database,765806,Won,0.0
A02089,Integration,1298353,Lost,0.0
A02090,Database,2429313,Won,0.0
A02091,Security,1568370,Lost,0.0
A02092,Analytics & Data,1179188,Closed,0.0
A02092,Applications,2024676,Won,0.0
A02096,Analytics & Data,3884696,Lost,0.0
A02096,Security,758592,Closed,0.0
A02097,Database,1199988,Lost,0.0
A02102,Infrastructure,3887126,Won,0.0
A02102,AI & ML,968557,Won,0.0
A02103,AI & ML,3205045,Closed,0.0
A02104,Infrastructure,1165585,Won,0.0
A02106,Security,1100311,Won,0.0
A02107,Integration,1686581,Closed,0.0
A02108,Database,2442752,Lost,0.0
A02110,Infrastructure,2915712,Lost,0.0
A02110,Integration,1279111,Lost,0.0
A02114,AI & ML,3148275,Won,0.0
A02114,Applications,602828,Closed,0.0
A02115,AI & ML,3077982,Won,0.0
A02115,Security,645181,Closed,0.0
A02115,Applications,735978,Lost,0.0
A02117,Applications,1556872,Won,0.0
A02118,Infrastructure,678241,Lost,0.0
A02118,Applications,674885,Won,0.0
A02118,Integration,273427,Won,0.0
A02119,Analytics & Data,1677106,Closed,0.0
A02120,Infrastructure,2229887,Won,0.0
A02123,Infrastructure,1847426,Lost,0.0
A02124,Integration,10719447,Won,0.0
A02126,Infrastructure,1792862,Won,0.0
A02126,Integration,846606,Won,0.0
A02127,Security,4985297,Lost,0.0
A02131,Security,776385,Lost,0.0
A02132,Database,1775591,Lost,0.0
A02132,Integration,4007333,Closed,0.0
A02134,Integration,1524722,Won,0.0
A02135,Infrastructure,3820899,Won,0.0
A02136,Analytics & Data,1454811,Lost,0.0
A02136,Security,4506567,Lost,0.0
A02137,Analytics & Data,1047594,Won,0.0
A02137,AI & ML,746459,Closed,0.0
A02137,Integration,896271,Closed,0.0
A02138,Analytics & Data,539108,Lost,0.0
A02138,AI & ML,3015982,Lost,0.0
A02139,Database,2453009,Won,0.0
A02140,Applications,1003435,Lost,0.0
A02142,AI & ML,818722,Won,0.0
A02142,Integration,3613718,Lost,0.0
A02143,Analytics & Data,490436,Lost,0.0
A02143,Integration,2246728,Closed,0.0
A02144,Integration,922226,Won,0.0
A02146,Integration,2492515,Won,0.0
A02154,Infrastructure,814230,Won,0.0
A02154,Integration,943319,Lost,0.0
A02156,Infrastructure,495736,Lost,0.0
A02158,Infrastructure,3185668,Won,0.0
A02159,Database,3655547,Lost,0.0
A02161,Applications,239735,Closed,0.0
A02162,Integration,2869897,Lost,0.0
A02164,Integration,1670359,Won,0.0
A02166,Applications,2339693,Lost,0.0
A02168,Analytics & Data,1554481,Won,0.0
A02170,AI & ML,503456,Lost,0.0
A02171,Infrastructure,1056985,Lost,0.0
A02171,Security,2210308,Won,0.0
A02171,Integration,327741,Closed,0.0
A02174,Applications,612682,Lost,0.0
A02175,Infrastructure,1378025,Won,0.0
A02175,Security,8422372,Lost,0.0
A02176,Applications,881444,Lost,0.0
A02177,AI & ML,978506,Lost,0.0
A02180,Database,891468,Won,0.0
A02182,AI & ML,1913550,Won,0.0
A02183,Infrastructure,2950855,Closed,0.0
A02183,Database,789807,Won,0.0
A02183,Security,2251043,Lost,0.0
A02184,Applications,1319131,Won,0.0
A02185,AI & ML,771662,Won,0.0
A02186,Security,2225330,Won,0.0
A02187,Security,369791,Closed,0.0
A02188,Infrastructure,1856435,Lost,0.0
A02188,Database,1605664,Closed,0.0
A02189,Infrastructure,479963,Lost,0.0
A02190,Infrastructure,617980,Won,0.0
A02190,Applications,879261,Lost,0.0
A02193,Analytics & Data,1494995,Lost,0.0
A02193,Applications,1582944,Lost,0.0
A02195,AI & ML,838056,Lost,0.0
A02196,Analytics & Data,765473,Lost,0.0
A02196,Security,821014,Lost,0.0
A02197,Integration,1695278,Lost,0.0
A02201,Security,946955,Lost,0.0
A02202,Analytics & Data,1349242,Won,0.0
A02202,Applications,871929,Won,0.0
A02208,Database,1920307,Lost,0.0
A02211,Security,3013928,Won,0.0
A02213,Applications,1836846,Won,0.0
A02213,Integration,2366376,Lost,0.0
A02215,Analytics & Data,3579760,Closed,0.0
A02217,Integration,793725,Won,0.0
A02218,Security,2762916,Won,0.0
A02220,Analytics & Data,1398899,Won,0.0
A02221,AI & ML,2746894,Won,0.0
A02222,Database,1291901,Won,0.0
A02226,Infrastructure,1578511,Won,0.0
A02227,Database,3247918,Closed,0.0
A02228,Security,338458,Won,0.0
A02229,Analytics & Data,1230077,Lost,0.0
A02230,Applications,2182586,Won,0.0
A02231,AI & ML,1567178,Lost,0.0
A02234,Infrastructure,603303,Lost,0.0
A02240,AI & ML,889006,Closed,0.0
A02240,Security,620786,Won,0.0
A02243,Integration,808019,Won,0.0
A02247,AI & ML,2995833,Closed,0.0
A02250,AI & ML,1997814,Closed,0.0
A02251,Analytics & Data,1701168,Won,0.0
A02254,Infrastructure,428097,Won,0.0
A02254,Database,4320394,Lost,0.0
A02254,Applications,4792551,Won,0.0
A02256,Analytics & Data,3546595,Lost,0.0
A02256,AI & ML,640959,Lost,0.0
A02257,Infrastructure,1533690,Won,0.0
A02259,Database,859865,Won,0.0
A02260,Applications,1604711,Won,0.0
A02262,Database,2029313,Lost,0.0
A02262,Analytics & Data,1639989,Lost,0.0
A02262,Applications,1122303,Lost,0.0
A02269,Database,6232219,Closed,0.0
A02270,Database,1094365,Closed,0.0
A02271,Infrastructure,1776889,Lost,0.0
A02272,Analytics & Data,4208775,Closed,0.0
A02275,Infrastructure,1871862,Won,0.0
A02276,AI & ML,660511,Lost,0.0
A02277,Integration,3355054,Lost,0.0
A02280,AI & ML,3620466,Won,0.0
A02284,Analytics & Data,1399819,Won,0.0
A02289,Analytics & Data,1779376,Lost,0.0
A02290,AI & ML,2182525,Closed,0.0
A02292,AI & ML,995543,Closed,0.0
A02299,Analytics & Data,541318,Lost,0.0
A02299,AI & ML,516149,Closed,0.0
A02300,Applications,655519,Won,0.0
A02301,Database,1476443,Lost,0.0
A02304,Database,688487,Closed,0.0
A02306,Integration,914825,Lost,0.0
A02308,Infrastructure,2500366,Won,0.0
A02308,Security,834209,Closed,0.0
A02308,Applications,1002079,Won,0.0
A02311,Integration,8505383,Lost,0.0
A02313,Database,2824915,Lost,0.0
A02313,Applications,2666315,Won,0.0
A02318,AI & ML,338609,Won,0.0
A02326,Analytics & Data,1138683,Won,0.0
A02326,Security,2407307,Won,0.0
A02327,Analytics & Data,635990,Lost,0.0
A02327,Integration,3968851,Lost,0.0
A02329,Analytics & Data,519016,Lost,0.0
A02332,Infrastructure,554727,Lost,0.0
A02334,Infrastructure,2589734,Won,0.0
A02334,Applications,260166,Lost,0.0
A02337,Infrastructure,6649718,Won,0.0
A02337,Database,3452473,Won,0.0
A02340,AI & ML,2044764,Won,0.0
A02341,Infrastructure,1986881,Won,0.0
A02341,Database,3991296,Closed,0.0
A02341,AI & ML,1073243,Lost,0.0
A02342,Integration,2164341,Lost,0.0
A02343,Applications,2623494,Lost,0.0
A02344,AI & ML,3349686,Lost,0.0
A02345,Infrastructure,1489720,Lost,0.0
A02345,Analytics & Data,1035505,Closed,0.0
A02346,AI & ML,1206837,Won,0.0
A02346,Applications,1050058,Closed,0.0
A02347,Database,5166474,Won,0.0
A02347,Analytics & Data,365222,Lost,0.0
A02349,Infrastructure,574720,Lost,0.0
A02349,Security,1823621,Closed,0.0
A02350,Database,1836427,Closed,0.0
A02352,Applications,1159260,Won,0.0
A02352,Integration,1881317,Closed,0.0
A02353,Analytics & Data,2040447,Lost,0.0
A02355,AI & ML,2082312,Closed,0.0
A02358,Analytics & Data,1678663,Closed,0.0
A02359,AI & ML,297344,Won,0.0
A02360,Security,3230761,Lost,0.0
A02363,Security,972674,Won,0.0
A02364,Applications,4199254,Lost,0.0
A02365,Infrastructure,2524345,Won,0.0
A02366,Infrastructure,3862698,Won,0.0
A02366,Integration,2756067,Closed,0.0
A02368,Integration,1199931,Closed,0.0
A02369,Integration,892519,Lost,0.0
A02371,Applications,241075,Closed,0.0
A02372,Database,926776,Closed,0.0
A02372,Applications,2849637,Won,0.0
A02374,AI & ML,2777313,Won,0.0
A02381,Infrastructure,1309374,Won,0.0
A02386,Infrastructure,8883497,Lost,0.0
A02387,Security,789080,Won,0.0
A02389,Database,499453,Won,0.0
A02390,Database,1126186,Closed,0.0
A02391,AI & ML,766134,Won,0.0
A02393,AI & ML,401896,Won,0.0
A02394,AI & ML,1173902,Won,0.0
A02394,Integration,297728,Closed,0.0
A02397,Analytics & Data,2057557,Lost,0.0
A02401,Infrastructure,942898,Lost,0.0
A02404,Analytics & Data,1022794,Lost,0.0
A02406,Database,2727749,Won,0.0
A02412,Infrastructure,436830,Won,0.0
A02414,Infrastructure,980306,Closed,0.0
A02415,Analytics & Data,5647740,Lost,0.0
A02416,Analytics & Data,902677,Closed,0.0
A02416,Applications,672352,Lost,0.0
A02416,Integration,1143144,Lost,0.0
A02417,Integration,2112127,Lost,0.0
A02419,Analytics & Data,331288,Closed,0.0
A02420,AI & ML,4482331,Closed,0.0
A02421,Infrastructure,599000,Lost,0.0
A02421,Analytics & Data,4129706,Won,0.0
A02422,AI & ML,640464,Closed,0.0
A02424,Applications,1516405,Won,0.0
A02426,Applications,1118450,Closed,0.0
A02427,AI & ML,2410080,Won,0.0
A02428,Analytics & Data,485850,Won,0.0
A02429,Database,1418540,Won,0.0
A02429,Applications,540961,Lost,0.0
A02430,Infrastructure,961364,Closed,0.0
A02431,Analytics & Data,1472439,Won,0.0
A02433,Database,3119075,Won,0.0
A02434,Analytics & Data,2067343,Won,0.0
A02435,Integration,426727,Lost,0.0
A02438,AI & ML,495309,Won,0.0
A02440,Infrastructure,1008702,Won,0.0
A02440,Integration,1657364,Lost,0.0
A02444,Analytics & Data,5267094,Won,0.0
A02446,Security,242291,Lost,0.0
A02448,Security,1393235,Lost,0.0
A02452,Analytics & Data,1622236,Won,0.0
A02453,Infrastructure,1515691,Lost,0.0
A02453,Database,3522865,Closed,0.0
A02453,AI & ML,3913546,Lost,0.0
A02454,Security,1159492,Lost,0.0
A02458,Integration,2297907,Won,0.0
A02460,Infrastructure,957688,Closed,0.0
A02460,Security,1184804,Lost,0.0
A02461,AI & ML,4956983,Won,0.0
A02464,Integration,2712631,Won,0.0
A02465,Database,1355726,Won,0.0
A02465,Applications,168437,Lost,0.0
A02466,Integration,3794683,Closed,0.0
A02467,Infrastructure,531446,Lost,0.0
A02468,Infrastructure,1085310,Won,0.0
A02468,Applications,1115131,Won,0.0
A02468,Integration,787293,Lost,0.0
A02470,Integration,927016,Won,0.0
A02471,Analytics & Data,1032724,Lost,0.0
A02472,Applications,1304422,Won,0.0
A02477,Database,2528513,Closed,0.0
A02478,Database,945069,Lost,0.0
A02479,Integration,2101038,Lost,0.0
A02486,Analytics & Data,2740214,Won,0.0
A02487,Infrastructure,890654,Lost,0.0
A02488,Security,2340904,Lost,0.0
A02489,Database,4920278,Won,0.0
A02491,Integration,682419,Lost,0.0
A02493,AI & ML,669084,Won,0.0
A02493,Integration,864672,Won,0.0
A02494,AI & ML,3293071,Won,0.0
A02498,Security,3639773,Won,0.0
A02499,Infrastructure,4049067,Won,0.0
A02499,Analytics & Data,562921,Lost,0.0
A02499,AI & ML,545382,Won,0.0
A02500,AI & ML,1436819,Lost,0.0
A02500,Applications,1232133,Won,0.0
A02503,Infrastructure,1240488,Lost,0.0
A02504,Applications,831971,Lost,0.0
A02505,Analytics & Data,512919,Won,0.0
A02509,Infrastructure,3459045,Won,0.0
A02510,Integration,1947503,Lost,0.0
A02512,Database,783670,Lost,0.0
A02512,Applications,1104800,Lost,0.0
A02514,Infrastructure,1709618,Won,0.0
A02514,Applications,1033108,Lost,0.0
A02515,Integration,925312,Closed,0.0
A02516,Database,755547,Closed,0.0
A02518,AI & ML,1427163,Lost,0.0
A02518,Integration,946436,Won,0.0
A02519,Database,2666728,Lost,0.0
A02519,Integration,1360287,Won,0.0
A02524,Analytics & Data,508054,Lost,0.0
A02524,AI & ML,1179675,Closed,0.0
A02525,Infrastructure,761525,Won,0.0
A02526,Analytics & Data,1043879,Lost,0.0
A02526,Applications,2015090,Lost,0.0
A02528,AI & ML,763584,Won,0.0
A02529,AI & ML,1917964,Lost,0.0
A02529,Integration,1484650,Lost,0.0
A02531,AI & ML,1196140,Lost,0.0
A02531,Integration,5504258,Closed,0.0
A02532,Database,870529,Closed,0.0
A02532,Security,885980,Lost,0.0
A02535,Analytics & Data,360108,Won,0.0
A02535,Applications,2092075,Won,0.0
A02535,Integration,3712844,Won,0.0
A02538,Applications,1165096,Closed,0.0
A02540,Security,1268942,Won,0.0
A02541,Analytics & Data,1599051,Closed,0.0
A02542,Applications,3057663,Won,0.0
A02543,Analytics & Data,813104,Closed,0.0
A02544,Database,1291071,Lost,0.0
A02544,Security,2079325,Lost,0.0
A02544,Applications,2498835,Won,0.0
A02545,Database,485749,Lost,0.0
A02547,Database,2459876,Won,0.0
A02547,AI & ML,2514050,Won,0.0
A02547,Security,4103664,Lost,0.0
A02547,Integration,876929,Lost,0.0
A02548,Database,544659,Won,0.0
A02548,Security,1993778,Lost,0.0
A02548,Integration,1910843,Lost,0.0
A02549,Analytics & Data,3021521,Won,0.0
A02552,Infrastructure,1222216,Lost,0.0
A02555,Integration,1278078,Won,0.0
A02557,Security,2076254,Lost,0.0
A02560,Analytics & Data,909835,Closed,0.0
A02562,Database,1599257,Won,0.0
A02563,Applications,1019239,Won,0.0
A02565,Infrastructure,808430,Won,0.0
A02566,Analytics & Data,886272,Won,0.0
A02566,Security,2212662,Closed,0.0
A02566,Integration,3409627,Won,0.0
A02567,Infrastructure,2118092,Lost,0.0
A02567,Integration,1137437,Closed,0.0
A02568,AI & ML,7179293,Won,0.0
A02569,Database,321978,Won,0.0
A02572,AI & ML,1457448,Won,0.0
A02573,Integration,829817,Won,0.0
A02574,Infrastructure,413228,Lost,0.0
A02574,AI & ML,734162,Lost,0.0
A02576,Database,1110746,Lost,0.0
A02578,AI & ML,1611709,Lost,0.0
A02578,Integration,1114396,Won,0.0
A02582,Applications,3964401,Won,0.0
A02584,Applications,2294745,Won,0.0
A02585,Infrastructure,2372686,Lost,0.0
A02587,Integration,2134811,Lost,0.0
A02588,Applications,2330090,Closed,0.0
A02591,Analytics & Data,2372863,Closed,0.0
A02594,Analytics & Data,2355240,Lost,0.0
A02596,Analytics & Data,4021857,Lost,0.0
A02597,AI & ML,1898879,Won,0.0
A02598,Infrastructure,1394201,Lost,0.0
A02600,Applications,888803,Won,0.0
A02602,Security,1072162,Closed,0.0
A02603,Infrastructure,1001720,Lost,0.0
A02603,AI & ML,980944,Closed,0.0
A02610,Integration,329620,Closed,0.0
A02612,AI & ML,1660177,Won,0.0
A02612,Security,540958,Won,0.0
A02615,Applications,1477050,Lost,0.0
A02617,Security,2153030,Lost,0.0
A02618,AI & ML,7253492,Won,0.0
A02623,AI & ML,294269,Lost,0.0
A02628,Applications,1093638,Won,0.0
A02629,Integration,1286062,Won,0.0
A02631,Applications,1828985,Lost,0.0
A02634,Database,349991,Won,0.0
A02637,AI & ML,417408,Lost,0.0
A02639,Analytics & Data,1036370,Won,0.0
A02641,Infrastructure,1908988,Lost,0.0
A02642,AI & ML,2885726,Lost,0.0
A02644,AI & ML,1083300,Won,0.0
A02645,AI & ML,1311575,Won,0.0
A02646,Security,599668,Won,0.0
A02646,Applications,837491,Lost,0.0
A02647,Security,1489501,Lost,0.0
A02649,AI & ML,732779,Lost,0.0
A02650,Security,2860160,Closed,0.0
A02651,Infrastructure,1135205,Lost,0.0
A02653,AI & ML,2130018,Lost,0.0
A02654,Analytics & Data,499205,Won,0.0
A02655,Database,1423003,Won,0.0
A02656,Infrastructure,913958,Won,0.0
A02656,Security,1071610,Won,0.0
A02658,Security,686870,Lost,0.0
A02661,Analytics & Data,2998189,Closed,0.0
A02662,AI & ML,2868099,Closed,0.0
A02662,Applications,946311,Won,0.0
A02664,Infrastructure,1868473,Won,0.0
A02664,Database,1221305,Closed,0.0
A02666,Analytics & Data,1144858,Won,0.0
A02667,Database,510741,Won,0.0
A02668,Analytics & Data,687901,Closed,0.0
A02669,Analytics & Data,1287321,Lost,0.0
A02670,Analytics & Data,2767611,Won,0.0
A02670,AI & ML,2442401,Lost,0.0
A02670,Security,1604123,Won,0.0
A02672,Integration,2134629,Closed,0.0
A02675,Security,825188,Won,0.0
A02677,Infrastructure,819416,Lost,0.0
A02677,Security,565290,Closed,0.0
A02678,Analytics & Data,3909094,Lost,0.0
A02679,AI & ML,679884,Won,0.0
A02683,Database,2886631,Closed,0.0
A02683,Integration,1813612,Lost,0.0
A02685,Infrastructure,1320529,Lost,0.0
A02685,Applications,1693770,Won,0.0
A02686,Infrastructure,961168,Won,0.0
A02690,Integration,1031484,Won,0.0
A02691,Security,1744382,Won,0.0
A02691,Applications,5600805,Lost,0.0
A02692,Database,313203,Lost,0.0
A02695,Infrastructure,1667960,Lost,0.0
A02695,Security,1581989,Lost,0.0
A02697,Database,2946159,Won,0.0
A02698,Infrastructure,631948,Lost,0.0
A02698,Applications,1767932,Won,0.0
A02699,Security,1574951,Closed,0.0
A02702,Applications,755836,Lost,0.0
A02703,Database,1023179,Closed,0.0
A02703,Analytics & Data,2912220,Won,0.0
A02704,Database,396678,Closed,0.0
A02705,Analytics & Data,667712,Won,0.0
A02709,Database,1232398,Lost,0.0
A02710,Database,1068128,Won,0.0
A02712,Database,2045179,Won,0.0
A02713,Integration,2087010,Lost,0.0
A02716,Database,2527665,Lost,0.0
A02719,Analytics & Data,1221139,Closed,0.0
A02722,Integration,461829,Lost,0.0
A02723,Analytics & Data,965169,Lost,0.0
A02723,Integration,726235,Lost,0.0
A02724,AI & ML,1848329,Won,0.0
A02726,Database,622882,Lost,0.0
A02726,Applications,1935764,Lost,0.0
A02727,Applications,967982,Lost,0.0
A02730,Database,4640851,Won,0.0
A02731,Infrastructure,2256249,Lost,0.0
A02733,Security,5832369,Lost,0.0
A02734,Infrastructure,764354,Won,0.0
A02734,Database,2053540,Lost,0.0
A02735,Analytics & Data,1318931,Won,0.0
A02735,Applications,1894822,Won,0.0
A02736,Infrastructure,1273228,Closed,0.0
A02736,Analytics & Data,1700029,Closed,0.0
A02736,Security,2426517,Lost,0.0
A02739,Integration,652508,Won,0.0
A02740,Analytics & Data,524485,Lost,0.0
A02741,Database,1777034,Won,0.0
A02741,Integration,1060078,Lost,0.0
A02744,Infrastructure,2468286,Lost,0.0
A02747,Infrastructure,682672,Won,0.0
A02747,AI & ML,230512,Won,0.0
A02748,Integration,381345,Closed,0.0
A02749,Analytics & Data,2831212,Closed,0.0
A02750,Security,2330814,Lost,0.0
A02751,Database,274433,Lost,0.0
A02752,Analytics & Data,4812845,Closed,0.0
A02753,Infrastructure,1715195,Won,0.0
A02755,Infrastructure,6292606,Closed,0.0
A02757,AI & ML,1231072,Closed,0.0
A02758,Integration,1701235,Lost,0.0
A02759,Infrastructure,1412539,Won,0.0
A02759,Database,561849,Lost,0.0
A02760,AI & ML,3993660,Closed,0.0
A02761,Database,1281903,Closed,0.0
A02762,Database,5680886,Closed,0.0
A02762,Applications,712555,Closed,0.0
A02764,Infrastructure,378763,Lost,0.0
A02764,Applications,754240,Won,0.0
A02765,Analytics & Data,1746702,Won,0.0
A02765,Integration,3891034,Lost,0.0
A02766,Infrastructure,2230660,Closed,0.0
A02767,Applications,4035312,Won,0.0
A02768,Infrastructure,2443243,Won,0.0
A02769,Analytics & Data,1482850,Won,0.0
A02772,Integration,883445,Lost,0.0
A02773,Database,1022294,Won,0.0
A02774,Applications,1637744,Won,0.0
A02775,Infrastructure,1996232,Closed,0.0
A02775,Security,1539579,Lost,0.0
A02775,Integration,1522283,Won,0.0
A02778,AI & ML,1293769,Lost,0.0
A02779,Analytics & Data,439208,Lost,0.0
A02779,Security,2043518,Closed,0.0
A02781,Security,6924564,Won,0.0
A02784,Security,1465461,Closed,0.0
A02785,Integration,2183037,Won,0.0
A02786,Infrastructure,3245520,Closed,0.0
A02786,Analytics & Data,320228,Closed,0.0
A02787,Security,2439679,Won,0.0
A02789,AI & ML,1953520,Lost,0.0
A02790,Security,625453,Won,0.0
A02797,Applications,2129717,Lost,0.0
A02798,Analytics & Data,2333703,Won,0.0
A02798,Security,1222207,Lost,0.0
A02798,Integration,983915,Lost,0.0
A02799,AI & ML,3927355,Won,0.0
A02799,Security,1005438,Lost,0.0
A02800,Database,2697767,Lost,0.0
A02801,Analytics & Data,3900173,Won,0.0
A02801,AI & ML,839013,Lost,0.0
A02802,Database,1202459,Lost,0.0
A02803,Security,1513258,Lost,0.0
A02804,Integration,1161934,Won,0.0
A02805,Analytics & Data,3955950,Lost,0.0
A02805,Integration,749922,Lost,0.0
A02808,Infrastructure,893272,Lost,0.0
A02810,Analytics & Data,1611443,Lost,0.0
A02810,Integration,1217001,Lost,0.0
A02811,Infrastructure,1576880,Lost,0.0
A02811,Security,620991,Won,0.0
A02812,Integration,734256,Won,0.0
A02814,Infrastructure,1737877,Won,0.0
A02815,Analytics & Data,976697,Lost,0.0
A02815,Security,1725460,Lost,0.0
A02817,Applications,1600584,Won,0.0
A02820,Infrastructure,3252311,Won,0.0
A02821,AI & ML,679544,Lost,0.0
A02822,Security,6509386,Closed,0.0
A02823,Database,3513181,Won,0.0
A02825,Integration,979991,Won,0.0
A02826,Database,5799585,Closed,0.0
A02828,Infrastructure,951215,Closed,0.0
A02829,Security,1248819,Lost,0.0
A02830,AI & ML,731086,Won,0.0
A02832,Analytics & Data,2542701,Won,0.0
A02832,Applications,1767186,Won,0.0
A02836,Analytics & Data,2273447,Lost,0.0
A02839,Applications,989386,Lost,0.0
A02839,Integration,1630368,Lost,0.0
A02841,Security,412275,Lost,0.0
A02841,Applications,292333,Closed,0.0
A02842,Integration,470479,Lost,0.0
A02847,Infrastructure,564091,Lost,0.0
A02847,Integration,628975,Won,0.0
A02848,Applications,316903,Lost,0.0
A02850,Analytics & Data,1437103,Lost,0.0
A02852,Analytics & Data,749803,Lost,0.0
A02857,Applications,698932,Lost,0.0
A02858,Applications,716312,Lost,0.0
A02860,Applications,1072988,Closed,0.0
A02863,Infrastructure,1138527,Won,0.0
A02865,Security,239057,Won,0.0
A02865,Applications,856717,Won,0.0
A02867,Infrastructure,1377049,Won,0.0
A02869,Applications,1695999,Lost,0.0
A02872,AI & ML,1849429,Closed,0.0
A02873,Analytics & Data,1371913,Closed,0.0
A02876,Applications,555684,Closed,0.0
A02880,Analytics & Data,596501,Won,0.0
A02882,AI & ML,2307146,Closed,0.0
A02883,AI & ML,3309585,Lost,0.0
A02885,Infrastructure,1320065,Closed,0.0
A02886,Database,3038041,Lost,0.0
A02895,Applications,1780442,Lost,0.0
A02896,Analytics & Data,634037,Won,0.0
A02897,Security,1692679,Won,0.0
A02898,Analytics & Data,1694654,Won,0.0
A02902,Analytics & Data,1683221,Closed,0.0
A02902,AI & ML,455797,Won,0.0
A02902,Security,1282477,Won,0.0
A02902,Integration,967049,Won,0.0
A02903,Integration,3596590,Won,0.0
A02905,Analytics & Data,3718959,Won,0.0
A02906,Analytics & Data,4084472,Won,0.0
A02907,AI & ML,1609086,Won,0.0
A02908,Applications,2752074,Lost,0.0
A02912,Analytics & Data,1324943,Won,0.0
A02913,Integration,345852,Lost,0.0
A02914,Database,595557,Closed,0.0
A02916,AI & ML,1716396,Closed,0.0
A02917,Applications,1685516,Closed,0.0
A02918,Analytics & Data,873276,Won,0.0
A02918,AI & ML,2047031,Lost,0.0
A02919,Database,1387843,Closed,0.0
A02919,Analytics & Data,1366939,Lost,0.0
A02921,Infrastructure,1141308,Won,0.0
A02922,Analytics & Data,336437,Lost,0.0
A02923,Security,883813,Lost,0.0
A02923,Integration,1391711,Lost,0.0
A02924,Database,1279669,Closed,0.0
A02924,Integration,967571,Lost,0.0
A02925,Analytics & Data,892013,Won,0.0
A02926,Integration,805188,Won,0.0
A02929,Security,6416374,Won,0.0
A02930,Infrastructure,1516108,Lost,0.0
A02933,AI & ML,1030629,Lost,0.0
A02933,Applications,2205628,Won,0.0
A02934,AI & ML,1613352,Lost,0.0
A02935,Infrastructure,1022021,Lost,0.0
A02935,Integration,2026938,Won,0.0
A02936,Integration,362722,Won,0.0
A02938,Infrastructure,6372921,Lost,0.0
A02940,Analytics & Data,2812070,Lost,0.0
A02944,Infrastructure,547804,Lost,0.0
A02944,AI & ML,3535686,Lost,0.0
A02945,Security,2506291,Won,0.0
A02946,Applications,825165,Lost,0.0
A02947,Infrastructure,302429,Won,0.0
A02947,Database,1203195,Lost,0.0
A02947,Applications,1722878,Lost,0.0
A02948,Security,338941,Closed,0.0
A02948,Integration,984749,Closed,0.0
A02955,Infrastructure,796116,Won,0.0
A02955,AI & ML,5145073,Lost,0.0
A02956,Analytics & Data,2348372,Won,0.0
A02958,Database,1403508,Won,0.0
A02958,Security,571214,Closed,0.0
A02961,Analytics & Data,2828278,Won,0.0
A02961,Integration,1054097,Won,0.0
A02963,Infrastructure,5262752,Won,0.0
A02963,Database,3099317,Won,0.0
A02965,AI & ML,1159932,Lost,0.0
A02971,Analytics & Data,1129526,Lost,0.0
A02973,Security,2252323,Won,0.0
A02973,Applications,2622491,Lost,0.0
A02975,Database,1184519,Closed,0.0
A02975,Analytics & Data,1497060,Won,0.0
A02976,Infrastructure,1683641,Lost,0.0
A02979,Analytics & Data,1733766,Won,0.0
A02979,Applications,4442856,Won,0.0
A02981,AI & ML,1537904,Won,0.0
A02984,Database,3510311,Lost,0.0
A02985,Database,970597,Lost,0.0
A02985,Security,569329,Closed,0.0
A02990,Infrastructure,6462736,Lost,0.0
A02991,Database,7814527,Closed,0.0
A02991,Analytics & Data,1049561,Won,0.0
A02993,Security,977407,Lost,0.0
A02995,Analytics & Data,1134468,Lost,0.0
A02995,Integration,464917,Lost,0.0
A02997,Database,1870821,Won,0.0
A02999,Database,923396,Closed,0.0
A03000,Analytics & Data,855221,Closed,0.0
A00001,Database,120378,Open,90283.5
A00002,Infrastructure,9795884,Open,7346913.0
A00002,AI & ML,2907584,Open,2180688.0
A00002,Integration,7111722,Open,5333791.5
A00003,Infrastructure,7210837,Open,5408127.75
A00003,Database,11159751,Open,8369813.25
A00003,AI & ML,7751988,Open,5813991.0
A00005,Database,981698,Open,736273.5
A00005,Security,8427649,Open,6320736.75
A00006,Infrastructure,15371904,Open,11528928.0
A00006,Database,4945151,Open,3708863.25
A00006,Analytics & Data,5330998,Open,3998248.5
A00006,Security,8753280,Open,6564960.0
A00006,Applications,14859001,Open,11144250.75
A00006,Integration,14947679,Open,11210759.25
A00007,Database,2983139,Open,2237354.25
A00007,Applications,1514310,Open,1135732.5
A00007,Integration,1522265,Open,1141698.75
A00008,Analytics & Data,2184627,Open,1638470.25
A00009,Security,657558,Open,493168.5
A00010,Database,15136329,Open,11352246.75
A00010,Analytics & Data,15245834,Open,11434375.5
A00010,AI & ML,1870080,Open,1402560.0
A00010,Security,3041594,Open,2281195.5
A00011,Infrastructure,7581124,Open,5685843.0
A00011,Database,14760923,Open,11070692.25
A00011,Analytics & Data,15228043,Open,11421032.25
A00011,Security,15219674,Open,11414755.5
A00011,Applications,14601292,Open,10950969.0
A00011,Integration,14780331,Open,11085248.25
A00012,Infrastructure,15376144,Open,11532108.0
A00012,Security,11144461,Open,8358345.75
A00012,Applications,14767849,Open,11075886.75
A00012,Integration,15241979,Open,11431484.25
A00013,Infrastructure,14593905,Open,10945428.75
A00013,Database,15078294,Open,11308720.5
A00013,Analytics & Data,6411415,Open,4808561.25
A00013,Security,6716809,Open,5037606.75
A00013,Integration,9292711,Open,6969533.25
A00014,Database,855493,Open,641619.75
A00014,AI & ML,9578623,Open,7183967.25
A00014,Applications,7129896,Open,5347422.0
A00015,Analytics & Data,9715138,Open,7286353.5
A00016,Infrastructure,5299299,Open,3974474.25
A00016,Database,10775767,Open,8081825.25
A00016,AI & ML,14600727,Open,10950545.25
A00016,Security,4624157,Open,3468117.75
A00016,Applications,3144150,Open,2358112.5
A00016,Integration,3831367,Open,2873525.25
A00017,Infrastructure,14685925,Open,11014443.75
A00017,Database,14692623,Open,11019467.25
A00017,AI & ML,15214478,Open,11410858.5
A00017,Security,14898157,Open,11173617.75
A00017,Applications,14725670,Open,11044252.5
A00017,Integration,15423275,Open,11567456.25
A00018,Database,15355826,Open,11516869.5
A00018,Analytics & Data,14970250,Open,11227687.5
A00018,Security,9377671,Open,7033253.25
A00018,Integration,14781974,Open,11086480.5
A00019,Infrastructure,15005717,Open,11254287.75
A00019,Database,14573929,Open,10930446.75
A00019,Analytics & Data,3214609,Open,2410956.75
A00019,AI & ML,7778282,Open,5833711.5
A00019,Security,4221400,Open,3166050.0
A00019,Applications,15136128,Open,11352096.0
A00020,Database,8029029,Open,6021771.75
A00020,Security,4184179,Open,3138134.25
A00020,Integration,14593004,Open,10944753.0
A00021,Infrastructure,215460,Open,161595.0
A00023,Database,10650037,Open,7987527.75
A00023,AI & ML,846447,Open,634835.25
A00023,Security,10286846,Open,7715134.5
A00023,Applications,14915764,Open,11186823.0
A00023,Integration,6017265,Open,4512948.75
A00025,Infrastructure,2398648,Open,1798986.0
A00025,Analytics & Data,11110666,Open,8332999.5
A00025,AI & ML,9756761,Open,7317570.75
A00025,Security,5309905,Open,3982428.75
A00025,Applications,10208526,Open,7656394.5
A00025,Integration,3684447,Open,2763335.25
A00026,Analytics & Data,1737286,Open,1302964.5
A00026,Applications,4290211,Open,3217658.25
A00027,Infrastructure,11004070,Open,8253052.5
A00028,Security,524895,Open,393671.25
A00029,Infrastructure,10347084,Open,7760313.0
A00029,Database,10091631,Open,7568723.25
A00029,Analytics & Data,6851117,Open,5138337.75
A00029,Security,7599631,Open,5699723.25
A00029,Applications,4681177,Open,3510882.75
A00029,Integration,15236492,Open,11427369.0
A00031,Infrastructure,4230703,Open,3173027.25
A00031,Database,15319942,Open,11489956.5
A00031,Analytics & Data,15374209,Open,11530656.75
A00031,AI & ML,15059625,Open,11294718.75
A00031,Security,4744962,Open,3558721.5
A00031,Applications,8809347,Open,6607010.25
A00031,Integration,14912124,Open,11184093.0
A00032,Infrastructure,6888056,Open,5166042.0
A00032,Database,14968196,Open,11226147.0
A00032,Analytics & Data,5118462,Open,3838846.5
A00032,AI & ML,6930857,Open,5198142.75
A00032,Applications,284146,Open,213109.5
A00032,Integration,8690202,Open,6517651.5
A00033,Database,2581343,Open,1936007.25
A00033,Analytics & Data,1046078,Open,784558.5
A00033,Security,2165054,Open,1623790.5
A00033,Integration,9837926,Open,7378444.5
A00034,Infrastructure,9966658,Open,7474993.5
A00034,Security,4731155,Open,3548366.25
A00035,Infrastructure,14726636,Open,11044977.0
A00035,Analytics & Data,14811240,Open,11108430.0
A00035,AI & ML,14716239,Open,11037179.25
A00035,Integration,8432634,Open,6324475.5
A00036,Analytics & Data,1449665,Open,1087248.75
A00036,Applications,6035740,Open,4526805.0
A00037,Database,7308877,Open,5481657.75
A00037,Analytics & Data,5213113,Open,3909834.75
A00037,AI & ML,3478475,Open,2608856.25
A00037,Applications,6147861,Open,4610895.75
A00037,Integration,8658990,Open,6494242.5
A00038,Analytics & Data,7540540,Open,5655405.0
A00038,AI & ML,6163634,Open,4622725.5
A00038,Security,3830021,Open,2872515.75
A00038,Integration,5948683,Open,4461512.25
A00039,AI & ML,9304447,Open,6978335.25
A00040,Infrastructure,15218976,Open,11414232.0
A00040,Database,15261120,Open,11445840.0
A00040,Analytics & Data,14966941,Open,11225205.75
A00040,Security,5411428,Open,4058571.0
A00040,Applications,15281457,Open,11461092.75
A00040,Integration,14882697,Open,11162022.75
A00041,Infrastructure,14717130,Open,11037847.5
A00041,Analytics & Data,15106915,Open,11330186.25
A00041,AI & ML,15421329,Open,11565996.75
A00041,Security,15407082,Open,11555311.5
A00041,Integration,15224589,Open,11418441.75
A00042,Infrastructure,14820543,Open,11115407.25
A00042,Database,8287036,Open,6215277.0
A00042,Analytics & Data,3336416,Open,2502312.0
A00042,AI & ML,14884954,Open,11163715.5
A00042,Security,14584392,Open,10938294.0
A00042,Applications,15073171,Open,11304878.25
A00042,Integration,15203887,Open,11402915.25
A00043,Applications,998569,Open,748926.75
A00043,Integration,1090211,Open,817658.25
A00044,Infrastructure,7982635,Open,5986976.25
A00044,Database,15317909,Open,11488431.75
A00044,Analytics & Data,4758513,Open,3568884.75
A00044,Applications,14662959,Open,10997219.25
A00044,Integration,14843023,Open,11132267.25
A00045,Infrastructure,15221229,Open,11415921.75
A00045,Database,6342398,Open,4756798.5
A00045,Analytics & Data,6842292,Open,5131719.0
A00045,AI & ML,15430988,Open,11573241.0
A00045,Security,15297136,Open,11472852.0
A00045,Applications,8603636,Open,6452727.0
A00045,Integration,14686499,Open,11014874.25
A00046,Analytics & Data,3240023,Open,2430017.25
A00046,AI & ML,8809732,Open,6607299.0
A00047,Security,3092588,Open,2319441.0
A00047,Integration,3343393,Open,2507544.75
A00048,Applications,15215580,Open,11411685.0
A00049,Database,2432045,Open,1824033.75
A00049,AI & ML,8260242,Open,6195181.5
A00050,Infrastructure,10401644,Open,7801233.0
A00050,Security,9760559,Open,7320419.25
A00051,Infrastructure,4017881,Open,3013410.75
A00051,Database,7329812,Open,5497359.0
A00051,Analytics & Data,8723469,Open,6542601.75
A00051,Security,4232600,Open,3174450.0
A00051,Applications,7114473,Open,5335854.75
A00051,Integration,15319937,Open,11489952.75
A00052,Infrastructure,15381912,Open,11536434.0
A00052,AI & ML,9567319,Open,7175489.25
A00052,Integration,7077575,Open,5308181.25
A00053,Infrastructure,15467432,Open,11600574.0
A00053,Database,14638213,Open,10978659.75
A00053,Security,8432006,Open,6324004.5
A00053,Applications,1423953,Open,1067964.75
A00053,Integration,14637613,Open,10978209.75
A00054,Infrastructure,1861528,Open,1396146.0
A00054,Security,2298805,Open,1724103.75
A00054,Applications,7841157,Open,5880867.75
A00055,Infrastructure,2647660,Open,1985745.0
A00055,Integration,726434,Open,544825.5
A00056,Analytics & Data,10377614,Open,7783210.5
A00057,Database,3770548,Open,2827911.0
A00057,AI & ML,6458072,Open,4843554.0
A00057,Security,6103817,Open,4577862.75
A00057,Applications,7244664,Open,5433498.0
A00057,Integration,14752306,Open,11064229.5
A00058,Infrastructure,8777558,Open,6583168.5
A00058,AI & ML,14589311,Open,10941983.25
A00058,Security,2752080,Open,2064060.0
A00058,Integration,6156601,Open,4617450.75
A00059,Database,5481121,Open,4110840.75
A00060,Security,2535302,Open,1901476.5
A00061,Applications,11013448,Open,8260086.0
A00061,Integration,4304805,Open,3228603.75
A00062,Infrastructure,14685778,Open,11014333.5
A00062,Analytics & Data,3211470,Open,2408602.5
A00062,Security,15070643,Open,11302982.25
A00062,Integration,2969715,Open,2227286.25
A00063,Infrastructure,1044517,Open,783387.75
A00063,Analytics & Data,4009046,Open,3006784.5
A00065,Infrastructure,10956015,Open,8217011.25
A00065,Applications,999992,Open,749994.0
A00066,AI & ML,3113617,Open,2335212.75
A00067,Infrastructure,15254298,Open,11440723.5
A00067,Database,15246365,Open,11434773.75
A00067,Analytics & Data,2495123,Open,1871342.25
A00067,AI & ML,7542729,Open,5657046.75
A00067,Security,14733058,Open,11049793.5
A00067,Applications,15185936,Open,11389452.0
A00067,Integration,5597244,Open,4197933.0
A00068,Database,6943178,Open,5207383.5
A00068,Integration,10046180,Open,7534635.0
A00069,Infrastructure,3826511,Open,2869883.25
A00069,Database,14990999,Open,11243249.25
A00069,Security,6643159,Open,4982369.25
A00070,Infrastructure,4120390,Open,3090292.5
A00070,Database,14583198,Open,10937398.5
A00070,Analytics & Data,4236478,Open,3177358.5
A00070,AI & ML,5874624,Open,4405968.0
A00070,Security,2779146,Open,2084359.5
A00070,Applications,15003287,Open,11252465.25
A00070,Integration,14875350,Open,11156512.5
A00071,Infrastructure,10907519,Open,8180639.25
A00071,Security,4821115,Open,3615836.25
A00071,Applications,7611282,Open,5708461.5
A00072,Infrastructure,6760185,Open,5070138.75
A00072,Database,5899098,Open,4424323.5
A00072,AI & ML,6352334,Open,4764250.5
A00072,Applications,2574142,Open,1930606.5
A00073,Security,14668052,Open,11001039.0
A00073,Applications,5356105,Open,4017078.75
A00073,Integration,4676293,Open,3507219.75
A00074,Database,522603,Open,391952.25
A00074,Security,882122,Open,661591.5
A00075,Analytics & Data,8016603,Open,6012452.25
A00075,AI & ML,6453282,Open,4839961.5
A00075,Applications,8413106,Open,6309829.5
A00075,Integration,8914533,Open,6685899.75
A00076,Infrastructure,3517226,Open,2637919.5
A00076,AI & ML,3294764,Open,2471073.0
A00077,Infrastructure,15356715,Open,11517536.25
A00077,Analytics & Data,15089898,Open,11317423.5
A00077,AI & ML,15178616,Open,11383962.0
A00077,Security,15048000,Open,11286000.0
A00077,Integration,15433413,Open,11575059.75
A00078,Security,3587679,Open,2690759.25
A00078,Applications,4456823,Open,3342617.25
A00078,Integration,9156111,Open,6867083.25
A00079,AI & ML,8355324,Open,6266493.0
A00079,Applications,9046033,Open,6784524.75
A00080,Infrastructure,5717320,Open,4287990.0
A00080,Database,5049488,Open,3787116.0
A00080,Analytics & Data,6137066,Open,4602799.5
A00080,AI & ML,10849323,Open,8136992.25
A00080,Security,7481849,Open,5611386.75
A00080,Applications,15275670,Open,11456752.5
A00080,Integration,8152714,Open,6114535.5
A00082,Infrastructure,2942358,Open,2206768.5
A00082,Database,952732,Open,714549.0
A00082,Analytics & Data,5523700,Open,4142775.0
A00083,Database,10603637,Open,7952727.75
A00083,Analytics & Data,15360672,Open,11520504.0
A00083,AI & ML,7463538,Open,5597653.5
A00083,Integration,15041900,Open,11281425.0
A00084,Infrastructure,15051490,Open,11288617.5
A00084,Database,1633794,Open,1225345.5
A00084,Analytics & Data,8600239,Open,6450179.25
A00084,AI & ML,14893163,Open,11169872.25
A00084,Security,14641474,Open,10981105.5
A00084,Applications,15264431,Open,11448323.25
A00084,Integration,10361759,Open,7771319.25
A00085,Database,3301235,Open,2475926.25
A00085,AI & ML,15022547,Open,11266910.25
A00085,Security,9627911,Open,7220933.25
A00085,Applications,4432425,Open,3324318.75
A00085,Integration,2817120,Open,2112840.0
A00086,Infrastructure,15090380,Open,11317785.0
A00086,Database,15178099,Open,11383574.25
A00086,Analytics & Data,14664744,Open,10998558.0
A00086,AI & ML,15382625,Open,11536968.75
A00086,Security,14711053,Open,11033289.75
A00086,Applications,4099021,Open,3074265.75
A00086,Integration,14763842,Open,11072881.5
A00087,Infrastructure,7511086,Open,5633314.5
A00087,Database,5025366,Open,3769024.5
A00087,AI & ML,1051398,Open,788548.5
A00087,Applications,1038566,Open,778924.5
A00088,Analytics & Data,3873479,Open,2905109.25
A00088,Integration,1318352,Open,988764.0
A00089,Analytics & Data,1501466,Open,1126099.5
A00089,AI & ML,1025428,Open,769071.0
A00089,Security,11045577,Open,8284182.75
A00089,Applications,2797172,Open,2097879.0
A00089,Integration,3089639,Open,2317229.25
A00090,Infrastructure,9683583,Open,7262687.25
A00090,Security,15105534,Open,11329150.5
A00090,Applications,14977624,Open,11233218.0
A00091,Infrastructure,14776372,Open,11082279.0
A00091,Database,15156029,Open,11367021.75
A00091,Analytics & Data,14813935,Open,11110451.25
A00091,Security,14809950,Open,11107462.5
A00091,Applications,1124783,Open,843587.25
A00092,Analytics & Data,2450986,Open,1838239.5
A00092,Applications,4894827,Open,3671120.25
A00094,Infrastructure,8360075,Open,6270056.25
A00094,Analytics & Data,7347429,Open,5510571.75
A00094,Security,15408389,Open,11556291.75
A00094,Integration,3850307,Open,2887730.25
A00095,Database,1413441,Open,1060080.75
A00096,Infrastructure,9024671,Open,6768503.25
A00096,Database,10273325,Open,7704993.75
A00096,Analytics & Data,8792117,Open,6594087.75
A00096,Security,10398281,Open,7798710.75
A00096,Applications,14983408,Open,11237556.0
A00097,Infrastructure,10808700,Open,8106525.0
A00097,Analytics & Data,15117440,Open,11338080.0
A00097,AI & ML,4945958,Open,3709468.5
A00097,Applications,15184459,Open,11388344.25
A00097,Integration,15398570,Open,11548927.5
A00099,Database,2903841,Open,2177880.75
A00099,Analytics & Data,10455684,Open,7841763.0
A00099,AI & ML,1125502,Open,844126.5
A00099,Applications,6618785,Open,4964088.75
A00099,Integration,7538869,Open,5654151.75
A00101,AI & ML,4944570,Open,3708427.5
A00101,Applications,9310760,Open,6983070.0
A00101,Integration,9086360,Open,6814770.0
A00102,Analytics & Data,1218746,Open,914059.5
A00102,Security,2462300,Open,1846725.0
A00103,Database,4959063,Open,3719297.25
A00103,Security,5119427,Open,3839570.25
A00103,Applications,14757389,Open,11068041.75
A00103,Integration,4131596,Open,3098697.0
A00104,AI & ML,4683542,Open,3512656.5
A00104,Security,1081379,Open,811034.25
A00104,Applications,15044113,Open,11283084.75
A00105,Analytics & Data,15254571,Open,11440928.25
A00105,AI & ML,5526221,Open,4144665.75
A00105,Security,7397070,Open,5547802.5
A00105,Applications,3809317,Open,2856987.75
A00105,Integration,15482688,Open,11612016.0
A00106,Infrastructure,347438,Open,260578.5
A00106,Integration,3087057,Open,2315292.75
A00107,Infrastructure,7669983,Open,5752487.25
A00107,Database,3969398,Open,2977048.5
A00107,Analytics & Data,14798565,Open,11098923.75
A00107,Applications,15406790,Open,11555092.5
A00107,Integration,6007464,Open,4505598.0
A00108,Analytics & Data,1637499,Open,1228124.25
A00108,AI & ML,10597904,Open,7948428.0
A00108,Security,1490034,Open,1117525.5
A00108,Applications,7101587,Open,5326190.25
A00109,Infrastructure,6055058,Open,4541293.5
A00109,Database,7461012,Open,5595759.0
A00109,Analytics & Data,6860054,Open,5145040.5
A00109,AI & ML,8553497,Open,6415122.75
A00109,Applications,14852131,Open,11139098.25
A00109,Integration,14776453,Open,11082339.75
A00110,Infrastructure,14698276,Open,11023707.0
A00110,Database,1329801,Open,997350.75
A00110,Analytics & Data,10784863,Open,8088647.25
A00110,AI & ML,8027374,Open,6020530.5
A00110,Security,15231024,Open,11423268.0
A00110,Applications,15336314,Open,11502235.5
A00110,Integration,3742234,Open,2806675.5
A00111,AI & ML,10580363,Open,7935272.25
A00112,Infrastructure,14654944,Open,10991208.0
A00112,Database,9731278,Open,7298458.5
A00112,AI & ML,10265234,Open,7698925.5
A00112,Applications,4428553,Open,3321414.75
A00112,Integration,3732935,Open,2799701.25
A00113,Analytics & Data,1239852,Open,929889.0
A00114,Database,14810239,Open,11107679.25
A00114,Analytics & Data,15080540,Open,11310405.0
A00114,AI & ML,15188963,Open,11391722.25
A00114,Applications,15246210,Open,11434657.5
A00114,Integration,8461795,Open,6346346.25
A00115,Infrastructure,3408557,Open,2556417.75
A00115,Database,7886177,Open,5914632.75
A00115,Analytics & Data,2702092,Open,2026569.0
A00115,Integration,14594089,Open,10945566.75
A00116,Security,252195,Open,189146.25
A00117,Infrastructure,3658435,Open,2743826.25
A00117,Analytics & Data,10715473,Open,8036604.75
A00117,Security,14740350,Open,11055262.5
A00117,Applications,9155204,Open,6866403.0
A00117,Integration,10963807,Open,8222855.25
A00118,Database,5933154,Open,4449865.5
A00119,Database,5971068,Open,4478301.0
A00119,Analytics & Data,6791354,Open,5093515.5
A00119,AI & ML,15021147,Open,11265860.25
A00119,Security,15424710,Open,11568532.5
A00119,Integration,5029959,Open,3772469.25
A00120,Analytics & Data,15144610,Open,11358457.5
A00120,AI & ML,14699762,Open,11024821.5
A00120,Security,15264762,Open,11448571.5
A00120,Applications,15333676,Open,11500257.0
A00121,Database,10831192,Open,8123394.0
A00121,Analytics & Data,15297523,Open,11473142.25
A00121,AI & ML,15416233,Open,11562174.75
A00121,Security,6351848,Open,4763886.0
A00121,Applications,3682762,Open,2762071.5
A00121,Integration,3480263,Open,2610197.25
A00122,Analytics & Data,14870001,Open,11152500.75
A00122,Security,1753504,Open,1315128.0
A00122,Applications,3070518,Open,2302888.5
A00123,Database,14918802,Open,11189101.5
A00123,Analytics & Data,15056211,Open,11292158.25
A00123,Security,5569313,Open,4176984.75
A00123,Applications,14830261,Open,11122695.75
A00124,Integration,679430,Open,509572.5
A00125,Infrastructure,4529978,Open,3397483.5
A00125,Analytics & Data,15053891,Open,11290418.25
A00125,AI & ML,4357608,Open,3268206.0
A00125,Security,15349861,Open,11512395.75
A00125,Applications,15300981,Open,11475735.75
A00125,Integration,15321910,Open,11491432.5
A00127,Infrastructure,10233962,Open,7675471.5
A00127,Analytics & Data,14632538,Open,10974403.5
A00127,Applications,9765863,Open,7324397.25
A00128,Infrastructure,14607604,Open,10955703.0
A00128,AI & ML,8899137,Open,6674352.75
A00128,Security,1129291,Open,846968.25
A00128,Integration,2246756,Open,1685067.0
A00129,Infrastructure,15382191,Open,11536643.25
A00129,Analytics & Data,14858067,Open,11143550.25
A00129,AI & ML,15430605,Open,11572953.75
A00129,Security,14700355,Open,11025266.25
A00129,Applications,14960213,Open,11220159.75
A00129,Integration,15077110,Open,11307832.5
A00130,Database,3012339,Open,2259254.25
A00130,Analytics & Data,15113915,Open,11335436.25
A00130,AI & ML,15408622,Open,11556466.5
A00130,Security,14590777,Open,10943082.75
A00130,Applications,14864376,Open,11148282.0
A00131,Applications,919953,Open,689964.75
A00131,Integration,587232,Open,440424.0
A00132,Infrastructure,5806350,Open,4354762.5
A00132,Analytics & Data,8260459,Open,6195344.25
A00132,Integration,6666119,Open,4999589.25
A00133,Infrastructure,8729675,Open,6547256.25
A00133,Analytics & Data,10484589,Open,7863441.75
A00133,Integration,3890183,Open,2917637.25
A00134,Security,7940177,Open,5955132.75
A00134,Applications,892023,Open,669017.25
A00135,Database,3605009,Open,2703756.75
A00135,Analytics & Data,8404193,Open,6303144.75
A00135,Applications,2717772,Open,2038329.0
A00135,Integration,5924984,Open,4443738.0
A00136,AI & ML,4874770,Open,3656077.5
A00136,Security,5110932,Open,3833199.0
A00136,Integration,9731132,Open,7298349.0
A00137,Applications,5321478,Open,3991108.5
A00138,Infrastructure,7914293,Open,5935719.75
A00138,Security,14993169,Open,11244876.75
A00138,Integration,15356189,Open,11517141.75
A00139,Database,7094881,Open,5321160.75
A00139,Analytics & Data,4457438,Open,3343078.5
A00139,AI & ML,10467637,Open,7850727.75
A00139,Integration,6091771,Open,4568828.25
A00140,Infrastructure,2295228,Open,1721421.0
A00140,Database,4344374,Open,3258280.5
A00140,Analytics & Data,2430802,Open,1823101.5
A00140,AI & ML,14747158,Open,11060368.5
A00140,Applications,778649,Open,583986.75
A00141,Infrastructure,14968961,Open,11226720.75
A00141,Database,11061300,Open,8295975.0
A00141,Analytics & Data,15449347,Open,11587010.25
A00141,AI & ML,15011974,Open,11258980.5
A00141,Security,14793358,Open,11095018.5
A00141,Applications,15439899,Open,11579924.25
A00141,Integration,15234435,Open,11425826.25
A00142,Analytics & Data,15328181,Open,11496135.75
A00142,Security,3160236,Open,2370177.0
A00142,Integration,9158982,Open,6869236.5
A00143,Infrastructure,11012764,Open,8259573.0
A00143,Database,8722743,Open,6542057.25
A00143,AI & ML,6016850,Open,4512637.5
A00143,Security,15026815,Open,11270111.25
A00143,Applications,3778102,Open,2833576.5
A00143,Integration,10041554,Open,7531165.5
A00144,AI & ML,79006,Open,59254.5
A00144,Security,10153282,Open,7614961.5
A00145,Database,3201793,Open,2401344.75
A00146,Infrastructure,11056322,Open,8292241.5
A00146,Analytics & Data,6664489,Open,4998366.75
A00146,Applications,6463072,Open,4847304.0
A00146,Integration,4892583,Open,3669437.25
A00147,Analytics & Data,1769312,Open,1326984.0
A00147,Security,5573730,Open,4180297.5
A00147,Applications,908955,Open,681716.25
A00148,Infrastructure,8680573,Open,6510429.75
A00148,Database,6731926,Open,5048944.5
A00148,Analytics & Data,8121965,Open,6091473.75
A00148,Security,1765018,Open,1323763.5
A00148,Applications,6215627,Open,4661720.25
A00148,Integration,14765487,Open,11074115.25
A00149,Infrastructure,1142548,Open,856911.0
A00149,Database,5904623,Open,4428467.25
A00149,AI & ML,9437726,Open,7078294.5
A00149,Security,6134245,Open,4600683.75
A00150,Infrastructure,3937226,Open,2952919.5
A00150,Applications,1861368,Open,1396026.0
A00150,Integration,10544430,Open,7908322.5
A00151,Infrastructure,7887303,Open,5915477.25
A00151,Database,15221525,Open,11416143.75
A00151,Analytics & Data,7172292,Open,5379219.0
A00151,AI & ML,14627821,Open,10970865.75
A00151,Security,14722843,Open,11042132.25
A00151,Integration,15190815,Open,11393111.25
A00152,Analytics & Data,709535,Open,532151.25
A00152,Security,4975472,Open,3731604.0
A00152,Integration,1744220,Open,1308165.0
A00153,Infrastructure,15477862,Open,11608396.5
A00153,Database,8113626,Open,6085219.5
A00153,Analytics & Data,6364565,Open,4773423.75
A00153,AI & ML,14792301,Open,11094225.75
A00153,Security,4797135,Open,3597851.25
A00153,Applications,14624051,Open,10968038.25
A00153,Integration,8062735,Open,6047051.25
A00154,Infrastructure,5599795,Open,4199846.25
A00154,Security,2675758,Open,2006818.5
A00155,Infrastructure,14980966,Open,11235724.5
A00155,Analytics & Data,10903547,Open,8177660.25
A00155,AI & ML,3776445,Open,2832333.75
A00155,Security,15408203,Open,11556152.25
A00156,Analytics & Data,14694541,Open,11020905.75
A00156,Applications,5139541,Open,3854655.75
A00157,Infrastructure,2594239,Open,1945679.25
A00157,Analytics & Data,8497712,Open,6373284.0
A00157,AI & ML,844088,Open,633066.0
A00157,Integration,10733853,Open,8050389.75
A00158,Infrastructure,11104244,Open,8328183.0
A00158,Applications,7616789,Open,5712591.75
A00159,Infrastructure,10690680,Open,8018010.0
A00159,Analytics & Data,9475045,Open,7106283.75
A00160,Infrastructure,10435231,Open,7826423.25
A00160,Database,5368691,Open,4026518.25
A00160,Analytics & Data,10800718,Open,8100538.5
A00160,AI & ML,5430013,Open,4072509.75
A00160,Security,7061107,Open,5295830.25
A00160,Applications,14840560,Open,11130420.0
A00160,Integration,6835246,Open,5126434.5
A00161,Infrastructure,2525763,Open,1894322.25
A00161,Integration,8933537,Open,6700152.75
A00162,Infrastructure,10547227,Open,7910420.25
A00162,Database,8324011,Open,6243008.25
A00162,AI & ML,15311901,Open,11483925.75
A00162,Applications,7561482,Open,5671111.5
A00162,Integration,2753501,Open,2065125.75
A00163,Infrastructure,5342107,Open,4006580.25
A00163,Analytics & Data,4415833,Open,3311874.75
A00163,Integration,14580639,Open,10935479.25
A00164,Analytics & Data,2134786,Open,1601089.5
A00164,Applications,3344897,Open,2508672.75
A00165,Analytics & Data,10755089,Open,8066316.75
A00165,AI & ML,6989778,Open,5242333.5
A00165,Security,5801774,Open,4351330.5
A00165,Applications,10433281,Open,7824960.75
A00166,Database,8796391,Open,6597293.25
A00166,Integration,831467,Open,623600.25
A00167,Security,768427,Open,576320.25
A00168,Infrastructure,5558855,Open,4169141.25
A00168,Analytics & Data,14904102,Open,11178076.5
A00168,AI & ML,1291311,Open,968483.25
A00168,Security,15326782,Open,11495086.5
A00168,Integration,6032048,Open,4524036.0
A00169,Infrastructure,6897938,Open,5173453.5
A00169,Database,15380129,Open,11535096.75
A00169,Analytics & Data,5398718,Open,4049038.5
A00169,AI & ML,5993247,Open,4494935.25
A00169,Security,4966603,Open,3724952.25
A00169,Applications,4002805,Open,3002103.75
A00169,Integration,6385048,Open,4788786.0
A00170,Infrastructure,10236002,Open,7677001.5
A00170,Security,9082676,Open,6812007.0
A00170,Integration,1586617,Open,1189962.75
A00171,Infrastructure,1248993,Open,936744.75
A00171,Integration,10400711,Open,7800533.25
A00172,Infrastructure,8923426,Open,6692569.5
A00172,Database,1017855,Open,763391.25
A00172,AI & ML,3699548,Open,2774661.0
A00172,Security,15086315,Open,11314736.25
A00172,Applications,7718447,Open,5788835.25
A00172,Integration,1197651,Open,898238.25
A00173,Infrastructure,14814887,Open,11111165.25
A00173,Analytics & Data,6564412,Open,4923309.0
A00173,AI & ML,7686960,Open,5765220.0
A00173,Security,4710248,Open,3532686.0
A00173,Integration,15138892,Open,11354169.0
A00174,Database,14992552,Open,11244414.0
A00174,Security,1276097,Open,957072.75
A00174,Applications,3678435,Open,2758826.25
A00174,Integration,15340814,Open,11505610.5
A00175,Database,15016509,Open,11262381.75
A00175,Analytics & Data,1043170,Open,782377.5
A00175,Security,9413917,Open,7060437.75
A00175,Applications,8270090,Open,6202567.5
A00176,Infrastructure,14884256,Open,11163192.0
A00176,Database,15478138,Open,11608603.5
A00176,Analytics & Data,15462764,Open,11597073.0
A00176,AI & ML,14651474,Open,10988605.5
A00176,Security,14755527,Open,11066645.25
A00176,Applications,10370714,Open,7778035.5
A00176,Integration,15173600,Open,11380200.0
A00177,Infrastructure,14884666,Open,11163499.5
A00177,Database,9640561,Open,7230420.75
A00177,Analytics & Data,14574105,Open,10930578.75
A00177,AI & ML,4509917,Open,3382437.75
A00177,Integration,15258196,Open,11443647.0
A00178,Infrastructure,4986683,Open,3740012.25
A00178,Security,2699784,Open,2024838.0
A00179,Infrastructure,9200008,Open,6900006.0
A00179,Database,14868673,Open,11151504.75
A00179,AI & ML,15398836,Open,11549127.0
A00180,Infrastructure,9064150,Open,6798112.5
A00180,Database,15265743,Open,11449307.25
A00180,Analytics & Data,7067650,Open,5300737.5
A00180,Security,9468911,Open,7101683.25
A00180,Applications,9575442,Open,7181581.5
A00180,Integration,2134023,Open,1600517.25
A00181,Infrastructure,7051664,Open,5288748.0
A00181,Database,14883251,Open,11162438.25
A00181,Analytics & Data,14582534,Open,10936900.5
A00181,AI & ML,6350517,Open,4762887.75
A00181,Security,15391693,Open,11543769.75
A00181,Integration,15220151,Open,11415113.25
A00182,Infrastructure,10473891,Open,7855418.25
A00182,Database,10371391,Open,7778543.25
A00182,Analytics & Data,10588024,Open,7941018.0
A00182,Security,15152177,Open,11364132.75
A00183,Database,4953294,Open,3714970.5
A00183,AI & ML,6177103,Open,4632827.25
A00183,Security,5550009,Open,4162506.75
A00184,Security,10772112,Open,8079084.0
A00185,Infrastructure,3915428,Open,2936571.0
A00185,AI & ML,3065348,Open,2299011.0
A00186,Infrastructure,1102103,Open,826577.25
A00186,Analytics & Data,5027837,Open,3770877.75
A00186,AI & ML,8729430,Open,6547072.5
A00186,Security,15388552,Open,11541414.0
A00186,Applications,2923760,Open,2192820.0
A00186,Integration,4977580,Open,3733185.0
A00187,Security,950771,Open,713078.25
A00188,Infrastructure,444419,Open,333314.25
A00188,Database,6184929,Open,4638696.75
A00188,Analytics & Data,3767110,Open,2825332.5
A00188,Security,7265575,Open,5449181.25
A00188,Applications,7162865,Open,5372148.75
A00189,Analytics & Data,7176146,Open,5382109.5
A00189,Integration,5978501,Open,4483875.75
A00190,Database,8429924,Open,6322443.0
A00191,Analytics & Data,15185364,Open,11389023.0
A00191,AI & ML,15262713,Open,11447034.75
A00191,Security,8245922,Open,6184441.5
A00191,Applications,14636962,Open,10977721.5
A00191,Integration,7823752,Open,5867814.0
A00192,Analytics & Data,5135761,Open,3851820.75
A00192,AI & ML,4215164,Open,3161373.0
A00193,AI & ML,8496065,Open,6372048.75
A00193,Integration,15138483,Open,11353862.25
A00194,Analytics & Data,15087481,Open,11315610.75
A00194,AI & ML,8000116,Open,6000087.0
A00194,Security,6626696,Open,4970022.0
A00195,Analytics & Data,4163581,Open,3122685.75
A00196,Infrastructure,14945961,Open,11209470.75
A00196,Database,3586842,Open,2690131.5
A00196,Analytics & Data,15241250,Open,11430937.5
A00196,AI & ML,14968313,Open,11226234.75
A00196,Security,15389767,Open,11542325.25
A00196,Applications,15021701,Open,11266275.75
A00196,Integration,5452708,Open,4089531.0
A00197,Database,9955807,Open,7466855.25
A00197,Analytics & Data,5467626,Open,4100719.5
A00197,AI & ML,15235514,Open,11426635.5
A00197,Integration,6723889,Open,5042916.75
A00198,Database,14860749,Open,11145561.75
A00198,Analytics & Data,15077216,Open,11307912.0
A00198,AI & ML,14887043,Open,11165282.25
A00198,Security,15370466,Open,11527849.5
A00198,Integration,14865169,Open,11148876.75
A00199,Database,8492203,Open,6369152.25
A00199,Security,10254854,Open,7691140.5
A00199,Applications,9897504,Open,7423128.0
A00200,Infrastructure,8117367,Open,6088025.25
A00200,Database,3474088,Open,2605566.0
A00200,AI & ML,3977371,Open,2983028.25
A00200,Security,10047311,Open,7535483.25
A00200,Applications,8044476,Open,6033357.0
A00202,Database,11004593,Open,8253444.75
A00203,Database,14704555,Open,11028416.25
A00203,AI & ML,14600038,Open,10950028.5
A00203,Security,15155394,Open,11366545.5
A00203,Applications,14845778,Open,11134333.5
A00204,Infrastructure,3783552,Open,2837664.0
A00204,Database,3108363,Open,2331272.25
A00204,AI & ML,8946094,Open,6709570.5
A00204,Security,10761173,Open,8070879.75
A00204,Applications,10106939,Open,7580204.25
A00204,Integration,4065374,Open,3049030.5
A00205,Infrastructure,10637202,Open,7977901.5
A00205,Database,3918952,Open,2939214.0
A00205,Analytics & Data,4859909,Open,3644931.75
A00205,Security,6966393,Open,5224794.75
A00205,Integration,3975078,Open,2981308.5
A00206,Integration,2397338,Open,1798003.5
A00207,Analytics & Data,9992874,Open,7494655.5
A00207,AI & ML,8348412,Open,6261309.0
A00207,Security,7969073,Open,5976804.75
A00207,Applications,15172848,Open,11379636.0
A00207,Integration,7057562,Open,5293171.5
A00209,AI & ML,3122306,Open,2341729.5
A00209,Applications,4850324,Open,3637743.0
A00210,Database,6083023,Open,4562267.25
A00210,Analytics & Data,9514762,Open,7136071.5
A00210,Security,8576159,Open,6432119.25
A00210,Applications,8473476,Open,6355107.0
A00211,Database,10647199,Open,7985399.25
A00211,AI & ML,2940191,Open,2205143.25
A00212,Analytics & Data,14973956,Open,11230467.0
A00212,AI & ML,9184750,Open,6888562.5
A00212,Applications,10085774,Open,7564330.5
A00213,Database,4565773,Open,3424329.75
A00213,Analytics & Data,7052756,Open,5289567.0
A00213,Security,6555739,Open,4916804.25
A00213,Applications,2785388,Open,2089041.0
A00213,Integration,4266480,Open,3199860.0
A00214,Infrastructure,1158275,Open,868706.25
A00214,Analytics & Data,14757014,Open,11067760.5
A00214,Applications,6790932,Open,5093199.0
A00214,Integration,7608167,Open,5706125.25
A00215,Infrastructure,14667779,Open,11000834.25
A00215,Database,5308162,Open,3981121.5
A00215,AI & ML,14639241,Open,10979430.75
A00215,Integration,4546057,Open,3409542.75
A00216,Infrastructure,14894474,Open,11170855.5
A00216,Database,14998031,Open,11248523.25
A00216,Analytics & Data,9366406,Open,7024804.5
A00216,AI & ML,15200435,Open,11400326.25
A00216,Applications,15463618,Open,11597713.5
A00216,Integration,4475541,Open,3356655.75
A00217,Infrastructure,5679326,Open,4259494.5
A00217,Database,9377820,Open,7033365.0
A00217,Analytics & Data,6572619,Open,4929464.25
A00217,AI & ML,5606677,Open,4205007.75
A00217,Security,15162166,Open,11371624.5
A00217,Applications,14734653,Open,11050989.75
A00217,Integration,4547592,Open,3410694.0
A00218,Database,6465674,Open,4849255.5
A00218,Security,15312787,Open,11484590.25
A00218,Integration,7095413,Open,5321559.75
A00220,Infrastructure,8956887,Open,6717665.25
A00220,Database,5240802,Open,3930601.5
A00220,Analytics & Data,2145668,Open,1609251.0
A00221,Infrastructure,6652777,Open,4989582.75
A00221,Database,6002346,Open,4501759.5
A00221,Security,4402463,Open,3301847.25
A00222,Infrastructure,15446827,Open,11585120.25
A00222,Database,14924547,Open,11193410.25
A00222,Analytics & Data,9762576,Open,7321932.0
A00222,AI & ML,15156296,Open,11367222.0
A00222,Applications,14856248,Open,11142186.0
A00224,Infrastructure,6979032,Open,5234274.0
A00224,AI & ML,775034,Open,581275.5
A00225,Infrastructure,2638070,Open,1978552.5
A00225,Analytics & Data,4586600,Open,3439950.0
A00225,Security,1172972,Open,879729.0
A00225,Applications,7328707,Open,5496530.25
A00225,Integration,2980877,Open,2235657.75
A00226,Applications,1392925,Open,1044693.75
A00227,Analytics & Data,7665889,Open,5749416.75
A00227,AI & ML,9168649,Open,6876486.75
A00227,Security,5654063,Open,4240547.25
A00228,AI & ML,14773614,Open,11080210.5
A00228,Security,5365454,Open,4024090.5
A00228,Applications,7157041,Open,5367780.75
A00229,Infrastructure,1165290,Open,873967.5
A00229,Analytics & Data,3093159,Open,2319869.25
A00229,AI & ML,4186647,Open,3139985.25
A00229,Security,15187005,Open,11390253.75
A00229,Applications,6468469,Open,4851351.75
A00229,Integration,7685138,Open,5763853.5
A00230,Database,1771495,Open,1328621.25
A00230,Analytics & Data,1927411,Open,1445558.25
A00230,Applications,15101573,Open,11326179.75
A00231,Database,15093631,Open,11320223.25
A00231,AI & ML,6287770,Open,4715827.5
A00232,Security,1635381,Open,1226535.75
A00232,Integration,7376851,Open,5532638.25
A00233,Analytics & Data,10232295,Open,7674221.25
A00233,AI & ML,1967122,Open,1475341.5
A00233,Applications,2727998,Open,2045998.5
A00234,Database,4202946,Open,3152209.5
A00234,Analytics & Data,5098881,Open,3824160.75
A00234,Security,9418431,Open,7063823.25
A00234,Applications,15227860,Open,11420895.0
A00235,Infrastructure,2979764,Open,2234823.0
A00235,Database,15312265,Open,11484198.75
A00235,Analytics & Data,3533319,Open,2649989.25
A00235,AI & ML,15488931,Open,11616698.25
A00235,Security,9892840,Open,7419630.0
A00235,Applications,2524858,Open,1893643.5
A00235,Integration,3713443,Open,2785082.25
A00236,Infrastructure,10393987,Open,7795490.25
A00236,Database,14840631,Open,11130473.25
A00236,Analytics & Data,4418408,Open,3313806.0
A00236,Security,5007577,Open,3755682.75
A00236,Applications,6661571,Open,4996178.25
A00237,Analytics & Data,3359616,Open,2519712.0
A00237,Security,1496546,Open,1122409.5
A00237,Applications,1895874,Open,1421905.5
A00238,Infrastructure,8424559,Open,6318419.25
A00238,Analytics & Data,15166973,Open,11375229.75
A00238,AI & ML,14618329,Open,10963746.75
A00238,Security,15138315,Open,11353736.25
A00238,Applications,10976795,Open,8232596.25
A00238,Integration,15346597,Open,11509947.75
A00239,Infrastructure,7395509,Open,5546631.75
A00240,Infrastructure,9169842,Open,6877381.5
A00241,Infrastructure,14967320,Open,11225490.0
A00241,Database,8061864,Open,6046398.0
A00241,AI & ML,10293207,Open,7719905.25
A00241,Security,8269404,Open,6202053.0
A00241,Applications,6509193,Open,4881894.75
A00241,Integration,11131475,Open,8348606.25
A00242,Analytics & Data,9148368,Open,6861276.0
A00243,Database,7863371,Open,5897528.25
A00243,Security,2932570,Open,2199427.5
A00243,Applications,2110532,Open,1582899.0
A00244,Database,9215188,Open,6911391.0
A00244,Analytics & Data,4737217,Open,3552912.75
A00244,AI & ML,1246121,Open,934590.75
A00244,Security,1764580,Open,1323435.0
A00244,Integration,1921638,Open,1441228.5
A00245,Infrastructure,14576923,Open,10932692.25
A00245,Database,3585518,Open,2689138.5
A00245,Analytics & Data,3696696,Open,2772522.0
A00245,AI & ML,14864587,Open,11148440.25
A00245,Security,15240334,Open,11430250.5
A00245,Applications,3767004,Open,2825253.0
A00245,Integration,14948543,Open,11211407.25
A00246,Database,4791399,Open,3593549.25
A00247,Database,10469988,Open,7852491.0
A00247,Analytics & Data,14829215,Open,11121911.25
A00247,AI & ML,14679532,Open,11009649.0
A00247,Security,14808619,Open,11106464.25
A00247,Applications,5255313,Open,3941484.75
A00247,Integration,15016651,Open,11262488.25
A00248,Infrastructure,15442080,Open,11581560.0
A00248,Analytics & Data,14866051,Open,11149538.25
A00248,AI & ML,2953350,Open,2215012.5
A00248,Security,14892457,Open,11169342.75
A00248,Applications,15115328,Open,11336496.0
A00248,Integration,14974666,Open,11230999.5
A00249,Database,7550517,Open,5662887.75
A00249,AI & ML,14830905,Open,11123178.75
A00249,Security,4522976,Open,3392232.0
A00249,Applications,4835517,Open,3626637.75
A00250,Infrastructure,4953747,Open,3715310.25
A00250,Applications,838361,Open,628770.75
A00251,Infrastructure,14789708,Open,11092281.0
A00251,Database,14645574,Open,10984180.5
A00251,Analytics & Data,15343470,Open,11507602.5
A00251,Security,8920628,Open,6690471.0
A00251,Applications,4976285,Open,3732213.75
A00252,Infrastructure,1123064,Open,842298.0
A00252,Applications,8087060,Open,6065295.0
A00253,Infrastructure,14799085,Open,11099313.75
A00253,Database,14619104,Open,10964328.0
A00253,AI & ML,14874064,Open,11155548.0
A00253,Applications,10373314,Open,7779985.5
A00254,Security,2079208,Open,1559406.0
A00254,Applications,2698766,Open,2024074.5
A00256,Infrastructure,14618065,Open,10963548.75
A00256,AI & ML,10157161,Open,7617870.75
A00256,Applications,5622596,Open,4216947.0
A00257,Infrastructure,15282428,Open,11461821.0
A00257,Database,4854738,Open,3641053.5
A00257,Analytics & Data,1073018,Open,804763.5
A00257,Security,3636501,Open,2727375.75
A00257,Applications,6859031,Open,5144273.25
A00257,Integration,9591373,Open,7193529.75
A00258,Database,1232296,Open,924222.0
A00258,Applications,796906,Open,597679.5
A00259,AI & ML,683740,Open,512805.0
A00259,Security,635057,Open,476292.75
A00260,Infrastructure,2098303,Open,1573727.25
A00260,Database,8318980,Open,6239235.0
A00260,AI & ML,15332894,Open,11499670.5
A00260,Security,4280550,Open,3210412.5
A00260,Applications,4729178,Open,3546883.5
A00262,Infrastructure,7284899,Open,5463674.25
A00262,Database,3633339,Open,2725004.25
A00262,Security,1065579,Open,799184.25
A00263,Database,9084238,Open,6813178.5
A00263,Analytics & Data,5649020,Open,4236765.0
A00263,AI & ML,692678,Open,519508.5
A00263,Integration,14898001,Open,11173500.75
A00264,Infrastructure,15416771,Open,11562578.25
A00264,Database,14984316,Open,11238237.0
A00264,Analytics & Data,10147735,Open,7610801.25
A00264,AI & ML,14983776,Open,11237832.0
A00264,Applications,15448503,Open,11586377.25
A00264,Integration,14939639,Open,11204729.25
A00265,Infrastructure,5511646,Open,4133734.5
A00265,Integration,1629955,Open,1222466.25
A00266,Infrastructure,215876,Open,161907.0
A00266,Applications,2797282,Open,2097961.5
A00267,Database,15165193,Open,11373894.75
A00267,AI & ML,4903870,Open,3677902.5
A00267,Security,3716104,Open,2787078.0
A00267,Applications,4366121,Open,3274590.75
A00267,Integration,8409273,Open,6306954.75
A00268,Infrastructure,2426848,Open,1820136.0
A00268,Database,4817277,Open,3612957.75
A00269,AI & ML,7615327,Open,5711495.25
A00270,Infrastructure,4047161,Open,3035370.75
A00270,Database,1247355,Open,935516.25
A00270,Security,2905048,Open,2178786.0
A00272,Database,1963729,Open,1472796.75
A00273,Infrastructure,15412586,Open,11559439.5
A00273,Database,15102835,Open,11327126.25
A00273,Analytics & Data,7985834,Open,5989375.5
A00273,AI & ML,14727318,Open,11045488.5
A00273,Security,9173163,Open,6879872.25
A00273,Applications,15301037,Open,11475777.75
A00273,Integration,14910610,Open,11182957.5
A00274,Analytics & Data,3371970,Open,2528977.5
A00274,AI & ML,1520585,Open,1140438.75
A00274,Applications,3730793,Open,2798094.75
A00275,AI & ML,2086287,Open,1564715.25
A00275,Integration,3839927,Open,2879945.25
A00276,Database,4520488,Open,3390366.0
A00277,Analytics & Data,3637879,Open,2728409.25
A00277,AI & ML,9785409,Open,7339056.75
A00277,Security,4533382,Open,3400036.5
A00277,Applications,14940733,Open,11205549.75
A00277,Integration,6570000,Open,4927500.0
A00278,Security,1119157,Open,839367.75
A00279,Infrastructure,14792517,Open,11094387.75
A00279,Database,5916785,Open,4437588.75
A00279,Integration,1624556,Open,1218417.0
A00280,Security,211050,Open,158287.5
A00281,Infrastructure,2503623,Open,1877717.25
A00281,Security,5892555,Open,4419416.25
A00282,Database,3407360,Open,2555520.0
A00282,Security,10450923,Open,7838192.25
A00283,Integration,3044712,Open,2283534.0
A00284,AI & ML,10058236,Open,7543677.0
A00284,Security,9029635,Open,6772226.25
A00285,Analytics & Data,2101821,Open,1576365.75
A00285,Security,9397947,Open,7048460.25
A00285,Applications,682989,Open,512241.75
A00285,Integration,5031396,Open,3773547.0
A00287,Database,3368178,Open,2526133.5
A00287,AI & ML,4814154,Open,3610615.5
A00287,Security,10171877,Open,7628907.75
A00287,Applications,8574556,Open,6430917.0
A00289,Applications,2940100,Open,2205075.0
A00289,Integration,10954526,Open,8215894.5
A00290,Infrastructure,15484578,Open,11613433.5
A00290,Database,1275126,Open,956344.5
A00290,Analytics & Data,14645890,Open,10984417.5
A00290,AI & ML,14795957,Open,11096967.75
A00290,Security,9527348,Open,7145511.0
A00290,Applications,15015046,Open,11261284.5
A00291,Database,4020819,Open,3015614.25
A00291,Applications,9374532,Open,7030899.0
A00291,Integration,8139265,Open,6104448.75
A00292,Infrastructure,15105792,Open,11329344.0
A00292,Database,3775506,Open,2831629.5
A00292,Analytics & Data,15028233,Open,11271174.75
A00292,AI & ML,15305834,Open,11479375.5
A00292,Security,14744405,Open,11058303.75
A00292,Applications,15361524,Open,11521143.0
A00292,Integration,14646113,Open,10984584.75
A00293,Analytics & Data,10089792,Open,7567344.0
A00293,AI & ML,6552330,Open,4914247.5
A00293,Security,8169933,Open,6127449.75
A00293,Applications,14998096,Open,11248572.0
A00295,Integration,1667156,Open,1250367.0
A00296,Infrastructure,7014746,Open,5261059.5
A00296,Database,7598671,Open,5699003.25
A00296,AI & ML,583176,Open,437382.0
A00296,Security,7743954,Open,5807965.5
A00296,Applications,5019696,Open,3764772.0
A00296,Integration,6373942,Open,4780456.5
A00297,Infrastructure,9299967,Open,6974975.25
A00297,Database,14976332,Open,11232249.0
A00297,Analytics & Data,4574699,Open,3431024.25
A00297,Security,15207302,Open,11405476.5
A00297,Applications,9615162,Open,7211371.5
A00297,Integration,15290701,Open,11468025.75
A00298,Database,214176,Open,160632.0
A00298,AI & ML,948707,Open,711530.25
A00299,Analytics & Data,9035988,Open,6776991.0
A00299,AI & ML,15347598,Open,11510698.5
A00299,Security,15254119,Open,11440589.25
A00299,Applications,5374299,Open,4030724.25
A00299,Integration,5566670,Open,4175002.5
A00300,Infrastructure,9807285,Open,7355463.75
A00300,AI & ML,9776842,Open,7332631.5
A00300,Security,287266,Open,215449.5
A00300,Applications,9709038,Open,7281778.5
A00300,Integration,8661656,Open,6496242.0
A00301,Infrastructure,647957,Open,485967.75
A00301,AI & ML,5920152,Open,4440114.0
A00301,Applications,1535295,Open,1151471.25
A00302,Infrastructure,2250409,Open,1687806.75
A00302,AI & ML,4994700,Open,3746025.0
A00303,Infrastructure,2476615,Open,1857461.25
A00303,Applications,1285034,Open,963775.5
A00304,AI & ML,9927550,Open,7445662.5
A00304,Applications,5674776,Open,4256082.0
A00305,Database,14657892,Open,10993419.0
A00305,Analytics & Data,9831191,Open,7373393.25
A00305,Applications,6714309,Open,5035731.75
A00306,Infrastructure,1289448,Open,967086.0
A00306,Database,6811447,Open,5108585.25
A00306,AI & ML,3583613,Open,2687709.75
A00306,Security,15247643,Open,11435732.25
A00306,Applications,7052707,Open,5289530.25
A00306,Integration,10501388,Open,7876041.0
A00308,Infrastructure,14949358,Open,11212018.5
A00308,Database,15114282,Open,11335711.5
A00308,AI & ML,8677368,Open,6508026.0
A00308,Security,7696400,Open,5772300.0
A00308,Applications,15213824,Open,11410368.0
A00308,Integration,7209065,Open,5406798.75
A00309,AI & ML,2518601,Open,1888950.75
A00310,Infrastructure,8098215,Open,6073661.25
A00310,Database,6940694,Open,5205520.5
A00310,Analytics & Data,3971595,Open,2978696.25
A00310,AI & ML,8994707,Open,6746030.25
A00310,Integration,2594935,Open,1946201.25
A00311,Infrastructure,5284327,Open,3963245.25
A00311,Database,3410661,Open,2557995.75
A00311,Analytics & Data,4347738,Open,3260803.5
A00311,AI & ML,7620664,Open,5715498.0
A00311,Security,6351468,Open,4763601.0
A00311,Applications,8260819,Open,6195614.25
A00312,Database,985747,Open,739310.25
A00312,AI & ML,915980,Open,686985.0
A00312,Security,5367745,Open,4025808.75
A00313,Infrastructure,10983053,Open,8237289.75
A00313,Security,11120036,Open,8340027.0
A00313,Applications,3682865,Open,2762148.75
A00313,Integration,5003837,Open,3752877.75
A00314,Analytics & Data,14977706,Open,11233279.5
A00314,AI & ML,14710740,Open,11033055.0
A00314,Security,5497540,Open,4123155.0
A00314,Applications,974600,Open,730950.0
A00314,Integration,15063376,Open,11297532.0
A00315,Analytics & Data,1994758,Open,1496068.5
A00315,Security,1331291,Open,998468.25
A00315,Applications,1845370,Open,1384027.5
A00315,Integration,11144115,Open,8358086.25
A00316,Infrastructure,9354890,Open,7016167.5
A00316,Analytics & Data,6007442,Open,4505581.5
A00316,AI & ML,5678188,Open,4258641.0
A00316,Applications,14921348,Open,11191011.0
A00316,Integration,4115438,Open,3086578.5
A00317,Database,15426691,Open,11570018.25
A00317,Analytics & Data,7047301,Open,5285475.75
A00317,AI & ML,2886378,Open,2164783.5
A00317,Security,1730763,Open,1298072.25
A00317,Applications,5728470,Open,4296352.5
A00317,Integration,14723132,Open,11042349.0
A00318,AI & ML,9439057,Open,7079292.75
A00318,Applications,10438403,Open,7828802.25
A00319,Infrastructure,15082468,Open,11311851.0
A00319,Database,15049406,Open,11287054.5
A00319,Analytics & Data,14848743,Open,11136557.25
A00319,Security,15065414,Open,11299060.5
A00319,Applications,14774288,Open,11080716.0
A00319,Integration,14771670,Open,11078752.5
A00320,Infrastructure,3423894,Open,2567920.5
A00320,Database,5873035,Open,4404776.25
A00320,Analytics & Data,4672543,Open,3504407.25
A00320,AI & ML,6211772,Open,4658829.0
A00320,Applications,15428152,Open,11571114.0
A00320,Integration,7789377,Open,5842032.75
A00321,Infrastructure,15430852,Open,11573139.0
A00321,Database,15247682,Open,11435761.5
A00321,Analytics & Data,14648578,Open,10986433.5
A00321,Applications,5058607,Open,3793955.25
A00321,Integration,14756987,Open,11067740.25
A00322,Infrastructure,10894950,Open,8171212.5
A00322,Database,15374617,Open,11530962.75
A00322,Analytics & Data,14788508,Open,11091381.0
A00322,AI & ML,9117325,Open,6837993.75
A00322,Applications,2876617,Open,2157462.75
A00322,Integration,14809782,Open,11107336.5
A00323,Infrastructure,11026720,Open,8270040.0
A00323,Database,14950515,Open,11212886.25
A00323,Analytics & Data,7855849,Open,5891886.75
A00323,AI & ML,14760407,Open,11070305.25
A00323,Security,2823221,Open,2117415.75
A00324,Analytics & Data,2242816,Open,1682112.0
A00324,Integration,723935,Open,542951.25
A00326,Database,14906008,Open,11179506.0
A00326,Analytics & Data,14758529,Open,11068896.75
A00326,Security,15429425,Open,11572068.75
A00326,Integration,15451391,Open,11588543.25
A00327,Infrastructure,14601469,Open,10951101.75
A00327,Database,14812041,Open,11109030.75
A00327,AI & ML,14766926,Open,11075194.5
A00327,Security,15181162,Open,11385871.5
A00327,Applications,2559505,Open,1919628.75
A00327,Integration,15332716,Open,11499537.0
A00328,Infrastructure,14574976,Open,10931232.0
A00328,Analytics & Data,15126386,Open,11344789.5
A00328,AI & ML,14599761,Open,10949820.75
A00328,Applications,6972931,Open,5229698.25
A00328,Integration,6076334,Open,4557250.5
A00330,Applications,2919409,Open,2189556.75
A00331,Infrastructure,5072353,Open,3804264.75
A00331,Analytics & Data,3456825,Open,2592618.75
A00331,AI & ML,2852220,Open,2139165.0
A00331,Security,9073661,Open,6805245.75
A00331,Applications,8620957,Open,6465717.75
A00331,Integration,8653044,Open,6489783.0
A00332,Infrastructure,9530125,Open,7147593.75
A00332,Security,5878127,Open,4408595.25
A00333,Infrastructure,15456486,Open,11592364.5
A00333,Database,1341120,Open,1005840.0
A00333,Security,4530736,Open,3398052.0
A00333,Applications,800512,Open,600384.0
A00335,Analytics & Data,8661491,Open,6496118.25
A00335,AI & ML,1003216,Open,752412.0
A00336,Analytics & Data,653878,Open,490408.5
A00337,AI & ML,692232,Open,519174.0
A00338,Infrastructure,9585418,Open,7189063.5
A00338,Analytics & Data,9730219,Open,7297664.25
A00338,Integration,7717367,Open,5788025.25
A00339,Database,2832778,Open,2124583.5
A00339,Analytics & Data,4786015,Open,3589511.25
A00339,AI & ML,9019828,Open,6764871.0
A00339,Applications,15225944,Open,11419458.0
A00339,Integration,3766644,Open,2824983.0
A00340,Infrastructure,3267642,Open,2450731.5
A00340,Analytics & Data,14807212,Open,11105409.0
A00340,AI & ML,10078020,Open,7558515.0
A00340,Security,6576542,Open,4932406.5
A00341,Infrastructure,3687228,Open,2765421.0
A00341,Database,15153383,Open,11365037.25
A00341,Analytics & Data,15057916,Open,11293437.0
A00341,AI & ML,14774160,Open,11080620.0
A00341,Security,14666977,Open,11000232.75
A00341,Integration,15102503,Open,11326877.25
A00342,Applications,3839734,Open,2879800.5
A00343,Infrastructure,4447430,Open,3335572.5
A00343,Database,8461893,Open,6346419.75
A00343,Analytics & Data,15441747,Open,11581310.25
A00343,AI & ML,15197349,Open,11398011.75
A00343,Security,9736658,Open,7302493.5
A00343,Applications,5448356,Open,4086267.0
A00343,Integration,8907563,Open,6680672.25
A00344,Database,15430183,Open,11572637.25
A00344,Analytics & Data,5792156,Open,4344117.0
A00344,AI & ML,4365415,Open,3274061.25
A00344,Security,4970348,Open,3727761.0
A00344,Applications,10981197,Open,8235897.75
A00344,Integration,5448783,Open,4086587.25
A00346,Infrastructure,9588191,Open,7191143.25
A00346,Database,2417240,Open,1812930.0
A00346,Analytics & Data,7522774,Open,5642080.5
A00346,AI & ML,2738888,Open,2054166.0
A00346,Integration,14815335,Open,11111501.25
A00347,Infrastructure,5513346,Open,4135009.5
A00347,Database,10354169,Open,7765626.75
A00347,AI & ML,15152939,Open,11364704.25
A00347,Security,14634863,Open,10976147.25
A00347,Applications,15006946,Open,11255209.5
A00347,Integration,5030688,Open,3773016.0
A00348,Infrastructure,11079318,Open,8309488.5
A00348,Database,7107682,Open,5330761.5
A00348,Analytics & Data,5668651,Open,4251488.25
A00348,AI & ML,10366076,Open,7774557.0
A00348,Security,15145769,Open,11359326.75
A00348,Applications,14762245,Open,11071683.75
A00348,Integration,10986450,Open,8239837.5
A00349,Infrastructure,8858443,Open,6643832.25
A00349,Analytics & Data,14634252,Open,10975689.0
A00349,AI & ML,8443982,Open,6332986.5
A00349,Security,10942760,Open,8207070.0
A00350,Analytics & Data,14746459,Open,11059844.25
A00350,AI & ML,1943678,Open,1457758.5
A00350,Applications,6806563,Open,5104922.25
A00351,Analytics & Data,10402408,Open,7801806.0
A00352,Security,2639813,Open,1979859.75
A00352,Applications,9913151,Open,7434863.25
A00352,Integration,7256811,Open,5442608.25
A00353,Analytics & Data,3275254,Open,2456440.5
A00353,Security,3725881,Open,2794410.75
A00353,Applications,11030344,Open,8272758.0
A00354,Infrastructure,10797384,Open,8098038.0
A00354,Database,14833044,Open,11124783.0
A00354,Analytics & Data,3842410,Open,2881807.5
A00354,AI & ML,11006883,Open,8255162.25
A00354,Security,14792936,Open,11094702.0
A00354,Applications,9888765,Open,7416573.75
A00355,Infrastructure,1308297,Open,981222.75
A00355,AI & ML,3929637,Open,2947227.75
A00356,Infrastructure,1381581,Open,1036185.75
A00356,Applications,15336941,Open,11502705.75
A00356,Integration,15237863,Open,11428397.25
A00357,Infrastructure,14707956,Open,11030967.0
A00357,Database,6627539,Open,4970654.25
A00357,AI & ML,6738361,Open,5053770.75
A00357,Security,6901576,Open,5176182.0
A00357,Integration,6047443,Open,4535582.25
A00358,Database,14944113,Open,11208084.75
A00358,Analytics & Data,15195282,Open,11396461.5
A00358,Security,14584122,Open,10938091.5
A00359,Infrastructure,9863577,Open,7397682.75
A00359,Database,1085377,Open,814032.75
A00359,Applications,9385815,Open,7039361.25
A00360,Infrastructure,662841,Open,497130.75
A00360,Database,2320659,Open,1740494.25
A00360,Analytics & Data,1348760,Open,1011570.0
A00360,AI & ML,8091129,Open,6068346.75
A00360,Security,1564736,Open,1173552.0
A00360,Applications,6477488,Open,4858116.0
A00361,Infrastructure,1640220,Open,1230165.0
A00361,Analytics & Data,2692639,Open,2019479.25
A00362,Infrastructure,6732689,Open,5049516.75
A00363,Infrastructure,14662961,Open,10997220.75
A00363,AI & ML,6499597,Open,4874697.75
A00363,Security,14924740,Open,11193555.0
A00363,Applications,10524772,Open,7893579.0
A00363,Integration,14901261,Open,11175945.75
A00364,Database,7801537,Open,5851152.75
A00364,Analytics & Data,4015027,Open,3011270.25
A00364,AI & ML,10687277,Open,8015457.75
A00364,Security,15456604,Open,11592453.0
A00364,Applications,14718565,Open,11038923.75
A00364,Integration,15146904,Open,11360178.0
A00365,Infrastructure,15187865,Open,11390898.75
A00365,Database,10528976,Open,7896732.0
A00365,AI & ML,9418563,Open,7063922.25
A00365,Security,7235335,Open,5426501.25
A00365,Integration,5801493,Open,4351119.75
A00366,Infrastructure,9887726,Open,7415794.5
A00366,Analytics & Data,14837221,Open,11127915.75
A00366,AI & ML,8922257,Open,6691692.75
A00366,Security,3905214,Open,2928910.5
A00366,Applications,15311894,Open,11483920.5
A00366,Integration,4048043,Open,3036032.25
A00367,Applications,830690,Open,623017.5
A00368,AI & ML,7633259,Open,5724944.25
A00368,Security,14821949,Open,11116461.75
A00369,Analytics & Data,5143628,Open,3857721.0
A00369,Integration,4289066,Open,3216799.5
A00371,Infrastructure,715269,Open,536451.75
A00371,Security,8502725,Open,6377043.75
A00372,Infrastructure,6127761,Open,4595820.75
A00372,Security,14963579,Open,11222684.25
A00372,Applications,7659250,Open,5744437.5
A00373,Infrastructure,5638319,Open,4228739.25
A00373,Database,3673846,Open,2755384.5
A00373,AI & ML,3906643,Open,2929982.25
A00373,Security,14702836,Open,11027127.0
A00373,Applications,7543569,Open,5657676.75
A00373,Integration,6461079,Open,4845809.25
A00374,AI & ML,515682,Open,386761.5
A00376,Infrastructure,5467463,Open,4100597.25
A00376,Database,14964359,Open,11223269.25
A00376,Analytics & Data,14927629,Open,11195721.75
A00376,AI & ML,5054296,Open,3790722.0
A00376,Integration,10840656,Open,8130492.0
A00377,Infrastructure,7666016,Open,5749512.0
A00377,Analytics & Data,8914528,Open,6685896.0
A00377,Security,15239140,Open,11429355.0
A00377,Applications,6557227,Open,4917920.25
A00378,Infrastructure,15256313,Open,11442234.75
A00378,Analytics & Data,15110024,Open,11332518.0
A00378,AI & ML,15129067,Open,11346800.25
A00378,Security,8936868,Open,6702651.0
A00378,Applications,14913680,Open,11185260.0
A00378,Integration,14887832,Open,11165874.0
A00379,Infrastructure,816392,Open,612294.0
A00379,Database,5926919,Open,4445189.25
A00379,Analytics & Data,9681764,Open,7261323.0
A00379,Security,2437438,Open,1828078.5
A00379,Integration,7358304,Open,5518728.0
A00380,Database,4619699,Open,3464774.25
A00380,Analytics & Data,4799647,Open,3599735.25
A00380,AI & ML,10783363,Open,8087522.25
A00380,Security,3805662,Open,2854246.5
A00380,Applications,4645282,Open,3483961.5
A00381,Security,372923,Open,279692.25
A00382,Integration,600584,Open,450438.0
A00383,Database,3105098,Open,2328823.5
A00383,Applications,1216283,Open,912212.25
A00383,Integration,10742331,Open,8056748.25
A00385,Infrastructure,7931165,Open,5948373.75
A00385,AI & ML,14577690,Open,10933267.5
A00385,Security,14932923,Open,11199692.25
A00386,Database,7339717,Open,5504787.75
A00386,Analytics & Data,8710766,Open,6533074.5
A00386,Integration,10579614,Open,7934710.5
A00387,Infrastructure,4073927,Open,3055445.25
A00387,Database,7253861,Open,5440395.75
A00387,Analytics & Data,2516305,Open,1887228.75
A00387,AI & ML,4199551,Open,3149663.25
A00387,Security,14873512,Open,11155134.0
A00387,Integration,7612672,Open,5709504.0
A00388,Database,2050952,Open,1538214.0
A00388,Security,6152586,Open,4614439.5
A00388,Applications,15172701,Open,11379525.75
A00389,Infrastructure,4928111,Open,3696083.25
A00389,Analytics & Data,9052781,Open,6789585.75
A00389,Security,6160734,Open,4620550.5
A00389,Applications,9053666,Open,6790249.5
A00390,Database,4668401,Open,3501300.75
A00390,Analytics & Data,6325535,Open,4744151.25
A00390,Security,8123356,Open,6092517.0
A00391,Analytics & Data,3056994,Open,2292745.5
A00391,AI & ML,1769904,Open,1327428.0
A00391,Applications,1442906,Open,1082179.5
A00392,Infrastructure,2700580,Open,2025435.0
A00392,Analytics & Data,7748927,Open,5811695.25
A00392,Security,4053532,Open,3040149.0
A00392,Applications,11078120,Open,8308590.0
A00392,Integration,2055589,Open,1541691.75
A00393,Analytics & Data,1512806,Open,1134604.5
A00393,AI & ML,10690762,Open,8018071.5
A00393,Security,992180,Open,744135.0
A00393,Integration,5359590,Open,4019692.5
A00394,Infrastructure,15306503,Open,11479877.25
A00394,Analytics & Data,8165810,Open,6124357.5
A00394,AI & ML,15494788,Open,11621091.0
A00394,Applications,15460753,Open,11595564.75
A00395,Infrastructure,5775283,Open,4331462.25
A00395,Database,15010544,Open,11257908.0
A00395,Analytics & Data,6438425,Open,4828818.75
A00395,AI & ML,14912185,Open,11184138.75
A00395,Security,15004485,Open,11253363.75
A00395,Applications,15347164,Open,11510373.0
A00395,Integration,6489800,Open,4867350.0
A00396,Infrastructure,2449540,Open,1837155.0
A00396,Analytics & Data,15016496,Open,11262372.0
A00396,AI & ML,14848078,Open,11136058.5
A00396,Security,14572686,Open,10929514.5
A00396,Applications,15411976,Open,11558982.0
A00396,Integration,15365561,Open,11524170.75
A00397,Infrastructure,7197085,Open,5397813.75
A00397,AI & ML,7353345,Open,5515008.75
A00400,Integration,2178656,Open,1633992.0
A00401,Infrastructure,10107708,Open,7580781.0
A00401,Database,14818839,Open,11114129.25
A00401,Security,14694683,Open,11021012.25
A00401,Integration,15169589,Open,11377191.75
A00402,Analytics & Data,1519866,Open,1139899.5
A00403,Analytics & Data,2756759,Open,2067569.25
A00404,Database,9426694,Open,7070020.5
A00404,AI & ML,5542456,Open,4156842.0
A00404,Applications,10786294,Open,8089720.5
A00404,Integration,3824868,Open,2868651.0
A00405,Security,754152,Open,565614.0
A00405,Applications,6410736,Open,4808052.0
A00406,Analytics & Data,14965407,Open,11224055.25
A00406,Security,8657176,Open,6492882.0
A00406,Applications,9488065,Open,7116048.75
A00406,Integration,2065155,Open,1548866.25
A00408,Infrastructure,6541528,Open,4906146.0
A00408,Analytics & Data,3367752,Open,2525814.0
A00408,Applications,8762846,Open,6572134.5
A00408,Integration,10491331,Open,7868498.25
A00409,Analytics & Data,3906489,Open,2929866.75
A00410,Infrastructure,1237486,Open,928114.5
A00410,Database,11084573,Open,8313429.75
A00410,Analytics & Data,529515,Open,397136.25
A00410,Security,798504,Open,598878.0
A00410,Integration,9045695,Open,6784271.25
A00412,Infrastructure,3206098,Open,2404573.5
A00412,Analytics & Data,5949596,Open,4462197.0
A00412,AI & ML,1091716,Open,818787.0
A00412,Security,5705384,Open,4279038.0
A00412,Applications,5320396,Open,3990297.0
A00413,Infrastructure,4581913,Open,3436434.75
A00413,Database,10721480,Open,8041110.0
A00413,Analytics & Data,14670234,Open,11002675.5
A00413,Applications,2482694,Open,1862020.5
A00414,Infrastructure,10593913,Open,7945434.75
A00414,Database,15354405,Open,11515803.75
A00414,Analytics & Data,9100672,Open,6825504.0
A00414,AI & ML,3999680,Open,2999760.0
A00414,Security,15020261,Open,11265195.75
A00414,Applications,15388510,Open,11541382.5
A00414,Integration,6953785,Open,5215338.75
A00415,Analytics & Data,9419011,Open,7064258.25
A00415,AI & ML,14839111,Open,11129333.25
A00415,Applications,14641997,Open,10981497.75
A00415,Integration,3753018,Open,2814763.5
A00416,AI & ML,1861950,Open,1396462.5
A00416,Security,3218761,Open,2414070.75
A00417,Analytics & Data,8885767,Open,6664325.25
A00417,AI & ML,9001324,Open,6750993.0
A00417,Security,6696924,Open,5022693.0
A00417,Applications,15065051,Open,11298788.25
A00418,Infrastructure,14929394,Open,11197045.5
A00418,Database,15409971,Open,11557478.25
A00418,AI & ML,8771515,Open,6578636.25
A00418,Applications,8463558,Open,6347668.5
A00418,Integration,5311529,Open,3983646.75
A00419,AI & ML,10387422,Open,7790566.5
A00419,Security,5252248,Open,3939186.0
A00420,Infrastructure,1923722,Open,1442791.5
A00420,AI & ML,8173779,Open,6130334.25
A00420,Security,2943767,Open,2207825.25
A00420,Applications,4280233,Open,3210174.75
A00421,Analytics & Data,5367661,Open,4025745.75
A00421,Security,6188777,Open,4641582.75
A00421,Applications,11082096,Open,8311572.0
A00422,Infrastructure,624784,Open,468588.0
A00423,Infrastructure,10263866,Open,7697899.5
A00423,Database,2262625,Open,1696968.75
A00423,Analytics & Data,15153696,Open,11365272.0
A00423,AI & ML,4723981,Open,3542985.75
A00423,Security,4872367,Open,3654275.25
A00423,Integration,9497472,Open,7123104.0
A00424,Infrastructure,3100856,Open,2325642.0
A00424,Integration,7822880,Open,5867160.0
A00425,Infrastructure,2115586,Open,1586689.5
A00425,Database,9437394,Open,7078045.5
A00426,Security,467789,Open,350841.75
A00427,Infrastructure,15331426,Open,11498569.5
A00427,Database,4412540,Open,3309405.0
A00427,Security,10766253,Open,8074689.75
A00427,Integration,15459820,Open,11594865.0
A00428,Analytics & Data,4304230,Open,3228172.5
A00428,AI & ML,3883970,Open,2912977.5
A00428,Security,881991,Open,661493.25
A00428,Applications,4420739,Open,3315554.25
A00429,Applications,93604,Open,70203.0
A00430,Infrastructure,14747808,Open,11060856.0
A00430,Database,7662201,Open,5746650.75
A00430,Analytics & Data,3116204,Open,2337153.0
A00430,Applications,5731426,Open,4298569.5
A00432,Infrastructure,732640,Open,549480.0
A00432,Analytics & Data,7201418,Open,5401063.5
A00433,Infrastructure,957650,Open,718237.5
A00434,Infrastructure,6541544,Open,4906158.0
A00434,Database,2051573,Open,1538679.75
A00434,Analytics & Data,10615726,Open,7961794.5
A00434,AI & ML,9203296,Open,6902472.0
A00434,Security,10763596,Open,8072697.0
A00434,Integration,4546992,Open,3410244.0
A00435,Infrastructure,9689764,Open,7267323.0
A00435,Analytics & Data,776231,Open,582173.25
A00435,AI & ML,681067,Open,510800.25
A00435,Security,9190111,Open,6892583.25
A00435,Integration,15213665,Open,11410248.75
A00436,Analytics & Data,2689503,Open,2017127.25
A00436,AI & ML,2909978,Open,2182483.5
A00437,Database,8403652,Open,6302739.0
A00437,Security,15251012,Open,11438259.0
A00437,Integration,3981830,Open,2986372.5
A00438,Infrastructure,3279351,Open,2459513.25
A00438,Analytics & Data,710809,Open,533106.75
A00438,AI & ML,2284622,Open,1713466.5
A00438,Security,7964408,Open,5973306.0
A00439,Infrastructure,9571286,Open,7178464.5
A00439,Database,10021454,Open,7516090.5
A00439,Analytics & Data,2434156,Open,1825617.0
A00439,Integration,1608878,Open,1206658.5
A00441,Infrastructure,1403774,Open,1052830.5
A00441,Analytics & Data,1423271,Open,1067453.25
A00441,AI & ML,10953795,Open,8215346.25
A00441,Security,3912851,Open,2934638.25
A00441,Applications,1917242,Open,1437931.5
A00442,Infrastructure,15165922,Open,11374441.5
A00442,Database,6694583,Open,5020937.25
A00442,Analytics & Data,4806826,Open,3605119.5
A00442,AI & ML,15294166,Open,11470624.5
A00442,Security,7803367,Open,5852525.25
A00442,Integration,14762059,Open,11071544.25
A00443,Infrastructure,9627436,Open,7220577.0
A00444,Infrastructure,3083098,Open,2312323.5
A00444,Analytics & Data,9751901,Open,7313925.75
A00444,AI & ML,15164534,Open,11373400.5
A00444,Security,1671931,Open,1253948.25
A00445,Database,14653223,Open,10989917.25
A00445,AI & ML,14901370,Open,11176027.5
A00445,Security,14700453,Open,11025339.75
A00445,Applications,1835226,Open,1376419.5
A00445,Integration,8035587,Open,6026690.25
A00446,Database,15123695,Open,11342771.25
A00446,Analytics & Data,11131174,Open,8348380.5
A00446,AI & ML,15233202,Open,11424901.5
A00446,Applications,4081223,Open,3060917.25
A00446,Integration,8505311,Open,6378983.25
A00447,Infrastructure,15253156,Open,11439867.0
A00447,Database,6561108,Open,4920831.0
A00447,Analytics & Data,6551934,Open,4913950.5
A00447,Applications,8738882,Open,6554161.5
A00449,Security,1393390,Open,1045042.5
A00450,Analytics & Data,6912555,Open,5184416.25
A00450,Integration,5559339,Open,4169504.25
A00451,Infrastructure,15144033,Open,11358024.75
A00451,Analytics & Data,15385656,Open,11539242.0
A00451,AI & ML,7927452,Open,5945589.0
A00451,Integration,10581760,Open,7936320.0
A00452,Infrastructure,5105006,Open,3828754.5
A00452,Database,6134110,Open,4600582.5
A00452,Analytics & Data,15046893,Open,11285169.75
A00452,AI & ML,5109835,Open,3832376.25
A00452,Security,14617436,Open,10963077.0
A00453,Analytics & Data,1890908,Open,1418181.0
A00453,AI & ML,8199101,Open,6149325.75
A00453,Applications,8646204,Open,6484653.0
A00453,Integration,1114981,Open,836235.75
A00454,AI & ML,8856014,Open,6642010.5
A00454,Applications,1983225,Open,1487418.75
A00455,Infrastructure,6075856,Open,4556892.0
A00455,AI & ML,10689712,Open,8017284.0
A00455,Security,9136059,Open,6852044.25
A00455,Applications,14705685,Open,11029263.75
A00455,Integration,2338855,Open,1754141.25
A00456,Infrastructure,6919656,Open,5189742.0
A00456,Database,14749031,Open,11061773.25
A00456,Analytics & Data,6626115,Open,4969586.25
A00456,Applications,6723410,Open,5042557.5
A00456,Integration,15024498,Open,11268373.5
A00457,Infrastructure,9776992,Open,7332744.0
A00457,Database,735977,Open,551982.75
A00457,Security,1367834,Open,1025875.5
A00458,Database,9771080,Open,7328310.0
A00458,Applications,2562859,Open,1922144.25
A00459,Infrastructure,10155066,Open,7616299.5
A00459,AI & ML,7105812,Open,5329359.0
A00459,Security,8854863,Open,6641147.25
A00460,Database,3755792,Open,2816844.0
A00460,AI & ML,2378189,Open,1783641.75
A00460,Security,989572,Open,742179.0
A00461,Infrastructure,813693,Open,610269.75
A00462,Database,6227357,Open,4670517.75
A00462,Analytics & Data,10505200,Open,7878900.0
A00462,Security,1384444,Open,1038333.0
A00463,Infrastructure,15433965,Open,11575473.75
A00463,Database,15283597,Open,11462697.75
A00463,Analytics & Data,14997182,Open,11247886.5
A00463,AI & ML,14940687,Open,11205515.25
A00463,Security,6135440,Open,4601580.0
A00463,Applications,14986128,Open,11239596.0
A00463,Integration,14578291,Open,10933718.25
A00464,Analytics & Data,3306663,Open,2479997.25
A00464,AI & ML,6163845,Open,4622883.75
A00464,Security,621139,Open,465854.25
A00464,Integration,4922432,Open,3691824.0
A00465,Infrastructure,15224491,Open,11418368.25
A00465,Database,10314324,Open,7735743.0
A00465,AI & ML,6879567,Open,5159675.25
A00465,Integration,14725780,Open,11044335.0
A00466,Infrastructure,628443,Open,471332.25
A00467,Analytics & Data,8223659,Open,6167744.25
A00467,Security,10577610,Open,7933207.5
A00467,Integration,3834416,Open,2875812.0
A00468,AI & ML,925800,Open,694350.0
A00468,Integration,5732025,Open,4299018.75
A00469,Infrastructure,15419427,Open,11564570.25
A00469,Database,15300661,Open,11475495.75
A00469,Analytics & Data,14693012,Open,11019759.0
A00469,AI & ML,14964791,Open,11223593.25
A00469,Security,9503801,Open,7127850.75
A00469,Integration,15218354,Open,11413765.5
A00471,Infrastructure,5733051,Open,4299788.25
A00471,Analytics & Data,3947808,Open,2960856.0
A00471,Applications,15036864,Open,11277648.0
A00471,Integration,15148499,Open,11361374.25
A00473,Analytics & Data,7231946,Open,5423959.5
A00473,Integration,2275497,Open,1706622.75
A00474,AI & ML,9679772,Open,7259829.0
A00474,Applications,4009990,Open,3007492.5
A00474,Integration,14887052,Open,11165289.0
A00475,Database,15458896,Open,11594172.0
A00475,Analytics & Data,15482406,Open,11611804.5
A00475,AI & ML,2787047,Open,2090285.25
A00475,Security,14916818,Open,11187613.5
A00475,Integration,14978787,Open,11234090.25
A00476,Infrastructure,14790692,Open,11093019.0
A00476,Database,15242634,Open,11431975.5
A00476,Analytics & Data,3478014,Open,2608510.5
A00476,AI & ML,15013232,Open,11259924.0
A00476,Security,15280885,Open,11460663.75
A00476,Applications,15495473,Open,11621604.75
A00476,Integration,15106002,Open,11329501.5
A00477,Database,2520936,Open,1890702.0
A00478,Infrastructure,3842243,Open,2881682.25
A00478,Database,1880003,Open,1410002.25
A00478,Analytics & Data,15167195,Open,11375396.25
A00478,AI & ML,14895630,Open,11171722.5
A00478,Security,14705541,Open,11029155.75
A00478,Integration,10135730,Open,7601797.5
A00482,Database,5526421,Open,4144815.75
A00482,AI & ML,4948773,Open,3711579.75
A00483,Database,15047314,Open,11285485.5
A00483,AI & ML,4269873,Open,3202404.75
A00483,Applications,5475655,Open,4106741.25
A00484,Infrastructure,15329325,Open,11496993.75
A00484,Database,3643862,Open,2732896.5
A00484,Analytics & Data,7738609,Open,5803956.75
A00484,AI & ML,10836915,Open,8127686.25
A00484,Security,10493711,Open,7870283.25
A00484,Applications,8036683,Open,6027512.25
A00485,Infrastructure,9200829,Open,6900621.75
A00485,AI & ML,6087297,Open,4565472.75
A00485,Applications,6904440,Open,5178330.0
A00485,Integration,15050221,Open,11287665.75
A00486,Database,14765380,Open,11074035.0
A00486,Analytics & Data,6802040,Open,5101530.0
A00486,Applications,7122299,Open,5341724.25
A00487,Database,1594889,Open,1196166.75
A00488,Infrastructure,15343778,Open,11507833.5
A00488,Database,1780594,Open,1335445.5
A00488,Analytics & Data,9221193,Open,6915894.75
A00488,AI & ML,9552423,Open,7164317.25
A00488,Security,3779364,Open,2834523.0
A00488,Applications,6046091,Open,4534568.25
A00489,Infrastructure,9163172,Open,6872379.0
A00489,Database,15255257,Open,11441442.75
A00489,Analytics & Data,4991498,Open,3743623.5
A00489,AI & ML,8188885,Open,6141663.75
A00489,Security,8406965,Open,6305223.75
A00489,Applications,15029933,Open,11272449.75
A00489,Integration,2461048,Open,1845786.0
A00490,Infrastructure,2251256,Open,1688442.0
A00490,Database,15422567,Open,11566925.25
A00490,AI & ML,6963071,Open,5222303.25
A00490,Applications,15468340,Open,11601255.0
A00490,Integration,5814910,Open,4361182.5
A00491,Database,1040917,Open,780687.75
A00492,Database,11076345,Open,8307258.75
A00492,Analytics & Data,14941165,Open,11205873.75
A00492,AI & ML,15366286,Open,11524714.5
A00492,Security,14953425,Open,11215068.75
A00492,Applications,3444215,Open,2583161.25
A00492,Integration,3168884,Open,2376663.0
A00493,Infrastructure,8235934,Open,6176950.5
A00493,Analytics & Data,7150430,Open,5362822.5
A00493,AI & ML,14788872,Open,11091654.0
A00493,Security,9826039,Open,7369529.25
A00493,Applications,9551504,Open,7163628.0
A00493,Integration,7241810,Open,5431357.5
A00494,Database,8247127,Open,6185345.25
A00495,Infrastructure,8680271,Open,6510203.25
A00495,Database,14604659,Open,10953494.25
A00495,AI & ML,5667267,Open,4250450.25
A00495,Security,9939644,Open,7454733.0
A00496,Infrastructure,15415468,Open,11561601.0
A00496,Database,15436577,Open,11577432.75
A00496,Analytics & Data,14705701,Open,11029275.75
A00496,AI & ML,9259424,Open,6944568.0
A00496,Applications,5375893,Open,4031919.75
A00496,Integration,9498274,Open,7123705.5
A00497,Database,14931440,Open,11198580.0
A00497,Applications,9589149,Open,7191861.75
A00497,Integration,11026088,Open,8269566.0
A00498,Infrastructure,5990525,Open,4492893.75
A00498,Database,14871741,Open,11153805.75
A00498,AI & ML,2769908,Open,2077431.0
A00498,Security,4804394,Open,3603295.5
A00498,Applications,8835747,Open,6626810.25
A00499,AI & ML,10315906,Open,7736929.5
A00499,Security,14586624,Open,10939968.0
A00500,Infrastructure,14882954,Open,11162215.5
A00500,Analytics & Data,5897785,Open,4423338.75
A00500,Security,4749236,Open,3561927.0
A00500,Applications,4327440,Open,3245580.0
A00500,Integration,7846076,Open,5884557.0
A00501,Infrastructure,6694504,Open,5020878.0
A00501,Analytics & Data,2728946,Open,2046709.5
A00501,AI & ML,8380334,Open,6285250.5
A00501,Applications,1685989,Open,1264491.75
A00502,Integration,2862988,Open,2147241.0
A00503,Infrastructure,15252195,Open,11439146.25
A00503,Database,3244523,Open,2433392.25
A00503,Analytics & Data,14943731,Open,11207798.25
A00503,AI & ML,7895449,Open,5921586.75
A00503,Security,14774345,Open,11080758.75
A00503,Applications,15393589,Open,11545191.75
A00503,Integration,14779937,Open,11084952.75
A00504,Infrastructure,3263751,Open,2447813.25
A00504,Database,11141053,Open,8355789.75
A00504,Analytics & Data,15323284,Open,11492463.0
A00504,AI & ML,14618152,Open,10963614.0
A00504,Applications,15002218,Open,11251663.5
A00505,Infrastructure,11029928,Open,8272446.0
A00505,Database,15068315,Open,11301236.25
A00505,Applications,15479614,Open,11609710.5
A00506,Analytics & Data,15488534,Open,11616400.5
A00506,AI & ML,15098288,Open,11323716.0
A00506,Applications,15009832,Open,11257374.0
A00506,Integration,1818798,Open,1364098.5
A00507,Infrastructure,1869346,Open,1402009.5
A00507,Security,11014366,Open,8260774.5
A00508,Infrastructure,979205,Open,734403.75
A00508,Analytics & Data,295054,Open,221290.5
A00508,Applications,1706572,Open,1279929.0
A00509,Infrastructure,5672827,Open,4254620.25
A00509,Analytics & Data,4314312,Open,3235734.0
A00509,Security,15298974,Open,11474230.5
A00509,Applications,7281495,Open,5461121.25
A00509,Integration,7746477,Open,5809857.75
A00510,Infrastructure,7630392,Open,5722794.0
A00510,Analytics & Data,10286097,Open,7714572.75
A00510,Security,5265048,Open,3948786.0
A00510,Integration,5973029,Open,4479771.75
A00511,Infrastructure,6357959,Open,4768469.25
A00511,Database,2976541,Open,2232405.75
A00511,Analytics & Data,5828581,Open,4371435.75
A00511,AI & ML,9775431,Open,7331573.25
A00511,Security,8248937,Open,6186702.75
A00511,Applications,9610236,Open,7207677.0
A00512,Database,14701483,Open,11026112.25
A00512,Applications,4050853,Open,3038139.75
A00512,Integration,6179461,Open,4634595.75
A00513,Security,732348,Open,549261.0
A00513,Integration,1209595,Open,907196.25
A00514,Database,4742493,Open,3556869.75
A00515,Database,3243810,Open,2432857.5
A00516,Infrastructure,4642304,Open,3481728.0
A00517,Database,675190,Open,506392.5
A00517,AI & ML,9328998,Open,6996748.5
A00517,Security,3142321,Open,2356740.75
A00517,Applications,10590838,Open,7943128.5
A00518,Database,223411,Open,167558.25
A00518,Analytics & Data,1025950,Open,769462.5
A00518,Applications,9071289,Open,6803466.75
A00518,Integration,8036703,Open,6027527.25
A00519,Applications,177798,Open,133348.5
A00520,Infrastructure,7567071,Open,5675303.25
A00520,Analytics & Data,8803918,Open,6602938.5
A00520,AI & ML,8729361,Open,6547020.75
A00520,Integration,15343140,Open,11507355.0
A00521,Analytics & Data,3456461,Open,2592345.75
A00522,Security,2708129,Open,2031096.75
A00522,Integration,879714,Open,659785.5
A00523,Infrastructure,7902230,Open,5926672.5
A00523,Integration,6303440,Open,4727580.0
A00524,Infrastructure,15201415,Open,11401061.25
A00524,Database,4680647,Open,3510485.25
A00524,Analytics & Data,11144218,Open,8358163.5
A00524,AI & ML,15070733,Open,11303049.75
A00524,Security,6347176,Open,4760382.0
A00524,Applications,15041363,Open,11281022.25
A00524,Integration,14585414,Open,10939060.5
A00525,Database,14929678,Open,11197258.5
A00525,Analytics & Data,15381164,Open,11535873.0
A00525,AI & ML,9064778,Open,6798583.5
A00525,Security,3946058,Open,2959543.5
A00525,Integration,14849574,Open,11137180.5
A00526,Infrastructure,1526547,Open,1144910.25
A00527,AI & ML,5701997,Open,4276497.75
A00527,Security,1617081,Open,1212810.75
A00527,Applications,11062818,Open,8297113.5
A00528,Infrastructure,6619409,Open,4964556.75
A00528,Database,3611738,Open,2708803.5
A00528,Analytics & Data,8605069,Open,6453801.75
A00529,Infrastructure,15398598,Open,11548948.5
A00529,Database,3801207,Open,2850905.25
A00529,Analytics & Data,5401383,Open,4051037.25
A00529,AI & ML,15492401,Open,11619300.75
A00529,Security,10614418,Open,7960813.5
A00529,Applications,14977257,Open,11232942.75
A00530,Database,15085530,Open,11314147.5
A00530,Analytics & Data,11059592,Open,8294694.0
A00530,Security,3862109,Open,2896581.75
A00531,Infrastructure,5799166,Open,4349374.5
A00531,Security,5375114,Open,4031335.5
A00531,Applications,5941383,Open,4456037.25
A00532,Analytics & Data,1358727,Open,1019045.25
A00532,AI & ML,1749816,Open,1312362.0
A00532,Applications,5104951,Open,3828713.25
A00532,Integration,1790146,Open,1342609.5
A00534,Infrastructure,3805291,Open,2853968.25
A00535,Infrastructure,4398366,Open,3298774.5
A00535,Database,14993146,Open,11244859.5
A00535,Analytics & Data,1007842,Open,755881.5
A00535,Security,6285432,Open,4714074.0
A00535,Applications,6658072,Open,4993554.0
A00535,Integration,10837139,Open,8127854.25
A00537,Infrastructure,3730587,Open,2797940.25
A00538,Database,15136248,Open,11352186.0
A00538,Analytics & Data,4386372,Open,3289779.0
A00538,Security,15040921,Open,11280690.75
A00538,Integration,1178105,Open,883578.75
A00539,Analytics & Data,4937696,Open,3703272.0
A00539,AI & ML,10384830,Open,7788622.5
A00539,Integration,14578094,Open,10933570.5
A00541,Infrastructure,2948117,Open,2211087.75
A00541,Database,4251191,Open,3188393.25
A00541,AI & ML,9558395,Open,7168796.25
A00541,Security,9745597,Open,7309197.75
A00541,Applications,14980616,Open,11235462.0
A00542,Analytics & Data,14897836,Open,11173377.0
A00542,Security,14667538,Open,11000653.5
A00542,Applications,4831912,Open,3623934.0
A00543,Database,4538145,Open,3403608.75
A00543,Analytics & Data,15073523,Open,11305142.25
A00543,Integration,2497336,Open,1873002.0
A00544,Infrastructure,10087352,Open,7565514.0
A00544,Analytics & Data,9589633,Open,7192224.75
A00544,AI & ML,15349577,Open,11512182.75
A00544,Security,14850603,Open,11137952.25
A00544,Applications,15398499,Open,11548874.25
A00545,Database,5172732,Open,3879549.0
A00545,Analytics & Data,4619570,Open,3464677.5
A00545,AI & ML,3813578,Open,2860183.5
A00545,Security,14668211,Open,11001158.25
A00545,Integration,15020436,Open,11265327.0
A00546,AI & ML,698669,Open,524001.75
A00547,Integration,5257516,Open,3943137.0
A00548,Infrastructure,1031842,Open,773881.5
A00548,Database,14894593,Open,11170944.75
A00549,Infrastructure,14576723,Open,10932542.25
A00549,Database,14662142,Open,10996606.5
A00549,Analytics & Data,10705769,Open,8029326.75
A00549,AI & ML,14851700,Open,11138775.0
A00549,Security,15154515,Open,11365886.25
A00550,AI & ML,111010,Open,83257.5
A00551,Database,5469606,Open,4102204.5
A00551,Security,1856946,Open,1392709.5
A00551,Integration,1776193,Open,1332144.75
A00553,Database,14728021,Open,11046015.75
A00553,Security,8109810,Open,6082357.5
A00553,Applications,6287999,Open,4715999.25
A00553,Integration,4551121,Open,3413340.75
A00554,AI & ML,15362221,Open,11521665.75
A00554,Applications,7257479,Open,5443109.25
A00554,Integration,11101683,Open,8326262.25
A00555,Infrastructure,15277336,Open,11458002.0
A00555,Database,15271800,Open,11453850.0
A00555,Analytics & Data,8678189,Open,6508641.75
A00555,Security,5384183,Open,4038137.25
A00555,Applications,14940441,Open,11205330.75
A00556,Infrastructure,14638574,Open,10978930.5
A00556,Database,15144353,Open,11358264.75
A00556,AI & ML,11028175,Open,8271131.25
A00556,Security,6418179,Open,4813634.25
A00556,Integration,14589565,Open,10942173.75
A00557,AI & ML,1557833,Open,1168374.75
A00559,Database,7627942,Open,5720956.5
A00559,Analytics & Data,10930805,Open,8198103.75
A00559,Applications,4423411,Open,3317558.25
A00559,Integration,15471868,Open,11603901.0
A00560,Database,14956608,Open,11217456.0
A00560,Analytics & Data,14597154,Open,10947865.5
A00560,AI & ML,15471697,Open,11603772.75
A00560,Security,15476591,Open,11607443.25
A00560,Applications,14794756,Open,11096067.0
A00560,Integration,8013420,Open,6010065.0
A00561,Database,683703,Open,512777.25
A00561,Analytics & Data,1860937,Open,1395702.75
A00561,AI & ML,2326913,Open,1745184.75
A00563,Infrastructure,2934504,Open,2200878.0
A00563,AI & ML,15261880,Open,11446410.0
A00564,Infrastructure,1299199,Open,974399.25
A00564,Database,15211239,Open,11408429.25
A00564,Analytics & Data,15421149,Open,11565861.75
A00564,AI & ML,15349991,Open,11512493.25
A00564,Applications,15318954,Open,11489215.5
A00564,Integration,15111922,Open,11333941.5
A00565,Database,6356377,Open,4767282.75
A00565,AI & ML,1737411,Open,1303058.25
A00565,Applications,690195,Open,517646.25
A00566,Infrastructure,7814332,Open,5860749.0
A00567,Applications,7485465,Open,5614098.75
A00567,Integration,3343817,Open,2507862.75
A00568,Analytics & Data,633267,Open,474950.25
A00568,Applications,3381419,Open,2536064.25
A00569,Infrastructure,2759864,Open,2069898.0
A00569,Database,9645824,Open,7234368.0
A00569,AI & ML,15034692,Open,11276019.0
A00569,Applications,6082590,Open,4561942.5
A00569,Integration,5980379,Open,4485284.25
A00570,Analytics & Data,1294838,Open,971128.5
A00571,Infrastructure,10562038,Open,7921528.5
A00571,Database,4683901,Open,3512925.75
A00571,Analytics & Data,15342290,Open,11506717.5
A00571,AI & ML,14731146,Open,11048359.5
A00571,Security,7879392,Open,5909544.0
A00571,Applications,15348208,Open,11511156.0
A00571,Integration,8703845,Open,6527883.75
A00572,Analytics & Data,3741210,Open,2805907.5
A00572,AI & ML,1686945,Open,1265208.75
A00572,Applications,2784390,Open,2088292.5
A00573,Infrastructure,4522500,Open,3391875.0
A00573,Database,5302748,Open,3977061.0
A00573,Analytics & Data,14650825,Open,10988118.75
A00573,AI & ML,5271106,Open,3953329.5
A00573,Security,9980769,Open,7485576.75
A00573,Integration,6161730,Open,4621297.5
A00574,Infrastructure,15315064,Open,11486298.0
A00574,Database,9711187,Open,7283390.25
A00574,AI & ML,8058211,Open,6043658.25
A00575,Infrastructure,9456788,Open,7092591.0
A00575,Database,6896512,Open,5172384.0
A00575,AI & ML,262395,Open,196796.25
A00575,Applications,9694536,Open,7270902.0
A00577,AI & ML,838010,Open,628507.5
A00578,Infrastructure,14938539,Open,11203904.25
A00578,AI & ML,14800528,Open,11100396.0
A00578,Security,3029955,Open,2272466.25
A00578,Applications,7688017,Open,5766012.75
A00579,Integration,8391942,Open,6293956.5
A00580,Analytics & Data,6160633,Open,4620474.75
A00580,Security,2713878,Open,2035408.5
A00581,AI & ML,8916387,Open,6687290.25
A00581,Applications,9566431,Open,7174823.25
A00582,Infrastructure,14640922,Open,10980691.5
A00582,Database,15428274,Open,11571205.5
A00582,Analytics & Data,15372026,Open,11529019.5
A00582,AI & ML,15388777,Open,11541582.75
A00582,Security,15384194,Open,11538145.5
A00582,Integration,15396766,Open,11547574.5
A00583,Database,14739718,Open,11054788.5
A00583,Analytics & Data,14842581,Open,11131935.75
A00583,AI & ML,15027451,Open,11270588.25
A00583,Security,15498403,Open,11623802.25
A00583,Applications,2026262,Open,1519696.5
A00583,Integration,2345510,Open,1759132.5
A00584,Infrastructure,15378166,Open,11533624.5
A00584,Analytics & Data,14967258,Open,11225443.5
A00584,AI & ML,1267149,Open,950361.75
A00584,Security,15333811,Open,11500358.25
A00584,Applications,15131233,Open,11348424.75
A00584,Integration,8528331,Open,6396248.25
A00585,Infrastructure,151935,Open,113951.25
A00585,AI & ML,1233655,Open,925241.25
A00585,Applications,1425256,Open,1068942.0
A00586,Infrastructure,15219253,Open,11414439.75
A00586,Database,14681869,Open,11011401.75
A00586,Analytics & Data,15094354,Open,11320765.5
A00586,AI & ML,14989756,Open,11242317.0
A00586,Security,15236498,Open,11427373.5
A00586,Applications,15195242,Open,11396431.5
A00587,Database,733933,Open,550449.75
A00587,Analytics & Data,15075277,Open,11306457.75
A00587,AI & ML,1832034,Open,1374025.5
A00587,Integration,14688003,Open,11016002.25
A00588,Integration,771842,Open,578881.5
A00589,Database,445455,Open,334091.25
A00589,Security,10738701,Open,8054025.75
A00590,Analytics & Data,1581551,Open,1186163.25
A00590,Security,4192209,Open,3144156.75
A00590,Applications,7730783,Open,5798087.25
A00591,Infrastructure,14715610,Open,11036707.5
A00591,Database,5852878,Open,4389658.5
A00591,Analytics & Data,5673084,Open,4254813.0
A00591,Security,8617859,Open,6463394.25
A00591,Applications,1711828,Open,1283871.0
A00592,Infrastructure,15380109,Open,11535081.75
A00592,Database,14675214,Open,11006410.5
A00592,AI & ML,14804002,Open,11103001.5
A00592,Security,14827564,Open,11120673.0
A00592,Applications,15288522,Open,11466391.5
A00592,Integration,14668096,Open,11001072.0
A00593,Infrastructure,9334866,Open,7001149.5
A00593,Database,9206395,Open,6904796.25
A00593,Analytics & Data,3989524,Open,2992143.0
A00593,Integration,931612,Open,698709.0
A00594,Integration,825260,Open,618945.0
A00595,Analytics & Data,7097888,Open,5323416.0
A00595,Security,15460131,Open,11595098.25
A00595,Applications,4301631,Open,3226223.25
A00597,Infrastructure,3282737,Open,2462052.75
A00597,Database,15451659,Open,11588744.25
A00597,Analytics & Data,11041455,Open,8281091.25
A00597,AI & ML,4266015,Open,3199511.25
A00597,Security,3515453,Open,2636589.75
A00597,Applications,11133164,Open,8349873.0
A00597,Integration,8019626,Open,6014719.5
A00598,Analytics & Data,7149870,Open,5362402.5
A00598,Applications,2115932,Open,1586949.0
A00599,Analytics & Data,9294483,Open,6970862.25
A00599,Applications,14679539,Open,11009654.25
A00600,Database,3803798,Open,2852848.5
A00601,Database,4424171,Open,3318128.25
A00601,AI & ML,15062066,Open,11296549.5
A00601,Integration,1046033,Open,784524.75
A00602,Analytics & Data,2420514,Open,1815385.5
A00602,AI & ML,14655918,Open,10991938.5
A00602,Security,15401045,Open,11550783.75
A00602,Applications,14679757,Open,11009817.75
A00602,Integration,10591806,Open,7943854.5
A00603,Infrastructure,8172131,Open,6129098.25
A00603,Analytics & Data,211086,Open,158314.5
A00603,Applications,4964577,Open,3723432.75
A00603,Integration,2556819,Open,1917614.25
A00604,Analytics & Data,6905607,Open,5179205.25
A00604,Applications,5612569,Open,4209426.75
A00605,Infrastructure,7547555,Open,5660666.25
A00605,Analytics & Data,2983770,Open,2237827.5
A00605,AI & ML,628328,Open,471246.0
A00606,Infrastructure,6547877,Open,4910907.75
A00606,AI & ML,10234981,Open,7676235.75
A00606,Integration,2038164,Open,1528623.0
A00608,Infrastructure,9521396,Open,7141047.0
A00608,Database,4887602,Open,3665701.5
A00608,Analytics & Data,6385931,Open,4789448.25
A00608,AI & ML,5911909,Open,4433931.75
A00608,Security,4273767,Open,3205325.25
A00608,Applications,7524374,Open,5643280.5
A00608,Integration,1611697,Open,1208772.75
A00609,Analytics & Data,6830592,Open,5122944.0
A00610,Infrastructure,15393516,Open,11545137.0
A00610,Database,9997232,Open,7497924.0
A00610,Analytics & Data,14646031,Open,10984523.25
A00610,Security,15220754,Open,11415565.5
A00610,Applications,15482649,Open,11611986.75
A00610,Integration,3881401,Open,2911050.75
A00611,Database,3054563,Open,2290922.25
A00611,AI & ML,767612,Open,575709.0
A00611,Integration,5320085,Open,3990063.75
A00612,Infrastructure,3333772,Open,2500329.0
A00612,Analytics & Data,4766093,Open,3574569.75
A00612,AI & ML,8075401,Open,6056550.75
A00612,Security,15196864,Open,11397648.0
A00612,Applications,2663022,Open,1997266.5
A00612,Integration,3595469,Open,2696601.75
A00613,Database,15002633,Open,11251974.75
A00613,Analytics & Data,14970816,Open,11228112.0
A00613,AI & ML,1278347,Open,958760.25
A00613,Security,7228191,Open,5421143.25
A00613,Applications,8187184,Open,6140388.0
A00614,Database,9887582,Open,7415686.5
A00614,AI & ML,14952082,Open,11214061.5
A00614,Security,5695692,Open,4271769.0
A00614,Integration,8721960,Open,6541470.0
A00615,Analytics & Data,703757,Open,527817.75
A00616,Analytics & Data,1043171,Open,782378.25
A00616,AI & ML,9662319,Open,7246739.25
A00617,Infrastructure,8381082,Open,6285811.5
A00617,Analytics & Data,5790220,Open,4342665.0
A00617,AI & ML,6677395,Open,5008046.25
A00617,Security,14617520,Open,10963140.0
A00618,Infrastructure,864205,Open,648153.75
A00618,Database,4593122,Open,3444841.5
A00618,Analytics & Data,9659686,Open,7244764.5
A00618,Security,8511662,Open,6383746.5
A00618,Applications,5483390,Open,4112542.5
A00618,Integration,2880487,Open,2160365.25
A00620,Infrastructure,1536846,Open,1152634.5
A00620,Database,2143126,Open,1607344.5
A00620,AI & ML,4791505,Open,3593628.75
A00620,Security,4831816,Open,3623862.0
A00620,Applications,5748954,Open,4311715.5
A00621,Infrastructure,15047839,Open,11285879.25
A00621,Database,15124963,Open,11343722.25
A00621,Analytics & Data,5588531,Open,4191398.25
A00621,Security,7571706,Open,5678779.5
A00621,Applications,9583466,Open,7187599.5
A00621,Integration,9928499,Open,7446374.25
A00622,Infrastructure,6777867,Open,5083400.25
A00622,Database,5917323,Open,4437992.25
A00622,Analytics & Data,10533983,Open,7900487.25
A00622,AI & ML,10681769,Open,8011326.75
A00622,Applications,268312,Open,201234.0
A00622,Integration,8505108,Open,6378831.0
A00623,Infrastructure,15348473,Open,11511354.75
A00623,Database,15350610,Open,11512957.5
A00623,Analytics & Data,14949449,Open,11212086.75
A00623,Security,15023668,Open,11267751.0
A00623,Applications,3710656,Open,2782992.0
A00623,Integration,9413804,Open,7060353.0
A00624,Database,7307165,Open,5480373.75
A00624,AI & ML,5062154,Open,3796615.5
A00624,Integration,7598129,Open,5698596.75
A00625,Database,4880568,Open,3660426.0
A00625,AI & ML,14635174,Open,10976380.5
A00625,Security,15449273,Open,11586954.75
A00625,Applications,7723558,Open,5792668.5
A00626,Infrastructure,1653569,Open,1240176.75
A00626,Database,10489533,Open,7867149.75
A00626,Applications,15213127,Open,11409845.25
A00626,Integration,2648704,Open,1986528.0
A00627,Infrastructure,15485133,Open,11613849.75
A00627,Database,3922643,Open,2941982.25
A00627,Analytics & Data,9968597,Open,7476447.75
A00627,Security,15276803,Open,11457602.25
A00627,Integration,15357385,Open,11518038.75
A00628,Security,5983810,Open,4487857.5
A00628,Integration,3038421,Open,2278815.75
A00630,Infrastructure,3004707,Open,2253530.25
A00630,Database,14688225,Open,11016168.75
A00630,AI & ML,15104178,Open,11328133.5
A00630,Security,14722921,Open,11042190.75
A00630,Applications,15167422,Open,11375566.5
A00630,Integration,4089174,Open,3066880.5
A00632,Infrastructure,10044682,Open,7533511.5
A00632,Database,5048252,Open,3786189.0
A00632,Analytics & Data,6517805,Open,4888353.75
A00632,AI & ML,376873,Open,282654.75
A00632,Security,15261949,Open,11446461.75
A00632,Integration,6648449,Open,4986336.75
A00633,Infrastructure,14602006,Open,10951504.5
A00633,Analytics & Data,8824556,Open,6618417.0
A00633,Security,15081708,Open,11311281.0
A00633,Applications,15168485,Open,11376363.75
A00633,Integration,9898932,Open,7424199.0
A00634,Database,15449379,Open,11587034.25
A00634,Analytics & Data,15403620,Open,11552715.0
A00634,AI & ML,3564044,Open,2673033.0
A00634,Applications,6076815,Open,4557611.25
A00634,Integration,2148261,Open,1611195.75
A00635,Infrastructure,15378089,Open,11533566.75
A00635,Database,14928241,Open,11196180.75
A00635,Analytics & Data,15452119,Open,11589089.25
A00635,AI & ML,6278322,Open,4708741.5
A00635,Security,15207818,Open,11405863.5
A00635,Integration,5748280,Open,4311210.0
A00636,Infrastructure,7562161,Open,5671620.75
A00636,Analytics & Data,7576120,Open,5682090.0
A00636,Security,14629625,Open,10972218.75
A00636,Applications,15106845,Open,11330133.75
A00637,Infrastructure,15451312,Open,11588484.0
A00637,AI & ML,4098292,Open,3073719.0
A00638,Infrastructure,14660012,Open,10995009.0
A00638,Integration,7030269,Open,5272701.75
A00639,Security,1563842,Open,1172881.5
A00640,Infrastructure,1683356,Open,1262517.0
A00640,Integration,9492957,Open,7119717.75
A00641,Infrastructure,14713093,Open,11034819.75
A00641,Database,15097809,Open,11323356.75
A00641,Analytics & Data,15017152,Open,11262864.0
A00641,AI & ML,14675163,Open,11006372.25
A00641,Security,15253166,Open,11439874.5
A00641,Applications,15069006,Open,11301754.5
A00642,Database,10074776,Open,7556082.0
A00642,AI & ML,1267006,Open,950254.5
A00642,Integration,2298059,Open,1723544.25
A00643,Infrastructure,14671924,Open,11003943.0
A00643,Database,3488166,Open,2616124.5
A00643,AI & ML,5967276,Open,4475457.0
A00643,Security,14901707,Open,11176280.25
A00643,Integration,7640454,Open,5730340.5
A00644,Analytics & Data,5387415,Open,4040561.25
A00644,Applications,2782598,Open,2086948.5
A00645,Database,5862844,Open,4397133.0
A00645,Analytics & Data,8640642,Open,6480481.5
A00645,AI & ML,8366811,Open,6275108.25
A00645,Applications,9970751,Open,7478063.25
A00646,AI & ML,15349894,Open,11512420.5
A00646,Integration,4428143,Open,3321107.25
A00647,Infrastructure,15066843,Open,11300132.25
A00647,Database,8585432,Open,6439074.0
A00647,Analytics & Data,14782301,Open,11086725.75
A00647,AI & ML,8200132,Open,6150099.0
A00647,Security,5762925,Open,4322193.75
A00647,Applications,9371101,Open,7028325.75
A00647,Integration,7437057,Open,5577792.75
A00649,Infrastructure,8873346,Open,6655009.5
A00649,Database,9521828,Open,7141371.0
A00649,Analytics & Data,15399252,Open,11549439.0
A00649,AI & ML,7261226,Open,5445919.5
A00649,Security,10005068,Open,7503801.0
A00649,Integration,5771486,Open,4328614.5
A00650,Infrastructure,2677508,Open,2008131.0
A00650,Applications,996243,Open,747182.25
A00650,Integration,3070186,Open,2302639.5
A00651,Applications,2038006,Open,1528504.5
A00651,Integration,2038000,Open,1528500.0
A00652,Database,647015,Open,485261.25
A00652,Analytics & Data,15018246,Open,11263684.5
A00652,Security,2447646,Open,1835734.5
A00652,Applications,3609712,Open,2707284.0
A00652,Integration,2475422,Open,1856566.5
A00653,Security,14991424,Open,11243568.0
A00653,Applications,15214869,Open,11411151.75
A00655,Database,2152018,Open,1614013.5
A00655,Analytics & Data,469567,Open,352175.25
A00655,Integration,2014779,Open,1511084.25
A00656,Infrastructure,8992331,Open,6744248.25
A00656,AI & ML,5607709,Open,4205781.75
A00657,Infrastructure,15125051,Open,11343788.25
A00657,Database,15242122,Open,11431591.5
A00657,AI & ML,6661272,Open,4995954.0
A00658,Database,8574698,Open,6431023.5
A00658,Analytics & Data,1928927,Open,1446695.25
A00658,Security,10963683,Open,8222762.25
A00658,Integration,14911829,Open,11183871.75
A00659,Analytics & Data,8268687,Open,6201515.25
A00660,Database,6358878,Open,4769158.5
A00660,Applications,273521,Open,205140.75
A00662,Applications,172170,Open,129127.5
A00663,Infrastructure,418684,Open,314013.0
A00663,AI & ML,2370091,Open,1777568.25
A00664,Infrastructure,11074230,Open,8305672.5
A00664,Database,8805566,Open,6604174.5
A00664,Analytics & Data,6881881,Open,5161410.75
A00664,Security,4878623,Open,3658967.25
A00665,Infrastructure,15478263,Open,11608697.25
A00665,Database,14668950,Open,11001712.5
A00665,Analytics & Data,15113074,Open,11334805.5
A00665,Security,15473666,Open,11605249.5
A00665,Applications,14584761,Open,10938570.75
A00666,Infrastructure,9634074,Open,7225555.5
A00666,Database,7552162,Open,5664121.5
A00666,Analytics & Data,7327171,Open,5495378.25
A00666,AI & ML,5486444,Open,4114833.0
A00666,Security,4593204,Open,3444903.0
A00666,Applications,2819314,Open,2114485.5
A00666,Integration,8584309,Open,6438231.75
A00667,AI & ML,3174234,Open,2380675.5
A00667,Integration,8889460,Open,6667095.0
A00668,Infrastructure,4794552,Open,3595914.0
A00668,Database,6911679,Open,5183759.25
A00668,Analytics & Data,8105300,Open,6078975.0
A00668,AI & ML,15487824,Open,11615868.0
A00668,Security,7428734,Open,5571550.5
A00668,Applications,5721741,Open,4291305.75
A00669,Infrastructure,15474235,Open,11605676.25
A00669,Database,6971622,Open,5228716.5
A00669,AI & ML,11074733,Open,8306049.75
A00669,Security,5989115,Open,4491836.25
A00669,Integration,14961003,Open,11220752.25
A00670,Database,9261423,Open,6946067.25
A00670,Security,15043012,Open,11282259.0
A00670,Applications,14652741,Open,10989555.75
A00670,Integration,14629427,Open,10972070.25
A00671,Infrastructure,14900761,Open,11175570.75
A00671,Database,14975318,Open,11231488.5
A00671,Analytics & Data,14598909,Open,10949181.75
A00671,AI & ML,15431553,Open,11573664.75
A00671,Security,14936289,Open,11202216.75
A00671,Applications,14924624,Open,11193468.0
A00671,Integration,14586430,Open,10939822.5
A00672,Infrastructure,14906565,Open,11179923.75
A00672,Database,14695661,Open,11021745.75
A00672,Analytics & Data,10764075,Open,8073056.25
A00672,Security,14849407,Open,11137055.25
A00673,Security,15268612,Open,11451459.0
A00675,Analytics & Data,2892623,Open,2169467.25
A00675,Security,6885410,Open,5164057.5
A00675,Applications,8902106,Open,6676579.5
A00676,Infrastructure,3671745,Open,2753808.75
A00676,Database,15303508,Open,11477631.0
A00676,Analytics & Data,15408185,Open,11556138.75
A00676,AI & ML,9969996,Open,7477497.0
A00676,Integration,5888496,Open,4416372.0
A00677,Database,10603466,Open,7952599.5
A00677,AI & ML,1405328,Open,1053996.0
A00677,Integration,3370818,Open,2528113.5
A00679,Database,6538422,Open,4903816.5
A00679,Applications,2893587,Open,2170190.25
A00680,Database,15250917,Open,11438187.75
A00680,AI & ML,15246904,Open,11435178.0
A00680,Security,930358,Open,697768.5
A00680,Applications,15258917,Open,11444187.75
A00681,Applications,8230340,Open,6172755.0
A00682,Infrastructure,3446362,Open,2584771.5
A00682,Database,14975245,Open,11231433.75
A00682,Security,853594,Open,640195.5
A00682,Integration,15043270,Open,11282452.5
A00683,Infrastructure,14820968,Open,11115726.0
A00683,Database,3408865,Open,2556648.75
A00683,AI & ML,5523387,Open,4142540.25
A00683,Security,14734140,Open,11050605.0
A00683,Applications,15278627,Open,11458970.25
A00683,Integration,7644468,Open,5733351.0
A00684,Database,6962809,Open,5222106.75
A00684,Analytics & Data,2884715,Open,2163536.25
A00684,AI & ML,10219361,Open,7664520.75
A00684,Applications,1146072,Open,859554.0
A00685,Infrastructure,2052420,Open,1539315.0
A00685,Database,4835496,Open,3626622.0
A00686,Database,4218293,Open,3163719.75
A00686,Security,4181361,Open,3136020.75
A00686,Applications,5458733,Open,4094049.75
A00687,Applications,2201778,Open,1651333.5
A00688,AI & ML,3031610,Open,2273707.5
A00689,Applications,5251602,Open,3938701.5
A00690,Database,693463,Open,520097.25
A00690,AI & ML,5915684,Open,4436763.0
A00690,Security,5542400,Open,4156800.0
A00691,Infrastructure,15341704,Open,11506278.0
A00691,Database,8138072,Open,6103554.0
A00691,Analytics & Data,6616398,Open,4962298.5
A00691,AI & ML,14597443,Open,10948082.25
A00691,Security,6041820,Open,4531365.0
A00691,Integration,10973874,Open,8230405.5
A00692,Analytics & Data,1689304,Open,1266978.0
A00692,Applications,2996963,Open,2247722.25
A00693,Infrastructure,14883167,Open,11162375.25
A00693,Database,15020162,Open,11265121.5
A00693,AI & ML,7712117,Open,5784087.75
A00693,Security,3783190,Open,2837392.5
A00693,Integration,3154455,Open,2365841.25
A00694,Infrastructure,15126982,Open,11345236.5
A00694,Database,15088887,Open,11316665.25
A00694,Analytics & Data,14963515,Open,11222636.25
A00694,AI & ML,14721638,Open,11041228.5
A00694,Applications,14709960,Open,11032470.0
A00694,Integration,9307098,Open,6980323.5
A00695,Database,1966918,Open,1475188.5
A00696,Analytics & Data,6136878,Open,4602658.5
A00696,AI & ML,712810,Open,534607.5
A00696,Security,9629287,Open,7221965.25
A00696,Applications,9843989,Open,7382991.75
A00696,Integration,8279517,Open,6209637.75
A00697,Infrastructure,6792651,Open,5094488.25
A00697,Analytics & Data,5805168,Open,4353876.0
A00697,AI & ML,10034435,Open,7525826.25
A00697,Security,5452351,Open,4089263.25
A00697,Integration,7185310,Open,5388982.5
A00698,Infrastructure,8286363,Open,6214772.25
A00698,Database,3812474,Open,2859355.5
A00698,Analytics & Data,869720,Open,652290.0
A00698,AI & ML,8177322,Open,6132991.5
A00698,Security,3990458,Open,2992843.5
A00698,Applications,10252898,Open,7689673.5
A00700,Infrastructure,15192291,Open,11394218.25
A00700,Database,5864311,Open,4398233.25
A00700,Analytics & Data,9396732,Open,7047549.0
A00700,AI & ML,7362874,Open,5522155.5
A00700,Security,6756235,Open,5067176.25
A00700,Applications,3561704,Open,2671278.0
A00701,AI & ML,9610459,Open,7207844.25
A00701,Security,15133346,Open,11350009.5
A00701,Integration,14707187,Open,11030390.25
A00702,Infrastructure,2685403,Open,2014052.25
A00702,Database,3150016,Open,2362512.0
A00702,AI & ML,3830728,Open,2873046.0
A00702,Applications,4497418,Open,3373063.5
A00703,Infrastructure,10391989,Open,7793991.75
A00703,Database,15212526,Open,11409394.5
A00703,Analytics & Data,6068716,Open,4551537.0
A00703,Applications,9908803,Open,7431602.25
A00703,Integration,15372885,Open,11529663.75
A00704,Infrastructure,4717761,Open,3538320.75
A00704,Database,6906434,Open,5179825.5
A00704,Analytics & Data,681523,Open,511142.25
A00704,Security,8920016,Open,6690012.0
A00704,Applications,1653300,Open,1239975.0
A00704,Integration,2697884,Open,2023413.0
A00706,Database,10459744,Open,7844808.0
A00706,Analytics & Data,15400315,Open,11550236.25
A00706,AI & ML,4401293,Open,3300969.75
A00706,Integration,1156026,Open,867019.5
A00707,Infrastructure,5309331,Open,3981998.25
A00707,Database,15376807,Open,11532605.25
A00707,Analytics & Data,5589869,Open,4192401.75
A00707,AI & ML,15351561,Open,11513670.75
A00707,Security,14992556,Open,11244417.0
A00707,Applications,15201072,Open,11400804.0
A00707,Integration,15000763,Open,11250572.25
A00708,Database,4025609,Open,3019206.75
A00708,Security,2614466,Open,1960849.5
A00708,Applications,1631344,Open,1223508.0
A00709,Infrastructure,3803860,Open,2852895.0
A00709,Analytics & Data,9954151,Open,7465613.25
A00709,AI & ML,8194778,Open,6146083.5
A00709,Applications,7039199,Open,5279399.25
A00709,Integration,7919849,Open,5939886.75
A00711,Infrastructure,14921612,Open,11191209.0
A00711,Analytics & Data,9052498,Open,6789373.5
A00711,Applications,14913516,Open,11185137.0
A00711,Integration,2319470,Open,1739602.5
A00712,Applications,3822869,Open,2867151.75
A00713,Analytics & Data,7211187,Open,5408390.25
A00713,AI & ML,4614992,Open,3461244.0
A00713,Security,6480294,Open,4860220.5
A00713,Applications,14778449,Open,11083836.75
A00715,Infrastructure,10744997,Open,8058747.75
A00715,Analytics & Data,4456864,Open,3342648.0
A00715,Integration,3215778,Open,2411833.5
A00716,Infrastructure,9205500,Open,6904125.0
A00716,Applications,2288161,Open,1716120.75
A00717,Infrastructure,3426936,Open,2570202.0
A00717,Database,10454460,Open,7840845.0
A00717,Applications,7751229,Open,5813421.75
A00717,Integration,7033719,Open,5275289.25
A00718,Integration,1962796,Open,1472097.0
A00719,Database,2791613,Open,2093709.75
A00719,Analytics & Data,11105594,Open,8329195.5
A00719,Security,2298124,Open,1723593.0
A00719,Integration,3206677,Open,2405007.75
A00720,Database,1204065,Open,903048.75
A00720,Security,2559499,Open,1919624.25
A00721,Infrastructure,3595308,Open,2696481.0
A00721,AI & ML,2583556,Open,1937667.0
A00721,Security,2765854,Open,2074390.5
A00722,Analytics & Data,7274787,Open,5456090.25
A00722,Applications,2190388,Open,1642791.0
A00723,Infrastructure,4613114,Open,3459835.5
A00723,Analytics & Data,6875986,Open,5156989.5
A00723,AI & ML,14753787,Open,11065340.25
A00723,Security,1466453,Open,1099839.75
A00723,Applications,4494703,Open,3371027.25
A00723,Integration,15197091,Open,11397818.25
A00724,Infrastructure,8605468,Open,6454101.0
A00724,AI & ML,10674226,Open,8005669.5
A00724,Security,6262666,Open,4696999.5
A00724,Integration,3538330,Open,2653747.5
A00725,Database,9110289,Open,6832716.75
A00725,AI & ML,3175003,Open,2381252.25
A00725,Integration,4550054,Open,3412540.5
A00726,Integration,3796312,Open,2847234.0
A00727,Database,8510281,Open,6382710.75
A00727,Security,8968407,Open,6726305.25
A00727,Integration,1712346,Open,1284259.5
A00729,Infrastructure,14994602,Open,11245951.5
A00729,Analytics & Data,9868682,Open,7401511.5
A00729,Security,15231977,Open,11423982.75
A00729,Applications,14925478,Open,11194108.5
A00729,Integration,15079412,Open,11309559.0
A00730,Infrastructure,4496314,Open,3372235.5
A00730,Analytics & Data,15301922,Open,11476441.5
A00730,AI & ML,15449031,Open,11586773.25
A00730,Security,10076469,Open,7557351.75
A00730,Applications,15002806,Open,11252104.5
A00730,Integration,14866479,Open,11149859.25
A00731,Database,5629016,Open,4221762.0
A00731,Integration,8339748,Open,6254811.0
A00732,Integration,762972,Open,572229.0
A00733,Infrastructure,2574604,Open,1930953.0
A00734,Infrastructure,1364364,Open,1023273.0
A00735,Infrastructure,10322989,Open,7742241.75
A00735,Analytics & Data,15102991,Open,11327243.25
A00735,Applications,15407238,Open,11555428.5
A00735,Integration,9099558,Open,6824668.5
A00736,Infrastructure,6120503,Open,4590377.25
A00737,Database,10351918,Open,7763938.5
A00737,Analytics & Data,8954614,Open,6715960.5
A00737,Security,1556513,Open,1167384.75
A00737,Applications,1542731,Open,1157048.25
A00737,Integration,7871458,Open,5903593.5
A00738,Infrastructure,9061481,Open,6796110.75
A00738,Database,7490913,Open,5618184.75
A00738,AI & ML,15114019,Open,11335514.25
A00738,Integration,5376196,Open,4032147.0
A00739,Infrastructure,10972205,Open,8229153.75
A00739,Database,7359250,Open,5519437.5
A00739,Analytics & Data,4190809,Open,3143106.75
A00739,Applications,3650805,Open,2738103.75
A00740,Infrastructure,14994223,Open,11245667.25
A00740,Analytics & Data,5646302,Open,4234726.5
A00740,AI & ML,14788379,Open,11091284.25
A00740,Security,15431519,Open,11573639.25
A00740,Applications,15107656,Open,11330742.0
A00740,Integration,14647383,Open,10985537.25
A00742,Infrastructure,15142696,Open,11357022.0
A00742,Analytics & Data,4374514,Open,3280885.5
A00742,AI & ML,5646777,Open,4235082.75
A00742,Security,9717816,Open,7288362.0
A00742,Applications,7285336,Open,5464002.0
A00743,Infrastructure,9355892,Open,7016919.0
A00743,Security,4059544,Open,3044658.0
A00744,Infrastructure,2179405,Open,1634553.75
A00744,Database,3486094,Open,2614570.5
A00744,Applications,2874987,Open,2156240.25
A00744,Integration,3782490,Open,2836867.5
A00745,Applications,4482321,Open,3361740.75
A00746,Infrastructure,1728696,Open,1296522.0
A00746,Applications,3173876,Open,2380407.0
A00747,Analytics & Data,8128226,Open,6096169.5
A00747,AI & ML,14953160,Open,11214870.0
A00747,Security,3687576,Open,2765682.0
A00748,Infrastructure,3373288,Open,2529966.0
A00748,Security,5293654,Open,3970240.5
A00748,Applications,10424328,Open,7818246.0
A00749,Database,14637957,Open,10978467.75
A00749,AI & ML,15174236,Open,11380677.0
A00749,Security,15203694,Open,11402770.5
A00749,Applications,1700542,Open,1275406.5
A00749,Integration,14908024,Open,11181018.0
A00750,Infrastructure,8225219,Open,6168914.25
A00750,Analytics & Data,9789437,Open,7342077.75
A00750,AI & ML,15345071,Open,11508803.25
A00750,Security,1672992,Open,1254744.0
A00750,Applications,4705923,Open,3529442.25
A00750,Integration,14597726,Open,10948294.5
A00752,AI & ML,6931262,Open,5198446.5
A00752,Security,15188355,Open,11391266.25
A00752,Applications,3552576,Open,2664432.0
A00752,Integration,14731633,Open,11048724.75
A00753,Infrastructure,1968550,Open,1476412.5
A00754,Infrastructure,15425304,Open,11568978.0
A00754,Analytics & Data,8524754,Open,6393565.5
A00754,Security,15398150,Open,11548612.5
A00754,Applications,8533196,Open,6399897.0
A00755,Infrastructure,14956475,Open,11217356.25
A00755,Database,9892972,Open,7419729.0
A00755,Analytics & Data,7868948,Open,5901711.0
A00755,AI & ML,5830354,Open,4372765.5
A00755,Security,2131118,Open,1598338.5
A00755,Applications,6231814,Open,4673860.5
A00755,Integration,2533621,Open,1900215.75
A00756,Infrastructure,9806947,Open,7355210.25
A00756,Analytics & Data,6684835,Open,5013626.25
A00757,Analytics & Data,8402949,Open,6302211.75
A00757,AI & ML,14703883,Open,11027912.25
A00758,Infrastructure,10494773,Open,7871079.75
A00758,Analytics & Data,15207655,Open,11405741.25
A00758,AI & ML,15373035,Open,11529776.25
A00759,Analytics & Data,9934929,Open,7451196.75
A00759,AI & ML,1281447,Open,961085.25
A00759,Security,15161318,Open,11370988.5
A00759,Applications,986109,Open,739581.75
A00759,Integration,9310278,Open,6982708.5
A00760,Database,7505029,Open,5628771.75
A00760,AI & ML,3973963,Open,2980472.25
A00760,Applications,2708513,Open,2031384.75
A00760,Integration,9532273,Open,7149204.75
A00761,Security,2264892,Open,1698669.0
A00762,Infrastructure,5103530,Open,3827647.5
A00762,Database,15170390,Open,11377792.5
A00762,AI & ML,10920855,Open,8190641.25
A00762,Security,8233618,Open,6175213.5
A00762,Applications,6882501,Open,5161875.75
A00762,Integration,9537666,Open,7153249.5
A00763,Infrastructure,10281508,Open,7711131.0
A00763,AI & ML,3346666,Open,2509999.5
A00763,Security,9844583,Open,7383437.25
A00764,Infrastructure,10858324,Open,8143743.0
A00764,Analytics & Data,627020,Open,470265.0
A00764,Security,4742418,Open,3556813.5
A00764,Applications,2171018,Open,1628263.5
A00765,Analytics & Data,14669726,Open,11002294.5
A00765,Applications,8802893,Open,6602169.75
A00765,Integration,10255761,Open,7691820.75
A00766,Infrastructure,15080083,Open,11310062.25
A00766,Database,3491922,Open,2618941.5
A00766,Analytics & Data,14749316,Open,11061987.0
A00766,AI & ML,14858077,Open,11143557.75
A00766,Security,14898075,Open,11173556.25
A00766,Applications,4926952,Open,3695214.0
A00766,Integration,15270662,Open,11452996.5
A00768,Database,1825362,Open,1369021.5
A00768,Analytics & Data,3039952,Open,2279964.0
A00769,Database,9954142,Open,7465606.5
A00769,Security,9111313,Open,6833484.75
A00769,Integration,14732122,Open,11049091.5
A00770,Infrastructure,6689847,Open,5017385.25
A00770,Analytics & Data,4238062,Open,3178546.5
A00770,Security,5098309,Open,3823731.75
A00770,Integration,5817810,Open,4363357.5
A00771,Security,2697791,Open,2023343.25
A00771,Integration,2562808,Open,1922106.0
A00772,Infrastructure,6267958,Open,4700968.5
A00772,Analytics & Data,2632665,Open,1974498.75
A00772,AI & ML,3020469,Open,2265351.75
A00772,Security,2917073,Open,2187804.75
A00773,Infrastructure,3380186,Open,2535139.5
A00773,Analytics & Data,1392189,Open,1044141.75
A00774,Infrastructure,15491242,Open,11618431.5
A00774,Database,4952859,Open,3714644.25
A00774,AI & ML,15465018,Open,11598763.5
A00774,Security,15385648,Open,11539236.0
A00774,Applications,14906390,Open,11179792.5
A00775,Infrastructure,1864999,Open,1398749.25
A00775,AI & ML,10569246,Open,7926934.5
A00775,Security,4668855,Open,3501641.25
A00775,Applications,10067674,Open,7550755.5
A00775,Integration,8474020,Open,6355515.0
A00776,Infrastructure,4821740,Open,3616305.0
A00776,Analytics & Data,14640030,Open,10980022.5
A00776,AI & ML,3481256,Open,2610942.0
A00776,Applications,2413511,Open,1810133.25
A00776,Integration,15389474,Open,11542105.5
A00777,Infrastructure,15088625,Open,11316468.75
A00777,Database,6016317,Open,4512237.75
A00777,Analytics & Data,4628714,Open,3471535.5
A00777,AI & ML,15496732,Open,11622549.0
A00777,Security,7809665,Open,5857248.75
A00778,Analytics & Data,10622641,Open,7966980.75
A00778,Applications,2538857,Open,1904142.75
A00781,Infrastructure,866032,Open,649524.0
A00781,Database,3972859,Open,2979644.25
A00781,Analytics & Data,9301349,Open,6976011.75
A00781,Integration,15181775,Open,11386331.25
A00782,Infrastructure,5620408,Open,4215306.0
A00782,Database,2482701,Open,1862025.75
A00782,Analytics & Data,9664192,Open,7248144.0
A00782,AI & ML,7090038,Open,5317528.5
A00782,Integration,6836725,Open,5127543.75
A00783,Database,15007395,Open,11255546.25
A00783,Analytics & Data,15463565,Open,11597673.75
A00783,AI & ML,15355777,Open,11516832.75
A00783,Security,5236237,Open,3927177.75
A00783,Applications,10361267,Open,7770950.25
A00784,Infrastructure,10331745,Open,7748808.75
A00784,Database,15356791,Open,11517593.25
A00784,Analytics & Data,15322243,Open,11491682.25
A00784,Security,15472875,Open,11604656.25
A00784,Applications,2783498,Open,2087623.5
A00784,Integration,15447031,Open,11585273.25
A00785,Analytics & Data,6516930,Open,4887697.5
A00786,Database,2435646,Open,1826734.5
A00787,Infrastructure,724920,Open,543690.0
A00787,Database,8995160,Open,6746370.0
A00788,Database,4869690,Open,3652267.5
A00788,Security,15106071,Open,11329553.25
A00788,Applications,10609324,Open,7956993.0
A00788,Integration,14751181,Open,11063385.75
A00789,Infrastructure,3349870,Open,2512402.5
A00789,Database,14779572,Open,11084679.0
A00789,Analytics & Data,3948118,Open,2961088.5
A00789,AI & ML,14954533,Open,11215899.75
A00789,Integration,15228439,Open,11421329.25
A00790,Infrastructure,1966381,Open,1474785.75
A00790,Integration,1087006,Open,815254.5
A00791,Infrastructure,7883461,Open,5912595.75
A00791,AI & ML,705860,Open,529395.0
A00791,Security,10431065,Open,7823298.75
A00791,Integration,4544053,Open,3408039.75
A00792,Infrastructure,7606792,Open,5705094.0
A00792,Database,14872934,Open,11154700.5
A00792,Analytics & Data,14859387,Open,11144540.25
A00792,Security,15398893,Open,11549169.75
A00792,Integration,8835391,Open,6626543.25
A00793,Analytics & Data,10851497,Open,8138622.75
A00793,AI & ML,4908538,Open,3681403.5
A00793,Integration,7983053,Open,5987289.75
A00794,Database,11073749,Open,8305311.75
A00794,Analytics & Data,2554904,Open,1916178.0
A00795,Analytics & Data,9960058,Open,7470043.5
A00795,Applications,4057535,Open,3043151.25
A00796,Analytics & Data,8861222,Open,6645916.5
A00796,AI & ML,10855197,Open,8141397.75
A00796,Security,9169043,Open,6876782.25
A00796,Applications,3302849,Open,2477136.75
A00796,Integration,3727485,Open,2795613.75
A00797,Infrastructure,5410334,Open,4057750.5
A00797,AI & ML,4718861,Open,3539145.75
A00797,Security,3655113,Open,2741334.75
A00797,Applications,14601916,Open,10951437.0
A00798,Database,8983640,Open,6737730.0
A00799,Analytics & Data,4669165,Open,3501873.75
A00799,Security,1725501,Open,1294125.75
A00800,Analytics & Data,8237694,Open,6178270.5
A00800,Security,8783170,Open,6587377.5
A00802,Analytics & Data,1758391,Open,1318793.25
A00804,Infrastructure,15261192,Open,11445894.0
A00804,Analytics & Data,6812247,Open,5109185.25
A00804,Security,5500681,Open,4125510.75
A00804,Integration,6102386,Open,4576789.5
A00805,Infrastructure,14951262,Open,11213446.5
A00805,Database,5657435,Open,4243076.25
A00805,Analytics & Data,9911041,Open,7433280.75
A00805,AI & ML,15009859,Open,11257394.25
A00805,Security,10525823,Open,7894367.25
A00805,Applications,15498338,Open,11623753.5
A00805,Integration,9240661,Open,6930495.75
A00806,Analytics & Data,3033551,Open,2275163.25
A00806,Security,1694436,Open,1270827.0
A00806,Applications,15110457,Open,11332842.75
A00807,Infrastructure,3718402,Open,2788801.5
A00807,Database,6469502,Open,4852126.5
A00807,Applications,6776741,Open,5082555.75
A00807,Integration,14857104,Open,11142828.0
A00808,Database,9444118,Open,7083088.5
A00808,AI & ML,7065654,Open,5299240.5
A00808,Security,9978076,Open,7483557.0
A00808,Applications,15273826,Open,11455369.5
A00808,Integration,10793525,Open,8095143.75
A00809,AI & ML,1584978,Open,1188733.5
A00810,Database,2700514,Open,2025385.5
A00810,Analytics & Data,14815039,Open,11111279.25
A00810,Security,6026029,Open,4519521.75
A00810,Applications,5929002,Open,4446751.5
A00811,Infrastructure,481899,Open,361424.25
A00811,Security,585417,Open,439062.75
A00812,Infrastructure,6813005,Open,5109753.75
A00812,Analytics & Data,5313290,Open,3984967.5
A00812,Security,6041215,Open,4530911.25
A00812,Applications,15042225,Open,11281668.75
A00813,Infrastructure,7394973,Open,5546229.75
A00813,Database,8255595,Open,6191696.25
A00813,Analytics & Data,3933520,Open,2950140.0
A00813,AI & ML,15257308,Open,11442981.0
A00813,Security,14693907,Open,11020430.25
A00813,Integration,9756296,Open,7317222.0
A00814,Infrastructure,850825,Open,638118.75
A00814,Database,6724517,Open,5043387.75
A00815,Database,741759,Open,556319.25
A00816,Infrastructure,3192986,Open,2394739.5
A00816,Database,3690667,Open,2768000.25
A00816,Analytics & Data,9482042,Open,7111531.5
A00816,AI & ML,7287575,Open,5465681.25
A00817,Infrastructure,14720570,Open,11040427.5
A00817,AI & ML,15248273,Open,11436204.75
A00817,Security,5656672,Open,4242504.0
A00817,Applications,3737439,Open,2803079.25
A00817,Integration,8026277,Open,6019707.75
A00818,Analytics & Data,2039154,Open,1529365.5
A00818,AI & ML,537375,Open,403031.25
A00819,Infrastructure,2149008,Open,1611756.0
A00819,Security,726157,Open,544617.75
A00820,Infrastructure,6777349,Open,5083011.75
A00820,Database,15456704,Open,11592528.0
A00820,AI & ML,15013058,Open,11259793.5
A00820,Security,14637500,Open,10978125.0
A00820,Integration,6503149,Open,4877361.75
A00821,Infrastructure,6332378,Open,4749283.5
A00821,Database,14784647,Open,11088485.25
A00821,Analytics & Data,7577982,Open,5683486.5
A00821,Security,5119357,Open,3839517.75
A00821,Integration,15478636,Open,11608977.0
A00822,Infrastructure,15448982,Open,11586736.5
A00822,Database,10933602,Open,8200201.5
A00822,AI & ML,8371802,Open,6278851.5
A00822,Security,14700587,Open,11025440.25
A00822,Applications,10092111,Open,7569083.25
A00822,Integration,14864055,Open,11148041.25
A00823,Applications,777109,Open,582831.75
A00824,Integration,642501,Open,481875.75
A00825,Analytics & Data,2807007,Open,2105255.25
A00825,Security,2081385,Open,1561038.75
A00825,Applications,7723727,Open,5792795.25
A00825,Integration,15391563,Open,11543672.25
A00826,Analytics & Data,2734240,Open,2050680.0
A00826,Security,474336,Open,355752.0
A00828,AI & ML,1245764,Open,934323.0
A00828,Applications,10597505,Open,7948128.75
A00829,Security,7770858,Open,5828143.5
A00829,Integration,15480799,Open,11610599.25
A00830,Infrastructure,1837921,Open,1378440.75
A00830,Database,14865657,Open,11149242.75
A00830,AI & ML,14642685,Open,10982013.75
A00830,Security,14969450,Open,11227087.5
A00830,Applications,14966662,Open,11224996.5
A00830,Integration,6255579,Open,4691684.25
A00831,Database,6978133,Open,5233599.75
A00831,AI & ML,5137696,Open,3853272.0
A00832,Infrastructure,15196645,Open,11397483.75
A00832,Database,11136335,Open,8352251.25
A00832,Analytics & Data,6459424,Open,4844568.0
A00832,AI & ML,5438971,Open,4079228.25
A00832,Applications,14710731,Open,11033048.25
A00832,Integration,5832782,Open,4374586.5
A00833,Database,3861742,Open,2896306.5
A00833,AI & ML,2682283,Open,2011712.25
A00833,Integration,3724196,Open,2793147.0
A00834,Database,1388799,Open,1041599.25
A00834,AI & ML,130345,Open,97758.75
A00835,Infrastructure,2726637,Open,2044977.75
A00835,Database,677264,Open,507948.0
A00835,Integration,647951,Open,485963.25
A00836,Analytics & Data,10011263,Open,7508447.25
A00836,AI & ML,1056487,Open,792365.25
A00836,Integration,5144516,Open,3858387.0
A00837,Database,1559428,Open,1169571.0
A00837,Analytics & Data,1551729,Open,1163796.75
A00837,AI & ML,3054052,Open,2290539.0
A00837,Security,2224246,Open,1668184.5
A00838,Infrastructure,9816148,Open,7362111.0
A00838,Database,10391291,Open,7793468.25
A00838,Analytics & Data,6113215,Open,4584911.25
A00839,Infrastructure,14770127,Open,11077595.25
A00839,Database,6129188,Open,4596891.0
A00839,Analytics & Data,15244228,Open,11433171.0
A00839,Security,5365667,Open,4024250.25
A00839,Applications,6398551,Open,4798913.25
A00839,Integration,3963891,Open,2972918.25
A00840,Infrastructure,5617838,Open,4213378.5
A00840,Database,6179685,Open,4634763.75
A00840,AI & ML,970829,Open,728121.75
A00841,AI & ML,10683896,Open,8012922.0
A00842,Infrastructure,14823322,Open,11117491.5
A00842,Database,14956739,Open,11217554.25
A00842,Analytics & Data,15499696,Open,11624772.0
A00842,Applications,14893344,Open,11170008.0
A00842,Integration,14913333,Open,11184999.75
A00843,Infrastructure,5663870,Open,4247902.5
A00843,Database,15083427,Open,11312570.25
A00843,Analytics & Data,2765547,Open,2074160.25
A00843,AI & ML,15235862,Open,11426896.5
A00843,Security,14917055,Open,11187791.25
A00843,Applications,14876250,Open,11157187.5
A00843,Integration,9780339,Open,7335254.25
A00844,Database,9715254,Open,7286440.5
A00844,AI & ML,14623252,Open,10967439.0
A00844,Applications,14885900,Open,11164425.0
A00844,Integration,4032251,Open,3024188.25
A00845,Database,4716048,Open,3537036.0
A00845,Analytics & Data,4713975,Open,3535481.25
A00845,AI & ML,3444345,Open,2583258.75
A00845,Security,15158273,Open,11368704.75
A00845,Integration,14662792,Open,10997094.0
A00846,Database,11050419,Open,8287814.25
A00846,AI & ML,4489101,Open,3366825.75
A00847,Infrastructure,10528122,Open,7896091.5
A00847,Analytics & Data,9698682,Open,7274011.5
A00847,Security,7788686,Open,5841514.5
A00847,Applications,6961958,Open,5221468.5
A00847,Integration,11131957,Open,8348967.75
A00848,Infrastructure,5341428,Open,4006071.0
A00848,Database,5657799,Open,4243349.25
A00848,Analytics & Data,7071278,Open,5303458.5
A00848,Integration,2415293,Open,1811469.75
A00849,Database,15066240,Open,11299680.0
A00849,Security,7328283,Open,5496212.25
A00849,Applications,8765991,Open,6574493.25
A00849,Integration,15176567,Open,11382425.25
A00850,Security,2687050,Open,2015287.5
A00851,Security,1395382,Open,1046536.5
A00853,Analytics & Data,5189503,Open,3892127.25
A00853,AI & ML,14607701,Open,10955775.75
A00853,Security,8311919,Open,6233939.25
A00853,Applications,15399857,Open,11549892.75
A00854,Database,10880507,Open,8160380.25
A00854,Analytics & Data,6336764,Open,4752573.0
A00854,AI & ML,7860078,Open,5895058.5
A00854,Security,684325,Open,513243.75
A00854,Applications,15365728,Open,11524296.0
A00855,Database,5787564,Open,4340673.0
A00855,Analytics & Data,4807572,Open,3605679.0
A00855,AI & ML,7845268,Open,5883951.0
A00855,Security,15074440,Open,11305830.0
A00855,Applications,2522389,Open,1891791.75
A00855,Integration,7463912,Open,5597934.0
A00856,Infrastructure,15130465,Open,11347848.75
A00856,Database,7912688,Open,5934516.0
A00856,Analytics & Data,7021191,Open,5265893.25
A00856,AI & ML,7506842,Open,5630131.5
A00856,Applications,15150656,Open,11362992.0
A00856,Integration,4582226,Open,3436669.5
A00857,Applications,2231314,Open,1673485.5
A00858,Analytics & Data,15097800,Open,11323350.0
A00858,Security,14906937,Open,11180202.75
A00858,Applications,14908716,Open,11181537.0
A00858,Integration,15095639,Open,11321729.25
A00859,Database,15337567,Open,11503175.25
A00859,Analytics & Data,14576209,Open,10932156.75
A00859,AI & ML,14833211,Open,11124908.25
A00859,Applications,1081200,Open,810900.0
A00859,Integration,14633237,Open,10974927.75
A00860,Database,7970189,Open,5977641.75
A00860,Applications,1224237,Open,918177.75
A00861,Infrastructure,6864382,Open,5148286.5
A00861,Database,9967665,Open,7475748.75
A00861,Security,15325437,Open,11494077.75
A00861,Applications,6272261,Open,4704195.75
A00861,Integration,624066,Open,468049.5
A00863,Analytics & Data,4174795,Open,3131096.25
A00863,AI & ML,3392571,Open,2544428.25
A00864,AI & ML,15178315,Open,11383736.25
A00864,Security,1175042,Open,881281.5
A00864,Applications,7685139,Open,5763854.25
A00864,Integration,15463975,Open,11597981.25
A00865,Infrastructure,711177,Open,533382.75
A00866,Database,10940510,Open,8205382.5
A00866,Analytics & Data,3899693,Open,2924769.75
A00866,AI & ML,5521484,Open,4141113.0
A00866,Applications,7310229,Open,5482671.75
A00866,Integration,9668719,Open,7251539.25
A00867,Integration,1660891,Open,1245668.25
A00868,Database,14582162,Open,10936621.5
A00868,AI & ML,4440106,Open,3330079.5
A00868,Integration,4957750,Open,3718312.5
A00869,Database,9407911,Open,7055933.25
A00869,AI & ML,8268428,Open,6201321.0
A00870,Infrastructure,1946943,Open,1460207.25
A00870,Security,9783041,Open,7337280.75
A00870,Integration,10954933,Open,8216199.75
A00871,AI & ML,461673,Open,346254.75
A00871,Applications,8754300,Open,6565725.0
A00872,Database,2989059,Open,2241794.25
A00872,Security,2728004,Open,2046003.0
A00873,Integration,2024386,Open,1518289.5
A00874,Database,7537499,Open,5653124.25
A00874,Analytics & Data,4436354,Open,3327265.5
A00874,AI & ML,7411629,Open,5558721.75
A00874,Security,5342903,Open,4007177.25
A00874,Applications,978770,Open,734077.5
A00875,Infrastructure,14610365,Open,10957773.75
A00875,Database,2077991,Open,1558493.25
A00875,AI & ML,9515785,Open,7136838.75
A00875,Applications,14833545,Open,11125158.75
A00875,Integration,15129388,Open,11347041.0
A00876,Database,1392889,Open,1044666.75
A00876,Applications,2066040,Open,1549530.0
A00877,Database,7317756,Open,5488317.0
A00877,Analytics & Data,15233578,Open,11425183.5
A00877,AI & ML,9845491,Open,7384118.25
A00877,Applications,8135196,Open,6101397.0
A00877,Integration,9109424,Open,6832068.0
A00878,Infrastructure,14997032,Open,11247774.0
A00878,Database,14830025,Open,11122518.75
A00878,Analytics & Data,14883029,Open,11162271.75
A00878,AI & ML,15121429,Open,11341071.75
A00878,Security,7587778,Open,5690833.5
A00878,Applications,14780372,Open,11085279.0
A00878,Integration,14737774,Open,11053330.5
A00879,Infrastructure,4181168,Open,3135876.0
A00879,Database,15356189,Open,11517141.75
A00879,Analytics & Data,14636689,Open,10977516.75
A00879,AI & ML,9267763,Open,6950822.25
A00879,Applications,14744800,Open,11058600.0
A00879,Integration,15474004,Open,11605503.0
A00880,Analytics & Data,3666957,Open,2750217.75
A00880,AI & ML,8481204,Open,6360903.0
A00880,Security,3404016,Open,2553012.0
A00880,Applications,1802003,Open,1351502.25
A00881,Infrastructure,5198839,Open,3899129.25
A00881,Analytics & Data,1756014,Open,1317010.5
A00881,Security,9532738,Open,7149553.5
A00882,AI & ML,2806578,Open,2104933.5
A00882,Applications,4118504,Open,3088878.0
A00883,Infrastructure,15280544,Open,11460408.0
A00883,Database,14719427,Open,11039570.25
A00883,Security,14672421,Open,11004315.75
A00883,Applications,15247534,Open,11435650.5
A00883,Integration,14595068,Open,10946301.0
A00884,Integration,2156887,Open,1617665.25
A00885,Database,2049516,Open,1537137.0
A00885,Applications,1548177,Open,1161132.75
A00885,Integration,5052353,Open,3789264.75
A00886,Infrastructure,9556723,Open,7167542.25
A00886,AI & ML,2820989,Open,2115741.75
A00886,Security,9968872,Open,7476654.0
A00887,Infrastructure,6868806,Open,5151604.5
A00887,Analytics & Data,5790717,Open,4343037.75
A00887,AI & ML,15119737,Open,11339802.75
A00887,Security,8312482,Open,6234361.5
A00888,Infrastructure,15280976,Open,11460732.0
A00888,Database,5826935,Open,4370201.25
A00888,Integration,9917218,Open,7437913.5
A00889,Infrastructure,7155107,Open,5366330.25
A00889,Database,7644692,Open,5733519.0
A00889,Analytics & Data,4958172,Open,3718629.0
A00889,AI & ML,7330321,Open,5497740.75
A00889,Applications,15371289,Open,11528466.75
A00889,Integration,7379083,Open,5534312.25
A00890,Analytics & Data,868962,Open,651721.5
A00890,AI & ML,8803559,Open,6602669.25
A00890,Applications,2878100,Open,2158575.0
A00891,Analytics & Data,3588401,Open,2691300.75
A00891,AI & ML,15492842,Open,11619631.5
A00891,Security,7046722,Open,5285041.5
A00891,Integration,995251,Open,746438.25
A00892,Infrastructure,662206,Open,496654.5
A00892,Database,2084432,Open,1563324.0
A00893,Infrastructure,14924842,Open,11193631.5
A00893,Analytics & Data,14936791,Open,11202593.25
A00893,AI & ML,15240923,Open,11430692.25
A00893,Security,11048146,Open,8286109.5
A00893,Applications,15043155,Open,11282366.25
A00894,Infrastructure,1131156,Open,848367.0
A00894,Analytics & Data,6601954,Open,4951465.5
A00894,AI & ML,8553378,Open,6415033.5
A00894,Applications,1945259,Open,1458944.25
A00895,Database,3164114,Open,2373085.5
A00895,Analytics & Data,1864518,Open,1398388.5
A00895,AI & ML,15172855,Open,11379641.25
A00895,Security,8358324,Open,6268743.0
A00895,Applications,1692502,Open,1269376.5
A00895,Integration,636283,Open,477212.25
A00896,Infrastructure,4856574,Open,3642430.5
A00896,Database,15270244,Open,11452683.0
A00896,Analytics & Data,15458914,Open,11594185.5
A00896,AI & ML,15061235,Open,11295926.25
A00896,Security,14776711,Open,11082533.25
A00896,Applications,15142013,Open,11356509.75
A00897,Database,9067152,Open,6800364.0
A00897,Security,1331313,Open,998484.75
A00898,Infrastructure,5484422,Open,4113316.5
A00898,Database,7044184,Open,5283138.0
A00898,AI & ML,10113398,Open,7585048.5
A00898,Security,15039411,Open,11279558.25
A00898,Applications,6334955,Open,4751216.25
A00898,Integration,4958335,Open,3718751.25
A00899,Infrastructure,3785328,Open,2838996.0
A00899,Analytics & Data,14923692,Open,11192769.0
A00899,Applications,2962595,Open,2221946.25
A00900,Infrastructure,15103810,Open,11327857.5
A00900,Analytics & Data,4397085,Open,3297813.75
A00900,Security,977942,Open,733456.5
A00900,Applications,6557564,Open,4918173.0
A00901,Security,5588183,Open,4191137.25
A00902,Infrastructure,5765191,Open,4323893.25
A00902,Database,15315068,Open,11486301.0
A00902,Analytics & Data,15310117,Open,11482587.75
A00902,AI & ML,1186548,Open,889911.0
A00902,Security,15222682,Open,11417011.5
A00902,Integration,4380515,Open,3285386.25
A00903,Infrastructure,4932927,Open,3699695.25
A00903,Database,9855652,Open,7391739.0
A00903,AI & ML,9555854,Open,7166890.5
A00903,Applications,7064400,Open,5298300.0
A00904,Infrastructure,313020,Open,234765.0
A00904,Analytics & Data,2907858,Open,2180893.5
A00905,Applications,581612,Open,436209.0
A00906,Infrastructure,4535206,Open,3401404.5
A00906,Database,14680104,Open,11010078.0
A00906,AI & ML,4546090,Open,3409567.5
A00906,Security,6152946,Open,4614709.5
A00906,Applications,14929680,Open,11197260.0
A00906,Integration,4424850,Open,3318637.5
A00907,Infrastructure,631732,Open,473799.0
A00907,Analytics & Data,3999639,Open,2999729.25
A00907,AI & ML,1066951,Open,800213.25
A00907,Integration,1086676,Open,815007.0
A00908,Infrastructure,4377332,Open,3282999.0
A00908,Database,5002394,Open,3751795.5
A00908,Analytics & Data,15411849,Open,11558886.75
A00908,AI & ML,14859335,Open,11144501.25
A00908,Applications,15071027,Open,11303270.25
A00909,Infrastructure,15079198,Open,11309398.5
A00909,Database,14593389,Open,10945041.75
A00909,AI & ML,15017369,Open,11263026.75
A00909,Security,9925597,Open,7444197.75
A00909,Integration,15069115,Open,11301836.25
A00910,Infrastructure,15445360,Open,11584020.0
A00910,Database,10123834,Open,7592875.5
A00910,Analytics & Data,15231487,Open,11423615.25
A00910,AI & ML,15168378,Open,11376283.5
A00910,Security,15340213,Open,11505159.75
A00910,Applications,14886002,Open,11164501.5
A00910,Integration,4041504,Open,3031128.0
A00911,Applications,1037071,Open,777803.25
A00912,Infrastructure,2319676,Open,1739757.0
A00912,Analytics & Data,10695095,Open,8021321.25
A00912,Applications,10248696,Open,7686522.0
A00913,Infrastructure,15246754,Open,11435065.5
A00913,Database,15335007,Open,11501255.25
A00913,Analytics & Data,10950188,Open,8212641.0
A00913,AI & ML,8350125,Open,6262593.75
A00913,Security,15057760,Open,11293320.0
A00913,Applications,14690941,Open,11018205.75
A00913,Integration,15253783,Open,11440337.25
A00914,Infrastructure,15171553,Open,11378664.75
A00914,Database,5734586,Open,4300939.5
A00914,Analytics & Data,4080500,Open,3060375.0
A00914,AI & ML,14943046,Open,11207284.5
A00914,Security,9844527,Open,7383395.25
A00914,Applications,8352402,Open,6264301.5
A00915,Infrastructure,5510218,Open,4132663.5
A00915,Database,8339037,Open,6254277.75
A00915,AI & ML,14750220,Open,11062665.0
A00915,Security,15170099,Open,11377574.25
A00915,Applications,7282243,Open,5461682.25
A00915,Integration,15110241,Open,11332680.75
A00916,Infrastructure,15331670,Open,11498752.5
A00916,Database,1502919,Open,1127189.25
A00916,Analytics & Data,14998555,Open,11248916.25
A00916,AI & ML,15094218,Open,11320663.5
A00916,Security,7655864,Open,5741898.0
A00916,Applications,14754193,Open,11065644.75
A00916,Integration,14659570,Open,10994677.5
A00917,Database,5614717,Open,4211037.75
A00917,AI & ML,4550613,Open,3412959.75
A00917,Security,7524841,Open,5643630.75
A00917,Applications,7550127,Open,5662595.25
A00918,Infrastructure,4554567,Open,3415925.25
A00918,Database,8265888,Open,6199416.0
A00918,Analytics & Data,14861968,Open,11146476.0
A00918,AI & ML,14836894,Open,11127670.5
A00918,Security,5821989,Open,4366491.75
A00918,Applications,15492442,Open,11619331.5
A00918,Integration,9858837,Open,7394127.75
A00919,Infrastructure,3574466,Open,2680849.5
A00919,Database,7783989,Open,5837991.75
A00919,Analytics & Data,6887573,Open,5165679.75
A00919,Security,8034541,Open,6025905.75
A00919,Applications,5263682,Open,3947761.5
A00919,Integration,14686075,Open,11014556.25
A00920,Infrastructure,883217,Open,662412.75
A00920,AI & ML,728500,Open,546375.0
A00920,Applications,15249873,Open,11437404.75
A00921,Database,1955923,Open,1466942.25
A00921,AI & ML,7165738,Open,5374303.5
A00921,Integration,4627636,Open,3470727.0
A00922,Database,2113143,Open,1584857.25
A00922,Security,10411861,Open,7808895.75
A00922,Integration,15363284,Open,11522463.0
A00923,Infrastructure,4417218,Open,3312913.5
A00923,Analytics & Data,15078228,Open,11308671.0
A00923,AI & ML,9750011,Open,7312508.25
A00923,Integration,5761724,Open,4321293.0
A00925,Infrastructure,1027133,Open,770349.75
A00925,Database,5222251,Open,3916688.25
A00925,Applications,2158675,Open,1619006.25
A00925,Integration,5511392,Open,4133544.0
A00926,Infrastructure,14786967,Open,11090225.25
A00926,Database,10641491,Open,7981118.25
A00926,Analytics & Data,15377199,Open,11532899.25
A00926,AI & ML,15091289,Open,11318466.75
A00926,Security,14809758,Open,11107318.5
A00926,Applications,15455694,Open,11591770.5
A00926,Integration,14949707,Open,11212280.25
A00927,Database,14923320,Open,11192490.0
A00927,Analytics & Data,15293873,Open,11470404.75
A00927,Applications,4637978,Open,3478483.5
A00927,Integration,6942361,Open,5206770.75
A00928,Infrastructure,10686628,Open,8014971.0
A00928,Database,9706602,Open,7279951.5
A00928,AI & ML,14749852,Open,11062389.0
A00928,Security,8931385,Open,6698538.75
A00928,Integration,4243257,Open,3182442.75
A00930,Applications,3101813,Open,2326359.75
A00931,Infrastructure,14783082,Open,11087311.5
A00931,AI & ML,14829919,Open,11122439.25
A00931,Security,10614550,Open,7960912.5
A00931,Applications,15488805,Open,11616603.75
A00931,Integration,10570097,Open,7927572.75
A00932,Infrastructure,14784626,Open,11088469.5
A00932,Database,5940191,Open,4455143.25
A00932,Analytics & Data,8883090,Open,6662317.5
A00932,AI & ML,14763341,Open,11072505.75
A00932,Security,7807585,Open,5855688.75
A00932,Applications,4523122,Open,3392341.5
A00933,Infrastructure,7905975,Open,5929481.25
A00933,Security,15099766,Open,11324824.5
A00933,Applications,9495012,Open,7121259.0
A00933,Integration,7684652,Open,5763489.0
A00934,Security,1027069,Open,770301.75
A00935,Infrastructure,1463394,Open,1097545.5
A00935,Database,5337277,Open,4002957.75
A00935,Analytics & Data,15150720,Open,11363040.0
A00935,AI & ML,15482699,Open,11612024.25
A00935,Security,15326807,Open,11495105.25
A00937,Database,3872683,Open,2904512.25
A00937,Analytics & Data,2425351,Open,1819013.25
A00938,Infrastructure,14949413,Open,11212059.75
A00938,Database,15197286,Open,11397964.5
A00938,Analytics & Data,14757954,Open,11068465.5
A00938,AI & ML,14883122,Open,11162341.5
A00938,Applications,15097272,Open,11322954.0
A00938,Integration,14878675,Open,11159006.25
A00939,Infrastructure,15463387,Open,11597540.25
A00939,Database,7041517,Open,5281137.75
A00939,Analytics & Data,7676808,Open,5757606.0
A00939,AI & ML,5918711,Open,4439033.25
A00939,Applications,5304442,Open,3978331.5
A00940,Infrastructure,15489303,Open,11616977.25
A00940,Database,15285209,Open,11463906.75
A00940,Security,11030106,Open,8272579.5
A00940,Applications,8992980,Open,6744735.0
A00940,Integration,8785496,Open,6589122.0
A00941,Infrastructure,9575003,Open,7181252.25
A00941,Analytics & Data,15378928,Open,11534196.0
A00941,AI & ML,14818884,Open,11114163.0
A00941,Security,1897610,Open,1423207.5
A00941,Applications,15025635,Open,11269226.25
A00942,Infrastructure,14832218,Open,11124163.5
A00942,Database,3280788,Open,2460591.0
A00942,Analytics & Data,10734132,Open,8050599.0
A00942,AI & ML,6611338,Open,4958503.5
A00942,Security,14651178,Open,10988383.5
A00942,Applications,14967243,Open,11225432.25
A00943,Infrastructure,2862819,Open,2147114.25
A00943,Database,5644662,Open,4233496.5
A00943,Analytics & Data,10351859,Open,7763894.25
A00943,Applications,7359694,Open,5519770.5
A00943,Integration,9360772,Open,7020579.0
A00944,Database,15476443,Open,11607332.25
A00944,Analytics & Data,6352922,Open,4764691.5
A00944,Security,15193554,Open,11395165.5
A00944,Integration,8286764,Open,6215073.0
A00945,Infrastructure,9600795,Open,7200596.25
A00945,Database,1469084,Open,1101813.0
A00945,AI & ML,10026050,Open,7519537.5
A00945,Applications,6860057,Open,5145042.75
A00946,Infrastructure,14575180,Open,10931385.0
A00946,Database,3052816,Open,2289612.0
A00946,Analytics & Data,15368780,Open,11526585.0
A00946,AI & ML,15163544,Open,11372658.0
A00946,Security,5083239,Open,3812429.25
A00946,Applications,14638689,Open,10979016.75
A00946,Integration,14934919,Open,11201189.25
A00947,Infrastructure,15367320,Open,11525490.0
A00947,Analytics & Data,8591988,Open,6443991.0
A00947,Applications,8579013,Open,6434259.75
A00948,Database,5217348,Open,3913011.0
A00948,AI & ML,15426186,Open,11569639.5
A00948,Security,15138474,Open,11353855.5
A00948,Integration,14572335,Open,10929251.25
A00949,Infrastructure,15375917,Open,11531937.75
A00949,Analytics & Data,6857180,Open,5142885.0
A00949,AI & ML,1653713,Open,1240284.75
A00949,Security,10002777,Open,7502082.75
A00949,Applications,15200707,Open,11400530.25
A00949,Integration,14620614,Open,10965460.5
A00950,Infrastructure,15188679,Open,11391509.25
A00950,Database,10146621,Open,7609965.75
A00950,AI & ML,5401786,Open,4051339.5
A00950,Security,3502084,Open,2626563.0
A00950,Applications,14801157,Open,11100867.75
A00951,Analytics & Data,1430625,Open,1072968.75
A00951,AI & ML,1680599,Open,1260449.25
A00951,Applications,6939278,Open,5204458.5
A00951,Integration,10268306,Open,7701229.5
A00952,Analytics & Data,2986497,Open,2239872.75
A00953,Database,2903067,Open,2177300.25
A00953,AI & ML,2346482,Open,1759861.5
A00953,Integration,3137860,Open,2353395.0
A00954,Analytics & Data,15388419,Open,11541314.25
A00954,AI & ML,5235026,Open,3926269.5
A00954,Security,9203569,Open,6902676.75
A00954,Applications,14842101,Open,11131575.75
A00955,Infrastructure,10057653,Open,7543239.75
A00955,Database,7385399,Open,5539049.25
A00955,Analytics & Data,6536999,Open,4902749.25
A00955,AI & ML,1485327,Open,1113995.25
A00955,Security,6455763,Open,4841822.25
A00955,Applications,15096474,Open,11322355.5
A00955,Integration,15303357,Open,11477517.75
A00956,Infrastructure,720400,Open,540300.0
A00958,Infrastructure,14753288,Open,11064966.0
A00958,Database,15111343,Open,11333507.25
A00958,Security,5836663,Open,4377497.25
A00958,Applications,7087826,Open,5315869.5
A00959,Infrastructure,3238706,Open,2429029.5
A00959,Database,3267891,Open,2450918.25
A00959,Analytics & Data,5572796,Open,4179597.0
A00959,Security,3648676,Open,2736507.0
A00960,Infrastructure,697887,Open,523415.25
A00961,Security,15107155,Open,11330366.25
A00961,Applications,14975668,Open,11231751.0
A00961,Integration,6925569,Open,5194176.75
A00962,Infrastructure,7317609,Open,5488206.75
A00962,Analytics & Data,15201929,Open,11401446.75
A00962,AI & ML,15115850,Open,11336887.5
A00962,Security,15018452,Open,11263839.0
A00962,Applications,828270,Open,621202.5
A00962,Integration,15347310,Open,11510482.5
A00963,Infrastructure,6437174,Open,4827880.5
A00963,Database,4775920,Open,3581940.0
A00963,Analytics & Data,3749850,Open,2812387.5
A00963,Security,14712600,Open,11034450.0
A00964,Infrastructure,10558992,Open,7919244.0
A00964,Database,1523721,Open,1142790.75
A00964,AI & ML,5394447,Open,4045835.25
A00964,Applications,1997741,Open,1498305.75
A00965,Infrastructure,9786848,Open,7340136.0
A00965,Database,678038,Open,508528.5
A00965,Applications,8688995,Open,6516746.25
A00966,Infrastructure,5517845,Open,4138383.75
A00966,Database,10231092,Open,7673319.0
A00966,Analytics & Data,1058487,Open,793865.25
A00966,Applications,2686307,Open,2014730.25
A00967,Infrastructure,15297225,Open,11472918.75
A00967,Database,9989145,Open,7491858.75
A00967,Analytics & Data,6218576,Open,4663932.0
A00967,AI & ML,6101033,Open,4575774.75
A00967,Security,8782705,Open,6587028.75
A00967,Integration,9931000,Open,7448250.0
A00968,Infrastructure,3520727,Open,2640545.25
A00968,Database,15197437,Open,11398077.75
A00968,AI & ML,15287904,Open,11465928.0
A00968,Applications,14797923,Open,11098442.25
A00968,Integration,14612819,Open,10959614.25
A00969,Analytics & Data,666619,Open,499964.25
A00969,Applications,1959648,Open,1469736.0
A00969,Integration,1871376,Open,1403532.0
A00971,Database,4992262,Open,3744196.5
A00971,Analytics & Data,1821739,Open,1366304.25
A00971,AI & ML,10697592,Open,8023194.0
A00971,Security,2950764,Open,2213073.0
A00971,Integration,9044551,Open,6783413.25
A00972,Infrastructure,15374313,Open,11530734.75
A00972,Database,15404740,Open,11553555.0
A00972,Analytics & Data,14955197,Open,11216397.75
A00972,AI & ML,1601639,Open,1201229.25
A00972,Security,14976854,Open,11232640.5
A00972,Integration,8536639,Open,6402479.25
A00973,Applications,6251197,Open,4688397.75
A00974,Infrastructure,2695391,Open,2021543.25
A00974,AI & ML,5614642,Open,4210981.5
A00974,Integration,892974,Open,669730.5
A00976,Analytics & Data,2331134,Open,1748350.5
A00976,Security,3213183,Open,2409887.25
A00977,Infrastructure,7522250,Open,5641687.5
A00977,Database,8544708,Open,6408531.0
A00977,Analytics & Data,14716999,Open,11037749.25
A00977,Security,15456227,Open,11592170.25
A00977,Integration,4941864,Open,3706398.0
A00978,Database,1999745,Open,1499808.75
A00979,Infrastructure,15092534,Open,11319400.5
A00979,Analytics & Data,8726596,Open,6544947.0
A00979,AI & ML,1251848,Open,938886.0
A00979,Security,15181051,Open,11385788.25
A00979,Applications,15169301,Open,11376975.75
A00979,Integration,15045642,Open,11284231.5
A00980,Infrastructure,9312381,Open,6984285.75
A00980,AI & ML,9755224,Open,7316418.0
A00980,Security,14977723,Open,11233292.25
A00981,Analytics & Data,7500100,Open,5625075.0
A00981,AI & ML,10850873,Open,8138154.75
A00981,Applications,2108984,Open,1581738.0
A00981,Integration,652183,Open,489137.25
A00982,Infrastructure,8660574,Open,6495430.5
A00982,Database,15130791,Open,11348093.25
A00982,Analytics & Data,9766189,Open,7324641.75
A00982,AI & ML,2592644,Open,1944483.0
A00982,Applications,15485072,Open,11613804.0
A00982,Integration,10391817,Open,7793862.75
A00983,Infrastructure,15352824,Open,11514618.0
A00983,Database,15072228,Open,11304171.0
A00983,Analytics & Data,15397081,Open,11547810.75
A00983,AI & ML,14775723,Open,11081792.25
A00983,Security,14728060,Open,11046045.0
A00983,Applications,15468123,Open,11601092.25
A00983,Integration,15431836,Open,11573877.0
A00984,Infrastructure,3256295,Open,2442221.25
A00984,Integration,8009985,Open,6007488.75
A00985,Database,15208980,Open,11406735.0
A00985,Analytics & Data,7730812,Open,5798109.0
A00985,AI & ML,15393833,Open,11545374.75
A00985,Security,14613619,Open,10960214.25
A00985,Applications,14858843,Open,11144132.25
A00985,Integration,9997605,Open,7498203.75
A00986,Analytics & Data,15128414,Open,11346310.5
A00986,AI & ML,9952760,Open,7464570.0
A00986,Security,14656070,Open,10992052.5
A00986,Applications,5574860,Open,4181145.0
A00986,Integration,10475672,Open,7856754.0
A00987,Infrastructure,4195863,Open,3146897.25
A00988,Infrastructure,2913397,Open,2185047.75
A00988,Database,3014926,Open,2261194.5
A00988,Integration,6957733,Open,5218299.75
A00989,Database,9714063,Open,7285547.25
A00989,Analytics & Data,14649705,Open,10987278.75
A00989,AI & ML,8755656,Open,6566742.0
A00989,Security,1100427,Open,825320.25
A00989,Applications,15468597,Open,11601447.75
A00989,Integration,7271880,Open,5453910.0
A00990,Analytics & Data,7043817,Open,5282862.75
A00991,Analytics & Data,3717049,Open,2787786.75
A00992,Infrastructure,15041563,Open,11281172.25
A00992,Analytics & Data,10077485,Open,7558113.75
A00992,Security,9006708,Open,6755031.0
A00992,Applications,14820057,Open,11115042.75
A00993,Database,5864168,Open,4398126.0
A00993,Analytics & Data,1255797,Open,941847.75
A00993,AI & ML,4048212,Open,3036159.0
A00993,Applications,3795818,Open,2846863.5
A00993,Integration,15282282,Open,11461711.5
A00994,Analytics & Data,729729,Open,547296.75
A00995,Infrastructure,10682829,Open,8012121.75
A00995,Database,15240544,Open,11430408.0
A00995,AI & ML,4404034,Open,3303025.5
A00995,Applications,9292207,Open,6969155.25
A00996,Infrastructure,14701492,Open,11026119.0
A00996,Database,15092188,Open,11319141.0
A00996,Analytics & Data,6073425,Open,4555068.75
A00996,AI & ML,15305318,Open,11478988.5
A00996,Applications,14796941,Open,11097705.75
A00996,Integration,14733922,Open,11050441.5
A00997,Security,1893631,Open,1420223.25
A00998,Analytics & Data,3481856,Open,2611392.0
A00999,Infrastructure,8374938,Open,6281203.5
A00999,Database,10442813,Open,7832109.75
A00999,AI & ML,4163728,Open,3122796.0
A00999,Security,8196876,Open,6147657.0
A01000,AI & ML,5877604,Open,4408203.0
A01000,Security,8790605,Open,6592953.75
A01000,Applications,604383,Open,453287.25
A01000,Integration,3109107,Open,2331830.25
A01001,Infrastructure,14593155,Open,10944866.25
A01001,Database,14705239,Open,11028929.25
A01001,Analytics & Data,15008709,Open,11256531.75
A01001,AI & ML,14636416,Open,10977312.0
A01001,Security,15304098,Open,11478073.5
A01001,Applications,15446271,Open,11584703.25
A01001,Integration,15392957,Open,11544717.75
A01002,Database,5044925,Open,3783693.75
A01002,Analytics & Data,10669589,Open,8002191.75
A01003,Infrastructure,15073719,Open,11305289.25
A01003,Database,14795345,Open,11096508.75
A01003,AI & ML,15137527,Open,11353145.25
A01003,Security,15272876,Open,11454657.0
A01003,Applications,4010868,Open,3008151.0
A01003,Integration,14735852,Open,11051889.0
A01005,Analytics & Data,2044807,Open,1533605.25
A01005,Security,4330392,Open,3247794.0
A01007,Infrastructure,15269078,Open,11451808.5
A01007,Database,5795763,Open,4346822.25
A01007,Analytics & Data,14990404,Open,11242803.0
A01007,AI & ML,14873329,Open,11154996.75
A01007,Security,9438527,Open,7078895.25
A01009,Infrastructure,7790030,Open,5842522.5
A01009,Database,6584206,Open,4938154.5
A01009,Analytics & Data,1083964,Open,812973.0
A01009,Security,3783673,Open,2837754.75
A01009,Applications,14615951,Open,10961963.25
A01009,Integration,4544295,Open,3408221.25
A01010,Infrastructure,7239303,Open,5429477.25
A01010,AI & ML,6887798,Open,5165848.5
A01012,Analytics & Data,7587230,Open,5690422.5
A01012,Applications,137404,Open,103053.0
A01012,Integration,5257508,Open,3943131.0
A01013,Analytics & Data,15490340,Open,11617755.0
A01013,AI & ML,15490825,Open,11618118.75
A01013,Security,10091663,Open,7568747.25
A01014,Infrastructure,2744827,Open,2058620.25
A01014,Database,6256400,Open,4692300.0
A01015,Infrastructure,10601195,Open,7950896.25
A01015,Analytics & Data,6470543,Open,4852907.25
A01015,AI & ML,8707971,Open,6530978.25
A01015,Integration,4695116,Open,3521337.0
A01016,Infrastructure,10795579,Open,8096684.25
A01017,Infrastructure,14775189,Open,11081391.75
A01017,Database,15383298,Open,11537473.5
A01017,AI & ML,10608884,Open,7956663.0
A01017,Security,14700482,Open,11025361.5
A01017,Applications,14588147,Open,10941110.25
A01018,Infrastructure,15075784,Open,11306838.0
A01018,Database,15086820,Open,11315115.0
A01018,Analytics & Data,6254778,Open,4691083.5
A01018,AI & ML,15395704,Open,11546778.0
A01018,Security,15188477,Open,11391357.75
A01018,Integration,15115410,Open,11336557.5
A01019,Infrastructure,115537,Open,86652.75
A01019,Database,4553376,Open,3415032.0
A01019,Applications,3121658,Open,2341243.5
A01020,Infrastructure,2099680,Open,1574760.0
A01020,Database,7692885,Open,5769663.75
A01020,Security,6483212,Open,4862409.0
A01021,Analytics & Data,5756137,Open,4317102.75
A01021,AI & ML,14660395,Open,10995296.25
A01021,Security,1930312,Open,1447734.0
A01022,Database,4534867,Open,3401150.25
A01022,Analytics & Data,8572059,Open,6429044.25
A01022,AI & ML,14807299,Open,11105474.25
A01022,Security,14799865,Open,11099898.75
A01023,Infrastructure,4347903,Open,3260927.25
A01023,Database,14629915,Open,10972436.25
A01023,AI & ML,8219795,Open,6164846.25
A01023,Security,10836907,Open,8127680.25
A01023,Applications,14737506,Open,11053129.5
A01023,Integration,10903695,Open,8177771.25
A01024,Infrastructure,15105166,Open,11328874.5
A01024,Database,14836957,Open,11127717.75
A01024,Analytics & Data,15237719,Open,11428289.25
A01024,AI & ML,6101489,Open,4576116.75
A01024,Security,14878570,Open,11158927.5
A01024,Applications,15482230,Open,11611672.5
A01024,Integration,14935066,Open,11201299.5
A01025,Infrastructure,15244604,Open,11433453.0
A01025,Database,15185213,Open,11388909.75
A01025,Analytics & Data,14704891,Open,11028668.25
A01025,AI & ML,15337679,Open,11503259.25
A01025,Security,15234532,Open,11425899.0
A01025,Applications,14855767,Open,11141825.25
A01025,Integration,11016379,Open,8262284.25
A01026,Database,2832424,Open,2124318.0
A01026,Integration,7585467,Open,5689100.25
A01027,Infrastructure,3177993,Open,2383494.75
A01027,Database,15445125,Open,11583843.75
A01027,Analytics & Data,15411419,Open,11558564.25
A01027,AI & ML,9615881,Open,7211910.75
A01027,Security,15257228,Open,11442921.0
A01027,Applications,15354109,Open,11515581.75
A01030,Infrastructure,7148518,Open,5361388.5
A01030,AI & ML,2918736,Open,2189052.0
A01030,Applications,4162836,Open,3122127.0
A01031,Analytics & Data,3583197,Open,2687397.75
A01031,AI & ML,5012654,Open,3759490.5
A01032,Database,1550476,Open,1162857.0
A01032,AI & ML,10100256,Open,7575192.0
A01032,Applications,6372418,Open,4779313.5
A01032,Integration,2642125,Open,1981593.75
A01033,Applications,1252368,Open,939276.0
A01034,Infrastructure,10898653,Open,8173989.75
A01034,Database,15255941,Open,11441955.75
A01034,AI & ML,7514621,Open,5635965.75
A01034,Applications,4566091,Open,3424568.25
A01034,Integration,3802579,Open,2851934.25
A01035,Infrastructure,9149330,Open,6861997.5
A01035,Database,15182268,Open,11386701.0
A01035,Applications,6677797,Open,5008347.75
A01036,Database,6985073,Open,5238804.75
A01036,Analytics & Data,2632910,Open,1974682.5
A01036,Applications,3654020,Open,2740515.0
A01036,Integration,3685986,Open,2764489.5
A01037,Infrastructure,2154102,Open,1615576.5
A01038,Infrastructure,15406715,Open,11555036.25
A01038,Database,15090765,Open,11318073.75
A01038,Analytics & Data,6522589,Open,4891941.75
A01038,Security,5875669,Open,4406751.75
A01038,Integration,15215564,Open,11411673.0
A01040,Database,2276402,Open,1707301.5
A01041,Infrastructure,3900168,Open,2925126.0
A01041,Database,2963987,Open,2222990.25
A01041,Analytics & Data,747255,Open,560441.25
A01041,AI & ML,2157078,Open,1617808.5
A01042,Analytics & Data,1284936,Open,963702.0
A01042,Security,15093940,Open,11320455.0
A01043,Infrastructure,14579253,Open,10934439.75
A01043,Database,5464632,Open,4098474.0
A01043,AI & ML,6274029,Open,4705521.75
A01043,Integration,11036482,Open,8277361.5
A01044,Infrastructure,8065413,Open,6049059.75
A01045,Infrastructure,15265788,Open,11449341.0
A01045,Database,15461661,Open,11596245.75
A01045,AI & ML,9631137,Open,7223352.75
A01045,Security,15134807,Open,11351105.25
A01045,Applications,15126609,Open,11344956.75
A01045,Integration,14798998,Open,11099248.5
A01046,Infrastructure,10444490,Open,7833367.5
A01046,Database,15271325,Open,11453493.75
A01046,Security,4874203,Open,3655652.25
A01046,Applications,860994,Open,645745.5
A01046,Integration,4333636,Open,3250227.0
A01047,Infrastructure,15408376,Open,11556282.0
A01047,Database,14590878,Open,10943158.5
A01047,Analytics & Data,15077508,Open,11308131.0
A01047,Applications,15372241,Open,11529180.75
A01047,Integration,14760570,Open,11070427.5
A01048,Database,658971,Open,494228.25
A01048,Security,1781810,Open,1336357.5
A01048,Integration,2400372,Open,1800279.0
A01049,Database,15089465,Open,11317098.75
A01049,Analytics & Data,4071262,Open,3053446.5
A01049,AI & ML,4759359,Open,3569519.25
A01049,Security,14668897,Open,11001672.75
A01049,Integration,8949669,Open,6712251.75
A01050,Infrastructure,15328375,Open,11496281.25
A01050,Database,15137137,Open,11352852.75
A01050,Analytics & Data,14966349,Open,11224761.75
A01050,Security,14948869,Open,11211651.75
A01050,Applications,14857922,Open,11143441.5
A01050,Integration,15404880,Open,11553660.0
A01052,Infrastructure,3358008,Open,2518506.0
A01053,AI & ML,2054633,Open,1540974.75
A01054,Infrastructure,10155605,Open,7616703.75
A01054,Analytics & Data,3233002,Open,2424751.5
A01054,AI & ML,1784413,Open,1338309.75
A01054,Security,3054960,Open,2291220.0
A01054,Integration,15325966,Open,11494474.5
A01056,Infrastructure,9815891,Open,7361918.25
A01056,Database,8359152,Open,6269364.0
A01056,Analytics & Data,1213171,Open,909878.25
A01056,Security,4263738,Open,3197803.5
A01057,Infrastructure,8762290,Open,6571717.5
A01057,Database,15354806,Open,11516104.5
A01057,AI & ML,14667973,Open,11000979.75
A01057,Applications,513996,Open,385497.0
A01057,Integration,7537280,Open,5652960.0
A01058,Infrastructure,5537057,Open,4152792.75
A01058,Database,3961347,Open,2971010.25
A01059,Analytics & Data,3484105,Open,2613078.75
A01059,AI & ML,5093999,Open,3820499.25
A01059,Security,3525101,Open,2643825.75
A01059,Integration,5588921,Open,4191690.75
A01060,Database,4061322,Open,3045991.5
A01060,Analytics & Data,5361708,Open,4021281.0
A01060,Security,8364764,Open,6273573.0
A01060,Applications,10636748,Open,7977561.0
A01060,Integration,14827479,Open,11120609.25
A01061,AI & ML,393929,Open,295446.75
A01062,Analytics & Data,14810525,Open,11107893.75
A01062,AI & ML,15363947,Open,11522960.25
A01062,Security,5411346,Open,4058509.5
A01062,Applications,8113925,Open,6085443.75
A01062,Integration,14626919,Open,10970189.25
A01063,Infrastructure,3712950,Open,2784712.5
A01063,Security,5096656,Open,3822492.0
A01063,Applications,2548408,Open,1911306.0
A01063,Integration,8989225,Open,6741918.75
A01064,Infrastructure,15320804,Open,11490603.0
A01064,Database,4752579,Open,3564434.25
A01064,Analytics & Data,6222946,Open,4667209.5
A01064,AI & ML,2623200,Open,1967400.0
A01064,Security,10116760,Open,7587570.0
A01064,Applications,15024973,Open,11268729.75
A01065,Database,240753,Open,180564.75
A01066,AI & ML,1410990,Open,1058242.5
A01066,Security,6887483,Open,5165612.25
A01067,Infrastructure,556179,Open,417134.25
A01067,Analytics & Data,2556384,Open,1917288.0
A01068,Applications,2092950,Open,1569712.5
A01069,Database,5466815,Open,4100111.25
A01069,Security,546128,Open,409596.0
A01069,Integration,624922,Open,468691.5
A01070,AI & ML,7683063,Open,5762297.25
A01070,Integration,15253495,Open,11440121.25
A01072,Database,1745618,Open,1309213.5
A01072,Analytics & Data,2642545,Open,1981908.75
A01072,Integration,8585703,Open,6439277.25
A01073,Database,1355941,Open,1016955.75
A01073,AI & ML,6244974,Open,4683730.5
A01073,Security,2435477,Open,1826607.75
A01073,Integration,6124173,Open,4593129.75
A01074,Infrastructure,8976782,Open,6732586.5
A01074,Analytics & Data,10599592,Open,7949694.0
A01074,AI & ML,9755062,Open,7316296.5
A01074,Integration,1954657,Open,1465992.75
A01075,Database,8793248,Open,6594936.0
A01075,AI & ML,8440692,Open,6330519.0
A01075,Applications,7830978,Open,5873233.5
A01075,Integration,2290908,Open,1718181.0
A01076,Infrastructure,15381134,Open,11535850.5
A01076,Analytics & Data,14684021,Open,11013015.75
A01076,AI & ML,15317894,Open,11488420.5
A01076,Security,15001874,Open,11251405.5
A01076,Integration,15016582,Open,11262436.5
A01079,Infrastructure,6410958,Open,4808218.5
A01079,Applications,11113492,Open,8335119.0
A01079,Integration,3437114,Open,2577835.5
A01080,Infrastructure,14685356,Open,11014017.0
A01080,Database,5066546,Open,3799909.5
A01080,Analytics & Data,4306459,Open,3229844.25
A01080,Security,9166129,Open,6874596.75
A01080,Applications,4711491,Open,3533618.25
A01081,Security,6529697,Open,4897272.75
A01082,Analytics & Data,8560590,Open,6420442.5
A01082,Security,9496778,Open,7122583.5
A01087,Infrastructure,14756360,Open,11067270.0
A01087,Database,8092582,Open,6069436.5
A01087,Analytics & Data,10067591,Open,7550693.25
A01087,AI & ML,15489928,Open,11617446.0
A01087,Security,1865198,Open,1398898.5
A01087,Applications,5292621,Open,3969465.75
A01087,Integration,3969021,Open,2976765.75
A01089,Security,2616303,Open,1962227.25
A01090,Infrastructure,7132622,Open,5349466.5
A01090,Analytics & Data,8003689,Open,6002766.75
A01090,AI & ML,15193181,Open,11394885.75
A01090,Security,15467902,Open,11600926.5
A01090,Applications,1573733,Open,1180299.75
A01090,Integration,4373283,Open,3279962.25
A01091,Applications,2374596,Open,1780947.0
A01091,Integration,9177049,Open,6882786.75
A01092,Infrastructure,8594708,Open,6446031.0
A01092,Database,8958668,Open,6719001.0
A01092,AI & ML,11104622,Open,8328466.5
A01092,Security,7797661,Open,5848245.75
A01093,Infrastructure,2005525,Open,1504143.75
A01094,Infrastructure,6590508,Open,4942881.0
A01094,Analytics & Data,15000755,Open,11250566.25
A01094,AI & ML,893379,Open,670034.25
A01094,Security,14981953,Open,11236464.75
A01094,Applications,15254154,Open,11440615.5
A01094,Integration,7833127,Open,5874845.25
A01095,AI & ML,5239914,Open,3929935.5
A01095,Applications,4749458,Open,3562093.5
A01095,Integration,9068853,Open,6801639.75
A01096,Integration,3232599,Open,2424449.25
A01097,Database,5199485,Open,3899613.75
A01097,Analytics & Data,9322077,Open,6991557.75
A01097,Integration,8224864,Open,6168648.0
A01098,Analytics & Data,3330129,Open,2497596.75
A01098,AI & ML,14618826,Open,10964119.5
A01099,Database,14756153,Open,11067114.75
A01099,Applications,8920612,Open,6690459.0
A01100,Infrastructure,14883701,Open,11162775.75
A01100,Database,14695374,Open,11021530.5
A01100,Applications,14609653,Open,10957239.75
A01100,Integration,15141472,Open,11356104.0
A01101,Infrastructure,15212388,Open,11409291.0
A01101,Database,14742533,Open,11056899.75
A01101,Security,5680664,Open,4260498.0
A01101,Applications,677307,Open,507980.25
A01102,Infrastructure,8645407,Open,6484055.25
A01102,Analytics & Data,10886605,Open,8164953.75
A01102,Applications,1450613,Open,1087959.75
A01103,Infrastructure,2036847,Open,1527635.25
A01103,Analytics & Data,9355913,Open,7016934.75
A01103,Integration,15250439,Open,11437829.25
A01104,Infrastructure,7670005,Open,5752503.75
A01104,Analytics & Data,7759743,Open,5819807.25
A01105,Analytics & Data,960384,Open,720288.0
A01105,AI & ML,8209985,Open,6157488.75
A01105,Applications,7569969,Open,5677476.75
A01106,Security,7419859,Open,5564894.25
A01107,Database,5660475,Open,4245356.25
A01107,Analytics & Data,8195478,Open,6146608.5
A01107,AI & ML,3528543,Open,2646407.25
A01108,Infrastructure,5455139,Open,4091354.25
A01108,Database,696538,Open,522403.5
A01108,Analytics & Data,9331276,Open,6998457.0
A01108,AI & ML,5400259,Open,4050194.25
A01109,Database,535240,Open,401430.0
A01109,Security,1521380,Open,1141035.0
A01109,Applications,1368410,Open,1026307.5
A01110,Integration,8533651,Open,6400238.25
A01111,Infrastructure,14765845,Open,11074383.75
A01111,Database,3425555,Open,2569166.25
A01111,Analytics & Data,6664373,Open,4998279.75
A01111,AI & ML,10027732,Open,7520799.0
A01111,Security,14692985,Open,11019738.75
A01111,Applications,9485927,Open,7114445.25
A01112,Applications,4906531,Open,3679898.25
A01113,Infrastructure,1244373,Open,933279.75
A01113,Database,8023704,Open,6017778.0
A01113,Integration,9080564,Open,6810423.0
A01114,Infrastructure,6499232,Open,4874424.0
A01114,Analytics & Data,11035101,Open,8276325.75
A01114,AI & ML,6004861,Open,4503645.75
A01114,Security,964021,Open,723015.75
A01114,Applications,14971238,Open,11228428.5
A01115,Analytics & Data,3821689,Open,2866266.75
A01115,AI & ML,3874688,Open,2906016.0
A01115,Security,3736245,Open,2802183.75
A01115,Applications,5677843,Open,4258382.25
A01115,Integration,1192884,Open,894663.0
A01116,Infrastructure,14735252,Open,11051439.0
A01116,Database,15081745,Open,11311308.75
A01116,Analytics & Data,3641964,Open,2731473.0
A01116,AI & ML,15453337,Open,11590002.75
A01116,Applications,15253569,Open,11440176.75
A01116,Integration,15100644,Open,11325483.0
A01117,Analytics & Data,7879583,Open,5909687.25
A01117,Security,5467571,Open,4100678.25
A01117,Applications,3659496,Open,2744622.0
A01117,Integration,6923298,Open,5192473.5
A01118,Infrastructure,15018325,Open,11263743.75
A01118,Analytics & Data,9555969,Open,7166976.75
A01118,AI & ML,14790154,Open,11092615.5
A01118,Security,185434,Open,139075.5
A01118,Applications,7995820,Open,5996865.0
A01118,Integration,14810179,Open,11107634.25
A01119,Database,8869482,Open,6652111.5
A01120,Integration,655185,Open,491388.75
A01121,Infrastructure,15346870,Open,11510152.5
A01121,Database,14907473,Open,11180604.75
A01121,Analytics & Data,14702774,Open,11027080.5
A01121,AI & ML,15129268,Open,11346951.0
A01121,Security,15342034,Open,11506525.5
A01121,Applications,15350654,Open,11512990.5
A01123,Database,15034692,Open,11276019.0
A01123,Analytics & Data,14817254,Open,11112940.5
A01123,AI & ML,14906486,Open,11179864.5
A01123,Security,15217914,Open,11413435.5
A01123,Applications,15284709,Open,11463531.75
A01123,Integration,15285345,Open,11464008.75
A01124,Analytics & Data,7847278,Open,5885458.5
A01124,AI & ML,14723300,Open,11042475.0
A01124,Security,15285055,Open,11463791.25
A01124,Applications,15118414,Open,11338810.5
A01126,Integration,2768357,Open,2076267.75
A01127,Infrastructure,10326398,Open,7744798.5
A01127,Analytics & Data,9176622,Open,6882466.5
A01127,AI & ML,1893298,Open,1419973.5
A01127,Applications,8597151,Open,6447863.25
A01128,Infrastructure,4545638,Open,3409228.5
A01128,Database,14607533,Open,10955649.75
A01128,Analytics & Data,10241357,Open,7681017.75
A01128,Security,2610610,Open,1957957.5
A01128,Applications,14752163,Open,11064122.25
A01129,Infrastructure,15223266,Open,11417449.5
A01129,Applications,3142783,Open,2357087.25
A01129,Integration,15163102,Open,11372326.5
A01130,Analytics & Data,3985550,Open,2989162.5
A01130,Integration,14876737,Open,11157552.75
A01131,Analytics & Data,3357759,Open,2518319.25
A01132,AI & ML,3050447,Open,2287835.25
A01133,Analytics & Data,1154332,Open,865749.0
A01133,AI & ML,9200675,Open,6900506.25
A01133,Applications,2342951,Open,1757213.25
A01134,Infrastructure,918552,Open,688914.0
A01134,Security,5923965,Open,4442973.75
A01134,Integration,4831463,Open,3623597.25
A01135,Infrastructure,14597261,Open,10947945.75
A01135,Database,6007830,Open,4505872.5
A01135,Analytics & Data,14645103,Open,10983827.25
A01135,AI & ML,14899940,Open,11174955.0
A01135,Security,15215293,Open,11411469.75
A01135,Applications,14830204,Open,11122653.0
A01135,Integration,15193956,Open,11395467.0
A01136,Infrastructure,15460169,Open,11595126.75
A01136,Database,14636599,Open,10977449.25
A01136,Analytics & Data,14883579,Open,11162684.25
A01136,Security,15031819,Open,11273864.25
A01136,Applications,14712221,Open,11034165.75
A01136,Integration,8936784,Open,6702588.0
A01137,Analytics & Data,4600821,Open,3450615.75
A01137,AI & ML,2457433,Open,1843074.75
A01138,AI & ML,6251760,Open,4688820.0
A01138,Integration,3437605,Open,2578203.75
A01139,Database,250306,Open,187729.5
A01139,Analytics & Data,594180,Open,445635.0
A01139,AI & ML,305153,Open,228864.75
A01140,Infrastructure,14751770,Open,11063827.5
A01140,Database,15136706,Open,11352529.5
A01140,Analytics & Data,4650893,Open,3488169.75
A01140,Security,14651031,Open,10988273.25
A01140,Applications,14687123,Open,11015342.25
A01140,Integration,7373118,Open,5529838.5
A01141,Infrastructure,15033069,Open,11274801.75
A01141,Database,5359508,Open,4019631.0
A01141,Analytics & Data,15303373,Open,11477529.75
A01141,AI & ML,5938435,Open,4453826.25
A01141,Security,15080337,Open,11310252.75
A01141,Integration,15333417,Open,11500062.75
A01142,Infrastructure,15096417,Open,11322312.75
A01142,Analytics & Data,7927998,Open,5945998.5
A01142,Security,15422040,Open,11566530.0
A01142,Applications,5913908,Open,4435431.0
A01142,Integration,15484559,Open,11613419.25
A01143,Infrastructure,14917878,Open,11188408.5
A01143,Database,15081377,Open,11311032.75
A01143,Analytics & Data,6851269,Open,5138451.75
A01143,AI & ML,15307036,Open,11480277.0
A01143,Security,15245436,Open,11434077.0
A01143,Integration,15238602,Open,11428951.5
A01144,Infrastructure,2194906,Open,1646179.5
A01145,Analytics & Data,14736779,Open,11052584.25
A01145,AI & ML,7248420,Open,5436315.0
A01145,Security,9056676,Open,6792507.0
A01145,Applications,615351,Open,461513.25
A01145,Integration,10934781,Open,8201085.75
A01146,Database,6654726,Open,4991044.5
A01146,Analytics & Data,651304,Open,488478.0
A01146,AI & ML,666735,Open,500051.25
A01147,Infrastructure,5035128,Open,3776346.0
A01147,Analytics & Data,5072677,Open,3804507.75
A01147,AI & ML,5776096,Open,4332072.0
A01147,Security,3593349,Open,2695011.75
A01147,Applications,7039510,Open,5279632.5
A01147,Integration,10251340,Open,7688505.0
A01148,Analytics & Data,747211,Open,560408.25
A01149,Database,1781170,Open,1335877.5
A01149,Analytics & Data,5258642,Open,3943981.5
A01149,Applications,5921678,Open,4441258.5
A01150,Analytics & Data,4611921,Open,3458940.75
A01150,Integration,1735737,Open,1301802.75
A01151,Infrastructure,9647945,Open,7235958.75
A01151,Analytics & Data,3803513,Open,2852634.75
A01151,AI & ML,8733420,Open,6550065.0
A01151,Security,7923518,Open,5942638.5
A01151,Applications,3706963,Open,2780222.25
A01151,Integration,7988365,Open,5991273.75
A01152,Infrastructure,3350813,Open,2513109.75
A01152,Database,15047570,Open,11285677.5
A01153,Infrastructure,14743104,Open,11057328.0
A01153,Database,10584894,Open,7938670.5
A01153,Analytics & Data,9849900,Open,7387425.0
A01153,Security,10224197,Open,7668147.75
A01153,Applications,4920771,Open,3690578.25
A01153,Integration,3565031,Open,2673773.25
A01154,Infrastructure,5491288,Open,4118466.0
A01154,Database,10011028,Open,7508271.0
A01154,Applications,8462369,Open,6346776.75
A01154,Integration,14718003,Open,11038502.25
A01155,Database,3924474,Open,2943355.5
A01155,Analytics & Data,3080066,Open,2310049.5
A01155,Security,1611843,Open,1208882.25
A01155,Applications,14979956,Open,11234967.0
A01155,Integration,2552661,Open,1914495.75
A01156,AI & ML,1608904,Open,1206678.0
A01157,Infrastructure,5734939,Open,4301204.25
A01157,Database,2422075,Open,1816556.25
A01157,Security,5515478,Open,4136608.5
A01157,Applications,7952436,Open,5964327.0
A01158,Infrastructure,8669144,Open,6501858.0
A01158,Database,6218111,Open,4663583.25
A01158,Analytics & Data,5404757,Open,4053567.75
A01158,Security,14574910,Open,10931182.5
A01158,Applications,1717110,Open,1287832.5
A01158,Integration,7266376,Open,5449782.0
A01159,Infrastructure,8953417,Open,6715062.75
A01159,Database,4722823,Open,3542117.25
A01160,Infrastructure,10706679,Open,8030009.25
A01160,Database,6165653,Open,4624239.75
A01160,Analytics & Data,14865805,Open,11149353.75
A01160,AI & ML,15071227,Open,11303420.25
A01160,Applications,652342,Open,489256.5
A01161,Database,5493709,Open,4120281.75
A01161,Analytics & Data,370322,Open,277741.5
A01161,AI & ML,7342379,Open,5506784.25
A01162,Infrastructure,14754279,Open,11065709.25
A01162,Database,7427451,Open,5570588.25
A01162,Analytics & Data,15083736,Open,11312802.0
A01162,AI & ML,14730526,Open,11047894.5
A01162,Security,14776127,Open,11082095.25
A01162,Applications,2444034,Open,1833025.5
A01163,Infrastructure,15264536,Open,11448402.0
A01163,Database,5388659,Open,4041494.25
A01163,Security,5552304,Open,4164228.0
A01163,Integration,2164075,Open,1623056.25
A01164,Infrastructure,9397495,Open,7048121.25
A01164,AI & ML,15182428,Open,11386821.0
A01164,Security,6033401,Open,4525050.75
A01164,Applications,15352309,Open,11514231.75
A01164,Integration,15307567,Open,11480675.25
A01165,Database,6515463,Open,4886597.25
A01165,Analytics & Data,3614834,Open,2711125.5
A01165,AI & ML,2235791,Open,1676843.25
A01165,Integration,2348080,Open,1761060.0
A01166,Infrastructure,14667374,Open,11000530.5
A01166,Database,15105250,Open,11328937.5
A01166,Analytics & Data,2224520,Open,1668390.0
A01166,AI & ML,15089864,Open,11317398.0
A01166,Security,14769113,Open,11076834.75
A01166,Applications,6147617,Open,4610712.75
A01166,Integration,9125638,Open,6844228.5
A01167,Infrastructure,15076317,Open,11307237.75
A01167,Analytics & Data,5447080,Open,4085310.0
A01168,Security,10573979,Open,7930484.25
A01168,Integration,1315532,Open,986649.0
A01170,Database,7872343,Open,5904257.25
A01170,AI & ML,5990933,Open,4493199.75
A01170,Applications,15314612,Open,11485959.0
A01171,AI & ML,5092010,Open,3819007.5
A01171,Security,14791699,Open,11093774.25
A01171,Integration,7228159,Open,5421119.25
A01172,Infrastructure,14988841,Open,11241630.75
A01172,Database,15489296,Open,11616972.0
A01172,AI & ML,14979084,Open,11234313.0
A01172,Security,4576366,Open,3432274.5
A01173,Database,6780357,Open,5085267.75
A01173,Analytics & Data,1252737,Open,939552.75
A01173,Integration,14802782,Open,11102086.5
A01174,Analytics & Data,8252418,Open,6189313.5
A01175,Infrastructure,9020325,Open,6765243.75
A01175,Database,8849390,Open,6637042.5
A01175,Analytics & Data,5097050,Open,3822787.5
A01175,AI & ML,4280775,Open,3210581.25
A01175,Security,4509046,Open,3381784.5
A01175,Applications,4965832,Open,3724374.0
A01176,Infrastructure,14832185,Open,11124138.75
A01176,Database,14697185,Open,11022888.75
A01176,AI & ML,14678463,Open,11008847.25
A01176,Applications,14997067,Open,11247800.25
A01177,Database,1039913,Open,779934.75
A01177,Analytics & Data,15195922,Open,11396941.5
A01177,AI & ML,684064,Open,513048.0
A01177,Integration,2199235,Open,1649426.25
A01178,AI & ML,512941,Open,384705.75
A01179,Infrastructure,14576695,Open,10932521.25
A01179,Database,835953,Open,626964.75
A01179,Analytics & Data,5852098,Open,4389073.5
A01179,Security,5576980,Open,4182735.0
A01179,Integration,14608850,Open,10956637.5
A01180,Infrastructure,7829284,Open,5871963.0
A01180,Analytics & Data,15130579,Open,11347934.25
A01180,AI & ML,14643092,Open,10982319.0
A01181,Analytics & Data,2710764,Open,2033073.0
A01181,Integration,8008329,Open,6006246.75
A01182,Integration,1637767,Open,1228325.25
A01183,Security,7176951,Open,5382713.25
A01184,Infrastructure,5713950,Open,4285462.5
A01184,Database,8330468,Open,6247851.0
A01184,Analytics & Data,6906966,Open,5180224.5
A01184,AI & ML,7535580,Open,5651685.0
A01184,Integration,553347,Open,415010.25
A01185,Infrastructure,4496240,Open,3372180.0
A01185,Database,9825909,Open,7369431.75
A01185,Security,4326592,Open,3244944.0
A01185,Applications,14857826,Open,11143369.5
A01185,Integration,15348506,Open,11511379.5
A01187,Analytics & Data,2216335,Open,1662251.25
A01187,Security,15497085,Open,11622813.75
A01187,Applications,9164709,Open,6873531.75
A01188,Analytics & Data,8834149,Open,6625611.75
A01188,Security,4964995,Open,3723746.25
A01188,Applications,3544655,Open,2658491.25
A01188,Integration,10408489,Open,7806366.75
A01189,Infrastructure,8152528,Open,6114396.0
A01189,Integration,4723823,Open,3542867.25
A01190,Database,9056291,Open,6792218.25
A01190,Analytics & Data,6140072,Open,4605054.0
A01190,Security,5976692,Open,4482519.0
A01190,Integration,991884,Open,743913.0
A01191,Infrastructure,9656188,Open,7242141.0
A01191,Analytics & Data,1776583,Open,1332437.25
A01192,Infrastructure,14923713,Open,11192784.75
A01192,Database,15397302,Open,11547976.5
A01192,Analytics & Data,15042786,Open,11282089.5
A01192,AI & ML,14927897,Open,11195922.75
A01192,Security,15232703,Open,11424527.25
A01192,Applications,14751662,Open,11063746.5
A01192,Integration,15142582,Open,11356936.5
A01193,Database,2530461,Open,1897845.75
A01193,Analytics & Data,2293401,Open,1720050.75
A01193,AI & ML,2947317,Open,2210487.75
A01193,Security,163185,Open,122388.75
A01194,Infrastructure,10477706,Open,7858279.5
A01194,Database,14748230,Open,11061172.5
A01194,Analytics & Data,6545720,Open,4909290.0
A01194,AI & ML,15499145,Open,11624358.75
A01194,Applications,15119530,Open,11339647.5
A01196,Infrastructure,6191298,Open,4643473.5
A01196,Database,15019739,Open,11264804.25
A01196,Analytics & Data,9361888,Open,7021416.0
A01196,AI & ML,7524461,Open,5643345.75
A01196,Security,15243940,Open,11432955.0
A01196,Applications,15170350,Open,11377762.5
A01196,Integration,1033463,Open,775097.25
A01197,Infrastructure,5667037,Open,4250277.75
A01197,Database,9054518,Open,6790888.5
A01197,Security,4392909,Open,3294681.75
A01197,Integration,2375998,Open,1781998.5
A01198,Infrastructure,14909621,Open,11182215.75
A01198,Database,14571208,Open,10928406.0
A01198,AI & ML,15369267,Open,11526950.25
A01198,Integration,9635785,Open,7226838.75
A01199,Infrastructure,1887213,Open,1415409.75
A01199,Analytics & Data,8799591,Open,6599693.25
A01199,AI & ML,4928892,Open,3696669.0
A01199,Security,6872617,Open,5154462.75
A01199,Applications,10383445,Open,7787583.75
A01199,Integration,8997715,Open,6748286.25
A01200,Infrastructure,6353567,Open,4765175.25
A01200,Database,8841912,Open,6631434.0
A01200,Analytics & Data,14784658,Open,11088493.5
A01200,AI & ML,9220683,Open,6915512.25
A01200,Security,7522225,Open,5641668.75
A01200,Applications,15432369,Open,11574276.75
A01200,Integration,5220696,Open,3915522.0
A01201,Infrastructure,1024718,Open,768538.5
A01201,Database,15250823,Open,11438117.25
A01201,Analytics & Data,14993194,Open,11244895.5
A01201,Integration,14940869,Open,11205651.75
A01202,Infrastructure,708115,Open,531086.25
A01202,Security,3193614,Open,2395210.5
A01203,Database,451758,Open,338818.5
A01203,Analytics & Data,8571982,Open,6428986.5
A01203,AI & ML,3235095,Open,2426321.25
A01203,Integration,1443297,Open,1082472.75
A01204,AI & ML,5058297,Open,3793722.75
A01204,Applications,4408311,Open,3306233.25
A01207,Infrastructure,7436255,Open,5577191.25
A01207,Integration,4297034,Open,3222775.5
A01208,Infrastructure,8545315,Open,6408986.25
A01208,Database,3900784,Open,2925588.0
A01208,Analytics & Data,789017,Open,591762.75
A01209,Infrastructure,14943334,Open,11207500.5
A01209,Database,15191604,Open,11393703.0
A01209,AI & ML,15438143,Open,11578607.25
A01209,Security,15113369,Open,11335026.75
A01209,Integration,14613637,Open,10960227.75
A01210,Security,4629852,Open,3472389.0
A01210,Integration,2858538,Open,2143903.5
A01211,Infrastructure,7310775,Open,5483081.25
A01211,Database,2349258,Open,1761943.5
A01211,AI & ML,5177466,Open,3883099.5
A01212,Infrastructure,1361941,Open,1021455.75
A01212,Database,7295035,Open,5471276.25
A01212,Analytics & Data,4974736,Open,3731052.0
A01212,AI & ML,7978552,Open,5983914.0
A01212,Applications,1514964,Open,1136223.0
A01213,Database,8576938,Open,6432703.5
A01213,Analytics & Data,15208665,Open,11406498.75
A01213,AI & ML,15480197,Open,11610147.75
A01213,Security,5597263,Open,4197947.25
A01214,Analytics & Data,3864374,Open,2898280.5
A01215,Infrastructure,15341595,Open,11506196.25
A01215,Database,2857460,Open,2143095.0
A01215,Security,4343508,Open,3257631.0
A01215,Integration,7845631,Open,5884223.25
A01216,Infrastructure,1078462,Open,808846.5
A01216,Database,15291631,Open,11468723.25
A01216,Analytics & Data,14970287,Open,11227715.25
A01216,AI & ML,6685664,Open,5014248.0
A01216,Security,5311512,Open,3983634.0
A01216,Applications,3329381,Open,2497035.75
A01216,Integration,8550054,Open,6412540.5
A01217,Database,14687584,Open,11015688.0
A01217,Analytics & Data,1539887,Open,1154915.25
A01217,AI & ML,7145716,Open,5359287.0
A01217,Applications,6928951,Open,5196713.25
A01218,Database,817593,Open,613194.75
A01218,AI & ML,646221,Open,484665.75
A01219,Database,7131354,Open,5348515.5
A01219,AI & ML,14905148,Open,11178861.0
A01220,Infrastructure,4911648,Open,3683736.0
A01220,Security,15092503,Open,11319377.25
A01220,Applications,1731716,Open,1298787.0
A01221,Infrastructure,8465034,Open,6348775.5
A01221,Database,8458107,Open,6343580.25
A01221,AI & ML,2373732,Open,1780299.0
A01221,Security,3141285,Open,2355963.75
A01221,Applications,15275271,Open,11456453.25
A01221,Integration,15010339,Open,11257754.25
A01222,Infrastructure,15249761,Open,11437320.75
A01222,Analytics & Data,4909494,Open,3682120.5
A01223,Database,2535628,Open,1901721.0
A01223,Analytics & Data,7984931,Open,5988698.25
A01223,Security,9023733,Open,6767799.75
A01224,Infrastructure,5245876,Open,3934407.0
A01224,Database,14810275,Open,11107706.25
A01224,Security,15052241,Open,11289180.75
A01224,Integration,8695646,Open,6521734.5
A01225,Analytics & Data,6842544,Open,5131908.0
A01225,AI & ML,5340426,Open,4005319.5
A01225,Security,8961114,Open,6720835.5
A01225,Applications,4319785,Open,3239838.75
A01225,Integration,15342454,Open,11506840.5
A01226,Infrastructure,702468,Open,526851.0
A01226,Database,15347909,Open,11510931.75
A01226,Security,10399299,Open,7799474.25
A01226,Applications,8905720,Open,6679290.0
A01226,Integration,4730252,Open,3547689.0
A01227,Applications,693860,Open,520395.0
A01228,Infrastructure,15241090,Open,11430817.5
A01228,Analytics & Data,14829751,Open,11122313.25
A01228,AI & ML,14686077,Open,11014557.75
A01228,Security,15423970,Open,11567977.5
A01228,Applications,15393486,Open,11545114.5
A01228,Integration,7435629,Open,5576721.75
A01229,Security,5890236,Open,4417677.0
A01229,Applications,15256020,Open,11442015.0
A01230,Database,5332901,Open,3999675.75
A01230,Analytics & Data,10568903,Open,7926677.25
A01230,Security,15485811,Open,11614358.25
A01230,Applications,10019795,Open,7514846.25
A01230,Integration,10665986,Open,7999489.5
A01231,Analytics & Data,7688427,Open,5766320.25
A01231,AI & ML,1651505,Open,1238628.75
A01231,Security,3105059,Open,2328794.25
A01233,Infrastructure,9682620,Open,7261965.0
A01233,Database,14890683,Open,11168012.25
A01233,Security,14743827,Open,11057870.25
A01233,Applications,11141431,Open,8356073.25
A01233,Integration,15265158,Open,11448868.5
A01234,AI & ML,2576127,Open,1932095.25
A01235,Infrastructure,15293313,Open,11469984.75
A01235,Analytics & Data,14847283,Open,11135462.25
A01235,AI & ML,14595517,Open,10946637.75
A01235,Security,9513086,Open,7134814.5
A01235,Applications,9986364,Open,7489773.0
A01235,Integration,15006392,Open,11254794.0
A01236,Infrastructure,774168,Open,580626.0
A01236,Analytics & Data,5895904,Open,4421928.0
A01236,Security,8601686,Open,6451264.5
A01236,Applications,4372889,Open,3279666.75
A01236,Integration,741834,Open,556375.5
A01237,Infrastructure,15039036,Open,11279277.0
A01237,Analytics & Data,14572752,Open,10929564.0
A01237,Applications,10300125,Open,7725093.75
A01237,Integration,7764711,Open,5823533.25
A01238,Database,3200671,Open,2400503.25
A01238,Applications,5226115,Open,3919586.25
A01239,Database,1633615,Open,1225211.25
A01240,Infrastructure,15127915,Open,11345936.25
A01240,Database,15494472,Open,11620854.0
A01240,Analytics & Data,15171024,Open,11378268.0
A01240,Security,14693564,Open,11020173.0
A01240,Applications,9202039,Open,6901529.25
A01240,Integration,14628337,Open,10971252.75
A01241,Infrastructure,10523887,Open,7892915.25
A01241,Database,6942015,Open,5206511.25
A01241,Security,2864804,Open,2148603.0
A01241,Applications,4665307,Open,3498980.25
A01241,Integration,6931824,Open,5198868.0
A01242,Analytics & Data,8049554,Open,6037165.5
A01242,Security,1752887,Open,1314665.25
A01243,Infrastructure,2568876,Open,1926657.0
A01243,Database,9051625,Open,6788718.75
A01243,Analytics & Data,5112918,Open,3834688.5
A01243,Applications,14780529,Open,11085396.75
A01243,Integration,15272458,Open,11454343.5
A01244,Database,9528845,Open,7146633.75
A01244,Analytics & Data,5325657,Open,3994242.75
A01244,Integration,15017338,Open,11263003.5
A01245,Infrastructure,15253136,Open,11439852.0
A01245,Database,7676185,Open,5757138.75
A01245,Analytics & Data,10691482,Open,8018611.5
A01245,AI & ML,6776435,Open,5082326.25
A01245,Security,7396353,Open,5547264.75
A01246,Database,566840,Open,425130.0
A01246,AI & ML,1652976,Open,1239732.0
A01246,Applications,9222623,Open,6916967.25
A01247,Database,6504164,Open,4878123.0
A01247,Analytics & Data,5317579,Open,3988184.25
A01247,AI & ML,15161710,Open,11371282.5
A01247,Security,6168553,Open,4626414.75
A01247,Integration,7005394,Open,5254045.5
A01248,Infrastructure,10135925,Open,7601943.75
A01248,Database,6379288,Open,4784466.0
A01248,Analytics & Data,5691480,Open,4268610.0
A01248,AI & ML,1648154,Open,1236115.5
A01248,Security,1713472,Open,1285104.0
A01248,Integration,10093539,Open,7570154.25
A01250,Infrastructure,3248567,Open,2436425.25
A01250,AI & ML,15108154,Open,11331115.5
A01250,Security,10996799,Open,8247599.25
A01250,Applications,768589,Open,576441.75
A01250,Integration,7060690,Open,5295517.5
A01251,Analytics & Data,2036061,Open,1527045.75
A01251,Integration,1924140,Open,1443105.0
A01252,Infrastructure,14687580,Open,11015685.0
A01252,Database,14851205,Open,11138403.75
A01252,Analytics & Data,5552129,Open,4164096.75
A01252,Integration,4090381,Open,3067785.75
A01253,Infrastructure,14644222,Open,10983166.5
A01253,Analytics & Data,10488855,Open,7866641.25
A01253,AI & ML,9122803,Open,6842102.25
A01253,Applications,8550628,Open,6412971.0
A01253,Integration,9644428,Open,7233321.0
A01254,Infrastructure,9620433,Open,7215324.75
A01254,Database,7775377,Open,5831532.75
A01254,Analytics & Data,15191104,Open,11393328.0
A01254,Integration,4434380,Open,3325785.0
A01255,Infrastructure,4863433,Open,3647574.75
A01255,Database,4613596,Open,3460197.0
A01255,Analytics & Data,2151451,Open,1613588.25
A01255,AI & ML,1311587,Open,983690.25
A01255,Applications,15417403,Open,11563052.25
A01255,Integration,5819969,Open,4364976.75
A01256,Infrastructure,3458778,Open,2594083.5
A01256,Database,10518992,Open,7889244.0
A01256,Security,15437421,Open,11578065.75
A01256,Applications,4580742,Open,3435556.5
A01256,Integration,9481257,Open,7110942.75
A01257,AI & ML,8163851,Open,6122888.25
A01257,Security,8756021,Open,6567015.75
A01258,Infrastructure,8270251,Open,6202688.25
A01258,AI & ML,2255006,Open,1691254.5
A01258,Security,8336854,Open,6252640.5
A01258,Applications,15239486,Open,11429614.5
A01259,Infrastructure,2886226,Open,2164669.5
A01259,Security,6031575,Open,4523681.25
A01259,Applications,2276059,Open,1707044.25
A01259,Integration,4693329,Open,3519996.75
A01260,Infrastructure,8050389,Open,6037791.75
A01260,AI & ML,6135303,Open,4601477.25
A01260,Security,1381657,Open,1036242.75
A01260,Applications,14952346,Open,11214259.5
A01260,Integration,7356859,Open,5517644.25
A01261,Infrastructure,1930410,Open,1447807.5
A01261,Analytics & Data,9408226,Open,7056169.5
A01261,Security,6858530,Open,5143897.5
A01261,Integration,772012,Open,579009.0
A01262,Integration,9138585,Open,6853938.75
A01263,Infrastructure,14638741,Open,10979055.75
A01263,Database,15274165,Open,11455623.75
A01263,Analytics & Data,15240230,Open,11430172.5
A01263,Security,7400353,Open,5550264.75
A01263,Integration,8729887,Open,6547415.25
A01264,Database,4936436,Open,3702327.0
A01264,Analytics & Data,8664383,Open,6498287.25
A01264,AI & ML,9839260,Open,7379445.0
A01264,Security,15395823,Open,11546867.25
A01264,Applications,14831691,Open,11123768.25
A01264,Integration,15132898,Open,11349673.5
A01265,Infrastructure,2788780,Open,2091585.0
A01265,Analytics & Data,3294429,Open,2470821.75
A01265,AI & ML,4023626,Open,3017719.5
A01265,Security,8310924,Open,6233193.0
A01265,Applications,14889415,Open,11167061.25
A01265,Integration,5590768,Open,4193076.0
A01267,Infrastructure,4197296,Open,3147972.0
A01267,Database,3147838,Open,2360878.5
A01267,AI & ML,2094755,Open,1571066.25
A01267,Security,1177033,Open,882774.75
A01268,Security,7976036,Open,5982027.0
A01268,Integration,15169361,Open,11377020.75
A01269,Integration,3221501,Open,2416125.75
A01271,Infrastructure,15453406,Open,11590054.5
A01271,Database,14779939,Open,11084954.25
A01271,Analytics & Data,15222178,Open,11416633.5
A01271,AI & ML,14921106,Open,11190829.5
A01271,Security,14709052,Open,11031789.0
A01271,Applications,15049082,Open,11286811.5
A01271,Integration,15167466,Open,11375599.5
A01272,Infrastructure,15030018,Open,11272513.5
A01272,Database,14980594,Open,11235445.5
A01272,Analytics & Data,8911579,Open,6683684.25
A01272,Security,6064145,Open,4548108.75
A01272,Applications,14579603,Open,10934702.25
A01274,Integration,9707952,Open,7280964.0
A01275,Database,14899995,Open,11174996.25
A01275,Analytics & Data,6652785,Open,4989588.75
A01275,Integration,4523294,Open,3392470.5
A01276,Infrastructure,9928684,Open,7446513.0
A01276,Database,3922306,Open,2941729.5
A01276,Analytics & Data,9432129,Open,7074096.75
A01278,Analytics & Data,4884933,Open,3663699.75
A01278,AI & ML,15320617,Open,11490462.75
A01278,Security,7643728,Open,5732796.0
A01279,Infrastructure,15477397,Open,11608047.75
A01279,Security,15305990,Open,11479492.5
A01279,Integration,14891531,Open,11168648.25
A01280,Database,7330444,Open,5497833.0
A01280,Security,9399197,Open,7049397.75
A01280,Integration,7151760,Open,5363820.0
A01282,Infrastructure,8631413,Open,6473559.75
A01282,Analytics & Data,6644956,Open,4983717.0
A01282,Security,14785918,Open,11089438.5
A01282,Applications,8258063,Open,6193547.25
A01283,Analytics & Data,2612547,Open,1959410.25
A01283,AI & ML,6209932,Open,4657449.0
A01283,Applications,15467802,Open,11600851.5
A01283,Integration,14915990,Open,11186992.5
A01284,Infrastructure,15316875,Open,11487656.25
A01284,Database,15297412,Open,11473059.0
A01284,Analytics & Data,10319550,Open,7739662.5
A01284,AI & ML,8194479,Open,6145859.25
A01284,Security,14923757,Open,11192817.75
A01284,Applications,14755109,Open,11066331.75
A01285,Infrastructure,3810057,Open,2857542.75
A01285,Database,14778454,Open,11083840.5
A01285,AI & ML,9681585,Open,7261188.75
A01285,Applications,8600596,Open,6450447.0
A01285,Integration,15296132,Open,11472099.0
A01286,Infrastructure,4876423,Open,3657317.25
A01286,Analytics & Data,15462724,Open,11597043.0
A01286,AI & ML,9976261,Open,7482195.75
A01286,Applications,4529147,Open,3396860.25
A01286,Integration,4347796,Open,3260847.0
A01287,Analytics & Data,2410067,Open,1807550.25
A01288,Infrastructure,4004423,Open,3003317.25
A01288,Database,8201540,Open,6151155.0
A01288,Analytics & Data,10004523,Open,7503392.25
A01288,AI & ML,14681601,Open,11011200.75
A01288,Security,8581345,Open,6436008.75
A01288,Applications,14935880,Open,11201910.0
A01288,Integration,15040924,Open,11280693.0
A01289,Analytics & Data,8631346,Open,6473509.5
A01289,AI & ML,11006826,Open,8255119.5
A01289,Security,999392,Open,749544.0
A01289,Applications,1717224,Open,1287918.0
A01290,Infrastructure,15121522,Open,11341141.5
A01290,Database,5106108,Open,3829581.0
A01290,Security,2485977,Open,1864482.75
A01291,Infrastructure,3372165,Open,2529123.75
A01291,Database,10712226,Open,8034169.5
A01291,Analytics & Data,9431036,Open,7073277.0
A01291,Security,14700622,Open,11025466.5
A01291,Applications,3111274,Open,2333455.5
A01292,Security,14629218,Open,10971913.5
A01292,Integration,11095285,Open,8321463.75
A01293,Infrastructure,4774639,Open,3580979.25
A01293,Database,3338499,Open,2503874.25
A01293,Applications,8968640,Open,6726480.0
A01294,Infrastructure,14920548,Open,11190411.0
A01294,Database,15268549,Open,11451411.75
A01294,AI & ML,14676431,Open,11007323.25
A01294,Security,10453527,Open,7840145.25
A01294,Applications,10210254,Open,7657690.5
A01294,Integration,15157725,Open,11368293.75
A01295,Infrastructure,2147957,Open,1610967.75
A01295,Security,8226694,Open,6170020.5
A01295,Integration,2526852,Open,1895139.0
A01296,Analytics & Data,2077227,Open,1557920.25
A01296,AI & ML,4784496,Open,3588372.0
A01296,Security,10427043,Open,7820282.25
A01296,Integration,7777253,Open,5832939.75
A01297,Infrastructure,5382579,Open,4036934.25
A01297,AI & ML,4119602,Open,3089701.5
A01297,Security,4315181,Open,3236385.75
A01297,Integration,15455735,Open,11591801.25
A01298,Infrastructure,14742052,Open,11056539.0
A01298,Database,2266519,Open,1699889.25
A01298,Analytics & Data,14630541,Open,10972905.75
A01298,AI & ML,8574180,Open,6430635.0
A01298,Security,14874422,Open,11155816.5
A01298,Applications,2256769,Open,1692576.75
A01298,Integration,15447767,Open,11585825.25
A01299,Infrastructure,755310,Open,566482.5
A01299,Database,5364923,Open,4023692.25
A01299,Security,14870285,Open,11152713.75
A01299,Applications,15051467,Open,11288600.25
A01300,Infrastructure,15087853,Open,11315889.75
A01300,Database,6529899,Open,4897424.25
A01300,Analytics & Data,14805901,Open,11104425.75
A01300,AI & ML,15066820,Open,11300115.0
A01300,Security,5124781,Open,3843585.75
A01300,Applications,7929640,Open,5947230.0
A01301,Integration,2259591,Open,1694693.25
A01303,Infrastructure,1779840,Open,1334880.0
A01303,Database,15378614,Open,11533960.5
A01303,Analytics & Data,8165143,Open,6123857.25
A01303,Integration,1397027,Open,1047770.25
A01304,Infrastructure,15388748,Open,11541561.0
A01304,Analytics & Data,8330292,Open,6247719.0
A01304,AI & ML,15376602,Open,11532451.5
A01304,Security,8267146,Open,6200359.5
A01304,Applications,3762948,Open,2822211.0
A01304,Integration,14594357,Open,10945767.75
A01305,Infrastructure,14988457,Open,11241342.75
A01305,Database,14876063,Open,11157047.25
A01305,AI & ML,15236644,Open,11427483.0
A01305,Integration,14908001,Open,11181000.75
A01306,Security,2041994,Open,1531495.5
A01308,Infrastructure,6981744,Open,5236308.0
A01308,Analytics & Data,15492854,Open,11619640.5
A01308,AI & ML,3473120,Open,2604840.0
A01308,Security,14732042,Open,11049031.5
A01308,Applications,5770977,Open,4328232.75
A01308,Integration,3977888,Open,2983416.0
A01309,Infrastructure,8882534,Open,6661900.5
A01309,Database,4774251,Open,3580688.25
A01309,Analytics & Data,1263263,Open,947447.25
A01309,Integration,4928391,Open,3696293.25
A01310,Infrastructure,5456104,Open,4092078.0
A01310,Database,15095838,Open,11321878.5
A01310,Analytics & Data,15407000,Open,11555250.0
A01310,AI & ML,10999887,Open,8249915.25
A01310,Applications,5584438,Open,4188328.5
A01310,Integration,3734292,Open,2800719.0
A01311,AI & ML,2828289,Open,2121216.75
A01312,Database,1719222,Open,1289416.5
A01312,Applications,9146942,Open,6860206.5
A01312,Integration,5555717,Open,4166787.75
A01314,Infrastructure,10424080,Open,7818060.0
A01314,Database,14859240,Open,11144430.0
A01314,Analytics & Data,10983284,Open,8237463.0
A01314,AI & ML,6186639,Open,4639979.25
A01314,Applications,15158319,Open,11368739.25
A01314,Integration,15299939,Open,11474954.25
A01315,Infrastructure,7645174,Open,5733880.5
A01315,Analytics & Data,15345206,Open,11508904.5
A01315,AI & ML,15156836,Open,11367627.0
A01315,Security,15204539,Open,11403404.25
A01316,Applications,462038,Open,346528.5
A01317,Security,2232592,Open,1674444.0
A01317,Integration,10069672,Open,7552254.0
A01318,Infrastructure,7665901,Open,5749425.75
A01318,Applications,10596488,Open,7947366.0
A01319,Infrastructure,5302125,Open,3976593.75
A01319,Analytics & Data,10841090,Open,8130817.5
A01319,Security,10313716,Open,7735287.0
A01319,Applications,7278131,Open,5458598.25
A01320,Infrastructure,5226523,Open,3919892.25
A01320,Database,14761113,Open,11070834.75
A01320,Applications,15181411,Open,11386058.25
A01320,Integration,4058383,Open,3043787.25
A01321,Infrastructure,5979840,Open,4484880.0
A01321,Analytics & Data,3620060,Open,2715045.0
A01321,Security,3002235,Open,2251676.25
A01321,Applications,15383099,Open,11537324.25
A01321,Integration,2807970,Open,2105977.5
A01322,Database,130856,Open,98142.0
A01322,AI & ML,2421456,Open,1816092.0
A01322,Security,1737232,Open,1302924.0
A01322,Applications,1689474,Open,1267105.5
A01323,Database,1589247,Open,1191935.25
A01323,Integration,556736,Open,417552.0
A01324,AI & ML,9477314,Open,7107985.5
A01324,Integration,2387170,Open,1790377.5
A01325,Analytics & Data,8849630,Open,6637222.5
A01326,Infrastructure,15381394,Open,11536045.5
A01326,Analytics & Data,8279996,Open,6209997.0
A01326,AI & ML,5993590,Open,4495192.5
A01326,Security,15374378,Open,11530783.5
A01326,Applications,14688802,Open,11016601.5
A01326,Integration,15461325,Open,11595993.75
A01327,Database,15172268,Open,11379201.0
A01327,Analytics & Data,14893924,Open,11170443.0
A01327,Applications,8234724,Open,6176043.0
A01328,Infrastructure,2640713,Open,1980534.75
A01328,Database,7098956,Open,5324217.0
A01328,Analytics & Data,10542187,Open,7906640.25
A01328,Applications,14699017,Open,11024262.75
A01329,Infrastructure,5973974,Open,4480480.5
A01329,Database,10248267,Open,7686200.25
A01329,Analytics & Data,7113584,Open,5335188.0
A01329,AI & ML,8020985,Open,6015738.75
A01329,Security,14626809,Open,10970106.75
A01329,Applications,1523293,Open,1142469.75
A01330,Database,15117972,Open,11338479.0
A01330,AI & ML,15030592,Open,11272944.0
A01330,Integration,4648288,Open,3486216.0
A01331,Infrastructure,3707136,Open,2780352.0
A01331,Analytics & Data,740837,Open,555627.75
A01332,Infrastructure,7831869,Open,5873901.75
A01332,AI & ML,9876903,Open,7407677.25
A01332,Security,4314450,Open,3235837.5
A01332,Integration,9438914,Open,7079185.5
A01333,Integration,730852,Open,548139.0
A01334,Analytics & Data,14888724,Open,11166543.0
A01334,AI & ML,15435233,Open,11576424.75
A01334,Security,8188604,Open,6141453.0
A01334,Applications,10111072,Open,7583304.0
A01334,Integration,4433588,Open,3325191.0
A01335,Infrastructure,2340557,Open,1755417.75
A01335,AI & ML,6408399,Open,4806299.25
A01335,Security,2811566,Open,2108674.5
A01336,Infrastructure,15207513,Open,11405634.75
A01336,Analytics & Data,2159429,Open,1619571.75
A01336,AI & ML,6008674,Open,4506505.5
A01336,Applications,15314132,Open,11485599.0
A01336,Integration,7018051,Open,5263538.25
A01337,Database,4027000,Open,3020250.0
A01337,Security,7506779,Open,5630084.25
A01337,Integration,5931903,Open,4448927.25
A01338,Security,2971984,Open,2228988.0
A01339,Infrastructure,4080438,Open,3060328.5
A01339,Database,14781697,Open,11086272.75
A01339,Analytics & Data,15461936,Open,11596452.0
A01339,Security,15072472,Open,11304354.0
A01339,Integration,15474167,Open,11605625.25
A01340,Infrastructure,8921488,Open,6691116.0
A01340,Analytics & Data,1789249,Open,1341936.75
A01340,Integration,10495673,Open,7871754.75
A01341,AI & ML,3567672,Open,2675754.0
A01341,Applications,3037173,Open,2277879.75
A01343,Infrastructure,5993650,Open,4495237.5
A01343,AI & ML,6000534,Open,4500400.5
A01343,Security,3772501,Open,2829375.75
A01343,Applications,15024593,Open,11268444.75
A01343,Integration,7415058,Open,5561293.5
A01344,Infrastructure,14686903,Open,11015177.25
A01344,Database,15193229,Open,11394921.75
A01344,Analytics & Data,9253685,Open,6940263.75
A01344,AI & ML,15432121,Open,11574090.75
A01344,Applications,2321769,Open,1741326.75
A01344,Integration,2972046,Open,2229034.5
A01345,Infrastructure,1533419,Open,1150064.25
A01346,Infrastructure,7179030,Open,5384272.5
A01346,Database,2092536,Open,1569402.0
A01346,Security,15036297,Open,11277222.75
A01346,Applications,3532293,Open,2649219.75
A01346,Integration,14850975,Open,11138231.25
A01347,Infrastructure,769958,Open,577468.5
A01347,AI & ML,4667571,Open,3500678.25
A01348,Analytics & Data,3070541,Open,2302905.75
A01348,AI & ML,337315,Open,252986.25
A01348,Applications,337592,Open,253194.0
A01348,Integration,646147,Open,484610.25
A01349,Database,2687729,Open,2015796.75
A01349,Analytics & Data,1247925,Open,935943.75
A01349,AI & ML,4804342,Open,3603256.5
A01349,Security,9022794,Open,6767095.5
A01350,Database,3585327,Open,2688995.25
A01350,AI & ML,6373358,Open,4780018.5
A01350,Security,10121236,Open,7590927.0
A01351,Database,14802999,Open,11102249.25
A01351,Analytics & Data,4783281,Open,3587460.75
A01351,AI & ML,9695489,Open,7271616.75
A01351,Applications,5206644,Open,3904983.0
A01352,Database,7931684,Open,5948763.0
A01352,Analytics & Data,8196279,Open,6147209.25
A01352,AI & ML,15309335,Open,11482001.25
A01352,Applications,9283292,Open,6962469.0
A01352,Integration,1454056,Open,1090542.0
A01353,Analytics & Data,3001838,Open,2251378.5
A01353,Applications,6847761,Open,5135820.75
A01353,Integration,990717,Open,743037.75
A01354,Infrastructure,10353416,Open,7765062.0
A01354,Analytics & Data,9492443,Open,7119332.25
A01354,AI & ML,4626322,Open,3469741.5
A01354,Security,7637325,Open,5727993.75
A01355,Infrastructure,1661624,Open,1246218.0
A01356,Infrastructure,14573152,Open,10929864.0
A01356,Database,4172620,Open,3129465.0
A01356,Analytics & Data,9939050,Open,7454287.5
A01356,AI & ML,14888211,Open,11166158.25
A01356,Integration,3408029,Open,2556021.75
A01357,Infrastructure,10866217,Open,8149662.75
A01357,Analytics & Data,15403531,Open,11552648.25
A01357,AI & ML,14728368,Open,11046276.0
A01357,Security,14765914,Open,11074435.5
A01357,Applications,15064703,Open,11298527.25
A01357,Integration,14830980,Open,11123235.0
A01358,AI & ML,1925872,Open,1444404.0
A01359,Infrastructure,10154093,Open,7615569.75
A01359,Analytics & Data,3584434,Open,2688325.5
A01359,AI & ML,15378451,Open,11533838.25
A01359,Security,14950278,Open,11212708.5
A01359,Integration,15135796,Open,11351847.0
A01360,Analytics & Data,2423685,Open,1817763.75
A01361,Infrastructure,14582473,Open,10936854.75
A01361,Database,3420123,Open,2565092.25
A01361,Analytics & Data,14877988,Open,11158491.0
A01361,Applications,6134039,Open,4600529.25
A01361,Integration,15017907,Open,11263430.25
A01362,Infrastructure,8144054,Open,6108040.5
A01362,Analytics & Data,15418310,Open,11563732.5
A01362,AI & ML,14993287,Open,11244965.25
A01362,Security,9754105,Open,7315578.75
A01362,Integration,14915359,Open,11186519.25
A01363,Security,2156508,Open,1617381.0
A01364,Database,6625984,Open,4969488.0
A01364,AI & ML,14800138,Open,11100103.5
A01364,Applications,5906292,Open,4429719.0
A01364,Integration,5143367,Open,3857525.25
A01365,Infrastructure,15014559,Open,11260919.25
A01365,Database,15273389,Open,11455041.75
A01365,Analytics & Data,14705333,Open,11028999.75
A01365,AI & ML,14647457,Open,10985592.75
A01365,Security,5165265,Open,3873948.75
A01365,Applications,14571408,Open,10928556.0
A01365,Integration,15274154,Open,11455615.5
A01366,Infrastructure,10219783,Open,7664837.25
A01366,Database,11125615,Open,8344211.25
A01366,AI & ML,4998870,Open,3749152.5
A01366,Applications,10096192,Open,7572144.0
A01367,Analytics & Data,2308266,Open,1731199.5
A01367,Applications,9388744,Open,7041558.0
A01368,AI & ML,15188771,Open,11391578.25
A01368,Integration,3370483,Open,2527862.25
A01369,Infrastructure,14972542,Open,11229406.5
A01369,Database,15090509,Open,11317881.75
A01369,Security,5253690,Open,3940267.5
A01369,Applications,15226637,Open,11419977.75
A01370,Infrastructure,15268911,Open,11451683.25
A01370,Database,10529973,Open,7897479.75
A01370,Applications,5104590,Open,3828442.5
A01370,Integration,8157467,Open,6118100.25
A01371,Database,204517,Open,153387.75
A01372,Infrastructure,536955,Open,402716.25
A01373,Database,623446,Open,467584.5
A01373,Analytics & Data,2615483,Open,1961612.25
A01373,Integration,670926,Open,503194.5
A01374,Infrastructure,14739680,Open,11054760.0
A01374,Database,15227125,Open,11420343.75
A01374,Analytics & Data,10379164,Open,7784373.0
A01374,Security,4242412,Open,3181809.0
A01374,Applications,10088088,Open,7566066.0
A01374,Integration,9588298,Open,7191223.5
A01375,Integration,15100545,Open,11325408.75
A01376,Analytics & Data,15232583,Open,11424437.25
A01376,AI & ML,14832689,Open,11124516.75
A01376,Security,15065344,Open,11299008.0
A01376,Applications,15132363,Open,11349272.25
A01376,Integration,14905241,Open,11178930.75
A01377,Analytics & Data,9124409,Open,6843306.75
A01377,AI & ML,8431283,Open,6323462.25
A01377,Security,8150925,Open,6113193.75
A01377,Applications,960488,Open,720366.0
A01377,Integration,9509918,Open,7132438.5
A01378,Analytics & Data,15302879,Open,11477159.25
A01378,AI & ML,6855986,Open,5141989.5
A01378,Applications,4606617,Open,3454962.75
A01378,Integration,14926935,Open,11195201.25
A01379,Database,10038385,Open,7528788.75
A01379,Analytics & Data,7568594,Open,5676445.5
A01380,Analytics & Data,7808059,Open,5856044.25
A01380,AI & ML,6457254,Open,4842940.5
A01380,Applications,7975475,Open,5981606.25
A01380,Integration,2106016,Open,1579512.0
A01381,Infrastructure,9885873,Open,7414404.75
A01381,Database,3667418,Open,2750563.5
A01381,Analytics & Data,5347714,Open,4010785.5
A01381,AI & ML,10619278,Open,7964458.5
A01381,Security,5747428,Open,4310571.0
A01381,Applications,14913001,Open,11184750.75
A01381,Integration,5966059,Open,4474544.25
A01382,Infrastructure,4979137,Open,3734352.75
A01382,AI & ML,2172921,Open,1629690.75
A01382,Security,5800426,Open,4350319.5
A01382,Applications,9530088,Open,7147566.0
A01383,Infrastructure,8239744,Open,6179808.0
A01383,Database,1174832,Open,881124.0
A01383,Analytics & Data,14779279,Open,11084459.25
A01383,Security,15097126,Open,11322844.5
A01383,Applications,14983376,Open,11237532.0
A01384,Infrastructure,7771701,Open,5828775.75
A01384,Database,4625608,Open,3469206.0
A01384,Analytics & Data,14607372,Open,10955529.0
A01384,Security,10846857,Open,8135142.75
A01384,Applications,15142597,Open,11356947.75
A01384,Integration,5794358,Open,4345768.5
A01385,Database,7955586,Open,5966689.5
A01386,Database,9854389,Open,7390791.75
A01386,Analytics & Data,5925026,Open,4443769.5
A01386,Security,14882955,Open,11162216.25
A01386,Applications,2124511,Open,1593383.25
A01387,Analytics & Data,784665,Open,588498.75
A01387,AI & ML,14698116,Open,11023587.0
A01387,Integration,3398116,Open,2548587.0
A01388,AI & ML,324991,Open,243743.25
A01389,Infrastructure,815390,Open,611542.5
A01389,Database,2889324,Open,2166993.0
A01389,Analytics & Data,9188829,Open,6891621.75
A01389,Security,9874743,Open,7406057.25
A01389,Applications,15360438,Open,11520328.5
A01390,Database,1608235,Open,1206176.25
A01390,Analytics & Data,14830546,Open,11122909.5
A01390,Applications,689557,Open,517167.75
A01390,Integration,5188726,Open,3891544.5
A01391,Infrastructure,15309630,Open,11482222.5
A01391,Database,7057926,Open,5293444.5
A01391,Analytics & Data,3461103,Open,2595827.25
A01391,AI & ML,3644843,Open,2733632.25
A01391,Security,14627580,Open,10970685.0
A01391,Applications,3780591,Open,2835443.25
A01391,Integration,4269956,Open,3202467.0
A01392,Infrastructure,14968726,Open,11226544.5
A01392,Database,1595675,Open,1196756.25
A01392,Analytics & Data,15414167,Open,11560625.25
A01392,AI & ML,6370177,Open,4777632.75
A01392,Security,14958735,Open,11219051.25
A01392,Applications,6977442,Open,5233081.5
A01392,Integration,14755147,Open,11066360.25
A01393,Infrastructure,15091518,Open,11318638.5
A01393,Database,9350688,Open,7013016.0
A01393,Analytics & Data,15318179,Open,11488634.25
A01393,AI & ML,15350929,Open,11513196.75
A01393,Security,10320964,Open,7740723.0
A01393,Applications,14757687,Open,11068265.25
A01393,Integration,7564631,Open,5673473.25
A01394,AI & ML,772632,Open,579474.0
A01395,Infrastructure,15112802,Open,11334601.5
A01395,Security,5640707,Open,4230530.25
A01395,Applications,1964504,Open,1473378.0
A01396,Infrastructure,15315504,Open,11486628.0
A01396,Database,8287497,Open,6215622.75
A01396,AI & ML,4143979,Open,3107984.25
A01397,Infrastructure,14680187,Open,11010140.25
A01397,Database,15071917,Open,11303937.75
A01397,Analytics & Data,6737520,Open,5053140.0
A01397,AI & ML,5984905,Open,4488678.75
A01398,Database,7544836,Open,5658627.0
A01398,Analytics & Data,999276,Open,749457.0
A01398,Security,954684,Open,716013.0
A01398,Applications,8588583,Open,6441437.25
A01398,Integration,15083483,Open,11312612.25
A01399,Infrastructure,3514143,Open,2635607.25
A01399,Database,1873878,Open,1405408.5
A01400,Database,242399,Open,181799.25
A01400,Security,10475919,Open,7856939.25
A01400,Applications,10182572,Open,7636929.0
A01400,Integration,6719804,Open,5039853.0
A01401,Infrastructure,704699,Open,528524.25
A01401,Database,9830991,Open,7373243.25
A01401,Analytics & Data,4482505,Open,3361878.75
A01401,AI & ML,7832013,Open,5874009.75
A01401,Security,10590476,Open,7942857.0
A01401,Applications,5700255,Open,4275191.25
A01401,Integration,14793128,Open,11094846.0
A01402,Analytics & Data,2820784,Open,2115588.0
A01402,Security,928539,Open,696404.25
A01403,Infrastructure,3579202,Open,2684401.5
A01403,Database,8451963,Open,6338972.25
A01403,Analytics & Data,15221195,Open,11415896.25
A01403,Applications,5707716,Open,4280787.0
A01403,Integration,1264347,Open,948260.25
A01404,Infrastructure,6081431,Open,4561073.25
A01404,Analytics & Data,14769672,Open,11077254.0
A01404,Security,14720433,Open,11040324.75
A01404,Applications,14942260,Open,11206695.0
A01404,Integration,15245416,Open,11434062.0
A01405,Infrastructure,2123977,Open,1592982.75
A01405,Database,1431014,Open,1073260.5
A01406,Infrastructure,8258677,Open,6194007.75
A01406,Database,1670122,Open,1252591.5
A01406,Analytics & Data,4966121,Open,3724590.75
A01406,Security,10345828,Open,7759371.0
A01406,Applications,8204159,Open,6153119.25
A01407,Infrastructure,14964379,Open,11223284.25
A01407,Database,14661270,Open,10995952.5
A01407,Analytics & Data,15144044,Open,11358033.0
A01407,AI & ML,10747989,Open,8060991.75
A01407,Security,15366805,Open,11525103.75
A01407,Applications,14646574,Open,10984930.5
A01407,Integration,8078028,Open,6058521.0
A01408,Database,1327176,Open,995382.0
A01409,Infrastructure,15273200,Open,11454900.0
A01409,Database,6180308,Open,4635231.0
A01409,Analytics & Data,3355541,Open,2516655.75
A01409,AI & ML,3281904,Open,2461428.0
A01409,Security,7232889,Open,5424666.75
A01409,Applications,15294790,Open,11471092.5
A01410,Database,444543,Open,333407.25
A01410,AI & ML,5242942,Open,3932206.5
A01410,Security,1846309,Open,1384731.75
A01411,Infrastructure,1375585,Open,1031688.75
A01411,Database,3135235,Open,2351426.25
A01411,Applications,5711243,Open,4283432.25
A01411,Integration,10076368,Open,7557276.0
A01412,Infrastructure,1760023,Open,1320017.25
A01412,Analytics & Data,7209685,Open,5407263.75
A01412,Applications,5218322,Open,3913741.5
A01412,Integration,5289954,Open,3967465.5
A01413,Analytics & Data,4139961,Open,3104970.75
A01413,AI & ML,5384056,Open,4038042.0
A01413,Security,15442824,Open,11582118.0
A01413,Applications,1674722,Open,1256041.5
A01414,Infrastructure,15214214,Open,11410660.5
A01414,Analytics & Data,14690591,Open,11017943.25
A01414,AI & ML,4341066,Open,3255799.5
A01414,Applications,10997773,Open,8248329.75
A01414,Integration,14960021,Open,11220015.75
A01415,Security,4425615,Open,3319211.25
A01416,Infrastructure,2621641,Open,1966230.75
A01416,Database,4633033,Open,3474774.75
A01416,Analytics & Data,7870059,Open,5902544.25
A01416,Security,15495872,Open,11621904.0
A01416,Applications,6596239,Open,4947179.25
A01416,Integration,7944361,Open,5958270.75
A01417,Infrastructure,8397681,Open,6298260.75
A01417,Database,15215450,Open,11411587.5
A01417,Security,5029447,Open,3772085.25
A01417,Applications,411065,Open,308298.75
A01417,Integration,14965159,Open,11223869.25
A01418,Infrastructure,10184533,Open,7638399.75
A01418,Database,3149632,Open,2362224.0
A01420,Database,10454403,Open,7840802.25
A01420,AI & ML,8342299,Open,6256724.25
A01420,Security,8903803,Open,6677852.25
A01420,Applications,4102301,Open,3076725.75
A01421,Database,3280940,Open,2460705.0
A01422,Infrastructure,8177684,Open,6133263.0
A01422,Security,3484186,Open,2613139.5
A01423,Infrastructure,8101204,Open,6075903.0
A01423,Security,7493272,Open,5619954.0
A01423,Integration,15028281,Open,11271210.75
A01424,Database,14672272,Open,11004204.0
A01424,Analytics & Data,15380465,Open,11535348.75
A01424,Integration,15067070,Open,11300302.5
A01425,Database,14865370,Open,11149027.5
A01425,AI & ML,10626278,Open,7969708.5
A01425,Security,14651940,Open,10988955.0
A01425,Applications,15090143,Open,11317607.25
A01425,Integration,913146,Open,684859.5
A01426,AI & ML,682051,Open,511538.25
A01427,Analytics & Data,952152,Open,714114.0
A01427,Security,8771323,Open,6578492.25
A01428,AI & ML,6671006,Open,5003254.5
A01429,Infrastructure,8135028,Open,6101271.0
A01429,AI & ML,10338819,Open,7754114.25
A01430,Infrastructure,9530996,Open,7148247.0
A01430,AI & ML,8476671,Open,6357503.25
A01430,Applications,9410715,Open,7058036.25
A01431,Infrastructure,9700661,Open,7275495.75
A01431,Database,14790788,Open,11093091.0
A01431,Analytics & Data,15441340,Open,11581005.0
A01431,AI & ML,3425256,Open,2568942.0
A01431,Security,10098243,Open,7573682.25
A01431,Applications,6585711,Open,4939283.25
A01431,Integration,14745307,Open,11058980.25
A01432,Analytics & Data,15236740,Open,11427555.0
A01432,AI & ML,14874237,Open,11155677.75
A01432,Security,15147798,Open,11360848.5
A01432,Applications,15229020,Open,11421765.0
A01432,Integration,7997658,Open,5998243.5
A01433,Infrastructure,383441,Open,287580.75
A01433,Database,15350641,Open,11512980.75
A01433,Analytics & Data,15437405,Open,11578053.75
A01433,AI & ML,15337759,Open,11503319.25
A01433,Security,14659953,Open,10994964.75
A01433,Applications,14931855,Open,11198891.25
A01433,Integration,14924866,Open,11193649.5
A01434,Infrastructure,14624793,Open,10968594.75
A01434,Database,15268636,Open,11451477.0
A01434,Analytics & Data,8525253,Open,6393939.75
A01434,AI & ML,15140623,Open,11355467.25
A01434,Applications,15408713,Open,11556534.75
A01434,Integration,14587935,Open,10940951.25
A01435,Infrastructure,8589777,Open,6442332.75
A01435,Security,15261583,Open,11446187.25
A01435,Applications,14946275,Open,11209706.25
A01436,Infrastructure,9260616,Open,6945462.0
A01436,Database,2154944,Open,1616208.0
A01437,Database,8631447,Open,6473585.25
A01437,Security,2572587,Open,1929440.25
A01437,Integration,11064956,Open,8298717.0
A01438,Infrastructure,7527756,Open,5645817.0
A01440,Database,2189214,Open,1641910.5
A01440,AI & ML,9559284,Open,7169463.0
A01440,Integration,3529007,Open,2646755.25
A01441,AI & ML,2978287,Open,2233715.25
A01441,Security,4645892,Open,3484419.0
A01441,Integration,8616224,Open,6462168.0
A01443,Infrastructure,15302576,Open,11476932.0
A01443,Database,9830637,Open,7372977.75
A01443,AI & ML,14946812,Open,11210109.0
A01443,Security,4581477,Open,3436107.75
A01443,Applications,10303104,Open,7727328.0
A01444,Infrastructure,7345702,Open,5509276.5
A01444,Database,14788781,Open,11091585.75
A01444,AI & ML,10101241,Open,7575930.75
A01444,Security,15232084,Open,11424063.0
A01444,Applications,15080720,Open,11310540.0
A01445,Infrastructure,9292096,Open,6969072.0
A01445,Database,952766,Open,714574.5
A01445,AI & ML,6090925,Open,4568193.75
A01445,Security,4386637,Open,3289977.75
A01445,Integration,1857526,Open,1393144.5
A01446,Infrastructure,4695761,Open,3521820.75
A01446,Database,5359363,Open,4019522.25
A01446,Analytics & Data,7410262,Open,5557696.5
A01446,Applications,15478145,Open,11608608.75
A01446,Integration,7844443,Open,5883332.25
A01447,Database,2086783,Open,1565087.25
A01447,AI & ML,1086913,Open,815184.75
A01447,Security,1004519,Open,753389.25
A01447,Applications,7350102,Open,5512576.5
A01447,Integration,6436035,Open,4827026.25
A01448,Infrastructure,975049,Open,731286.75
A01448,Analytics & Data,2465866,Open,1849399.5
A01448,Applications,15212281,Open,11409210.75
A01449,Database,9924162,Open,7443121.5
A01450,Database,258304,Open,193728.0
A01450,AI & ML,3302839,Open,2477129.25
A01450,Security,10273754,Open,7705315.5
A01451,Database,6332119,Open,4749089.25
A01451,AI & ML,7287998,Open,5465998.5
A01451,Security,3488704,Open,2616528.0
A01451,Integration,15322972,Open,11492229.0
A01452,Analytics & Data,974438,Open,730828.5
A01452,AI & ML,5343456,Open,4007592.0
A01453,Infrastructure,6266515,Open,4699886.25
A01453,Security,14660102,Open,10995076.5
A01455,Security,1319524,Open,989643.0
A01455,Integration,173011,Open,129758.25
A01456,Security,3743440,Open,2807580.0
A01456,Applications,14799919,Open,11099939.25
A01456,Integration,7649398,Open,5737048.5
A01457,Infrastructure,5893706,Open,4420279.5
A01457,Database,9731773,Open,7298829.75
A01457,AI & ML,5724859,Open,4293644.25
A01457,Security,14720977,Open,11040732.75
A01457,Integration,4274358,Open,3205768.5
A01458,Infrastructure,11063589,Open,8297691.75
A01458,Database,7206541,Open,5404905.75
A01458,AI & ML,4359882,Open,3269911.5
A01458,Security,6481368,Open,4861026.0
A01459,Infrastructure,149180,Open,111885.0
A01459,Analytics & Data,15207582,Open,11405686.5
A01459,AI & ML,7685671,Open,5764253.25
A01459,Integration,2191136,Open,1643352.0
A01460,Database,6781969,Open,5086476.75
A01460,Analytics & Data,5742067,Open,4306550.25
A01461,Integration,3408610,Open,2556457.5
A01462,Applications,10266942,Open,7700206.5
A01462,Integration,7667175,Open,5750381.25
A01463,Infrastructure,15498794,Open,11624095.5
A01463,Database,10219667,Open,7664750.25
A01463,Applications,2954694,Open,2216020.5
A01464,Infrastructure,9845277,Open,7383957.75
A01464,Security,2275551,Open,1706663.25
A01464,Applications,5115340,Open,3836505.0
A01464,Integration,649404,Open,487053.0
A01465,Infrastructure,6899728,Open,5174796.0
A01465,Database,14673635,Open,11005226.25
A01465,Analytics & Data,6044242,Open,4533181.5
A01465,Security,3580623,Open,2685467.25
A01465,Integration,10009494,Open,7507120.5
A01466,Analytics & Data,8963723,Open,6722792.25
A01466,Security,8292431,Open,6219323.25
A01466,Applications,1021540,Open,766155.0
A01466,Integration,11010913,Open,8258184.75
A01468,Infrastructure,1453228,Open,1089921.0
A01468,Analytics & Data,638822,Open,479116.5
A01468,Security,1680956,Open,1260717.0
A01468,Applications,9657414,Open,7243060.5
A01469,Database,14749462,Open,11062096.5
A01469,Analytics & Data,8054680,Open,6041010.0
A01469,Security,14579658,Open,10934743.5
A01469,Applications,15266957,Open,11450217.75
A01470,Infrastructure,6828834,Open,5121625.5
A01470,Analytics & Data,10333797,Open,7750347.75
A01470,AI & ML,6221757,Open,4666317.75
A01470,Security,6691776,Open,5018832.0
A01470,Integration,9469695,Open,7102271.25
A01471,Applications,7350312,Open,5512734.0
A01472,Infrastructure,15184706,Open,11388529.5
A01472,Database,15431112,Open,11573334.0
A01472,Analytics & Data,14868819,Open,11151614.25
A01472,AI & ML,15045849,Open,11284386.75
A01472,Security,14953302,Open,11214976.5
A01472,Integration,6215125,Open,4661343.75
A01473,Infrastructure,7139541,Open,5354655.75
A01473,AI & ML,3219420,Open,2414565.0
A01473,Applications,7652195,Open,5739146.25
A01474,Database,7794671,Open,5846003.25
A01474,AI & ML,15398731,Open,11549048.25
A01474,Security,10121967,Open,7591475.25
A01474,Applications,14590791,Open,10943093.25
A01474,Integration,4363326,Open,3272494.5
A01475,AI & ML,2963398,Open,2222548.5
A01476,Database,2581657,Open,1936242.75
A01476,Applications,9417320,Open,7062990.0
A01477,Database,2311154,Open,1733365.5
A01477,Analytics & Data,8790063,Open,6592547.25
A01478,Infrastructure,14824423,Open,11118317.25
A01478,Database,15487546,Open,11615659.5
A01478,Analytics & Data,14823685,Open,11117763.75
A01478,AI & ML,6345054,Open,4758790.5
A01478,Security,15198142,Open,11398606.5
A01478,Integration,14968996,Open,11226747.0
A01479,Infrastructure,5148086,Open,3861064.5
A01479,Database,14647126,Open,10985344.5
A01479,Analytics & Data,14961241,Open,11220930.75
A01479,AI & ML,14690902,Open,11018176.5
A01479,Security,10030842,Open,7523131.5
A01479,Integration,9446754,Open,7085065.5
A01480,Analytics & Data,14570745,Open,10928058.75
A01480,Security,702533,Open,526899.75
A01481,Infrastructure,4594074,Open,3445555.5
A01481,Database,5598394,Open,4198795.5
A01481,Analytics & Data,9600893,Open,7200669.75
A01481,AI & ML,6942904,Open,5207178.0
A01481,Security,4586987,Open,3440240.25
A01481,Applications,15356290,Open,11517217.5
A01483,Database,10224548,Open,7668411.0
A01483,Analytics & Data,8473023,Open,6354767.25
A01483,Security,6098471,Open,4573853.25
A01483,Applications,7797669,Open,5848251.75
A01483,Integration,15196908,Open,11397681.0
A01484,Infrastructure,2037501,Open,1528125.75
A01485,Database,1964607,Open,1473455.25
A01485,Integration,4829454,Open,3622090.5
A01486,Infrastructure,9367989,Open,7025991.75
A01486,Database,9013045,Open,6759783.75
A01486,Applications,8908352,Open,6681264.0
A01487,Infrastructure,10380552,Open,7785414.0
A01487,Database,3125937,Open,2344452.75
A01487,AI & ML,3206452,Open,2404839.0
A01487,Security,15122337,Open,11341752.75
A01487,Applications,5137134,Open,3852850.5
A01487,Integration,8382483,Open,6286862.25
A01488,Infrastructure,10149215,Open,7611911.25
A01488,Database,4954287,Open,3715715.25
A01488,Analytics & Data,7373263,Open,5529947.25
A01489,Security,2251041,Open,1688280.75
A01490,Infrastructure,15043399,Open,11282549.25
A01490,Database,4983733,Open,3737799.75
A01490,Analytics & Data,14945589,Open,11209191.75
A01490,AI & ML,3461727,Open,2596295.25
A01490,Security,9160571,Open,6870428.25
A01491,Infrastructure,11136301,Open,8352225.75
A01491,Database,8145175,Open,6108881.25
A01491,Analytics & Data,10180760,Open,7635570.0
A01491,Security,15475868,Open,11606901.0
A01491,Integration,14946453,Open,11209839.75
A01492,Database,3675602,Open,2756701.5
A01492,AI & ML,7349330,Open,5511997.5
A01492,Security,10946023,Open,8209517.25
A01492,Applications,5603172,Open,4202379.0
A01493,AI & ML,1192056,Open,894042.0
A01493,Integration,9459587,Open,7094690.25
A01494,AI & ML,2861753,Open,2146314.75
A01494,Security,1941458,Open,1456093.5
A01494,Applications,8502158,Open,6376618.5
A01495,Infrastructure,14990328,Open,11242746.0
A01495,Database,10223718,Open,7667788.5
A01495,Security,7345534,Open,5509150.5
A01495,Applications,15326258,Open,11494693.5
A01496,Infrastructure,7146468,Open,5359851.0
A01496,Database,10703346,Open,8027509.5
A01496,Analytics & Data,8007316,Open,6005487.0
A01496,Security,4943593,Open,3707694.75
A01496,Applications,6937668,Open,5203251.0
A01496,Integration,3521171,Open,2640878.25
A01497,Database,11006500,Open,8254875.0
A01497,Analytics & Data,3486817,Open,2615112.75
A01497,AI & ML,2199166,Open,1649374.5
A01497,Security,635461,Open,476595.75
A01498,Infrastructure,5949659,Open,4462244.25
A01498,Database,8160839,Open,6120629.25
A01498,AI & ML,8440387,Open,6330290.25
A01498,Security,10585057,Open,7938792.75
A01498,Integration,15279519,Open,11459639.25
A01499,Database,9378902,Open,7034176.5
A01499,Integration,1782452,Open,1336839.0
A01500,Infrastructure,1653124,Open,1239843.0
A01500,Analytics & Data,14890208,Open,11167656.0
A01500,AI & ML,14748500,Open,11061375.0
A01500,Security,10718684,Open,8039013.0
A01500,Applications,15421696,Open,11566272.0
A01500,Integration,15278834,Open,11459125.5
A01501,Database,10494188,Open,7870641.0
A01501,Analytics & Data,2298161,Open,1723620.75
A01501,AI & ML,2213657,Open,1660242.75
A01501,Security,10094310,Open,7570732.5
A01501,Applications,4379378,Open,3284533.5
A01501,Integration,4229773,Open,3172329.75
A01502,Infrastructure,14826656,Open,11119992.0
A01502,Database,14846428,Open,11134821.0
A01502,Analytics & Data,4405757,Open,3304317.75
A01502,Applications,8913175,Open,6684881.25
A01502,Integration,9730264,Open,7297698.0
A01503,Infrastructure,14985128,Open,11238846.0
A01503,Database,10634077,Open,7975557.75
A01503,Analytics & Data,14716478,Open,11037358.5
A01503,Security,15497460,Open,11623095.0
A01503,Applications,15005219,Open,11253914.25
A01503,Integration,15023411,Open,11267558.25
A01504,Infrastructure,14602210,Open,10951657.5
A01504,Database,4044148,Open,3033111.0
A01504,Analytics & Data,7914157,Open,5935617.75
A01504,Security,14934833,Open,11201124.75
A01504,Applications,14585500,Open,10939125.0
A01504,Integration,2166332,Open,1624749.0
A01505,Database,8828660,Open,6621495.0
A01505,AI & ML,10716316,Open,8037237.0
A01505,Security,9693008,Open,7269756.0
A01505,Applications,15065457,Open,11299092.75
A01506,Analytics & Data,4652413,Open,3489309.75
A01509,Analytics & Data,2530027,Open,1897520.25
A01509,AI & ML,6326208,Open,4744656.0
A01509,Security,6104759,Open,4578569.25
A01509,Applications,7393617,Open,5545212.75
A01509,Integration,15478851,Open,11609138.25
A01510,Security,690934,Open,518200.5
A01511,AI & ML,2383001,Open,1787250.75
A01511,Applications,7622368,Open,5716776.0
A01512,Database,15289389,Open,11467041.75
A01512,AI & ML,15061561,Open,11296170.75
A01512,Security,14969844,Open,11227383.0
A01512,Applications,4529381,Open,3397035.75
A01512,Integration,15219135,Open,11414351.25
A01513,AI & ML,2779654,Open,2084740.5
A01513,Integration,1460827,Open,1095620.25
A01514,Database,6550128,Open,4912596.0
A01514,Security,9759318,Open,7319488.5
A01515,Infrastructure,9630924,Open,7223193.0
A01515,Database,8203665,Open,6152748.75
A01515,Analytics & Data,10601135,Open,7950851.25
A01515,AI & ML,5889714,Open,4417285.5
A01516,Database,10052154,Open,7539115.5
A01516,AI & ML,1321603,Open,991202.25
A01517,Infrastructure,9553307,Open,7164980.25
A01517,Database,14746053,Open,11059539.75
A01517,Analytics & Data,14740606,Open,11055454.5
A01517,AI & ML,14816057,Open,11112042.75
A01517,Security,15158028,Open,11368521.0
A01517,Applications,5901751,Open,4426313.25
A01517,Integration,15238985,Open,11429238.75
A01518,Analytics & Data,3125270,Open,2343952.5
A01518,Integration,2887725,Open,2165793.75
A01519,Infrastructure,5299406,Open,3974554.5
A01519,Database,9656805,Open,7242603.75
A01519,AI & ML,6719694,Open,5039770.5
A01519,Security,3685711,Open,2764283.25
A01519,Applications,4076226,Open,3057169.5
A01519,Integration,9097362,Open,6823021.5
A01520,Infrastructure,6847937,Open,5135952.75
A01520,Database,8606458,Open,6454843.5
A01520,Analytics & Data,7628488,Open,5721366.0
A01520,AI & ML,15471623,Open,11603717.25
A01520,Security,10443302,Open,7832476.5
A01520,Applications,15389589,Open,11542191.75
A01520,Integration,3753252,Open,2814939.0
A01521,Analytics & Data,3237467,Open,2428100.25
A01521,Security,15467804,Open,11600853.0
A01522,Infrastructure,2305349,Open,1729011.75
A01522,Database,15219237,Open,11414427.75
A01522,Analytics & Data,15223680,Open,11417760.0
A01522,AI & ML,14702764,Open,11027073.0
A01522,Applications,9915700,Open,7436775.0
A01522,Integration,5879402,Open,4409551.5
A01523,Database,14762818,Open,11072113.5
A01523,AI & ML,9375974,Open,7031980.5
A01523,Security,9714641,Open,7285980.75
A01523,Applications,15215249,Open,11411436.75
A01524,Database,6886077,Open,5164557.75
A01524,Analytics & Data,7233713,Open,5425284.75
A01524,AI & ML,15226122,Open,11419591.5
A01524,Security,14687238,Open,11015428.5
A01524,Applications,4170057,Open,3127542.75
A01526,Security,14838174,Open,11128630.5
A01527,Applications,930077,Open,697557.75
A01528,Database,9272944,Open,6954708.0
A01528,Analytics & Data,7324680,Open,5493510.0
A01528,Security,7015358,Open,5261518.5
A01528,Applications,10911311,Open,8183483.25
A01528,Integration,4974029,Open,3730521.75
A01529,Analytics & Data,4939360,Open,3704520.0
A01529,AI & ML,5394126,Open,4045594.5
A01529,Security,5031899,Open,3773924.25
A01529,Applications,5273653,Open,3955239.75
A01529,Integration,6909100,Open,5181825.0
A01530,Analytics & Data,14914622,Open,11185966.5
A01530,Applications,7739090,Open,5804317.5
A01531,Infrastructure,10826269,Open,8119701.75
A01531,Analytics & Data,14648692,Open,10986519.0
A01531,Security,8177159,Open,6132869.25
A01531,Applications,4075704,Open,3056778.0
A01532,Infrastructure,6144073,Open,4608054.75
A01532,Database,2257072,Open,1692804.0
A01532,AI & ML,3050783,Open,2288087.25
A01533,Infrastructure,4126698,Open,3095023.5
A01533,Analytics & Data,3459795,Open,2594846.25
A01533,AI & ML,15178631,Open,11383973.25
A01533,Security,6827852,Open,5120889.0
A01533,Applications,4350979,Open,3263234.25
A01533,Integration,15281123,Open,11460842.25
A01534,Infrastructure,14742818,Open,11057113.5
A01534,Database,4624693,Open,3468519.75
A01534,Security,2390316,Open,1792737.0
A01535,Infrastructure,3916940,Open,2937705.0
A01535,AI & ML,10811237,Open,8108427.75
A01535,Security,1797131,Open,1347848.25
A01535,Applications,1070421,Open,802815.75
A01536,Infrastructure,4330176,Open,3247632.0
A01536,Analytics & Data,15281625,Open,11461218.75
A01536,AI & ML,15056541,Open,11292405.75
A01536,Applications,7206415,Open,5404811.25
A01536,Integration,14890516,Open,11167887.0
A01537,Database,15469795,Open,11602346.25
A01537,Analytics & Data,6646418,Open,4984813.5
A01537,AI & ML,9756366,Open,7317274.5
A01537,Applications,14749688,Open,11062266.0
A01537,Integration,14895241,Open,11171430.75
A01538,Database,3270446,Open,2452834.5
A01538,Analytics & Data,7764822,Open,5823616.5
A01538,AI & ML,6723952,Open,5042964.0
A01538,Security,3743358,Open,2807518.5
A01538,Applications,4750865,Open,3563148.75
A01538,Integration,8488999,Open,6366749.25
A01540,Analytics & Data,11099871,Open,8324903.25
A01542,Infrastructure,15454309,Open,11590731.75
A01542,Database,10348949,Open,7761711.75
A01542,Analytics & Data,6867694,Open,5150770.5
A01542,AI & ML,14882783,Open,11162087.25
A01542,Security,1731418,Open,1298563.5
A01542,Applications,15133504,Open,11350128.0
A01542,Integration,14933057,Open,11199792.75
A01543,Infrastructure,6929886,Open,5197414.5
A01543,Analytics & Data,15135738,Open,11351803.5
A01543,AI & ML,9041802,Open,6781351.5
A01543,Security,5240586,Open,3930439.5
A01543,Applications,15399212,Open,11549409.0
A01544,Infrastructure,9428201,Open,7071150.75
A01544,Database,7535732,Open,5651799.0
A01544,Analytics & Data,3834680,Open,2876010.0
A01544,AI & ML,10958791,Open,8219093.25
A01544,Security,9285155,Open,6963866.25
A01544,Integration,10618590,Open,7963942.5
A01545,Applications,7038109,Open,5278581.75
A01546,Infrastructure,7335055,Open,5501291.25
A01546,Database,15033041,Open,11274780.75
A01546,Analytics & Data,15331190,Open,11498392.5
A01546,AI & ML,5830077,Open,4372557.75
A01546,Security,7458216,Open,5593662.0
A01546,Applications,8877594,Open,6658195.5
A01547,Infrastructure,9446885,Open,7085163.75
A01547,Database,1516271,Open,1137203.25
A01547,Analytics & Data,1784997,Open,1338747.75
A01547,AI & ML,5104028,Open,3828021.0
A01547,Applications,2868728,Open,2151546.0
A01548,Analytics & Data,10956088,Open,8217066.0
A01548,AI & ML,945786,Open,709339.5
A01548,Security,6639743,Open,4979807.25
A01549,AI & ML,237609,Open,178206.75
A01549,Applications,1349801,Open,1012350.75
A01551,AI & ML,5115173,Open,3836379.75
A01551,Applications,1735194,Open,1301395.5
A01551,Integration,15462349,Open,11596761.75
A01552,Security,2679812,Open,2009859.0
A01552,Applications,10542865,Open,7907148.75
A01553,Infrastructure,7207911,Open,5405933.25
A01553,Database,15383345,Open,11537508.75
A01553,Analytics & Data,14911986,Open,11183989.5
A01553,AI & ML,14630353,Open,10972764.75
A01553,Security,15053273,Open,11289954.75
A01553,Applications,15253327,Open,11439995.25
A01553,Integration,14779687,Open,11084765.25
A01555,Applications,1659570,Open,1244677.5
A01556,Infrastructure,1845538,Open,1384153.5
A01556,Analytics & Data,6305643,Open,4729232.25
A01556,Applications,2975794,Open,2231845.5
A01556,Integration,5714603,Open,4285952.25
A01558,Infrastructure,15237631,Open,11428223.25
A01558,AI & ML,1946822,Open,1460116.5
A01558,Security,15327477,Open,11495607.75
A01558,Applications,14768540,Open,11076405.0
A01558,Integration,15322101,Open,11491575.75
A01559,Security,2087866,Open,1565899.5
A01560,Applications,2661905,Open,1996428.75
A01561,Database,3284493,Open,2463369.75
A01561,Security,9059704,Open,6794778.0
A01561,Applications,14924321,Open,11193240.75
A01562,Infrastructure,670939,Open,503204.25
A01562,Analytics & Data,1909606,Open,1432204.5
A01563,Infrastructure,4389357,Open,3292017.75
A01563,Database,15043848,Open,11282886.0
A01563,Analytics & Data,8631783,Open,6473837.25
A01563,Security,4218612,Open,3163959.0
A01563,Applications,14907440,Open,11180580.0
A01564,Analytics & Data,8053260,Open,6039945.0
A01564,AI & ML,15475558,Open,11606668.5
A01564,Security,3793159,Open,2844869.25
A01564,Integration,8495408,Open,6371556.0
A01565,Database,10584060,Open,7938045.0
A01565,Analytics & Data,3209023,Open,2406767.25
A01566,Database,6019384,Open,4514538.0
A01566,Analytics & Data,14847109,Open,11135331.75
A01566,AI & ML,15436008,Open,11577006.0
A01566,Security,15069047,Open,11301785.25
A01566,Applications,15280888,Open,11460666.0
A01566,Integration,3808187,Open,2856140.25
A01567,AI & ML,14718484,Open,11038863.0
A01567,Security,9480649,Open,7110486.75
A01567,Applications,8685652,Open,6514239.0
A01567,Integration,14656559,Open,10992419.25
A01568,Infrastructure,4686414,Open,3514810.5
A01568,Database,15385536,Open,11539152.0
A01568,Analytics & Data,9635034,Open,7226275.5
A01568,AI & ML,14879468,Open,11159601.0
A01568,Security,6191763,Open,4643822.25
A01568,Integration,10890738,Open,8168053.5
A01569,Database,1684396,Open,1263297.0
A01569,Applications,857620,Open,643215.0
A01570,Database,4627325,Open,3470493.75
A01570,Analytics & Data,10339325,Open,7754493.75
A01570,AI & ML,6661596,Open,4996197.0
A01570,Applications,8990873,Open,6743154.75
A01570,Integration,14878768,Open,11159076.0
A01571,Database,14615306,Open,10961479.5
A01571,Analytics & Data,1064869,Open,798651.75
A01571,AI & ML,765809,Open,574356.75
A01571,Integration,8712549,Open,6534411.75
A01573,Infrastructure,9680401,Open,7260300.75
A01573,Analytics & Data,10991624,Open,8243718.0
A01573,AI & ML,7189843,Open,5392382.25
A01573,Security,4191260,Open,3143445.0
A01573,Applications,10168848,Open,7626636.0
A01573,Integration,2681881,Open,2011410.75
A01574,Infrastructure,5937340,Open,4453005.0
A01574,Database,14797189,Open,11097891.75
A01574,Analytics & Data,1434889,Open,1076166.75
A01574,AI & ML,10523462,Open,7892596.5
A01574,Applications,8804562,Open,6603421.5
A01574,Integration,4870149,Open,3652611.75
A01575,Applications,2906823,Open,2180117.25
A01576,Infrastructure,15091720,Open,11318790.0
A01576,Analytics & Data,3750242,Open,2812681.5
A01576,Applications,14876360,Open,11157270.0
A01576,Integration,14730429,Open,11047821.75
A01577,Database,11033413,Open,8275059.75
A01577,Security,11025729,Open,8269296.75
A01577,Integration,7502813,Open,5627109.75
A01578,Infrastructure,15308557,Open,11481417.75
A01578,Database,15458567,Open,11593925.25
A01578,Analytics & Data,3464372,Open,2598279.0
A01578,AI & ML,15333842,Open,11500381.5
A01578,Security,14640584,Open,10980438.0
A01578,Applications,7636983,Open,5727737.25
A01578,Integration,15062006,Open,11296504.5
A01579,Infrastructure,919286,Open,689464.5
A01579,Database,3022318,Open,2266738.5
A01579,Security,3500893,Open,2625669.75
A01579,Applications,4373168,Open,3279876.0
A01580,Analytics & Data,2571063,Open,1928297.25
A01582,Infrastructure,10535467,Open,7901600.25
A01582,Database,9856203,Open,7392152.25
A01582,Analytics & Data,1545393,Open,1159044.75
A01582,AI & ML,6818424,Open,5113818.0
A01583,AI & ML,10095482,Open,7571611.5
A01583,Applications,15393643,Open,11545232.25
A01584,Infrastructure,8415732,Open,6311799.0
A01584,Analytics & Data,11099949,Open,8324961.75
A01584,Integration,8125698,Open,6094273.5
A01585,Analytics & Data,2754013,Open,2065509.75
A01585,Security,9093336,Open,6820002.0
A01585,Integration,7670402,Open,5752801.5
A01586,Infrastructure,14925251,Open,11193938.25
A01586,Database,15428786,Open,11571589.5
A01586,Security,1417025,Open,1062768.75
A01586,Applications,15335753,Open,11501814.75
A01588,Infrastructure,2587805,Open,1940853.75
A01588,AI & ML,6734145,Open,5050608.75
A01588,Applications,1131655,Open,848741.25
A01588,Integration,1883783,Open,1412837.25
A01589,Infrastructure,14976685,Open,11232513.75
A01589,Database,15067931,Open,11300948.25
A01589,Security,14870676,Open,11153007.0
A01589,Applications,14955037,Open,11216277.75
A01589,Integration,15092259,Open,11319194.25
A01590,Infrastructure,4894131,Open,3670598.25
A01590,Database,6742542,Open,5056906.5
A01590,Analytics & Data,7021637,Open,5266227.75
A01590,Applications,1452659,Open,1089494.25
A01591,Database,14746154,Open,11059615.5
A01591,Analytics & Data,15283237,Open,11462427.75
A01591,Applications,3821217,Open,2865912.75
A01591,Integration,10245550,Open,7684162.5
A01592,Infrastructure,15332804,Open,11499603.0
A01592,Database,15328007,Open,11496005.25
A01592,AI & ML,14987615,Open,11240711.25
A01592,Integration,1887335,Open,1415501.25
A01593,Database,10413529,Open,7810146.75
A01593,AI & ML,6114986,Open,4586239.5
A01593,Integration,8604584,Open,6453438.0
A01594,Infrastructure,8206903,Open,6155177.25
A01594,Database,6728464,Open,5046348.0
A01594,AI & ML,10927731,Open,8195798.25
A01594,Applications,4960783,Open,3720587.25
A01594,Integration,4146688,Open,3110016.0
A01595,Analytics & Data,914903,Open,686177.25
A01596,Analytics & Data,10411126,Open,7808344.5
A01596,Applications,5863357,Open,4397517.75
A01596,Integration,2696539,Open,2022404.25
A01597,Infrastructure,7760651,Open,5820488.25
A01597,Database,6677049,Open,5007786.75
A01597,Analytics & Data,15328491,Open,11496368.25
A01597,AI & ML,15291681,Open,11468760.75
A01597,Security,15158128,Open,11368596.0
A01597,Applications,5237444,Open,3928083.0
A01597,Integration,14804242,Open,11103181.5
A01598,Infrastructure,4443875,Open,3332906.25
A01598,Analytics & Data,14658793,Open,10994094.75
A01598,AI & ML,2711131,Open,2033348.25
A01598,Security,10283188,Open,7712391.0
A01598,Applications,1446178,Open,1084633.5
A01599,Infrastructure,5482310,Open,4111732.5
A01599,AI & ML,15030572,Open,11272929.0
A01599,Security,9094229,Open,6820671.75
A01599,Integration,9933592,Open,7450194.0
A01600,Infrastructure,10019928,Open,7514946.0
A01600,Database,10578096,Open,7933572.0
A01600,Analytics & Data,10348509,Open,7761381.75
A01600,Integration,15465468,Open,11599101.0
A01601,Security,2675893,Open,2006919.75
A01602,AI & ML,7186069,Open,5389551.75
A01602,Security,5877289,Open,4407966.75
A01602,Applications,15341897,Open,11506422.75
A01602,Integration,5388149,Open,4041111.75
A01603,Database,2017275,Open,1512956.25
A01603,Analytics & Data,2599612,Open,1949709.0
A01604,Applications,326221,Open,244665.75
A01605,Infrastructure,823533,Open,617649.75
A01605,Analytics & Data,6094038,Open,4570528.5
A01605,AI & ML,9422405,Open,7066803.75
A01605,Security,1687475,Open,1265606.25
A01606,Infrastructure,15311044,Open,11483283.0
A01606,Database,9507694,Open,7130770.5
A01606,Analytics & Data,6646863,Open,4985147.25
A01606,AI & ML,947096,Open,710322.0
A01606,Applications,6031896,Open,4523922.0
A01606,Integration,5641857,Open,4231392.75
A01607,Infrastructure,1239953,Open,929964.75
A01607,Database,8456343,Open,6342257.25
A01607,Analytics & Data,14643136,Open,10982352.0
A01607,Security,15415105,Open,11561328.75
A01607,Applications,4867639,Open,3650729.25
A01607,Integration,14704080,Open,11028060.0
A01609,Infrastructure,2551024,Open,1913268.0
A01609,AI & ML,15170350,Open,11377762.5
A01609,Security,15434530,Open,11575897.5
A01609,Applications,14767383,Open,11075537.25
A01609,Integration,8221975,Open,6166481.25
A01610,Database,10738610,Open,8053957.5
A01610,AI & ML,15498754,Open,11624065.5
A01610,Applications,9737962,Open,7303471.5
A01610,Integration,14779438,Open,11084578.5
A01611,Database,3402696,Open,2552022.0
A01611,Security,3691027,Open,2768270.25
A01611,Applications,2300818,Open,1725613.5
A01612,Infrastructure,10482407,Open,7861805.25
A01612,Database,4381526,Open,3286144.5
A01612,Analytics & Data,15308160,Open,11481120.0
A01612,AI & ML,15384417,Open,11538312.75
A01612,Applications,7065467,Open,5299100.25
A01613,AI & ML,10540364,Open,7905273.0
A01613,Security,8943144,Open,6707358.0
A01613,Applications,1531543,Open,1148657.25
A01613,Integration,2389940,Open,1792455.0
A01614,Infrastructure,4012861,Open,3009645.75
A01614,Analytics & Data,15304384,Open,11478288.0
A01614,AI & ML,4708662,Open,3531496.5
A01614,Security,6077710,Open,4558282.5
A01615,Database,666379,Open,499784.25
A01616,Analytics & Data,2430133,Open,1822599.75
A01616,Integration,207484,Open,155613.0
A01617,Infrastructure,6035628,Open,4526721.0
A01617,Database,3129975,Open,2347481.25
A01617,Security,2412886,Open,1809664.5
A01617,Applications,10310100,Open,7732575.0
A01618,Infrastructure,15400975,Open,11550731.25
A01618,Database,300807,Open,225605.25
A01618,AI & ML,8866443,Open,6649832.25
A01618,Security,15330186,Open,11497639.5
A01618,Applications,7353813,Open,5515359.75
A01619,Security,1314469,Open,985851.75
A01620,Infrastructure,4382893,Open,3287169.75
A01620,AI & ML,7813662,Open,5860246.5
A01620,Integration,5479597,Open,4109697.75
A01621,Infrastructure,4327649,Open,3245736.75
A01621,Database,9717490,Open,7288117.5
A01621,Analytics & Data,5747120,Open,4310340.0
A01621,AI & ML,9779569,Open,7334676.75
A01621,Security,9534460,Open,7150845.0
A01621,Integration,4033989,Open,3025491.75
A01622,Database,7086142,Open,5314606.5
A01622,Analytics & Data,3974336,Open,2980752.0
A01622,AI & ML,14779136,Open,11084352.0
A01622,Security,2615022,Open,1961266.5
A01624,Infrastructure,14764631,Open,11073473.25
A01624,Database,14925171,Open,11193878.25
A01624,Analytics & Data,15132953,Open,11349714.75
A01624,AI & ML,740417,Open,555312.75
A01624,Security,14858273,Open,11143704.75
A01624,Applications,15193404,Open,11395053.0
A01624,Integration,15391455,Open,11543591.25
A01626,Database,2431060,Open,1823295.0
A01626,Analytics & Data,5918162,Open,4438621.5
A01626,AI & ML,3741574,Open,2806180.5
A01626,Security,2378226,Open,1783669.5
A01626,Applications,9252650,Open,6939487.5
A01626,Integration,3239793,Open,2429844.75
A01627,Infrastructure,5061935,Open,3796451.25
A01627,Analytics & Data,3328173,Open,2496129.75
A01627,AI & ML,14757770,Open,11068327.5
A01627,Security,7251040,Open,5438280.0
A01627,Integration,9392530,Open,7044397.5
A01628,Database,15221013,Open,11415759.75
A01628,Analytics & Data,1434696,Open,1076022.0
A01628,Security,10888046,Open,8166034.5
A01628,Applications,9089090,Open,6816817.5
A01628,Integration,14824646,Open,11118484.5
A01629,Infrastructure,3373101,Open,2529825.75
A01629,Integration,6769059,Open,5076794.25
A01630,Security,1365038,Open,1023778.5
A01630,Applications,8712444,Open,6534333.0
A01630,Integration,1192946,Open,894709.5
A01631,Infrastructure,4759887,Open,3569915.25
A01631,Database,1976268,Open,1482201.0
A01631,AI & ML,14785855,Open,11089391.25
A01631,Applications,15476167,Open,11607125.25
A01632,Infrastructure,5010833,Open,3758124.75
A01632,Analytics & Data,7778581,Open,5833935.75
A01632,AI & ML,2015476,Open,1511607.0
A01632,Security,4362488,Open,3271866.0
A01632,Applications,10092511,Open,7569383.25
A01633,Analytics & Data,2306046,Open,1729534.5
A01634,Database,1656589,Open,1242441.75
A01634,Analytics & Data,14590494,Open,10942870.5
A01634,AI & ML,1900297,Open,1425222.75
A01634,Security,864406,Open,648304.5
A01635,Database,10251999,Open,7688999.25
A01635,Analytics & Data,3564425,Open,2673318.75
A01635,Security,10956378,Open,8217283.5
A01635,Applications,2691432,Open,2018574.0
A01635,Integration,3592261,Open,2694195.75
A01636,Infrastructure,14631072,Open,10973304.0
A01636,Database,10102724,Open,7577043.0
A01636,Analytics & Data,776706,Open,582529.5
A01636,AI & ML,15148265,Open,11361198.75
A01636,Security,5224327,Open,3918245.25
A01636,Integration,6790952,Open,5093214.0
A01637,Infrastructure,10830638,Open,8122978.5
A01637,AI & ML,10370671,Open,7778003.25
A01637,Security,9577994,Open,7183495.5
A01638,Infrastructure,959635,Open,719726.25
A01638,Database,4972143,Open,3729107.25
A01638,AI & ML,1355743,Open,1016807.25
A01639,Infrastructure,9657688,Open,7243266.0
A01639,Analytics & Data,721274,Open,540955.5
A01639,AI & ML,10633838,Open,7975378.5
A01639,Applications,2713170,Open,2034877.5
A01640,Infrastructure,3887692,Open,2915769.0
A01640,Database,4553663,Open,3415247.25
A01641,Infrastructure,3943963,Open,2957972.25
A01641,Database,3555980,Open,2666985.0
A01641,Analytics & Data,14853993,Open,11140494.75
A01641,AI & ML,14734998,Open,11051248.5
A01641,Applications,9905748,Open,7429311.0
A01641,Integration,15100988,Open,11325741.0
A01642,Infrastructure,199533,Open,149649.75
A01642,Database,10790450,Open,8092837.5
A01642,Analytics & Data,6454154,Open,4840615.5
A01642,AI & ML,14880897,Open,11160672.75
A01642,Applications,5436962,Open,4077721.5
A01643,Infrastructure,14833196,Open,11124897.0
A01643,Database,11022392,Open,8266794.0
A01643,Analytics & Data,5827838,Open,4370878.5
A01643,AI & ML,6317139,Open,4737854.25
A01643,Security,15458954,Open,11594215.5
A01643,Integration,7575264,Open,5681448.0
A01644,Database,5721795,Open,4291346.25
A01644,Analytics & Data,9742448,Open,7306836.0
A01644,Integration,7272240,Open,5454180.0
A01645,Database,14962703,Open,11222027.25
A01645,AI & ML,7930043,Open,5947532.25
A01645,Security,799193,Open,599394.75
A01645,Integration,853280,Open,639960.0
A01646,Infrastructure,1373623,Open,1030217.25
A01646,Database,15037121,Open,11277840.75
A01646,Analytics & Data,4067040,Open,3050280.0
A01646,Integration,1974851,Open,1481138.25
A01647,Database,10698078,Open,8023558.5
A01647,Analytics & Data,15468493,Open,11601369.75
A01647,AI & ML,7322681,Open,5492010.75
A01647,Security,14715644,Open,11036733.0
A01647,Applications,7770753,Open,5828064.75
A01647,Integration,14771154,Open,11078365.5
A01648,Database,15053695,Open,11290271.25
A01648,Analytics & Data,9896924,Open,7422693.0
A01648,AI & ML,15179078,Open,11384308.5
A01648,Security,14940357,Open,11205267.75
A01648,Applications,9217887,Open,6913415.25
A01648,Integration,14570559,Open,10927919.25
A01649,Database,607625,Open,455718.75
A01649,Analytics & Data,4334077,Open,3250557.75
A01649,Security,10563655,Open,7922741.25
A01650,Infrastructure,8023069,Open,6017301.75
A01650,Analytics & Data,15411206,Open,11558404.5
A01650,AI & ML,14586398,Open,10939798.5
A01650,Security,14924274,Open,11193205.5
A01650,Applications,5446416,Open,4084812.0
A01650,Integration,10026445,Open,7519833.75
A01651,Infrastructure,9604151,Open,7203113.25
A01651,Analytics & Data,7101525,Open,5326143.75
A01651,AI & ML,10199963,Open,7649972.25
A01651,Security,14970416,Open,11227812.0
A01652,Infrastructure,4533340,Open,3400005.0
A01652,Database,4848177,Open,3636132.75
A01652,Analytics & Data,14667963,Open,11000972.25
A01652,Integration,8708365,Open,6531273.75
A01653,Database,4806414,Open,3604810.5
A01653,Security,650685,Open,488013.75
A01653,Integration,2890681,Open,2168010.75
A01654,Infrastructure,6565282,Open,4923961.5
A01654,Analytics & Data,3524584,Open,2643438.0
A01654,Security,2740727,Open,2055545.25
A01654,Applications,5797635,Open,4348226.25
A01654,Integration,1542339,Open,1156754.25
A01655,Database,7796250,Open,5847187.5
A01655,AI & ML,15454454,Open,11590840.5
A01655,Applications,4111362,Open,3083521.5
A01655,Integration,10361417,Open,7771062.75
A01656,Analytics & Data,14913698,Open,11185273.5
A01656,AI & ML,14845735,Open,11134301.25
A01656,Security,14934230,Open,11200672.5
A01656,Applications,15009289,Open,11256966.75
A01657,Database,10661156,Open,7995867.0
A01657,Analytics & Data,3893766,Open,2920324.5
A01657,Security,1773656,Open,1330242.0
A01657,Applications,8069488,Open,6052116.0
A01658,Analytics & Data,15375084,Open,11531313.0
A01658,AI & ML,10760340,Open,8070255.0
A01658,Applications,8453126,Open,6339844.5
A01658,Integration,14918396,Open,11188797.0
A01659,Analytics & Data,3075014,Open,2306260.5
A01659,Integration,1869559,Open,1402169.25
A01660,Infrastructure,10186204,Open,7639653.0
A01660,Database,15054218,Open,11290663.5
A01660,AI & ML,3606072,Open,2704554.0
A01660,Security,4859529,Open,3644646.75
A01661,Analytics & Data,4298908,Open,3224181.0
A01662,Infrastructure,1907993,Open,1430994.75
A01662,Database,6629838,Open,4972378.5
A01662,Applications,4986599,Open,3739949.25
A01662,Integration,11043914,Open,8282935.5
A01664,AI & ML,4404019,Open,3303014.25
A01664,Security,15135749,Open,11351811.75
A01664,Applications,5853061,Open,4389795.75
A01664,Integration,4717712,Open,3538284.0
A01665,Infrastructure,15278878,Open,11459158.5
A01665,Analytics & Data,6590668,Open,4943001.0
A01665,AI & ML,5905785,Open,4429338.75
A01665,Security,10143312,Open,7607484.0
A01665,Applications,8818277,Open,6613707.75
A01666,Infrastructure,7919207,Open,5939405.25
A01666,Database,14921109,Open,11190831.75
A01666,AI & ML,3568020,Open,2676015.0
A01666,Security,3804835,Open,2853626.25
A01666,Applications,11108704,Open,8331528.0
A01667,Security,9941584,Open,7456188.0
A01667,Applications,9760971,Open,7320728.25
A01668,Infrastructure,8709485,Open,6532113.75
A01668,AI & ML,3180212,Open,2385159.0
A01668,Applications,14617646,Open,10963234.5
A01669,Infrastructure,7740532,Open,5805399.0
A01669,Database,326888,Open,245166.0
A01669,Analytics & Data,15267190,Open,11450392.5
A01669,AI & ML,8826712,Open,6620034.0
A01669,Security,10709684,Open,8032263.0
A01669,Applications,5528253,Open,4146189.75
A01669,Integration,4506770,Open,3380077.5
A01670,Database,10096048,Open,7572036.0
A01670,Analytics & Data,9556276,Open,7167207.0
A01670,AI & ML,14825018,Open,11118763.5
A01670,Integration,6187941,Open,4640955.75
A01671,Infrastructure,14964091,Open,11223068.25
A01671,AI & ML,4237721,Open,3178290.75
A01671,Security,9603218,Open,7202413.5
A01671,Applications,14657783,Open,10993337.25
A01672,Database,4723456,Open,3542592.0
A01672,Analytics & Data,15033327,Open,11274995.25
A01672,AI & ML,14676952,Open,11007714.0
A01672,Security,6376319,Open,4782239.25
A01672,Applications,8993470,Open,6745102.5
A01672,Integration,776682,Open,582511.5
A01673,Database,15169606,Open,11377204.5
A01673,AI & ML,10277853,Open,7708389.75
A01673,Integration,6790137,Open,5092602.75
A01674,Integration,8045237,Open,6033927.75
A01675,Analytics & Data,2176706,Open,1632529.5
A01675,Integration,3430931,Open,2573198.25
A01676,Infrastructure,10055176,Open,7541382.0
A01676,Analytics & Data,2625407,Open,1969055.25
A01676,Security,4763406,Open,3572554.5
A01677,Infrastructure,14983698,Open,11237773.5
A01677,Database,15039616,Open,11279712.0
A01677,Analytics & Data,14781894,Open,11086420.5
A01677,AI & ML,4243405,Open,3182553.75
A01677,Applications,10353580,Open,7765185.0
A01677,Integration,15241577,Open,11431182.75
A01678,Infrastructure,9526491,Open,7144868.25
A01678,Database,14869611,Open,11152208.25
A01678,Analytics & Data,5231011,Open,3923258.25
A01678,Security,11093232,Open,8319924.0
A01678,Integration,7060780,Open,5295585.0
A01679,Database,15470105,Open,11602578.75
A01679,Security,10779382,Open,8084536.5
A01679,Integration,9948300,Open,7461225.0
A01680,Database,15492050,Open,11619037.5
A01680,Analytics & Data,3197218,Open,2397913.5
A01680,Security,1425706,Open,1069279.5
A01680,Applications,1717259,Open,1287944.25
A01681,Security,5345588,Open,4009191.0
A01682,Infrastructure,14759879,Open,11069909.25
A01682,Analytics & Data,2236449,Open,1677336.75
A01682,Security,2022463,Open,1516847.25
A01683,AI & ML,15482203,Open,11611652.25
A01683,Applications,5102802,Open,3827101.5
A01684,Infrastructure,422224,Open,316668.0
A01684,AI & ML,334856,Open,251142.0
A01685,Database,7797838,Open,5848378.5
A01685,Analytics & Data,3540728,Open,2655546.0
A01685,AI & ML,4024165,Open,3018123.75
A01685,Security,10294135,Open,7720601.25
A01686,Infrastructure,14792523,Open,11094392.25
A01686,Database,10346934,Open,7760200.5
A01686,Analytics & Data,14755052,Open,11066289.0
A01686,Security,15294636,Open,11470977.0
A01686,Applications,15401105,Open,11550828.75
A01686,Integration,5720929,Open,4290696.75
A01687,Infrastructure,6842869,Open,5132151.75
A01687,Analytics & Data,7326226,Open,5494669.5
A01687,AI & ML,14661059,Open,10995794.25
A01687,Security,6031177,Open,4523382.75
A01687,Applications,7979821,Open,5984865.75
A01687,Integration,7073096,Open,5304822.0
A01689,Infrastructure,15102705,Open,11327028.75
A01689,Analytics & Data,7878151,Open,5908613.25
A01689,AI & ML,14888379,Open,11166284.25
A01689,Security,14594547,Open,10945910.25
A01689,Applications,4121272,Open,3090954.0
A01690,Infrastructure,10324627,Open,7743470.25
A01690,Database,15148940,Open,11361705.0
A01690,AI & ML,15386957,Open,11540217.75
A01690,Applications,6543491,Open,4907618.25
A01690,Integration,14849380,Open,11137035.0
A01691,Infrastructure,14917709,Open,11188281.75
A01691,Analytics & Data,8626286,Open,6469714.5
A01691,AI & ML,14876172,Open,11157129.0
A01691,Applications,9738841,Open,7304130.75
A01691,Integration,9985292,Open,7488969.0
A01692,Infrastructure,3504980,Open,2628735.0
A01692,Database,7813274,Open,5859955.5
A01692,AI & ML,15416099,Open,11562074.25
A01692,Security,7674600,Open,5755950.0
A01692,Applications,4633262,Open,3474946.5
A01692,Integration,2724693,Open,2043519.75
A01693,AI & ML,1662696,Open,1247022.0
A01693,Security,759899,Open,569924.25
A01694,Analytics & Data,4056593,Open,3042444.75
A01694,Applications,5077268,Open,3807951.0
A01694,Integration,769942,Open,577456.5
A01695,Database,8600842,Open,6450631.5
A01695,AI & ML,14901614,Open,11176210.5
A01695,Security,6910624,Open,5182968.0
A01695,Integration,10188685,Open,7641513.75
A01696,Infrastructure,474040,Open,355530.0
A01696,Analytics & Data,8915553,Open,6686664.75
A01696,AI & ML,760402,Open,570301.5
A01696,Applications,508036,Open,381027.0
A01697,Infrastructure,14802596,Open,11101947.0
A01697,Database,14885704,Open,11164278.0
A01697,Security,6651939,Open,4988954.25
A01697,Applications,5017543,Open,3763157.25
A01697,Integration,8727256,Open,6545442.0
A01698,Infrastructure,10311032,Open,7733274.0
A01698,Database,14640077,Open,10980057.75
A01698,Analytics & Data,4631555,Open,3473666.25
A01698,Security,910344,Open,682758.0
A01700,Infrastructure,14695553,Open,11021664.75
A01700,Integration,5619984,Open,4214988.0
A01701,Infrastructure,8396801,Open,6297600.75
A01701,Database,5941261,Open,4455945.75
A01701,AI & ML,15087441,Open,11315580.75
A01701,Integration,87574,Open,65680.5
A01702,Analytics & Data,8603526,Open,6452644.5
A01702,Applications,2774975,Open,2081231.25
A01702,Integration,2578143,Open,1933607.25
A01703,Database,8510551,Open,6382913.25
A01703,Analytics & Data,4356416,Open,3267312.0
A01703,AI & ML,15037688,Open,11278266.0
A01703,Security,9119911,Open,6839933.25
A01703,Applications,5465586,Open,4099189.5
A01703,Integration,10392240,Open,7794180.0
A01704,Database,7077526,Open,5308144.5
A01704,Analytics & Data,14865337,Open,11149002.75
A01704,AI & ML,176099,Open,132074.25
A01704,Security,15293544,Open,11470158.0
A01704,Applications,15390307,Open,11542730.25
A01704,Integration,14788089,Open,11091066.75
A01705,Infrastructure,14905832,Open,11179374.0
A01705,Analytics & Data,11083815,Open,8312861.25
A01705,AI & ML,15332606,Open,11499454.5
A01705,Integration,7497313,Open,5622984.75
A01707,Infrastructure,5122296,Open,3841722.0
A01707,Database,15167149,Open,11375361.75
A01707,Analytics & Data,4091199,Open,3068399.25
A01707,AI & ML,6221777,Open,4666332.75
A01707,Applications,3933085,Open,2949813.75
A01707,Integration,15217187,Open,11412890.25
A01708,Infrastructure,15078884,Open,11309163.0
A01708,Database,1075458,Open,806593.5
A01708,Analytics & Data,14775476,Open,11081607.0
A01708,AI & ML,6940156,Open,5205117.0
A01708,Security,2547827,Open,1910870.25
A01708,Applications,14715393,Open,11036544.75
A01709,Infrastructure,15139295,Open,11354471.25
A01709,Database,15057261,Open,11292945.75
A01709,AI & ML,2503613,Open,1877709.75
A01709,Applications,5828010,Open,4371007.5
A01709,Integration,15243330,Open,11432497.5
A01710,Infrastructure,15286963,Open,11465222.25
A01710,Database,11031120,Open,8273340.0
A01710,Analytics & Data,15304329,Open,11478246.75
A01710,AI & ML,14733078,Open,11049808.5
A01710,Applications,15462703,Open,11597027.25
A01711,Database,14765688,Open,11074266.0
A01711,Analytics & Data,5650771,Open,4238078.25
A01712,Infrastructure,15307115,Open,11480336.25
A01712,Analytics & Data,10428138,Open,7821103.5
A01712,AI & ML,5493337,Open,4120002.75
A01712,Integration,9289231,Open,6966923.25
A01713,Infrastructure,8762661,Open,6571995.75
A01713,Database,8465647,Open,6349235.25
A01713,Analytics & Data,14711628,Open,11033721.0
A01713,AI & ML,4665443,Open,3499082.25
A01713,Integration,1616036,Open,1212027.0
A01714,Infrastructure,15041641,Open,11281230.75
A01714,Database,14801669,Open,11101251.75
A01714,Analytics & Data,5822098,Open,4366573.5
A01714,Security,14643139,Open,10982354.25
A01714,Applications,15190045,Open,11392533.75
A01714,Integration,3989425,Open,2992068.75
A01715,Database,15347548,Open,11510661.0
A01715,Security,15301586,Open,11476189.5
A01715,Applications,5076123,Open,3807092.25
A01715,Integration,9932533,Open,7449399.75
A01716,Analytics & Data,10964367,Open,8223275.25
A01716,Applications,4783370,Open,3587527.5
A01717,Infrastructure,7315689,Open,5486766.75
A01717,Database,3419510,Open,2564632.5
A01717,AI & ML,6197302,Open,4647976.5
A01717,Security,8551063,Open,6413297.25
A01717,Applications,14717055,Open,11037791.25
A01717,Integration,8025142,Open,6018856.5
A01718,Infrastructure,4152078,Open,3114058.5
A01718,Database,9511695,Open,7133771.25
A01718,Analytics & Data,6984438,Open,5238328.5
A01718,AI & ML,4256691,Open,3192518.25
A01718,Applications,1104301,Open,828225.75
A01718,Integration,4392258,Open,3294193.5
A01719,Infrastructure,4868128,Open,3651096.0
A01719,Database,15433579,Open,11575184.25
A01719,Security,3748180,Open,2811135.0
A01719,Applications,8191968,Open,6143976.0
A01719,Integration,10944340,Open,8208255.0
A01720,Infrastructure,14581887,Open,10936415.25
A01720,Database,15001900,Open,11251425.0
A01720,AI & ML,15040362,Open,11280271.5
A01720,Integration,7149113,Open,5361834.75
A01721,Infrastructure,9900418,Open,7425313.5
A01721,AI & ML,11123667,Open,8342750.25
A01721,Security,15360776,Open,11520582.0
A01721,Applications,1007336,Open,755502.0
A01721,Integration,3499467,Open,2624600.25
A01722,Database,2396126,Open,1797094.5
A01722,Applications,342437,Open,256827.75
A01723,Infrastructure,1761794,Open,1321345.5
A01723,Security,10905310,Open,8178982.5
A01724,Infrastructure,9017901,Open,6763425.75
A01724,Security,7533578,Open,5650183.5
A01724,Integration,14835746,Open,11126809.5
A01725,Database,5081619,Open,3811214.25
A01725,Analytics & Data,10193711,Open,7645283.25
A01725,AI & ML,3152618,Open,2364463.5
A01725,Security,4259697,Open,3194772.75
A01725,Integration,633684,Open,475263.0
A01726,Database,3219485,Open,2414613.75
A01726,Analytics & Data,4434410,Open,3325807.5
A01726,Security,6710183,Open,5032637.25
A01726,Applications,9851002,Open,7388251.5
A01727,Infrastructure,3185690,Open,2389267.5
A01727,AI & ML,2448801,Open,1836600.75
A01727,Applications,7531973,Open,5648979.75
A01727,Integration,2831473,Open,2123604.75
A01728,Database,3690224,Open,2767668.0
A01729,Security,749363,Open,562022.25
A01730,Database,14753343,Open,11065007.25
A01731,Infrastructure,15098696,Open,11324022.0
A01731,Database,15418679,Open,11564009.25
A01731,Analytics & Data,930895,Open,698171.25
A01731,AI & ML,1385576,Open,1039182.0
A01731,Applications,15291824,Open,11468868.0
A01731,Integration,15047722,Open,11285791.5
A01732,Database,14890552,Open,11167914.0
A01732,Analytics & Data,15491094,Open,11618320.5
A01732,Security,15264641,Open,11448480.75
A01732,Applications,9650435,Open,7237826.25
A01733,Infrastructure,9578667,Open,7184000.25
A01733,Database,15327070,Open,11495302.5
A01733,AI & ML,926431,Open,694823.25
A01733,Security,1181722,Open,886291.5
A01733,Applications,8288554,Open,6216415.5
A01733,Integration,3966544,Open,2974908.0
A01735,Infrastructure,3824758,Open,2868568.5
A01735,Database,2681645,Open,2011233.75
A01735,Analytics & Data,8407595,Open,6305696.25
A01735,Applications,1508179,Open,1131134.25
A01736,Analytics & Data,7503685,Open,5627763.75
A01736,Integration,1998782,Open,1499086.5
A01737,Infrastructure,5559565,Open,4169673.75
A01737,Database,4963260,Open,3722445.0
A01737,AI & ML,15261545,Open,11446158.75
A01739,Security,112829,Open,84621.75
A01740,Analytics & Data,4043241,Open,3032430.75
A01740,Security,7860091,Open,5895068.25
A01741,Analytics & Data,15116666,Open,11337499.5
A01741,AI & ML,4900132,Open,3675099.0
A01741,Applications,10326617,Open,7744962.75
A01741,Integration,7300034,Open,5475025.5
A01742,Infrastructure,14814628,Open,11110971.0
A01742,Database,3514625,Open,2635968.75
A01742,Analytics & Data,14646095,Open,10984571.25
A01742,Security,15097143,Open,11322857.25
A01742,Applications,15251584,Open,11438688.0
A01742,Integration,15067256,Open,11300442.0
A01743,Database,6320303,Open,4740227.25
A01743,Applications,2672707,Open,2004530.25
A01743,Integration,1714044,Open,1285533.0
A01744,Infrastructure,9258785,Open,6944088.75
A01744,Database,10928170,Open,8196127.5
A01744,Analytics & Data,8772886,Open,6579664.5
A01744,AI & ML,9738894,Open,7304170.5
A01744,Security,10803307,Open,8102480.25
A01744,Applications,8994302,Open,6745726.5
A01744,Integration,15491691,Open,11618768.25
A01745,Infrastructure,15136451,Open,11352338.25
A01745,Database,8817233,Open,6612924.75
A01745,Analytics & Data,14662179,Open,10996634.25
A01745,AI & ML,10878504,Open,8158878.0
A01745,Security,7692061,Open,5769045.75
A01745,Integration,15048996,Open,11286747.0
A01746,Database,9996039,Open,7497029.25
A01746,AI & ML,14859437,Open,11144577.75
A01746,Security,737652,Open,553239.0
A01747,Infrastructure,15426370,Open,11569777.5
A01747,AI & ML,14585258,Open,10938943.5
A01747,Security,14689973,Open,11017479.75
A01747,Applications,14709807,Open,11032355.25
A01747,Integration,15152636,Open,11364477.0
A01748,Infrastructure,9514731,Open,7136048.25
A01748,Database,7534272,Open,5650704.0
A01748,AI & ML,6294310,Open,4720732.5
A01748,Security,6249821,Open,4687365.75
A01748,Integration,3266217,Open,2449662.75
A01750,Database,4401465,Open,3301098.75
A01750,Integration,15100512,Open,11325384.0
A01751,Database,6918928,Open,5189196.0
A01751,Analytics & Data,4527720,Open,3395790.0
A01751,AI & ML,5711304,Open,4283478.0
A01751,Security,8702205,Open,6526653.75
A01751,Applications,8176370,Open,6132277.5
A01752,Infrastructure,9141753,Open,6856314.75
A01752,Database,4498361,Open,3373770.75
A01752,Analytics & Data,7750853,Open,5813139.75
A01752,AI & ML,14753923,Open,11065442.25
A01752,Security,10772049,Open,8079036.75
A01752,Applications,3740196,Open,2805147.0
A01752,Integration,6060424,Open,4545318.0
A01753,Database,15436508,Open,11577381.0
A01753,Analytics & Data,8488125,Open,6366093.75
A01753,AI & ML,9787949,Open,7340961.75
A01753,Security,7622506,Open,5716879.5
A01753,Integration,15067157,Open,11300367.75
A01754,Applications,1375988,Open,1031991.0
A01755,Analytics & Data,6499193,Open,4874394.75
A01755,Security,11070806,Open,8303104.5
A01756,Infrastructure,2432148,Open,1824111.0
A01756,AI & ML,2305881,Open,1729410.75
A01756,Security,1221114,Open,915835.5
A01756,Integration,1411462,Open,1058596.5
A01757,Infrastructure,2651624,Open,1988718.0
A01757,Database,14706897,Open,11030172.75
A01757,AI & ML,1544597,Open,1158447.75
A01758,Database,8252074,Open,6189055.5
A01758,Applications,15008774,Open,11256580.5
A01759,Database,7203730,Open,5402797.5
A01759,Applications,4718416,Open,3538812.0
A01759,Integration,3945582,Open,2959186.5
A01760,Infrastructure,10543213,Open,7907409.75
A01760,Database,3222102,Open,2416576.5
A01760,Analytics & Data,1454530,Open,1090897.5
A01760,Security,7408947,Open,5556710.25
A01760,Applications,2044230,Open,1533172.5
A01761,Infrastructure,6260500,Open,4695375.0
A01761,Analytics & Data,14949353,Open,11212014.75
A01761,AI & ML,9904287,Open,7428215.25
A01761,Security,10512062,Open,7884046.5
A01762,Database,8187781,Open,6140835.75
A01762,Analytics & Data,15400849,Open,11550636.75
A01762,Security,4706758,Open,3530068.5
A01762,Applications,3922295,Open,2941721.25
A01762,Integration,8859338,Open,6644503.5
A01763,Security,7003907,Open,5252930.25
A01763,Applications,14660932,Open,10995699.0
A01763,Integration,5009423,Open,3757067.25
A01764,Infrastructure,10050828,Open,7538121.0
A01764,Security,8608460,Open,6456345.0
A01764,Applications,1904968,Open,1428726.0
A01764,Integration,7416104,Open,5562078.0
A01766,Integration,529110,Open,396832.5
A01767,Infrastructure,15411933,Open,11558949.75
A01767,Database,10598560,Open,7948920.0
A01767,Analytics & Data,9373119,Open,7029839.25
A01767,AI & ML,9776432,Open,7332324.0
A01767,Security,14922228,Open,11191671.0
A01767,Applications,8742328,Open,6556746.0
A01767,Integration,7928437,Open,5946327.75
A01768,Infrastructure,6891160,Open,5168370.0
A01768,Database,7787823,Open,5840867.25
A01768,Security,1984345,Open,1488258.75
A01768,Applications,5950477,Open,4462857.75
A01768,Integration,5892326,Open,4419244.5
A01770,Infrastructure,5178051,Open,3883538.25
A01770,Database,15376681,Open,11532510.75
A01770,AI & ML,6256384,Open,4692288.0
A01770,Security,9390619,Open,7042964.25
A01770,Applications,4940024,Open,3705018.0
A01770,Integration,2488034,Open,1866025.5
A01771,Database,9353187,Open,7014890.25
A01771,Analytics & Data,14939099,Open,11204324.25
A01771,AI & ML,11036288,Open,8277216.0
A01771,Security,4595998,Open,3446998.5
A01771,Applications,4234118,Open,3175588.5
A01771,Integration,14597644,Open,10948233.0
A01772,Security,14579730,Open,10934797.5
A01772,Integration,14737538,Open,11053153.5
A01773,Infrastructure,15028221,Open,11271165.75
A01773,Database,15124716,Open,11343537.0
A01773,Analytics & Data,14714560,Open,11035920.0
A01773,AI & ML,7096756,Open,5322567.0
A01773,Integration,4068485,Open,3051363.75
A01774,Database,6915070,Open,5186302.5
A01774,AI & ML,4362847,Open,3272135.25
A01774,Security,5692216,Open,4269162.0
A01774,Applications,4090261,Open,3067695.75
A01774,Integration,3874769,Open,2906076.75
A01775,Infrastructure,15222317,Open,11416737.75
A01775,AI & ML,10890047,Open,8167535.25
A01775,Security,14765099,Open,11073824.25
A01775,Applications,4161743,Open,3121307.25
A01775,Integration,5949972,Open,4462479.0
A01776,Infrastructure,10333452,Open,7750089.0
A01776,Database,4429492,Open,3322119.0
A01776,Analytics & Data,9641547,Open,7231160.25
A01776,AI & ML,9356910,Open,7017682.5
A01776,Security,14632363,Open,10974272.25
A01776,Applications,3921758,Open,2941318.5
A01777,Infrastructure,8849956,Open,6637467.0
A01777,Analytics & Data,6480556,Open,4860417.0
A01777,AI & ML,2490705,Open,1868028.75
A01777,Security,15331545,Open,11498658.75
A01777,Applications,15133826,Open,11350369.5
A01777,Integration,4116659,Open,3087494.25
A01778,AI & ML,1333679,Open,1000259.25
A01779,Infrastructure,8717436,Open,6538077.0
A01779,Database,4945248,Open,3708936.0
A01779,AI & ML,10135517,Open,7601637.75
A01779,Security,15337344,Open,11503008.0
A01779,Applications,14629772,Open,10972329.0
A01779,Integration,14977180,Open,11232885.0
A01780,Infrastructure,7921425,Open,5941068.75
A01780,Database,9080672,Open,6810504.0
A01780,Analytics & Data,8694761,Open,6521070.75
A01780,AI & ML,15469373,Open,11602029.75
A01780,Applications,746756,Open,560067.0
A01781,Database,15136946,Open,11352709.5
A01781,AI & ML,9560264,Open,7170198.0
A01781,Security,14827146,Open,11120359.5
A01781,Applications,14832732,Open,11124549.0
A01781,Integration,15104949,Open,11328711.75
A01782,Database,395226,Open,296419.5
A01782,AI & ML,684672,Open,513504.0
A01782,Applications,2474963,Open,1856222.25
A01782,Integration,124810,Open,93607.5
A01783,Infrastructure,3735341,Open,2801505.75
A01783,Analytics & Data,14931546,Open,11198659.5
A01783,AI & ML,14976750,Open,11232562.5
A01783,Security,3570752,Open,2678064.0
A01783,Integration,14876665,Open,11157498.75
A01784,Database,15059009,Open,11294256.75
A01784,Analytics & Data,14576321,Open,10932240.75
A01784,AI & ML,5870286,Open,4402714.5
A01784,Applications,5611201,Open,4208400.75
A01784,Integration,14820002,Open,11115001.5
A01785,Analytics & Data,14989532,Open,11242149.0
A01785,AI & ML,14973670,Open,11230252.5
A01785,Integration,6165817,Open,4624362.75
A01786,Infrastructure,5342646,Open,4006984.5
A01786,Analytics & Data,2399150,Open,1799362.5
A01786,Applications,7453504,Open,5590128.0
A01787,Database,6979789,Open,5234841.75
A01787,Analytics & Data,5957467,Open,4468100.25
A01787,Integration,3800957,Open,2850717.75
A01788,Infrastructure,6117444,Open,4588083.0
A01788,Database,14775200,Open,11081400.0
A01788,Analytics & Data,5616176,Open,4212132.0
A01788,AI & ML,5132967,Open,3849725.25
A01788,Security,8979528,Open,6734646.0
A01788,Applications,9095247,Open,6821435.25
A01788,Integration,6743236,Open,5057427.0
A01789,Analytics & Data,959106,Open,719329.5
A01789,Security,912851,Open,684638.25
A01790,Database,2337622,Open,1753216.5
A01790,Analytics & Data,1142673,Open,857004.75
A01790,Integration,1127899,Open,845924.25
A01791,Analytics & Data,826661,Open,619995.75
A01791,Security,4417174,Open,3312880.5
A01791,Applications,10723162,Open,8042371.5
A01791,Integration,15342944,Open,11507208.0
A01792,Infrastructure,2437347,Open,1828010.25
A01792,AI & ML,15287752,Open,11465814.0
A01792,Security,14913573,Open,11185179.75
A01792,Applications,9008012,Open,6756009.0
A01793,Infrastructure,1067089,Open,800316.75
A01793,AI & ML,10640332,Open,7980249.0
A01793,Applications,2381472,Open,1786104.0
A01794,AI & ML,7273162,Open,5454871.5
A01794,Security,1482498,Open,1111873.5
A01794,Integration,9206945,Open,6905208.75
A01795,Database,105965,Open,79473.75
A01795,Applications,1831802,Open,1373851.5
A01795,Integration,79197,Open,59397.75
A01796,Database,6868232,Open,5151174.0
A01796,Analytics & Data,6542716,Open,4907037.0
A01796,AI & ML,1433321,Open,1074990.75
A01796,Security,6825572,Open,5119179.0
A01796,Applications,1639947,Open,1229960.25
A01796,Integration,9782377,Open,7336782.75
A01797,Infrastructure,7384156,Open,5538117.0
A01797,Database,2693680,Open,2020260.0
A01797,Analytics & Data,9144652,Open,6858489.0
A01797,AI & ML,10253835,Open,7690376.25
A01797,Security,9116327,Open,6837245.25
A01797,Applications,14802071,Open,11101553.25
A01797,Integration,14988785,Open,11241588.75
A01798,AI & ML,4114139,Open,3085604.25
A01798,Integration,3938156,Open,2953617.0
A01799,Infrastructure,14991721,Open,11243790.75
A01799,Database,3389743,Open,2542307.25
A01799,Analytics & Data,7975027,Open,5981270.25
A01799,AI & ML,7453893,Open,5590419.75
A01799,Applications,6488521,Open,4866390.75
A01799,Integration,9859137,Open,7394352.75
A01801,Analytics & Data,470027,Open,352520.25
A01801,Security,4177247,Open,3132935.25
A01801,Applications,6780469,Open,5085351.75
A01802,Database,1908303,Open,1431227.25
A01802,Analytics & Data,14611171,Open,10958378.25
A01802,AI & ML,6237696,Open,4678272.0
A01802,Security,14881092,Open,11160819.0
A01802,Applications,9539082,Open,7154311.5
A01802,Integration,15015641,Open,11261730.75
A01803,Analytics & Data,11005222,Open,8253916.5
A01803,AI & ML,7056931,Open,5292698.25
A01805,Database,10020956,Open,7515717.0
A01805,Analytics & Data,10677275,Open,8007956.25
A01805,AI & ML,7656048,Open,5742036.0
A01805,Integration,6554775,Open,4916081.25
A01806,Infrastructure,5081836,Open,3811377.0
A01806,Database,6244125,Open,4683093.75
A01806,Security,10115001,Open,7586250.75
A01806,Applications,4025550,Open,3019162.5
A01806,Integration,7678947,Open,5759210.25
A01807,Infrastructure,3404957,Open,2553717.75
A01808,Infrastructure,15313747,Open,11485310.25
A01808,Analytics & Data,14599751,Open,10949813.25
A01809,Infrastructure,9856410,Open,7392307.5
A01809,Analytics & Data,10772898,Open,8079673.5
A01809,AI & ML,4092917,Open,3069687.75
A01809,Integration,2207564,Open,1655673.0
A01810,Infrastructure,6943218,Open,5207413.5
A01810,Database,5457329,Open,4092996.75
A01810,AI & ML,4831645,Open,3623733.75
A01810,Security,4739435,Open,3554576.25
A01810,Integration,15070680,Open,11303010.0
A01811,Infrastructure,14915024,Open,11186268.0
A01811,Analytics & Data,10774812,Open,8081109.0
A01811,Integration,7707317,Open,5780487.75
A01812,AI & ML,3057738,Open,2293303.5
A01812,Security,14638086,Open,10978564.5
A01812,Applications,5903037,Open,4427277.75
A01813,Analytics & Data,959922,Open,719941.5
A01813,AI & ML,10633892,Open,7975419.0
A01813,Security,14786636,Open,11089977.0
A01813,Applications,15013040,Open,11259780.0
A01814,Analytics & Data,8996171,Open,6747128.25
A01814,Security,9069677,Open,6802257.75
A01814,Applications,5677942,Open,4258456.5
A01815,Infrastructure,14839919,Open,11129939.25
A01815,Database,15371408,Open,11528556.0
A01815,Analytics & Data,14745450,Open,11059087.5
A01815,AI & ML,15006806,Open,11255104.5
A01815,Security,15461903,Open,11596427.25
A01815,Applications,14575088,Open,10931316.0
A01815,Integration,4321674,Open,3241255.5
A01816,AI & ML,7852297,Open,5889222.75
A01816,Applications,4417850,Open,3313387.5
A01817,Infrastructure,5426823,Open,4070117.25
A01817,Database,15041413,Open,11281059.75
A01817,Analytics & Data,7189961,Open,5392470.75
A01817,AI & ML,15301207,Open,11475905.25
A01817,Security,5208264,Open,3906198.0
A01817,Applications,14808710,Open,11106532.5
A01817,Integration,8694138,Open,6520603.5
A01819,Infrastructure,14816165,Open,11112123.75
A01819,Database,5025174,Open,3768880.5
A01819,Analytics & Data,6937448,Open,5203086.0
A01819,AI & ML,1699574,Open,1274680.5
A01819,Security,6506317,Open,4879737.75
A01821,Infrastructure,10689476,Open,8017107.0
A01821,Database,9892362,Open,7419271.5
A01821,Security,14825189,Open,11118891.75
A01821,Applications,15296929,Open,11472696.75
A01822,AI & ML,7573431,Open,5680073.25
A01822,Applications,1082148,Open,811611.0
A01823,Infrastructure,14724853,Open,11043639.75
A01823,Database,4342861,Open,3257145.75
A01823,Analytics & Data,9158919,Open,6869189.25
A01823,AI & ML,9567847,Open,7175885.25
A01823,Security,9309802,Open,6982351.5
A01823,Applications,5220923,Open,3915692.25
A01824,Infrastructure,7104474,Open,5328355.5
A01824,Analytics & Data,14702862,Open,11027146.5
A01824,AI & ML,4559689,Open,3419766.75
A01824,Security,9469799,Open,7102349.25
A01824,Applications,4115472,Open,3086604.0
A01824,Integration,10441997,Open,7831497.75
A01825,Infrastructure,3951874,Open,2963905.5
A01825,Database,6709836,Open,5032377.0
A01825,Analytics & Data,4492834,Open,3369625.5
A01825,Security,6328878,Open,4746658.5
A01825,Applications,5978514,Open,4483885.5
A01825,Integration,1661257,Open,1245942.75
A01826,Database,5439372,Open,4079529.0
A01826,AI & ML,7169128,Open,5376846.0
A01826,Security,4552295,Open,3414221.25
A01826,Integration,9502489,Open,7126866.75
A01827,Infrastructure,869814,Open,652360.5
A01827,Database,722287,Open,541715.25
A01827,Security,5444948,Open,4083711.0
A01827,Applications,4565397,Open,3424047.75
A01828,Database,8998735,Open,6749051.25
A01828,Analytics & Data,3725839,Open,2794379.25
A01828,Security,2575551,Open,1931663.25
A01828,Integration,2151256,Open,1613442.0
A01829,Analytics & Data,10726999,Open,8045249.25
A01829,AI & ML,8542252,Open,6406689.0
A01829,Security,5790022,Open,4342516.5
A01830,Database,9518162,Open,7138621.5
A01830,Security,9331909,Open,6998931.75
A01830,Integration,1111444,Open,833583.0
A01831,Infrastructure,8349027,Open,6261770.25
A01831,Analytics & Data,4096485,Open,3072363.75
A01831,Security,9448373,Open,7086279.75
A01831,Applications,7397374,Open,5548030.5
A01831,Integration,9001743,Open,6751307.25
A01832,Database,2793715,Open,2095286.25
A01832,Applications,1816407,Open,1362305.25
A01834,AI & ML,15009686,Open,11257264.5
A01835,Infrastructure,3376911,Open,2532683.25
A01836,Database,8587007,Open,6440255.25
A01836,AI & ML,1050344,Open,787758.0
A01836,Security,7480418,Open,5610313.5
A01836,Applications,435030,Open,326272.5
A01836,Integration,1006794,Open,755095.5
A01837,Infrastructure,5017064,Open,3762798.0
A01837,Analytics & Data,5118561,Open,3838920.75
A01837,Integration,14822585,Open,11116938.75
A01840,Analytics & Data,6985641,Open,5239230.75
A01840,AI & ML,8411966,Open,6308974.5
A01840,Applications,9252747,Open,6939560.25
A01841,Infrastructure,7180337,Open,5385252.75
A01841,Database,4789914,Open,3592435.5
A01841,Analytics & Data,892090,Open,669067.5
A01841,Security,6805055,Open,5103791.25
A01841,Applications,15135917,Open,11351937.75
A01842,Infrastructure,10071094,Open,7553320.5
A01842,AI & ML,7614562,Open,5710921.5
A01842,Security,10040875,Open,7530656.25
A01842,Integration,7776897,Open,5832672.75
A01843,Infrastructure,15146953,Open,11360214.75
A01843,Database,1692476,Open,1269357.0
A01843,AI & ML,14738046,Open,11053534.5
A01843,Applications,1564186,Open,1173139.5
A01845,Infrastructure,14863355,Open,11147516.25
A01845,AI & ML,5605276,Open,4203957.0
A01845,Integration,9858756,Open,7394067.0
A01846,Integration,6558830,Open,4919122.5
A01847,Infrastructure,3975575,Open,2981681.25
A01847,Database,15019084,Open,11264313.0
A01847,AI & ML,15300391,Open,11475293.25
A01847,Security,15047156,Open,11285367.0
A01847,Applications,14669948,Open,11002461.0
A01847,Integration,14767067,Open,11075300.25
A01848,Infrastructure,11131224,Open,8348418.0
A01848,Analytics & Data,15070136,Open,11302602.0
A01848,Security,8806765,Open,6605073.75
A01848,Integration,7693248,Open,5769936.0
A01849,Applications,7865332,Open,5898999.0
A01850,Database,8638625,Open,6478968.75
A01850,Analytics & Data,14757806,Open,11068354.5
A01850,AI & ML,15490998,Open,11618248.5
A01851,Database,9354139,Open,7015604.25
A01851,Security,435327,Open,326495.25
A01852,Database,1140945,Open,855708.75
A01852,Integration,8706844,Open,6530133.0
A01853,Infrastructure,7263551,Open,5447663.25
A01853,Database,15349210,Open,11511907.5
A01853,Analytics & Data,15320924,Open,11490693.0
A01853,AI & ML,15402150,Open,11551612.5
A01853,Security,15021423,Open,11266067.25
A01854,Analytics & Data,10910056,Open,8182542.0
A01854,AI & ML,15434666,Open,11575999.5
A01854,Security,3489123,Open,2616842.25
A01854,Applications,7688620,Open,5766465.0
A01855,Database,3730796,Open,2798097.0
A01855,AI & ML,14786310,Open,11089732.5
A01855,Security,6093017,Open,4569762.75
A01855,Applications,15344420,Open,11508315.0
A01855,Integration,6441710,Open,4831282.5
A01856,Infrastructure,4906111,Open,3679583.25
A01856,Database,15249468,Open,11437101.0
A01856,Security,14955357,Open,11216517.75
A01856,Applications,15089258,Open,11316943.5
A01857,Infrastructure,3821788,Open,2866341.0
A01857,Applications,7775844,Open,5831883.0
A01858,Infrastructure,14803328,Open,11102496.0
A01858,Analytics & Data,14630152,Open,10972614.0
A01858,Security,3265901,Open,2449425.75
A01858,Applications,15271092,Open,11453319.0
A01858,Integration,14935562,Open,11201671.5
A01859,AI & ML,4046688,Open,3035016.0
A01860,Database,14812059,Open,11109044.25
A01860,AI & ML,14613930,Open,10960447.5
A01860,Security,136374,Open,102280.5
A01860,Applications,15230679,Open,11423009.25
A01860,Integration,14945663,Open,11209247.25
A01861,Infrastructure,15018347,Open,11263760.25
A01861,Database,8428630,Open,6321472.5
A01861,Analytics & Data,6180547,Open,4635410.25
A01861,AI & ML,7757736,Open,5818302.0
A01861,Security,14790110,Open,11092582.5
A01861,Applications,8041247,Open,6030935.25
A01862,Database,153406,Open,115054.5
A01862,Integration,351579,Open,263684.25
A01863,AI & ML,6253108,Open,4689831.0
A01865,Infrastructure,4519487,Open,3389615.25
A01865,Database,15350743,Open,11513057.25
A01865,Analytics & Data,10270082,Open,7702561.5
A01865,AI & ML,15472575,Open,11604431.25
A01865,Security,14773485,Open,11080113.75
A01865,Applications,15101460,Open,11326095.0
A01865,Integration,9795530,Open,7346647.5
A01866,Integration,3261612,Open,2446209.0
A01867,Infrastructure,15386803,Open,11540102.25
A01867,Database,15215422,Open,11411566.5
A01867,Analytics & Data,9846948,Open,7385211.0
A01867,Security,14677867,Open,11008400.25
A01867,Applications,15428058,Open,11571043.5
A01867,Integration,1116363,Open,837272.25
A01868,Analytics & Data,753404,Open,565053.0
A01869,Integration,1798584,Open,1348938.0
A01870,Infrastructure,15161462,Open,11371096.5
A01870,Database,9357141,Open,7017855.75
A01870,AI & ML,10568008,Open,7926006.0
A01870,Applications,15440592,Open,11580444.0
A01870,Integration,14712546,Open,11034409.5
A01871,Database,1504840,Open,1128630.0
A01871,Analytics & Data,4953531,Open,3715148.25
A01871,AI & ML,7097812,Open,5323359.0
A01871,Security,15418344,Open,11563758.0
A01871,Applications,6983516,Open,5237637.0
A01871,Integration,6101114,Open,4575835.5
A01872,Applications,1096175,Open,822131.25
A01873,Infrastructure,14617329,Open,10962996.75
A01873,Analytics & Data,15281182,Open,11460886.5
A01873,AI & ML,14621734,Open,10966300.5
A01873,Applications,10274753,Open,7706064.75
A01874,Infrastructure,15189667,Open,11392250.25
A01874,Database,1644230,Open,1233172.5
A01874,Analytics & Data,8085105,Open,6063828.75
A01874,AI & ML,3796555,Open,2847416.25
A01874,Security,14707071,Open,11030303.25
A01874,Applications,14676668,Open,11007501.0
A01874,Integration,14842811,Open,11132108.25
A01875,Infrastructure,14770930,Open,11078197.5
A01875,Analytics & Data,6500655,Open,4875491.25
A01875,AI & ML,15126119,Open,11344589.25
A01875,Security,6148525,Open,4611393.75
A01875,Applications,11127235,Open,8345426.25
A01875,Integration,10351990,Open,7763992.5
A01876,Infrastructure,2100096,Open,1575072.0
A01876,Analytics & Data,14619024,Open,10964268.0
A01876,AI & ML,10962559,Open,8221919.25
A01876,Applications,4759465,Open,3569598.75
A01876,Integration,15155566,Open,11366674.5
A01877,Infrastructure,8843281,Open,6632460.75
A01877,Database,8926289,Open,6694716.75
A01877,Analytics & Data,15400651,Open,11550488.25
A01877,AI & ML,5716370,Open,4287277.5
A01877,Security,8194855,Open,6146141.25
A01877,Applications,14984893,Open,11238669.75
A01877,Integration,4903207,Open,3677405.25
A01878,Infrastructure,9599579,Open,7199684.25
A01878,Database,7891656,Open,5918742.0
A01878,Analytics & Data,15092058,Open,11319043.5
A01878,AI & ML,1516123,Open,1137092.25
A01878,Security,5461516,Open,4096137.0
A01878,Applications,14748236,Open,11061177.0
A01879,Database,3874017,Open,2905512.75
A01879,Analytics & Data,15235312,Open,11426484.0
A01879,AI & ML,2809637,Open,2107227.75
A01879,Integration,7807481,Open,5855610.75
A01880,Database,4541430,Open,3406072.5
A01880,Analytics & Data,2199645,Open,1649733.75
A01880,Applications,4465158,Open,3348868.5
A01880,Integration,14920957,Open,11190717.75
A01881,Security,3270519,Open,2452889.25
A01883,Infrastructure,15438368,Open,11578776.0
A01883,Database,14706962,Open,11030221.5
A01883,AI & ML,15271126,Open,11453344.5
A01883,Security,15138852,Open,11354139.0
A01883,Applications,14590152,Open,10942614.0
A01883,Integration,7136490,Open,5352367.5
A01884,Security,10458193,Open,7843644.75
A01885,AI & ML,8240629,Open,6180471.75
A01885,Integration,7430703,Open,5573027.25
A01886,Security,1662104,Open,1246578.0
A01887,Infrastructure,4463305,Open,3347478.75
A01887,AI & ML,15082396,Open,11311797.0
A01887,Security,4126738,Open,3095053.5
A01887,Applications,4165074,Open,3123805.5
A01888,AI & ML,9941757,Open,7456317.75
A01888,Security,10281529,Open,7711146.75
A01888,Integration,6585179,Open,4938884.25
A01889,Infrastructure,10687862,Open,8015896.5
A01889,Analytics & Data,14929781,Open,11197335.75
A01889,AI & ML,9440293,Open,7080219.75
A01889,Security,9765679,Open,7324259.25
A01889,Applications,15209537,Open,11407152.75
A01889,Integration,5451770,Open,4088827.5
A01890,Infrastructure,10887360,Open,8165520.0
A01890,AI & ML,4474502,Open,3355876.5
A01890,Integration,11014145,Open,8260608.75
A01891,Infrastructure,15301392,Open,11476044.0
A01891,Database,7778950,Open,5834212.5
A01891,Analytics & Data,6586424,Open,4939818.0
A01891,AI & ML,6553313,Open,4914984.75
A01891,Applications,15461328,Open,11595996.0
A01892,Security,9400802,Open,7050601.5
A01892,Applications,9861327,Open,7395995.25
A01893,Database,636423,Open,477317.25
A01894,Analytics & Data,15402046,Open,11551534.5
A01894,Security,5493443,Open,4120082.25
A01894,Integration,2137286,Open,1602964.5
A01895,Infrastructure,3212567,Open,2409425.25
A01895,Integration,1010549,Open,757911.75
A01896,Infrastructure,5188504,Open,3891378.0
A01896,Database,4328119,Open,3246089.25
A01896,Analytics & Data,15013927,Open,11260445.25
A01896,AI & ML,8439709,Open,6329781.75
A01896,Integration,8208374,Open,6156280.5
A01898,Analytics & Data,2894497,Open,2170872.75
A01899,Infrastructure,1150039,Open,862529.25
A01899,Database,10476642,Open,7857481.5
A01899,AI & ML,15161335,Open,11371001.25
A01899,Applications,9480201,Open,7110150.75
A01900,Database,14619862,Open,10964896.5
A01900,Analytics & Data,14644604,Open,10983453.0
A01900,Security,15383183,Open,11537387.25
A01900,Applications,751913,Open,563934.75
A01900,Integration,14699197,Open,11024397.75
A01901,Applications,2000232,Open,1500174.0
A01902,Database,3159058,Open,2369293.5
A01902,Integration,4130986,Open,3098239.5
A01903,Infrastructure,15279917,Open,11459937.75
A01903,Database,8232671,Open,6174503.25
A01903,AI & ML,5764442,Open,4323331.5
A01903,Security,14618032,Open,10963524.0
A01904,Applications,4618358,Open,3463768.5
A01905,Security,1950424,Open,1462818.0
A01906,Applications,9709922,Open,7282441.5
A01907,Infrastructure,4334624,Open,3250968.0
A01907,Analytics & Data,15085533,Open,11314149.75
A01907,Security,4107927,Open,3080945.25
A01907,Integration,2936103,Open,2202077.25
A01908,Analytics & Data,6643298,Open,4982473.5
A01909,Database,3967058,Open,2975293.5
A01909,Analytics & Data,5998742,Open,4499056.5
A01909,Security,6291135,Open,4718351.25
A01909,Applications,2557622,Open,1918216.5
A01909,Integration,7138289,Open,5353716.75
A01910,Infrastructure,14932929,Open,11199696.75
A01910,Analytics & Data,4774261,Open,3580695.75
A01910,AI & ML,15309531,Open,11482148.25
A01910,Security,15268184,Open,11451138.0
A01910,Applications,15003270,Open,11252452.5
A01910,Integration,10690257,Open,8017692.75
A01911,Infrastructure,6270021,Open,4702515.75
A01911,Applications,15454992,Open,11591244.0
A01911,Integration,9378929,Open,7034196.75
A01912,Analytics & Data,7246764,Open,5435073.0
A01912,AI & ML,14943240,Open,11207430.0
A01912,Security,8079996,Open,6059997.0
A01912,Applications,15146246,Open,11359684.5
A01913,Infrastructure,15414433,Open,11560824.75
A01913,Database,3298919,Open,2474189.25
A01913,Analytics & Data,8805547,Open,6604160.25
A01913,AI & ML,8582599,Open,6436949.25
A01913,Security,8393888,Open,6295416.0
A01913,Applications,6363757,Open,4772817.75
A01914,Database,15239842,Open,11429881.5
A01914,Analytics & Data,10608345,Open,7956258.75
A01914,AI & ML,3143969,Open,2357976.75
A01915,Database,7281251,Open,5460938.25
A01915,AI & ML,7967988,Open,5975991.0
A01915,Security,10426937,Open,7820202.75
A01916,Infrastructure,14974497,Open,11230872.75
A01916,Analytics & Data,14609087,Open,10956815.25
A01916,AI & ML,14830178,Open,11122633.5
A01916,Security,14582063,Open,10936547.25
A01916,Applications,14765752,Open,11074314.0
A01916,Integration,4837426,Open,3628069.5
A01918,Analytics & Data,9985035,Open,7488776.25
A01918,AI & ML,3698294,Open,2773720.5
A01918,Security,4939621,Open,3704715.75
A01919,Analytics & Data,3494666,Open,2620999.5
A01919,Integration,2298464,Open,1723848.0
A01921,Infrastructure,3129024,Open,2346768.0
A01921,Security,14619039,Open,10964279.25
A01921,Applications,2193016,Open,1644762.0
A01921,Integration,10843735,Open,8132801.25
A01922,Infrastructure,15271210,Open,11453407.5
A01922,Database,8547253,Open,6410439.75
A01922,AI & ML,14649418,Open,10987063.5
A01922,Applications,15054421,Open,11290815.75
A01922,Integration,14790315,Open,11092736.25
A01923,Infrastructure,107223,Open,80417.25
A01923,Analytics & Data,6479969,Open,4859976.75
A01923,AI & ML,6418895,Open,4814171.25
A01923,Security,14672859,Open,11004644.25
A01923,Applications,5171938,Open,3878953.5
A01923,Integration,15306344,Open,11479758.0
A01924,Security,675024,Open,506268.0
A01924,Integration,9275888,Open,6956916.0
A01925,Infrastructure,7332270,Open,5499202.5
A01925,Database,15374904,Open,11531178.0
A01925,Analytics & Data,6400443,Open,4800332.25
A01925,AI & ML,10792892,Open,8094669.0
A01925,Applications,6841395,Open,5131046.25
A01925,Integration,5478468,Open,4108851.0
A01926,Infrastructure,4956594,Open,3717445.5
A01926,Database,9319380,Open,6989535.0
A01926,Analytics & Data,6951093,Open,5213319.75
A01926,Applications,15069567,Open,11302175.25
A01927,Analytics & Data,2712918,Open,2034688.5
A01927,Integration,317281,Open,237960.75
A01929,Infrastructure,7580077,Open,5685057.75
A01929,Database,6090592,Open,4567944.0
A01929,Analytics & Data,14806019,Open,11104514.25
A01929,AI & ML,4268186,Open,3201139.5
A01929,Security,14999039,Open,11249279.25
A01929,Applications,5362324,Open,4021743.0
A01929,Integration,7965721,Open,5974290.75
A01930,Infrastructure,5598913,Open,4199184.75
A01930,Database,1484630,Open,1113472.5
A01930,AI & ML,15238650,Open,11428987.5
A01930,Security,10888884,Open,8166663.0
A01931,Analytics & Data,971272,Open,728454.0
A01931,Integration,9288990,Open,6966742.5
A01932,Infrastructure,15440837,Open,11580627.75
A01932,Database,10384744,Open,7788558.0
A01932,AI & ML,14685114,Open,11013835.5
A01932,Security,14898307,Open,11173730.25
A01932,Applications,15306515,Open,11479886.25
A01933,Infrastructure,8158450,Open,6118837.5
A01933,Database,14751889,Open,11063916.75
A01933,AI & ML,9324642,Open,6993481.5
A01933,Security,15312852,Open,11484639.0
A01933,Applications,11035750,Open,8276812.5
A01933,Integration,14814906,Open,11111179.5
A01934,Infrastructure,5356745,Open,4017558.75
A01934,Analytics & Data,3096106,Open,2322079.5
A01934,Applications,1715828,Open,1286871.0
A01935,Infrastructure,8777881,Open,6583410.75
A01935,Integration,15453224,Open,11589918.0
A01936,Database,3417059,Open,2562794.25
A01936,AI & ML,6653947,Open,4990460.25
A01937,Infrastructure,3174358,Open,2380768.5
A01937,Analytics & Data,10501949,Open,7876461.75
A01937,Security,8171079,Open,6128309.25
A01937,Applications,6617924,Open,4963443.0
A01937,Integration,15100120,Open,11325090.0
A01939,Infrastructure,5786576,Open,4339932.0
A01939,Applications,15247944,Open,11435958.0
A01941,Infrastructure,14734557,Open,11050917.75
A01941,Database,14582547,Open,10936910.25
A01941,Analytics & Data,14980560,Open,11235420.0
A01941,Security,8353471,Open,6265103.25
A01941,Applications,3546336,Open,2659752.0
A01941,Integration,14662424,Open,10996818.0
A01942,Infrastructure,7518122,Open,5638591.5
A01942,Database,9625764,Open,7219323.0
A01942,Analytics & Data,10894195,Open,8170646.25
A01942,Integration,3899253,Open,2924439.75
A01946,Infrastructure,2941976,Open,2206482.0
A01946,Database,6387669,Open,4790751.75
A01946,Analytics & Data,5162369,Open,3871776.75
A01946,AI & ML,5608693,Open,4206519.75
A01946,Applications,11017882,Open,8263411.5
A01946,Integration,15220517,Open,11415387.75
A01947,Database,2591684,Open,1943763.0
A01948,Database,254464,Open,190848.0
A01948,Analytics & Data,1129533,Open,847149.75
A01949,Infrastructure,6226186,Open,4669639.5
A01949,Database,14688474,Open,11016355.5
A01949,Analytics & Data,7790169,Open,5842626.75
A01949,Security,10668491,Open,8001368.25
A01949,Applications,15483931,Open,11612948.25
A01949,Integration,3893272,Open,2919954.0
A01950,Infrastructure,2012558,Open,1509418.5
A01950,Analytics & Data,607613,Open,455709.75
A01950,Security,2110012,Open,1582509.0
A01950,Integration,8906031,Open,6679523.25
A01951,Analytics & Data,5312254,Open,3984190.5
A01951,Security,4610144,Open,3457608.0
A01951,Integration,15331650,Open,11498737.5
A01952,Infrastructure,3289130,Open,2466847.5
A01952,Database,6496859,Open,4872644.25
A01952,Analytics & Data,7893140,Open,5919855.0
A01952,Security,6118322,Open,4588741.5
A01952,Integration,9248043,Open,6936032.25
A01953,Infrastructure,812905,Open,609678.75
A01953,Database,2392535,Open,1794401.25
A01953,Security,9245055,Open,6933791.25
A01953,Integration,8769984,Open,6577488.0
A01954,AI & ML,3208267,Open,2406200.25
A01954,Applications,5535741,Open,4151805.75
A01955,Integration,2706118,Open,2029588.5
A01956,AI & ML,10849014,Open,8136760.5
A01957,AI & ML,8640687,Open,6480515.25
A01957,Security,10740712,Open,8055534.0
A01957,Applications,1028098,Open,771073.5
A01958,Database,6864061,Open,5148045.75
A01958,Analytics & Data,9800002,Open,7350001.5
A01958,AI & ML,3561389,Open,2671041.75
A01958,Applications,6310653,Open,4732989.75
A01958,Integration,8009798,Open,6007348.5
A01959,Infrastructure,10453699,Open,7840274.25
A01959,Security,9372803,Open,7029602.25
A01959,Applications,11060835,Open,8295626.25
A01960,Infrastructure,10861848,Open,8146386.0
A01960,Database,7694989,Open,5771241.75
A01960,Analytics & Data,14730968,Open,11048226.0
A01960,Security,6216037,Open,4662027.75
A01960,Integration,8123077,Open,6092307.75
A01961,Infrastructure,14992692,Open,11244519.0
A01961,Database,14689575,Open,11017181.25
A01961,Analytics & Data,11153107,Open,8364830.25
A01961,Security,11002875,Open,8252156.25
A01961,Applications,5280933,Open,3960699.75
A01961,Integration,14873766,Open,11155324.5
A01962,Database,768873,Open,576654.75
A01963,Database,1484637,Open,1113477.75
A01963,AI & ML,642018,Open,481513.5
A01963,Security,2809922,Open,2107441.5
A01963,Applications,8855408,Open,6641556.0
A01963,Integration,9711710,Open,7283782.5
A01964,Database,218205,Open,163653.75
A01964,Security,658088,Open,493566.0
A01965,Infrastructure,14690925,Open,11018193.75
A01965,Database,14662655,Open,10996991.25
A01965,AI & ML,9522610,Open,7141957.5
A01965,Applications,5600122,Open,4200091.5
A01965,Integration,6925884,Open,5194413.0
A01966,Analytics & Data,275636,Open,206727.0
A01967,Infrastructure,961401,Open,721050.75
A01968,Infrastructure,355622,Open,266716.5
A01968,Analytics & Data,8745136,Open,6558852.0
A01968,Applications,4693526,Open,3520144.5
A01968,Integration,2842630,Open,2131972.5
A01969,AI & ML,3038844,Open,2279133.0
A01969,Security,5868422,Open,4401316.5
A01970,AI & ML,1915890,Open,1436917.5
A01972,Infrastructure,10620569,Open,7965426.75
A01972,Database,2815966,Open,2111974.5
A01974,Database,2957781,Open,2218335.75
A01974,Integration,1308930,Open,981697.5
A01975,Infrastructure,9062651,Open,6796988.25
A01975,Database,10032937,Open,7524702.75
A01975,AI & ML,4152608,Open,3114456.0
A01975,Applications,4032707,Open,3024530.25
A01976,Infrastructure,15040997,Open,11280747.75
A01976,Database,14966682,Open,11225011.5
A01976,Analytics & Data,14984164,Open,11238123.0
A01976,AI & ML,15417934,Open,11563450.5
A01976,Applications,14907146,Open,11180359.5
A01976,Integration,15370838,Open,11528128.5
A01977,Infrastructure,4252942,Open,3189706.5
A01977,Database,8443981,Open,6332985.75
A01977,Analytics & Data,8291775,Open,6218831.25
A01977,AI & ML,3928652,Open,2946489.0
A01977,Security,4492374,Open,3369280.5
A01977,Applications,15325541,Open,11494155.75
A01977,Integration,1947599,Open,1460699.25
A01978,Infrastructure,1539578,Open,1154683.5
A01978,Database,10345692,Open,7759269.0
A01978,Analytics & Data,14733114,Open,11049835.5
A01978,AI & ML,3411401,Open,2558550.75
A01978,Security,15157450,Open,11368087.5
A01978,Applications,15219884,Open,11414913.0
A01978,Integration,15313929,Open,11485446.75
A01979,Infrastructure,15283267,Open,11462450.25
A01979,Database,15235332,Open,11426499.0
A01979,Analytics & Data,14595746,Open,10946809.5
A01979,AI & ML,7804602,Open,5853451.5
A01979,Security,15151787,Open,11363840.25
A01979,Applications,14601796,Open,10951347.0
A01979,Integration,15023902,Open,11267926.5
A01980,Infrastructure,5267745,Open,3950808.75
A01980,AI & ML,9834160,Open,7375620.0
A01980,Security,5097161,Open,3822870.75
A01980,Integration,4117910,Open,3088432.5
A01981,Infrastructure,10412665,Open,7809498.75
A01981,Database,2008706,Open,1506529.5
A01981,Analytics & Data,4627534,Open,3470650.5
A01981,AI & ML,14942261,Open,11206695.75
A01981,Security,10453015,Open,7839761.25
A01981,Applications,4809166,Open,3606874.5
A01981,Integration,2003890,Open,1502917.5
A01983,Database,1587199,Open,1190399.25
A01983,Security,632628,Open,474471.0
A01985,Infrastructure,11124109,Open,8343081.75
A01985,Analytics & Data,9414086,Open,7060564.5
A01985,Applications,642512,Open,481884.0
A01986,Infrastructure,2831540,Open,2123655.0
A01986,Security,15251420,Open,11438565.0
A01986,Applications,15466665,Open,11599998.75
A01986,Integration,15256201,Open,11442150.75
A01988,Infrastructure,14913241,Open,11184930.75
A01988,Database,7694966,Open,5771224.5
A01988,Analytics & Data,15084699,Open,11313524.25
A01988,AI & ML,14813686,Open,11110264.5
A01988,Security,15307333,Open,11480499.75
A01988,Applications,14850185,Open,11137638.75
A01988,Integration,14713745,Open,11035308.75
A01989,Database,2336950,Open,1752712.5
A01989,Analytics & Data,2342349,Open,1756761.75
A01989,Integration,4090226,Open,3067669.5
A01990,Infrastructure,1550449,Open,1162836.75
A01990,Database,4252033,Open,3189024.75
A01990,Analytics & Data,9653602,Open,7240201.5
A01990,AI & ML,9750078,Open,7312558.5
A01990,Security,15341883,Open,11506412.25
A01990,Integration,9541512,Open,7156134.0
A01991,Infrastructure,15316936,Open,11487702.0
A01991,Database,15463651,Open,11597738.25
A01991,Analytics & Data,15192034,Open,11394025.5
A01991,AI & ML,4681961,Open,3511470.75
A01991,Security,3331869,Open,2498901.75
A01991,Applications,14974277,Open,11230707.75
A01994,Integration,3376831,Open,2532623.25
A01995,AI & ML,257026,Open,192769.5
A01995,Security,7401189,Open,5550891.75
A01996,Infrastructure,2900192,Open,2175144.0
A01997,Infrastructure,9704795,Open,7278596.25
A01997,Database,6715970,Open,5036977.5
A01997,Analytics & Data,14652841,Open,10989630.75
A01997,Security,14743407,Open,11057555.25
A01997,Applications,9541979,Open,7156484.25
A01997,Integration,15023924,Open,11267943.0
A01998,Infrastructure,15175391,Open,11381543.25
A01998,Analytics & Data,14963095,Open,11222321.25
A01998,Security,6875489,Open,5156616.75
A01998,Applications,5458489,Open,4093866.75
A01998,Integration,10297627,Open,7723220.25
A01999,Database,7793042,Open,5844781.5
A02000,Infrastructure,15367531,Open,11525648.25
A02000,Database,14847419,Open,11135564.25
A02000,AI & ML,5291260,Open,3968445.0
A02000,Security,15049612,Open,11287209.0
A02000,Applications,4098146,Open,3073609.5
A02000,Integration,15025769,Open,11269326.75
A02001,Applications,1847434,Open,1385575.5
A02002,Analytics & Data,9080256,Open,6810192.0
A02003,Infrastructure,15463705,Open,11597778.75
A02003,Database,15116247,Open,11337185.25
A02003,Analytics & Data,6381079,Open,4785809.25
A02003,AI & ML,14764927,Open,11073695.25
A02003,Security,15250738,Open,11438053.5
A02003,Applications,7364963,Open,5523722.25
A02003,Integration,9289201,Open,6966900.75
A02004,Infrastructure,15383419,Open,11537564.25
A02004,Analytics & Data,15044154,Open,11283115.5
A02004,AI & ML,15137159,Open,11352869.25
A02004,Security,14874342,Open,11155756.5
A02004,Applications,15005877,Open,11254407.75
A02004,Integration,15476419,Open,11607314.25
A02005,Infrastructure,1603432,Open,1202574.0
A02005,Analytics & Data,2936147,Open,2202110.25
A02005,AI & ML,3507481,Open,2630610.75
A02006,AI & ML,5097150,Open,3822862.5
A02006,Security,10132564,Open,7599423.0
A02007,Analytics & Data,8275902,Open,6206926.5
A02007,Security,5605435,Open,4204076.25
A02008,Security,6608100,Open,4956075.0
A02008,Integration,6402182,Open,4801636.5
A02009,Database,9327923,Open,6995942.25
A02009,Analytics & Data,14649030,Open,10986772.5
A02009,Security,14578837,Open,10934127.75
A02009,Applications,5796321,Open,4347240.75
A02009,Integration,5130080,Open,3847560.0
A02010,Applications,2442467,Open,1831850.25
A02011,Infrastructure,15346669,Open,11510001.75
A02011,Database,14582922,Open,10937191.5
A02011,Analytics & Data,15243408,Open,11432556.0
A02011,AI & ML,14762924,Open,11072193.0
A02011,Security,4674127,Open,3505595.25
A02011,Applications,15410418,Open,11557813.5
A02012,AI & ML,1512902,Open,1134676.5
A02012,Security,3964518,Open,2973388.5
A02012,Applications,6529539,Open,4897154.25
A02012,Integration,4949102,Open,3711826.5
A02013,Security,3086238,Open,2314678.5
A02014,Analytics & Data,568599,Open,426449.25
A02014,Applications,8123258,Open,6092443.5
A02015,Infrastructure,9009185,Open,6756888.75
A02015,Database,4719867,Open,3539900.25
A02015,Analytics & Data,9530419,Open,7147814.25
A02015,Security,8181680,Open,6136260.0
A02015,Applications,796415,Open,597311.25
A02016,Infrastructure,14670771,Open,11003078.25
A02016,Database,3799502,Open,2849626.5
A02016,Analytics & Data,14779137,Open,11084352.75
A02016,AI & ML,14884925,Open,11163693.75
A02016,Security,10956160,Open,8217120.0
A02016,Applications,15274019,Open,11455514.25
A02017,Infrastructure,1450770,Open,1088077.5
A02019,Database,10985732,Open,8239299.0
A02019,Analytics & Data,3650438,Open,2737828.5
A02020,Infrastructure,4856564,Open,3642423.0
A02020,Database,9500412,Open,7125309.0
A02020,Analytics & Data,5864870,Open,4398652.5
A02020,AI & ML,7376543,Open,5532407.25
A02020,Security,2914423,Open,2185817.25
A02020,Integration,2718767,Open,2039075.25
A02021,Infrastructure,15335525,Open,11501643.75
A02021,Database,6092092,Open,4569069.0
A02021,Analytics & Data,15319086,Open,11489314.5
A02021,AI & ML,15398161,Open,11548620.75
A02021,Security,14570255,Open,10927691.25
A02021,Applications,7175339,Open,5381504.25
A02022,Infrastructure,1171119,Open,878339.25
A02023,Infrastructure,9093501,Open,6820125.75
A02023,Database,1903134,Open,1427350.5
A02024,Integration,7702606,Open,5776954.5
A02025,Infrastructure,15319682,Open,11489761.5
A02025,Analytics & Data,15384390,Open,11538292.5
A02025,AI & ML,14921465,Open,11191098.75
A02025,Security,5251244,Open,3938433.0
A02025,Applications,15402419,Open,11551814.25
A02025,Integration,9842136,Open,7381602.0
A02026,Infrastructure,4247235,Open,3185426.25
A02026,Integration,9471718,Open,7103788.5
A02027,Analytics & Data,1934571,Open,1450928.25
A02027,Security,10468767,Open,7851575.25
A02027,Applications,2278740,Open,1709055.0
A02028,Security,2297929,Open,1723446.75
A02029,Infrastructure,5145414,Open,3859060.5
A02029,Database,3058540,Open,2293905.0
A02029,Security,7185575,Open,5389181.25
A02029,Applications,7512081,Open,5634060.75
A02029,Integration,6831215,Open,5123411.25
A02030,AI & ML,3438565,Open,2578923.75
A02030,Security,8740748,Open,6555561.0
A02030,Applications,1969366,Open,1477024.5
A02031,Infrastructure,15403502,Open,11552626.5
A02031,Database,14716597,Open,11037447.75
A02031,Analytics & Data,6570984,Open,4928238.0
A02031,AI & ML,7427775,Open,5570831.25
A02031,Security,15484531,Open,11613398.25
A02031,Applications,7453768,Open,5590326.0
A02031,Integration,15067391,Open,11300543.25
A02032,Database,9096204,Open,6822153.0
A02032,Analytics & Data,7622188,Open,5716641.0
A02032,AI & ML,14887241,Open,11165430.75
A02032,Applications,5043060,Open,3782295.0
A02033,Infrastructure,2774248,Open,2080686.0
A02033,Security,5692631,Open,4269473.25
A02033,Integration,3204743,Open,2403557.25
A02034,Infrastructure,1957523,Open,1468142.25
A02034,Database,3299390,Open,2474542.5
A02035,Infrastructure,9590788,Open,7193091.0
A02035,Database,1085373,Open,814029.75
A02035,Integration,746109,Open,559581.75
A02036,Infrastructure,4705941,Open,3529455.75
A02036,Database,6964545,Open,5223408.75
A02036,Integration,10829667,Open,8122250.25
A02037,Infrastructure,8922315,Open,6691736.25
A02037,Database,9664846,Open,7248634.5
A02037,Analytics & Data,3896667,Open,2922500.25
A02037,AI & ML,10040854,Open,7530640.5
A02037,Applications,15315450,Open,11486587.5
A02039,Security,8311150,Open,6233362.5
A02040,Infrastructure,2794563,Open,2095922.25
A02040,Database,2608940,Open,1956705.0
A02041,Infrastructure,9075122,Open,6806341.5
A02041,Database,10590800,Open,7943100.0
A02041,Analytics & Data,15293274,Open,11469955.5
A02042,AI & ML,10793817,Open,8095362.75
A02042,Applications,8289499,Open,6217124.25
A02043,Database,1358892,Open,1019169.0
A02044,Infrastructure,10350861,Open,7763145.75
A02044,Database,7373329,Open,5529996.75
A02044,AI & ML,8491714,Open,6368785.5
A02044,Security,3728343,Open,2796257.25
A02044,Applications,9685555,Open,7264166.25
A02044,Integration,11087860,Open,8315895.0
A02045,Applications,2266148,Open,1699611.0
A02046,Infrastructure,14718181,Open,11038635.75
A02046,Database,10530162,Open,7897621.5
A02046,Analytics & Data,15047864,Open,11285898.0
A02046,Security,15224473,Open,11418354.75
A02046,Applications,4239553,Open,3179664.75
A02046,Integration,14837280,Open,11127960.0
A02047,Infrastructure,5686604,Open,4264953.0
A02047,Database,14682517,Open,11011887.75
A02047,Analytics & Data,15397844,Open,11548383.0
A02047,AI & ML,7255337,Open,5441502.75
A02047,Integration,14847596,Open,11135697.0
A02048,Infrastructure,3719931,Open,2789948.25
A02048,Database,6951678,Open,5213758.5
A02048,Analytics & Data,4345672,Open,3259254.0
A02048,Security,14934450,Open,11200837.5
A02048,Applications,7950294,Open,5962720.5
A02049,Infrastructure,4185642,Open,3139231.5
A02049,Database,10866410,Open,8149807.5
A02049,Analytics & Data,4523698,Open,3392773.5
A02049,AI & ML,15282531,Open,11461898.25
A02049,Security,3592656,Open,2694492.0
A02049,Applications,7713068,Open,5784801.0
A02049,Integration,6262954,Open,4697215.5
A02050,Infrastructure,14827817,Open,11120862.75
A02050,Analytics & Data,14757750,Open,11068312.5
A02050,Security,15332070,Open,11499052.5
A02050,Applications,15378133,Open,11533599.75
A02050,Integration,15382371,Open,11536778.25
A02051,Security,6112164,Open,4584123.0
A02051,Integration,1364923,Open,1023692.25
A02052,Database,14853904,Open,11140428.0
A02052,Integration,10608853,Open,7956639.75
A02053,Analytics & Data,7651150,Open,5738362.5
A02053,AI & ML,6995199,Open,5246399.25
A02053,Applications,6434191,Open,4825643.25
A02054,Database,485743,Open,364307.25
A02054,Analytics & Data,4340487,Open,3255365.25
A02054,Security,1382112,Open,1036584.0
A02054,Applications,2568425,Open,1926318.75
A02054,Integration,9346501,Open,7009875.75
A02055,Infrastructure,15023571,Open,11267678.25
A02055,Database,14988754,Open,11241565.5
A02055,Analytics & Data,14774348,Open,11080761.0
A02055,AI & ML,14980910,Open,11235682.5
A02055,Security,15265898,Open,11449423.5
A02055,Applications,14633555,Open,10975166.25
A02055,Integration,15281027,Open,11460770.25
A02056,Infrastructure,15149888,Open,11362416.0
A02056,Database,5002393,Open,3751794.75
A02056,AI & ML,3726263,Open,2794697.25
A02056,Applications,4379992,Open,3284994.0
A02057,Infrastructure,8480264,Open,6360198.0
A02057,AI & ML,15333468,Open,11500101.0
A02057,Security,6627363,Open,4970522.25
A02057,Applications,7823928,Open,5867946.0
A02057,Integration,7057485,Open,5293113.75
A02058,AI & ML,1780945,Open,1335708.75
A02058,Security,7007209,Open,5255406.75
A02059,Security,3243989,Open,2432991.75
A02060,Analytics & Data,7273039,Open,5454779.25
A02060,AI & ML,1073163,Open,804872.25
A02061,Database,14964075,Open,11223056.25
A02061,Analytics & Data,15347090,Open,11510317.5
A02061,Security,15461935,Open,11596451.25
A02062,Infrastructure,956041,Open,717030.75
A02062,Database,2317405,Open,1738053.75
A02062,AI & ML,3430803,Open,2573102.25
A02062,Security,6918757,Open,5189067.75
A02062,Applications,3067838,Open,2300878.5
A02063,Infrastructure,2582198,Open,1936648.5
A02063,Database,2460741,Open,1845555.75
A02063,Security,1934261,Open,1450695.75
A02064,Infrastructure,9863818,Open,7397863.5
A02064,Analytics & Data,901502,Open,676126.5
A02064,AI & ML,7506240,Open,5629680.0
A02064,Security,6258902,Open,4694176.5
A02064,Applications,14662195,Open,10996646.25
A02064,Integration,15462981,Open,11597235.75
A02065,Database,15033089,Open,11274816.75
A02065,AI & ML,4879906,Open,3659929.5
A02065,Integration,3020289,Open,2265216.75
A02066,Infrastructure,8445027,Open,6333770.25
A02066,Analytics & Data,14644839,Open,10983629.25
A02066,AI & ML,1308202,Open,981151.5
A02066,Security,882846,Open,662134.5
A02066,Integration,15143030,Open,11357272.5
A02067,Infrastructure,15487495,Open,11615621.25
A02067,Database,1325998,Open,994498.5
A02067,Analytics & Data,14657179,Open,10992884.25
A02067,AI & ML,14674813,Open,11006109.75
A02067,Security,15059530,Open,11294647.5
A02067,Applications,14661567,Open,10996175.25
A02067,Integration,15243695,Open,11432771.25
A02068,Infrastructure,6510043,Open,4882532.25
A02068,Database,6986019,Open,5239514.25
A02068,Analytics & Data,15417542,Open,11563156.5
A02068,AI & ML,15251074,Open,11438305.5
A02068,Security,8074398,Open,6055798.5
A02068,Applications,3926460,Open,2944845.0
A02068,Integration,15160784,Open,11370588.0
A02070,Applications,3313989,Open,2485491.75
A02070,Integration,567695,Open,425771.25
A02071,Infrastructure,15041235,Open,11280926.25
A02071,Security,2308581,Open,1731435.75
A02071,Applications,14572571,Open,10929428.25
A02071,Integration,15356388,Open,11517291.0
A02072,Database,15488211,Open,11616158.25
A02072,Analytics & Data,10849960,Open,8137470.0
A02072,AI & ML,14996280,Open,11247210.0
A02072,Security,5732472,Open,4299354.0
A02072,Applications,7592165,Open,5694123.75
A02073,Infrastructure,2387942,Open,1790956.5
A02073,AI & ML,3700121,Open,2775090.75
A02073,Security,10882717,Open,8162037.75
A02073,Integration,8709240,Open,6531930.0
A02074,Infrastructure,15458475,Open,11593856.25
A02074,Database,14872102,Open,11154076.5
A02074,Analytics & Data,15105692,Open,11329269.0
A02074,AI & ML,4480901,Open,3360675.75
A02074,Applications,5534133,Open,4150599.75
A02074,Integration,14785837,Open,11089377.75
A02075,Database,7091052,Open,5318289.0
A02075,Analytics & Data,15343706,Open,11507779.5
A02075,AI & ML,15352702,Open,11514526.5
A02075,Security,6826653,Open,5119989.75
A02075,Integration,15384254,Open,11538190.5
A02076,Analytics & Data,2672541,Open,2004405.75
A02077,Infrastructure,14945781,Open,11209335.75
A02077,Analytics & Data,1563389,Open,1172541.75
A02077,Security,7491001,Open,5618250.75
A02079,Analytics & Data,10066996,Open,7550247.0
A02079,AI & ML,10610831,Open,7958123.25
A02079,Applications,2323974,Open,1742980.5
A02079,Integration,15357043,Open,11517782.25
A02080,Infrastructure,5919221,Open,4439415.75
A02080,Database,15289375,Open,11467031.25
A02080,Analytics & Data,5833443,Open,4375082.25
A02080,AI & ML,6196490,Open,4647367.5
A02080,Security,8078112,Open,6058584.0
A02080,Applications,14986871,Open,11240153.25
A02080,Integration,9219163,Open,6914372.25
A02081,Infrastructure,7003970,Open,5252977.5
A02081,Database,7057079,Open,5292809.25
A02081,Analytics & Data,15487695,Open,11615771.25
A02081,AI & ML,8296639,Open,6222479.25
A02081,Security,1104542,Open,828406.5
A02082,Infrastructure,898405,Open,673803.75
A02082,Database,7193490,Open,5395117.5
A02082,Analytics & Data,6480715,Open,4860536.25
A02082,Security,1692217,Open,1269162.75
A02082,Integration,7596592,Open,5697444.0
A02083,Database,1317935,Open,988451.25
A02084,Applications,8382709,Open,6287031.75
A02085,Infrastructure,14822714,Open,11117035.5
A02085,Database,15404812,Open,11553609.0
A02085,Analytics & Data,10395473,Open,7796604.75
A02085,Integration,6824816,Open,5118612.0
A02086,Database,2880177,Open,2160132.75
A02086,AI & ML,142446,Open,106834.5
A02087,AI & ML,15108845,Open,11331633.75
A02087,Applications,15394367,Open,11545775.25
A02087,Integration,7194270,Open,5395702.5
A02088,AI & ML,1587252,Open,1190439.0
A02088,Security,9041710,Open,6781282.5
A02088,Applications,14723774,Open,11042830.5
A02088,Integration,9108309,Open,6831231.75
A02089,Infrastructure,14681979,Open,11011484.25
A02089,Database,3679853,Open,2759889.75
A02089,Analytics & Data,14885566,Open,11164174.5
A02089,AI & ML,10912236,Open,8184177.0
A02089,Security,15415652,Open,11561739.0
A02089,Applications,15027040,Open,11270280.0
A02090,Integration,6285355,Open,4714016.25
A02091,Infrastructure,5353181,Open,4014885.75
A02091,Database,10553449,Open,7915086.75
A02091,Analytics & Data,3977843,Open,2983382.25
A02091,Security,15266588,Open,11449941.0
A02091,Applications,8703551,Open,6527663.25
A02091,Integration,9795238,Open,7346428.5
A02092,Database,2384978,Open,1788733.5
A02092,Security,6314351,Open,4735763.25
A02092,Integration,4630724,Open,3473043.0
A02093,AI & ML,4778602,Open,3583951.5
A02093,Security,3972910,Open,2979682.5
A02093,Integration,908547,Open,681410.25
A02094,Infrastructure,15184272,Open,11388204.0
A02094,Database,8398408,Open,6298806.0
A02094,Security,5135450,Open,3851587.5
A02094,Applications,15176582,Open,11382436.5
A02094,Integration,7941458,Open,5956093.5
A02095,Database,2139051,Open,1604288.25
A02095,Analytics & Data,1205600,Open,904200.0
A02095,Security,3443901,Open,2582925.75
A02095,Applications,4431588,Open,3323691.0
A02096,Infrastructure,9157850,Open,6868387.5
A02096,Analytics & Data,3289880,Open,2467410.0
A02096,Applications,9374414,Open,7030810.5
A02096,Integration,15120996,Open,11340747.0
A02097,Infrastructure,14634108,Open,10975581.0
A02097,Database,6568981,Open,4926735.75
A02097,Analytics & Data,8804346,Open,6603259.5
A02097,AI & ML,6204588,Open,4653441.0
A02097,Applications,3508636,Open,2631477.0
A02097,Integration,15347067,Open,11510300.25
A02098,Database,1548955,Open,1161716.25
A02098,Analytics & Data,3283480,Open,2462610.0
A02098,Applications,1199282,Open,899461.5
A02099,Database,2315462,Open,1736596.5
A02100,Database,6358985,Open,4769238.75
A02100,Security,4967763,Open,3725822.25
A02101,AI & ML,10927758,Open,8195818.5
A02101,Applications,3606146,Open,2704609.5
A02102,Infrastructure,9902092,Open,7426569.0
A02102,Database,15289568,Open,11467176.0
A02104,Database,1062054,Open,796540.5
A02104,Analytics & Data,1898826,Open,1424119.5
A02104,AI & ML,10655680,Open,7991760.0
A02105,Analytics & Data,445938,Open,334453.5
A02105,AI & ML,4370936,Open,3278202.0
A02106,Infrastructure,14677412,Open,11008059.0
A02106,Database,15222358,Open,11416768.5
A02106,Analytics & Data,15232648,Open,11424486.0
A02106,Security,15494444,Open,11620833.0
A02106,Applications,15142272,Open,11356704.0
A02106,Integration,5756781,Open,4317585.75
A02107,Infrastructure,15493656,Open,11620242.0
A02107,Database,5002186,Open,3751639.5
A02107,AI & ML,15333327,Open,11499995.25
A02107,Security,6119012,Open,4589259.0
A02107,Applications,14839397,Open,11129547.75
A02108,Database,10561975,Open,7921481.25
A02108,Security,669953,Open,502464.75
A02108,Integration,1389348,Open,1042011.0
A02109,Database,2245127,Open,1683845.25
A02109,Analytics & Data,3073757,Open,2305317.75
A02109,AI & ML,9286463,Open,6964847.25
A02109,Security,502581,Open,376935.75
A02111,Analytics & Data,5455734,Open,4091800.5
A02111,Integration,9756011,Open,7317008.25
A02112,Applications,712792,Open,534594.0
A02113,Infrastructure,10907352,Open,8180514.0
A02113,Database,5687229,Open,4265421.75
A02113,Analytics & Data,8992147,Open,6744110.25
A02113,AI & ML,14857800,Open,11143350.0
A02113,Security,14983281,Open,11237460.75
A02113,Applications,1330877,Open,998157.75
A02113,Integration,4304585,Open,3228438.75
A02114,Infrastructure,15007298,Open,11255473.5
A02114,Database,15396269,Open,11547201.75
A02114,Analytics & Data,15229668,Open,11422251.0
A02114,AI & ML,7537105,Open,5652828.75
A02114,Security,14617465,Open,10963098.75
A02114,Applications,15060094,Open,11295070.5
A02114,Integration,6295223,Open,4721417.25
A02115,Infrastructure,7264061,Open,5448045.75
A02115,Database,14915959,Open,11186969.25
A02115,AI & ML,15140445,Open,11355333.75
A02115,Security,8884359,Open,6663269.25
A02115,Applications,4779234,Open,3584425.5
A02115,Integration,7321417,Open,5491062.75
A02117,Infrastructure,4924011,Open,3693008.25
A02117,Analytics & Data,5444049,Open,4083036.75
A02118,Infrastructure,4002804,Open,3002103.0
A02118,Database,15088104,Open,11316078.0
A02119,Database,10882128,Open,8161596.0
A02119,Security,1552943,Open,1164707.25
A02120,Database,2344439,Open,1758329.25
A02121,Infrastructure,5970595,Open,4477946.25
A02121,Database,15156841,Open,11367630.75
A02121,Analytics & Data,14731746,Open,11048809.5
A02121,AI & ML,14751156,Open,11063367.0
A02121,Security,14577341,Open,10933005.75
A02121,Applications,3556172,Open,2667129.0
A02121,Integration,5852107,Open,4389080.25
A02122,Infrastructure,8487435,Open,6365576.25
A02122,Database,7902058,Open,5926543.5
A02123,Database,10073408,Open,7555056.0
A02123,Analytics & Data,14742104,Open,11056578.0
A02123,Security,5319567,Open,3989675.25
A02123,Applications,10561813,Open,7921359.75
A02125,AI & ML,1943001,Open,1457250.75
A02126,Database,8255614,Open,6191710.5
A02126,Analytics & Data,7551842,Open,5663881.5
A02126,Applications,2905949,Open,2179461.75
A02126,Integration,2246648,Open,1684986.0
A02127,Database,5810251,Open,4357688.25
A02127,AI & ML,8004602,Open,6003451.5
A02127,Security,15000919,Open,11250689.25
A02127,Integration,9461082,Open,7095811.5
A02128,Infrastructure,4964674,Open,3723505.5
A02128,Analytics & Data,4701561,Open,3526170.75
A02128,Integration,7419447,Open,5564585.25
A02129,Infrastructure,2668500,Open,2001375.0
A02129,Security,15173652,Open,11380239.0
A02129,Applications,3121971,Open,2341478.25
A02129,Integration,6677615,Open,5008211.25
A02130,Infrastructure,15285389,Open,11464041.75
A02130,Database,15249099,Open,11436824.25
A02130,Analytics & Data,5616482,Open,4212361.5
A02130,AI & ML,15479984,Open,11609988.0
A02130,Security,10235654,Open,7676740.5
A02130,Applications,15302341,Open,11476755.75
A02130,Integration,9480708,Open,7110531.0
A02131,Infrastructure,3791071,Open,2843303.25
A02131,Database,5560248,Open,4170186.0
A02131,Analytics & Data,1606749,Open,1205061.75
A02131,AI & ML,9373914,Open,7030435.5
A02132,Infrastructure,2438131,Open,1828598.25
A02132,Integration,10427185,Open,7820388.75
A02133,Security,5110632,Open,3832974.0
A02133,Applications,9963133,Open,7472349.75
A02134,Infrastructure,15029341,Open,11272005.75
A02134,Database,9299918,Open,6974938.5
A02134,Analytics & Data,4429859,Open,3322394.25
A02134,Security,15068744,Open,11301558.0
A02134,Applications,15475850,Open,11606887.5
A02134,Integration,14579605,Open,10934703.75
A02135,Infrastructure,10032856,Open,7524642.0
A02135,Database,15399110,Open,11549332.5
A02135,AI & ML,15102467,Open,11326850.25
A02135,Security,10858092,Open,8143569.0
A02135,Integration,7657866,Open,5743399.5
A02136,Analytics & Data,372878,Open,279658.5
A02138,Analytics & Data,2118225,Open,1588668.75
A02138,AI & ML,1163901,Open,872925.75
A02138,Security,5704263,Open,4278197.25
A02138,Applications,8059606,Open,6044704.5
A02139,Infrastructure,15462596,Open,11596947.0
A02139,Database,5317105,Open,3987828.75
A02139,Integration,14933494,Open,11200120.5
A02140,Infrastructure,3259153,Open,2444364.75
A02140,Database,15220006,Open,11415004.5
A02140,Analytics & Data,14854017,Open,11140512.75
A02140,AI & ML,15401058,Open,11550793.5
A02140,Applications,9199897,Open,6899922.75
A02140,Integration,10781342,Open,8086006.5
A02141,Infrastructure,4798119,Open,3598589.25
A02141,Analytics & Data,15315402,Open,11486551.5
A02141,AI & ML,10228525,Open,7671393.75
A02141,Security,15245520,Open,11434140.0
A02141,Applications,14612692,Open,10959519.0
A02141,Integration,1821393,Open,1366044.75
A02142,Infrastructure,6972109,Open,5229081.75
A02142,Analytics & Data,1219871,Open,914903.25
A02142,Security,716855,Open,537641.25
A02142,Applications,666376,Open,499782.0
A02143,Infrastructure,7073651,Open,5305238.25
A02143,Analytics & Data,14971588,Open,11228691.0
A02143,AI & ML,15365849,Open,11524386.75
A02143,Security,11038017,Open,8278512.75
A02143,Applications,4824484,Open,3618363.0
A02144,Infrastructure,5706330,Open,4279747.5
A02144,Database,14592312,Open,10944234.0
A02144,Analytics & Data,5018635,Open,3763976.25
A02144,Applications,9932527,Open,7449395.25
A02145,Infrastructure,4397583,Open,3298187.25
A02145,Database,5605487,Open,4204115.25
A02145,Analytics & Data,4108352,Open,3081264.0
A02145,Security,14958855,Open,11219141.25
A02145,Applications,7157715,Open,5368286.25
A02145,Integration,10403984,Open,7802988.0
A02146,Infrastructure,1537204,Open,1152903.0
A02146,Database,8861648,Open,6646236.0
A02147,Security,7429115,Open,5571836.25
A02147,Applications,3595557,Open,2696667.75
A02148,Analytics & Data,3265360,Open,2449020.0
A02149,Infrastructure,4354921,Open,3266190.75
A02149,Database,2083726,Open,1562794.5
A02149,Security,3923695,Open,2942771.25
A02150,AI & ML,6033103,Open,4524827.25
A02150,Integration,10810328,Open,8107746.0
A02151,Infrastructure,15069308,Open,11301981.0
A02151,Database,10951242,Open,8213431.5
A02151,Analytics & Data,1913163,Open,1434872.25
A02151,AI & ML,14789271,Open,11091953.25
A02151,Applications,15115172,Open,11336379.0
A02151,Integration,8104209,Open,6078156.75
A02152,Analytics & Data,2070812,Open,1553109.0
A02153,AI & ML,4191059,Open,3143294.25
A02153,Integration,2808783,Open,2106587.25
A02154,Analytics & Data,6223975,Open,4667981.25
A02156,Analytics & Data,1633291,Open,1224968.25
A02156,Integration,3815689,Open,2861766.75
A02157,AI & ML,5359335,Open,4019501.25
A02157,Applications,14973139,Open,11229854.25
A02157,Integration,10988554,Open,8241415.5
A02158,Infrastructure,9021647,Open,6766235.25
A02158,Database,5577550,Open,4183162.5
A02158,Security,14983221,Open,11237415.75
A02158,Applications,10164616,Open,7623462.0
A02159,Applications,307958,Open,230968.5
A02159,Integration,2413830,Open,1810372.5
A02160,Infrastructure,10151808,Open,7613856.0
A02160,Database,6708279,Open,5031209.25
A02160,AI & ML,4785795,Open,3589346.25
A02160,Security,15407201,Open,11555400.75
A02160,Applications,5193890,Open,3895417.5
A02161,Security,1220088,Open,915066.0
A02162,Infrastructure,7743739,Open,5807804.25
A02162,Database,15290567,Open,11467925.25
A02162,Analytics & Data,15435752,Open,11576814.0
A02162,AI & ML,7631089,Open,5723316.75
A02162,Applications,6695821,Open,5021865.75
A02162,Integration,15351845,Open,11513883.75
A02163,Infrastructure,10629105,Open,7971828.75
A02163,Database,14863315,Open,11147486.25
A02163,Analytics & Data,4772512,Open,3579384.0
A02163,AI & ML,3898733,Open,2924049.75
A02163,Security,3768735,Open,2826551.25
A02163,Applications,14928438,Open,11196328.5
A02163,Integration,14680119,Open,11010089.25
A02164,Infrastructure,681569,Open,511176.75
A02164,Security,2719592,Open,2039694.0
A02164,Applications,5360822,Open,4020616.5
A02165,Applications,15167439,Open,11375579.25
A02166,Infrastructure,9102902,Open,6827176.5
A02166,AI & ML,8273519,Open,6205139.25
A02166,Security,14719954,Open,11039965.5
A02166,Applications,6999945,Open,5249958.75
A02167,Infrastructure,5113500,Open,3835125.0
A02167,Database,1071224,Open,803418.0
A02167,AI & ML,5993274,Open,4494955.5
A02167,Security,1520715,Open,1140536.25
A02167,Applications,6499872,Open,4874904.0
A02167,Integration,4932999,Open,3699749.25
A02168,AI & ML,6779846,Open,5084884.5
A02168,Security,4409232,Open,3306924.0
A02169,Infrastructure,3808375,Open,2856281.25
A02169,Database,6458561,Open,4843920.75
A02169,Security,10995220,Open,8246415.0
A02170,Infrastructure,15464684,Open,11598513.0
A02170,Database,10656263,Open,7992197.25
A02170,Analytics & Data,4650314,Open,3487735.5
A02170,AI & ML,14905098,Open,11178823.5
A02170,Security,14819669,Open,11114751.75
A02170,Applications,15109227,Open,11331920.25
A02170,Integration,15050621,Open,11287965.75
A02172,Infrastructure,10638199,Open,7978649.25
A02172,Database,4960912,Open,3720684.0
A02172,Analytics & Data,7630975,Open,5723231.25
A02172,AI & ML,5991323,Open,4493492.25
A02172,Integration,7073269,Open,5304951.75
A02174,Security,1586747,Open,1190060.25
A02174,Applications,6102408,Open,4576806.0
A02175,AI & ML,2755903,Open,2066927.25
A02175,Security,10860338,Open,8145253.5
A02175,Applications,14929475,Open,11197106.25
A02175,Integration,14859954,Open,11144965.5
A02176,Analytics & Data,4287149,Open,3215361.75
A02176,AI & ML,10449640,Open,7837230.0
A02176,Security,5013742,Open,3760306.5
A02176,Integration,7438017,Open,5578512.75
A02177,Infrastructure,194929,Open,146196.75
A02178,Infrastructure,10341790,Open,7756342.5
A02178,Database,15062977,Open,11297232.75
A02178,Analytics & Data,15019429,Open,11264571.75
A02178,AI & ML,9033888,Open,6775416.0
A02178,Security,4038741,Open,3029055.75
A02178,Integration,6216891,Open,4662668.25
A02179,Database,14938344,Open,11203758.0
A02179,Security,11035152,Open,8276364.0
A02179,Applications,9630166,Open,7222624.5
A02179,Integration,5703322,Open,4277491.5
A02180,Database,7250210,Open,5437657.5
A02180,Analytics & Data,10688009,Open,8016006.75
A02180,AI & ML,14899081,Open,11174310.75
A02180,Security,10425891,Open,7819418.25
A02180,Applications,8497718,Open,6373288.5
A02180,Integration,7365765,Open,5524323.75
A02181,Infrastructure,6439567,Open,4829675.25
A02181,Database,4590568,Open,3442926.0
A02181,Analytics & Data,9099288,Open,6824466.0
A02181,Security,7232107,Open,5424080.25
A02182,Infrastructure,15179905,Open,11384928.75
A02182,Database,8995936,Open,6746952.0
A02182,AI & ML,9700572,Open,7275429.0
A02182,Security,8755029,Open,6566271.75
A02182,Integration,8177866,Open,6133399.5
A02183,Database,5730438,Open,4297828.5
A02183,Analytics & Data,15423020,Open,11567265.0
A02183,AI & ML,14699773,Open,11024829.75
A02183,Security,9093848,Open,6820386.0
A02183,Applications,14641665,Open,10981248.75
A02184,Infrastructure,2853864,Open,2140398.0
A02184,Analytics & Data,1973331,Open,1479998.25
A02184,Applications,8060074,Open,6045055.5
A02185,Infrastructure,2528472,Open,1896354.0
A02186,Infrastructure,9034269,Open,6775701.75
A02186,Analytics & Data,7948304,Open,5961228.0
A02186,AI & ML,3692701,Open,2769525.75
A02186,Applications,5294079,Open,3970559.25
A02186,Integration,15406693,Open,11555019.75
A02188,Database,2959380,Open,2219535.0
A02189,Infrastructure,14948251,Open,11211188.25
A02189,Database,15242089,Open,11431566.75
A02189,Analytics & Data,15445713,Open,11584284.75
A02189,AI & ML,15135160,Open,11351370.0
A02189,Security,14860967,Open,11145725.25
A02190,Database,1659176,Open,1244382.0
A02190,Analytics & Data,5943539,Open,4457654.25
A02190,Applications,4062573,Open,3046929.75
A02190,Integration,1114674,Open,836005.5
A02191,Infrastructure,7341009,Open,5505756.75
A02191,Database,5585529,Open,4189146.75
A02191,Analytics & Data,3994948,Open,2996211.0
A02191,Applications,5080769,Open,3810576.75
A02191,Integration,9415832,Open,7061874.0
A02192,Infrastructure,15350600,Open,11512950.0
A02192,Database,14587013,Open,10940259.75
A02192,AI & ML,14617474,Open,10963105.5
A02192,Security,4956547,Open,3717410.25
A02192,Applications,15160952,Open,11370714.0
A02193,Infrastructure,14933616,Open,11200212.0
A02193,AI & ML,3123961,Open,2342970.75
A02193,Applications,14715988,Open,11036991.0
A02193,Integration,6594933,Open,4946199.75
A02194,Infrastructure,14744653,Open,11058489.75
A02194,Database,15416525,Open,11562393.75
A02194,Analytics & Data,10474571,Open,7855928.25
A02194,AI & ML,9998572,Open,7498929.0
A02194,Security,15438568,Open,11578926.0
A02194,Integration,8648190,Open,6486142.5
A02195,Infrastructure,4492814,Open,3369610.5
A02195,Analytics & Data,976326,Open,732244.5
A02195,Integration,8681230,Open,6510922.5
A02196,Infrastructure,4519348,Open,3389511.0
A02196,AI & ML,1367186,Open,1025389.5
A02196,Applications,2673912,Open,2005434.0
A02197,Database,1482641,Open,1111980.75
A02197,Security,79234,Open,59425.5
A02197,Applications,11131346,Open,8348509.5
A02198,Infrastructure,1279390,Open,959542.5
A02198,Database,14749024,Open,11061768.0
A02198,Analytics & Data,14614001,Open,10960500.75
A02198,AI & ML,3775005,Open,2831253.75
A02198,Security,7191562,Open,5393671.5
A02198,Applications,14735237,Open,11051427.75
A02198,Integration,11087181,Open,8315385.75
A02199,AI & ML,4695911,Open,3521933.25
A02199,Applications,4098622,Open,3073966.5
A02200,Database,5168250,Open,3876187.5
A02200,Analytics & Data,1462889,Open,1097166.75
A02200,Integration,5036640,Open,3777480.0
A02201,AI & ML,5496934,Open,4122700.5
A02201,Integration,8800815,Open,6600611.25
A02202,Infrastructure,8933411,Open,6700058.25
A02202,AI & ML,6858333,Open,5143749.75
A02202,Applications,14832248,Open,11124186.0
A02204,Infrastructure,15257401,Open,11443050.75
A02204,Database,15031708,Open,11273781.0
A02204,AI & ML,1098209,Open,823656.75
A02204,Security,15237978,Open,11428483.5
A02204,Integration,14812254,Open,11109190.5
A02205,Database,15093559,Open,11320169.25
A02205,Analytics & Data,7378829,Open,5534121.75
A02205,AI & ML,14580697,Open,10935522.75
A02205,Security,4903949,Open,3677961.75
A02205,Applications,14872537,Open,11154402.75
A02205,Integration,4050225,Open,3037668.75
A02206,Infrastructure,14916244,Open,11187183.0
A02206,Database,14573664,Open,10930248.0
A02206,Analytics & Data,14938767,Open,11204075.25
A02206,AI & ML,7773584,Open,5830188.0
A02206,Security,3602160,Open,2701620.0
A02206,Applications,3737630,Open,2803222.5
A02206,Integration,15287248,Open,11465436.0
A02207,Infrastructure,815233,Open,611424.75
A02207,Database,5999966,Open,4499974.5
A02207,Analytics & Data,6187210,Open,4640407.5
A02207,AI & ML,1903957,Open,1427967.75
A02207,Security,3024194,Open,2268145.5
A02207,Integration,6132057,Open,4599042.75
A02208,Database,678676,Open,509007.0
A02209,Infrastructure,7142861,Open,5357145.75
A02209,Database,4939457,Open,3704592.75
A02209,AI & ML,8392717,Open,6294537.75
A02209,Security,14765476,Open,11074107.0
A02209,Applications,3089322,Open,2316991.5
A02209,Integration,14817228,Open,11112921.0
A02210,Infrastructure,670756,Open,503067.0
A02210,Database,752229,Open,564171.75
A02210,Analytics & Data,2052565,Open,1539423.75
A02210,Security,3381674,Open,2536255.5
A02211,Infrastructure,15048408,Open,11286306.0
A02211,Database,14921130,Open,11190847.5
A02211,Analytics & Data,15340892,Open,11505669.0
A02211,AI & ML,15440089,Open,11580066.75
A02211,Security,15406906,Open,11555179.5
A02211,Integration,14805107,Open,11103830.25
A02212,Infrastructure,3968661,Open,2976495.75
A02212,AI & ML,3187994,Open,2390995.5
A02213,Infrastructure,14837456,Open,11128092.0
A02213,Database,10901523,Open,8176142.25
A02213,Analytics & Data,4747074,Open,3560305.5
A02213,AI & ML,5388099,Open,4041074.25
A02213,Security,15225673,Open,11419254.75
A02213,Applications,14890103,Open,11167577.25
A02213,Integration,8117978,Open,6088483.5
A02214,Infrastructure,14645356,Open,10984017.0
A02214,Database,15266153,Open,11449614.75
A02214,Analytics & Data,15487780,Open,11615835.0
A02214,AI & ML,14983269,Open,11237451.75
A02214,Security,15483098,Open,11612323.5
A02214,Applications,15141026,Open,11355769.5
A02214,Integration,5134976,Open,3851232.0
A02216,Analytics & Data,2806267,Open,2104700.25
A02216,Applications,7624262,Open,5718196.5
A02216,Integration,3329812,Open,2497359.0
A02217,Infrastructure,7800773,Open,5850579.75
A02217,AI & ML,6070452,Open,4552839.0
A02218,Infrastructure,1576578,Open,1182433.5
A02218,Database,9739690,Open,7304767.5
A02218,Analytics & Data,1589660,Open,1192245.0
A02218,AI & ML,3020600,Open,2265450.0
A02218,Security,6112837,Open,4584627.75
A02218,Applications,15080810,Open,11310607.5
A02219,Security,6729256,Open,5046942.0
A02220,Infrastructure,3964673,Open,2973504.75
A02220,Database,9488609,Open,7116456.75
A02220,Analytics & Data,8620200,Open,6465150.0
A02220,AI & ML,6657031,Open,4992773.25
A02220,Security,4546536,Open,3409902.0
A02220,Applications,15431622,Open,11573716.5
A02220,Integration,1614445,Open,1210833.75
A02221,Infrastructure,8564688,Open,6423516.0
A02221,Analytics & Data,6483662,Open,4862746.5
A02221,AI & ML,9539083,Open,7154312.25
A02221,Security,5100103,Open,3825077.25
A02221,Applications,4863384,Open,3647538.0
A02221,Integration,5050597,Open,3787947.75
A02222,Database,6212023,Open,4659017.25
A02222,AI & ML,3020229,Open,2265171.75
A02222,Integration,4357930,Open,3268447.5
A02223,Infrastructure,4129125,Open,3096843.75
A02223,Database,8865857,Open,6649392.75
A02223,Integration,15447976,Open,11585982.0
A02224,Database,476476,Open,357357.0
A02224,AI & ML,3563267,Open,2672450.25
A02226,Infrastructure,7527327,Open,5645495.25
A02226,Analytics & Data,14604709,Open,10953531.75
A02226,AI & ML,4477901,Open,3358425.75
A02226,Security,6006566,Open,4504924.5
A02226,Applications,1743750,Open,1307812.5
A02227,Infrastructure,969825,Open,727368.75
A02228,Database,10232419,Open,7674314.25
A02230,Analytics & Data,6912880,Open,5184660.0
A02231,Database,5322771,Open,3992078.25
A02231,Security,9273931,Open,6955448.25
A02231,Integration,10959368,Open,8219526.0
A02233,Infrastructure,14775544,Open,11081658.0
A02233,Analytics & Data,14917335,Open,11188001.25
A02233,AI & ML,14793942,Open,11095456.5
A02233,Security,15256712,Open,11442534.0
A02233,Applications,14732991,Open,11049743.25
A02233,Integration,4118950,Open,3089212.5
A02234,Analytics & Data,5248196,Open,3936147.0
A02234,Security,10051018,Open,7538263.5
A02234,Integration,1604529,Open,1203396.75
A02235,Infrastructure,10706981,Open,8030235.75
A02235,Analytics & Data,5138582,Open,3853936.5
A02235,AI & ML,7156439,Open,5367329.25
A02235,Security,5225698,Open,3919273.5
A02235,Integration,5092744,Open,3819558.0
A02237,Analytics & Data,6703328,Open,5027496.0
A02237,AI & ML,5442190,Open,4081642.5
A02237,Security,6331211,Open,4748408.25
A02237,Integration,15053522,Open,11290141.5
A02238,Database,2063746,Open,1547809.5
A02238,AI & ML,1007970,Open,755977.5
A02239,Infrastructure,7915604,Open,5936703.0
A02239,Analytics & Data,8901305,Open,6675978.75
A02239,AI & ML,2272095,Open,1704071.25
A02240,Infrastructure,8480692,Open,6360519.0
A02240,Database,15039111,Open,11279333.25
A02240,AI & ML,5266207,Open,3949655.25
A02240,Applications,7071226,Open,5303419.5
A02240,Integration,1438531,Open,1078898.25
A02241,Infrastructure,15133589,Open,11350191.75
A02241,Database,14761471,Open,11071103.25
A02241,Analytics & Data,14599533,Open,10949649.75
A02241,AI & ML,6752123,Open,5064092.25
A02241,Security,14758453,Open,11068839.75
A02241,Applications,14736096,Open,11052072.0
A02241,Integration,15054286,Open,11290714.5
A02242,Database,8777379,Open,6583034.25
A02242,Analytics & Data,3748065,Open,2811048.75
A02242,Security,14577087,Open,10932815.25
A02242,Integration,5380472,Open,4035354.0
A02243,Database,14975222,Open,11231416.5
A02243,Analytics & Data,15126844,Open,11345133.0
A02243,AI & ML,14641014,Open,10980760.5
A02243,Applications,15040533,Open,11280399.75
A02243,Integration,14728762,Open,11046571.5
A02244,Infrastructure,7074084,Open,5305563.0
A02244,Analytics & Data,8852545,Open,6639408.75
A02244,AI & ML,4253914,Open,3190435.5
A02244,Integration,8634341,Open,6475755.75
A02245,Database,8740578,Open,6555433.5
A02245,Analytics & Data,5062988,Open,3797241.0
A02245,Security,900836,Open,675627.0
A02245,Applications,15238928,Open,11429196.0
A02246,Infrastructure,608320,Open,456240.0
A02246,Database,8062104,Open,6046578.0
A02246,Analytics & Data,2938763,Open,2204072.25
A02246,AI & ML,14592544,Open,10944408.0
A02246,Integration,1818709,Open,1364031.75
A02247,Infrastructure,15099491,Open,11324618.25
A02247,Database,14762849,Open,11072136.75
A02247,Analytics & Data,10071376,Open,7553532.0
A02247,AI & ML,15316715,Open,11487536.25
A02247,Security,15191424,Open,11393568.0
A02247,Applications,15025324,Open,11268993.0
A02247,Integration,14888774,Open,11166580.5
A02248,Infrastructure,681416,Open,511062.0
A02248,Security,4944534,Open,3708400.5
A02248,Applications,1080820,Open,810615.0
A02249,Analytics & Data,1425731,Open,1069298.25
A02249,AI & ML,2913236,Open,2184927.0
A02249,Applications,5844105,Open,4383078.75
A02251,Database,15484702,Open,11613526.5
A02251,Security,15139241,Open,11354430.75
A02251,Integration,7717566,Open,5788174.5
A02252,Database,3771147,Open,2828360.25
A02252,Analytics & Data,1546063,Open,1159547.25
A02252,AI & ML,5574123,Open,4180592.25
A02252,Security,6806213,Open,5104659.75
A02254,Database,8424722,Open,6318541.5
A02254,Analytics & Data,5851630,Open,4388722.5
A02254,Applications,15470959,Open,11603219.25
A02254,Integration,14671456,Open,11003592.0
A02255,Analytics & Data,5974241,Open,4480680.75
A02255,Security,3462601,Open,2596950.75
A02257,Applications,2696866,Open,2022649.5
A02258,Database,644327,Open,483245.25
A02258,AI & ML,739591,Open,554693.25
A02258,Applications,2930578,Open,2197933.5
A02259,AI & ML,6344704,Open,4758528.0
A02259,Security,5435153,Open,4076364.75
A02259,Applications,1705850,Open,1279387.5
A02260,Infrastructure,14872349,Open,11154261.75
A02260,AI & ML,3952977,Open,2964732.75
A02261,Infrastructure,10724354,Open,8043265.5
A02261,Security,2457933,Open,1843449.75
A02261,Applications,2546865,Open,1910148.75
A02262,Infrastructure,14693982,Open,11020486.5
A02262,Analytics & Data,3391174,Open,2543380.5
A02262,AI & ML,4249173,Open,3186879.75
A02262,Integration,10237662,Open,7678246.5
A02263,Database,14979912,Open,11234934.0
A02263,Analytics & Data,5863250,Open,4397437.5
A02263,AI & ML,15146856,Open,11360142.0
A02263,Integration,15409816,Open,11557362.0
A02264,Infrastructure,6371352,Open,4778514.0
A02264,Database,5500038,Open,4125028.5
A02264,Analytics & Data,5376016,Open,4032012.0
A02264,AI & ML,7834849,Open,5876136.75
A02264,Security,10069079,Open,7551809.25
A02264,Integration,3188329,Open,2391246.75
A02265,Database,5230993,Open,3923244.75
A02265,AI & ML,3560504,Open,2670378.0
A02265,Security,15350331,Open,11512748.25
A02265,Integration,5039170,Open,3779377.5
A02266,Infrastructure,4899581,Open,3674685.75
A02266,Analytics & Data,8406414,Open,6304810.5
A02266,AI & ML,8952463,Open,6714347.25
A02266,Security,4621280,Open,3465960.0
A02266,Integration,6769546,Open,5077159.5
A02267,Database,8864233,Open,6648174.75
A02267,Security,2955755,Open,2216816.25
A02268,Infrastructure,15379929,Open,11534946.75
A02268,Database,5129065,Open,3846798.75
A02268,Analytics & Data,4870677,Open,3653007.75
A02268,AI & ML,10857789,Open,8143341.75
A02268,Security,14717768,Open,11038326.0
A02268,Applications,14606890,Open,10955167.5
A02268,Integration,5257064,Open,3942798.0
A02269,Database,10718085,Open,8038563.75
A02269,Analytics & Data,4484095,Open,3363071.25
A02269,AI & ML,15336312,Open,11502234.0
A02270,Infrastructure,15335696,Open,11501772.0
A02270,Database,9190825,Open,6893118.75
A02270,Analytics & Data,10284371,Open,7713278.25
A02270,AI & ML,1236144,Open,927108.0
A02270,Security,14593078,Open,10944808.5
A02270,Applications,9267977,Open,6950982.75
A02270,Integration,6778049,Open,5083536.75
A02271,Analytics & Data,2800868,Open,2100651.0
A02271,AI & ML,7013175,Open,5259881.25
A02272,Database,9277138,Open,6957853.5
A02272,Analytics & Data,7165159,Open,5373869.25
A02273,Infrastructure,8788692,Open,6591519.0
A02273,Database,10001781,Open,7501335.75
A02273,Analytics & Data,6461299,Open,4845974.25
A02273,AI & ML,8236000,Open,6177000.0
A02273,Security,10652755,Open,7989566.25
A02273,Applications,6795220,Open,5096415.0
A02274,Infrastructure,15470826,Open,11603119.5
A02274,Database,14994771,Open,11246078.25
A02274,Analytics & Data,10897311,Open,8172983.25
A02274,AI & ML,14931583,Open,11198687.25
A02274,Applications,7285852,Open,5464389.0
A02275,Security,3778919,Open,2834189.25
A02275,Integration,7147365,Open,5360523.75
A02276,Infrastructure,9492826,Open,7119619.5
A02276,Database,2827261,Open,2120445.75
A02276,Analytics & Data,5051832,Open,3788874.0
A02276,Integration,1142467,Open,856850.25
A02277,Infrastructure,9752031,Open,7314023.25
A02277,Integration,2614542,Open,1960906.5
A02278,Database,5658804,Open,4244103.0
A02278,Analytics & Data,15318593,Open,11488944.75
A02278,AI & ML,11158842,Open,8369131.5
A02278,Security,15020256,Open,11265192.0
A02278,Applications,4891425,Open,3668568.75
A02278,Integration,14951809,Open,11213856.75
A02279,Infrastructure,8968567,Open,6726425.25
A02279,Analytics & Data,9071866,Open,6803899.5
A02279,Integration,10404648,Open,7803486.0
A02280,Analytics & Data,2363476,Open,1772607.0
A02281,Infrastructure,4160114,Open,3120085.5
A02281,Database,5242664,Open,3931998.0
A02281,AI & ML,10007680,Open,7505760.0
A02281,Security,9286421,Open,6964815.75
A02282,Database,2505653,Open,1879239.75
A02283,Infrastructure,14875080,Open,11156310.0
A02283,Database,14749587,Open,11062190.25
A02283,Analytics & Data,15245538,Open,11434153.5
A02283,AI & ML,14593720,Open,10945290.0
A02283,Security,15337628,Open,11503221.0
A02283,Applications,15444245,Open,11583183.75
A02283,Integration,15368484,Open,11526363.0
A02284,AI & ML,3980395,Open,2985296.25
A02284,Security,8775329,Open,6581496.75
A02284,Integration,5960442,Open,4470331.5
A02285,Infrastructure,14644916,Open,10983687.0
A02285,AI & ML,1076052,Open,807039.0
A02285,Security,5153647,Open,3865235.25
A02285,Integration,14892936,Open,11169702.0
A02286,Database,6448040,Open,4836030.0
A02286,AI & ML,2452563,Open,1839422.25
A02286,Integration,1063769,Open,797826.75
A02287,Database,8898970,Open,6674227.5
A02287,Applications,6240662,Open,4680496.5
A02288,AI & ML,3468279,Open,2601209.25
A02288,Security,4169426,Open,3127069.5
A02288,Applications,8270580,Open,6202935.0
A02288,Integration,7763165,Open,5822373.75
A02289,Database,6730403,Open,5047802.25
A02289,Analytics & Data,7888146,Open,5916109.5
A02289,AI & ML,14590678,Open,10943008.5
A02289,Security,10318823,Open,7739117.25
A02289,Integration,14810973,Open,11108229.75
A02291,Infrastructure,6673848,Open,5005386.0
A02291,Database,2147058,Open,1610293.5
A02291,AI & ML,2660068,Open,1995051.0
A02291,Security,14905105,Open,11178828.75
A02291,Integration,2190958,Open,1643218.5
A02292,Infrastructure,14676763,Open,11007572.25
A02292,AI & ML,15328312,Open,11496234.0
A02292,Applications,7989973,Open,5992479.75
A02292,Integration,10193174,Open,7644880.5
A02293,Infrastructure,15458386,Open,11593789.5
A02293,Applications,7992127,Open,5994095.25
A02293,Integration,2039573,Open,1529679.75
A02294,Infrastructure,14778165,Open,11083623.75
A02294,Database,14575716,Open,10931787.0
A02294,Analytics & Data,7652077,Open,5739057.75
A02294,AI & ML,14684802,Open,11013601.5
A02294,Security,8187480,Open,6140610.0
A02294,Applications,4076345,Open,3057258.75
A02295,Security,1168769,Open,876576.75
A02298,Analytics & Data,15223870,Open,11417902.5
A02298,AI & ML,14833099,Open,11124824.25
A02299,Infrastructure,15072154,Open,11304115.5
A02299,Database,9656294,Open,7242220.5
A02299,Analytics & Data,1908519,Open,1431389.25
A02299,AI & ML,4441731,Open,3331298.25
A02299,Security,7098223,Open,5323667.25
A02299,Applications,10194830,Open,7646122.5
A02299,Integration,10098505,Open,7573878.75
A02300,Infrastructure,5502278,Open,4126708.5
A02300,Database,7685673,Open,5764254.75
A02300,Analytics & Data,5691099,Open,4268324.25
A02300,Security,7523021,Open,5642265.75
A02300,Applications,14794421,Open,11095815.75
A02301,Analytics & Data,15166168,Open,11374626.0
A02301,AI & ML,14912502,Open,11184376.5
A02301,Security,5123025,Open,3842268.75
A02301,Applications,6492516,Open,4869387.0
A02301,Integration,10006324,Open,7504743.0
A02302,Analytics & Data,962617,Open,721962.75
A02302,AI & ML,7461036,Open,5595777.0
A02302,Security,2025422,Open,1519066.5
A02302,Integration,5201790,Open,3901342.5
A02303,Infrastructure,15021275,Open,11265956.25
A02303,Database,14858661,Open,11143995.75
A02303,Analytics & Data,10081751,Open,7561313.25
A02303,AI & ML,15053276,Open,11289957.0
A02303,Security,7354268,Open,5515701.0
A02303,Integration,14677619,Open,11008214.25
A02304,Infrastructure,14840485,Open,11130363.75
A02304,Database,15107059,Open,11330294.25
A02304,Analytics & Data,8715644,Open,6536733.0
A02304,AI & ML,5020415,Open,3765311.25
A02304,Security,10315337,Open,7736502.75
A02304,Applications,14578356,Open,10933767.0
A02304,Integration,14578452,Open,10933839.0
A02305,Infrastructure,4062609,Open,3046956.75
A02305,Database,15212056,Open,11409042.0
A02305,Analytics & Data,14764363,Open,11073272.25
A02305,Applications,8338321,Open,6253740.75
A02306,Infrastructure,10504158,Open,7878118.5
A02306,Database,14752348,Open,11064261.0
A02306,Security,9004202,Open,6753151.5
A02306,Applications,14794251,Open,11095688.25
A02306,Integration,14708517,Open,11031387.75
A02307,Infrastructure,5770041,Open,4327530.75
A02307,Database,7401812,Open,5551359.0
A02307,Analytics & Data,4241064,Open,3180798.0
A02307,AI & ML,14632862,Open,10974646.5
A02307,Applications,10158816,Open,7619112.0
A02307,Integration,15285957,Open,11464467.75
A02308,Infrastructure,5160110,Open,3870082.5
A02308,AI & ML,4275699,Open,3206774.25
A02309,Database,2177659,Open,1633244.25
A02309,Security,1103907,Open,827930.25
A02309,Applications,1401883,Open,1051412.25
A02310,Database,226394,Open,169795.5
A02310,AI & ML,672253,Open,504189.75
A02311,Infrastructure,3259904,Open,2444928.0
A02311,Security,2405159,Open,1803869.25
A02311,Integration,6905586,Open,5179189.5
A02312,Database,2296457,Open,1722342.75
A02313,Integration,2571601,Open,1928700.75
A02314,Database,8584220,Open,6438165.0
A02314,Analytics & Data,2148878,Open,1611658.5
A02314,Security,11032818,Open,8274613.5
A02314,Applications,15195049,Open,11396286.75
A02315,Infrastructure,7855181,Open,5891385.75
A02316,Database,6668763,Open,5001572.25
A02316,Analytics & Data,8425548,Open,6319161.0
A02316,AI & ML,7052862,Open,5289646.5
A02316,Integration,15258800,Open,11444100.0
A02317,Infrastructure,15072119,Open,11304089.25
A02317,Database,15264263,Open,11448197.25
A02317,Analytics & Data,14894463,Open,11170847.25
A02317,AI & ML,14885693,Open,11164269.75
A02317,Security,14954646,Open,11215984.5
A02317,Integration,14590301,Open,10942725.75
A02318,Infrastructure,6754109,Open,5065581.75
A02318,AI & ML,7636121,Open,5727090.75
A02318,Applications,15095630,Open,11321722.5
A02319,Analytics & Data,3390232,Open,2542674.0
A02319,AI & ML,2816596,Open,2112447.0
A02319,Security,2378230,Open,1783672.5
A02320,Infrastructure,4847123,Open,3635342.25
A02320,Analytics & Data,14760349,Open,11070261.75
A02320,Applications,5805553,Open,4354164.75
A02321,Infrastructure,5704063,Open,4278047.25
A02321,Security,7070884,Open,5303163.0
A02321,Integration,9850881,Open,7388160.75
A02322,Infrastructure,484114,Open,363085.5
A02322,Analytics & Data,81815,Open,61361.25
A02324,Infrastructure,7798460,Open,5848845.0
A02324,Database,9394095,Open,7045571.25
A02324,Integration,1102109,Open,826581.75
A02325,AI & ML,162903,Open,122177.25
A02326,Database,8045442,Open,6034081.5
A02326,Analytics & Data,9464070,Open,7098052.5
A02326,AI & ML,14675852,Open,11006889.0
A02326,Security,2227854,Open,1670890.5
A02327,Security,2189422,Open,1642066.5
A02327,Integration,3054143,Open,2290607.25
A02328,Database,1956077,Open,1467057.75
A02328,Security,2698417,Open,2023812.75
A02329,Infrastructure,3883013,Open,2912259.75
A02329,Database,7194346,Open,5395759.5
A02329,Analytics & Data,15145199,Open,11358899.25
A02329,AI & ML,5118223,Open,3838667.25
A02329,Security,9954659,Open,7465994.25
A02330,Infrastructure,663860,Open,497895.0
A02330,Analytics & Data,15323719,Open,11492789.25
A02330,Security,3065282,Open,2298961.5
A02333,Infrastructure,6056003,Open,4542002.25
A02333,Analytics & Data,6352390,Open,4764292.5
A02333,AI & ML,3820324,Open,2865243.0
A02333,Applications,7403099,Open,5552324.25
A02334,Infrastructure,636480,Open,477360.0
A02334,Applications,4930718,Open,3698038.5
A02335,Database,3112307,Open,2334230.25
A02335,Security,7411506,Open,5558629.5
A02335,Applications,1921613,Open,1441209.75
A02335,Integration,4235400,Open,3176550.0
A02336,AI & ML,8290314,Open,6217735.5
A02336,Security,4532925,Open,3399693.75
A02336,Applications,3832606,Open,2874454.5
A02336,Integration,2226065,Open,1669548.75
A02337,Infrastructure,1777236,Open,1332927.0
A02337,Applications,3064041,Open,2298030.75
A02338,Infrastructure,14889596,Open,11167197.0
A02338,Database,9021416,Open,6766062.0
A02338,Security,14787077,Open,11090307.75
A02338,Applications,8023346,Open,6017509.5
A02339,Infrastructure,4696577,Open,3522432.75
A02339,Security,8935866,Open,6701899.5
A02339,Applications,2790453,Open,2092839.75
A02339,Integration,2605727,Open,1954295.25
A02340,Infrastructure,2220812,Open,1665609.0
A02340,Applications,7374516,Open,5530887.0
A02340,Integration,81330,Open,60997.5
A02341,Database,6087836,Open,4565877.0
A02341,Analytics & Data,5525355,Open,4144016.25
A02342,Database,10007626,Open,7505719.5
A02342,Applications,2976756,Open,2232567.0
A02342,Integration,4487493,Open,3365619.75
A02343,Infrastructure,9357752,Open,7018314.0
A02343,Database,3277290,Open,2457967.5
A02343,Analytics & Data,3537244,Open,2652933.0
A02343,AI & ML,1644786,Open,1233589.5
A02343,Security,14868732,Open,11151549.0
A02343,Integration,8552845,Open,6414633.75
A02344,Infrastructure,5037725,Open,3778293.75
A02344,Database,2454178,Open,1840633.5
A02344,Analytics & Data,7038003,Open,5278502.25
A02344,AI & ML,14757518,Open,11068138.5
A02344,Security,5497615,Open,4123211.25
A02344,Applications,4330040,Open,3247530.0
A02344,Integration,10273382,Open,7705036.5
A02345,Applications,7593511,Open,5695133.25
A02346,Infrastructure,15004567,Open,11253425.25
A02346,Database,14620558,Open,10965418.5
A02346,Analytics & Data,15412592,Open,11559444.0
A02346,AI & ML,14709145,Open,11031858.75
A02346,Security,15114282,Open,11335711.5
A02346,Applications,14680242,Open,11010181.5
A02346,Integration,15300665,Open,11475498.75
A02347,Analytics & Data,14933770,Open,11200327.5
A02347,AI & ML,8380878,Open,6285658.5
A02347,Applications,14856919,Open,11142689.25
A02347,Integration,9029525,Open,6772143.75
A02349,Database,15182546,Open,11386909.5
A02349,Analytics & Data,15175037,Open,11381277.75
A02349,AI & ML,8649934,Open,6487450.5
A02349,Security,15105963,Open,11329472.25
A02349,Integration,14883841,Open,11162880.75
A02350,Analytics & Data,2340572,Open,1755429.0
A02351,Infrastructure,6258962,Open,4694221.5
A02351,Analytics & Data,11052289,Open,8289216.75
A02351,AI & ML,6608342,Open,4956256.5
A02351,Security,4075202,Open,3056401.5
A02352,Database,9880274,Open,7410205.5
A02352,Analytics & Data,7603268,Open,5702451.0
A02352,AI & ML,14746471,Open,11059853.25
A02352,Security,9343940,Open,7007955.0
A02352,Applications,5464969,Open,4098726.75
A02352,Integration,15089601,Open,11317200.75
A02353,Infrastructure,1122753,Open,842064.75
A02353,Database,1687848,Open,1265886.0
A02353,Security,11146468,Open,8359851.0
A02354,Infrastructure,14817310,Open,11112982.5
A02354,Database,14973806,Open,11230354.5
A02354,AI & ML,6447383,Open,4835537.25
A02354,Integration,15239846,Open,11429884.5
A02355,Analytics & Data,7483847,Open,5612885.25
A02355,Applications,6064297,Open,4548222.75
A02355,Integration,10688411,Open,8016308.25
A02357,Infrastructure,15078434,Open,11308825.5
A02357,Database,15455829,Open,11591871.75
A02357,Analytics & Data,10137606,Open,7603204.5
A02357,AI & ML,6690934,Open,5018200.5
A02357,Security,15356385,Open,11517288.75
A02357,Applications,14780607,Open,11085455.25
A02357,Integration,7588318,Open,5691238.5
A02358,Infrastructure,5138853,Open,3854139.75
A02358,Database,15399718,Open,11549788.5
A02358,AI & ML,5762499,Open,4321874.25
A02358,Security,2854676,Open,2141007.0
A02358,Integration,3517366,Open,2638024.5
A02359,Infrastructure,4666203,Open,3499652.25
A02359,Security,671474,Open,503605.5
A02359,Applications,9543704,Open,7157778.0
A02360,Infrastructure,2064128,Open,1548096.0
A02361,Analytics & Data,14913577,Open,11185182.75
A02361,Security,14806129,Open,11104596.75
A02361,Integration,8982302,Open,6736726.5
A02362,Infrastructure,8650336,Open,6487752.0
A02362,Database,14879619,Open,11159714.25
A02362,Security,14609344,Open,10957008.0
A02363,Analytics & Data,3395771,Open,2546828.25
A02363,Applications,470218,Open,352663.5
A02364,Infrastructure,6422036,Open,4816527.0
A02364,Analytics & Data,6370694,Open,4778020.5
A02364,Security,15176213,Open,11382159.75
A02364,Applications,1125556,Open,844167.0
A02364,Integration,14846596,Open,11134947.0
A02365,Infrastructure,1567097,Open,1175322.75
A02365,AI & ML,4093445,Open,3070083.75
A02365,Security,9415924,Open,7061943.0
A02366,Infrastructure,14835483,Open,11126612.25
A02366,Database,15462965,Open,11597223.75
A02366,Analytics & Data,14865118,Open,11148838.5
A02366,AI & ML,9898955,Open,7424216.25
A02366,Security,9976206,Open,7482154.5
A02366,Integration,15253567,Open,11440175.25
A02367,Infrastructure,6271793,Open,4703844.75
A02367,AI & ML,15006247,Open,11254685.25
A02367,Integration,8191614,Open,6143710.5
A02368,Database,7601828,Open,5701371.0
A02368,Security,1910347,Open,1432760.25
A02368,Applications,10794875,Open,8096156.25
A02369,Infrastructure,15281104,Open,11460828.0
A02369,Database,15411838,Open,11558878.5
A02369,Analytics & Data,14737474,Open,11053105.5
A02369,AI & ML,14731128,Open,11048346.0
A02369,Security,15287334,Open,11465500.5
A02369,Applications,14685347,Open,11014010.25
A02369,Integration,15344003,Open,11508002.25
A02370,Infrastructure,15220911,Open,11415683.25
A02370,Database,14657174,Open,10992880.5
A02370,Analytics & Data,15177115,Open,11382836.25
A02370,AI & ML,15128427,Open,11346320.25
A02370,Security,15386996,Open,11540247.0
A02370,Applications,14973152,Open,11229864.0
A02370,Integration,14887221,Open,11165415.75
A02371,Infrastructure,14860424,Open,11145318.0
A02371,Database,346690,Open,260017.5
A02371,Analytics & Data,9236564,Open,6927423.0
A02371,AI & ML,5709276,Open,4281957.0
A02371,Security,6323430,Open,4742572.5
A02371,Applications,5978709,Open,4484031.75
A02371,Integration,15411672,Open,11558754.0
A02373,Infrastructure,1693155,Open,1269866.25
A02373,Applications,8217878,Open,6163408.5
A02374,Analytics & Data,8960449,Open,6720336.75
A02375,Analytics & Data,14822998,Open,11117248.5
A02375,AI & ML,7119773,Open,5339829.75
A02375,Security,14791277,Open,11093457.75
A02375,Applications,15030353,Open,11272764.75
A02375,Integration,7285348,Open,5464011.0
A02376,Infrastructure,10272806,Open,7704604.5
A02376,Database,4590211,Open,3442658.25
A02376,Analytics & Data,7460598,Open,5595448.5
A02376,AI & ML,9120998,Open,6840748.5
A02376,Security,5839745,Open,4379808.75
A02377,Infrastructure,15471435,Open,11603576.25
A02377,Analytics & Data,9743159,Open,7307369.25
A02377,Applications,6381893,Open,4786419.75
A02377,Integration,7384267,Open,5538200.25
A02378,Analytics & Data,2357374,Open,1768030.5
A02378,AI & ML,8351085,Open,6263313.75
A02379,Security,1163460,Open,872595.0
A02379,Integration,3319705,Open,2489778.75
A02380,Infrastructure,15280565,Open,11460423.75
A02380,Analytics & Data,5282691,Open,3962018.25
A02380,AI & ML,313490,Open,235117.5
A02380,Applications,15367130,Open,11525347.5
A02380,Integration,4504186,Open,3378139.5
A02381,Infrastructure,10084316,Open,7563237.0
A02381,Database,4851068,Open,3638301.0
A02381,AI & ML,8427443,Open,6320582.25
A02381,Applications,15126748,Open,11345061.0
A02381,Integration,8318217,Open,6238662.75
A02382,Database,10918987,Open,8189240.25
A02382,Analytics & Data,3402488,Open,2551866.0
A02382,AI & ML,710863,Open,533147.25
A02382,Applications,861385,Open,646038.75
A02382,Integration,8663684,Open,6497763.0
A02384,Infrastructure,608292,Open,456219.0
A02384,Integration,1512168,Open,1134126.0
A02385,Infrastructure,918783,Open,689087.25
A02386,Infrastructure,9075237,Open,6806427.75
A02386,Database,14894895,Open,11171171.25
A02386,Analytics & Data,6069080,Open,4551810.0
A02386,Integration,15147421,Open,11360565.75
A02387,Infrastructure,5080593,Open,3810444.75
A02387,Analytics & Data,990455,Open,742841.25
A02387,AI & ML,1552933,Open,1164699.75
A02387,Applications,10431876,Open,7823907.0
A02388,Database,15393728,Open,11545296.0
A02388,Analytics & Data,1866056,Open,1399542.0
A02388,Integration,3148582,Open,2361436.5
A02390,Infrastructure,8668348,Open,6501261.0
A02390,Database,14911112,Open,11183334.0
A02390,Analytics & Data,15351024,Open,11513268.0
A02390,Security,14910513,Open,11182884.75
A02390,Applications,15010682,Open,11258011.5
A02390,Integration,5842781,Open,4382085.75
A02392,Infrastructure,7398165,Open,5548623.75
A02392,Database,9646998,Open,7235248.5
A02392,Security,4645915,Open,3484436.25
A02392,Applications,14832318,Open,11124238.5
A02392,Integration,10787751,Open,8090813.25
A02393,Infrastructure,15274126,Open,11455594.5
A02393,Analytics & Data,15240436,Open,11430327.0
A02393,Security,4547355,Open,3410516.25
A02393,Integration,7405239,Open,5553929.25
A02394,Infrastructure,14571082,Open,10928311.5
A02394,Database,15326489,Open,11494866.75
A02394,Analytics & Data,14994680,Open,11246010.0
A02394,AI & ML,14927596,Open,11195697.0
A02394,Applications,15486754,Open,11615065.5
A02394,Integration,7311858,Open,5483893.5
A02395,AI & ML,14718906,Open,11039179.5
A02395,Integration,15100131,Open,11325098.25
A02396,Database,15415939,Open,11561954.25
A02396,Analytics & Data,14975944,Open,11231958.0
A02396,Security,2232085,Open,1674063.75
A02396,Applications,3896240,Open,2922180.0
A02397,Security,705822,Open,529366.5
A02399,AI & ML,3215840,Open,2411880.0
A02399,Security,1656879,Open,1242659.25
A02399,Applications,3381331,Open,2535998.25
A02399,Integration,5139556,Open,3854667.0
A02400,Infrastructure,6226971,Open,4670228.25
A02400,Analytics & Data,15091473,Open,11318604.75
A02400,Security,6560660,Open,4920495.0
A02400,Applications,10358949,Open,7769211.75
A02400,Integration,15298851,Open,11474138.25
A02401,Infrastructure,15265639,Open,11449229.25
A02401,AI & ML,15215960,Open,11411970.0
A02401,Security,9650226,Open,7237669.5
A02401,Applications,14581460,Open,10936095.0
A02401,Integration,14748692,Open,11061519.0
A02402,AI & ML,9153064,Open,6864798.0
A02402,Security,4298001,Open,3223500.75
A02402,Applications,10696375,Open,8022281.25
A02402,Integration,6604327,Open,4953245.25
A02403,Security,6004207,Open,4503155.25
A02403,Integration,6402759,Open,4802069.25
A02404,Infrastructure,14723421,Open,11042565.75
A02404,Database,15194352,Open,11395764.0
A02404,AI & ML,5243689,Open,3932766.75
A02404,Security,3666456,Open,2749842.0
A02404,Applications,14872827,Open,11154620.25
A02404,Integration,5386170,Open,4039627.5
A02405,Infrastructure,14662207,Open,10996655.25
A02405,Database,3693275,Open,2769956.25
A02405,Analytics & Data,14921609,Open,11191206.75
A02405,Security,7075130,Open,5306347.5
A02405,Applications,4343270,Open,3257452.5
A02405,Integration,11140968,Open,8355726.0
A02406,Infrastructure,10033436,Open,7525077.0
A02406,Database,14756989,Open,11067741.75
A02406,Security,4967922,Open,3725941.5
A02406,Applications,10478235,Open,7858676.25
A02406,Integration,15031049,Open,11273286.75
A02407,Infrastructure,14799837,Open,11099877.75
A02407,Analytics & Data,14596677,Open,10947507.75
A02407,AI & ML,15266614,Open,11449960.5
A02407,Security,9082723,Open,6812042.25
A02407,Applications,5281383,Open,3961037.25
A02407,Integration,15050178,Open,11287633.5
A02408,Infrastructure,3110921,Open,2333190.75
A02408,Database,127422,Open,95566.5
A02409,Infrastructure,15467655,Open,11600741.25
A02409,Analytics & Data,14685052,Open,11013789.0
A02409,Security,5688356,Open,4266267.0
A02409,Applications,14795801,Open,11096850.75
A02410,Analytics & Data,4057829,Open,3043371.75
A02410,Security,638991,Open,479243.25
A02410,Integration,6376725,Open,4782543.75
A02411,Infrastructure,2390732,Open,1793049.0
A02412,Infrastructure,6227258,Open,4670443.5
A02412,Database,6229465,Open,4672098.75
A02412,AI & ML,8201694,Open,6151270.5
A02412,Security,15430037,Open,11572527.75
A02412,Integration,9842767,Open,7382075.25
A02413,Database,6624031,Open,4968023.25
A02413,Applications,15309317,Open,11481987.75
A02413,Integration,7912454,Open,5934340.5
A02414,Infrastructure,4944344,Open,3708258.0
A02414,Database,1218426,Open,913819.5
A02414,Security,10129962,Open,7597471.5
A02414,Applications,2016207,Open,1512155.25
A02414,Integration,14808741,Open,11106555.75
A02415,Infrastructure,10384346,Open,7788259.5
A02415,Analytics & Data,9630686,Open,7223014.5
A02415,AI & ML,9324229,Open,6993171.75
A02415,Security,10459594,Open,7844695.5
A02415,Integration,14842587,Open,11131940.25
A02416,Infrastructure,5096903,Open,3822677.25
A02416,Database,4150346,Open,3112759.5
A02416,Analytics & Data,2429160,Open,1821870.0
A02416,AI & ML,2438914,Open,1829185.5
A02416,Applications,7512629,Open,5634471.75
A02416,Integration,6502413,Open,4876809.75
A02417,Database,14802428,Open,11101821.0
A02417,Analytics & Data,14870795,Open,11153096.25
A02417,AI & ML,14976638,Open,11232478.5
A02417,Applications,6109456,Open,4582092.0
A02417,Integration,14926276,Open,11194707.0
A02418,Infrastructure,6949346,Open,5212009.5
A02418,Analytics & Data,15091056,Open,11318292.0
A02418,Security,9115653,Open,6836739.75
A02418,Integration,15367089,Open,11525316.75
A02419,Infrastructure,14927646,Open,11195734.5
A02419,Database,5169649,Open,3877236.75
A02419,AI & ML,6777085,Open,5082813.75
A02419,Integration,5299512,Open,3974634.0
A02420,Infrastructure,10752208,Open,8064156.0
A02420,Integration,15273850,Open,11455387.5
A02421,Infrastructure,7174293,Open,5380719.75
A02421,Database,1412340,Open,1059255.0
A02421,Security,1837395,Open,1378046.25
A02422,Infrastructure,14656437,Open,10992327.75
A02422,Analytics & Data,14858958,Open,11144218.5
A02422,Security,15377413,Open,11533059.75
A02422,Applications,15007016,Open,11255262.0
A02422,Integration,14923863,Open,11192897.25
A02423,Infrastructure,15237108,Open,11427831.0
A02423,Database,14687714,Open,11015785.5
A02423,Analytics & Data,15118585,Open,11338938.75
A02423,AI & ML,8336655,Open,6252491.25
A02423,Security,4378909,Open,3284181.75
A02423,Integration,14761478,Open,11071108.5
A02424,Database,14675886,Open,11006914.5
A02424,Analytics & Data,1128084,Open,846063.0
A02424,AI & ML,1418590,Open,1063942.5
A02424,Applications,2919519,Open,2189639.25
A02425,Infrastructure,4717060,Open,3537795.0
A02425,AI & ML,5616638,Open,4212478.5
A02425,Applications,6564746,Open,4923559.5
A02425,Integration,6118471,Open,4588853.25
A02426,Infrastructure,2324971,Open,1743728.25
A02427,Infrastructure,9903601,Open,7427700.75
A02427,Database,14990152,Open,11242614.0
A02427,Analytics & Data,5118541,Open,3838905.75
A02427,Security,9817726,Open,7363294.5
A02427,Integration,6155970,Open,4616977.5
A02428,Infrastructure,6798732,Open,5099049.0
A02428,Database,7959942,Open,5969956.5
A02428,AI & ML,10825013,Open,8118759.75
A02428,Security,15400948,Open,11550711.0
A02428,Applications,14969088,Open,11226816.0
A02428,Integration,14998740,Open,11249055.0
A02429,Infrastructure,4007290,Open,3005467.5
A02429,Database,15228385,Open,11421288.75
A02429,Security,10333000,Open,7749750.0
A02429,Applications,6835676,Open,5126757.0
A02429,Integration,1139049,Open,854286.75
A02430,Infrastructure,4071525,Open,3053643.75
A02430,Database,5566302,Open,4174726.5
A02430,Analytics & Data,14784792,Open,11088594.0
A02430,AI & ML,3437877,Open,2578407.75
A02430,Applications,7686657,Open,5764992.75
A02430,Integration,14592189,Open,10944141.75
A02431,Infrastructure,6672653,Open,5004489.75
A02431,Database,14892448,Open,11169336.0
A02431,Analytics & Data,15169436,Open,11377077.0
A02431,AI & ML,8751543,Open,6563657.25
A02431,Security,14941588,Open,11206191.0
A02431,Applications,4525312,Open,3393984.0
A02431,Integration,14834103,Open,11125577.25
A02432,Infrastructure,5293661,Open,3970245.75
A02432,Analytics & Data,10352905,Open,7764678.75
A02432,AI & ML,7841779,Open,5881334.25
A02432,Security,7824140,Open,5868105.0
A02432,Applications,9888116,Open,7416087.0
A02432,Integration,7080081,Open,5310060.75
A02433,Infrastructure,9155836,Open,6866877.0
A02433,Database,4621874,Open,3466405.5
A02433,Analytics & Data,14712112,Open,11034084.0
A02433,AI & ML,10237873,Open,7678404.75
A02434,Infrastructure,932690,Open,699517.5
A02434,Database,9329098,Open,6996823.5
A02434,Analytics & Data,4018775,Open,3014081.25
A02434,AI & ML,3194646,Open,2395984.5
A02434,Applications,6545695,Open,4909271.25
A02435,Infrastructure,5877179,Open,4407884.25
A02435,Analytics & Data,3700458,Open,2775343.5
A02435,AI & ML,4974150,Open,3730612.5
A02435,Applications,1479688,Open,1109766.0
A02435,Integration,6658985,Open,4994238.75
A02436,Infrastructure,15141797,Open,11356347.75
A02436,Database,14589600,Open,10942200.0
A02436,Analytics & Data,4419982,Open,3314986.5
A02436,AI & ML,4471952,Open,3353964.0
A02436,Security,14820901,Open,11115675.75
A02436,Integration,14818627,Open,11113970.25
A02437,Integration,2479973,Open,1859979.75
A02438,Infrastructure,15335220,Open,11501415.0
A02438,Database,14921788,Open,11191341.0
A02438,Analytics & Data,6991212,Open,5243409.0
A02438,AI & ML,14631372,Open,10973529.0
A02438,Security,10942873,Open,8207154.75
A02438,Applications,15117973,Open,11338479.75
A02438,Integration,14650425,Open,10987818.75
A02439,Integration,7000508,Open,5250381.0
A02440,AI & ML,2010989,Open,1508241.75
A02440,Integration,3472841,Open,2604630.75
A02441,Infrastructure,5801374,Open,4351030.5
A02441,Database,6970568,Open,5227926.0
A02441,Analytics & Data,15030267,Open,11272700.25
A02441,AI & ML,8637275,Open,6477956.25
A02441,Security,8257744,Open,6193308.0
A02441,Integration,4592207,Open,3444155.25
A02442,Analytics & Data,7679625,Open,5759718.75
A02442,AI & ML,1001627,Open,751220.25
A02442,Security,166797,Open,125097.75
A02442,Integration,2385160,Open,1788870.0
A02443,Infrastructure,15152588,Open,11364441.0
A02443,Database,5331739,Open,3998804.25
A02443,AI & ML,3075791,Open,2306843.25
A02443,Security,1066932,Open,800199.0
A02443,Integration,15068983,Open,11301737.25
A02444,Infrastructure,2701138,Open,2025853.5
A02444,Analytics & Data,2105171,Open,1578878.25
A02444,AI & ML,276544,Open,207408.0
A02444,Security,8022063,Open,6016547.25
A02444,Applications,2829316,Open,2121987.0
A02445,Database,6453812,Open,4840359.0
A02445,AI & ML,7425137,Open,5568852.75
A02445,Integration,10029885,Open,7522413.75
A02446,Security,6699386,Open,5024539.5
A02446,Integration,15165757,Open,11374317.75
A02447,Database,6477984,Open,4858488.0
A02447,Analytics & Data,9905036,Open,7428777.0
A02447,Security,10356814,Open,7767610.5
A02447,Applications,5017217,Open,3762912.75
A02447,Integration,11052876,Open,8289657.0
A02448,Infrastructure,10724543,Open,8043407.25
A02448,Analytics & Data,14647949,Open,10985961.75
A02448,AI & ML,6932063,Open,5199047.25
A02448,Integration,5824938,Open,4368703.5
A02449,Infrastructure,15198080,Open,11398560.0
A02449,Analytics & Data,14895285,Open,11171463.75
A02449,AI & ML,10137759,Open,7603319.25
A02449,Integration,15479020,Open,11609265.0
A02450,Infrastructure,205999,Open,154499.25
A02450,Database,154746,Open,116059.5
A02450,AI & ML,2498093,Open,1873569.75
A02451,Infrastructure,8756872,Open,6567654.0
A02451,Database,4068784,Open,3051588.0
A02451,Analytics & Data,933714,Open,700285.5
A02451,AI & ML,9612949,Open,7209711.75
A02451,Security,9645728,Open,7234296.0
A02451,Applications,7706385,Open,5779788.75
A02451,Integration,4796630,Open,3597472.5
A02452,Database,4021355,Open,3016016.25
A02452,Analytics & Data,7675819,Open,5756864.25
A02452,Applications,3163833,Open,2372874.75
A02453,Analytics & Data,910282,Open,682711.5
A02453,Security,15049531,Open,11287148.25
A02453,Integration,6068004,Open,4551003.0
A02454,Analytics & Data,10723768,Open,8042826.0
A02454,Applications,9874840,Open,7406130.0
A02454,Integration,1025187,Open,768890.25
A02455,Analytics & Data,8320750,Open,6240562.5
A02455,Security,8058982,Open,6044236.5
A02456,Infrastructure,14924346,Open,11193259.5
A02456,Database,6523112,Open,4892334.0
A02456,Security,8628008,Open,6471006.0
A02456,Applications,7799579,Open,5849684.25
A02456,Integration,4816275,Open,3612206.25
A02457,Security,10744806,Open,8058604.5
A02458,Infrastructure,3315418,Open,2486563.5
A02458,Database,15092023,Open,11319017.25
A02458,Analytics & Data,14753647,Open,11065235.25
A02458,Security,15274397,Open,11455797.75
A02458,Applications,8070312,Open,6052734.0
A02459,Infrastructure,2098494,Open,1573870.5
A02459,Database,6310238,Open,4732678.5
A02459,AI & ML,2292362,Open,1719271.5
A02459,Security,3344924,Open,2508693.0
A02459,Applications,8382164,Open,6286623.0
A02459,Integration,9553256,Open,7164942.0
A02460,Analytics & Data,4059860,Open,3044895.0
A02460,Integration,10929059,Open,8196794.25
A02461,Infrastructure,15373100,Open,11529825.0
A02461,Database,15111719,Open,11333789.25
A02461,Analytics & Data,14604722,Open,10953541.5
A02461,AI & ML,14961391,Open,11221043.25
A02461,Security,5899550,Open,4424662.5
A02461,Applications,14665555,Open,10999166.25
A02461,Integration,9107748,Open,6830811.0
A02462,Database,5254134,Open,3940600.5
A02462,Security,8664015,Open,6498011.25
A02463,Database,6362165,Open,4771623.75
A02463,Applications,3338902,Open,2504176.5
A02464,Database,7553532,Open,5665149.0
A02464,AI & ML,6672794,Open,5004595.5
A02464,Security,10714528,Open,8035896.0
A02464,Applications,15490886,Open,11618164.5
A02464,Integration,11105019,Open,8328764.25
A02465,Infrastructure,6472022,Open,4854016.5
A02465,Database,14853849,Open,11140386.75
A02465,Analytics & Data,8501990,Open,6376492.5
A02465,AI & ML,15386094,Open,11539570.5
A02465,Applications,5154709,Open,3866031.75
A02465,Integration,10234781,Open,7676085.75
A02466,Infrastructure,15214634,Open,11410975.5
A02466,Database,15313621,Open,11485215.75
A02466,AI & ML,14813239,Open,11109929.25
A02467,Infrastructure,10980854,Open,8235640.5
A02467,Database,10735950,Open,8051962.5
A02467,Analytics & Data,3662099,Open,2746574.25
A02467,AI & ML,8370632,Open,6277974.0
A02467,Security,3936553,Open,2952414.75
A02468,AI & ML,1250965,Open,938223.75
A02469,Infrastructure,15483330,Open,11612497.5
A02469,Database,15163765,Open,11372823.75
A02469,Analytics & Data,15177605,Open,11383203.75
A02469,Security,14855054,Open,11141290.5
A02469,Applications,14572198,Open,10929148.5
A02469,Integration,7626819,Open,5720114.25
A02470,AI & ML,8623783,Open,6467837.25
A02470,Applications,1121834,Open,841375.5
A02471,Security,5305181,Open,3978885.75
A02471,Applications,4334313,Open,3250734.75
A02471,Integration,3585214,Open,2688910.5
A02472,Infrastructure,14707725,Open,11030793.75
A02472,Database,15227699,Open,11420774.25
A02472,Analytics & Data,14804324,Open,11103243.0
A02472,AI & ML,15135301,Open,11351475.75
A02472,Security,15304212,Open,11478159.0
A02472,Applications,15438089,Open,11578566.75
A02472,Integration,15127942,Open,11345956.5
A02473,Database,15479519,Open,11609639.25
A02473,AI & ML,14969048,Open,11226786.0
A02473,Security,8869814,Open,6652360.5
A02473,Applications,14765665,Open,11074248.75
A02473,Integration,5512209,Open,4134156.75
A02474,AI & ML,9015640,Open,6761730.0
A02475,Infrastructure,14782573,Open,11086929.75
A02475,Database,15226792,Open,11420094.0
A02475,Analytics & Data,15364657,Open,11523492.75
A02475,AI & ML,15048689,Open,11286516.75
A02475,Security,14984353,Open,11238264.75
A02475,Integration,14670215,Open,11002661.25
A02476,Infrastructure,2627603,Open,1970702.25
A02476,Integration,583392,Open,437544.0
A02477,Database,4942251,Open,3706688.25
A02477,AI & ML,15117164,Open,11337873.0
A02477,Applications,7971535,Open,5978651.25
A02478,Infrastructure,9545474,Open,7159105.5
A02478,Database,14917994,Open,11188495.5
A02478,Analytics & Data,8216532,Open,6162399.0
A02478,AI & ML,8154178,Open,6115633.5
A02478,Security,8797933,Open,6598449.75
A02478,Integration,15100047,Open,11325035.25
A02479,Infrastructure,15268123,Open,11451092.25
A02479,Database,15226963,Open,11420222.25
A02479,Analytics & Data,4118234,Open,3088675.5
A02479,AI & ML,6406751,Open,4805063.25
A02479,Security,2324082,Open,1743061.5
A02479,Integration,15058182,Open,11293636.5
A02480,Database,599212,Open,449409.0
A02481,Database,10181900,Open,7636425.0
A02481,Analytics & Data,15499634,Open,11624725.5
A02481,AI & ML,14958150,Open,11218612.5
A02481,Security,3492970,Open,2619727.5
A02481,Integration,14935246,Open,11201434.5
A02482,Security,1731567,Open,1298675.25
A02482,Applications,1550992,Open,1163244.0
A02483,Analytics & Data,2391329,Open,1793496.75
A02483,AI & ML,5326385,Open,3994788.75
A02484,Applications,5800156,Open,4350117.0
A02484,Integration,6797744,Open,5098308.0
A02485,Infrastructure,14784414,Open,11088310.5
A02485,Database,7365582,Open,5524186.5
A02485,Analytics & Data,9043567,Open,6782675.25
A02485,Integration,4770387,Open,3577790.25
A02486,Analytics & Data,4775402,Open,3581551.5
A02486,Security,677138,Open,507853.5
A02486,Applications,4365643,Open,3274232.25
A02487,Infrastructure,14646360,Open,10984770.0
A02487,Database,15195288,Open,11396466.0
A02487,Analytics & Data,15440705,Open,11580528.75
A02487,AI & ML,14665028,Open,10998771.0
A02487,Integration,14776422,Open,11082316.5
A02488,Infrastructure,14683315,Open,11012486.25
A02488,Database,5439732,Open,4079799.0
A02488,AI & ML,15297363,Open,11473022.25
A02488,Security,15195979,Open,11396984.25
A02488,Applications,4520183,Open,3390137.25
A02488,Integration,15016540,Open,11262405.0
A02489,Applications,2177277,Open,1632957.75
A02490,Infrastructure,9204552,Open,6903414.0
A02490,AI & ML,10267506,Open,7700629.5
A02490,Security,3081870,Open,2311402.5
A02490,Applications,10836597,Open,8127447.75
A02490,Integration,5179265,Open,3884448.75
A02491,Infrastructure,15442777,Open,11582082.75
A02491,Analytics & Data,14864938,Open,11148703.5
A02491,AI & ML,15178592,Open,11383944.0
A02491,Security,1396906,Open,1047679.5
A02491,Integration,1436189,Open,1077141.75
A02492,Analytics & Data,2273776,Open,1705332.0
A02492,AI & ML,8622115,Open,6466586.25
A02492,Security,6734714,Open,5051035.5
A02494,Infrastructure,10493616,Open,7870212.0
A02494,Applications,2902021,Open,2176515.75
A02496,Infrastructure,673037,Open,504777.75
A02496,Applications,397861,Open,298395.75
A02497,Integration,2612472,Open,1959354.0
A02498,Analytics & Data,1463549,Open,1097661.75
A02498,Integration,9938415,Open,7453811.25
A02499,Security,1858577,Open,1393932.75
A02500,Infrastructure,2724800,Open,2043600.0
A02500,Applications,4197850,Open,3148387.5
A02501,Database,14632358,Open,10974268.5
A02501,Analytics & Data,14640688,Open,10980516.0
A02501,AI & ML,14638546,Open,10978909.5
A02501,Applications,992379,Open,744284.25
A02501,Integration,10391578,Open,7793683.5
A02503,Infrastructure,10172399,Open,7629299.25
A02503,Analytics & Data,14807476,Open,11105607.0
A02503,Applications,6176927,Open,4632695.25
A02504,Database,6201640,Open,4651230.0
A02504,Analytics & Data,10439424,Open,7829568.0
A02504,Security,4873703,Open,3655277.25
A02504,Applications,693431,Open,520073.25
A02504,Integration,15192837,Open,11394627.75
A02505,Database,10229544,Open,7672158.0
A02505,AI & ML,2059162,Open,1544371.5
A02505,Security,5186835,Open,3890126.25
A02505,Integration,1230924,Open,923193.0
A02506,AI & ML,9087056,Open,6815292.0
A02506,Applications,3130619,Open,2347964.25
A02507,Infrastructure,2151474,Open,1613605.5
A02507,Applications,1169849,Open,877386.75
A02508,AI & ML,647018,Open,485263.5
A02509,Infrastructure,5766082,Open,4324561.5
A02509,Database,4340549,Open,3255411.75
A02509,Analytics & Data,8569937,Open,6427452.75
A02509,AI & ML,10056666,Open,7542499.5
A02509,Security,15147700,Open,11360775.0
A02509,Applications,3772842,Open,2829631.5
A02509,Integration,4859174,Open,3644380.5
A02510,Analytics & Data,1736257,Open,1302192.75
A02510,Security,4754031,Open,3565523.25
A02510,Applications,4889280,Open,3666960.0
A02511,Infrastructure,4438164,Open,3328623.0
A02511,AI & ML,5701119,Open,4275839.25
A02511,Security,10012791,Open,7509593.25
A02511,Applications,4092444,Open,3069333.0
A02512,Infrastructure,15440864,Open,11580648.0
A02512,Analytics & Data,8865672,Open,6649254.0
A02513,Infrastructure,15497199,Open,11622899.25
A02513,Database,14704998,Open,11028748.5
A02513,AI & ML,14871535,Open,11153651.25
A02513,Security,4131538,Open,3098653.5
A02513,Applications,248900,Open,186675.0
A02513,Integration,10132869,Open,7599651.75
A02514,Infrastructure,14911695,Open,11183771.25
A02514,Database,14768179,Open,11076134.25
A02514,Analytics & Data,15244497,Open,11433372.75
A02514,Applications,14714945,Open,11036208.75
A02514,Integration,15041054,Open,11280790.5
A02515,Database,14802973,Open,11102229.75
A02515,Analytics & Data,15309461,Open,11482095.75
A02515,Security,3813165,Open,2859873.75
A02515,Integration,2050088,Open,1537566.0
A02516,Database,730431,Open,547823.25
A02516,Analytics & Data,7982302,Open,5986726.5
A02516,AI & ML,4737207,Open,3552905.25
A02516,Security,15200435,Open,11400326.25
A02516,Integration,10749404,Open,8062053.0
A02517,Infrastructure,14940603,Open,11205452.25
A02517,Database,14972550,Open,11229412.5
A02517,AI & ML,14758420,Open,11068815.0
A02517,Security,15227766,Open,11420824.5
A02517,Applications,14995923,Open,11246942.25
A02517,Integration,14821057,Open,11115792.75
A02518,Infrastructure,14995326,Open,11246494.5
A02518,Database,8765944,Open,6574458.0
A02518,Security,2690622,Open,2017966.5
A02518,Applications,15345406,Open,11509054.5
A02519,AI & ML,5402824,Open,4052118.0
A02520,Analytics & Data,9514013,Open,7135509.75
A02520,AI & ML,887828,Open,665871.0
A02520,Integration,11077116,Open,8307837.0
A02521,Analytics & Data,4105628,Open,3079221.0
A02521,Applications,4668131,Open,3501098.25
A02522,Analytics & Data,11133286,Open,8349964.5
A02522,Security,3248340,Open,2436255.0
A02522,Applications,14663410,Open,10997557.5
A02522,Integration,9211422,Open,6908566.5
A02523,Infrastructure,2308709,Open,1731531.75
A02523,Database,5389078,Open,4041808.5
A02523,Analytics & Data,5462137,Open,4096602.75
A02523,AI & ML,4062576,Open,3046932.0
A02524,Infrastructure,741135,Open,555851.25
A02524,Integration,2793631,Open,2095223.25
A02525,Database,15011578,Open,11258683.5
A02525,AI & ML,6809621,Open,5107215.75
A02525,Integration,5531278,Open,4148458.5
A02526,Infrastructure,8837995,Open,6628496.25
A02526,Analytics & Data,7332688,Open,5499516.0
A02526,Applications,8867265,Open,6650448.75
A02526,Integration,7789554,Open,5842165.5
A02527,Analytics & Data,5270658,Open,3952993.5
A02527,Security,10894580,Open,8170935.0
A02527,Integration,754498,Open,565873.5
A02528,Infrastructure,15497230,Open,11622922.5
A02528,Analytics & Data,14955239,Open,11216429.25
A02528,AI & ML,886683,Open,665012.25
A02528,Applications,4472264,Open,3354198.0
A02528,Integration,14661084,Open,10995813.0
A02529,Database,9343356,Open,7007517.0
A02530,Infrastructure,894976,Open,671232.0
A02530,Analytics & Data,5549125,Open,4161843.75
A02530,AI & ML,5757232,Open,4317924.0
A02531,Infrastructure,15191100,Open,11393325.0
A02531,Database,14970674,Open,11228005.5
A02531,Analytics & Data,15060885,Open,11295663.75
A02531,AI & ML,9390776,Open,7043082.0
A02531,Security,14629777,Open,10972332.75
A02531,Applications,15111036,Open,11333277.0
A02531,Integration,15444221,Open,11583165.75
A02532,Database,7630628,Open,5722971.0
A02532,AI & ML,6850693,Open,5138019.75
A02532,Security,9173944,Open,6880458.0
A02532,Applications,10891004,Open,8168253.0
A02532,Integration,15346594,Open,11509945.5
A02534,Analytics & Data,7320598,Open,5490448.5
A02534,AI & ML,6418907,Open,4814180.25
A02534,Security,6638518,Open,4978888.5
A02535,AI & ML,7402173,Open,5551629.75
A02535,Applications,10907896,Open,8180922.0
A02536,Integration,4640913,Open,3480684.75
A02537,Database,8196557,Open,6147417.75
A02537,Analytics & Data,14899035,Open,11174276.25
A02538,Security,8957368,Open,6718026.0
A02538,Integration,15331980,Open,11498985.0
A02539,Infrastructure,781620,Open,586215.0
A02539,Analytics & Data,636585,Open,477438.75
A02539,AI & ML,15088161,Open,11316120.75
A02539,Security,6797615,Open,5098211.25
A02539,Applications,14913113,Open,11184834.75
A02539,Integration,6698730,Open,5024047.5
A02540,Integration,1782974,Open,1337230.5
A02541,Analytics & Data,6396423,Open,4797317.25
A02541,Security,2613167,Open,1959875.25
A02541,Applications,10838344,Open,8128758.0
A02542,Infrastructure,15296704,Open,11472528.0
A02542,Analytics & Data,10709966,Open,8032474.5
A02542,Security,9739864,Open,7304898.0
A02543,Database,9487721,Open,7115790.75
A02543,Integration,6703862,Open,5027896.5
A02544,Database,5149543,Open,3862157.25
A02544,Analytics & Data,8136348,Open,6102261.0
A02544,AI & ML,4266907,Open,3200180.25
A02544,Security,4998316,Open,3748737.0
A02544,Applications,7876155,Open,5907116.25
A02544,Integration,6377550,Open,4783162.5
A02545,Infrastructure,7461828,Open,5596371.0
A02545,Database,15429366,Open,11572024.5
A02545,Security,10041547,Open,7531160.25
A02545,Applications,14917586,Open,11188189.5
A02545,Integration,15463770,Open,11597827.5
A02546,Applications,3810233,Open,2857674.75
A02547,Infrastructure,14575090,Open,10931317.5
A02547,Database,14995625,Open,11246718.75
A02547,AI & ML,15467026,Open,11600269.5
A02547,Security,2762924,Open,2072193.0
A02547,Integration,14866551,Open,11149913.25
A02548,Infrastructure,2250205,Open,1687653.75
A02549,Database,2805935,Open,2104451.25
A02549,Analytics & Data,11005375,Open,8254031.25
A02549,Security,6267446,Open,4700584.5
A02549,Applications,4134486,Open,3100864.5
A02550,Infrastructure,11115159,Open,8336369.25
A02550,Database,7649314,Open,5736985.5
A02550,AI & ML,1630641,Open,1222980.75
A02550,Security,9766259,Open,7324694.25
A02550,Applications,14744758,Open,11058568.5
A02550,Integration,15208893,Open,11406669.75
A02551,Security,1631731,Open,1223798.25
A02552,Infrastructure,7831906,Open,5873929.5
A02552,Database,14907850,Open,11180887.5
A02552,Analytics & Data,15399927,Open,11549945.25
A02552,AI & ML,6633555,Open,4975166.25
A02552,Security,5639116,Open,4229337.0
A02552,Applications,8208507,Open,6156380.25
A02553,Infrastructure,14974858,Open,11231143.5
A02553,Database,6078313,Open,4558734.75
A02553,Analytics & Data,9601109,Open,7200831.75
A02553,AI & ML,4062267,Open,3046700.25
A02553,Security,7942431,Open,5956823.25
A02553,Applications,923831,Open,692873.25
A02553,Integration,8055452,Open,6041589.0
A02555,Infrastructure,6842135,Open,5131601.25
A02555,Database,8424634,Open,6318475.5
A02555,AI & ML,10361960,Open,7771470.0
A02555,Security,8399800,Open,6299850.0
A02555,Applications,8506936,Open,6380202.0
A02555,Integration,1947698,Open,1460773.5
A02556,Infrastructure,6979641,Open,5234730.75
A02556,Database,15307031,Open,11480273.25
A02556,Analytics & Data,10664986,Open,7998739.5
A02556,AI & ML,14821835,Open,11116376.25
A02556,Security,8071508,Open,6053631.0
A02556,Applications,14648947,Open,10986710.25
A02556,Integration,14678848,Open,11009136.0
A02557,Database,4829131,Open,3621848.25
A02557,AI & ML,2919210,Open,2189407.5
A02557,Security,7505602,Open,5629201.5
A02557,Applications,10582479,Open,7936859.25
A02558,Infrastructure,14727692,Open,11045769.0
A02558,Database,15249231,Open,11436923.25
A02558,Analytics & Data,15218757,Open,11414067.75
A02558,AI & ML,15369541,Open,11527155.75
A02558,Security,14639197,Open,10979397.75
A02558,Applications,14857500,Open,11143125.0
A02558,Integration,14580420,Open,10935315.0
A02559,Infrastructure,14626911,Open,10970183.25
A02559,Database,9627293,Open,7220469.75
A02559,Analytics & Data,5261138,Open,3945853.5
A02559,AI & ML,15413487,Open,11560115.25
A02559,Security,15323021,Open,11492265.75
A02559,Applications,9572343,Open,7179257.25
A02559,Integration,8290485,Open,6217863.75
A02560,Infrastructure,14602279,Open,10951709.25
A02560,Database,4105291,Open,3078968.25
A02560,AI & ML,3810615,Open,2857961.25
A02561,Infrastructure,10862915,Open,8147186.25
A02561,Database,8289850,Open,6217387.5
A02561,Analytics & Data,10642548,Open,7981911.0
A02561,AI & ML,15108058,Open,11331043.5
A02561,Applications,15458964,Open,11594223.0
A02561,Integration,8693350,Open,6520012.5
A02562,Database,966449,Open,724836.75
A02562,Applications,4212590,Open,3159442.5
A02563,Database,7458231,Open,5593673.25
A02563,AI & ML,14995293,Open,11246469.75
A02563,Security,15372699,Open,11529524.25
A02563,Applications,15049574,Open,11287180.5
A02563,Integration,15191083,Open,11393312.25
A02564,Infrastructure,14840290,Open,11130217.5
A02564,Analytics & Data,15397333,Open,11547999.75
A02564,AI & ML,11003300,Open,8252475.0
A02564,Security,7533101,Open,5649825.75
A02564,Applications,11016217,Open,8262162.75
A02564,Integration,859150,Open,644362.5
A02565,Infrastructure,6282224,Open,4711668.0
A02565,Database,5944425,Open,4458318.75
A02565,Analytics & Data,8464122,Open,6348091.5
A02565,AI & ML,8747766,Open,6560824.5
A02565,Security,15426725,Open,11570043.75
A02565,Integration,8931969,Open,6698976.75
A02566,Infrastructure,4541571,Open,3406178.25
A02566,Database,15102780,Open,11327085.0
A02566,Applications,4229507,Open,3172130.25
A02567,Analytics & Data,9179474,Open,6884605.5
A02567,AI & ML,15118783,Open,11339087.25
A02567,Security,6375821,Open,4781865.75
A02567,Applications,6838162,Open,5128621.5
A02567,Integration,8998932,Open,6749199.0
A02568,Infrastructure,2361539,Open,1771154.25
A02569,Analytics & Data,3496673,Open,2622504.75
A02569,AI & ML,10715647,Open,8036735.25
A02570,Infrastructure,4627431,Open,3470573.25
A02570,Analytics & Data,842003,Open,631502.25
A02571,Infrastructure,6335414,Open,4751560.5
A02571,Database,3589567,Open,2692175.25
A02571,Analytics & Data,1897229,Open,1422921.75
A02571,AI & ML,4223190,Open,3167392.5
A02571,Security,9005299,Open,6753974.25
A02571,Applications,5111746,Open,3833809.5
A02571,Integration,15214696,Open,11411022.0
A02572,Infrastructure,6244180,Open,4683135.0
A02572,Security,2516606,Open,1887454.5
A02572,Applications,6486518,Open,4864888.5
A02572,Integration,8737302,Open,6552976.5
A02573,Infrastructure,4554756,Open,3416067.0
A02573,Database,15448302,Open,11586226.5
A02573,Analytics & Data,14794996,Open,11096247.0
A02573,AI & ML,15070553,Open,11302914.75
A02573,Security,7569912,Open,5677434.0
A02573,Applications,8038000,Open,6028500.0
A02573,Integration,15293539,Open,11470154.25
A02574,Analytics & Data,1400202,Open,1050151.5
A02575,Database,8344531,Open,6258398.25
A02575,AI & ML,10056133,Open,7542099.75
A02575,Applications,2673824,Open,2005368.0
A02575,Integration,3224288,Open,2418216.0
A02576,Infrastructure,2009222,Open,1506916.5
A02576,AI & ML,9968899,Open,7476674.25
A02576,Applications,15280184,Open,11460138.0
A02576,Integration,1823020,Open,1367265.0
A02577,Infrastructure,4963407,Open,3722555.25
A02577,Database,14768873,Open,11076654.75
A02577,AI & ML,10710855,Open,8033141.25
A02577,Security,5613201,Open,4209900.75
A02577,Applications,4285568,Open,3214176.0
A02577,Integration,6290098,Open,4717573.5
A02579,Infrastructure,3777643,Open,2833232.25
A02579,Analytics & Data,688840,Open,516630.0
A02579,Security,1309094,Open,981820.5
A02579,Applications,1501892,Open,1126419.0
A02580,Infrastructure,15208859,Open,11406644.25
A02580,Database,6744862,Open,5058646.5
A02580,Analytics & Data,5203092,Open,3902319.0
A02580,AI & ML,6104227,Open,4578170.25
A02580,Security,9181818,Open,6886363.5
A02580,Applications,14649039,Open,10986779.25
A02580,Integration,15387830,Open,11540872.5
A02581,Infrastructure,15177019,Open,11382764.25
A02581,Database,7658172,Open,5743629.0
A02581,Analytics & Data,5338711,Open,4004033.25
A02581,Security,881876,Open,661407.0
A02581,Applications,15141705,Open,11356278.75
A02581,Integration,4492369,Open,3369276.75
A02582,Infrastructure,10607714,Open,7955785.5
A02582,Analytics & Data,2028487,Open,1521365.25
A02582,Applications,3233829,Open,2425371.75
A02583,Infrastructure,3896224,Open,2922168.0
A02583,Analytics & Data,775112,Open,581334.0
A02584,Infrastructure,7562077,Open,5671557.75
A02584,Database,8525506,Open,6394129.5
A02584,Analytics & Data,6396342,Open,4797256.5
A02584,Security,7326898,Open,5495173.5
A02584,Integration,9188798,Open,6891598.5
A02585,Database,4293357,Open,3220017.75
A02585,Analytics & Data,14967805,Open,11225853.75
A02585,AI & ML,14847710,Open,11135782.5
A02585,Applications,5722981,Open,4292235.75
A02585,Integration,15033633,Open,11275224.75
A02586,Database,8595112,Open,6446334.0
A02587,Database,14938688,Open,11204016.0
A02587,Analytics & Data,15299279,Open,11474459.25
A02587,AI & ML,15282087,Open,11461565.25
A02587,Security,14633151,Open,10974863.25
A02587,Applications,15490029,Open,11617521.75
A02587,Integration,9522138,Open,7141603.5
A02588,Analytics & Data,8970611,Open,6727958.25
A02588,AI & ML,6188519,Open,4641389.25
A02588,Security,7241227,Open,5430920.25
A02588,Applications,6151549,Open,4613661.75
A02588,Integration,9395380,Open,7046535.0
A02590,Database,1737137,Open,1302852.75
A02590,Analytics & Data,1462419,Open,1096814.25
A02590,AI & ML,2730391,Open,2047793.25
A02590,Security,910034,Open,682525.5
A02590,Applications,895594,Open,671695.5
A02591,Analytics & Data,10052646,Open,7539484.5
A02591,Security,15183410,Open,11387557.5
A02592,Applications,2575819,Open,1931864.25
A02593,Infrastructure,712038,Open,534028.5
A02594,Infrastructure,10350594,Open,7762945.5
A02595,AI & ML,4007059,Open,3005294.25
A02596,Analytics & Data,8926038,Open,6694528.5
A02596,AI & ML,9114018,Open,6835513.5
A02596,Security,4464045,Open,3348033.75
A02597,Infrastructure,5321175,Open,3990881.25
A02597,Security,1654806,Open,1241104.5
A02598,Database,3331378,Open,2498533.5
A02598,AI & ML,5185600,Open,3889200.0
A02598,Security,1593712,Open,1195284.0
A02598,Applications,10304723,Open,7728542.25
A02599,Infrastructure,6082319,Open,4561739.25
A02600,Infrastructure,6706828,Open,5030121.0
A02600,Database,7126642,Open,5344981.5
A02600,AI & ML,14743205,Open,11057403.75
A02600,Integration,1074832,Open,806124.0
A02602,Analytics & Data,7230759,Open,5423069.25
A02602,AI & ML,15057347,Open,11293010.25
A02602,Security,15095082,Open,11321311.5
A02602,Applications,15040727,Open,11280545.25
A02602,Integration,14863854,Open,11147890.5
A02603,Analytics & Data,1058960,Open,794220.0
A02603,Security,2729325,Open,2046993.75
A02603,Integration,1474452,Open,1105839.0
A02604,Infrastructure,1941718,Open,1456288.5
A02604,Database,14593627,Open,10945220.25
A02604,Analytics & Data,10841710,Open,8131282.5
A02604,Applications,4493124,Open,3369843.0
A02604,Integration,4933959,Open,3700469.25
A02605,Infrastructure,15395795,Open,11546846.25
A02605,Analytics & Data,7544787,Open,5658590.25
A02605,AI & ML,2183360,Open,1637520.0
A02605,Security,8839075,Open,6629306.25
A02606,Infrastructure,15095993,Open,11321994.75
A02606,Database,6748773,Open,5061579.75
A02606,Analytics & Data,10967202,Open,8225401.5
A02606,Integration,15443153,Open,11582364.75
A02607,Infrastructure,2021091,Open,1515818.25
A02608,Infrastructure,8640438,Open,6480328.5
A02608,Applications,162485,Open,121863.75
A02609,Infrastructure,14665989,Open,10999491.75
A02609,Database,14597539,Open,10948154.25
A02609,Analytics & Data,15272218,Open,11454163.5
A02609,AI & ML,14570531,Open,10927898.25
A02609,Applications,3017368,Open,2263026.0
A02609,Integration,14883513,Open,11162634.75
A02610,Infrastructure,15255428,Open,11441571.0
A02610,Analytics & Data,2165411,Open,1624058.25
A02610,AI & ML,1738993,Open,1304244.75
A02610,Security,7463646,Open,5597734.5
A02610,Applications,6074383,Open,4555787.25
A02610,Integration,14935594,Open,11201695.5
A02611,Database,15489462,Open,11617096.5
A02611,AI & ML,14735571,Open,11051678.25
A02611,Security,5601617,Open,4201212.75
A02611,Applications,14692555,Open,11019416.25
A02611,Integration,14725805,Open,11044353.75
A02612,Infrastructure,15064780,Open,11298585.0
A02612,Database,7959501,Open,5969625.75
A02612,Analytics & Data,1629300,Open,1221975.0
A02612,Security,9563399,Open,7172549.25
A02612,Applications,14905372,Open,11179029.0
A02613,Database,14840888,Open,11130666.0
A02613,AI & ML,15137899,Open,11353424.25
A02613,Security,15443097,Open,11582322.75
A02613,Applications,6152851,Open,4614638.25
A02613,Integration,14755482,Open,11066611.5
A02614,Security,3516648,Open,2637486.0
A02614,Applications,14588788,Open,10941591.0
A02614,Integration,8481181,Open,6360885.75
A02615,Infrastructure,9936694,Open,7452520.5
A02615,AI & ML,3978150,Open,2983612.5
A02615,Integration,6100607,Open,4575455.25
A02616,AI & ML,3923889,Open,2942916.75
A02616,Security,1320354,Open,990265.5
A02616,Integration,10279765,Open,7709823.75
A02619,Analytics & Data,1729480,Open,1297110.0
A02619,Integration,8791455,Open,6593591.25
A02620,Analytics & Data,3509156,Open,2631867.0
A02620,AI & ML,4992291,Open,3744218.25
A02620,Security,8465922,Open,6349441.5
A02620,Applications,10630800,Open,7973100.0
A02621,Integration,153294,Open,114970.5
A02623,Infrastructure,5475492,Open,4106619.0
A02623,Database,8288339,Open,6216254.25
A02623,Analytics & Data,14609316,Open,10956987.0
A02623,Security,7373633,Open,5530224.75
A02623,Applications,15388673,Open,11541504.75
A02623,Integration,11113820,Open,8335365.0
A02624,Infrastructure,14651633,Open,10988724.75
A02624,Analytics & Data,14600035,Open,10950026.25
A02624,AI & ML,4643575,Open,3482681.25
A02624,Security,10608623,Open,7956467.25
A02624,Applications,10095608,Open,7571706.0
A02624,Integration,10801100,Open,8100825.0
A02625,AI & ML,756488,Open,567366.0
A02626,Infrastructure,2803245,Open,2102433.75
A02626,Database,6871242,Open,5153431.5
A02626,Security,4140997,Open,3105747.75
A02626,Integration,5348969,Open,4011726.75
A02627,Infrastructure,1775099,Open,1331324.25
A02627,Database,6204188,Open,4653141.0
A02627,AI & ML,4752393,Open,3564294.75
A02627,Security,6834970,Open,5126227.5
A02627,Applications,1842499,Open,1381874.25
A02627,Integration,14816684,Open,11112513.0
A02628,Infrastructure,7879977,Open,5909982.75
A02628,Database,6617675,Open,4963256.25
A02628,Analytics & Data,7555953,Open,5666964.75
A02628,Security,5246842,Open,3935131.5
A02628,Applications,3490646,Open,2617984.5
A02628,Integration,15204503,Open,11403377.25
A02629,Infrastructure,15262660,Open,11446995.0
A02629,Database,15087852,Open,11315889.0
A02629,AI & ML,7308261,Open,5481195.75
A02629,Security,922697,Open,692022.75
A02629,Applications,14687798,Open,11015848.5
A02629,Integration,15313192,Open,11484894.0
A02630,Infrastructure,5665861,Open,4249395.75
A02630,Analytics & Data,6679841,Open,5009880.75
A02630,AI & ML,15204286,Open,11403214.5
A02630,Security,15056297,Open,11292222.75
A02630,Integration,9508397,Open,7131297.75
A02631,Database,4085660,Open,3064245.0
A02631,AI & ML,14804188,Open,11103141.0
A02631,Applications,1245648,Open,934236.0
A02631,Integration,14678979,Open,11009234.25
A02632,Database,9134453,Open,6850839.75
A02632,Analytics & Data,15354746,Open,11516059.5
A02632,AI & ML,7805824,Open,5854368.0
A02633,Infrastructure,4865221,Open,3648915.75
A02633,Database,14669673,Open,11002254.75
A02633,AI & ML,14860760,Open,11145570.0
A02633,Integration,6263615,Open,4697711.25
A02635,Infrastructure,10746786,Open,8060089.5
A02635,Database,8918857,Open,6689142.75
A02635,AI & ML,10649470,Open,7987102.5
A02635,Applications,3563944,Open,2672958.0
A02636,Analytics & Data,1051682,Open,788761.5
A02636,Integration,6253659,Open,4690244.25
A02637,Security,504409,Open,378306.75
A02638,Database,4275387,Open,3206540.25
A02638,Security,14580988,Open,10935741.0
A02639,Database,14647072,Open,10985304.0
A02639,Analytics & Data,14810464,Open,11107848.0
A02639,AI & ML,15316658,Open,11487493.5
A02639,Applications,5945903,Open,4459427.25
A02639,Integration,5203517,Open,3902637.75
A02640,Infrastructure,7837285,Open,5877963.75
A02640,Analytics & Data,10895328,Open,8171496.0
A02640,AI & ML,6309555,Open,4732166.25
A02640,Applications,133952,Open,100464.0
A02641,Database,5076012,Open,3807009.0
A02641,Analytics & Data,8316602,Open,6237451.5
A02641,Security,9455890,Open,7091917.5
A02641,Applications,4310183,Open,3232637.25
A02642,Infrastructure,4588150,Open,3441112.5
A02642,Database,14903422,Open,11177566.5
A02642,Security,6906893,Open,5180169.75
A02642,Applications,4196139,Open,3147104.25
A02642,Integration,8731576,Open,6548682.0
A02643,Applications,2654625,Open,1990968.75
A02643,Integration,8987226,Open,6740419.5
A02644,Infrastructure,15474774,Open,11606080.5
A02644,Database,5953705,Open,4465278.75
A02644,Analytics & Data,14765260,Open,11073945.0
A02644,AI & ML,14859597,Open,11144697.75
A02644,Security,14825644,Open,11119233.0
A02644,Applications,15055352,Open,11291514.0
A02644,Integration,8604525,Open,6453393.75
A02645,Infrastructure,5184369,Open,3888276.75
A02645,Security,7966998,Open,5975248.5
A02646,Infrastructure,4618390,Open,3463792.5
A02646,Applications,4664360,Open,3498270.0
A02647,Database,8902645,Open,6676983.75
A02647,Analytics & Data,4581373,Open,3436029.75
A02647,Applications,14711992,Open,11033994.0
A02647,Integration,10520821,Open,7890615.75
A02648,Analytics & Data,599882,Open,449911.5
A02649,Infrastructure,14612520,Open,10959390.0
A02649,Database,14589964,Open,10942473.0
A02649,Security,14624900,Open,10968675.0
A02649,Integration,14953684,Open,11215263.0
A02650,Infrastructure,14963880,Open,11222910.0
A02650,Database,15159274,Open,11369455.5
A02650,AI & ML,14897313,Open,11172984.75
A02650,Security,11070784,Open,8303088.0
A02650,Applications,8713519,Open,6535139.25
A02651,Security,10252203,Open,7689152.25
A02651,Integration,464165,Open,348123.75
A02652,Infrastructure,3250465,Open,2437848.75
A02652,AI & ML,3506875,Open,2630156.25
A02652,Security,14678808,Open,11009106.0
A02652,Applications,5278960,Open,3959220.0
A02652,Integration,15210643,Open,11407982.25
A02653,Analytics & Data,6356336,Open,4767252.0
A02654,AI & ML,490163,Open,367622.25
A02654,Security,7655489,Open,5741616.75
A02654,Applications,14595335,Open,10946501.25
A02654,Integration,4999596,Open,3749697.0
A02655,Infrastructure,14621877,Open,10966407.75
A02655,Analytics & Data,3005441,Open,2254080.75
A02655,AI & ML,8714801,Open,6536100.75
A02655,Security,9337883,Open,7003412.25
A02655,Integration,14579063,Open,10934297.25
A02656,Infrastructure,7889602,Open,5917201.5
A02656,Database,14593272,Open,10944954.0
A02656,AI & ML,8332700,Open,6249525.0
A02656,Security,4716567,Open,3537425.25
A02656,Applications,9018925,Open,6764193.75
A02657,Infrastructure,6705200,Open,5028900.0
A02657,Analytics & Data,1579061,Open,1184295.75
A02657,AI & ML,8689550,Open,6517162.5
A02658,Database,7751704,Open,5813778.0
A02658,Analytics & Data,3808442,Open,2856331.5
A02658,AI & ML,15194450,Open,11395837.5
A02658,Security,7441555,Open,5581166.25
A02658,Applications,14774485,Open,11080863.75
A02658,Integration,10752890,Open,8064667.5
A02659,Database,7806980,Open,5855235.0
A02659,Analytics & Data,15091785,Open,11318838.75
A02659,AI & ML,5057397,Open,3793047.75
A02660,Infrastructure,1012167,Open,759125.25
A02660,Analytics & Data,6325229,Open,4743921.75
A02660,Security,1107945,Open,830958.75
A02661,Infrastructure,14846973,Open,11135229.75
A02661,Database,6531297,Open,4898472.75
A02661,Analytics & Data,8537932,Open,6403449.0
A02661,AI & ML,5178373,Open,3883779.75
A02661,Security,4987651,Open,3740738.25
A02661,Applications,2961950,Open,2221462.5
A02661,Integration,14927603,Open,11195702.25
A02662,AI & ML,1691022,Open,1268266.5
A02662,Security,1105523,Open,829142.25
A02662,Integration,6385092,Open,4788819.0
A02663,Database,2907415,Open,2180561.25
A02663,AI & ML,10350476,Open,7762857.0
A02663,Security,1986047,Open,1489535.25
A02663,Applications,8733174,Open,6549880.5
A02663,Integration,15382597,Open,11536947.75
A02664,Database,8385585,Open,6289188.75
A02664,Applications,6883242,Open,5162431.5
A02665,Infrastructure,5008754,Open,3756565.5
A02665,Database,15086162,Open,11314621.5
A02665,Analytics & Data,14613890,Open,10960417.5
A02665,AI & ML,5513203,Open,4134902.25
A02665,Security,10001871,Open,7501403.25
A02665,Applications,8762217,Open,6571662.75
A02665,Integration,8705321,Open,6528990.75
A02666,Infrastructure,1067034,Open,800275.5
A02666,Database,6804278,Open,5103208.5
A02666,AI & ML,15310988,Open,11483241.0
A02667,Analytics & Data,15135072,Open,11351304.0
A02667,AI & ML,14634582,Open,10975936.5
A02667,Security,14990656,Open,11242992.0
A02667,Applications,15210607,Open,11407955.25
A02667,Integration,14751346,Open,11063509.5
A02668,Infrastructure,8104090,Open,6078067.5
A02668,Analytics & Data,2326878,Open,1745158.5
A02668,Applications,7876780,Open,5907585.0
A02668,Integration,3170869,Open,2378151.75
A02669,Analytics & Data,4172289,Open,3129216.75
A02669,Security,4221207,Open,3165905.25
A02669,Integration,5078387,Open,3808790.25
A02670,Infrastructure,15043476,Open,11282607.0
A02670,Database,10290729,Open,7718046.75
A02670,Analytics & Data,9452260,Open,7089195.0
A02670,AI & ML,10645037,Open,7983777.75
A02670,Security,10249665,Open,7687248.75
A02670,Applications,14967925,Open,11225943.75
A02670,Integration,9291039,Open,6968279.25
A02671,Analytics & Data,7443009,Open,5582256.75
A02671,Applications,15499931,Open,11624948.25
A02672,Infrastructure,14580383,Open,10935287.25
A02672,Database,8618627,Open,6463970.25
A02672,Analytics & Data,14913475,Open,11185106.25
A02672,AI & ML,14803977,Open,11102982.75
A02672,Security,15279738,Open,11459803.5
A02672,Integration,15014785,Open,11261088.75
A02673,Infrastructure,9795159,Open,7346369.25
A02673,Database,8662166,Open,6496624.5
A02673,Analytics & Data,14594253,Open,10945689.75
A02673,AI & ML,6675901,Open,5006925.75
A02673,Applications,7902700,Open,5927025.0
A02674,Database,2442547,Open,1831910.25
A02675,Security,2862621,Open,2146965.75
A02676,Database,3680263,Open,2760197.25
A02676,Analytics & Data,5822421,Open,4366815.75
A02676,AI & ML,3845979,Open,2884484.25
A02676,Security,6867198,Open,5150398.5
A02676,Applications,7664212,Open,5748159.0
A02676,Integration,2495262,Open,1871446.5
A02677,Analytics & Data,158364,Open,118773.0
A02678,Infrastructure,6202292,Open,4651719.0
A02678,Integration,693802,Open,520351.5
A02679,Infrastructure,4507201,Open,3380400.75
A02679,Security,10496373,Open,7872279.75
A02679,Applications,9911274,Open,7433455.5
A02679,Integration,8198609,Open,6148956.75
A02680,Infrastructure,7035504,Open,5276628.0
A02680,Database,218681,Open,164010.75
A02680,Analytics & Data,15465276,Open,11598957.0
A02680,Security,1735344,Open,1301508.0
A02680,Applications,6175359,Open,4631519.25
A02680,Integration,15019534,Open,11264650.5
A02681,Infrastructure,8105933,Open,6079449.75
A02681,AI & ML,9088360,Open,6816270.0
A02682,Infrastructure,15475622,Open,11606716.5
A02682,Database,14613463,Open,10960097.25
A02682,Analytics & Data,15221288,Open,11415966.0
A02682,AI & ML,14681815,Open,11011361.25
A02682,Security,9692019,Open,7269014.25
A02682,Applications,15263509,Open,11447631.75
A02682,Integration,14806575,Open,11104931.25
A02683,Infrastructure,8270057,Open,6202542.75
A02683,Database,10996591,Open,8247443.25
A02683,AI & ML,10843674,Open,8132755.5
A02683,Security,6867020,Open,5150265.0
A02683,Applications,7035791,Open,5276843.25
A02683,Integration,6214621,Open,4660965.75
A02684,Infrastructure,1759050,Open,1319287.5
A02684,Database,15334618,Open,11500963.5
A02684,AI & ML,6726616,Open,5044962.0
A02684,Security,10011393,Open,7508544.75
A02685,AI & ML,1112405,Open,834303.75
A02687,Analytics & Data,15438858,Open,11579143.5
A02687,AI & ML,7703799,Open,5777849.25
A02687,Security,14975349,Open,11231511.75
A02688,Infrastructure,3108384,Open,2331288.0
A02688,Database,10580738,Open,7935553.5
A02688,AI & ML,10810459,Open,8107844.25
A02688,Security,651302,Open,488476.5
A02688,Applications,2405433,Open,1804074.75
A02688,Integration,8011918,Open,6008938.5
A02689,Infrastructure,14652489,Open,10989366.75
A02689,Database,14994346,Open,11245759.5
A02689,Analytics & Data,15482276,Open,11611707.0
A02689,Security,15315955,Open,11486966.25
A02689,Applications,5571903,Open,4178927.25
A02690,Database,15219235,Open,11414426.25
A02690,AI & ML,10303742,Open,7727806.5
A02691,Infrastructure,10447445,Open,7835583.75
A02691,Database,2346385,Open,1759788.75
A02691,AI & ML,7665560,Open,5749170.0
A02691,Applications,10455502,Open,7841626.5
A02692,Infrastructure,458066,Open,343549.5
A02692,Database,3322833,Open,2492124.75
A02693,Analytics & Data,15015723,Open,11261792.25
A02693,Security,3818841,Open,2864130.75
A02693,Applications,7493930,Open,5620447.5
A02694,Infrastructure,10296754,Open,7722565.5
A02695,Infrastructure,14739054,Open,11054290.5
A02695,Database,15436293,Open,11577219.75
A02695,Analytics & Data,4155961,Open,3116970.75
A02695,Security,14677751,Open,11008313.25
A02695,Integration,15036734,Open,11277550.5
A02696,Infrastructure,14706956,Open,11030217.0
A02696,Analytics & Data,10753413,Open,8065059.75
A02696,AI & ML,15351832,Open,11513874.0
A02696,Security,8561454,Open,6421090.5
A02696,Integration,7938378,Open,5953783.5
A02697,Infrastructure,15233467,Open,11425100.25
A02697,Database,15337019,Open,11502764.25
A02697,AI & ML,4967213,Open,3725409.75
A02697,Security,14570574,Open,10927930.5
A02697,Applications,15226852,Open,11420139.0
A02697,Integration,1257835,Open,943376.25
A02698,Infrastructure,14823947,Open,11117960.25
A02698,Database,6308982,Open,4731736.5
A02698,Analytics & Data,10683099,Open,8012324.25
A02698,AI & ML,10308806,Open,7731604.5
A02698,Applications,8676298,Open,6507223.5
A02698,Integration,5875153,Open,4406364.75
A02699,Analytics & Data,5096114,Open,3822085.5
A02700,Infrastructure,3539467,Open,2654600.25
A02700,Database,8142900,Open,6107175.0
A02700,Analytics & Data,8747810,Open,6560857.5
A02700,Integration,3593634,Open,2695225.5
A02701,Database,7158937,Open,5369202.75
A02701,AI & ML,1937358,Open,1453018.5
A02701,Applications,9882646,Open,7411984.5
A02701,Integration,4123620,Open,3092715.0
A02702,Infrastructure,14737441,Open,11053080.75
A02702,Database,15010681,Open,11258010.75
A02702,Analytics & Data,14699328,Open,11024496.0
A02702,AI & ML,14674609,Open,11005956.75
A02702,Security,249918,Open,187438.5
A02702,Applications,14679897,Open,11009922.75
A02702,Integration,6795487,Open,5096615.25
A02703,Infrastructure,15300224,Open,11475168.0
A02703,Database,15381025,Open,11535768.75
A02703,Analytics & Data,2636123,Open,1977092.25
A02703,AI & ML,10075082,Open,7556311.5
A02703,Security,4909996,Open,3682497.0
A02703,Applications,3521965,Open,2641473.75
A02703,Integration,2388821,Open,1791615.75
A02704,Infrastructure,5074457,Open,3805842.75
A02704,Integration,550383,Open,412787.25
A02705,Security,4107732,Open,3080799.0
A02705,Integration,744928,Open,558696.0
A02706,Infrastructure,2772853,Open,2079639.75
A02706,Integration,2516284,Open,1887213.0
A02707,Analytics & Data,6203382,Open,4652536.5
A02707,Integration,1193709,Open,895281.75
A02709,Analytics & Data,14772791,Open,11079593.25
A02709,AI & ML,2428290,Open,1821217.5
A02709,Security,15186419,Open,11389814.25
A02709,Applications,15107150,Open,11330362.5
A02709,Integration,9947498,Open,7460623.5
A02710,Infrastructure,15032637,Open,11274477.75
A02710,Database,3926926,Open,2945194.5
A02710,Analytics & Data,15306943,Open,11480207.25
A02710,AI & ML,10786256,Open,8089692.0
A02710,Security,15268504,Open,11451378.0
A02710,Applications,15193143,Open,11394857.25
A02710,Integration,15037498,Open,11278123.5
A02711,Infrastructure,15005951,Open,11254463.25
A02711,AI & ML,9271444,Open,6953583.0
A02711,Applications,9938428,Open,7453821.0
A02711,Integration,5845113,Open,4383834.75
A02713,Infrastructure,6567665,Open,4925748.75
A02713,Database,5317050,Open,3987787.5
A02713,Analytics & Data,2008825,Open,1506618.75
A02713,AI & ML,3934057,Open,2950542.75
A02713,Integration,3137693,Open,2353269.75
A02714,Infrastructure,2605268,Open,1953951.0
A02714,Analytics & Data,698219,Open,523664.25
A02714,Integration,1745946,Open,1309459.5
A02715,Security,7770194,Open,5827645.5
A02717,Infrastructure,1922505,Open,1441878.75
A02717,AI & ML,10767971,Open,8075978.25
A02717,Integration,742392,Open,556794.0
A02718,Database,900594,Open,675445.5
A02718,Analytics & Data,3769625,Open,2827218.75
A02718,AI & ML,10638451,Open,7978838.25
A02718,Security,8045221,Open,6033915.75
A02718,Applications,7266882,Open,5450161.5
A02718,Integration,5704514,Open,4278385.5
A02719,Infrastructure,6712900,Open,5034675.0
A02719,Database,14894700,Open,11171025.0
A02719,Analytics & Data,4439824,Open,3329868.0
A02719,AI & ML,14670564,Open,11002923.0
A02719,Security,7388941,Open,5541705.75
A02719,Applications,8394492,Open,6295869.0
A02719,Integration,14975415,Open,11231561.25
A02720,Infrastructure,15302474,Open,11476855.5
A02720,AI & ML,14884849,Open,11163636.75
A02720,Security,9224324,Open,6918243.0
A02720,Integration,14848883,Open,11136662.25
A02721,Infrastructure,5091910,Open,3818932.5
A02721,Database,4039758,Open,3029818.5
A02721,Analytics & Data,14598994,Open,10949245.5
A02721,Integration,10545818,Open,7909363.5
A02722,Infrastructure,1763018,Open,1322263.5
A02722,Security,2203854,Open,1652890.5
A02722,Integration,7101279,Open,5325959.25
A02723,AI & ML,4546497,Open,3409872.75
A02724,AI & ML,1310059,Open,982544.25
A02725,Database,2676367,Open,2007275.25
A02725,Security,1796583,Open,1347437.25
A02725,Applications,9204658,Open,6903493.5
A02726,Analytics & Data,11109253,Open,8331939.75
A02727,Security,3029797,Open,2272347.75
A02728,Security,8249549,Open,6187161.75
A02728,Applications,4943598,Open,3707698.5
A02729,Analytics & Data,3117704,Open,2338278.0
A02729,Applications,1874548,Open,1405911.0
A02731,Infrastructure,14975626,Open,11231719.5
A02731,Database,15129024,Open,11346768.0
A02731,Analytics & Data,14856541,Open,11142405.75
A02731,AI & ML,15140532,Open,11355399.0
A02731,Security,14812968,Open,11109726.0
A02731,Applications,1188841,Open,891630.75
A02731,Integration,15429019,Open,11571764.25
A02732,Infrastructure,6128580,Open,4596435.0
A02732,Database,2368271,Open,1776203.25
A02732,Analytics & Data,7422429,Open,5566821.75
A02732,AI & ML,9208258,Open,6906193.5
A02732,Integration,7451992,Open,5588994.0
A02733,Database,8888191,Open,6666143.25
A02733,Analytics & Data,7107232,Open,5330424.0
A02733,AI & ML,10305167,Open,7728875.25
A02733,Integration,4456237,Open,3342177.75
A02734,Infrastructure,15497349,Open,11623011.75
A02734,AI & ML,7724079,Open,5793059.25
A02734,Security,1232509,Open,924381.75
A02735,Analytics & Data,3758000,Open,2818500.0
A02735,Security,8511895,Open,6383921.25
A02735,Applications,4050294,Open,3037720.5
A02735,Integration,5077396,Open,3808047.0
A02737,Infrastructure,677813,Open,508359.75
A02737,Database,4375879,Open,3281909.25
A02738,AI & ML,9104760,Open,6828570.0
A02738,Integration,5654625,Open,4240968.75
A02740,Database,4484270,Open,3363202.5
A02740,Security,14984331,Open,11238248.25
A02740,Applications,6353120,Open,4764840.0
A02740,Integration,1642525,Open,1231893.75
A02741,AI & ML,9006308,Open,6754731.0
A02741,Applications,3342422,Open,2506816.5
A02742,Infrastructure,2315087,Open,1736315.25
A02743,Database,8356089,Open,6267066.75
A02743,Analytics & Data,8411767,Open,6308825.25
A02743,AI & ML,3775349,Open,2831511.75
A02743,Security,5788837,Open,4341627.75
A02743,Applications,2351406,Open,1763554.5
A02743,Integration,3215467,Open,2411600.25
A02744,Infrastructure,9380720,Open,7035540.0
A02745,Database,5131229,Open,3848421.75
A02745,Integration,15394512,Open,11545884.0
A02746,Infrastructure,407585,Open,305688.75
A02746,Analytics & Data,2226734,Open,1670050.5
A02746,AI & ML,309718,Open,232288.5
A02746,Security,2252467,Open,1689350.25
A02747,Infrastructure,5867649,Open,4400736.75
A02747,Database,14778891,Open,11084168.25
A02747,Analytics & Data,14922382,Open,11191786.5
A02747,Security,10124498,Open,7593373.5
A02748,Infrastructure,15135152,Open,11351364.0
A02748,AI & ML,14805341,Open,11104005.75
A02748,Applications,14806405,Open,11104803.75
A02748,Integration,4661354,Open,3496015.5
A02749,Infrastructure,8572716,Open,6429537.0
A02749,Analytics & Data,7195544,Open,5396658.0
A02749,AI & ML,6558601,Open,4918950.75
A02749,Applications,8796450,Open,6597337.5
A02749,Integration,15096431,Open,11322323.25
A02750,Infrastructure,8698695,Open,6524021.25
A02750,Database,1758701,Open,1319025.75
A02750,Security,2006904,Open,1505178.0
A02751,Database,2184619,Open,1638464.25
A02751,AI & ML,4273703,Open,3205277.25
A02752,Infrastructure,15007218,Open,11255413.5
A02752,Database,15005803,Open,11254352.25
A02752,AI & ML,10102417,Open,7576812.75
A02752,Security,14893764,Open,11170323.0
A02752,Applications,14621244,Open,10965933.0
A02752,Integration,15000127,Open,11250095.25
A02753,Infrastructure,9516673,Open,7137504.75
A02753,Analytics & Data,15434428,Open,11575821.0
A02753,Integration,10498965,Open,7874223.75
A02755,Database,3600310,Open,2700232.5
A02755,AI & ML,9633356,Open,7225017.0
A02755,Security,9728061,Open,7296045.75
A02755,Integration,14857119,Open,11142839.25
A02756,Infrastructure,8127540,Open,6095655.0
A02756,Analytics & Data,1200685,Open,900513.75
A02756,AI & ML,8559094,Open,6419320.5
A02756,Integration,3852645,Open,2889483.75
A02757,AI & ML,3199291,Open,2399468.25
A02757,Integration,425011,Open,318758.25
A02758,Infrastructure,10265088,Open,7698816.0
A02758,Analytics & Data,7818230,Open,5863672.5
A02758,Security,14682678,Open,11012008.5
A02758,Applications,14947301,Open,11210475.75
A02759,Analytics & Data,15109875,Open,11332406.25
A02759,AI & ML,14699670,Open,11024752.5
A02759,Applications,14945460,Open,11209095.0
A02759,Integration,5240921,Open,3930690.75
A02760,Infrastructure,14723955,Open,11042966.25
A02760,Database,15102789,Open,11327091.75
A02760,Analytics & Data,14811134,Open,11108350.5
A02760,Security,14681095,Open,11010821.25
A02760,Applications,7101746,Open,5326309.5
A02760,Integration,5313773,Open,3985329.75
A02761,Database,5157673,Open,3868254.75
A02761,Analytics & Data,1207232,Open,905424.0
A02762,Integration,2103813,Open,1577859.75
A02763,Database,11120780,Open,8340585.0
A02763,Analytics & Data,5880916,Open,4410687.0
A02763,Security,5211956,Open,3908967.0
A02763,Applications,739078,Open,554308.5
A02764,Infrastructure,15009389,Open,11257041.75
A02764,Database,15208732,Open,11406549.0
A02764,AI & ML,15279543,Open,11459657.25
A02764,Integration,10526260,Open,7894695.0
A02765,Infrastructure,7546315,Open,5659736.25
A02765,Database,9793559,Open,7345169.25
A02765,Analytics & Data,14801724,Open,11101293.0
A02765,Security,11120003,Open,8340002.25
A02765,Applications,14660733,Open,10995549.75
A02767,Infrastructure,2597207,Open,1947905.25
A02767,Database,2783151,Open,2087363.25
A02767,Analytics & Data,14927378,Open,11195533.5
A02767,AI & ML,7773477,Open,5830107.75
A02767,Applications,3493400,Open,2620050.0
A02767,Integration,4444164,Open,3333123.0
A02768,Analytics & Data,1270884,Open,953163.0
A02769,Database,1753857,Open,1315392.75
A02769,Analytics & Data,15265839,Open,11449379.25
A02769,AI & ML,3811066,Open,2858299.5
A02769,Integration,5977515,Open,4483136.25
A02770,Infrastructure,5473891,Open,4105418.25
A02770,Database,9507740,Open,7130805.0
A02770,Analytics & Data,9231779,Open,6923834.25
A02770,Security,6494215,Open,4870661.25
A02770,Applications,749791,Open,562343.25
A02771,Infrastructure,14839205,Open,11129403.75
A02771,Database,8671110,Open,6503332.5
A02771,Analytics & Data,193484,Open,145113.0
A02771,AI & ML,11020300,Open,8265225.0
A02771,Security,15490904,Open,11618178.0
A02771,Applications,15005234,Open,11253925.5
A02772,Infrastructure,10760287,Open,8070215.25
A02772,Database,6575636,Open,4931727.0
A02772,Integration,14663808,Open,10997856.0
A02773,Infrastructure,14708911,Open,11031683.25
A02773,Analytics & Data,15279651,Open,11459738.25
A02773,AI & ML,14683357,Open,11012517.75
A02773,Security,15122136,Open,11341602.0
A02773,Applications,10797239,Open,8097929.25
A02774,Database,2940197,Open,2205147.75
A02775,Infrastructure,3137522,Open,2353141.5
A02775,Analytics & Data,906638,Open,679978.5
A02775,Security,8494139,Open,6370604.25
A02776,Applications,944289,Open,708216.75
A02778,Infrastructure,14957122,Open,11217841.5
A02778,Database,3906468,Open,2929851.0
A02778,Analytics & Data,14592153,Open,10944114.75
A02778,AI & ML,9895398,Open,7421548.5
A02778,Security,6823454,Open,5117590.5
A02779,Database,14775137,Open,11081352.75
A02779,Analytics & Data,3414356,Open,2560767.0
A02779,Security,4581478,Open,3436108.5
A02779,Integration,9706801,Open,7280100.75
A02781,Database,881885,Open,661413.75
A02781,Analytics & Data,2365801,Open,1774350.75
A02781,Security,1527839,Open,1145879.25
A02781,Applications,9062555,Open,6796916.25
A02782,Infrastructure,5754823,Open,4316117.25
A02782,AI & ML,2176953,Open,1632714.75
A02783,Analytics & Data,2674701,Open,2006025.75
A02783,AI & ML,5373455,Open,4030091.25
A02783,Security,5363949,Open,4022961.75
A02783,Applications,5784328,Open,4338246.0
A02783,Integration,10238382,Open,7678786.5
A02784,Applications,7562000,Open,5671500.0
A02785,Analytics & Data,5827954,Open,4370965.5
A02785,Applications,7801927,Open,5851445.25
A02785,Integration,1369034,Open,1026775.5
A02786,Infrastructure,484213,Open,363159.75
A02787,Analytics & Data,1738402,Open,1303801.5
A02787,AI & ML,3149130,Open,2361847.5
A02788,Infrastructure,14659580,Open,10994685.0
A02788,Database,15369286,Open,11526964.5
A02788,Analytics & Data,15491092,Open,11618319.0
A02788,AI & ML,15385172,Open,11538879.0
A02788,Security,8018197,Open,6013647.75
A02788,Applications,15203842,Open,11402881.5
A02789,Infrastructure,11090464,Open,8317848.0
A02789,Analytics & Data,14703264,Open,11027448.0
A02789,AI & ML,3829156,Open,2871867.0
A02789,Security,9646647,Open,7234985.25
A02789,Applications,9087034,Open,6815275.5
A02789,Integration,9529785,Open,7147338.75
A02791,AI & ML,15099445,Open,11324583.75
A02791,Security,6684356,Open,5013267.0
A02791,Applications,10132293,Open,7599219.75
A02791,Integration,3126694,Open,2345020.5
A02792,Database,1803391,Open,1352543.25
A02792,Analytics & Data,7819010,Open,5864257.5
A02792,AI & ML,2795340,Open,2096505.0
A02792,Security,15190186,Open,11392639.5
A02792,Applications,2811769,Open,2108826.75
A02793,Database,5307647,Open,3980735.25
A02793,Analytics & Data,3726632,Open,2794974.0
A02793,AI & ML,1226714,Open,920035.5
A02793,Security,3996040,Open,2997030.0
A02793,Applications,15138442,Open,11353831.5
A02795,AI & ML,11145271,Open,8358953.25
A02795,Security,7803299,Open,5852474.25
A02796,Infrastructure,6831200,Open,5123400.0
A02796,AI & ML,14639531,Open,10979648.25
A02796,Security,7741906,Open,5806429.5
A02796,Applications,6540882,Open,4905661.5
A02796,Integration,6114193,Open,4585644.75
A02797,Infrastructure,15389883,Open,11542412.25
A02797,Database,9197901,Open,6898425.75
A02797,Security,6636225,Open,4977168.75
A02797,Integration,4214497,Open,3160872.75
A02798,Infrastructure,14586769,Open,10940076.75
A02798,Database,3205354,Open,2404015.5
A02798,Analytics & Data,14692756,Open,11019567.0
A02798,AI & ML,7692142,Open,5769106.5
A02798,Security,5397529,Open,4048146.75
A02798,Applications,8788293,Open,6591219.75
A02798,Integration,14886808,Open,11165106.0
A02800,Infrastructure,15021514,Open,11266135.5
A02800,Applications,15421118,Open,11565838.5
A02800,Integration,15309139,Open,11481854.25
A02801,Infrastructure,14840598,Open,11130448.5
A02801,Database,14726365,Open,11044773.75
A02801,Analytics & Data,15369293,Open,11526969.75
A02801,AI & ML,15276639,Open,11457479.25
A02801,Security,15215172,Open,11411379.0
A02801,Applications,14893979,Open,11170484.25
A02801,Integration,15489536,Open,11617152.0
A02802,Analytics & Data,14671890,Open,11003917.5
A02802,AI & ML,4810255,Open,3607691.25
A02802,Security,8166229,Open,6124671.75
A02802,Applications,7567133,Open,5675349.75
A02802,Integration,7135258,Open,5351443.5
A02804,Database,15005101,Open,11253825.75
A02804,Analytics & Data,6252723,Open,4689542.25
A02804,AI & ML,7909009,Open,5931756.75
A02804,Security,15245346,Open,11434009.5
A02804,Applications,15093511,Open,11320133.25
A02806,Infrastructure,6860957,Open,5145717.75
A02806,Analytics & Data,3884434,Open,2913325.5
A02806,Security,3904015,Open,2928011.25
A02806,Applications,2591239,Open,1943429.25
A02806,Integration,15078110,Open,11308582.5
A02807,Database,1226722,Open,920041.5
A02807,Security,5328446,Open,3996334.5
A02808,Integration,796585,Open,597438.75
A02809,Analytics & Data,3092607,Open,2319455.25
A02810,Infrastructure,1107291,Open,830468.25
A02810,Database,6524271,Open,4893203.25
A02810,Analytics & Data,3923009,Open,2942256.75
A02811,Infrastructure,15071676,Open,11303757.0
A02811,Database,15385949,Open,11539461.75
A02811,Analytics & Data,15308157,Open,11481117.75
A02811,AI & ML,3312992,Open,2484744.0
A02811,Security,14684716,Open,11013537.0
A02811,Applications,5333113,Open,3999834.75
A02811,Integration,15426706,Open,11570029.5
A02813,Analytics & Data,8382295,Open,6286721.25
A02813,AI & ML,6871171,Open,5153378.25
A02813,Integration,5111527,Open,3833645.25
A02814,Analytics & Data,10608041,Open,7956030.75
A02814,AI & ML,2367019,Open,1775264.25
A02814,Applications,14784801,Open,11088600.75
A02815,Database,5368625,Open,4026468.75
A02815,AI & ML,3164726,Open,2373544.5
A02815,Applications,6203135,Open,4652351.25
A02816,AI & ML,2681060,Open,2010795.0
A02816,Security,3034358,Open,2275768.5
A02816,Applications,978575,Open,733931.25
A02817,Infrastructure,6487551,Open,4865663.25
A02817,Database,5508307,Open,4131230.25
A02817,Analytics & Data,6041548,Open,4531161.0
A02817,AI & ML,3439294,Open,2579470.5
A02817,Security,9267429,Open,6950571.75
A02817,Applications,14922960,Open,11192220.0
A02818,Database,14800163,Open,11100122.25
A02818,Analytics & Data,10852644,Open,8139483.0
A02818,AI & ML,2849258,Open,2136943.5
A02818,Applications,15318002,Open,11488501.5
A02818,Integration,15063867,Open,11297900.25
A02819,Infrastructure,14665934,Open,10999450.5
A02819,Database,9473198,Open,7104898.5
A02819,Analytics & Data,14907069,Open,11180301.75
A02819,AI & ML,6329820,Open,4747365.0
A02819,Security,15146364,Open,11359773.0
A02819,Applications,7432001,Open,5574000.75
A02819,Integration,5747840,Open,4310880.0
A02820,Database,1995932,Open,1496949.0
A02820,Applications,8440712,Open,6330534.0
A02821,Infrastructure,130851,Open,98138.25
A02821,Integration,1778240,Open,1333680.0
A02822,Infrastructure,6749426,Open,5062069.5
A02822,Database,8488538,Open,6366403.5
A02822,Analytics & Data,3163998,Open,2372998.5
A02822,AI & ML,10392038,Open,7794028.5
A02823,Database,9083963,Open,6812972.25
A02823,AI & ML,7033346,Open,5275009.5
A02823,Applications,1773309,Open,1329981.75
A02823,Integration,8757423,Open,6568067.25
A02824,AI & ML,2647035,Open,1985276.25
A02825,Infrastructure,6961894,Open,5221420.5
A02825,Database,15179641,Open,11384730.75
A02825,AI & ML,14967391,Open,11225543.25
A02825,Security,15355308,Open,11516481.0
A02825,Applications,14924098,Open,11193073.5
A02825,Integration,6617739,Open,4963304.25
A02826,Database,3128720,Open,2346540.0
A02826,Analytics & Data,2799924,Open,2099943.0
A02826,AI & ML,4891023,Open,3668267.25
A02826,Applications,1228190,Open,921142.5
A02827,Infrastructure,1823908,Open,1367931.0
A02827,Database,15403496,Open,11552622.0
A02827,Analytics & Data,7991870,Open,5993902.5
A02827,AI & ML,2323405,Open,1742553.75
A02827,Applications,2623151,Open,1967363.25
A02827,Integration,14680527,Open,11010395.25
A02828,Infrastructure,224389,Open,168291.75
A02829,Analytics & Data,8457115,Open,6342836.25
A02830,Infrastructure,4130148,Open,3097611.0
A02830,Database,5281550,Open,3961162.5
A02830,AI & ML,10375192,Open,7781394.0
A02830,Applications,15476995,Open,11607746.25
A02831,Infrastructure,9640709,Open,7230531.75
A02831,Analytics & Data,109464,Open,82098.0
A02832,Database,1111031,Open,833273.25
A02832,AI & ML,6122081,Open,4591560.75
A02833,Database,5397015,Open,4047761.25
A02833,AI & ML,4145450,Open,3109087.5
A02833,Applications,1102017,Open,826512.75
A02834,Infrastructure,14769982,Open,11077486.5
A02834,Database,6388445,Open,4791333.75
A02834,AI & ML,4294807,Open,3221105.25
A02834,Applications,15095331,Open,11321498.25
A02834,Integration,3115282,Open,2336461.5
A02835,Infrastructure,3519823,Open,2639867.25
A02835,Database,10652281,Open,7989210.75
A02835,AI & ML,2399009,Open,1799256.75
A02835,Security,3865772,Open,2899329.0
A02836,Infrastructure,8430442,Open,6322831.5
A02836,AI & ML,304841,Open,228630.75
A02837,Infrastructure,15240151,Open,11430113.25
A02837,Database,14703768,Open,11027826.0
A02837,Analytics & Data,14588992,Open,10941744.0
A02837,Security,15007012,Open,11255259.0
A02837,Applications,14581863,Open,10936397.25
A02837,Integration,15213351,Open,11410013.25
A02838,Analytics & Data,929261,Open,696945.75
A02838,Applications,14649692,Open,10987269.0
A02839,Infrastructure,14853371,Open,11140028.25
A02839,Database,4035157,Open,3026367.75
A02839,AI & ML,2418819,Open,1814114.25
A02839,Security,2670224,Open,2002668.0
A02839,Integration,15084455,Open,11313341.25
A02840,Infrastructure,15240423,Open,11430317.25
A02840,Analytics & Data,4840096,Open,3630072.0
A02840,AI & ML,10965067,Open,8223800.25
A02840,Security,6929298,Open,5196973.5
A02842,Infrastructure,15239685,Open,11429763.75
A02842,Database,14698105,Open,11023578.75
A02842,Analytics & Data,14624248,Open,10968186.0
A02842,AI & ML,15114453,Open,11335839.75
A02842,Security,15227262,Open,11420446.5
A02842,Applications,15423356,Open,11567517.0
A02842,Integration,6870456,Open,5152842.0
A02843,AI & ML,1141534,Open,856150.5
A02843,Security,2303100,Open,1727325.0
A02843,Integration,1449095,Open,1086821.25
A02844,Infrastructure,14577931,Open,10933448.25
A02844,Database,14681932,Open,11011449.0
A02844,AI & ML,15095324,Open,11321493.0
A02844,Applications,15056598,Open,11292448.5
A02844,Integration,9624594,Open,7218445.5
A02845,AI & ML,7454216,Open,5590662.0
A02845,Security,7003890,Open,5252917.5
A02846,Infrastructure,15070550,Open,11302912.5
A02846,Analytics & Data,14901023,Open,11175767.25
A02846,AI & ML,14846477,Open,11134857.75
A02846,Security,15117999,Open,11338499.25
A02846,Applications,7581554,Open,5686165.5
A02846,Integration,15173265,Open,11379948.75
A02847,Infrastructure,15271913,Open,11453934.75
A02847,Database,8103711,Open,6077783.25
A02847,Analytics & Data,15368847,Open,11526635.25
A02847,AI & ML,10243959,Open,7682969.25
A02847,Security,14739222,Open,11054416.5
A02847,Applications,10747822,Open,8060866.5
A02847,Integration,1090287,Open,817715.25
A02848,AI & ML,6476712,Open,4857534.0
A02848,Applications,10900254,Open,8175190.5
A02848,Integration,5702668,Open,4277001.0
A02849,Database,9700699,Open,7275524.25
A02849,AI & ML,10172016,Open,7629012.0
A02849,Integration,5603224,Open,4202418.0
A02850,Infrastructure,14624808,Open,10968606.0
A02850,Database,9445937,Open,7084452.75
A02850,Security,8636373,Open,6477279.75
A02851,Database,8049108,Open,6036831.0
A02851,AI & ML,5074359,Open,3805769.25
A02851,Security,4874639,Open,3655979.25
A02851,Applications,9159401,Open,6869550.75
A02851,Integration,10148242,Open,7611181.5
A02852,Security,8410925,Open,6308193.75
A02853,Integration,2859426,Open,2144569.5
A02854,AI & ML,15469305,Open,11601978.75
A02854,Security,10130647,Open,7597985.25
A02854,Applications,2301201,Open,1725900.75
A02854,Integration,3467130,Open,2600347.5
A02855,Infrastructure,6084679,Open,4563509.25
A02855,Security,4322747,Open,3242060.25
A02855,Applications,4460127,Open,3345095.25
A02856,Infrastructure,15285032,Open,11463774.0
A02856,Analytics & Data,15291801,Open,11468850.75
A02856,AI & ML,14756319,Open,11067239.25
A02856,Security,15174631,Open,11380973.25
A02856,Applications,15324947,Open,11493710.25
A02857,Infrastructure,15011203,Open,11258402.25
A02857,Database,15143308,Open,11357481.0
A02857,AI & ML,15465103,Open,11598827.25
A02857,Security,15075218,Open,11306413.5
A02857,Applications,14873616,Open,11155212.0
A02857,Integration,14610900,Open,10958175.0
A02858,Database,9238286,Open,6928714.5
A02858,Analytics & Data,8276487,Open,6207365.25
A02858,Security,8827797,Open,6620847.75
A02858,Applications,9885838,Open,7414378.5
A02859,Database,5865206,Open,4398904.5
A02859,Analytics & Data,8605386,Open,6454039.5
A02859,AI & ML,14848281,Open,11136210.75
A02859,Security,9266276,Open,6949707.0
A02859,Applications,6247175,Open,4685381.25
A02859,Integration,14670455,Open,11002841.25
A02860,Infrastructure,3698352,Open,2773764.0
A02860,Analytics & Data,5018333,Open,3763749.75
A02860,Applications,14636482,Open,10977361.5
A02861,Infrastructure,7637504,Open,5728128.0
A02861,AI & ML,4907379,Open,3680534.25
A02861,Security,7390603,Open,5542952.25
A02862,Infrastructure,4257856,Open,3193392.0
A02862,Database,4532628,Open,3399471.0
A02862,Analytics & Data,7704757,Open,5778567.75
A02862,AI & ML,10897899,Open,8173424.25
A02862,Security,6447286,Open,4835464.5
A02863,Database,10806325,Open,8104743.75
A02863,Analytics & Data,4485396,Open,3364047.0
A02863,AI & ML,925248,Open,693936.0
A02863,Security,14758612,Open,11068959.0
A02863,Applications,5376903,Open,4032677.25
A02863,Integration,10685982,Open,8014486.5
A02864,Infrastructure,15043312,Open,11282484.0
A02864,Analytics & Data,6703708,Open,5027781.0
A02864,AI & ML,2089820,Open,1567365.0
A02864,Security,7041055,Open,5280791.25
A02865,Infrastructure,14760061,Open,11070045.75
A02865,Analytics & Data,6319003,Open,4739252.25
A02865,AI & ML,15059054,Open,11294290.5
A02865,Integration,14997617,Open,11248212.75
A02866,Infrastructure,8321823,Open,6241367.25
A02866,Database,9139821,Open,6854865.75
A02866,Security,8415515,Open,6311636.25
A02866,Applications,2911327,Open,2183495.25
A02867,Infrastructure,6518651,Open,4888988.25
A02867,Database,4486329,Open,3364746.75
A02867,Analytics & Data,9180709,Open,6885531.75
A02867,AI & ML,14618180,Open,10963635.0
A02867,Applications,6008088,Open,4506066.0
A02867,Integration,14968353,Open,11226264.75
A02870,Infrastructure,5334939,Open,4001204.25
A02870,Database,8697578,Open,6523183.5
A02870,Analytics & Data,14880771,Open,11160578.25
A02870,AI & ML,2338571,Open,1753928.25
A02870,Security,9261871,Open,6946403.25
A02870,Applications,10861241,Open,8145930.75
A02870,Integration,14946757,Open,11210067.75
A02871,Infrastructure,8767476,Open,6575607.0
A02871,Database,3553811,Open,2665358.25
A02871,AI & ML,2203178,Open,1652383.5
A02871,Security,14798327,Open,11098745.25
A02871,Applications,15426452,Open,11569839.0
A02871,Integration,10372034,Open,7779025.5
A02872,Infrastructure,15004628,Open,11253471.0
A02872,Analytics & Data,1103591,Open,827693.25
A02872,AI & ML,14586273,Open,10939704.75
A02872,Security,15407084,Open,11555313.0
A02874,Database,643008,Open,482256.0
A02874,Applications,147489,Open,110616.75
A02876,Infrastructure,9322205,Open,6991653.75
A02876,Database,15175648,Open,11381736.0
A02876,Analytics & Data,15446995,Open,11585246.25
A02876,AI & ML,15317617,Open,11488212.75
A02876,Security,9634539,Open,7225904.25
A02876,Applications,14929134,Open,11196850.5
A02876,Integration,15262104,Open,11446578.0
A02877,Security,10426377,Open,7819782.75
A02877,Applications,2848652,Open,2136489.0
A02877,Integration,5515799,Open,4136849.25
A02878,Infrastructure,10831999,Open,8123999.25
A02878,Database,15454000,Open,11590500.0
A02878,AI & ML,7398428,Open,5548821.0
A02878,Applications,14622845,Open,10967133.75
A02879,Database,14610304,Open,10957728.0
A02879,Applications,9721113,Open,7290834.75
A02879,Integration,14643146,Open,10982359.5
A02880,Infrastructure,10876370,Open,8157277.5
A02880,Database,10090686,Open,7568014.5
A02880,Analytics & Data,14744727,Open,11058545.25
A02880,AI & ML,8460098,Open,6345073.5
A02880,Applications,2458376,Open,1843782.0
A02880,Integration,5308183,Open,3981137.25
A02881,Database,9032725,Open,6774543.75
A02881,AI & ML,519576,Open,389682.0
A02881,Security,136213,Open,102159.75
A02882,Applications,2353137,Open,1764852.75
A02882,Integration,10391056,Open,7793292.0
A02883,Infrastructure,7180220,Open,5385165.0
A02883,Database,1999413,Open,1499559.75
A02883,Integration,2096085,Open,1572063.75
A02885,AI & ML,1450980,Open,1088235.0
A02885,Security,2887702,Open,2165776.5
A02886,Analytics & Data,5022432,Open,3766824.0
A02886,AI & ML,15025989,Open,11269491.75
A02886,Security,5026421,Open,3769815.75
A02886,Integration,4711986,Open,3533989.5
A02888,AI & ML,10460841,Open,7845630.75
A02889,Infrastructure,3791486,Open,2843614.5
A02889,Analytics & Data,14769371,Open,11077028.25
A02889,Security,6481492,Open,4861119.0
A02889,Applications,15208904,Open,11406678.0
A02889,Integration,8075297,Open,6056472.75
A02890,Analytics & Data,4436102,Open,3327076.5
A02890,AI & ML,1133266,Open,849949.5
A02891,Infrastructure,8201404,Open,6151053.0
A02891,Database,4661438,Open,3496078.5
A02891,Analytics & Data,2041019,Open,1530764.25
A02891,Integration,10048342,Open,7536256.5
A02893,Infrastructure,7445926,Open,5584444.5
A02893,Analytics & Data,14802538,Open,11101903.5
A02893,AI & ML,9920766,Open,7440574.5
A02893,Security,14815334,Open,11111500.5
A02893,Applications,1435282,Open,1076461.5
A02893,Integration,10072228,Open,7554171.0
A02894,AI & ML,3119125,Open,2339343.75
A02894,Security,1369586,Open,1027189.5
A02894,Applications,1916766,Open,1437574.5
A02895,Database,1230618,Open,922963.5
A02895,Analytics & Data,4494720,Open,3371040.0
A02895,Integration,9178906,Open,6884179.5
A02896,Infrastructure,15231922,Open,11423941.5
A02896,Database,14629072,Open,10971804.0
A02896,Analytics & Data,15182487,Open,11386865.25
A02896,Security,15087695,Open,11315771.25
A02897,Analytics & Data,9819750,Open,7364812.5
A02897,AI & ML,10974648,Open,8230986.0
A02897,Security,4903928,Open,3677946.0
A02897,Integration,10500078,Open,7875058.5
A02898,Database,8308565,Open,6231423.75
A02898,Analytics & Data,1842798,Open,1382098.5
A02898,Security,9620567,Open,7215425.25
A02898,Applications,6382744,Open,4787058.0
A02898,Integration,15348689,Open,11511516.75
A02899,Infrastructure,14761804,Open,11071353.0
A02899,Analytics & Data,15026382,Open,11269786.5
A02899,AI & ML,7957670,Open,5968252.5
A02899,Applications,15405797,Open,11554347.75
A02899,Integration,15159192,Open,11369394.0
A02902,Database,322929,Open,242196.75
A02902,AI & ML,2427532,Open,1820649.0
A02903,Infrastructure,15072366,Open,11304274.5
A02903,Database,4049401,Open,3037050.75
A02903,Analytics & Data,14881662,Open,11161246.5
A02903,Security,14707325,Open,11030493.75
A02903,Applications,8958858,Open,6719143.5
A02904,Analytics & Data,1313553,Open,985164.75
A02904,Integration,8595591,Open,6446693.25
A02905,Analytics & Data,2636777,Open,1977582.75
A02905,Security,3239069,Open,2429301.75
A02906,Security,4778290,Open,3583717.5
A02907,Applications,723131,Open,542348.25
A02907,Integration,10651909,Open,7988931.75
A02908,Database,5059571,Open,3794678.25
A02908,Analytics & Data,3471972,Open,2603979.0
A02908,AI & ML,1638049,Open,1228536.75
A02908,Security,1737577,Open,1303182.75
A02908,Integration,2801179,Open,2100884.25
A02909,Infrastructure,11025938,Open,8269453.5
A02909,Security,15485437,Open,11614077.75
A02909,Applications,15119193,Open,11339394.75
A02909,Integration,14805196,Open,11103897.0
A02911,Infrastructure,9185015,Open,6888761.25
A02911,Security,1095635,Open,821726.25
A02911,Applications,3020981,Open,2265735.75
A02912,Infrastructure,7779064,Open,5834298.0
A02912,Analytics & Data,2134635,Open,1600976.25
A02913,Security,2939625,Open,2204718.75
A02914,Infrastructure,2824610,Open,2118457.5
A02914,Applications,8291904,Open,6218928.0
A02915,Database,8766135,Open,6574601.25
A02915,AI & ML,9366465,Open,7024848.75
A02915,Security,14610700,Open,10958025.0
A02915,Applications,8160545,Open,6120408.75
A02915,Integration,10470887,Open,7853165.25
A02916,Integration,715519,Open,536639.25
A02917,Infrastructure,1398604,Open,1048953.0
A02917,Database,3145195,Open,2358896.25
A02917,Analytics & Data,4811083,Open,3608312.25
A02917,Applications,1343831,Open,1007873.25
A02917,Integration,1011777,Open,758832.75
A02919,Infrastructure,1160820,Open,870615.0
A02919,Database,9698106,Open,7273579.5
A02919,Analytics & Data,9588775,Open,7191581.25
A02919,AI & ML,6679393,Open,5009544.75
A02919,Security,6560430,Open,4920322.5
A02919,Applications,8225952,Open,6169464.0
A02919,Integration,15316359,Open,11487269.25
A02920,Database,7191396,Open,5393547.0
A02920,Security,10802295,Open,8101721.25
A02921,Infrastructure,9243954,Open,6932965.5
A02921,Analytics & Data,14760759,Open,11070569.25
A02921,AI & ML,839167,Open,629375.25
A02921,Security,14661881,Open,10996410.75
A02921,Applications,15126505,Open,11344878.75
A02923,Analytics & Data,1457898,Open,1093423.5
A02923,AI & ML,7934139,Open,5950604.25
A02923,Security,2077095,Open,1557821.25
A02924,Database,2340398,Open,1755298.5
A02924,Applications,3405552,Open,2554164.0
A02925,Infrastructure,10967030,Open,8225272.5
A02925,Analytics & Data,7053182,Open,5289886.5
A02925,AI & ML,2529332,Open,1896999.0
A02925,Security,8546129,Open,6409596.75
A02925,Applications,14726318,Open,11044738.5
A02926,Infrastructure,8909582,Open,6682186.5
A02926,Database,4688783,Open,3516587.25
A02926,AI & ML,7999164,Open,5999373.0
A02926,Security,6207945,Open,4655958.75
A02926,Applications,14919343,Open,11189507.25
A02927,Database,1771179,Open,1328384.25
A02927,Analytics & Data,7042614,Open,5281960.5
A02929,Infrastructure,8953989,Open,6715491.75
A02929,Database,9234177,Open,6925632.75
A02929,Analytics & Data,9273805,Open,6955353.75
A02929,AI & ML,4622839,Open,3467129.25
A02929,Applications,10130161,Open,7597620.75
A02929,Integration,14915041,Open,11186280.75
A02930,Analytics & Data,10315361,Open,7736520.75
A02930,Security,5667121,Open,4250340.75
A02930,Integration,6522821,Open,4892115.75
A02931,Infrastructure,7941382,Open,5956036.5
A02932,Security,2895889,Open,2171916.75
A02932,Applications,7775262,Open,5831446.5
A02933,Infrastructure,10621181,Open,7965885.75
A02933,Database,8991057,Open,6743292.75
A02933,AI & ML,15262015,Open,11446511.25
A02933,Security,15371086,Open,11528314.5
A02933,Applications,15200205,Open,11400153.75
A02933,Integration,3599143,Open,2699357.25
A02934,Analytics & Data,8602880,Open,6452160.0
A02934,Security,10760157,Open,8070117.75
A02934,Applications,15353110,Open,11514832.5
A02934,Integration,835895,Open,626921.25
A02935,Database,804602,Open,603451.5
A02938,Infrastructure,15456616,Open,11592462.0
A02938,Database,4758925,Open,3569193.75
A02938,Applications,8929147,Open,6696860.25
A02938,Integration,4858087,Open,3643565.25
A02939,Infrastructure,9194820,Open,6896115.0
A02939,Security,14840611,Open,11130458.25
A02939,Applications,6144689,Open,4608516.75
A02939,Integration,8127073,Open,6095304.75
A02940,Infrastructure,4966337,Open,3724752.75
A02940,AI & ML,9772108,Open,7329081.0
A02940,Security,4151574,Open,3113680.5
A02940,Integration,6258674,Open,4694005.5
A02941,Database,10119950,Open,7589962.5
A02941,Analytics & Data,15176652,Open,11382489.0
A02941,Security,10231128,Open,7673346.0
A02941,Applications,6030618,Open,4522963.5
A02941,Integration,10324351,Open,7743263.25
A02942,AI & ML,2764200,Open,2073150.0
A02943,Analytics & Data,9345206,Open,7008904.5
A02943,Integration,2507419,Open,1880564.25
A02944,Infrastructure,10621631,Open,7966223.25
A02944,Database,10566229,Open,7924671.75
A02944,Analytics & Data,1040117,Open,780087.75
A02944,Security,5744764,Open,4308573.0
A02944,Applications,5539169,Open,4154376.75
A02944,Integration,3135346,Open,2351509.5
A02945,Security,734777,Open,551082.75
A02946,Infrastructure,15260298,Open,11445223.5
A02946,AI & ML,14984395,Open,11238296.25
A02946,Security,14847543,Open,11135657.25
A02946,Applications,15278410,Open,11458807.5
A02946,Integration,7692096,Open,5769072.0
A02947,Infrastructure,15443066,Open,11582299.5
A02947,Database,15467737,Open,11600802.75
A02947,Analytics & Data,14983546,Open,11237659.5
A02947,AI & ML,14764534,Open,11073400.5
A02947,Security,7172531,Open,5379398.25
A02947,Applications,14957720,Open,11218290.0
A02947,Integration,15328448,Open,11496336.0
A02948,Database,9381383,Open,7036037.25
A02948,Analytics & Data,10906325,Open,8179743.75
A02948,AI & ML,4933864,Open,3700398.0
A02948,Security,10226601,Open,7669950.75
A02948,Applications,7345547,Open,5509160.25
A02948,Integration,7000119,Open,5250089.25
A02949,Database,1124371,Open,843278.25
A02949,Applications,4944545,Open,3708408.75
A02950,Infrastructure,5827302,Open,4370476.5
A02950,Database,9347013,Open,7010259.75
A02951,Infrastructure,9351614,Open,7013710.5
A02951,Database,5215324,Open,3911493.0
A02951,Analytics & Data,5001751,Open,3751313.25
A02951,AI & ML,8040656,Open,6030492.0
A02951,Security,15209500,Open,11407125.0
A02951,Integration,5948499,Open,4461374.25
A02952,Infrastructure,10984489,Open,8238366.75
A02952,Database,7550423,Open,5662817.25
A02952,AI & ML,14734917,Open,11051187.75
A02952,Applications,10918229,Open,8188671.75
A02954,Integration,5337813,Open,4003359.75
A02955,Analytics & Data,14655276,Open,10991457.0
A02955,AI & ML,15065426,Open,11299069.5
A02955,Security,15326030,Open,11494522.5
A02955,Applications,8089474,Open,6067105.5
A02955,Integration,14933228,Open,11199921.0
A02956,Database,10142789,Open,7607091.75
A02956,Analytics & Data,14974817,Open,11231112.75
A02956,AI & ML,15231242,Open,11423431.5
A02956,Security,6481281,Open,4860960.75
A02956,Integration,1995763,Open,1496822.25
A02958,Infrastructure,7365380,Open,5524035.0
A02958,Database,5381551,Open,4036163.25
A02958,Analytics & Data,15453724,Open,11590293.0
A02958,AI & ML,14829031,Open,11121773.25
A02958,Applications,15260648,Open,11445486.0
A02959,Database,6903136,Open,5177352.0
A02959,Security,10990379,Open,8242784.25
A02959,Applications,11054471,Open,8290853.25
A02960,Analytics & Data,4651128,Open,3488346.0
A02961,Infrastructure,6286215,Open,4714661.25
A02961,Database,5804058,Open,4353043.5
A02961,AI & ML,5831052,Open,4373289.0
A02961,Applications,9455918,Open,7091938.5
A02962,Security,230471,Open,172853.25
A02963,Security,15160887,Open,11370665.25
A02963,Applications,5180177,Open,3885132.75
A02963,Integration,4349355,Open,3262016.25
A02964,Database,2460594,Open,1845445.5
A02965,AI & ML,773251,Open,579938.25
A02967,Analytics & Data,5774496,Open,4330872.0
A02967,AI & ML,5983179,Open,4487384.25
A02967,Applications,2675927,Open,2006945.25
A02967,Integration,15492119,Open,11619089.25
A02968,Applications,5468116,Open,4101087.0
A02968,Integration,8106206,Open,6079654.5
A02969,Infrastructure,1716679,Open,1287509.25
A02969,AI & ML,15335761,Open,11501820.75
A02969,Security,8183667,Open,6137750.25
A02969,Integration,10621874,Open,7966405.5
A02970,Infrastructure,2203708,Open,1652781.0
A02970,Database,9123977,Open,6842982.75
A02970,AI & ML,3611172,Open,2708379.0
A02970,Security,15250883,Open,11438162.25
A02970,Applications,2757833,Open,2068374.75
A02971,Database,10137574,Open,7603180.5
A02972,Infrastructure,10133026,Open,7599769.5
A02972,Analytics & Data,14633356,Open,10975017.0
A02972,AI & ML,9205310,Open,6903982.5
A02972,Applications,7907830,Open,5930872.5
A02972,Integration,10618757,Open,7964067.75
A02973,Infrastructure,2385899,Open,1789424.25
A02973,AI & ML,1177183,Open,882887.25
A02974,Infrastructure,15301114,Open,11475835.5
A02974,Analytics & Data,8870153,Open,6652614.75
A02974,Applications,4225934,Open,3169450.5
A02974,Integration,1933144,Open,1449858.0
A02975,Infrastructure,6842241,Open,5131680.75
A02975,AI & ML,6668315,Open,5001236.25
A02975,Security,8616621,Open,6462465.75
A02975,Applications,14734501,Open,11050875.75
A02975,Integration,988840,Open,741630.0
A02976,Database,728059,Open,546044.25
A02976,Security,4827523,Open,3620642.25
A02976,Integration,7304909,Open,5478681.75
A02977,Infrastructure,1596328,Open,1197246.0
A02977,Security,7169998,Open,5377498.5
A02977,Integration,11066239,Open,8299679.25
A02978,Applications,4375032,Open,3281274.0
A02978,Integration,14798416,Open,11098812.0
A02979,Database,9907113,Open,7430334.75
A02979,Analytics & Data,8898095,Open,6673571.25
A02979,Security,15208293,Open,11406219.75
A02979,Applications,6476959,Open,4857719.25
A02980,Security,4508649,Open,3381486.75
A02981,Database,15107675,Open,11330756.25
A02981,AI & ML,9770632,Open,7327974.0
A02981,Applications,7987350,Open,5990512.5
A02982,Database,15200341,Open,11400255.75
A02982,Analytics & Data,1436451,Open,1077338.25
A02982,AI & ML,15231872,Open,11423904.0
A02982,Security,8910569,Open,6682926.75
A02982,Integration,1721352,Open,1291014.0
A02983,Infrastructure,10283763,Open,7712822.25
A02983,Analytics & Data,9551747,Open,7163810.25
A02983,AI & ML,6589296,Open,4941972.0
A02983,Security,4366981,Open,3275235.75
A02983,Applications,10690709,Open,8018031.75
A02983,Integration,7848191,Open,5886143.25
A02984,Infrastructure,10613007,Open,7959755.25
A02984,Database,2873603,Open,2155202.25
A02984,Analytics & Data,14730032,Open,11047524.0
A02984,AI & ML,14824998,Open,11118748.5
A02984,Security,15419600,Open,11564700.0
A02984,Applications,14923697,Open,11192772.75
A02984,Integration,14981395,Open,11236046.25
A02985,Analytics & Data,5084743,Open,3813557.25
A02986,AI & ML,2339011,Open,1754258.25
A02987,Database,15394201,Open,11545650.75
A02987,Analytics & Data,8891235,Open,6668426.25
A02987,Security,14798404,Open,11098803.0
A02987,Integration,14949995,Open,11212496.25
A02988,Infrastructure,14591047,Open,10943285.25
A02988,Analytics & Data,5922089,Open,4441566.75
A02988,AI & ML,4787342,Open,3590506.5
A02988,Applications,8593185,Open,6444888.75
A02988,Integration,10768748,Open,8076561.0
A02989,Database,14612249,Open,10959186.75
A02989,AI & ML,14995812,Open,11246859.0
A02989,Applications,10459615,Open,7844711.25
A02991,Integration,268307,Open,201230.25
A02992,Infrastructure,14747173,Open,11060379.75
A02992,Database,3708313,Open,2781234.75
A02992,Analytics & Data,10430676,Open,7823007.0
A02992,AI & ML,5917849,Open,4438386.75
A02992,Security,8909159,Open,6681869.25
A02992,Applications,8441139,Open,6330854.25
A02993,Infrastructure,4861543,Open,3646157.25
A02993,Database,15324616,Open,11493462.0
A02993,Analytics & Data,9882754,Open,7412065.5
A02993,AI & ML,1960907,Open,1470680.25
A02993,Security,14884044,Open,11163033.0
A02993,Applications,4134478,Open,3100858.5
A02993,Integration,8503962,Open,6377971.5
A02994,Infrastructure,9718748,Open,7289061.0
A02994,AI & ML,15229584,Open,11422188.0
A02994,Applications,14740862,Open,11055646.5
A02994,Integration,14964310,Open,11223232.5
A02996,Database,8174292,Open,6130719.0
A02996,Analytics & Data,14911970,Open,11183977.5
A02996,AI & ML,6001643,Open,4501232.25
A02996,Security,14980194,Open,11235145.5
A02996,Integration,14965843,Open,11224382.25
A02997,Analytics & Data,1020167,Open,765125.25
A02997,Applications,9923742,Open,7442806.5
A02997,Integration,2208916,Open,1656687.0
A02998,Security,1415356,Open,1061517.0
A02998,Applications,10489893,Open,7867419.75
A02998,Integration,1129043,Open,846782.25
A02999,Infrastructure,14576696,Open,10932522.0
A02999,Database,8194527,Open,6145895.25
A02999,Analytics & Data,9947258,Open,7460443.5
A02999,Security,4261809,Open,3196356.75
A03000,Database,15335200,Open,11501400.0
A03000,Analytics & Data,4820599,Open,3615449.25
A03000,AI & ML,2377024,Open,1782768.0
A03000,Applications,10608545,Open,7956408.75
A03000,Integration,6294180,Open,4720635.0
