account_id,product_family,product_engagement_score
A00001,Infrastructure,24
A00001,Database,23
A00001,Analytics & Data,56
A00001,AI & ML,15
A00001,Security,67
A00001,Applications,33
A00001,Integration,14
A00002,Infrastructure,92
A00002,Database,21
A00002,Analytics & Data,73
A00002,AI & ML,67
A00002,Security,59
A00002,Applications,19
A00002,Integration,94
A00003,Infrastructure,91
A00003,Database,76
A00003,Analytics & Data,62
A00003,AI & ML,88
A00003,Security,71
A00003,Applications,89
A00003,Integration,82
A00004,Infrastructure,13
A00004,Database,19
A00004,Analytics & Data,42
A00004,AI & ML,21
A00004,Security,20
A00004,Applications,33
A00004,Integration,36
A00005,Infrastructure,30
A00005,Database,45
A00005,Analytics & Data,34
A00005,AI & ML,19
A00005,Security,83
A00005,Applications,63
A00005,Integration,23
A00006,Infrastructure,97
A00006,Database,86
A00006,Analytics & Data,79
A00006,AI & ML,60
A00006,Security,79
A00006,Applications,98
A00006,Integration,97
A00007,Infrastructure,30
A00007,Database,67
A00007,Analytics & Data,10
A00007,AI & ML,65
A00007,Security,22
A00007,Applications,53
A00007,Integration,47
A00008,Infrastructure,90
A00008,Database,20
A00008,Analytics & Data,55
A00008,AI & ML,60
A00008,Security,48
A00008,Applications,68
A00008,Integration,46
A00009,Infrastructure,54
A00009,Database,47
A00009,Analytics & Data,93
A00009,AI & ML,68
A00009,Security,12
A00009,Applications,39
A00009,Integration,69
A00010,Infrastructure,64
A00010,Database,97
A00010,Analytics & Data,97
A00010,AI & ML,60
A00010,Security,67
A00010,Applications,55
A00010,Integration,39
A00011,Infrastructure,79
A00011,Database,98
A00011,Analytics & Data,99
A00011,AI & ML,66
A00011,Security,99
A00011,Applications,97
A00011,Integration,100
A00012,Infrastructure,98
A00012,Database,68
A00012,Analytics & Data,82
A00012,AI & ML,79
A00012,Security,86
A00012,Applications,97
A00012,Integration,100
A00013,Infrastructure,98
A00013,Database,97
A00013,Analytics & Data,77
A00013,AI & ML,28
A00013,Security,82
A00013,Applications,93
A00013,Integration,82
A00014,Infrastructure,56
A00014,Database,46
A00014,Analytics & Data,79
A00014,AI & ML,90
A00014,Security,71
A00014,Applications,78
A00014,Integration,68
A00015,Infrastructure,15
A00015,Database,35
A00015,Analytics & Data,89
A00015,AI & ML,17
A00015,Security,10
A00015,Applications,51
A00015,Integration,29
A00016,Infrastructure,89
A00016,Database,79
A00016,Analytics & Data,60
A00016,AI & ML,99
A00016,Security,76
A00016,Applications,45
A00016,Integration,85
A00017,Infrastructure,100
A00017,Database,97
A00017,Analytics & Data,91
A00017,AI & ML,97
A00017,Security,98
A00017,Applications,100
A00017,Integration,97
A00018,Infrastructure,24
A00018,Database,99
A00018,Analytics & Data,99
A00018,AI & ML,76
A00018,Security,78
A00018,Applications,81
A00018,Integration,99
A00019,Infrastructure,98
A00019,Database,100
A00019,Analytics & Data,66
A00019,AI & ML,89
A00019,Security,84
A00019,Applications,100
A00019,Integration,46
A00020,Infrastructure,21
A00020,Database,82
A00020,Analytics & Data,76
A00020,AI & ML,97
A00020,Security,84
A00020,Applications,22
A00020,Integration,100
A00021,Infrastructure,29
A00021,Database,42
A00021,Analytics & Data,18
A00021,AI & ML,39
A00021,Security,17
A00021,Applications,29
A00021,Integration,40
A00022,Infrastructure,30
A00022,Database,17
A00022,Analytics & Data,13
A00022,AI & ML,13
A00022,Security,72
A00022,Applications,92
A00022,Integration,12
A00023,Infrastructure,92
A00023,Database,84
A00023,Analytics & Data,57
A00023,AI & ML,67
A00023,Security,85
A00023,Applications,98
A00023,Integration,80
A00024,Infrastructure,39
A00024,Database,56
A00024,Analytics & Data,13
A00024,AI & ML,14
A00024,Security,10
A00024,Applications,23
A00024,Integration,33
A00025,Infrastructure,51
A00025,Database,82
A00025,Analytics & Data,78
A00025,AI & ML,92
A00025,Security,80
A00025,Applications,87
A00025,Integration,77
A00026,Infrastructure,56
A00026,Database,23
A00026,Analytics & Data,49
A00026,AI & ML,58
A00026,Security,90
A00026,Applications,81
A00026,Integration,62
A00027,Infrastructure,89
A00027,Database,53
A00027,Analytics & Data,18
A00027,AI & ML,56
A00027,Security,41
A00027,Applications,35
A00027,Integration,57
A00028,Infrastructure,26
A00028,Database,17
A00028,Analytics & Data,90
A00028,AI & ML,12
A00028,Security,28
A00028,Applications,32
A00028,Integration,15
A00029,Infrastructure,82
A00029,Database,83
A00029,Analytics & Data,88
A00029,AI & ML,76
A00029,Security,85
A00029,Applications,79
A00029,Integration,98
A00030,Infrastructure,21
A00030,Database,52
A00030,Analytics & Data,60
A00030,AI & ML,51
A00030,Security,36
A00030,Applications,73
A00030,Integration,19
A00031,Infrastructure,88
A00031,Database,100
A00031,Analytics & Data,97
A00031,AI & ML,99
A00031,Security,91
A00031,Applications,80
A00031,Integration,100
A00032,Infrastructure,83
A00032,Database,100
A00032,Analytics & Data,87
A00032,AI & ML,83
A00032,Security,87
A00032,Applications,28
A00032,Integration,88
A00033,Infrastructure,73
A00033,Database,51
A00033,Analytics & Data,69
A00033,AI & ML,88
A00033,Security,63
A00033,Applications,86
A00033,Integration,87
A00034,Infrastructure,84
A00034,Database,59
A00034,Analytics & Data,29
A00034,AI & ML,69
A00034,Security,87
A00034,Applications,51
A00034,Integration,50
A00035,Infrastructure,99
A00035,Database,16
A00035,Analytics & Data,97
A00035,AI & ML,97
A00035,Security,80
A00035,Applications,39
A00035,Integration,76
A00036,Infrastructure,48
A00036,Database,68
A00036,Analytics & Data,67
A00036,AI & ML,14
A00036,Security,11
A00036,Applications,84
A00036,Integration,35
A00037,Infrastructure,92
A00037,Database,93
A00037,Analytics & Data,89
A00037,AI & ML,80
A00037,Security,90
A00037,Applications,76
A00037,Integration,92
A00038,Infrastructure,63
A00038,Database,86
A00038,Analytics & Data,82
A00038,AI & ML,90
A00038,Security,78
A00038,Applications,66
A00038,Integration,81
A00039,Infrastructure,51
A00039,Database,15
A00039,Analytics & Data,25
A00039,AI & ML,76
A00039,Security,13
A00039,Applications,13
A00039,Integration,30
A00040,Infrastructure,98
A00040,Database,97
A00040,Analytics & Data,97
A00040,AI & ML,88
A00040,Security,78
A00040,Applications,99
A00040,Integration,98
A00041,Infrastructure,97
A00041,Database,50
A00041,Analytics & Data,98
A00041,AI & ML,98
A00041,Security,99
A00041,Applications,72
A00041,Integration,98
A00042,Infrastructure,100
A00042,Database,85
A00042,Analytics & Data,64
A00042,AI & ML,100
A00042,Security,97
A00042,Applications,100
A00042,Integration,97
A00043,Infrastructure,50
A00043,Database,21
A00043,Analytics & Data,42
A00043,AI & ML,20
A00043,Security,37
A00043,Applications,58
A00043,Integration,56
A00044,Infrastructure,83
A00044,Database,100
A00044,Analytics & Data,89
A00044,AI & ML,47
A00044,Security,57
A00044,Applications,100
A00044,Integration,100
A00045,Infrastructure,99
A00045,Database,77
A00045,Analytics & Data,78
A00045,AI & ML,97
A00045,Security,98
A00045,Applications,84
A00045,Integration,97
A00046,Infrastructure,15
A00046,Database,21
A00046,Analytics & Data,50
A00046,AI & ML,92
A00046,Security,41
A00046,Applications,36
A00046,Integration,22
A00047,Infrastructure,15
A00047,Database,20
A00047,Analytics & Data,17
A00047,AI & ML,33
A00047,Security,51
A00047,Applications,28
A00047,Integration,47
A00048,Infrastructure,78
A00048,Database,56
A00048,Analytics & Data,56
A00048,AI & ML,54
A00048,Security,22
A00048,Applications,100
A00048,Integration,54
A00049,Infrastructure,22
A00049,Database,63
A00049,Analytics & Data,42
A00049,AI & ML,94
A00049,Security,17
A00049,Applications,11
A00049,Integration,31
A00050,Infrastructure,77
A00050,Database,92
A00050,Analytics & Data,93
A00050,AI & ML,50
A00050,Security,80
A00050,Applications,85
A00050,Integration,50
A00051,Infrastructure,76
A00051,Database,84
A00051,Analytics & Data,82
A00051,AI & ML,72
A00051,Security,77
A00051,Applications,85
A00051,Integration,98
A00052,Infrastructure,98
A00052,Database,70
A00052,Analytics & Data,47
A00052,AI & ML,81
A00052,Security,68
A00052,Applications,35
A00052,Integration,90
A00053,Infrastructure,99
A00053,Database,97
A00053,Analytics & Data,60
A00053,AI & ML,73
A00053,Security,87
A00053,Applications,54
A00053,Integration,99
A00054,Infrastructure,60
A00054,Database,82
A00054,Analytics & Data,32
A00054,AI & ML,65
A00054,Security,73
A00054,Applications,88
A00054,Integration,24
A00055,Infrastructure,72
A00055,Database,72
A00055,Analytics & Data,46
A00055,AI & ML,64
A00055,Security,61
A00055,Applications,66
A00055,Integration,71
A00056,Infrastructure,50
A00056,Database,87
A00056,Analytics & Data,76
A00056,AI & ML,61
A00056,Security,73
A00056,Applications,32
A00056,Integration,85
A00057,Infrastructure,92
A00057,Database,76
A00057,Analytics & Data,60
A00057,AI & ML,79
A00057,Security,80
A00057,Applications,83
A00057,Integration,99
A00058,Infrastructure,84
A00058,Database,59
A00058,Analytics & Data,49
A00058,AI & ML,100
A00058,Security,60
A00058,Applications,10
A00058,Integration,84
A00059,Infrastructure,39
A00059,Database,85
A00059,Analytics & Data,12
A00059,AI & ML,46
A00059,Security,65
A00059,Applications,67
A00059,Integration,34
A00060,Infrastructure,37
A00060,Database,22
A00060,Analytics & Data,15
A00060,AI & ML,36
A00060,Security,60
A00060,Applications,57
A00060,Integration,10
A00061,Infrastructure,30
A00061,Database,53
A00061,Analytics & Data,69
A00061,AI & ML,18
A00061,Security,60
A00061,Applications,77
A00061,Integration,85
A00062,Infrastructure,100
A00062,Database,45
A00062,Analytics & Data,62
A00062,AI & ML,84
A00062,Security,98
A00062,Applications,51
A00062,Integration,53
A00063,Infrastructure,45
A00063,Database,37
A00063,Analytics & Data,89
A00063,AI & ML,42
A00063,Security,36
A00063,Applications,12
A00063,Integration,33
A00064,Infrastructure,18
A00064,Database,55
A00064,Analytics & Data,29
A00064,AI & ML,11
A00064,Security,41
A00064,Applications,42
A00064,Integration,38
A00065,Infrastructure,84
A00065,Database,69
A00065,Analytics & Data,36
A00065,AI & ML,90
A00065,Security,50
A00065,Applications,61
A00065,Integration,57
A00066,Infrastructure,38
A00066,Database,29
A00066,Analytics & Data,34
A00066,AI & ML,66
A00066,Security,28
A00066,Applications,73
A00066,Integration,46
A00067,Infrastructure,99
A00067,Database,97
A00067,Analytics & Data,54
A00067,AI & ML,94
A00067,Security,100
A00067,Applications,99
A00067,Integration,92
A00068,Infrastructure,90
A00068,Database,87
A00068,Analytics & Data,53
A00068,AI & ML,90
A00068,Security,49
A00068,Applications,65
A00068,Integration,91
A00069,Infrastructure,77
A00069,Database,99
A00069,Analytics & Data,80
A00069,AI & ML,81
A00069,Security,91
A00069,Applications,86
A00069,Integration,92
A00070,Infrastructure,87
A00070,Database,100
A00070,Analytics & Data,84
A00070,AI & ML,86
A00070,Security,70
A00070,Applications,98
A00070,Integration,97
A00071,Infrastructure,77
A00071,Database,55
A00071,Analytics & Data,85
A00071,AI & ML,81
A00071,Security,91
A00071,Applications,79
A00071,Integration,93
A00072,Infrastructure,92
A00072,Database,82
A00072,Analytics & Data,81
A00072,AI & ML,91
A00072,Security,62
A00072,Applications,65
A00072,Integration,47
A00073,Infrastructure,84
A00073,Database,54
A00073,Analytics & Data,61
A00073,AI & ML,58
A00073,Security,98
A00073,Applications,84
A00073,Integration,79
A00074,Infrastructure,27
A00074,Database,23
A00074,Analytics & Data,69
A00074,AI & ML,24
A00074,Security,73
A00074,Applications,39
A00074,Integration,13
A00075,Infrastructure,57
A00075,Database,71
A00075,Analytics & Data,84
A00075,AI & ML,79
A00075,Security,79
A00075,Applications,82
A00075,Integration,76
A00076,Infrastructure,85
A00076,Database,12
A00076,Analytics & Data,21
A00076,AI & ML,73
A00076,Security,36
A00076,Applications,39
A00076,Integration,46
A00077,Infrastructure,100
A00077,Database,29
A00077,Analytics & Data,97
A00077,AI & ML,97
A00077,Security,97
A00077,Applications,87
A00077,Integration,98
A00078,Infrastructure,47
A00078,Database,73
A00078,Analytics & Data,29
A00078,AI & ML,65
A00078,Security,83
A00078,Applications,94
A00078,Integration,88
A00079,Infrastructure,28
A00079,Database,94
A00079,Analytics & Data,59
A00079,AI & ML,79
A00079,Security,76
A00079,Applications,91
A00079,Integration,77
A00080,Infrastructure,84
A00080,Database,83
A00080,Analytics & Data,79
A00080,AI & ML,89
A00080,Security,78
A00080,Applications,98
A00080,Integration,92
A00081,Infrastructure,10
A00081,Database,69
A00081,Analytics & Data,10
A00081,AI & ML,34
A00081,Security,39
A00081,Applications,14
A00081,Integration,11
A00082,Infrastructure,49
A00082,Database,61
A00082,Analytics & Data,84
A00082,AI & ML,29
A00082,Security,35
A00082,Applications,71
A00082,Integration,45
A00083,Infrastructure,91
A00083,Database,81
A00083,Analytics & Data,99
A00083,AI & ML,86
A00083,Security,87
A00083,Applications,81
A00083,Integration,100
A00084,Infrastructure,97
A00084,Database,49
A00084,Analytics & Data,81
A00084,AI & ML,99
A00084,Security,99
A00084,Applications,97
A00084,Integration,82
A00085,Infrastructure,69
A00085,Database,55
A00085,Analytics & Data,61
A00085,AI & ML,98
A00085,Security,80
A00085,Applications,83
A00085,Integration,63
A00086,Infrastructure,99
A00086,Database,100
A00086,Analytics & Data,98
A00086,AI & ML,100
A00086,Security,97
A00086,Applications,84
A00086,Integration,97
A00087,Infrastructure,91
A00087,Database,87
A00087,Analytics & Data,46
A00087,AI & ML,66
A00087,Security,82
A00087,Applications,58
A00087,Integration,59
A00088,Infrastructure,51
A00088,Database,68
A00088,Analytics & Data,78
A00088,AI & ML,72
A00088,Security,58
A00088,Applications,25
A00088,Integration,49
A00089,Infrastructure,48
A00089,Database,22
A00089,Analytics & Data,46
A00089,AI & ML,63
A00089,Security,92
A00089,Applications,66
A00089,Integration,66
A00090,Infrastructure,93
A00090,Database,63
A00090,Analytics & Data,66
A00090,AI & ML,83
A00090,Security,97
A00090,Applications,99
A00090,Integration,56
A00091,Infrastructure,99
A00091,Database,100
A00091,Analytics & Data,98
A00091,AI & ML,84
A00091,Security,99
A00091,Applications,60
A00091,Integration,82
A00092,Infrastructure,59
A00092,Database,11
A00092,Analytics & Data,71
A00092,AI & ML,12
A00092,Security,27
A00092,Applications,78
A00092,Integration,62
A00093,Infrastructure,25
A00093,Database,27
A00093,Analytics & Data,45
A00093,AI & ML,38
A00093,Security,28
A00093,Applications,65
A00093,Integration,27
A00094,Infrastructure,83
A00094,Database,83
A00094,Analytics & Data,92
A00094,AI & ML,71
A00094,Security,99
A00094,Applications,46
A00094,Integration,87
A00095,Infrastructure,54
A00095,Database,50
A00095,Analytics & Data,20
A00095,AI & ML,13
A00095,Security,11
A00095,Applications,30
A00095,Integration,21
A00096,Infrastructure,88
A00096,Database,83
A00096,Analytics & Data,83
A00096,AI & ML,76
A00096,Security,83
A00096,Applications,100
A00096,Integration,49
A00097,Infrastructure,90
A00097,Database,78
A00097,Analytics & Data,100
A00097,AI & ML,78
A00097,Security,77
A00097,Applications,98
A00097,Integration,98
A00098,Infrastructure,73
A00098,Database,47
A00098,Analytics & Data,62
A00098,AI & ML,98
A00098,Security,53
A00098,Applications,25
A00098,Integration,53
A00099,Infrastructure,82
A00099,Database,48
A00099,Analytics & Data,85
A00099,AI & ML,56
A00099,Security,94
A00099,Applications,83
A00099,Integration,87
A00100,Infrastructure,28
A00100,Database,31
A00100,Analytics & Data,27
A00100,AI & ML,13
A00100,Security,12
A00100,Applications,42
A00100,Integration,24
A00101,Infrastructure,68
A00101,Database,72
A00101,Analytics & Data,29
A00101,AI & ML,85
A00101,Security,61
A00101,Applications,82
A00101,Integration,77
A00102,Infrastructure,14
A00102,Database,36
A00102,Analytics & Data,70
A00102,AI & ML,23
A00102,Security,59
A00102,Applications,17
A00102,Integration,36
A00103,Infrastructure,82
A00103,Database,90
A00103,Analytics & Data,32
A00103,AI & ML,84
A00103,Security,84
A00103,Applications,97
A00103,Integration,90
A00104,Infrastructure,39
A00104,Database,87
A00104,Analytics & Data,85
A00104,AI & ML,84
A00104,Security,69
A00104,Applications,98
A00104,Integration,92
A00105,Infrastructure,50
A00105,Database,80
A00105,Analytics & Data,97
A00105,AI & ML,83
A00105,Security,78
A00105,Applications,79
A00105,Integration,100
A00106,Infrastructure,11
A00106,Database,32
A00106,Analytics & Data,27
A00106,AI & ML,16
A00106,Security,49
A00106,Applications,13
A00106,Integration,58
A00107,Infrastructure,76
A00107,Database,82
A00107,Analytics & Data,99
A00107,AI & ML,87
A00107,Security,68
A00107,Applications,97
A00107,Integration,91
A00108,Infrastructure,30
A00108,Database,66
A00108,Analytics & Data,72
A00108,AI & ML,90
A00108,Security,64
A00108,Applications,85
A00108,Integration,66
A00109,Infrastructure,79
A00109,Database,84
A00109,Analytics & Data,89
A00109,AI & ML,91
A00109,Security,73
A00109,Applications,100
A00109,Integration,99
A00110,Infrastructure,100
A00110,Database,65
A00110,Analytics & Data,77
A00110,AI & ML,93
A00110,Security,99
A00110,Applications,100
A00110,Integration,77
A00111,Infrastructure,59
A00111,Database,33
A00111,Analytics & Data,20
A00111,AI & ML,94
A00111,Security,70
A00111,Applications,33
A00111,Integration,14
A00112,Infrastructure,100
A00112,Database,78
A00112,Analytics & Data,52
A00112,AI & ML,92
A00112,Security,71
A00112,Applications,94
A00112,Integration,76
A00113,Infrastructure,10
A00113,Database,41
A00113,Analytics & Data,72
A00113,AI & ML,49
A00113,Security,27
A00113,Applications,41
A00113,Integration,26
A00114,Infrastructure,31
A00114,Database,97
A00114,Analytics & Data,100
A00114,AI & ML,99
A00114,Security,97
A00114,Applications,100
A00114,Integration,93
A00115,Infrastructure,47
A00115,Database,94
A00115,Analytics & Data,57
A00115,AI & ML,19
A00115,Security,42
A00115,Applications,64
A00115,Integration,98
A00116,Infrastructure,25
A00116,Database,13
A00116,Analytics & Data,31
A00116,AI & ML,56
A00116,Security,14
A00116,Applications,38
A00116,Integration,28
A00117,Infrastructure,83
A00117,Database,51
A00117,Analytics & Data,85
A00117,AI & ML,57
A00117,Security,99
A00117,Applications,83
A00117,Integration,92
A00118,Infrastructure,31
A00118,Database,94
A00118,Analytics & Data,46
A00118,AI & ML,52
A00118,Security,70
A00118,Applications,76
A00118,Integration,86
A00119,Infrastructure,55
A00119,Database,89
A00119,Analytics & Data,76
A00119,AI & ML,100
A00119,Security,97
A00119,Applications,81
A00119,Integration,91
A00120,Infrastructure,94
A00120,Database,63
A00120,Analytics & Data,99
A00120,AI & ML,97
A00120,Security,99
A00120,Applications,100
A00120,Integration,72
A00121,Infrastructure,92
A00121,Database,88
A00121,Analytics & Data,98
A00121,AI & ML,100
A00121,Security,84
A00121,Applications,77
A00121,Integration,88
A00122,Infrastructure,66
A00122,Database,58
A00122,Analytics & Data,99
A00122,AI & ML,40
A00122,Security,64
A00122,Applications,52
A00122,Integration,28
A00123,Infrastructure,100
A00123,Database,99
A00123,Analytics & Data,100
A00123,AI & ML,46
A00123,Security,90
A00123,Applications,98
A00123,Integration,55
A00124,Infrastructure,65
A00124,Database,35
A00124,Analytics & Data,52
A00124,AI & ML,90
A00124,Security,56
A00124,Applications,21
A00124,Integration,70
A00125,Infrastructure,93
A00125,Database,65
A00125,Analytics & Data,99
A00125,AI & ML,82
A00125,Security,100
A00125,Applications,100
A00125,Integration,97
A00126,Infrastructure,17
A00126,Database,14
A00126,Analytics & Data,32
A00126,AI & ML,17
A00126,Security,34
A00126,Applications,25
A00126,Integration,29
A00127,Infrastructure,79
A00127,Database,49
A00127,Analytics & Data,100
A00127,AI & ML,83
A00127,Security,86
A00127,Applications,88
A00127,Integration,86
A00128,Infrastructure,99
A00128,Database,76
A00128,Analytics & Data,15
A00128,AI & ML,83
A00128,Security,62
A00128,Applications,38
A00128,Integration,70
A00129,Infrastructure,100
A00129,Database,86
A00129,Analytics & Data,99
A00129,AI & ML,99
A00129,Security,97
A00129,Applications,97
A00129,Integration,100
A00130,Infrastructure,52
A00130,Database,50
A00130,Analytics & Data,97
A00130,AI & ML,99
A00130,Security,97
A00130,Applications,97
A00130,Integration,31
A00131,Infrastructure,68
A00131,Database,68
A00131,Analytics & Data,63
A00131,AI & ML,56
A00131,Security,68
A00131,Applications,67
A00131,Integration,12
A00132,Infrastructure,79
A00132,Database,48
A00132,Analytics & Data,76
A00132,AI & ML,73
A00132,Security,53
A00132,Applications,52
A00132,Integration,81
A00133,Infrastructure,84
A00133,Database,84
A00133,Analytics & Data,85
A00133,AI & ML,47
A00133,Security,77
A00133,Applications,70
A00133,Integration,84
A00134,Infrastructure,83
A00134,Database,33
A00134,Analytics & Data,32
A00134,AI & ML,69
A00134,Security,77
A00134,Applications,67
A00134,Integration,10
A00135,Infrastructure,21
A00135,Database,89
A00135,Analytics & Data,90
A00135,AI & ML,61
A00135,Security,61
A00135,Applications,52
A00135,Integration,84
A00136,Infrastructure,57
A00136,Database,42
A00136,Analytics & Data,56
A00136,AI & ML,83
A00136,Security,81
A00136,Applications,36
A00136,Integration,81
A00137,Infrastructure,28
A00137,Database,32
A00137,Analytics & Data,27
A00137,AI & ML,48
A00137,Security,53
A00137,Applications,78
A00137,Integration,11
A00138,Infrastructure,89
A00138,Database,21
A00138,Analytics & Data,90
A00138,AI & ML,70
A00138,Security,97
A00138,Applications,57
A00138,Integration,100
A00139,Infrastructure,48
A00139,Database,91
A00139,Analytics & Data,90
A00139,AI & ML,93
A00139,Security,47
A00139,Applications,81
A00139,Integration,77
A00140,Infrastructure,65
A00140,Database,76
A00140,Analytics & Data,56
A00140,AI & ML,98
A00140,Security,49
A00140,Applications,50
A00140,Integration,55
A00141,Infrastructure,99
A00141,Database,86
A00141,Analytics & Data,97
A00141,AI & ML,99
A00141,Security,100
A00141,Applications,97
A00141,Integration,97
A00142,Infrastructure,30
A00142,Database,50
A00142,Analytics & Data,97
A00142,AI & ML,81
A00142,Security,54
A00142,Applications,84
A00142,Integration,81
A00143,Infrastructure,79
A00143,Database,85
A00143,Analytics & Data,19
A00143,AI & ML,92
A00143,Security,97
A00143,Applications,79
A00143,Integration,81
A00144,Infrastructure,53
A00144,Database,22
A00144,Analytics & Data,69
A00144,AI & ML,24
A00144,Security,89
A00144,Applications,12
A00144,Integration,23
A00145,Infrastructure,19
A00145,Database,51
A00145,Analytics & Data,30
A00145,AI & ML,32
A00145,Security,13
A00145,Applications,57
A00145,Integration,18
A00146,Infrastructure,87
A00146,Database,55
A00146,Analytics & Data,85
A00146,AI & ML,47
A00146,Security,37
A00146,Applications,78
A00146,Integration,90
A00147,Infrastructure,18
A00147,Database,28
A00147,Analytics & Data,71
A00147,AI & ML,38
A00147,Security,77
A00147,Applications,47
A00147,Integration,87
A00148,Infrastructure,79
A00148,Database,82
A00148,Analytics & Data,92
A00148,AI & ML,64
A00148,Security,69
A00148,Applications,76
A00148,Integration,98
A00149,Infrastructure,52
A00149,Database,93
A00149,Analytics & Data,83
A00149,AI & ML,94
A00149,Security,77
A00149,Applications,68
A00149,Integration,76
A00150,Infrastructure,76
A00150,Database,70
A00150,Analytics & Data,26
A00150,AI & ML,56
A00150,Security,24
A00150,Applications,61
A00150,Integration,77
A00151,Infrastructure,93
A00151,Database,97
A00151,Analytics & Data,84
A00151,AI & ML,97
A00151,Security,97
A00151,Applications,90
A00151,Integration,97
A00152,Infrastructure,34
A00152,Database,31
A00152,Analytics & Data,50
A00152,AI & ML,54
A00152,Security,77
A00152,Applications,79
A00152,Integration,48
A00153,Infrastructure,97
A00153,Database,81
A00153,Analytics & Data,85
A00153,AI & ML,98
A00153,Security,93
A00153,Applications,99
A00153,Integration,90
A00154,Infrastructure,82
A00154,Database,60
A00154,Analytics & Data,49
A00154,AI & ML,58
A00154,Security,46
A00154,Applications,34
A00154,Integration,25
A00155,Infrastructure,100
A00155,Database,83
A00155,Analytics & Data,88
A00155,AI & ML,93
A00155,Security,99
A00155,Applications,18
A00155,Integration,82
A00156,Infrastructure,60
A00156,Database,61
A00156,Analytics & Data,99
A00156,AI & ML,20
A00156,Security,62
A00156,Applications,79
A00156,Integration,49
A00157,Infrastructure,45
A00157,Database,10
A00157,Analytics & Data,80
A00157,AI & ML,47
A00157,Security,56
A00157,Applications,70
A00157,Integration,87
A00158,Infrastructure,92
A00158,Database,82
A00158,Analytics & Data,62
A00158,AI & ML,89
A00158,Security,61
A00158,Applications,83
A00158,Integration,65
A00159,Infrastructure,81
A00159,Database,82
A00159,Analytics & Data,87
A00159,AI & ML,63
A00159,Security,52
A00159,Applications,92
A00159,Integration,21
A00160,Infrastructure,82
A00160,Database,94
A00160,Analytics & Data,80
A00160,AI & ML,83
A00160,Security,89
A00160,Applications,99
A00160,Integration,85
A00161,Infrastructure,61
A00161,Database,49
A00161,Analytics & Data,49
A00161,AI & ML,20
A00161,Security,71
A00161,Applications,68
A00161,Integration,80
A00162,Infrastructure,88
A00162,Database,83
A00162,Analytics & Data,72
A00162,AI & ML,99
A00162,Security,66
A00162,Applications,78
A00162,Integration,68
A00163,Infrastructure,93
A00163,Database,52
A00163,Analytics & Data,82
A00163,AI & ML,83
A00163,Security,92
A00163,Applications,38
A00163,Integration,98
A00164,Infrastructure,17
A00164,Database,33
A00164,Analytics & Data,58
A00164,AI & ML,29
A00164,Security,29
A00164,Applications,69
A00164,Integration,37
A00165,Infrastructure,88
A00165,Database,50
A00165,Analytics & Data,80
A00165,AI & ML,86
A00165,Security,86
A00165,Applications,82
A00165,Integration,84
A00166,Infrastructure,47
A00166,Database,87
A00166,Analytics & Data,88
A00166,AI & ML,37
A00166,Security,78
A00166,Applications,67
A00166,Integration,59
A00167,Infrastructure,10
A00167,Database,15
A00167,Analytics & Data,39
A00167,AI & ML,20
A00167,Security,69
A00167,Applications,38
A00167,Integration,60
A00168,Infrastructure,79
A00168,Database,48
A00168,Analytics & Data,97
A00168,AI & ML,67
A00168,Security,100
A00168,Applications,86
A00168,Integration,83
A00169,Infrastructure,78
A00169,Database,100
A00169,Analytics & Data,77
A00169,AI & ML,91
A00169,Security,83
A00169,Applications,80
A00169,Integration,93
A00170,Infrastructure,92
A00170,Database,45
A00170,Analytics & Data,50
A00170,AI & ML,65
A00170,Security,92
A00170,Applications,49
A00170,Integration,47
A00171,Infrastructure,49
A00171,Database,38
A00171,Analytics & Data,11
A00171,AI & ML,46
A00171,Security,71
A00171,Applications,66
A00171,Integration,92
A00172,Infrastructure,84
A00172,Database,67
A00172,Analytics & Data,33
A00172,AI & ML,76
A00172,Security,97
A00172,Applications,90
A00172,Integration,68
A00173,Infrastructure,97
A00173,Database,84
A00173,Analytics & Data,91
A00173,AI & ML,79
A00173,Security,84
A00173,Applications,55
A00173,Integration,99
A00174,Infrastructure,77
A00174,Database,97
A00174,Analytics & Data,45
A00174,AI & ML,88
A00174,Security,57
A00174,Applications,78
A00174,Integration,97
A00175,Infrastructure,66
A00175,Database,100
A00175,Analytics & Data,58
A00175,AI & ML,78
A00175,Security,83
A00175,Applications,91
A00175,Integration,59
A00176,Infrastructure,98
A00176,Database,99
A00176,Analytics & Data,99
A00176,AI & ML,100
A00176,Security,98
A00176,Applications,78
A00176,Integration,100
A00177,Infrastructure,100
A00177,Database,79
A00177,Analytics & Data,100
A00177,AI & ML,76
A00177,Security,54
A00177,Applications,80
A00177,Integration,98
A00178,Infrastructure,84
A00178,Database,26
A00178,Analytics & Data,83
A00178,AI & ML,26
A00178,Security,47
A00178,Applications,49
A00178,Integration,79
A00179,Infrastructure,85
A00179,Database,99
A00179,Analytics & Data,76
A00179,AI & ML,100
A00179,Security,39
A00179,Applications,70
A00179,Integration,59
A00180,Infrastructure,89
A00180,Database,97
A00180,Analytics & Data,93
A00180,AI & ML,77
A00180,Security,79
A00180,Applications,80
A00180,Integration,54
A00181,Infrastructure,90
A00181,Database,100
A00181,Analytics & Data,100
A00181,AI & ML,91
A00181,Security,97
A00181,Applications,91
A00181,Integration,100
A00182,Infrastructure,90
A00182,Database,82
A00182,Analytics & Data,93
A00182,AI & ML,52
A00182,Security,97
A00182,Applications,55
A00182,Integration,45
A00183,Infrastructure,55
A00183,Database,89
A00183,Analytics & Data,68
A00183,AI & ML,80
A00183,Security,76
A00183,Applications,77
A00183,Integration,35
A00184,Infrastructure,11
A00184,Database,30
A00184,Analytics & Data,22
A00184,AI & ML,20
A00184,Security,88
A00184,Applications,42
A00184,Integration,19
A00185,Infrastructure,93
A00185,Database,21
A00185,Analytics & Data,33
A00185,AI & ML,49
A00185,Security,62
A00185,Applications,18
A00185,Integration,35
A00186,Infrastructure,47
A00186,Database,87
A00186,Analytics & Data,93
A00186,AI & ML,92
A00186,Security,99
A00186,Applications,63
A00186,Integration,90
A00187,Infrastructure,22
A00187,Database,64
A00187,Analytics & Data,61
A00187,AI & ML,25
A00187,Security,58
A00187,Applications,20
A00187,Integration,50
A00188,Infrastructure,40
A00188,Database,88
A00188,Analytics & Data,88
A00188,AI & ML,64
A00188,Security,94
A00188,Applications,83
A00188,Integration,14
A00189,Infrastructure,68
A00189,Database,22
A00189,Analytics & Data,80
A00189,AI & ML,72
A00189,Security,59
A00189,Applications,64
A00189,Integration,86
A00190,Infrastructure,89
A00190,Database,90
A00190,Analytics & Data,15
A00190,AI & ML,78
A00190,Security,73
A00190,Applications,66
A00190,Integration,77
A00191,Infrastructure,73
A00191,Database,82
A00191,Analytics & Data,100
A00191,AI & ML,99
A00191,Security,84
A00191,Applications,100
A00191,Integration,87
A00192,Infrastructure,33
A00192,Database,40
A00192,Analytics & Data,79
A00192,AI & ML,90
A00192,Security,32
A00192,Applications,18
A00192,Integration,22
A00193,Infrastructure,66
A00193,Database,63
A00193,Analytics & Data,39
A00193,AI & ML,85
A00193,Security,57
A00193,Applications,68
A00193,Integration,99
A00194,Infrastructure,72
A00194,Database,11
A00194,Analytics & Data,100
A00194,AI & ML,77
A00194,Security,91
A00194,Applications,29
A00194,Integration,71
A00195,Infrastructure,71
A00195,Database,12
A00195,Analytics & Data,87
A00195,AI & ML,33
A00195,Security,50
A00195,Applications,14
A00195,Integration,14
A00196,Infrastructure,99
A00196,Database,85
A00196,Analytics & Data,100
A00196,AI & ML,97
A00196,Security,98
A00196,Applications,98
A00196,Integration,85
A00197,Infrastructure,37
A00197,Database,77
A00197,Analytics & Data,78
A00197,AI & ML,98
A00197,Security,14
A00197,Applications,81
A00197,Integration,93
A00198,Infrastructure,79
A00198,Database,98
A00198,Analytics & Data,97
A00198,AI & ML,98
A00198,Security,98
A00198,Applications,15
A00198,Integration,100
A00199,Infrastructure,64
A00199,Database,92
A00199,Analytics & Data,77
A00199,AI & ML,61
A00199,Security,91
A00199,Applications,80
A00199,Integration,61
A00200,Infrastructure,76
A00200,Database,78
A00200,Analytics & Data,58
A00200,AI & ML,92
A00200,Security,83
A00200,Applications,86
A00200,Integration,47
A00201,Infrastructure,25
A00201,Database,40
A00201,Analytics & Data,33
A00201,AI & ML,15
A00201,Security,37
A00201,Applications,18
A00201,Integration,23
A00202,Infrastructure,15
A00202,Database,86
A00202,Analytics & Data,84
A00202,AI & ML,63
A00202,Security,34
A00202,Applications,59
A00202,Integration,41
A00203,Infrastructure,78
A00203,Database,99
A00203,Analytics & Data,99
A00203,AI & ML,98
A00203,Security,100
A00203,Applications,99
A00203,Integration,59
A00204,Infrastructure,92
A00204,Database,47
A00204,Analytics & Data,89
A00204,AI & ML,83
A00204,Security,76
A00204,Applications,82
A00204,Integration,89
A00205,Infrastructure,76
A00205,Database,83
A00205,Analytics & Data,89
A00205,AI & ML,54
A00205,Security,80
A00205,Applications,87
A00205,Integration,87
A00206,Infrastructure,77
A00206,Database,63
A00206,Analytics & Data,67
A00206,AI & ML,68
A00206,Security,58
A00206,Applications,84
A00206,Integration,67
A00207,Infrastructure,36
A00207,Database,73
A00207,Analytics & Data,80
A00207,AI & ML,90
A00207,Security,77
A00207,Applications,99
A00207,Integration,91
A00208,Infrastructure,13
A00208,Database,33
A00208,Analytics & Data,63
A00208,AI & ML,23
A00208,Security,34
A00208,Applications,20
A00208,Integration,24
A00209,Infrastructure,51
A00209,Database,49
A00209,Analytics & Data,50
A00209,AI & ML,59
A00209,Security,55
A00209,Applications,92
A00209,Integration,77
A00210,Infrastructure,81
A00210,Database,81
A00210,Analytics & Data,80
A00210,AI & ML,84
A00210,Security,78
A00210,Applications,80
A00210,Integration,76
A00211,Infrastructure,30
A00211,Database,80
A00211,Analytics & Data,54
A00211,AI & ML,63
A00211,Security,58
A00211,Applications,72
A00211,Integration,34
A00212,Infrastructure,79
A00212,Database,30
A00212,Analytics & Data,99
A00212,AI & ML,88
A00212,Security,79
A00212,Applications,81
A00212,Integration,59
A00213,Infrastructure,22
A00213,Database,79
A00213,Analytics & Data,87
A00213,AI & ML,94
A00213,Security,85
A00213,Applications,70
A00213,Integration,82
A00214,Infrastructure,57
A00214,Database,88
A00214,Analytics & Data,97
A00214,AI & ML,56
A00214,Security,41
A00214,Applications,87
A00214,Integration,86
A00215,Infrastructure,99
A00215,Database,88
A00215,Analytics & Data,45
A00215,AI & ML,100
A00215,Security,93
A00215,Applications,61
A00215,Integration,81
A00216,Infrastructure,97
A00216,Database,100
A00216,Analytics & Data,76
A00216,AI & ML,100
A00216,Security,85
A00216,Applications,99
A00216,Integration,78
A00217,Infrastructure,89
A00217,Database,86
A00217,Analytics & Data,79
A00217,AI & ML,84
A00217,Security,100
A00217,Applications,100
A00217,Integration,87
A00218,Infrastructure,27
A00218,Database,78
A00218,Analytics & Data,80
A00218,AI & ML,76
A00218,Security,97
A00218,Applications,72
A00218,Integration,84
A00219,Infrastructure,25
A00219,Database,36
A00219,Analytics & Data,32
A00219,AI & ML,28
A00219,Security,65
A00219,Applications,17
A00219,Integration,18
A00220,Infrastructure,78
A00220,Database,82
A00220,Analytics & Data,71
A00220,AI & ML,61
A00220,Security,54
A00220,Applications,51
A00220,Integration,60
A00221,Infrastructure,93
A00221,Database,82
A00221,Analytics & Data,21
A00221,AI & ML,78
A00221,Security,94
A00221,Applications,11
A00221,Integration,69
A00222,Infrastructure,100
A00222,Database,97
A00222,Analytics & Data,89
A00222,AI & ML,99
A00222,Security,56
A00222,Applications,98
A00222,Integration,37
A00223,Infrastructure,32
A00223,Database,39
A00223,Analytics & Data,13
A00223,AI & ML,31
A00223,Security,34
A00223,Applications,26
A00223,Integration,17
A00224,Infrastructure,82
A00224,Database,77
A00224,Analytics & Data,62
A00224,AI & ML,49
A00224,Security,21
A00224,Applications,45
A00224,Integration,54
A00225,Infrastructure,63
A00225,Database,30
A00225,Analytics & Data,85
A00225,AI & ML,65
A00225,Security,67
A00225,Applications,82
A00225,Integration,49
A00226,Infrastructure,11
A00226,Database,51
A00226,Analytics & Data,22
A00226,AI & ML,18
A00226,Security,23
A00226,Applications,67
A00226,Integration,30
A00227,Infrastructure,12
A00227,Database,55
A00227,Analytics & Data,78
A00227,AI & ML,90
A00227,Security,84
A00227,Applications,13
A00227,Integration,68
A00228,Infrastructure,64
A00228,Database,90
A00228,Analytics & Data,26
A00228,AI & ML,98
A00228,Security,91
A00228,Applications,88
A00228,Integration,90
A00229,Infrastructure,62
A00229,Database,72
A00229,Analytics & Data,65
A00229,AI & ML,92
A00229,Security,100
A00229,Applications,89
A00229,Integration,85
A00230,Infrastructure,37
A00230,Database,55
A00230,Analytics & Data,60
A00230,AI & ML,92
A00230,Security,70
A00230,Applications,97
A00230,Integration,54
A00231,Infrastructure,65
A00231,Database,99
A00231,Analytics & Data,69
A00231,AI & ML,84
A00231,Security,82
A00231,Applications,48
A00231,Integration,60
A00232,Infrastructure,72
A00232,Database,71
A00232,Analytics & Data,60
A00232,AI & ML,73
A00232,Security,68
A00232,Applications,67
A00232,Integration,79
A00233,Infrastructure,22
A00233,Database,54
A00233,Analytics & Data,91
A00233,AI & ML,57
A00233,Security,61
A00233,Applications,62
A00233,Integration,37
A00234,Infrastructure,69
A00234,Database,91
A00234,Analytics & Data,93
A00234,AI & ML,56
A00234,Security,93
A00234,Applications,97
A00234,Integration,69
A00235,Infrastructure,53
A00235,Database,99
A00235,Analytics & Data,87
A00235,AI & ML,97
A00235,Security,93
A00235,Applications,47
A00235,Integration,87
A00236,Infrastructure,85
A00236,Database,99
A00236,Analytics & Data,89
A00236,AI & ML,71
A00236,Security,78
A00236,Applications,81
A00236,Integration,47
A00237,Infrastructure,58
A00237,Database,17
A00237,Analytics & Data,69
A00237,AI & ML,69
A00237,Security,48
A00237,Applications,73
A00237,Integration,68
A00238,Infrastructure,94
A00238,Database,82
A00238,Analytics & Data,99
A00238,AI & ML,98
A00238,Security,98
A00238,Applications,93
A00238,Integration,99
A00239,Infrastructure,83
A00239,Database,31
A00239,Analytics & Data,39
A00239,AI & ML,41
A00239,Security,27
A00239,Applications,27
A00239,Integration,33
A00240,Infrastructure,93
A00240,Database,77
A00240,Analytics & Data,16
A00240,AI & ML,49
A00240,Security,46
A00240,Applications,50
A00240,Integration,64
A00241,Infrastructure,99
A00241,Database,87
A00241,Analytics & Data,45
A00241,AI & ML,78
A00241,Security,84
A00241,Applications,87
A00241,Integration,91
A00242,Infrastructure,57
A00242,Database,35
A00242,Analytics & Data,94
A00242,AI & ML,17
A00242,Security,72
A00242,Applications,64
A00242,Integration,90
A00243,Infrastructure,20
A00243,Database,88
A00243,Analytics & Data,60
A00243,AI & ML,40
A00243,Security,64
A00243,Applications,71
A00243,Integration,57
A00244,Infrastructure,81
A00244,Database,80
A00244,Analytics & Data,85
A00244,AI & ML,53
A00244,Security,69
A00244,Applications,54
A00244,Integration,46
A00245,Infrastructure,97
A00245,Database,80
A00245,Analytics & Data,93
A00245,AI & ML,98
A00245,Security,99
A00245,Applications,86
A00245,Integration,99
A00246,Infrastructure,25
A00246,Database,79
A00246,Analytics & Data,30
A00246,AI & ML,34
A00246,Security,35
A00246,Applications,18
A00246,Integration,41
A00247,Infrastructure,28
A00247,Database,78
A00247,Analytics & Data,99
A00247,AI & ML,99
A00247,Security,99
A00247,Applications,76
A00247,Integration,100
A00248,Infrastructure,100
A00248,Database,56
A00248,Analytics & Data,100
A00248,AI & ML,45
A00248,Security,98
A00248,Applications,98
A00248,Integration,100
A00249,Infrastructure,59
A00249,Database,78
A00249,Analytics & Data,37
A00249,AI & ML,99
A00249,Security,83
A00249,Applications,93
A00249,Integration,51
A00250,Infrastructure,89
A00250,Database,73
A00250,Analytics & Data,48
A00250,AI & ML,65
A00250,Security,10
A00250,Applications,64
A00250,Integration,62
A00251,Infrastructure,100
A00251,Database,98
A00251,Analytics & Data,97
A00251,AI & ML,14
A00251,Security,91
A00251,Applications,82
A00251,Integration,72
A00252,Infrastructure,61
A00252,Database,36
A00252,Analytics & Data,51
A00252,AI & ML,53
A00252,Security,21
A00252,Applications,80
A00252,Integration,67
A00253,Infrastructure,97
A00253,Database,99
A00253,Analytics & Data,55
A00253,AI & ML,97
A00253,Security,66
A00253,Applications,93
A00253,Integration,91
A00254,Infrastructure,72
A00254,Database,35
A00254,Analytics & Data,16
A00254,AI & ML,35
A00254,Security,55
A00254,Applications,70
A00254,Integration,29
A00255,Infrastructure,28
A00255,Database,33
A00255,Analytics & Data,27
A00255,AI & ML,30
A00255,Security,19
A00255,Applications,12
A00255,Integration,50
A00256,Infrastructure,97
A00256,Database,57
A00256,Analytics & Data,65
A00256,AI & ML,83
A00256,Security,86
A00256,Applications,87
A00256,Integration,84
A00257,Infrastructure,98
A00257,Database,88
A00257,Analytics & Data,60
A00257,AI & ML,89
A00257,Security,84
A00257,Applications,83
A00257,Integration,89
A00258,Infrastructure,12
A00258,Database,58
A00258,Analytics & Data,13
A00258,AI & ML,10
A00258,Security,55
A00258,Applications,60
A00258,Integration,61
A00259,Infrastructure,12
A00259,Database,48
A00259,Analytics & Data,39
A00259,AI & ML,29
A00259,Security,19
A00259,Applications,38
A00259,Integration,33
A00260,Infrastructure,71
A00260,Database,80
A00260,Analytics & Data,50
A00260,AI & ML,98
A00260,Security,78
A00260,Applications,83
A00260,Integration,93
A00261,Infrastructure,22
A00261,Database,38
A00261,Analytics & Data,87
A00261,AI & ML,28
A00261,Security,47
A00261,Applications,39
A00261,Integration,62
A00262,Infrastructure,77
A00262,Database,89
A00262,Analytics & Data,49
A00262,AI & ML,46
A00262,Security,66
A00262,Applications,49
A00262,Integration,24
A00263,Infrastructure,49
A00263,Database,77
A00263,Analytics & Data,84
A00263,AI & ML,49
A00263,Security,88
A00263,Applications,73
A00263,Integration,97
A00264,Infrastructure,100
A00264,Database,100
A00264,Analytics & Data,84
A00264,AI & ML,98
A00264,Security,40
A00264,Applications,100
A00264,Integration,97
A00265,Infrastructure,88
A00265,Database,61
A00265,Analytics & Data,59
A00265,AI & ML,84
A00265,Security,58
A00265,Applications,68
A00265,Integration,71
A00266,Infrastructure,33
A00266,Database,36
A00266,Analytics & Data,20
A00266,AI & ML,78
A00266,Security,12
A00266,Applications,72
A00266,Integration,41
A00267,Infrastructure,24
A00267,Database,100
A00267,Analytics & Data,59
A00267,AI & ML,76
A00267,Security,80
A00267,Applications,82
A00267,Integration,86
A00268,Infrastructure,55
A00268,Database,93
A00268,Analytics & Data,18
A00268,AI & ML,89
A00268,Security,72
A00268,Applications,54
A00268,Integration,22
A00269,Infrastructure,27
A00269,Database,30
A00269,Analytics & Data,65
A00269,AI & ML,83
A00269,Security,33
A00269,Applications,30
A00269,Integration,16
A00270,Infrastructure,76
A00270,Database,53
A00270,Analytics & Data,57
A00270,AI & ML,19
A00270,Security,53
A00270,Applications,56
A00270,Integration,54
A00271,Infrastructure,46
A00271,Database,38
A00271,Analytics & Data,15
A00271,AI & ML,39
A00271,Security,24
A00271,Applications,55
A00271,Integration,25
A00272,Infrastructure,35
A00272,Database,55
A00272,Analytics & Data,14
A00272,AI & ML,87
A00272,Security,24
A00272,Applications,14
A00272,Integration,27
A00273,Infrastructure,98
A00273,Database,99
A00273,Analytics & Data,84
A00273,AI & ML,99
A00273,Security,79
A00273,Applications,99
A00273,Integration,97
A00274,Infrastructure,46
A00274,Database,15
A00274,Analytics & Data,72
A00274,AI & ML,60
A00274,Security,48
A00274,Applications,81
A00274,Integration,46
A00275,Infrastructure,25
A00275,Database,15
A00275,Analytics & Data,20
A00275,AI & ML,59
A00275,Security,29
A00275,Applications,13
A00275,Integration,76
A00276,Infrastructure,36
A00276,Database,86
A00276,Analytics & Data,39
A00276,AI & ML,33
A00276,Security,35
A00276,Applications,52
A00276,Integration,38
A00277,Infrastructure,39
A00277,Database,27
A00277,Analytics & Data,79
A00277,AI & ML,81
A00277,Security,91
A00277,Applications,99
A00277,Integration,86
A00278,Infrastructure,40
A00278,Database,24
A00278,Analytics & Data,33
A00278,AI & ML,16
A00278,Security,69
A00278,Applications,18
A00278,Integration,21
A00279,Infrastructure,98
A00279,Database,80
A00279,Analytics & Data,49
A00279,AI & ML,66
A00279,Security,79
A00279,Applications,71
A00279,Integration,64
A00280,Infrastructure,59
A00280,Database,25
A00280,Analytics & Data,94
A00280,AI & ML,33
A00280,Security,11
A00280,Applications,84
A00280,Integration,27
A00281,Infrastructure,52
A00281,Database,18
A00281,Analytics & Data,47
A00281,AI & ML,19
A00281,Security,79
A00281,Applications,34
A00281,Integration,33
A00282,Infrastructure,69
A00282,Database,66
A00282,Analytics & Data,54
A00282,AI & ML,62
A00282,Security,89
A00282,Applications,50
A00282,Integration,47
A00283,Infrastructure,11
A00283,Database,24
A00283,Analytics & Data,25
A00283,AI & ML,21
A00283,Security,69
A00283,Applications,10
A00283,Integration,66
A00284,Infrastructure,66
A00284,Database,61
A00284,Analytics & Data,14
A00284,AI & ML,89
A00284,Security,88
A00284,Applications,61
A00284,Integration,45
A00285,Infrastructure,85
A00285,Database,67
A00285,Analytics & Data,54
A00285,AI & ML,45
A00285,Security,84
A00285,Applications,68
A00285,Integration,91
A00286,Infrastructure,15
A00286,Database,47
A00286,Analytics & Data,23
A00286,AI & ML,85
A00286,Security,12
A00286,Applications,32
A00286,Integration,59
A00287,Infrastructure,87
A00287,Database,60
A00287,Analytics & Data,10
A00287,AI & ML,93
A00287,Security,87
A00287,Applications,77
A00287,Integration,81
A00288,Infrastructure,41
A00288,Database,41
A00288,Analytics & Data,11
A00288,AI & ML,25
A00288,Security,85
A00288,Applications,41
A00288,Integration,42
A00289,Infrastructure,91
A00289,Database,51
A00289,Analytics & Data,64
A00289,AI & ML,68
A00289,Security,73
A00289,Applications,50
A00289,Integration,81
A00290,Infrastructure,97
A00290,Database,56
A00290,Analytics & Data,98
A00290,AI & ML,99
A00290,Security,77
A00290,Applications,100
A00290,Integration,83
A00291,Infrastructure,90
A00291,Database,76
A00291,Analytics & Data,54
A00291,AI & ML,81
A00291,Security,57
A00291,Applications,93
A00291,Integration,90
A00292,Infrastructure,98
A00292,Database,76
A00292,Analytics & Data,100
A00292,AI & ML,98
A00292,Security,98
A00292,Applications,100
A00292,Integration,99
A00293,Infrastructure,14
A00293,Database,80
A00293,Analytics & Data,83
A00293,AI & ML,88
A00293,Security,82
A00293,Applications,99
A00293,Integration,61
A00294,Infrastructure,30
A00294,Database,56
A00294,Analytics & Data,19
A00294,AI & ML,20
A00294,Security,20
A00294,Applications,42
A00294,Integration,35
A00295,Infrastructure,41
A00295,Database,31
A00295,Analytics & Data,14
A00295,AI & ML,39
A00295,Security,35
A00295,Applications,11
A00295,Integration,72
A00296,Infrastructure,80
A00296,Database,85
A00296,Analytics & Data,77
A00296,AI & ML,40
A00296,Security,76
A00296,Applications,81
A00296,Integration,94
A00297,Infrastructure,82
A00297,Database,97
A00297,Analytics & Data,85
A00297,AI & ML,14
A00297,Security,98
A00297,Applications,91
A00297,Integration,100
A00298,Infrastructure,37
A00298,Database,20
A00298,Analytics & Data,23
A00298,AI & ML,51
A00298,Security,70
A00298,Applications,48
A00298,Integration,61
A00299,Infrastructure,100
A00299,Database,13
A00299,Analytics & Data,94
A00299,AI & ML,97
A00299,Security,98
A00299,Applications,92
A00299,Integration,93
A00300,Infrastructure,88
A00300,Database,31
A00300,Analytics & Data,79
A00300,AI & ML,83
A00300,Security,24
A00300,Applications,79
A00300,Integration,81
A00301,Infrastructure,22
A00301,Database,57
A00301,Analytics & Data,65
A00301,AI & ML,88
A00301,Security,54
A00301,Applications,52
A00301,Integration,49
A00302,Infrastructure,47
A00302,Database,51
A00302,Analytics & Data,69
A00302,AI & ML,86
A00302,Security,53
A00302,Applications,62
A00302,Integration,38
A00303,Infrastructure,64
A00303,Database,18
A00303,Analytics & Data,33
A00303,AI & ML,13
A00303,Security,36
A00303,Applications,66
A00303,Integration,20
A00304,Infrastructure,70
A00304,Database,12
A00304,Analytics & Data,47
A00304,AI & ML,80
A00304,Security,57
A00304,Applications,82
A00304,Integration,66
A00305,Infrastructure,23
A00305,Database,97
A00305,Analytics & Data,91
A00305,AI & ML,66
A00305,Security,52
A00305,Applications,93
A00305,Integration,84
A00306,Infrastructure,59
A00306,Database,80
A00306,Analytics & Data,82
A00306,AI & ML,93
A00306,Security,100
A00306,Applications,86
A00306,Integration,77
A00307,Infrastructure,71
A00307,Database,23
A00307,Analytics & Data,19
A00307,AI & ML,12
A00307,Security,28
A00307,Applications,53
A00307,Integration,24
A00308,Infrastructure,99
A00308,Database,99
A00308,Analytics & Data,70
A00308,AI & ML,80
A00308,Security,93
A00308,Applications,97
A00308,Integration,80
A00309,Infrastructure,41
A00309,Database,21
A00309,Analytics & Data,11
A00309,AI & ML,69
A00309,Security,54
A00309,Applications,69
A00309,Integration,37
A00310,Infrastructure,82
A00310,Database,82
A00310,Analytics & Data,90
A00310,AI & ML,90
A00310,Security,59
A00310,Applications,83
A00310,Integration,68
A00311,Infrastructure,76
A00311,Database,88
A00311,Analytics & Data,79
A00311,AI & ML,79
A00311,Security,81
A00311,Applications,85
A00311,Integration,49
A00312,Infrastructure,22
A00312,Database,63
A00312,Analytics & Data,31
A00312,AI & ML,48
A00312,Security,84
A00312,Applications,38
A00312,Integration,22
A00313,Infrastructure,87
A00313,Database,30
A00313,Analytics & Data,93
A00313,AI & ML,89
A00313,Security,94
A00313,Applications,89
A00313,Integration,81
A00314,Infrastructure,58
A00314,Database,87
A00314,Analytics & Data,99
A00314,AI & ML,98
A00314,Security,90
A00314,Applications,53
A00314,Integration,99
A00315,Infrastructure,34
A00315,Database,79
A00315,Analytics & Data,62
A00315,AI & ML,48
A00315,Security,67
A00315,Applications,59
A00315,Integration,87
A00316,Infrastructure,82
A00316,Database,66
A00316,Analytics & Data,82
A00316,AI & ML,76
A00316,Security,27
A00316,Applications,98
A00316,Integration,81
A00317,Infrastructure,70
A00317,Database,98
A00317,Analytics & Data,81
A00317,AI & ML,67
A00317,Security,60
A00317,Applications,78
A00317,Integration,98
A00318,Infrastructure,58
A00318,Database,60
A00318,Analytics & Data,83
A00318,AI & ML,77
A00318,Security,45
A00318,Applications,82
A00318,Integration,70
A00319,Infrastructure,100
A00319,Database,99
A00319,Analytics & Data,97
A00319,AI & ML,81
A00319,Security,99
A00319,Applications,97
A00319,Integration,98
A00320,Infrastructure,80
A00320,Database,88
A00320,Analytics & Data,90
A00320,AI & ML,85
A00320,Security,23
A00320,Applications,99
A00320,Integration,82
A00321,Infrastructure,100
A00321,Database,100
A00321,Analytics & Data,99
A00321,AI & ML,36
A00321,Security,15
A00321,Applications,81
A00321,Integration,98
A00322,Infrastructure,93
A00322,Database,99
A00322,Analytics & Data,98
A00322,AI & ML,81
A00322,Security,30
A00322,Applications,62
A00322,Integration,99
A00323,Infrastructure,94
A00323,Database,98
A00323,Analytics & Data,76
A00323,AI & ML,100
A00323,Security,54
A00323,Applications,65
A00323,Integration,84
A00324,Infrastructure,38
A00324,Database,34
A00324,Analytics & Data,72
A00324,AI & ML,40
A00324,Security,92
A00324,Applications,73
A00324,Integration,66
A00325,Infrastructure,40
A00325,Database,56
A00325,Analytics & Data,18
A00325,AI & ML,25
A00325,Security,26
A00325,Applications,12
A00325,Integration,21
A00326,Infrastructure,54
A00326,Database,99
A00326,Analytics & Data,97
A00326,AI & ML,89
A00326,Security,97
A00326,Applications,97
A00326,Integration,97
A00327,Infrastructure,99
A00327,Database,99
A00327,Analytics & Data,36
A00327,AI & ML,99
A00327,Security,97
A00327,Applications,67
A00327,Integration,98
A00328,Infrastructure,99
A00328,Database,84
A00328,Analytics & Data,100
A00328,AI & ML,97
A00328,Security,56
A00328,Applications,91
A00328,Integration,94
A00329,Infrastructure,59
A00329,Database,23
A00329,Analytics & Data,33
A00329,AI & ML,93
A00329,Security,13
A00329,Applications,57
A00329,Integration,82
A00330,Infrastructure,26
A00330,Database,37
A00330,Analytics & Data,38
A00330,AI & ML,64
A00330,Security,65
A00330,Applications,54
A00330,Integration,38
A00331,Infrastructure,78
A00331,Database,50
A00331,Analytics & Data,92
A00331,AI & ML,48
A00331,Security,77
A00331,Applications,88
A00331,Integration,85
A00332,Infrastructure,77
A00332,Database,45
A00332,Analytics & Data,42
A00332,AI & ML,71
A00332,Security,86
A00332,Applications,58
A00332,Integration,18
A00333,Infrastructure,99
A00333,Database,60
A00333,Analytics & Data,50
A00333,AI & ML,59
A00333,Security,82
A00333,Applications,45
A00333,Integration,65
A00334,Infrastructure,73
A00334,Database,28
A00334,Analytics & Data,21
A00334,AI & ML,24
A00334,Security,16
A00334,Applications,38
A00334,Integration,37
A00335,Infrastructure,71
A00335,Database,13
A00335,Analytics & Data,80
A00335,AI & ML,56
A00335,Security,23
A00335,Applications,36
A00335,Integration,21
A00336,Infrastructure,73
A00336,Database,32
A00336,Analytics & Data,40
A00336,AI & ML,21
A00336,Security,32
A00336,Applications,26
A00336,Integration,16
A00337,Infrastructure,16
A00337,Database,41
A00337,Analytics & Data,13
A00337,AI & ML,69
A00337,Security,25
A00337,Applications,34
A00337,Integration,34
A00338,Infrastructure,83
A00338,Database,57
A00338,Analytics & Data,84
A00338,AI & ML,34
A00338,Security,53
A00338,Applications,24
A00338,Integration,80
A00339,Infrastructure,82
A00339,Database,52
A00339,Analytics & Data,80
A00339,AI & ML,86
A00339,Security,56
A00339,Applications,99
A00339,Integration,86
A00340,Infrastructure,62
A00340,Database,60
A00340,Analytics & Data,97
A00340,AI & ML,88
A00340,Security,87
A00340,Applications,65
A00340,Integration,83
A00341,Infrastructure,91
A00341,Database,100
A00341,Analytics & Data,100
A00341,AI & ML,97
A00341,Security,97
A00341,Applications,71
A00341,Integration,98
A00342,Infrastructure,28
A00342,Database,69
A00342,Analytics & Data,31
A00342,AI & ML,20
A00342,Security,14
A00342,Applications,82
A00342,Integration,31
A00343,Infrastructure,78
A00343,Database,92
A00343,Analytics & Data,98
A00343,AI & ML,97
A00343,Security,89
A00343,Applications,79
A00343,Integration,90
A00344,Infrastructure,86
A00344,Database,98
A00344,Analytics & Data,92
A00344,AI & ML,85
A00344,Security,85
A00344,Applications,89
A00344,Integration,87
A00345,Infrastructure,34
A00345,Database,33
A00345,Analytics & Data,25
A00345,AI & ML,35
A00345,Security,46
A00345,Applications,47
A00345,Integration,10
A00346,Infrastructure,76
A00346,Database,67
A00346,Analytics & Data,85
A00346,AI & ML,68
A00346,Security,91
A00346,Applications,73
A00346,Integration,99
A00347,Infrastructure,93
A00347,Database,91
A00347,Analytics & Data,47
A00347,AI & ML,99
A00347,Security,100
A00347,Applications,100
A00347,Integration,82
A00348,Infrastructure,90
A00348,Database,86
A00348,Analytics & Data,77
A00348,AI & ML,85
A00348,Security,99
A00348,Applications,99
A00348,Integration,83
A00349,Infrastructure,92
A00349,Database,57
A00349,Analytics & Data,98
A00349,AI & ML,91
A00349,Security,89
A00349,Applications,62
A00349,Integration,48
A00350,Infrastructure,12
A00350,Database,63
A00350,Analytics & Data,100
A00350,AI & ML,56
A00350,Security,57
A00350,Applications,89
A00350,Integration,76
A00351,Infrastructure,27
A00351,Database,15
A00351,Analytics & Data,79
A00351,AI & ML,16
A00351,Security,32
A00351,Applications,19
A00351,Integration,19
A00352,Infrastructure,55
A00352,Database,53
A00352,Analytics & Data,69
A00352,AI & ML,37
A00352,Security,54
A00352,Applications,93
A00352,Integration,77
A00353,Infrastructure,63
A00353,Database,63
A00353,Analytics & Data,48
A00353,AI & ML,28
A00353,Security,89
A00353,Applications,79
A00353,Integration,73
A00354,Infrastructure,82
A00354,Database,99
A00354,Analytics & Data,89
A00354,AI & ML,77
A00354,Security,100
A00354,Applications,94
A00354,Integration,69
A00355,Infrastructure,71
A00355,Database,51
A00355,Analytics & Data,64
A00355,AI & ML,82
A00355,Security,69
A00355,Applications,45
A00355,Integration,46
A00356,Infrastructure,54
A00356,Database,40
A00356,Analytics & Data,55
A00356,AI & ML,98
A00356,Security,79
A00356,Applications,99
A00356,Integration,98
A00357,Infrastructure,99
A00357,Database,76
A00357,Analytics & Data,52
A00357,AI & ML,88
A00357,Security,84
A00357,Applications,57
A00357,Integration,90
A00358,Infrastructure,91
A00358,Database,98
A00358,Analytics & Data,99
A00358,AI & ML,83
A00358,Security,99
A00358,Applications,58
A00358,Integration,45
A00359,Infrastructure,91
A00359,Database,54
A00359,Analytics & Data,17
A00359,AI & ML,14
A00359,Security,69
A00359,Applications,85
A00359,Integration,65
A00360,Infrastructure,57
A00360,Database,70
A00360,Analytics & Data,66
A00360,AI & ML,90
A00360,Security,71
A00360,Applications,93
A00360,Integration,88
A00361,Infrastructure,72
A00361,Database,88
A00361,Analytics & Data,51
A00361,AI & ML,63
A00361,Security,92
A00361,Applications,50
A00361,Integration,50
A00362,Infrastructure,92
A00362,Database,65
A00362,Analytics & Data,34
A00362,AI & ML,31
A00362,Security,73
A00362,Applications,26
A00362,Integration,38
A00363,Infrastructure,98
A00363,Database,76
A00363,Analytics & Data,98
A00363,AI & ML,79
A00363,Security,97
A00363,Applications,87
A00363,Integration,98
A00364,Infrastructure,57
A00364,Database,88
A00364,Analytics & Data,93
A00364,AI & ML,78
A00364,Security,100
A00364,Applications,100
A00364,Integration,98
A00365,Infrastructure,99
A00365,Database,88
A00365,Analytics & Data,64
A00365,AI & ML,79
A00365,Security,80
A00365,Applications,62
A00365,Integration,89
A00366,Infrastructure,90
A00366,Database,36
A00366,Analytics & Data,97
A00366,AI & ML,86
A00366,Security,83
A00366,Applications,99
A00366,Integration,83
A00367,Infrastructure,32
A00367,Database,67
A00367,Analytics & Data,35
A00367,AI & ML,17
A00367,Security,20
A00367,Applications,54
A00367,Integration,15
A00368,Infrastructure,50
A00368,Database,48
A00368,Analytics & Data,27
A00368,AI & ML,82
A00368,Security,100
A00368,Applications,66
A00368,Integration,18
A00369,Infrastructure,26
A00369,Database,98
A00369,Analytics & Data,78
A00369,AI & ML,71
A00369,Security,49
A00369,Applications,81
A00369,Integration,82
A00370,Infrastructure,28
A00370,Database,38
A00370,Analytics & Data,14
A00370,AI & ML,41
A00370,Security,52
A00370,Applications,39
A00370,Integration,51
A00371,Infrastructure,57
A00371,Database,65
A00371,Analytics & Data,28
A00371,AI & ML,71
A00371,Security,94
A00371,Applications,59
A00371,Integration,25
A00372,Infrastructure,83
A00372,Database,78
A00372,Analytics & Data,76
A00372,AI & ML,100
A00372,Security,100
A00372,Applications,79
A00372,Integration,81
A00373,Infrastructure,89
A00373,Database,82
A00373,Analytics & Data,16
A00373,AI & ML,91
A00373,Security,100
A00373,Applications,84
A00373,Integration,83
A00374,Infrastructure,22
A00374,Database,40
A00374,Analytics & Data,14
A00374,AI & ML,35
A00374,Security,62
A00374,Applications,29
A00374,Integration,72
A00375,Infrastructure,15
A00375,Database,84
A00375,Analytics & Data,48
A00375,AI & ML,27
A00375,Security,32
A00375,Applications,55
A00375,Integration,19
A00376,Infrastructure,77
A00376,Database,98
A00376,Analytics & Data,97
A00376,AI & ML,79
A00376,Security,99
A00376,Applications,77
A00376,Integration,94
A00377,Infrastructure,86
A00377,Database,78
A00377,Analytics & Data,81
A00377,AI & ML,81
A00377,Security,97
A00377,Applications,77
A00377,Integration,90
A00378,Infrastructure,99
A00378,Database,73
A00378,Analytics & Data,99
A00378,AI & ML,97
A00378,Security,76
A00378,Applications,100
A00378,Integration,98
A00379,Infrastructure,52
A00379,Database,83
A00379,Analytics & Data,76
A00379,AI & ML,10
A00379,Security,59
A00379,Applications,89
A00379,Integration,91
A00380,Infrastructure,56
A00380,Database,93
A00380,Analytics & Data,78
A00380,AI & ML,80
A00380,Security,76
A00380,Applications,94
A00380,Integration,94
A00381,Infrastructure,38
A00381,Database,38
A00381,Analytics & Data,32
A00381,AI & ML,12
A00381,Security,20
A00381,Applications,57
A00381,Integration,32
A00382,Infrastructure,55
A00382,Database,36
A00382,Analytics & Data,16
A00382,AI & ML,36
A00382,Security,15
A00382,Applications,48
A00382,Integration,38
A00383,Infrastructure,35
A00383,Database,65
A00383,Analytics & Data,60
A00383,AI & ML,51
A00383,Security,81
A00383,Applications,52
A00383,Integration,87
A00384,Infrastructure,42
A00384,Database,49
A00384,Analytics & Data,72
A00384,AI & ML,61
A00384,Security,19
A00384,Applications,31
A00384,Integration,13
A00385,Infrastructure,87
A00385,Database,94
A00385,Analytics & Data,53
A00385,AI & ML,100
A00385,Security,99
A00385,Applications,42
A00385,Integration,58
A00386,Infrastructure,25
A00386,Database,94
A00386,Analytics & Data,89
A00386,AI & ML,80
A00386,Security,25
A00386,Applications,84
A00386,Integration,78
A00387,Infrastructure,90
A00387,Database,88
A00387,Analytics & Data,68
A00387,AI & ML,79
A00387,Security,99
A00387,Applications,42
A00387,Integration,94
A00388,Infrastructure,65
A00388,Database,51
A00388,Analytics & Data,51
A00388,AI & ML,19
A00388,Security,79
A00388,Applications,100
A00388,Integration,52
A00389,Infrastructure,94
A00389,Database,81
A00389,Analytics & Data,90
A00389,AI & ML,76
A00389,Security,78
A00389,Applications,83
A00389,Integration,78
A00390,Infrastructure,47
A00390,Database,77
A00390,Analytics & Data,93
A00390,AI & ML,52
A00390,Security,88
A00390,Applications,58
A00390,Integration,53
A00391,Infrastructure,62
A00391,Database,61
A00391,Analytics & Data,55
A00391,AI & ML,62
A00391,Security,12
A00391,Applications,68
A00391,Integration,65
A00392,Infrastructure,72
A00392,Database,35
A00392,Analytics & Data,86
A00392,AI & ML,88
A00392,Security,76
A00392,Applications,85
A00392,Integration,64
A00393,Infrastructure,67
A00393,Database,76
A00393,Analytics & Data,51
A00393,AI & ML,93
A00393,Security,73
A00393,Applications,49
A00393,Integration,89
A00394,Infrastructure,98
A00394,Database,67
A00394,Analytics & Data,92
A00394,AI & ML,98
A00394,Security,81
A00394,Applications,99
A00394,Integration,68
A00395,Infrastructure,93
A00395,Database,97
A00395,Analytics & Data,84
A00395,AI & ML,99
A00395,Security,97
A00395,Applications,97
A00395,Integration,84
A00396,Infrastructure,51
A00396,Database,77
A00396,Analytics & Data,100
A00396,AI & ML,99
A00396,Security,97
A00396,Applications,98
A00396,Integration,97
A00397,Infrastructure,81
A00397,Database,93
A00397,Analytics & Data,45
A00397,AI & ML,82
A00397,Security,58
A00397,Applications,68
A00397,Integration,87
A00398,Infrastructure,12
A00398,Database,15
A00398,Analytics & Data,15
A00398,AI & ML,70
A00398,Security,30
A00398,Applications,11
A00398,Integration,73
A00399,Infrastructure,23
A00399,Database,69
A00399,Analytics & Data,61
A00399,AI & ML,66
A00399,Security,29
A00399,Applications,68
A00399,Integration,19
A00400,Infrastructure,25
A00400,Database,28
A00400,Analytics & Data,38
A00400,AI & ML,18
A00400,Security,16
A00400,Applications,34
A00400,Integration,51
A00401,Infrastructure,78
A00401,Database,100
A00401,Analytics & Data,23
A00401,AI & ML,69
A00401,Security,97
A00401,Applications,93
A00401,Integration,97
A00402,Infrastructure,53
A00402,Database,51
A00402,Analytics & Data,72
A00402,AI & ML,40
A00402,Security,22
A00402,Applications,63
A00402,Integration,34
A00403,Infrastructure,73
A00403,Database,10
A00403,Analytics & Data,60
A00403,AI & ML,36
A00403,Security,38
A00403,Applications,14
A00403,Integration,16
A00404,Infrastructure,99
A00404,Database,89
A00404,Analytics & Data,57
A00404,AI & ML,83
A00404,Security,87
A00404,Applications,76
A00404,Integration,82
A00405,Infrastructure,39
A00405,Database,23
A00405,Analytics & Data,64
A00405,AI & ML,23
A00405,Security,59
A00405,Applications,91
A00405,Integration,22
A00406,Infrastructure,36
A00406,Database,57
A00406,Analytics & Data,99
A00406,AI & ML,79
A00406,Security,83
A00406,Applications,82
A00406,Integration,70
A00407,Infrastructure,39
A00407,Database,22
A00407,Analytics & Data,29
A00407,AI & ML,27
A00407,Security,25
A00407,Applications,29
A00407,Integration,22
A00408,Infrastructure,83
A00408,Database,68
A00408,Analytics & Data,62
A00408,AI & ML,11
A00408,Security,83
A00408,Applications,92
A00408,Integration,79
A00409,Infrastructure,13
A00409,Database,27
A00409,Analytics & Data,81
A00409,AI & ML,16
A00409,Security,21
A00409,Applications,13
A00409,Integration,19
A00410,Infrastructure,60
A00410,Database,94
A00410,Analytics & Data,42
A00410,AI & ML,82
A00410,Security,64
A00410,Applications,37
A00410,Integration,84
A00411,Infrastructure,39
A00411,Database,18
A00411,Analytics & Data,39
A00411,AI & ML,28
A00411,Security,28
A00411,Applications,22
A00411,Integration,57
A00412,Infrastructure,55
A00412,Database,24
A00412,Analytics & Data,81
A00412,AI & ML,54
A00412,Security,89
A00412,Applications,93
A00412,Integration,53
A00413,Infrastructure,80
A00413,Database,92
A00413,Analytics & Data,100
A00413,AI & ML,10
A00413,Security,35
A00413,Applications,58
A00413,Integration,78
A00414,Infrastructure,81
A00414,Database,97
A00414,Analytics & Data,79
A00414,AI & ML,85
A00414,Security,98
A00414,Applications,98
A00414,Integration,91
A00415,Infrastructure,41
A00415,Database,52
A00415,Analytics & Data,81
A00415,AI & ML,98
A00415,Security,91
A00415,Applications,100
A00415,Integration,91
A00416,Infrastructure,32
A00416,Database,10
A00416,Analytics & Data,65
A00416,AI & ML,52
A00416,Security,47
A00416,Applications,19
A00416,Integration,46
A00417,Infrastructure,45
A00417,Database,35
A00417,Analytics & Data,89
A00417,AI & ML,90
A00417,Security,89
A00417,Applications,98
A00417,Integration,46
A00418,Infrastructure,97
A00418,Database,100
A00418,Analytics & Data,81
A00418,AI & ML,94
A00418,Security,70
A00418,Applications,86
A00418,Integration,85
A00419,Infrastructure,81
A00419,Database,54
A00419,Analytics & Data,69
A00419,AI & ML,87
A00419,Security,93
A00419,Applications,53
A00419,Integration,50
A00420,Infrastructure,55
A00420,Database,52
A00420,Analytics & Data,70
A00420,AI & ML,85
A00420,Security,56
A00420,Applications,91
A00420,Integration,48
A00421,Infrastructure,67
A00421,Database,39
A00421,Analytics & Data,79
A00421,AI & ML,49
A00421,Security,81
A00421,Applications,83
A00421,Integration,35
A00422,Infrastructure,40
A00422,Database,38
A00422,Analytics & Data,35
A00422,AI & ML,37
A00422,Security,13
A00422,Applications,31
A00422,Integration,37
A00423,Infrastructure,79
A00423,Database,69
A00423,Analytics & Data,100
A00423,AI & ML,81
A00423,Security,92
A00423,Applications,54
A00423,Integration,78
A00424,Infrastructure,49
A00424,Database,69
A00424,Analytics & Data,69
A00424,AI & ML,93
A00424,Security,46
A00424,Applications,23
A00424,Integration,81
A00425,Infrastructure,49
A00425,Database,77
A00425,Analytics & Data,64
A00425,AI & ML,63
A00425,Security,12
A00425,Applications,28
A00425,Integration,77
A00426,Infrastructure,12
A00426,Database,12
A00426,Analytics & Data,24
A00426,AI & ML,20
A00426,Security,14
A00426,Applications,32
A00426,Integration,53
A00427,Infrastructure,97
A00427,Database,81
A00427,Analytics & Data,78
A00427,AI & ML,59
A00427,Security,85
A00427,Applications,91
A00427,Integration,100
A00428,Infrastructure,83
A00428,Database,71
A00428,Analytics & Data,84
A00428,AI & ML,85
A00428,Security,65
A00428,Applications,81
A00428,Integration,88
A00429,Infrastructure,57
A00429,Database,57
A00429,Analytics & Data,26
A00429,AI & ML,11
A00429,Security,33
A00429,Applications,28
A00429,Integration,39
A00430,Infrastructure,100
A00430,Database,93
A00430,Analytics & Data,68
A00430,AI & ML,24
A00430,Security,19
A00430,Applications,83
A00430,Integration,52
A00431,Infrastructure,35
A00431,Database,11
A00431,Analytics & Data,14
A00431,AI & ML,22
A00431,Security,17
A00431,Applications,42
A00431,Integration,28
A00432,Infrastructure,66
A00432,Database,64
A00432,Analytics & Data,93
A00432,AI & ML,59
A00432,Security,51
A00432,Applications,63
A00432,Integration,39
A00433,Infrastructure,55
A00433,Database,53
A00433,Analytics & Data,32
A00433,AI & ML,22
A00433,Security,15
A00433,Applications,73
A00433,Integration,53
A00434,Infrastructure,81
A00434,Database,47
A00434,Analytics & Data,88
A00434,AI & ML,90
A00434,Security,79
A00434,Applications,46
A00434,Integration,94
A00435,Infrastructure,84
A00435,Database,77
A00435,Analytics & Data,45
A00435,AI & ML,42
A00435,Security,88
A00435,Applications,82
A00435,Integration,98
A00436,Infrastructure,22
A00436,Database,21
A00436,Analytics & Data,54
A00436,AI & ML,46
A00436,Security,21
A00436,Applications,33
A00436,Integration,37
A00437,Infrastructure,84
A00437,Database,90
A00437,Analytics & Data,63
A00437,AI & ML,36
A00437,Security,100
A00437,Applications,70
A00437,Integration,89
A00438,Infrastructure,63
A00438,Database,14
A00438,Analytics & Data,72
A00438,AI & ML,52
A00438,Security,80
A00438,Applications,61
A00438,Integration,12
A00439,Infrastructure,89
A00439,Database,92
A00439,Analytics & Data,62
A00439,AI & ML,83
A00439,Security,65
A00439,Applications,80
A00439,Integration,48
A00440,Infrastructure,65
A00440,Database,22
A00440,Analytics & Data,24
A00440,AI & ML,34
A00440,Security,15
A00440,Applications,34
A00440,Integration,10
A00441,Infrastructure,55
A00441,Database,56
A00441,Analytics & Data,58
A00441,AI & ML,76
A00441,Security,76
A00441,Applications,72
A00441,Integration,91
A00442,Infrastructure,100
A00442,Database,76
A00442,Analytics & Data,89
A00442,AI & ML,99
A00442,Security,81
A00442,Applications,49
A00442,Integration,98
A00443,Infrastructure,86
A00443,Database,31
A00443,Analytics & Data,45
A00443,AI & ML,58
A00443,Security,11
A00443,Applications,38
A00443,Integration,16
A00444,Infrastructure,71
A00444,Database,59
A00444,Analytics & Data,92
A00444,AI & ML,100
A00444,Security,72
A00444,Applications,90
A00444,Integration,71
A00445,Infrastructure,12
A00445,Database,100
A00445,Analytics & Data,64
A00445,AI & ML,98
A00445,Security,99
A00445,Applications,47
A00445,Integration,82
A00446,Infrastructure,28
A00446,Database,98
A00446,Analytics & Data,78
A00446,AI & ML,99
A00446,Security,46
A00446,Applications,80
A00446,Integration,81
A00447,Infrastructure,97
A00447,Database,80
A00447,Analytics & Data,86
A00447,AI & ML,59
A00447,Security,70
A00447,Applications,80
A00447,Integration,85
A00448,Infrastructure,38
A00448,Database,16
A00448,Analytics & Data,16
A00448,AI & ML,15
A00448,Security,32
A00448,Applications,14
A00448,Integration,59
A00449,Infrastructure,89
A00449,Database,64
A00449,Analytics & Data,46
A00449,AI & ML,10
A00449,Security,60
A00449,Applications,18
A00449,Integration,41
A00450,Infrastructure,72
A00450,Database,55
A00450,Analytics & Data,90
A00450,AI & ML,13
A00450,Security,53
A00450,Applications,64
A00450,Integration,93
A00451,Infrastructure,99
A00451,Database,70
A00451,Analytics & Data,97
A00451,AI & ML,94
A00451,Security,37
A00451,Applications,85
A00451,Integration,76
A00452,Infrastructure,78
A00452,Database,80
A00452,Analytics & Data,99
A00452,AI & ML,89
A00452,Security,100
A00452,Applications,93
A00452,Integration,51
A00453,Infrastructure,58
A00453,Database,80
A00453,Analytics & Data,63
A00453,AI & ML,85
A00453,Security,67
A00453,Applications,92
A00453,Integration,61
A00454,Infrastructure,54
A00454,Database,78
A00454,Analytics & Data,28
A00454,AI & ML,83
A00454,Security,58
A00454,Applications,71
A00454,Integration,19
A00455,Infrastructure,91
A00455,Database,48
A00455,Analytics & Data,87
A00455,AI & ML,82
A00455,Security,77
A00455,Applications,97
A00455,Integration,67
A00456,Infrastructure,88
A00456,Database,97
A00456,Analytics & Data,80
A00456,AI & ML,54
A00456,Security,79
A00456,Applications,86
A00456,Integration,99
A00457,Infrastructure,78
A00457,Database,11
A00457,Analytics & Data,42
A00457,AI & ML,14
A00457,Security,51
A00457,Applications,48
A00457,Integration,11
A00458,Infrastructure,68
A00458,Database,76
A00458,Analytics & Data,13
A00458,AI & ML,66
A00458,Security,51
A00458,Applications,68
A00458,Integration,62
A00459,Infrastructure,84
A00459,Database,69
A00459,Analytics & Data,32
A00459,AI & ML,80
A00459,Security,85
A00459,Applications,87
A00459,Integration,71
A00460,Infrastructure,27
A00460,Database,77
A00460,Analytics & Data,71
A00460,AI & ML,64
A00460,Security,53
A00460,Applications,17
A00460,Integration,66
A00461,Infrastructure,55
A00461,Database,25
A00461,Analytics & Data,32
A00461,AI & ML,11
A00461,Security,38
A00461,Applications,50
A00461,Integration,62
A00462,Infrastructure,22
A00462,Database,87
A00462,Analytics & Data,92
A00462,AI & ML,90
A00462,Security,63
A00462,Applications,39
A00462,Integration,73
A00463,Infrastructure,100
A00463,Database,99
A00463,Analytics & Data,97
A00463,AI & ML,100
A00463,Security,89
A00463,Applications,97
A00463,Integration,99
A00464,Infrastructure,68
A00464,Database,15
A00464,Analytics & Data,51
A00464,AI & ML,89
A00464,Security,16
A00464,Applications,61
A00464,Integration,79
A00465,Infrastructure,99
A00465,Database,87
A00465,Analytics & Data,82
A00465,AI & ML,79
A00465,Security,79
A00465,Applications,47
A00465,Integration,100
A00466,Infrastructure,19
A00466,Database,42
A00466,Analytics & Data,21
A00466,AI & ML,64
A00466,Security,20
A00466,Applications,47
A00466,Integration,33
A00467,Infrastructure,83
A00467,Database,78
A00467,Analytics & Data,85
A00467,AI & ML,45
A00467,Security,86
A00467,Applications,28
A00467,Integration,90
A00468,Infrastructure,18
A00468,Database,11
A00468,Analytics & Data,30
A00468,AI & ML,66
A00468,Security,31
A00468,Applications,14
A00468,Integration,90
A00469,Infrastructure,97
A00469,Database,97
A00469,Analytics & Data,97
A00469,AI & ML,100
A00469,Security,82
A00469,Applications,46
A00469,Integration,99
A00470,Infrastructure,34
A00470,Database,12
A00470,Analytics & Data,36
A00470,AI & ML,22
A00470,Security,55
A00470,Applications,53
A00470,Integration,31
A00471,Infrastructure,77
A00471,Database,52
A00471,Analytics & Data,81
A00471,AI & ML,36
A00471,Security,86
A00471,Applications,100
A00471,Integration,97
A00472,Infrastructure,10
A00472,Database,10
A00472,Analytics & Data,31
A00472,AI & ML,45
A00472,Security,52
A00472,Applications,10
A00472,Integration,36
A00473,Infrastructure,69
A00473,Database,33
A00473,Analytics & Data,92
A00473,AI & ML,91
A00473,Security,66
A00473,Applications,25
A00473,Integration,57
A00474,Infrastructure,45
A00474,Database,11
A00474,Analytics & Data,49
A00474,AI & ML,81
A00474,Security,71
A00474,Applications,92
A00474,Integration,97
A00475,Infrastructure,84
A00475,Database,98
A00475,Analytics & Data,97
A00475,AI & ML,57
A00475,Security,99
A00475,Applications,92
A00475,Integration,97
A00476,Infrastructure,98
A00476,Database,100
A00476,Analytics & Data,84
A00476,AI & ML,100
A00476,Security,98
A00476,Applications,98
A00476,Integration,100
A00477,Infrastructure,23
A00477,Database,67
A00477,Analytics & Data,12
A00477,AI & ML,47
A00477,Security,58
A00477,Applications,48
A00477,Integration,15
A00478,Infrastructure,92
A00478,Database,69
A00478,Analytics & Data,97
A00478,AI & ML,98
A00478,Security,100
A00478,Applications,29
A00478,Integration,84
A00479,Infrastructure,42
A00479,Database,29
A00479,Analytics & Data,32
A00479,AI & ML,15
A00479,Security,59
A00479,Applications,24
A00479,Integration,60
A00480,Infrastructure,16
A00480,Database,15
A00480,Analytics & Data,16
A00480,AI & ML,18
A00480,Security,36
A00480,Applications,53
A00480,Integration,20
A00481,Infrastructure,25
A00481,Database,45
A00481,Analytics & Data,23
A00481,AI & ML,41
A00481,Security,17
A00481,Applications,66
A00481,Integration,55
A00482,Infrastructure,70
A00482,Database,92
A00482,Analytics & Data,56
A00482,AI & ML,92
A00482,Security,26
A00482,Applications,52
A00482,Integration,62
A00483,Infrastructure,89
A00483,Database,100
A00483,Analytics & Data,79
A00483,AI & ML,94
A00483,Security,73
A00483,Applications,85
A00483,Integration,84
A00484,Infrastructure,100
A00484,Database,84
A00484,Analytics & Data,90
A00484,AI & ML,93
A00484,Security,85
A00484,Applications,77
A00484,Integration,94
A00485,Infrastructure,82
A00485,Database,72
A00485,Analytics & Data,82
A00485,AI & ML,82
A00485,Security,81
A00485,Applications,86
A00485,Integration,100
A00486,Infrastructure,59
A00486,Database,97
A00486,Analytics & Data,79
A00486,AI & ML,70
A00486,Security,72
A00486,Applications,94
A00486,Integration,45
A00487,Infrastructure,33
A00487,Database,68
A00487,Analytics & Data,68
A00487,AI & ML,35
A00487,Security,41
A00487,Applications,61
A00487,Integration,19
A00488,Infrastructure,98
A00488,Database,64
A00488,Analytics & Data,85
A00488,AI & ML,82
A00488,Security,89
A00488,Applications,82
A00488,Integration,28
A00489,Infrastructure,84
A00489,Database,100
A00489,Analytics & Data,82
A00489,AI & ML,76
A00489,Security,82
A00489,Applications,99
A00489,Integration,56
A00490,Infrastructure,56
A00490,Database,98
A00490,Analytics & Data,65
A00490,AI & ML,91
A00490,Security,66
A00490,Applications,99
A00490,Integration,84
A00491,Infrastructure,46
A00491,Database,61
A00491,Analytics & Data,28
A00491,AI & ML,73
A00491,Security,70
A00491,Applications,64
A00491,Integration,35
A00492,Infrastructure,50
A00492,Database,85
A00492,Analytics & Data,98
A00492,AI & ML,97
A00492,Security,97
A00492,Applications,89
A00492,Integration,73
A00493,Infrastructure,91
A00493,Database,81
A00493,Analytics & Data,94
A00493,AI & ML,98
A00493,Security,80
A00493,Applications,82
A00493,Integration,76
A00494,Infrastructure,21
A00494,Database,89
A00494,Analytics & Data,64
A00494,AI & ML,61
A00494,Security,16
A00494,Applications,28
A00494,Integration,31
A00495,Infrastructure,79
A00495,Database,97
A00495,Analytics & Data,79
A00495,AI & ML,78
A00495,Security,89
A00495,Applications,46
A00495,Integration,20
A00496,Infrastructure,99
A00496,Database,97
A00496,Analytics & Data,97
A00496,AI & ML,88
A00496,Security,57
A00496,Applications,84
A00496,Integration,83
A00497,Infrastructure,71
A00497,Database,99
A00497,Analytics & Data,87
A00497,AI & ML,19
A00497,Security,72
A00497,Applications,91
A00497,Integration,84
A00498,Infrastructure,87
A00498,Database,99
A00498,Analytics & Data,32
A00498,AI & ML,54
A00498,Security,90
A00498,Applications,90
A00498,Integration,48
A00499,Infrastructure,70
A00499,Database,53
A00499,Analytics & Data,88
A00499,AI & ML,92
A00499,Security,97
A00499,Applications,50
A00499,Integration,26
A00500,Infrastructure,100
A00500,Database,81
A00500,Analytics & Data,76
A00500,AI & ML,84
A00500,Security,85
A00500,Applications,78
A00500,Integration,91
A00501,Infrastructure,93
A00501,Database,76
A00501,Analytics & Data,64
A00501,AI & ML,88
A00501,Security,87
A00501,Applications,64
A00501,Integration,47
A00502,Infrastructure,71
A00502,Database,10
A00502,Analytics & Data,65
A00502,AI & ML,31
A00502,Security,18
A00502,Applications,42
A00502,Integration,72
A00503,Infrastructure,100
A00503,Database,66
A00503,Analytics & Data,98
A00503,AI & ML,77
A00503,Security,100
A00503,Applications,99
A00503,Integration,98
A00504,Infrastructure,52
A00504,Database,93
A00504,Analytics & Data,98
A00504,AI & ML,100
A00504,Security,81
A00504,Applications,97
A00504,Integration,64
A00505,Infrastructure,86
A00505,Database,98
A00505,Analytics & Data,55
A00505,AI & ML,53
A00505,Security,67
A00505,Applications,98
A00505,Integration,66
A00506,Infrastructure,49
A00506,Database,26
A00506,Analytics & Data,98
A00506,AI & ML,100
A00506,Security,71
A00506,Applications,97
A00506,Integration,60
A00507,Infrastructure,66
A00507,Database,58
A00507,Analytics & Data,32
A00507,AI & ML,23
A00507,Security,81
A00507,Applications,17
A00507,Integration,10
A00508,Infrastructure,73
A00508,Database,38
A00508,Analytics & Data,35
A00508,AI & ML,34
A00508,Security,54
A00508,Applications,57
A00508,Integration,13
A00509,Infrastructure,92
A00509,Database,61
A00509,Analytics & Data,82
A00509,AI & ML,54
A00509,Security,100
A00509,Applications,80
A00509,Integration,86
A00510,Infrastructure,91
A00510,Database,57
A00510,Analytics & Data,78
A00510,AI & ML,90
A00510,Security,85
A00510,Applications,78
A00510,Integration,80
A00511,Infrastructure,82
A00511,Database,58
A00511,Analytics & Data,76
A00511,AI & ML,79
A00511,Security,92
A00511,Applications,90
A00511,Integration,17
A00512,Infrastructure,58
A00512,Database,98
A00512,Analytics & Data,39
A00512,AI & ML,94
A00512,Security,24
A00512,Applications,87
A00512,Integration,90
A00513,Infrastructure,26
A00513,Database,42
A00513,Analytics & Data,48
A00513,AI & ML,42
A00513,Security,38
A00513,Applications,42
A00513,Integration,72
A00514,Infrastructure,29
A00514,Database,84
A00514,Analytics & Data,39
A00514,AI & ML,16
A00514,Security,31
A00514,Applications,36
A00514,Integration,39
A00515,Infrastructure,25
A00515,Database,69
A00515,Analytics & Data,36
A00515,AI & ML,45
A00515,Security,17
A00515,Applications,12
A00515,Integration,14
A00516,Infrastructure,92
A00516,Database,37
A00516,Analytics & Data,63
A00516,AI & ML,35
A00516,Security,18
A00516,Applications,10
A00516,Integration,25
A00517,Infrastructure,47
A00517,Database,66
A00517,Analytics & Data,36
A00517,AI & ML,88
A00517,Security,63
A00517,Applications,77
A00517,Integration,15
A00518,Infrastructure,18
A00518,Database,32
A00518,Analytics & Data,73
A00518,AI & ML,50
A00518,Security,15
A00518,Applications,86
A00518,Integration,78
A00519,Infrastructure,36
A00519,Database,12
A00519,Analytics & Data,10
A00519,AI & ML,50
A00519,Security,19
A00519,Applications,40
A00519,Integration,33
A00520,Infrastructure,83
A00520,Database,76
A00520,Analytics & Data,94
A00520,AI & ML,94
A00520,Security,42
A00520,Applications,67
A00520,Integration,100
A00521,Infrastructure,62
A00521,Database,13
A00521,Analytics & Data,84
A00521,AI & ML,37
A00521,Security,40
A00521,Applications,29
A00521,Integration,17
A00522,Infrastructure,51
A00522,Database,67
A00522,Analytics & Data,89
A00522,AI & ML,64
A00522,Security,68
A00522,Applications,67
A00522,Integration,58
A00523,Infrastructure,77
A00523,Database,55
A00523,Analytics & Data,65
A00523,AI & ML,27
A00523,Security,58
A00523,Applications,33
A00523,Integration,88
A00524,Infrastructure,97
A00524,Database,83
A00524,Analytics & Data,80
A00524,AI & ML,100
A00524,Security,77
A00524,Applications,100
A00524,Integration,97
A00525,Infrastructure,48
A00525,Database,98
A00525,Analytics & Data,100
A00525,AI & ML,92
A00525,Security,89
A00525,Applications,81
A00525,Integration,100
A00526,Infrastructure,61
A00526,Database,18
A00526,Analytics & Data,17
A00526,AI & ML,25
A00526,Security,10
A00526,Applications,11
A00526,Integration,72
A00527,Infrastructure,91
A00527,Database,49
A00527,Analytics & Data,45
A00527,AI & ML,82
A00527,Security,68
A00527,Applications,90
A00527,Integration,13
A00528,Infrastructure,89
A00528,Database,92
A00528,Analytics & Data,87
A00528,AI & ML,47
A00528,Security,54
A00528,Applications,10
A00528,Integration,29
A00529,Infrastructure,99
A00529,Database,76
A00529,Analytics & Data,87
A00529,AI & ML,97
A00529,Security,87
A00529,Applications,100
A00529,Integration,20
A00530,Infrastructure,82
A00530,Database,97
A00530,Analytics & Data,85
A00530,AI & ML,46
A00530,Security,76
A00530,Applications,86
A00530,Integration,64
A00531,Infrastructure,93
A00531,Database,78
A00531,Analytics & Data,53
A00531,AI & ML,15
A00531,Security,89
A00531,Applications,89
A00531,Integration,82
A00532,Infrastructure,63
A00532,Database,63
A00532,Analytics & Data,60
A00532,AI & ML,70
A00532,Security,46
A00532,Applications,88
A00532,Integration,62
A00533,Infrastructure,13
A00533,Database,21
A00533,Analytics & Data,24
A00533,AI & ML,12
A00533,Security,17
A00533,Applications,57
A00533,Integration,38
A00534,Infrastructure,86
A00534,Database,23
A00534,Analytics & Data,25
A00534,AI & ML,13
A00534,Security,48
A00534,Applications,56
A00534,Integration,57
A00535,Infrastructure,88
A00535,Database,99
A00535,Analytics & Data,64
A00535,AI & ML,36
A00535,Security,88
A00535,Applications,85
A00535,Integration,83
A00536,Infrastructure,55
A00536,Database,68
A00536,Analytics & Data,37
A00536,AI & ML,54
A00536,Security,62
A00536,Applications,77
A00536,Integration,16
A00537,Infrastructure,91
A00537,Database,31
A00537,Analytics & Data,31
A00537,AI & ML,33
A00537,Security,19
A00537,Applications,35
A00537,Integration,31
A00538,Infrastructure,31
A00538,Database,98
A00538,Analytics & Data,90
A00538,AI & ML,12
A00538,Security,100
A00538,Applications,24
A00538,Integration,51
A00539,Infrastructure,70
A00539,Database,91
A00539,Analytics & Data,83
A00539,AI & ML,92
A00539,Security,67
A00539,Applications,55
A00539,Integration,97
A00540,Infrastructure,36
A00540,Database,34
A00540,Analytics & Data,10
A00540,AI & ML,34
A00540,Security,29
A00540,Applications,12
A00540,Integration,22
A00541,Infrastructure,61
A00541,Database,84
A00541,Analytics & Data,89
A00541,AI & ML,93
A00541,Security,79
A00541,Applications,99
A00541,Integration,53
A00542,Infrastructure,36
A00542,Database,79
A00542,Analytics & Data,99
A00542,AI & ML,31
A00542,Security,98
A00542,Applications,81
A00542,Integration,23
A00543,Infrastructure,46
A00543,Database,87
A00543,Analytics & Data,97
A00543,AI & ML,82
A00543,Security,63
A00543,Applications,72
A00543,Integration,70
A00544,Infrastructure,94
A00544,Database,24
A00544,Analytics & Data,87
A00544,AI & ML,99
A00544,Security,99
A00544,Applications,100
A00544,Integration,87
A00545,Infrastructure,78
A00545,Database,81
A00545,Analytics & Data,89
A00545,AI & ML,79
A00545,Security,98
A00545,Applications,86
A00545,Integration,100
A00546,Infrastructure,10
A00546,Database,58
A00546,Analytics & Data,18
A00546,AI & ML,67
A00546,Security,12
A00546,Applications,10
A00546,Integration,40
A00547,Infrastructure,84
A00547,Database,90
A00547,Analytics & Data,14
A00547,AI & ML,67
A00547,Security,18
A00547,Applications,37
A00547,Integration,87
A00548,Infrastructure,50
A00548,Database,97
A00548,Analytics & Data,66
A00548,AI & ML,66
A00548,Security,47
A00548,Applications,67
A00548,Integration,80
A00549,Infrastructure,99
A00549,Database,97
A00549,Analytics & Data,86
A00549,AI & ML,100
A00549,Security,100
A00549,Applications,81
A00549,Integration,91
A00550,Infrastructure,30
A00550,Database,68
A00550,Analytics & Data,53
A00550,AI & ML,17
A00550,Security,33
A00550,Applications,17
A00550,Integration,17
A00551,Infrastructure,68
A00551,Database,88
A00551,Analytics & Data,65
A00551,AI & ML,72
A00551,Security,54
A00551,Applications,53
A00551,Integration,67
A00552,Infrastructure,42
A00552,Database,10
A00552,Analytics & Data,22
A00552,AI & ML,41
A00552,Security,40
A00552,Applications,10
A00552,Integration,14
A00553,Infrastructure,81
A00553,Database,100
A00553,Analytics & Data,72
A00553,AI & ML,70
A00553,Security,81
A00553,Applications,87
A00553,Integration,89
A00554,Infrastructure,56
A00554,Database,93
A00554,Analytics & Data,69
A00554,AI & ML,97
A00554,Security,71
A00554,Applications,81
A00554,Integration,92
A00555,Infrastructure,100
A00555,Database,97
A00555,Analytics & Data,83
A00555,AI & ML,77
A00555,Security,93
A00555,Applications,100
A00555,Integration,64
A00556,Infrastructure,98
A00556,Database,97
A00556,Analytics & Data,39
A00556,AI & ML,79
A00556,Security,94
A00556,Applications,63
A00556,Integration,97
A00557,Infrastructure,40
A00557,Database,29
A00557,Analytics & Data,13
A00557,AI & ML,49
A00557,Security,24
A00557,Applications,40
A00557,Integration,11
A00558,Infrastructure,57
A00558,Database,85
A00558,Analytics & Data,73
A00558,AI & ML,23
A00558,Security,57
A00558,Applications,58
A00558,Integration,94
A00559,Infrastructure,78
A00559,Database,93
A00559,Analytics & Data,82
A00559,AI & ML,65
A00559,Security,81
A00559,Applications,92
A00559,Integration,97
A00560,Infrastructure,86
A00560,Database,98
A00560,Analytics & Data,100
A00560,AI & ML,99
A00560,Security,100
A00560,Applications,99
A00560,Integration,79
A00561,Infrastructure,35
A00561,Database,45
A00561,Analytics & Data,69
A00561,AI & ML,63
A00561,Security,41
A00561,Applications,59
A00561,Integration,58
A00562,Infrastructure,16
A00562,Database,34
A00562,Analytics & Data,18
A00562,AI & ML,50
A00562,Security,46
A00562,Applications,66
A00562,Integration,31
A00563,Infrastructure,45
A00563,Database,27
A00563,Analytics & Data,45
A00563,AI & ML,97
A00563,Security,47
A00563,Applications,67
A00563,Integration,67
A00564,Infrastructure,66
A00564,Database,97
A00564,Analytics & Data,97
A00564,AI & ML,99
A00564,Security,56
A00564,Applications,99
A00564,Integration,97
A00565,Infrastructure,37
A00565,Database,76
A00565,Analytics & Data,62
A00565,AI & ML,66
A00565,Security,66
A00565,Applications,32
A00565,Integration,62
A00566,Infrastructure,85
A00566,Database,61
A00566,Analytics & Data,39
A00566,AI & ML,12
A00566,Security,81
A00566,Applications,69
A00566,Integration,36
A00567,Infrastructure,10
A00567,Database,33
A00567,Analytics & Data,52
A00567,AI & ML,67
A00567,Security,34
A00567,Applications,79
A00567,Integration,70
A00568,Infrastructure,10
A00568,Database,40
A00568,Analytics & Data,29
A00568,AI & ML,63
A00568,Security,66
A00568,Applications,46
A00568,Integration,18
A00569,Infrastructure,53
A00569,Database,85
A00569,Analytics & Data,57
A00569,AI & ML,98
A00569,Security,66
A00569,Applications,81
A00569,Integration,89
A00570,Infrastructure,93
A00570,Database,41
A00570,Analytics & Data,57
A00570,AI & ML,50
A00570,Security,28
A00570,Applications,59
A00570,Integration,15
A00571,Infrastructure,82
A00571,Database,85
A00571,Analytics & Data,100
A00571,AI & ML,98
A00571,Security,77
A00571,Applications,99
A00571,Integration,90
A00572,Infrastructure,54
A00572,Database,70
A00572,Analytics & Data,90
A00572,AI & ML,53
A00572,Security,19
A00572,Applications,64
A00572,Integration,66
A00573,Infrastructure,86
A00573,Database,86
A00573,Analytics & Data,99
A00573,AI & ML,92
A00573,Security,78
A00573,Applications,29
A00573,Integration,89
A00574,Infrastructure,98
A00574,Database,90
A00574,Analytics & Data,82
A00574,AI & ML,81
A00574,Security,50
A00574,Applications,94
A00574,Integration,49
A00575,Infrastructure,87
A00575,Database,81
A00575,Analytics & Data,83
A00575,AI & ML,35
A00575,Security,77
A00575,Applications,76
A00575,Integration,49
A00576,Infrastructure,22
A00576,Database,40
A00576,Analytics & Data,19
A00576,AI & ML,39
A00576,Security,69
A00576,Applications,29
A00576,Integration,12
A00577,Infrastructure,57
A00577,Database,73
A00577,Analytics & Data,46
A00577,AI & ML,60
A00577,Security,89
A00577,Applications,13
A00577,Integration,64
A00578,Infrastructure,98
A00578,Database,81
A00578,Analytics & Data,85
A00578,AI & ML,97
A00578,Security,49
A00578,Applications,91
A00578,Integration,49
A00579,Infrastructure,65
A00579,Database,24
A00579,Analytics & Data,42
A00579,AI & ML,27
A00579,Security,30
A00579,Applications,25
A00579,Integration,87
A00580,Infrastructure,12
A00580,Database,46
A00580,Analytics & Data,94
A00580,AI & ML,86
A00580,Security,58
A00580,Applications,46
A00580,Integration,64
A00581,Infrastructure,61
A00581,Database,14
A00581,Analytics & Data,51
A00581,AI & ML,87
A00581,Security,48
A00581,Applications,78
A00581,Integration,19
A00582,Infrastructure,98
A00582,Database,100
A00582,Analytics & Data,99
A00582,AI & ML,97
A00582,Security,98
A00582,Applications,76
A00582,Integration,99
A00583,Infrastructure,100
A00583,Database,97
A00583,Analytics & Data,100
A00583,AI & ML,98
A00583,Security,97
A00583,Applications,62
A00583,Integration,64
A00584,Infrastructure,98
A00584,Database,24
A00584,Analytics & Data,99
A00584,AI & ML,60
A00584,Security,98
A00584,Applications,97
A00584,Integration,84
A00585,Infrastructure,24
A00585,Database,50
A00585,Analytics & Data,70
A00585,AI & ML,49
A00585,Security,47
A00585,Applications,46
A00585,Integration,53
A00586,Infrastructure,97
A00586,Database,100
A00586,Analytics & Data,98
A00586,AI & ML,100
A00586,Security,100
A00586,Applications,99
A00586,Integration,18
A00587,Infrastructure,72
A00587,Database,48
A00587,Analytics & Data,97
A00587,AI & ML,51
A00587,Security,93
A00587,Applications,71
A00587,Integration,100
A00588,Infrastructure,16
A00588,Database,21
A00588,Analytics & Data,60
A00588,AI & ML,61
A00588,Security,31
A00588,Applications,13
A00588,Integration,69
A00589,Infrastructure,52
A00589,Database,19
A00589,Analytics & Data,11
A00589,AI & ML,58
A00589,Security,86
A00589,Applications,30
A00589,Integration,26
A00590,Infrastructure,71
A00590,Database,51
A00590,Analytics & Data,66
A00590,AI & ML,13
A00590,Security,92
A00590,Applications,81
A00590,Integration,56
A00591,Infrastructure,100
A00591,Database,89
A00591,Analytics & Data,85
A00591,AI & ML,65
A00591,Security,94
A00591,Applications,55
A00591,Integration,76
A00592,Infrastructure,99
A00592,Database,99
A00592,Analytics & Data,69
A00592,AI & ML,97
A00592,Security,100
A00592,Applications,98
A00592,Integration,97
A00593,Infrastructure,88
A00593,Database,86
A00593,Analytics & Data,86
A00593,AI & ML,84
A00593,Security,72
A00593,Applications,84
A00593,Integration,69
A00594,Infrastructure,28
A00594,Database,65
A00594,Analytics & Data,58
A00594,AI & ML,69
A00594,Security,16
A00594,Applications,23
A00594,Integration,71
A00595,Infrastructure,80
A00595,Database,21
A00595,Analytics & Data,88
A00595,AI & ML,17
A00595,Security,100
A00595,Applications,92
A00595,Integration,30
A00596,Infrastructure,45
A00596,Database,15
A00596,Analytics & Data,50
A00596,AI & ML,21
A00596,Security,30
A00596,Applications,68
A00596,Integration,25
A00597,Infrastructure,47
A00597,Database,100
A00597,Analytics & Data,88
A00597,AI & ML,93
A00597,Security,78
A00597,Applications,86
A00597,Integration,90
A00598,Infrastructure,56
A00598,Database,38
A00598,Analytics & Data,86
A00598,AI & ML,67
A00598,Security,89
A00598,Applications,52
A00598,Integration,63
A00599,Infrastructure,18
A00599,Database,55
A00599,Analytics & Data,82
A00599,AI & ML,28
A00599,Security,26
A00599,Applications,99
A00599,Integration,73
A00600,Infrastructure,66
A00600,Database,78
A00600,Analytics & Data,10
A00600,AI & ML,52
A00600,Security,21
A00600,Applications,54
A00600,Integration,73
A00601,Infrastructure,77
A00601,Database,87
A00601,Analytics & Data,92
A00601,AI & ML,100
A00601,Security,26
A00601,Applications,68
A00601,Integration,57
A00602,Infrastructure,87
A00602,Database,56
A00602,Analytics & Data,46
A00602,AI & ML,100
A00602,Security,99
A00602,Applications,99
A00602,Integration,89
A00603,Infrastructure,91
A00603,Database,83
A00603,Analytics & Data,21
A00603,AI & ML,69
A00603,Security,17
A00603,Applications,92
A00603,Integration,73
A00604,Infrastructure,72
A00604,Database,13
A00604,Analytics & Data,91
A00604,AI & ML,68
A00604,Security,11
A00604,Applications,91
A00604,Integration,11
A00605,Infrastructure,78
A00605,Database,14
A00605,Analytics & Data,56
A00605,AI & ML,60
A00605,Security,26
A00605,Applications,40
A00605,Integration,54
A00606,Infrastructure,78
A00606,Database,61
A00606,Analytics & Data,23
A00606,AI & ML,94
A00606,Security,31
A00606,Applications,10
A00606,Integration,64
A00607,Infrastructure,55
A00607,Database,21
A00607,Analytics & Data,56
A00607,AI & ML,26
A00607,Security,48
A00607,Applications,67
A00607,Integration,13
A00608,Infrastructure,93
A00608,Database,87
A00608,Analytics & Data,77
A00608,AI & ML,81
A00608,Security,82
A00608,Applications,91
A00608,Integration,45
A00609,Infrastructure,69
A00609,Database,73
A00609,Analytics & Data,90
A00609,AI & ML,57
A00609,Security,45
A00609,Applications,26
A00609,Integration,54
A00610,Infrastructure,100
A00610,Database,89
A00610,Analytics & Data,99
A00610,AI & ML,52
A00610,Security,98
A00610,Applications,99
A00610,Integration,84
A00611,Infrastructure,57
A00611,Database,51
A00611,Analytics & Data,20
A00611,AI & ML,12
A00611,Security,84
A00611,Applications,17
A00611,Integration,84
A00612,Infrastructure,62
A00612,Database,58
A00612,Analytics & Data,77
A00612,AI & ML,82
A00612,Security,100
A00612,Applications,72
A00612,Integration,93
A00613,Infrastructure,65
A00613,Database,98
A00613,Analytics & Data,97
A00613,AI & ML,52
A00613,Security,79
A00613,Applications,76
A00613,Integration,77
A00614,Infrastructure,60
A00614,Database,87
A00614,Analytics & Data,89
A00614,AI & ML,99
A00614,Security,77
A00614,Applications,70
A00614,Integration,85
A00615,Infrastructure,30
A00615,Database,41
A00615,Analytics & Data,47
A00615,AI & ML,23
A00615,Security,38
A00615,Applications,39
A00615,Integration,24
A00616,Infrastructure,67
A00616,Database,50
A00616,Analytics & Data,70
A00616,AI & ML,80
A00616,Security,46
A00616,Applications,65
A00616,Integration,56
A00617,Infrastructure,92
A00617,Database,14
A00617,Analytics & Data,80
A00617,AI & ML,88
A00617,Security,98
A00617,Applications,58
A00617,Integration,80
A00618,Infrastructure,64
A00618,Database,94
A00618,Analytics & Data,88
A00618,AI & ML,89
A00618,Security,81
A00618,Applications,86
A00618,Integration,63
A00619,Infrastructure,65
A00619,Database,19
A00619,Analytics & Data,56
A00619,AI & ML,32
A00619,Security,41
A00619,Applications,29
A00619,Integration,23
A00620,Infrastructure,62
A00620,Database,63
A00620,Analytics & Data,63
A00620,AI & ML,92
A00620,Security,93
A00620,Applications,83
A00620,Integration,21
A00621,Infrastructure,98
A00621,Database,99
A00621,Analytics & Data,79
A00621,AI & ML,93
A00621,Security,77
A00621,Applications,91
A00621,Integration,76
A00622,Infrastructure,93
A00622,Database,78
A00622,Analytics & Data,87
A00622,AI & ML,79
A00622,Security,47
A00622,Applications,31
A00622,Integration,92
A00623,Infrastructure,100
A00623,Database,99
A00623,Analytics & Data,97
A00623,AI & ML,53
A00623,Security,100
A00623,Applications,86
A00623,Integration,87
A00624,Infrastructure,13
A00624,Database,84
A00624,Analytics & Data,41
A00624,AI & ML,80
A00624,Security,47
A00624,Applications,80
A00624,Integration,89
A00625,Infrastructure,51
A00625,Database,82
A00625,Analytics & Data,66
A00625,AI & ML,99
A00625,Security,98
A00625,Applications,89
A00625,Integration,65
A00626,Infrastructure,69
A00626,Database,77
A00626,Analytics & Data,58
A00626,AI & ML,13
A00626,Security,80
A00626,Applications,99
A00626,Integration,65
A00627,Infrastructure,99
A00627,Database,92
A00627,Analytics & Data,78
A00627,AI & ML,23
A00627,Security,99
A00627,Applications,77
A00627,Integration,98
A00628,Infrastructure,69
A00628,Database,71
A00628,Analytics & Data,47
A00628,AI & ML,68
A00628,Security,91
A00628,Applications,45
A00628,Integration,73
A00629,Infrastructure,24
A00629,Database,17
A00629,Analytics & Data,26
A00629,AI & ML,34
A00629,Security,28
A00629,Applications,47
A00629,Integration,38
A00630,Infrastructure,54
A00630,Database,99
A00630,Analytics & Data,70
A00630,AI & ML,98
A00630,Security,98
A00630,Applications,100
A00630,Integration,78
A00631,Infrastructure,38
A00631,Database,73
A00631,Analytics & Data,20
A00631,AI & ML,15
A00631,Security,69
A00631,Applications,53
A00631,Integration,25
A00632,Infrastructure,85
A00632,Database,79
A00632,Analytics & Data,86
A00632,AI & ML,25
A00632,Security,98
A00632,Applications,93
A00632,Integration,82
A00633,Infrastructure,100
A00633,Database,68
A00633,Analytics & Data,84
A00633,AI & ML,32
A00633,Security,97
A00633,Applications,97
A00633,Integration,90
A00634,Infrastructure,79
A00634,Database,99
A00634,Analytics & Data,97
A00634,AI & ML,79
A00634,Security,81
A00634,Applications,94
A00634,Integration,49
A00635,Infrastructure,100
A00635,Database,98
A00635,Analytics & Data,99
A00635,AI & ML,82
A00635,Security,99
A00635,Applications,76
A00635,Integration,94
A00636,Infrastructure,88
A00636,Database,76
A00636,Analytics & Data,78
A00636,AI & ML,33
A00636,Security,100
A00636,Applications,97
A00636,Integration,69
A00637,Infrastructure,100
A00637,Database,47
A00637,Analytics & Data,57
A00637,AI & ML,82
A00637,Security,52
A00637,Applications,19
A00637,Integration,58
A00638,Infrastructure,98
A00638,Database,25
A00638,Analytics & Data,66
A00638,AI & ML,54
A00638,Security,51
A00638,Applications,47
A00638,Integration,84
A00639,Infrastructure,62
A00639,Database,67
A00639,Analytics & Data,81
A00639,AI & ML,16
A00639,Security,53
A00639,Applications,13
A00639,Integration,14
A00640,Infrastructure,64
A00640,Database,60
A00640,Analytics & Data,46
A00640,AI & ML,52
A00640,Security,68
A00640,Applications,31
A00640,Integration,81
A00641,Infrastructure,98
A00641,Database,100
A00641,Analytics & Data,100
A00641,AI & ML,100
A00641,Security,99
A00641,Applications,98
A00641,Integration,51
A00642,Infrastructure,47
A00642,Database,91
A00642,Analytics & Data,72
A00642,AI & ML,66
A00642,Security,58
A00642,Applications,46
A00642,Integration,58
A00643,Infrastructure,100
A00643,Database,82
A00643,Analytics & Data,60
A00643,AI & ML,81
A00643,Security,99
A00643,Applications,82
A00643,Integration,86
A00644,Infrastructure,73
A00644,Database,55
A00644,Analytics & Data,83
A00644,AI & ML,71
A00644,Security,90
A00644,Applications,66
A00644,Integration,72
A00645,Infrastructure,50
A00645,Database,89
A00645,Analytics & Data,91
A00645,AI & ML,80
A00645,Security,54
A00645,Applications,78
A00645,Integration,79
A00646,Infrastructure,88
A00646,Database,86
A00646,Analytics & Data,91
A00646,AI & ML,98
A00646,Security,72
A00646,Applications,88
A00646,Integration,78
A00647,Infrastructure,100
A00647,Database,92
A00647,Analytics & Data,97
A00647,AI & ML,83
A00647,Security,86
A00647,Applications,82
A00647,Integration,86
A00648,Infrastructure,35
A00648,Database,23
A00648,Analytics & Data,28
A00648,AI & ML,50
A00648,Security,41
A00648,Applications,10
A00648,Integration,26
A00649,Infrastructure,85
A00649,Database,88
A00649,Analytics & Data,100
A00649,AI & ML,83
A00649,Security,93
A00649,Applications,27
A00649,Integration,77
A00650,Infrastructure,64
A00650,Database,88
A00650,Analytics & Data,38
A00650,AI & ML,30
A00650,Security,53
A00650,Applications,55
A00650,Integration,53
A00651,Infrastructure,54
A00651,Database,57
A00651,Analytics & Data,59
A00651,AI & ML,54
A00651,Security,66
A00651,Applications,72
A00651,Integration,47
A00652,Infrastructure,55
A00652,Database,63
A00652,Analytics & Data,98
A00652,AI & ML,49
A00652,Security,55
A00652,Applications,86
A00652,Integration,50
A00653,Infrastructure,36
A00653,Database,80
A00653,Analytics & Data,53
A00653,AI & ML,19
A00653,Security,97
A00653,Applications,100
A00653,Integration,65
A00654,Infrastructure,28
A00654,Database,52
A00654,Analytics & Data,29
A00654,AI & ML,63
A00654,Security,47
A00654,Applications,20
A00654,Integration,14
A00655,Infrastructure,21
A00655,Database,72
A00655,Analytics & Data,24
A00655,AI & ML,16
A00655,Security,15
A00655,Applications,36
A00655,Integration,53
A00656,Infrastructure,90
A00656,Database,16
A00656,Analytics & Data,73
A00656,AI & ML,84
A00656,Security,17
A00656,Applications,55
A00656,Integration,18
A00657,Infrastructure,97
A00657,Database,98
A00657,Analytics & Data,67
A00657,AI & ML,91
A00657,Security,33
A00657,Applications,10
A00657,Integration,49
A00658,Infrastructure,94
A00658,Database,82
A00658,Analytics & Data,72
A00658,AI & ML,60
A00658,Security,83
A00658,Applications,92
A00658,Integration,100
A00659,Infrastructure,49
A00659,Database,30
A00659,Analytics & Data,91
A00659,AI & ML,30
A00659,Security,27
A00659,Applications,33
A00659,Integration,72
A00660,Infrastructure,57
A00660,Database,79
A00660,Analytics & Data,18
A00660,AI & ML,17
A00660,Security,26
A00660,Applications,29
A00660,Integration,34
A00661,Infrastructure,12
A00661,Database,16
A00661,Analytics & Data,11
A00661,AI & ML,33
A00661,Security,10
A00661,Applications,23
A00661,Integration,18
A00662,Infrastructure,47
A00662,Database,22
A00662,Analytics & Data,28
A00662,AI & ML,89
A00662,Security,48
A00662,Applications,15
A00662,Integration,23
A00663,Infrastructure,10
A00663,Database,13
A00663,Analytics & Data,32
A00663,AI & ML,63
A00663,Security,22
A00663,Applications,73
A00663,Integration,40
A00664,Infrastructure,76
A00664,Database,90
A00664,Analytics & Data,80
A00664,AI & ML,73
A00664,Security,76
A00664,Applications,55
A00664,Integration,58
A00665,Infrastructure,99
A00665,Database,97
A00665,Analytics & Data,97
A00665,AI & ML,87
A00665,Security,99
A00665,Applications,97
A00665,Integration,10
A00666,Infrastructure,90
A00666,Database,92
A00666,Analytics & Data,81
A00666,AI & ML,81
A00666,Security,76
A00666,Applications,62
A00666,Integration,78
A00667,Infrastructure,53
A00667,Database,31
A00667,Analytics & Data,36
A00667,AI & ML,62
A00667,Security,20
A00667,Applications,38
A00667,Integration,84
A00668,Infrastructure,81
A00668,Database,81
A00668,Analytics & Data,80
A00668,AI & ML,97
A00668,Security,78
A00668,Applications,86
A00668,Integration,82
A00669,Infrastructure,97
A00669,Database,82
A00669,Analytics & Data,61
A00669,AI & ML,91
A00669,Security,92
A00669,Applications,65
A00669,Integration,99
A00670,Infrastructure,100
A00670,Database,90
A00670,Analytics & Data,93
A00670,AI & ML,73
A00670,Security,99
A00670,Applications,97
A00670,Integration,98
A00671,Infrastructure,99
A00671,Database,100
A00671,Analytics & Data,97
A00671,AI & ML,100
A00671,Security,100
A00671,Applications,97
A00671,Integration,99
A00672,Infrastructure,98
A00672,Database,98
A00672,Analytics & Data,90
A00672,AI & ML,94
A00672,Security,98
A00672,Applications,69
A00672,Integration,97
A00673,Infrastructure,48
A00673,Database,62
A00673,Analytics & Data,71
A00673,AI & ML,48
A00673,Security,100
A00673,Applications,57
A00673,Integration,33
A00674,Infrastructure,58
A00674,Database,21
A00674,Analytics & Data,30
A00674,AI & ML,16
A00674,Security,26
A00674,Applications,22
A00674,Integration,29
A00675,Infrastructure,12
A00675,Database,69
A00675,Analytics & Data,58
A00675,AI & ML,40
A00675,Security,86
A00675,Applications,81
A00675,Integration,45
A00676,Infrastructure,79
A00676,Database,99
A00676,Analytics & Data,99
A00676,AI & ML,83
A00676,Security,84
A00676,Applications,88
A00676,Integration,80
A00677,Infrastructure,83
A00677,Database,91
A00677,Analytics & Data,42
A00677,AI & ML,65
A00677,Security,69
A00677,Applications,83
A00677,Integration,55
A00678,Infrastructure,94
A00678,Database,40
A00678,Analytics & Data,51
A00678,AI & ML,19
A00678,Security,19
A00678,Applications,20
A00678,Integration,14
A00679,Infrastructure,55
A00679,Database,89
A00679,Analytics & Data,21
A00679,AI & ML,47
A00679,Security,13
A00679,Applications,69
A00679,Integration,40
A00680,Infrastructure,80
A00680,Database,98
A00680,Analytics & Data,65
A00680,AI & ML,97
A00680,Security,70
A00680,Applications,97
A00680,Integration,56
A00681,Infrastructure,38
A00681,Database,22
A00681,Analytics & Data,61
A00681,AI & ML,27
A00681,Security,89
A00681,Applications,91
A00681,Integration,66
A00682,Infrastructure,78
A00682,Database,97
A00682,Analytics & Data,57
A00682,AI & ML,28
A00682,Security,66
A00682,Applications,66
A00682,Integration,97
A00683,Infrastructure,97
A00683,Database,55
A00683,Analytics & Data,19
A00683,AI & ML,92
A00683,Security,97
A00683,Applications,100
A00683,Integration,78
A00684,Infrastructure,73
A00684,Database,78
A00684,Analytics & Data,51
A00684,AI & ML,80
A00684,Security,53
A00684,Applications,52
A00684,Integration,58
A00685,Infrastructure,73
A00685,Database,82
A00685,Analytics & Data,32
A00685,AI & ML,78
A00685,Security,57
A00685,Applications,63
A00685,Integration,28
A00686,Infrastructure,81
A00686,Database,82
A00686,Analytics & Data,89
A00686,AI & ML,88
A00686,Security,94
A00686,Applications,79
A00686,Integration,17
A00687,Infrastructure,12
A00687,Database,68
A00687,Analytics & Data,86
A00687,AI & ML,24
A00687,Security,57
A00687,Applications,60
A00687,Integration,15
A00688,Infrastructure,15
A00688,Database,26
A00688,Analytics & Data,25
A00688,AI & ML,56
A00688,Security,27
A00688,Applications,31
A00688,Integration,28
A00689,Infrastructure,33
A00689,Database,24
A00689,Analytics & Data,39
A00689,AI & ML,11
A00689,Security,72
A00689,Applications,81
A00689,Integration,13
A00690,Infrastructure,36
A00690,Database,12
A00690,Analytics & Data,12
A00690,AI & ML,77
A00690,Security,91
A00690,Applications,56
A00690,Integration,52
A00691,Infrastructure,98
A00691,Database,79
A00691,Analytics & Data,79
A00691,AI & ML,97
A00691,Security,88
A00691,Applications,94
A00691,Integration,83
A00692,Infrastructure,57
A00692,Database,45
A00692,Analytics & Data,52
A00692,AI & ML,41
A00692,Security,54
A00692,Applications,46
A00692,Integration,46
A00693,Infrastructure,99
A00693,Database,97
A00693,Analytics & Data,80
A00693,AI & ML,81
A00693,Security,93
A00693,Applications,84
A00693,Integration,52
A00694,Infrastructure,100
A00694,Database,100
A00694,Analytics & Data,98
A00694,AI & ML,97
A00694,Security,23
A00694,Applications,100
A00694,Integration,91
A00695,Infrastructure,13
A00695,Database,52
A00695,Analytics & Data,63
A00695,AI & ML,45
A00695,Security,80
A00695,Applications,15
A00695,Integration,42
A00696,Infrastructure,62
A00696,Database,33
A00696,Analytics & Data,91
A00696,AI & ML,70
A00696,Security,91
A00696,Applications,88
A00696,Integration,88
A00697,Infrastructure,87
A00697,Database,90
A00697,Analytics & Data,93
A00697,AI & ML,82
A00697,Security,94
A00697,Applications,91
A00697,Integration,91
A00698,Infrastructure,79
A00698,Database,79
A00698,Analytics & Data,56
A00698,AI & ML,82
A00698,Security,90
A00698,Applications,92
A00698,Integration,54
A00699,Infrastructure,86
A00699,Database,24
A00699,Analytics & Data,33
A00699,AI & ML,66
A00699,Security,30
A00699,Applications,36
A00699,Integration,21
A00700,Infrastructure,97
A00700,Database,94
A00700,Analytics & Data,91
A00700,AI & ML,88
A00700,Security,88
A00700,Applications,93
A00700,Integration,21
A00701,Infrastructure,86
A00701,Database,72
A00701,Analytics & Data,70
A00701,AI & ML,76
A00701,Security,99
A00701,Applications,98
A00701,Integration,97
A00702,Infrastructure,55
A00702,Database,51
A00702,Analytics & Data,78
A00702,AI & ML,80
A00702,Security,49
A00702,Applications,82
A00702,Integration,48
A00703,Infrastructure,90
A00703,Database,99
A00703,Analytics & Data,78
A00703,AI & ML,85
A00703,Security,82
A00703,Applications,78
A00703,Integration,100
A00704,Infrastructure,79
A00704,Database,93
A00704,Analytics & Data,68
A00704,AI & ML,59
A00704,Security,84
A00704,Applications,69
A00704,Integration,69
A00705,Infrastructure,90
A00705,Database,51
A00705,Analytics & Data,11
A00705,AI & ML,65
A00705,Security,40
A00705,Applications,11
A00705,Integration,14
A00706,Infrastructure,49
A00706,Database,89
A00706,Analytics & Data,100
A00706,AI & ML,90
A00706,Security,37
A00706,Applications,63
A00706,Integration,48
A00707,Infrastructure,80
A00707,Database,99
A00707,Analytics & Data,94
A00707,AI & ML,97
A00707,Security,100
A00707,Applications,100
A00707,Integration,98
A00708,Infrastructure,45
A00708,Database,85
A00708,Analytics & Data,66
A00708,AI & ML,64
A00708,Security,70
A00708,Applications,60
A00708,Integration,50
A00709,Infrastructure,88
A00709,Database,78
A00709,Analytics & Data,78
A00709,AI & ML,79
A00709,Security,22
A00709,Applications,93
A00709,Integration,84
A00710,Infrastructure,24
A00710,Database,49
A00710,Analytics & Data,60
A00710,AI & ML,91
A00710,Security,31
A00710,Applications,15
A00710,Integration,11
A00711,Infrastructure,98
A00711,Database,88
A00711,Analytics & Data,78
A00711,AI & ML,13
A00711,Security,66
A00711,Applications,99
A00711,Integration,46
A00712,Infrastructure,50
A00712,Database,27
A00712,Analytics & Data,72
A00712,AI & ML,58
A00712,Security,93
A00712,Applications,92
A00712,Integration,53
A00713,Infrastructure,88
A00713,Database,45
A00713,Analytics & Data,92
A00713,AI & ML,92
A00713,Security,93
A00713,Applications,98
A00713,Integration,81
A00714,Infrastructure,31
A00714,Database,31
A00714,Analytics & Data,42
A00714,AI & ML,45
A00714,Security,24
A00714,Applications,34
A00714,Integration,54
A00715,Infrastructure,81
A00715,Database,33
A00715,Analytics & Data,78
A00715,AI & ML,49
A00715,Security,16
A00715,Applications,33
A00715,Integration,70
A00716,Infrastructure,85
A00716,Database,10
A00716,Analytics & Data,27
A00716,AI & ML,67
A00716,Security,70
A00716,Applications,61
A00716,Integration,72
A00717,Infrastructure,79
A00717,Database,84
A00717,Analytics & Data,83
A00717,AI & ML,70
A00717,Security,56
A00717,Applications,85
A00717,Integration,78
A00718,Infrastructure,54
A00718,Database,17
A00718,Analytics & Data,67
A00718,AI & ML,77
A00718,Security,50
A00718,Applications,45
A00718,Integration,48
A00719,Infrastructure,65
A00719,Database,54
A00719,Analytics & Data,79
A00719,AI & ML,47
A00719,Security,65
A00719,Applications,52
A00719,Integration,68
A00720,Infrastructure,29
A00720,Database,55
A00720,Analytics & Data,69
A00720,AI & ML,12
A00720,Security,48
A00720,Applications,42
A00720,Integration,24
A00721,Infrastructure,90
A00721,Database,37
A00721,Analytics & Data,45
A00721,AI & ML,56
A00721,Security,54
A00721,Applications,48
A00721,Integration,45
A00722,Infrastructure,39
A00722,Database,30
A00722,Analytics & Data,80
A00722,AI & ML,19
A00722,Security,50
A00722,Applications,48
A00722,Integration,26
A00723,Infrastructure,93
A00723,Database,82
A00723,Analytics & Data,80
A00723,AI & ML,98
A00723,Security,61
A00723,Applications,86
A00723,Integration,98
A00724,Infrastructure,81
A00724,Database,51
A00724,Analytics & Data,70
A00724,AI & ML,79
A00724,Security,82
A00724,Applications,52
A00724,Integration,85
A00725,Infrastructure,85
A00725,Database,94
A00725,Analytics & Data,26
A00725,AI & ML,65
A00725,Security,16
A00725,Applications,71
A00725,Integration,93
A00726,Infrastructure,24
A00726,Database,54
A00726,Analytics & Data,28
A00726,AI & ML,35
A00726,Security,41
A00726,Applications,26
A00726,Integration,81
A00727,Infrastructure,32
A00727,Database,88
A00727,Analytics & Data,65
A00727,AI & ML,57
A00727,Security,82
A00727,Applications,18
A00727,Integration,50
A00728,Infrastructure,35
A00728,Database,30
A00728,Analytics & Data,14
A00728,AI & ML,29
A00728,Security,25
A00728,Applications,16
A00728,Integration,25
A00729,Infrastructure,98
A00729,Database,89
A00729,Analytics & Data,77
A00729,AI & ML,88
A00729,Security,99
A00729,Applications,99
A00729,Integration,100
A00730,Infrastructure,87
A00730,Database,78
A00730,Analytics & Data,99
A00730,AI & ML,99
A00730,Security,80
A00730,Applications,98
A00730,Integration,100
A00731,Infrastructure,88
A00731,Database,81
A00731,Analytics & Data,53
A00731,AI & ML,60
A00731,Security,42
A00731,Applications,17
A00731,Integration,84
A00732,Infrastructure,48
A00732,Database,65
A00732,Analytics & Data,27
A00732,AI & ML,11
A00732,Security,59
A00732,Applications,33
A00732,Integration,33
A00733,Infrastructure,58
A00733,Database,16
A00733,Analytics & Data,21
A00733,AI & ML,23
A00733,Security,13
A00733,Applications,28
A00733,Integration,72
A00734,Infrastructure,64
A00734,Database,13
A00734,Analytics & Data,19
A00734,AI & ML,30
A00734,Security,23
A00734,Applications,64
A00734,Integration,36
A00735,Infrastructure,91
A00735,Database,50
A00735,Analytics & Data,99
A00735,AI & ML,63
A00735,Security,93
A00735,Applications,98
A00735,Integration,94
A00736,Infrastructure,81
A00736,Database,11
A00736,Analytics & Data,20
A00736,AI & ML,57
A00736,Security,68
A00736,Applications,58
A00736,Integration,64
A00737,Infrastructure,50
A00737,Database,86
A00737,Analytics & Data,94
A00737,AI & ML,48
A00737,Security,47
A00737,Applications,60
A00737,Integration,77
A00738,Infrastructure,76
A00738,Database,87
A00738,Analytics & Data,46
A00738,AI & ML,98
A00738,Security,67
A00738,Applications,81
A00738,Integration,93
A00739,Infrastructure,93
A00739,Database,87
A00739,Analytics & Data,91
A00739,AI & ML,84
A00739,Security,19
A00739,Applications,79
A00739,Integration,36
A00740,Infrastructure,98
A00740,Database,42
A00740,Analytics & Data,90
A00740,AI & ML,98
A00740,Security,100
A00740,Applications,99
A00740,Integration,100
A00741,Infrastructure,31
A00741,Database,39
A00741,Analytics & Data,67
A00741,AI & ML,17
A00741,Security,10
A00741,Applications,49
A00741,Integration,27
A00742,Infrastructure,97
A00742,Database,53
A00742,Analytics & Data,83
A00742,AI & ML,81
A00742,Security,86
A00742,Applications,76
A00742,Integration,21
A00743,Infrastructure,81
A00743,Database,82
A00743,Analytics & Data,52
A00743,AI & ML,60
A00743,Security,90
A00743,Applications,59
A00743,Integration,63
A00744,Infrastructure,48
A00744,Database,82
A00744,Analytics & Data,29
A00744,AI & ML,37
A00744,Security,86
A00744,Applications,47
A00744,Integration,94
A00745,Infrastructure,61
A00745,Database,10
A00745,Analytics & Data,56
A00745,AI & ML,50
A00745,Security,68
A00745,Applications,92
A00745,Integration,19
A00746,Infrastructure,69
A00746,Database,71
A00746,Analytics & Data,28
A00746,AI & ML,47
A00746,Security,32
A00746,Applications,62
A00746,Integration,59
A00747,Infrastructure,87
A00747,Database,82
A00747,Analytics & Data,80
A00747,AI & ML,100
A00747,Security,91
A00747,Applications,61
A00747,Integration,70
A00748,Infrastructure,65
A00748,Database,72
A00748,Analytics & Data,10
A00748,AI & ML,88
A00748,Security,88
A00748,Applications,86
A00748,Integration,32
A00749,Infrastructure,65
A00749,Database,98
A00749,Analytics & Data,94
A00749,AI & ML,100
A00749,Security,100
A00749,Applications,69
A00749,Integration,99
A00750,Infrastructure,77
A00750,Database,91
A00750,Analytics & Data,90
A00750,AI & ML,100
A00750,Security,56
A00750,Applications,93
A00750,Integration,99
A00751,Infrastructure,30
A00751,Database,15
A00751,Analytics & Data,14
A00751,AI & ML,22
A00751,Security,36
A00751,Applications,25
A00751,Integration,38
A00752,Infrastructure,69
A00752,Database,50
A00752,Analytics & Data,100
A00752,AI & ML,84
A00752,Security,97
A00752,Applications,83
A00752,Integration,100
A00753,Infrastructure,61
A00753,Database,61
A00753,Analytics & Data,17
A00753,AI & ML,63
A00753,Security,23
A00753,Applications,35
A00753,Integration,26
A00754,Infrastructure,99
A00754,Database,54
A00754,Analytics & Data,83
A00754,AI & ML,50
A00754,Security,99
A00754,Applications,77
A00754,Integration,90
A00755,Infrastructure,100
A00755,Database,89
A00755,Analytics & Data,88
A00755,AI & ML,81
A00755,Security,67
A00755,Applications,80
A00755,Integration,67
A00756,Infrastructure,86
A00756,Database,54
A00756,Analytics & Data,82
A00756,AI & ML,53
A00756,Security,50
A00756,Applications,46
A00756,Integration,60
A00757,Infrastructure,40
A00757,Database,14
A00757,Analytics & Data,94
A00757,AI & ML,99
A00757,Security,10
A00757,Applications,70
A00757,Integration,13
A00758,Infrastructure,91
A00758,Database,24
A00758,Analytics & Data,98
A00758,AI & ML,97
A00758,Security,49
A00758,Applications,58
A00758,Integration,59
A00759,Infrastructure,62
A00759,Database,57
A00759,Analytics & Data,84
A00759,AI & ML,53
A00759,Security,99
A00759,Applications,58
A00759,Integration,82
A00760,Infrastructure,48
A00760,Database,84
A00760,Analytics & Data,62
A00760,AI & ML,78
A00760,Security,84
A00760,Applications,59
A00760,Integration,78
A00761,Infrastructure,21
A00761,Database,24
A00761,Analytics & Data,23
A00761,AI & ML,38
A00761,Security,66
A00761,Applications,70
A00761,Integration,26
A00762,Infrastructure,82
A00762,Database,98
A00762,Analytics & Data,53
A00762,AI & ML,89
A00762,Security,78
A00762,Applications,92
A00762,Integration,89
A00763,Infrastructure,81
A00763,Database,22
A00763,Analytics & Data,79
A00763,AI & ML,68
A00763,Security,76
A00763,Applications,56
A00763,Integration,54
A00764,Infrastructure,87
A00764,Database,79
A00764,Analytics & Data,62
A00764,AI & ML,84
A00764,Security,92
A00764,Applications,70
A00764,Integration,39
A00765,Infrastructure,77
A00765,Database,51
A00765,Analytics & Data,100
A00765,AI & ML,23
A00765,Security,68
A00765,Applications,91
A00765,Integration,81
A00766,Infrastructure,100
A00766,Database,88
A00766,Analytics & Data,98
A00766,AI & ML,97
A00766,Security,98
A00766,Applications,77
A00766,Integration,97
A00767,Infrastructure,61
A00767,Database,17
A00767,Analytics & Data,54
A00767,AI & ML,11
A00767,Security,46
A00767,Applications,42
A00767,Integration,29
A00768,Infrastructure,31
A00768,Database,59
A00768,Analytics & Data,55
A00768,AI & ML,25
A00768,Security,64
A00768,Applications,94
A00768,Integration,45
A00769,Infrastructure,92
A00769,Database,85
A00769,Analytics & Data,41
A00769,AI & ML,77
A00769,Security,90
A00769,Applications,90
A00769,Integration,99
A00770,Infrastructure,94
A00770,Database,21
A00770,Analytics & Data,91
A00770,AI & ML,69
A00770,Security,78
A00770,Applications,62
A00770,Integration,90
A00771,Infrastructure,32
A00771,Database,23
A00771,Analytics & Data,41
A00771,AI & ML,31
A00771,Security,48
A00771,Applications,10
A00771,Integration,47
A00772,Infrastructure,89
A00772,Database,12
A00772,Analytics & Data,66
A00772,AI & ML,67
A00772,Security,61
A00772,Applications,56
A00772,Integration,27
A00773,Infrastructure,70
A00773,Database,16
A00773,Analytics & Data,50
A00773,AI & ML,26
A00773,Security,38
A00773,Applications,35
A00773,Integration,15
A00774,Infrastructure,98
A00774,Database,79
A00774,Analytics & Data,48
A00774,AI & ML,100
A00774,Security,99
A00774,Applications,100
A00774,Integration,32
A00775,Infrastructure,69
A00775,Database,48
A00775,Analytics & Data,88
A00775,AI & ML,77
A00775,Security,80
A00775,Applications,86
A00775,Integration,76
A00776,Infrastructure,91
A00776,Database,72
A00776,Analytics & Data,99
A00776,AI & ML,93
A00776,Security,93
A00776,Applications,69
A00776,Integration,100
A00777,Infrastructure,99
A00777,Database,86
A00777,Analytics & Data,82
A00777,AI & ML,99
A00777,Security,76
A00777,Applications,82
A00777,Integration,53
A00778,Infrastructure,42
A00778,Database,70
A00778,Analytics & Data,87
A00778,AI & ML,63
A00778,Security,45
A00778,Applications,66
A00778,Integration,56
A00779,Infrastructure,24
A00779,Database,10
A00779,Analytics & Data,61
A00779,AI & ML,16
A00779,Security,49
A00779,Applications,37
A00779,Integration,33
A00780,Infrastructure,54
A00780,Database,27
A00780,Analytics & Data,30
A00780,AI & ML,29
A00780,Security,66
A00780,Applications,56
A00780,Integration,32
A00781,Infrastructure,64
A00781,Database,82
A00781,Analytics & Data,94
A00781,AI & ML,39
A00781,Security,87
A00781,Applications,47
A00781,Integration,97
A00782,Infrastructure,79
A00782,Database,46
A00782,Analytics & Data,91
A00782,AI & ML,76
A00782,Security,31
A00782,Applications,68
A00782,Integration,92
A00783,Infrastructure,69
A00783,Database,97
A00783,Analytics & Data,99
A00783,AI & ML,98
A00783,Security,90
A00783,Applications,91
A00783,Integration,66
A00784,Infrastructure,76
A00784,Database,99
A00784,Analytics & Data,97
A00784,AI & ML,21
A00784,Security,98
A00784,Applications,63
A00784,Integration,97
A00785,Infrastructure,57
A00785,Database,46
A00785,Analytics & Data,83
A00785,AI & ML,85
A00785,Security,65
A00785,Applications,52
A00785,Integration,50
A00786,Infrastructure,32
A00786,Database,50
A00786,Analytics & Data,55
A00786,AI & ML,31
A00786,Security,48
A00786,Applications,35
A00786,Integration,58
A00787,Infrastructure,69
A00787,Database,81
A00787,Analytics & Data,51
A00787,AI & ML,34
A00787,Security,28
A00787,Applications,25
A00787,Integration,56
A00788,Infrastructure,93
A00788,Database,79
A00788,Analytics & Data,92
A00788,AI & ML,64
A00788,Security,100
A00788,Applications,94
A00788,Integration,100
A00789,Infrastructure,64
A00789,Database,99
A00789,Analytics & Data,83
A00789,AI & ML,97
A00789,Security,97
A00789,Applications,92
A00789,Integration,97
A00790,Infrastructure,46
A00790,Database,25
A00790,Analytics & Data,19
A00790,AI & ML,63
A00790,Security,10
A00790,Applications,40
A00790,Integration,71
A00791,Infrastructure,92
A00791,Database,73
A00791,Analytics & Data,81
A00791,AI & ML,22
A00791,Security,85
A00791,Applications,48
A00791,Integration,76
A00792,Infrastructure,85
A00792,Database,100
A00792,Analytics & Data,99
A00792,AI & ML,13
A00792,Security,98
A00792,Applications,80
A00792,Integration,80
A00793,Infrastructure,21
A00793,Database,37
A00793,Analytics & Data,89
A00793,AI & ML,86
A00793,Security,37
A00793,Applications,57
A00793,Integration,85
A00794,Infrastructure,67
A00794,Database,78
A00794,Analytics & Data,45
A00794,AI & ML,26
A00794,Security,84
A00794,Applications,60
A00794,Integration,55
A00795,Infrastructure,58
A00795,Database,58
A00795,Analytics & Data,77
A00795,AI & ML,53
A00795,Security,65
A00795,Applications,77
A00795,Integration,65
A00796,Infrastructure,65
A00796,Database,89
A00796,Analytics & Data,84
A00796,AI & ML,77
A00796,Security,86
A00796,Applications,59
A00796,Integration,80
A00797,Infrastructure,88
A00797,Database,67
A00797,Analytics & Data,91
A00797,AI & ML,88
A00797,Security,84
A00797,Applications,99
A00797,Integration,73
A00798,Infrastructure,28
A00798,Database,86
A00798,Analytics & Data,48
A00798,AI & ML,62
A00798,Security,45
A00798,Applications,26
A00798,Integration,41
A00799,Infrastructure,15
A00799,Database,72
A00799,Analytics & Data,85
A00799,AI & ML,48
A00799,Security,59
A00799,Applications,68
A00799,Integration,48
A00800,Infrastructure,49
A00800,Database,69
A00800,Analytics & Data,81
A00800,AI & ML,94
A00800,Security,83
A00800,Applications,91
A00800,Integration,92
A00801,Infrastructure,25
A00801,Database,27
A00801,Analytics & Data,32
A00801,AI & ML,31
A00801,Security,34
A00801,Applications,40
A00801,Integration,16
A00802,Infrastructure,28
A00802,Database,39
A00802,Analytics & Data,66
A00802,AI & ML,10
A00802,Security,15
A00802,Applications,13
A00802,Integration,53
A00803,Infrastructure,62
A00803,Database,50
A00803,Analytics & Data,29
A00803,AI & ML,52
A00803,Security,62
A00803,Applications,62
A00803,Integration,65
A00804,Infrastructure,100
A00804,Database,78
A00804,Analytics & Data,89
A00804,AI & ML,81
A00804,Security,92
A00804,Applications,55
A00804,Integration,81
A00805,Infrastructure,100
A00805,Database,78
A00805,Analytics & Data,79
A00805,AI & ML,99
A00805,Security,83
A00805,Applications,99
A00805,Integration,78
A00806,Infrastructure,53
A00806,Database,62
A00806,Analytics & Data,59
A00806,AI & ML,84
A00806,Security,50
A00806,Applications,99
A00806,Integration,39
A00807,Infrastructure,90
A00807,Database,88
A00807,Analytics & Data,85
A00807,AI & ML,81
A00807,Security,72
A00807,Applications,90
A00807,Integration,100
A00808,Infrastructure,87
A00808,Database,90
A00808,Analytics & Data,51
A00808,AI & ML,90
A00808,Security,76
A00808,Applications,97
A00808,Integration,76
A00809,Infrastructure,42
A00809,Database,50
A00809,Analytics & Data,16
A00809,AI & ML,49
A00809,Security,37
A00809,Applications,37
A00809,Integration,10
A00810,Infrastructure,73
A00810,Database,69
A00810,Analytics & Data,99
A00810,AI & ML,89
A00810,Security,85
A00810,Applications,77
A00810,Integration,62
A00811,Infrastructure,21
A00811,Database,61
A00811,Analytics & Data,33
A00811,AI & ML,24
A00811,Security,28
A00811,Applications,20
A00811,Integration,47
A00812,Infrastructure,83
A00812,Database,92
A00812,Analytics & Data,92
A00812,AI & ML,63
A00812,Security,76
A00812,Applications,97
A00812,Integration,90
A00813,Infrastructure,78
A00813,Database,86
A00813,Analytics & Data,85
A00813,AI & ML,100
A00813,Security,99
A00813,Applications,82
A00813,Integration,85
A00814,Infrastructure,53
A00814,Database,86
A00814,Analytics & Data,68
A00814,AI & ML,56
A00814,Security,82
A00814,Applications,47
A00814,Integration,53
A00815,Infrastructure,31
A00815,Database,34
A00815,Analytics & Data,39
A00815,AI & ML,25
A00815,Security,47
A00815,Applications,30
A00815,Integration,37
A00816,Infrastructure,71
A00816,Database,86
A00816,Analytics & Data,81
A00816,AI & ML,85
A00816,Security,61
A00816,Applications,49
A00816,Integration,72
A00817,Infrastructure,100
A00817,Database,78
A00817,Analytics & Data,71
A00817,AI & ML,98
A00817,Security,77
A00817,Applications,81
A00817,Integration,94
A00818,Infrastructure,63
A00818,Database,34
A00818,Analytics & Data,54
A00818,AI & ML,16
A00818,Security,26
A00818,Applications,31
A00818,Integration,10
A00819,Infrastructure,61
A00819,Database,25
A00819,Analytics & Data,37
A00819,AI & ML,30
A00819,Security,50
A00819,Applications,27
A00819,Integration,92
A00820,Infrastructure,78
A00820,Database,98
A00820,Analytics & Data,42
A00820,AI & ML,99
A00820,Security,98
A00820,Applications,21
A00820,Integration,92
A00821,Infrastructure,93
A00821,Database,99
A00821,Analytics & Data,87
A00821,AI & ML,51
A00821,Security,93
A00821,Applications,88
A00821,Integration,97
A00822,Infrastructure,98
A00822,Database,89
A00822,Analytics & Data,83
A00822,AI & ML,94
A00822,Security,99
A00822,Applications,80
A00822,Integration,98
A00823,Infrastructure,47
A00823,Database,56
A00823,Analytics & Data,26
A00823,AI & ML,46
A00823,Security,49
A00823,Applications,67
A00823,Integration,50
A00824,Infrastructure,35
A00824,Database,69
A00824,Analytics & Data,33
A00824,AI & ML,73
A00824,Security,17
A00824,Applications,25
A00824,Integration,34
A00825,Infrastructure,54
A00825,Database,53
A00825,Analytics & Data,68
A00825,AI & ML,91
A00825,Security,54
A00825,Applications,89
A00825,Integration,100
A00826,Infrastructure,16
A00826,Database,28
A00826,Analytics & Data,68
A00826,AI & ML,29
A00826,Security,24
A00826,Applications,69
A00826,Integration,54
A00827,Infrastructure,19
A00827,Database,18
A00827,Analytics & Data,16
A00827,AI & ML,11
A00827,Security,18
A00827,Applications,12
A00827,Integration,73
A00828,Infrastructure,57
A00828,Database,53
A00828,Analytics & Data,52
A00828,AI & ML,57
A00828,Security,66
A00828,Applications,79
A00828,Integration,70
A00829,Infrastructure,54
A00829,Database,69
A00829,Analytics & Data,80
A00829,AI & ML,79
A00829,Security,89
A00829,Applications,92
A00829,Integration,99
A00830,Infrastructure,52
A00830,Database,98
A00830,Analytics & Data,94
A00830,AI & ML,99
A00830,Security,98
A00830,Applications,99
A00830,Integration,86
A00831,Infrastructure,72
A00831,Database,84
A00831,Analytics & Data,30
A00831,AI & ML,77
A00831,Security,70
A00831,Applications,45
A00831,Integration,61
A00832,Infrastructure,98
A00832,Database,81
A00832,Analytics & Data,91
A00832,AI & ML,85
A00832,Security,41
A00832,Applications,100
A00832,Integration,93
A00833,Infrastructure,33
A00833,Database,87
A00833,Analytics & Data,70
A00833,AI & ML,55
A00833,Security,84
A00833,Applications,82
A00833,Integration,84
A00834,Infrastructure,16
A00834,Database,45
A00834,Analytics & Data,13
A00834,AI & ML,32
A00834,Security,45
A00834,Applications,54
A00834,Integration,56
A00835,Infrastructure,50
A00835,Database,71
A00835,Analytics & Data,35
A00835,AI & ML,29
A00835,Security,19
A00835,Applications,40
A00835,Integration,35
A00836,Infrastructure,35
A00836,Database,65
A00836,Analytics & Data,93
A00836,AI & ML,54
A00836,Security,52
A00836,Applications,51
A00836,Integration,92
A00837,Infrastructure,41
A00837,Database,70
A00837,Analytics & Data,61
A00837,AI & ML,67
A00837,Security,53
A00837,Applications,89
A00837,Integration,47
A00838,Infrastructure,81
A00838,Database,87
A00838,Analytics & Data,77
A00838,AI & ML,42
A00838,Security,87
A00838,Applications,63
A00838,Integration,22
A00839,Infrastructure,98
A00839,Database,94
A00839,Analytics & Data,99
A00839,AI & ML,86
A00839,Security,82
A00839,Applications,94
A00839,Integration,80
A00840,Infrastructure,90
A00840,Database,78
A00840,Analytics & Data,19
A00840,AI & ML,66
A00840,Security,85
A00840,Applications,45
A00840,Integration,18
A00841,Infrastructure,58
A00841,Database,65
A00841,Analytics & Data,65
A00841,AI & ML,87
A00841,Security,65
A00841,Applications,15
A00841,Integration,89
A00842,Infrastructure,97
A00842,Database,99
A00842,Analytics & Data,98
A00842,AI & ML,91
A00842,Security,88
A00842,Applications,98
A00842,Integration,97
A00843,Infrastructure,87
A00843,Database,99
A00843,Analytics & Data,56
A00843,AI & ML,98
A00843,Security,99
A00843,Applications,99
A00843,Integration,76
A00844,Infrastructure,67
A00844,Database,83
A00844,Analytics & Data,87
A00844,AI & ML,98
A00844,Security,63
A00844,Applications,100
A00844,Integration,94
A00845,Infrastructure,59
A00845,Database,94
A00845,Analytics & Data,94
A00845,AI & ML,83
A00845,Security,99
A00845,Applications,76
A00845,Integration,98
A00846,Infrastructure,67
A00846,Database,85
A00846,Analytics & Data,35
A00846,AI & ML,77
A00846,Security,64
A00846,Applications,71
A00846,Integration,70
A00847,Infrastructure,85
A00847,Database,67
A00847,Analytics & Data,85
A00847,AI & ML,71
A00847,Security,87
A00847,Applications,93
A00847,Integration,89
A00848,Infrastructure,80
A00848,Database,88
A00848,Analytics & Data,84
A00848,AI & ML,47
A00848,Security,55
A00848,Applications,38
A00848,Integration,63
A00849,Infrastructure,46
A00849,Database,99
A00849,Analytics & Data,67
A00849,AI & ML,67
A00849,Security,81
A00849,Applications,81
A00849,Integration,98
A00850,Infrastructure,41
A00850,Database,15
A00850,Analytics & Data,35
A00850,AI & ML,15
A00850,Security,57
A00850,Applications,32
A00850,Integration,25
A00851,Infrastructure,38
A00851,Database,27
A00851,Analytics & Data,23
A00851,AI & ML,39
A00851,Security,60
A00851,Applications,29
A00851,Integration,65
A00852,Infrastructure,34
A00852,Database,32
A00852,Analytics & Data,20
A00852,AI & ML,73
A00852,Security,20
A00852,Applications,13
A00852,Integration,56
A00853,Infrastructure,88
A00853,Database,76
A00853,Analytics & Data,85
A00853,AI & ML,97
A00853,Security,77
A00853,Applications,99
A00853,Integration,34
A00854,Infrastructure,78
A00854,Database,92
A00854,Analytics & Data,78
A00854,AI & ML,87
A00854,Security,14
A00854,Applications,98
A00854,Integration,82
A00855,Infrastructure,46
A00855,Database,91
A00855,Analytics & Data,88
A00855,AI & ML,94
A00855,Security,100
A00855,Applications,47
A00855,Integration,93
A00856,Infrastructure,99
A00856,Database,89
A00856,Analytics & Data,84
A00856,AI & ML,80
A00856,Security,88
A00856,Applications,99
A00856,Integration,77
A00857,Infrastructure,46
A00857,Database,32
A00857,Analytics & Data,53
A00857,AI & ML,46
A00857,Security,26
A00857,Applications,69
A00857,Integration,57
A00858,Infrastructure,62
A00858,Database,27
A00858,Analytics & Data,98
A00858,AI & ML,68
A00858,Security,97
A00858,Applications,98
A00858,Integration,97
A00859,Infrastructure,29
A00859,Database,98
A00859,Analytics & Data,98
A00859,AI & ML,98
A00859,Security,81
A00859,Applications,68
A00859,Integration,98
A00860,Infrastructure,60
A00860,Database,87
A00860,Analytics & Data,17
A00860,AI & ML,22
A00860,Security,30
A00860,Applications,68
A00860,Integration,33
A00861,Infrastructure,77
A00861,Database,91
A00861,Analytics & Data,28
A00861,AI & ML,85
A00861,Security,100
A00861,Applications,77
A00861,Integration,56
A00862,Infrastructure,12
A00862,Database,13
A00862,Analytics & Data,49
A00862,AI & ML,41
A00862,Security,38
A00862,Applications,16
A00862,Integration,19
A00863,Infrastructure,16
A00863,Database,32
A00863,Analytics & Data,76
A00863,AI & ML,61
A00863,Security,37
A00863,Applications,29
A00863,Integration,30
A00864,Infrastructure,86
A00864,Database,67
A00864,Analytics & Data,40
A00864,AI & ML,100
A00864,Security,68
A00864,Applications,92
A00864,Integration,99
A00865,Infrastructure,73
A00865,Database,26
A00865,Analytics & Data,63
A00865,AI & ML,11
A00865,Security,15
A00865,Applications,25
A00865,Integration,66
A00866,Infrastructure,36
A00866,Database,79
A00866,Analytics & Data,94
A00866,AI & ML,90
A00866,Security,80
A00866,Applications,89
A00866,Integration,80
A00867,Infrastructure,58
A00867,Database,24
A00867,Analytics & Data,36
A00867,AI & ML,28
A00867,Security,26
A00867,Applications,33
A00867,Integration,58
A00868,Infrastructure,32
A00868,Database,99
A00868,Analytics & Data,65
A00868,AI & ML,85
A00868,Security,58
A00868,Applications,54
A00868,Integration,90
A00869,Infrastructure,50
A00869,Database,84
A00869,Analytics & Data,64
A00869,AI & ML,76
A00869,Security,27
A00869,Applications,76
A00869,Integration,42
A00870,Infrastructure,73
A00870,Database,55
A00870,Analytics & Data,64
A00870,AI & ML,70
A00870,Security,82
A00870,Applications,69
A00870,Integration,77
A00871,Infrastructure,16
A00871,Database,49
A00871,Analytics & Data,72
A00871,AI & ML,23
A00871,Security,11
A00871,Applications,77
A00871,Integration,62
A00872,Infrastructure,45
A00872,Database,51
A00872,Analytics & Data,42
A00872,AI & ML,40
A00872,Security,72
A00872,Applications,68
A00872,Integration,49
A00873,Infrastructure,20
A00873,Database,28
A00873,Analytics & Data,48
A00873,AI & ML,63
A00873,Security,61
A00873,Applications,69
A00873,Integration,49
A00874,Infrastructure,84
A00874,Database,78
A00874,Analytics & Data,80
A00874,AI & ML,89
A00874,Security,80
A00874,Applications,60
A00874,Integration,67
A00875,Infrastructure,97
A00875,Database,60
A00875,Analytics & Data,100
A00875,AI & ML,85
A00875,Security,87
A00875,Applications,99
A00875,Integration,97
A00876,Infrastructure,40
A00876,Database,54
A00876,Analytics & Data,36
A00876,AI & ML,33
A00876,Security,36
A00876,Applications,45
A00876,Integration,24
A00877,Infrastructure,76
A00877,Database,77
A00877,Analytics & Data,100
A00877,AI & ML,90
A00877,Security,89
A00877,Applications,85
A00877,Integration,84
A00878,Infrastructure,100
A00878,Database,97
A00878,Analytics & Data,100
A00878,AI & ML,99
A00878,Security,84
A00878,Applications,98
A00878,Integration,98
A00879,Infrastructure,81
A00879,Database,97
A00879,Analytics & Data,98
A00879,AI & ML,82
A00879,Security,83
A00879,Applications,99
A00879,Integration,98
A00880,Infrastructure,67
A00880,Database,52
A00880,Analytics & Data,84
A00880,AI & ML,91
A00880,Security,52
A00880,Applications,70
A00880,Integration,56
A00881,Infrastructure,76
A00881,Database,65
A00881,Analytics & Data,60
A00881,AI & ML,48
A00881,Security,94
A00881,Applications,77
A00881,Integration,13
A00882,Infrastructure,65
A00882,Database,42
A00882,Analytics & Data,71
A00882,AI & ML,51
A00882,Security,60
A00882,Applications,80
A00882,Integration,47
A00883,Infrastructure,97
A00883,Database,98
A00883,Analytics & Data,92
A00883,AI & ML,66
A00883,Security,98
A00883,Applications,97
A00883,Integration,97
A00884,Infrastructure,52
A00884,Database,67
A00884,Analytics & Data,13
A00884,AI & ML,37
A00884,Security,63
A00884,Applications,65
A00884,Integration,48
A00885,Infrastructure,34
A00885,Database,59
A00885,Analytics & Data,48
A00885,AI & ML,83
A00885,Security,33
A00885,Applications,56
A00885,Integration,93
A00886,Infrastructure,76
A00886,Database,58
A00886,Analytics & Data,45
A00886,AI & ML,50
A00886,Security,94
A00886,Applications,28
A00886,Integration,42
A00887,Infrastructure,89
A00887,Database,62
A00887,Analytics & Data,86
A00887,AI & ML,97
A00887,Security,87
A00887,Applications,73
A00887,Integration,85
A00888,Infrastructure,99
A00888,Database,79
A00888,Analytics & Data,84
A00888,AI & ML,89
A00888,Security,49
A00888,Applications,63
A00888,Integration,89
A00889,Infrastructure,85
A00889,Database,81
A00889,Analytics & Data,78
A00889,AI & ML,92
A00889,Security,69
A00889,Applications,99
A00889,Integration,92
A00890,Infrastructure,15
A00890,Database,12
A00890,Analytics & Data,52
A00890,AI & ML,76
A00890,Security,86
A00890,Applications,59
A00890,Integration,11
A00891,Infrastructure,93
A00891,Database,47
A00891,Analytics & Data,83
A00891,AI & ML,100
A00891,Security,79
A00891,Applications,14
A00891,Integration,73
A00892,Infrastructure,62
A00892,Database,73
A00892,Analytics & Data,15
A00892,AI & ML,57
A00892,Security,35
A00892,Applications,15
A00892,Integration,18
A00893,Infrastructure,97
A00893,Database,93
A00893,Analytics & Data,97
A00893,AI & ML,98
A00893,Security,91
A00893,Applications,98
A00893,Integration,88
A00894,Infrastructure,62
A00894,Database,52
A00894,Analytics & Data,85
A00894,AI & ML,89
A00894,Security,22
A00894,Applications,53
A00894,Integration,51
A00895,Infrastructure,25
A00895,Database,51
A00895,Analytics & Data,48
A00895,AI & ML,97
A00895,Security,94
A00895,Applications,73
A00895,Integration,63
A00896,Infrastructure,94
A00896,Database,98
A00896,Analytics & Data,100
A00896,AI & ML,100
A00896,Security,100
A00896,Applications,98
A00896,Integration,71
A00897,Infrastructure,38
A00897,Database,92
A00897,Analytics & Data,63
A00897,AI & ML,50
A00897,Security,67
A00897,Applications,58
A00897,Integration,49
A00898,Infrastructure,91
A00898,Database,84
A00898,Analytics & Data,57
A00898,AI & ML,93
A00898,Security,97
A00898,Applications,89
A00898,Integration,88
A00899,Infrastructure,78
A00899,Database,31
A00899,Analytics & Data,97
A00899,AI & ML,51
A00899,Security,62
A00899,Applications,62
A00899,Integration,65
A00900,Infrastructure,97
A00900,Database,40
A00900,Analytics & Data,81
A00900,AI & ML,89
A00900,Security,55
A00900,Applications,94
A00900,Integration,94
A00901,Infrastructure,41
A00901,Database,22
A00901,Analytics & Data,36
A00901,AI & ML,20
A00901,Security,91
A00901,Applications,15
A00901,Integration,81
A00902,Infrastructure,84
A00902,Database,98
A00902,Analytics & Data,98
A00902,AI & ML,54
A00902,Security,98
A00902,Applications,58
A00902,Integration,77
A00903,Infrastructure,94
A00903,Database,85
A00903,Analytics & Data,61
A00903,AI & ML,86
A00903,Security,55
A00903,Applications,94
A00903,Integration,81
A00904,Infrastructure,25
A00904,Database,54
A00904,Analytics & Data,53
A00904,AI & ML,18
A00904,Security,70
A00904,Applications,41
A00904,Integration,70
A00905,Infrastructure,31
A00905,Database,24
A00905,Analytics & Data,32
A00905,AI & ML,17
A00905,Security,63
A00905,Applications,20
A00905,Integration,30
A00906,Infrastructure,76
A00906,Database,98
A00906,Analytics & Data,59
A00906,AI & ML,92
A00906,Security,77
A00906,Applications,98
A00906,Integration,89
A00907,Infrastructure,47
A00907,Database,64
A00907,Analytics & Data,84
A00907,AI & ML,51
A00907,Security,25
A00907,Applications,56
A00907,Integration,54
A00908,Infrastructure,85
A00908,Database,91
A00908,Analytics & Data,98
A00908,AI & ML,99
A00908,Security,82
A00908,Applications,98
A00908,Integration,26
A00909,Infrastructure,98
A00909,Database,99
A00909,Analytics & Data,63
A00909,AI & ML,98
A00909,Security,82
A00909,Applications,91
A00909,Integration,98
A00910,Infrastructure,97
A00910,Database,85
A00910,Analytics & Data,98
A00910,AI & ML,100
A00910,Security,100
A00910,Applications,99
A00910,Integration,87
A00911,Infrastructure,15
A00911,Database,18
A00911,Analytics & Data,31
A00911,AI & ML,18
A00911,Security,27
A00911,Applications,63
A00911,Integration,63
A00912,Infrastructure,68
A00912,Database,72
A00912,Analytics & Data,80
A00912,AI & ML,34
A00912,Security,46
A00912,Applications,93
A00912,Integration,29
A00913,Infrastructure,98
A00913,Database,97
A00913,Analytics & Data,85
A00913,AI & ML,82
A00913,Security,99
A00913,Applications,99
A00913,Integration,98
A00914,Infrastructure,100
A00914,Database,91
A00914,Analytics & Data,76
A00914,AI & ML,100
A00914,Security,87
A00914,Applications,80
A00914,Integration,79
A00915,Infrastructure,88
A00915,Database,80
A00915,Analytics & Data,92
A00915,AI & ML,100
A00915,Security,98
A00915,Applications,86
A00915,Integration,99
A00916,Infrastructure,98
A00916,Database,55
A00916,Analytics & Data,97
A00916,AI & ML,97
A00916,Security,83
A00916,Applications,99
A00916,Integration,97
A00917,Infrastructure,72
A00917,Database,82
A00917,Analytics & Data,53
A00917,AI & ML,82
A00917,Security,81
A00917,Applications,89
A00917,Integration,92
A00918,Infrastructure,83
A00918,Database,78
A00918,Analytics & Data,100
A00918,AI & ML,99
A00918,Security,88
A00918,Applications,100
A00918,Integration,84
A00919,Infrastructure,92
A00919,Database,90
A00919,Analytics & Data,81
A00919,AI & ML,91
A00919,Security,85
A00919,Applications,93
A00919,Integration,99
A00920,Infrastructure,55
A00920,Database,66
A00920,Analytics & Data,13
A00920,AI & ML,21
A00920,Security,57
A00920,Applications,97
A00920,Integration,51
A00921,Infrastructure,38
A00921,Database,60
A00921,Analytics & Data,78
A00921,AI & ML,93
A00921,Security,19
A00921,Applications,26
A00921,Integration,89
A00922,Infrastructure,10
A00922,Database,65
A00922,Analytics & Data,63
A00922,AI & ML,67
A00922,Security,94
A00922,Applications,73
A00922,Integration,100
A00923,Infrastructure,78
A00923,Database,87
A00923,Analytics & Data,97
A00923,AI & ML,80
A00923,Security,82
A00923,Applications,64
A00923,Integration,83
A00924,Infrastructure,22
A00924,Database,71
A00924,Analytics & Data,38
A00924,AI & ML,72
A00924,Security,19
A00924,Applications,31
A00924,Integration,14
A00925,Infrastructure,48
A00925,Database,79
A00925,Analytics & Data,54
A00925,AI & ML,45
A00925,Security,66
A00925,Applications,53
A00925,Integration,91
A00926,Infrastructure,99
A00926,Database,87
A00926,Analytics & Data,100
A00926,AI & ML,100
A00926,Security,100
A00926,Applications,100
A00926,Integration,99
A00927,Infrastructure,57
A00927,Database,98
A00927,Analytics & Data,97
A00927,AI & ML,64
A00927,Security,66
A00927,Applications,89
A00927,Integration,90
A00928,Infrastructure,87
A00928,Database,94
A00928,Analytics & Data,93
A00928,AI & ML,98
A00928,Security,79
A00928,Applications,87
A00928,Integration,92
A00929,Infrastructure,33
A00929,Database,48
A00929,Analytics & Data,16
A00929,AI & ML,24
A00929,Security,16
A00929,Applications,35
A00929,Integration,69
A00930,Infrastructure,37
A00930,Database,34
A00930,Analytics & Data,26
A00930,AI & ML,67
A00930,Security,49
A00930,Applications,67
A00930,Integration,54
A00931,Infrastructure,98
A00931,Database,48
A00931,Analytics & Data,51
A00931,AI & ML,97
A00931,Security,89
A00931,Applications,98
A00931,Integration,88
A00932,Infrastructure,98
A00932,Database,85
A00932,Analytics & Data,88
A00932,AI & ML,100
A00932,Security,81
A00932,Applications,76
A00932,Integration,48
A00933,Infrastructure,88
A00933,Database,13
A00933,Analytics & Data,65
A00933,AI & ML,39
A00933,Security,100
A00933,Applications,83
A00933,Integration,85
A00934,Infrastructure,20
A00934,Database,13
A00934,Analytics & Data,45
A00934,AI & ML,64
A00934,Security,52
A00934,Applications,69
A00934,Integration,64
A00935,Infrastructure,52
A00935,Database,83
A00935,Analytics & Data,100
A00935,AI & ML,100
A00935,Security,98
A00935,Applications,83
A00935,Integration,38
A00936,Infrastructure,17
A00936,Database,24
A00936,Analytics & Data,42
A00936,AI & ML,59
A00936,Security,39
A00936,Applications,60
A00936,Integration,40
A00937,Infrastructure,49
A00937,Database,93
A00937,Analytics & Data,46
A00937,AI & ML,67
A00937,Security,31
A00937,Applications,52
A00937,Integration,46
A00938,Infrastructure,99
A00938,Database,97
A00938,Analytics & Data,98
A00938,AI & ML,97
A00938,Security,100
A00938,Applications,99
A00938,Integration,98
A00939,Infrastructure,98
A00939,Database,81
A00939,Analytics & Data,76
A00939,AI & ML,93
A00939,Security,57
A00939,Applications,93
A00939,Integration,68
A00940,Infrastructure,98
A00940,Database,100
A00940,Analytics & Data,36
A00940,AI & ML,77
A00940,Security,84
A00940,Applications,78
A00940,Integration,82
A00941,Infrastructure,87
A00941,Database,88
A00941,Analytics & Data,97
A00941,AI & ML,97
A00941,Security,55
A00941,Applications,99
A00941,Integration,87
A00942,Infrastructure,98
A00942,Database,49
A00942,Analytics & Data,78
A00942,AI & ML,83
A00942,Security,99
A00942,Applications,99
A00942,Integration,81
A00943,Infrastructure,45
A00943,Database,76
A00943,Analytics & Data,78
A00943,AI & ML,76
A00943,Security,27
A00943,Applications,84
A00943,Integration,81
A00944,Infrastructure,72
A00944,Database,100
A00944,Analytics & Data,81
A00944,AI & ML,85
A00944,Security,98
A00944,Applications,88
A00944,Integration,80
A00945,Infrastructure,84
A00945,Database,57
A00945,Analytics & Data,94
A00945,AI & ML,94
A00945,Security,86
A00945,Applications,81
A00945,Integration,85
A00946,Infrastructure,99
A00946,Database,71
A00946,Analytics & Data,97
A00946,AI & ML,98
A00946,Security,79
A00946,Applications,97
A00946,Integration,99
A00947,Infrastructure,99
A00947,Database,64
A00947,Analytics & Data,82
A00947,AI & ML,59
A00947,Security,54
A00947,Applications,90
A00947,Integration,67
A00948,Infrastructure,92
A00948,Database,79
A00948,Analytics & Data,66
A00948,AI & ML,100
A00948,Security,100
A00948,Applications,66
A00948,Integration,99
A00949,Infrastructure,97
A00949,Database,53
A00949,Analytics & Data,79
A00949,AI & ML,46
A00949,Security,79
A00949,Applications,99
A00949,Integration,99
A00950,Infrastructure,99
A00950,Database,89
A00950,Analytics & Data,63
A00950,AI & ML,86
A00950,Security,77
A00950,Applications,99
A00950,Integration,54
A00951,Infrastructure,18
A00951,Database,38
A00951,Analytics & Data,57
A00951,AI & ML,45
A00951,Security,54
A00951,Applications,79
A00951,Integration,82
A00952,Infrastructure,14
A00952,Database,47
A00952,Analytics & Data,58
A00952,AI & ML,34
A00952,Security,41
A00952,Applications,66
A00952,Integration,61
A00953,Infrastructure,13
A00953,Database,65
A00953,Analytics & Data,64
A00953,AI & ML,71
A00953,Security,10
A00953,Applications,72
A00953,Integration,55
A00954,Infrastructure,64
A00954,Database,87
A00954,Analytics & Data,99
A00954,AI & ML,77
A00954,Security,86
A00954,Applications,100
A00954,Integration,68
A00955,Infrastructure,91
A00955,Database,79
A00955,Analytics & Data,85
A00955,AI & ML,65
A00955,Security,83
A00955,Applications,99
A00955,Integration,99
A00956,Infrastructure,67
A00956,Database,42
A00956,Analytics & Data,64
A00956,AI & ML,18
A00956,Security,60
A00956,Applications,36
A00956,Integration,23
A00957,Infrastructure,58
A00957,Database,49
A00957,Analytics & Data,31
A00957,AI & ML,14
A00957,Security,53
A00957,Applications,12
A00957,Integration,12
A00958,Infrastructure,97
A00958,Database,99
A00958,Analytics & Data,93
A00958,AI & ML,83
A00958,Security,83
A00958,Applications,83
A00958,Integration,21
A00959,Infrastructure,47
A00959,Database,70
A00959,Analytics & Data,77
A00959,AI & ML,71
A00959,Security,78
A00959,Applications,59
A00959,Integration,52
A00960,Infrastructure,15
A00960,Database,28
A00960,Analytics & Data,38
A00960,AI & ML,16
A00960,Security,69
A00960,Applications,61
A00960,Integration,52
A00961,Infrastructure,46
A00961,Database,19
A00961,Analytics & Data,69
A00961,AI & ML,89
A00961,Security,100
A00961,Applications,98
A00961,Integration,94
A00962,Infrastructure,82
A00962,Database,28
A00962,Analytics & Data,97
A00962,AI & ML,99
A00962,Security,97
A00962,Applications,60
A00962,Integration,98
A00963,Infrastructure,94
A00963,Database,83
A00963,Analytics & Data,86
A00963,AI & ML,82
A00963,Security,100
A00963,Applications,16
A00963,Integration,89
A00964,Infrastructure,78
A00964,Database,59
A00964,Analytics & Data,55
A00964,AI & ML,92
A00964,Security,47
A00964,Applications,62
A00964,Integration,70
A00965,Infrastructure,87
A00965,Database,67
A00965,Analytics & Data,68
A00965,AI & ML,53
A00965,Security,79
A00965,Applications,83
A00965,Integration,38
A00966,Infrastructure,76
A00966,Database,76
A00966,Analytics & Data,62
A00966,AI & ML,46
A00966,Security,32
A00966,Applications,65
A00966,Integration,26
A00967,Infrastructure,97
A00967,Database,93
A00967,Analytics & Data,78
A00967,AI & ML,91
A00967,Security,88
A00967,Applications,62
A00967,Integration,94
A00968,Infrastructure,80
A00968,Database,97
A00968,Analytics & Data,77
A00968,AI & ML,100
A00968,Security,88
A00968,Applications,97
A00968,Integration,100
A00969,Infrastructure,27
A00969,Database,39
A00969,Analytics & Data,72
A00969,AI & ML,28
A00969,Security,11
A00969,Applications,66
A00969,Integration,58
A00970,Infrastructure,41
A00970,Database,28
A00970,Analytics & Data,10
A00970,AI & ML,35
A00970,Security,14
A00970,Applications,36
A00970,Integration,32
A00971,Infrastructure,61
A00971,Database,92
A00971,Analytics & Data,69
A00971,AI & ML,80
A00971,Security,55
A00971,Applications,92
A00971,Integration,89
A00972,Infrastructure,97
A00972,Database,98
A00972,Analytics & Data,99
A00972,AI & ML,48
A00972,Security,98
A00972,Applications,50
A00972,Integration,94
A00973,Infrastructure,14
A00973,Database,47
A00973,Analytics & Data,16
A00973,AI & ML,14
A00973,Security,53
A00973,Applications,90
A00973,Integration,36
A00974,Infrastructure,51
A00974,Database,24
A00974,Analytics & Data,16
A00974,AI & ML,88
A00974,Security,29
A00974,Applications,37
A00974,Integration,67
A00975,Infrastructure,33
A00975,Database,21
A00975,Analytics & Data,70
A00975,AI & ML,32
A00975,Security,20
A00975,Applications,40
A00975,Integration,65
A00976,Infrastructure,46
A00976,Database,45
A00976,Analytics & Data,52
A00976,AI & ML,48
A00976,Security,71
A00976,Applications,26
A00976,Integration,36
A00977,Infrastructure,89
A00977,Database,76
A00977,Analytics & Data,97
A00977,AI & ML,11
A00977,Security,100
A00977,Applications,83
A00977,Integration,91
A00978,Infrastructure,51
A00978,Database,62
A00978,Analytics & Data,84
A00978,AI & ML,60
A00978,Security,29
A00978,Applications,53
A00978,Integration,49
A00979,Infrastructure,100
A00979,Database,73
A00979,Analytics & Data,84
A00979,AI & ML,73
A00979,Security,99
A00979,Applications,98
A00979,Integration,100
A00980,Infrastructure,94
A00980,Database,73
A00980,Analytics & Data,52
A00980,AI & ML,78
A00980,Security,98
A00980,Applications,50
A00980,Integration,72
A00981,Infrastructure,93
A00981,Database,55
A00981,Analytics & Data,77
A00981,AI & ML,85
A00981,Security,66
A00981,Applications,71
A00981,Integration,16
A00982,Infrastructure,86
A00982,Database,98
A00982,Analytics & Data,76
A00982,AI & ML,61
A00982,Security,17
A00982,Applications,97
A00982,Integration,92
A00983,Infrastructure,99
A00983,Database,99
A00983,Analytics & Data,98
A00983,AI & ML,100
A00983,Security,99
A00983,Applications,100
A00983,Integration,100
A00984,Infrastructure,62
A00984,Database,65
A00984,Analytics & Data,16
A00984,AI & ML,47
A00984,Security,59
A00984,Applications,12
A00984,Integration,89
A00985,Infrastructure,70
A00985,Database,98
A00985,Analytics & Data,94
A00985,AI & ML,100
A00985,Security,98
A00985,Applications,98
A00985,Integration,94
A00986,Infrastructure,57
A00986,Database,91
A00986,Analytics & Data,99
A00986,AI & ML,82
A00986,Security,98
A00986,Applications,82
A00986,Integration,83
A00987,Infrastructure,82
A00987,Database,49
A00987,Analytics & Data,62
A00987,AI & ML,54
A00987,Security,32
A00987,Applications,81
A00987,Integration,49
A00988,Infrastructure,45
A00988,Database,52
A00988,Analytics & Data,35
A00988,AI & ML,63
A00988,Security,58
A00988,Applications,28
A00988,Integration,93
A00989,Infrastructure,63
A00989,Database,93
A00989,Analytics & Data,98
A00989,AI & ML,94
A00989,Security,73
A00989,Applications,97
A00989,Integration,86
A00990,Infrastructure,29
A00990,Database,23
A00990,Analytics & Data,78
A00990,AI & ML,23
A00990,Security,41
A00990,Applications,23
A00990,Integration,18
A00991,Infrastructure,70
A00991,Database,66
A00991,Analytics & Data,77
A00991,AI & ML,47
A00991,Security,69
A00991,Applications,11
A00991,Integration,70
A00992,Infrastructure,97
A00992,Database,48
A00992,Analytics & Data,84
A00992,AI & ML,10
A00992,Security,93
A00992,Applications,98
A00992,Integration,58
A00993,Infrastructure,92
A00993,Database,89
A00993,Analytics & Data,53
A00993,AI & ML,77
A00993,Security,39
A00993,Applications,83
A00993,Integration,99
A00994,Infrastructure,20
A00994,Database,36
A00994,Analytics & Data,29
A00994,AI & ML,12
A00994,Security,12
A00994,Applications,21
A00994,Integration,20
A00995,Infrastructure,82
A00995,Database,98
A00995,Analytics & Data,31
A00995,AI & ML,79
A00995,Security,13
A00995,Applications,78
A00995,Integration,69
A00996,Infrastructure,100
A00996,Database,97
A00996,Analytics & Data,78
A00996,AI & ML,100
A00996,Security,59
A00996,Applications,99
A00996,Integration,98
A00997,Infrastructure,30
A00997,Database,51
A00997,Analytics & Data,26
A00997,AI & ML,65
A00997,Security,56
A00997,Applications,32
A00997,Integration,18
A00998,Infrastructure,40
A00998,Database,20
A00998,Analytics & Data,86
A00998,AI & ML,30
A00998,Security,59
A00998,Applications,13
A00998,Integration,12
A00999,Infrastructure,84
A00999,Database,76
A00999,Analytics & Data,52
A00999,AI & ML,92
A00999,Security,76
A00999,Applications,66
A00999,Integration,71
A01000,Infrastructure,84
A01000,Database,87
A01000,Analytics & Data,25
A01000,AI & ML,79
A01000,Security,85
A01000,Applications,10
A01000,Integration,58
A01001,Infrastructure,97
A01001,Database,99
A01001,Analytics & Data,99
A01001,AI & ML,99
A01001,Security,98
A01001,Applications,98
A01001,Integration,98
A01002,Infrastructure,24
A01002,Database,80
A01002,Analytics & Data,78
A01002,AI & ML,38
A01002,Security,62
A01002,Applications,60
A01002,Integration,51
A01003,Infrastructure,97
A01003,Database,97
A01003,Analytics & Data,47
A01003,AI & ML,97
A01003,Security,97
A01003,Applications,87
A01003,Integration,98
A01004,Infrastructure,32
A01004,Database,33
A01004,Analytics & Data,11
A01004,AI & ML,73
A01004,Security,22
A01004,Applications,16
A01004,Integration,13
A01005,Infrastructure,55
A01005,Database,56
A01005,Analytics & Data,54
A01005,AI & ML,42
A01005,Security,77
A01005,Applications,33
A01005,Integration,12
A01006,Infrastructure,41
A01006,Database,11
A01006,Analytics & Data,35
A01006,AI & ML,61
A01006,Security,17
A01006,Applications,39
A01006,Integration,26
A01007,Infrastructure,97
A01007,Database,84
A01007,Analytics & Data,98
A01007,AI & ML,97
A01007,Security,83
A01007,Applications,53
A01007,Integration,82
A01008,Infrastructure,47
A01008,Database,22
A01008,Analytics & Data,32
A01008,AI & ML,11
A01008,Security,36
A01008,Applications,34
A01008,Integration,63
A01009,Infrastructure,84
A01009,Database,78
A01009,Analytics & Data,57
A01009,AI & ML,42
A01009,Security,83
A01009,Applications,99
A01009,Integration,93
A01010,Infrastructure,76
A01010,Database,92
A01010,Analytics & Data,37
A01010,AI & ML,77
A01010,Security,76
A01010,Applications,91
A01010,Integration,56
A01011,Infrastructure,26
A01011,Database,26
A01011,Analytics & Data,65
A01011,AI & ML,68
A01011,Security,40
A01011,Applications,33
A01011,Integration,34
A01012,Infrastructure,68
A01012,Database,65
A01012,Analytics & Data,83
A01012,AI & ML,57
A01012,Security,59
A01012,Applications,40
A01012,Integration,89
A01013,Infrastructure,70
A01013,Database,82
A01013,Analytics & Data,98
A01013,AI & ML,99
A01013,Security,79
A01013,Applications,92
A01013,Integration,78
A01014,Infrastructure,66
A01014,Database,79
A01014,Analytics & Data,30
A01014,AI & ML,22
A01014,Security,11
A01014,Applications,23
A01014,Integration,68
A01015,Infrastructure,82
A01015,Database,64
A01015,Analytics & Data,92
A01015,AI & ML,78
A01015,Security,58
A01015,Applications,26
A01015,Integration,93
A01016,Infrastructure,94
A01016,Database,56
A01016,Analytics & Data,46
A01016,AI & ML,56
A01016,Security,51
A01016,Applications,83
A01016,Integration,58
A01017,Infrastructure,99
A01017,Database,98
A01017,Analytics & Data,35
A01017,AI & ML,90
A01017,Security,97
A01017,Applications,98
A01017,Integration,71
A01018,Infrastructure,100
A01018,Database,98
A01018,Analytics & Data,86
A01018,AI & ML,98
A01018,Security,97
A01018,Applications,98
A01018,Integration,97
A01019,Infrastructure,17
A01019,Database,83
A01019,Analytics & Data,31
A01019,AI & ML,59
A01019,Security,31
A01019,Applications,64
A01019,Integration,19
A01020,Infrastructure,54
A01020,Database,87
A01020,Analytics & Data,54
A01020,AI & ML,46
A01020,Security,92
A01020,Applications,84
A01020,Integration,93
A01021,Infrastructure,61
A01021,Database,42
A01021,Analytics & Data,93
A01021,AI & ML,99
A01021,Security,48
A01021,Applications,49
A01021,Integration,45
A01022,Infrastructure,26
A01022,Database,93
A01022,Analytics & Data,78
A01022,AI & ML,99
A01022,Security,98
A01022,Applications,41
A01022,Integration,90
A01023,Infrastructure,77
A01023,Database,97
A01023,Analytics & Data,86
A01023,AI & ML,86
A01023,Security,92
A01023,Applications,97
A01023,Integration,86
A01024,Infrastructure,99
A01024,Database,97
A01024,Analytics & Data,97
A01024,AI & ML,86
A01024,Security,99
A01024,Applications,100
A01024,Integration,100
A01025,Infrastructure,98
A01025,Database,99
A01025,Analytics & Data,99
A01025,AI & ML,99
A01025,Security,99
A01025,Applications,99
A01025,Integration,77
A01026,Infrastructure,47
A01026,Database,62
A01026,Analytics & Data,59
A01026,AI & ML,60
A01026,Security,60
A01026,Applications,26
A01026,Integration,85
A01027,Infrastructure,49
A01027,Database,100
A01027,Analytics & Data,97
A01027,AI & ML,81
A01027,Security,100
A01027,Applications,98
A01027,Integration,11
A01028,Infrastructure,64
A01028,Database,38
A01028,Analytics & Data,64
A01028,AI & ML,62
A01028,Security,69
A01028,Applications,14
A01028,Integration,81
A01029,Infrastructure,56
A01029,Database,49
A01029,Analytics & Data,20
A01029,AI & ML,14
A01029,Security,41
A01029,Applications,20
A01029,Integration,41
A01030,Infrastructure,91
A01030,Database,59
A01030,Analytics & Data,25
A01030,AI & ML,60
A01030,Security,18
A01030,Applications,81
A01030,Integration,14
A01031,Infrastructure,38
A01031,Database,70
A01031,Analytics & Data,80
A01031,AI & ML,79
A01031,Security,68
A01031,Applications,52
A01031,Integration,94
A01032,Infrastructure,45
A01032,Database,50
A01032,Analytics & Data,23
A01032,AI & ML,88
A01032,Security,16
A01032,Applications,89
A01032,Integration,61
A01033,Infrastructure,81
A01033,Database,50
A01033,Analytics & Data,52
A01033,AI & ML,53
A01033,Security,55
A01033,Applications,61
A01033,Integration,42
A01034,Infrastructure,81
A01034,Database,100
A01034,Analytics & Data,86
A01034,AI & ML,82
A01034,Security,93
A01034,Applications,77
A01034,Integration,84
A01035,Infrastructure,94
A01035,Database,97
A01035,Analytics & Data,63
A01035,AI & ML,72
A01035,Security,92
A01035,Applications,92
A01035,Integration,35
A01036,Infrastructure,84
A01036,Database,80
A01036,Analytics & Data,57
A01036,AI & ML,94
A01036,Security,72
A01036,Applications,87
A01036,Integration,81
A01037,Infrastructure,61
A01037,Database,35
A01037,Analytics & Data,65
A01037,AI & ML,63
A01037,Security,56
A01037,Applications,40
A01037,Integration,27
A01038,Infrastructure,100
A01038,Database,100
A01038,Analytics & Data,79
A01038,AI & ML,76
A01038,Security,76
A01038,Applications,51
A01038,Integration,98
A01039,Infrastructure,21
A01039,Database,64
A01039,Analytics & Data,72
A01039,AI & ML,32
A01039,Security,45
A01039,Applications,62
A01039,Integration,67
A01040,Infrastructure,63
A01040,Database,49
A01040,Analytics & Data,91
A01040,AI & ML,54
A01040,Security,56
A01040,Applications,59
A01040,Integration,19
A01041,Infrastructure,76
A01041,Database,47
A01041,Analytics & Data,68
A01041,AI & ML,55
A01041,Security,62
A01041,Applications,45
A01041,Integration,20
A01042,Infrastructure,27
A01042,Database,73
A01042,Analytics & Data,46
A01042,AI & ML,23
A01042,Security,100
A01042,Applications,33
A01042,Integration,30
A01043,Infrastructure,98
A01043,Database,89
A01043,Analytics & Data,10
A01043,AI & ML,81
A01043,Security,24
A01043,Applications,14
A01043,Integration,83
A01044,Infrastructure,80
A01044,Database,14
A01044,Analytics & Data,27
A01044,AI & ML,47
A01044,Security,69
A01044,Applications,70
A01044,Integration,69
A01045,Infrastructure,100
A01045,Database,100
A01045,Analytics & Data,60
A01045,AI & ML,79
A01045,Security,97
A01045,Applications,100
A01045,Integration,100
A01046,Infrastructure,77
A01046,Database,98
A01046,Analytics & Data,71
A01046,AI & ML,26
A01046,Security,76
A01046,Applications,67
A01046,Integration,89
A01047,Infrastructure,97
A01047,Database,99
A01047,Analytics & Data,100
A01047,AI & ML,71
A01047,Security,31
A01047,Applications,99
A01047,Integration,97
A01048,Infrastructure,69
A01048,Database,57
A01048,Analytics & Data,21
A01048,AI & ML,73
A01048,Security,58
A01048,Applications,13
A01048,Integration,53
A01049,Infrastructure,50
A01049,Database,100
A01049,Analytics & Data,77
A01049,AI & ML,87
A01049,Security,100
A01049,Applications,79
A01049,Integration,86
A01050,Infrastructure,97
A01050,Database,97
A01050,Analytics & Data,97
A01050,AI & ML,22
A01050,Security,97
A01050,Applications,97
A01050,Integration,100
A01051,Infrastructure,33
A01051,Database,23
A01051,Analytics & Data,21
A01051,AI & ML,37
A01051,Security,33
A01051,Applications,48
A01051,Integration,45
A01052,Infrastructure,51
A01052,Database,40
A01052,Analytics & Data,41
A01052,AI & ML,27
A01052,Security,37
A01052,Applications,51
A01052,Integration,70
A01053,Infrastructure,17
A01053,Database,47
A01053,Analytics & Data,18
A01053,AI & ML,51
A01053,Security,78
A01053,Applications,57
A01053,Integration,65
A01054,Infrastructure,77
A01054,Database,83
A01054,Analytics & Data,46
A01054,AI & ML,71
A01054,Security,56
A01054,Applications,49
A01054,Integration,100
A01055,Infrastructure,20
A01055,Database,50
A01055,Analytics & Data,30
A01055,AI & ML,34
A01055,Security,34
A01055,Applications,10
A01055,Integration,22
A01056,Infrastructure,88
A01056,Database,80
A01056,Analytics & Data,68
A01056,AI & ML,52
A01056,Security,93
A01056,Applications,12
A01056,Integration,32
A01057,Infrastructure,88
A01057,Database,97
A01057,Analytics & Data,40
A01057,AI & ML,98
A01057,Security,76
A01057,Applications,32
A01057,Integration,76
A01058,Infrastructure,85
A01058,Database,79
A01058,Analytics & Data,64
A01058,AI & ML,100
A01058,Security,12
A01058,Applications,85
A01058,Integration,54
A01059,Infrastructure,16
A01059,Database,66
A01059,Analytics & Data,94
A01059,AI & ML,76
A01059,Security,81
A01059,Applications,67
A01059,Integration,89
A01060,Infrastructure,60
A01060,Database,91
A01060,Analytics & Data,88
A01060,AI & ML,52
A01060,Security,79
A01060,Applications,81
A01060,Integration,99
A01061,Infrastructure,27
A01061,Database,60
A01061,Analytics & Data,11
A01061,AI & ML,15
A01061,Security,32
A01061,Applications,29
A01061,Integration,38
A01062,Infrastructure,18
A01062,Database,92
A01062,Analytics & Data,97
A01062,AI & ML,99
A01062,Security,82
A01062,Applications,81
A01062,Integration,99
A01063,Infrastructure,92
A01063,Database,45
A01063,Analytics & Data,89
A01063,AI & ML,66
A01063,Security,89
A01063,Applications,64
A01063,Integration,79
A01064,Infrastructure,98
A01064,Database,87
A01064,Analytics & Data,83
A01064,AI & ML,73
A01064,Security,88
A01064,Applications,100
A01064,Integration,81
A01065,Infrastructure,21
A01065,Database,36
A01065,Analytics & Data,35
A01065,AI & ML,40
A01065,Security,33
A01065,Applications,19
A01065,Integration,22
A01066,Infrastructure,67
A01066,Database,64
A01066,Analytics & Data,65
A01066,AI & ML,50
A01066,Security,87
A01066,Applications,32
A01066,Integration,68
A01067,Infrastructure,28
A01067,Database,82
A01067,Analytics & Data,54
A01067,AI & ML,69
A01067,Security,72
A01067,Applications,52
A01067,Integration,90
A01068,Infrastructure,56
A01068,Database,72
A01068,Analytics & Data,53
A01068,AI & ML,87
A01068,Security,72
A01068,Applications,65
A01068,Integration,79
A01069,Infrastructure,25
A01069,Database,94
A01069,Analytics & Data,72
A01069,AI & ML,34
A01069,Security,13
A01069,Applications,30
A01069,Integration,24
A01070,Infrastructure,77
A01070,Database,94
A01070,Analytics & Data,92
A01070,AI & ML,85
A01070,Security,78
A01070,Applications,90
A01070,Integration,98
A01071,Infrastructure,63
A01071,Database,30
A01071,Analytics & Data,65
A01071,AI & ML,35
A01071,Security,40
A01071,Applications,45
A01071,Integration,42
A01072,Infrastructure,52
A01072,Database,57
A01072,Analytics & Data,52
A01072,AI & ML,30
A01072,Security,83
A01072,Applications,24
A01072,Integration,78
A01073,Infrastructure,55
A01073,Database,58
A01073,Analytics & Data,82
A01073,AI & ML,81
A01073,Security,46
A01073,Applications,19
A01073,Integration,80
A01074,Infrastructure,91
A01074,Database,58
A01074,Analytics & Data,85
A01074,AI & ML,91
A01074,Security,59
A01074,Applications,72
A01074,Integration,46
A01075,Infrastructure,82
A01075,Database,76
A01075,Analytics & Data,59
A01075,AI & ML,84
A01075,Security,69
A01075,Applications,93
A01075,Integration,64
A01076,Infrastructure,98
A01076,Database,87
A01076,Analytics & Data,98
A01076,AI & ML,100
A01076,Security,98
A01076,Applications,45
A01076,Integration,100
A01077,Infrastructure,63
A01077,Database,30
A01077,Analytics & Data,26
A01077,AI & ML,35
A01077,Security,39
A01077,Applications,13
A01077,Integration,39
A01078,Infrastructure,71
A01078,Database,55
A01078,Analytics & Data,14
A01078,AI & ML,89
A01078,Security,45
A01078,Applications,71
A01078,Integration,29
A01079,Infrastructure,78
A01079,Database,21
A01079,Analytics & Data,49
A01079,AI & ML,61
A01079,Security,24
A01079,Applications,88
A01079,Integration,77
A01080,Infrastructure,98
A01080,Database,78
A01080,Analytics & Data,76
A01080,AI & ML,88
A01080,Security,86
A01080,Applications,79
A01080,Integration,62
A01081,Infrastructure,24
A01081,Database,27
A01081,Analytics & Data,57
A01081,AI & ML,12
A01081,Security,80
A01081,Applications,51
A01081,Integration,72
A01082,Infrastructure,90
A01082,Database,17
A01082,Analytics & Data,79
A01082,AI & ML,47
A01082,Security,93
A01082,Applications,65
A01082,Integration,33
A01083,Infrastructure,10
A01083,Database,38
A01083,Analytics & Data,64
A01083,AI & ML,27
A01083,Security,13
A01083,Applications,16
A01083,Integration,65
A01084,Infrastructure,34
A01084,Database,13
A01084,Analytics & Data,36
A01084,AI & ML,11
A01084,Security,55
A01084,Applications,39
A01084,Integration,28
A01085,Infrastructure,39
A01085,Database,26
A01085,Analytics & Data,32
A01085,AI & ML,15
A01085,Security,41
A01085,Applications,36
A01085,Integration,80
A01086,Infrastructure,36
A01086,Database,52
A01086,Analytics & Data,12
A01086,AI & ML,11
A01086,Security,25
A01086,Applications,21
A01086,Integration,22
A01087,Infrastructure,100
A01087,Database,87
A01087,Analytics & Data,92
A01087,AI & ML,99
A01087,Security,72
A01087,Applications,79
A01087,Integration,81
A01088,Infrastructure,39
A01088,Database,19
A01088,Analytics & Data,32
A01088,AI & ML,39
A01088,Security,24
A01088,Applications,12
A01088,Integration,14
A01089,Infrastructure,36
A01089,Database,23
A01089,Analytics & Data,49
A01089,AI & ML,39
A01089,Security,46
A01089,Applications,40
A01089,Integration,41
A01090,Infrastructure,79
A01090,Database,91
A01090,Analytics & Data,80
A01090,AI & ML,99
A01090,Security,97
A01090,Applications,72
A01090,Integration,84
A01091,Infrastructure,28
A01091,Database,53
A01091,Analytics & Data,67
A01091,AI & ML,53
A01091,Security,66
A01091,Applications,53
A01091,Integration,78
A01092,Infrastructure,93
A01092,Database,76
A01092,Analytics & Data,78
A01092,AI & ML,92
A01092,Security,91
A01092,Applications,49
A01092,Integration,100
A01093,Infrastructure,56
A01093,Database,69
A01093,Analytics & Data,62
A01093,AI & ML,72
A01093,Security,52
A01093,Applications,29
A01093,Integration,94
A01094,Infrastructure,83
A01094,Database,57
A01094,Analytics & Data,100
A01094,AI & ML,67
A01094,Security,97
A01094,Applications,99
A01094,Integration,76
A01095,Infrastructure,90
A01095,Database,83
A01095,Analytics & Data,85
A01095,AI & ML,94
A01095,Security,80
A01095,Applications,94
A01095,Integration,85
A01096,Infrastructure,42
A01096,Database,39
A01096,Analytics & Data,64
A01096,AI & ML,69
A01096,Security,28
A01096,Applications,41
A01096,Integration,54
A01097,Infrastructure,52
A01097,Database,84
A01097,Analytics & Data,94
A01097,AI & ML,10
A01097,Security,40
A01097,Applications,72
A01097,Integration,92
A01098,Infrastructure,59
A01098,Database,85
A01098,Analytics & Data,68
A01098,AI & ML,100
A01098,Security,24
A01098,Applications,73
A01098,Integration,29
A01099,Infrastructure,48
A01099,Database,98
A01099,Analytics & Data,24
A01099,AI & ML,79
A01099,Security,15
A01099,Applications,81
A01099,Integration,68
A01100,Infrastructure,99
A01100,Database,100
A01100,Analytics & Data,81
A01100,AI & ML,66
A01100,Security,51
A01100,Applications,97
A01100,Integration,98
A01101,Infrastructure,100
A01101,Database,97
A01101,Analytics & Data,89
A01101,AI & ML,45
A01101,Security,79
A01101,Applications,62
A01101,Integration,50
A01102,Infrastructure,78
A01102,Database,10
A01102,Analytics & Data,78
A01102,AI & ML,21
A01102,Security,66
A01102,Applications,65
A01102,Integration,30
A01103,Infrastructure,62
A01103,Database,55
A01103,Analytics & Data,87
A01103,AI & ML,79
A01103,Security,58
A01103,Applications,70
A01103,Integration,98
A01104,Infrastructure,90
A01104,Database,60
A01104,Analytics & Data,89
A01104,AI & ML,89
A01104,Security,53
A01104,Applications,66
A01104,Integration,42
A01105,Infrastructure,65
A01105,Database,52
A01105,Analytics & Data,49
A01105,AI & ML,88
A01105,Security,82
A01105,Applications,82
A01105,Integration,92
A01106,Infrastructure,50
A01106,Database,39
A01106,Analytics & Data,76
A01106,AI & ML,56
A01106,Security,89
A01106,Applications,59
A01106,Integration,65
A01107,Infrastructure,59
A01107,Database,88
A01107,Analytics & Data,83
A01107,AI & ML,88
A01107,Security,50
A01107,Applications,48
A01107,Integration,61
A01108,Infrastructure,87
A01108,Database,55
A01108,Analytics & Data,81
A01108,AI & ML,82
A01108,Security,37
A01108,Applications,89
A01108,Integration,59
A01109,Infrastructure,29
A01109,Database,25
A01109,Analytics & Data,28
A01109,AI & ML,10
A01109,Security,63
A01109,Applications,60
A01109,Integration,28
A01110,Infrastructure,70
A01110,Database,36
A01110,Analytics & Data,10
A01110,AI & ML,22
A01110,Security,32
A01110,Applications,17
A01110,Integration,81
A01111,Infrastructure,100
A01111,Database,90
A01111,Analytics & Data,90
A01111,AI & ML,82
A01111,Security,98
A01111,Applications,78
A01111,Integration,38
A01112,Infrastructure,29
A01112,Database,13
A01112,Analytics & Data,55
A01112,AI & ML,35
A01112,Security,26
A01112,Applications,82
A01112,Integration,13
A01113,Infrastructure,52
A01113,Database,87
A01113,Analytics & Data,94
A01113,AI & ML,76
A01113,Security,94
A01113,Applications,61
A01113,Integration,81
A01114,Infrastructure,79
A01114,Database,34
A01114,Analytics & Data,78
A01114,AI & ML,79
A01114,Security,46
A01114,Applications,98
A01114,Integration,88
A01115,Infrastructure,64
A01115,Database,60
A01115,Analytics & Data,94
A01115,AI & ML,88
A01115,Security,79
A01115,Applications,82
A01115,Integration,60
A01116,Infrastructure,98
A01116,Database,97
A01116,Analytics & Data,90
A01116,AI & ML,99
A01116,Security,23
A01116,Applications,98
A01116,Integration,100
A01117,Infrastructure,60
A01117,Database,62
A01117,Analytics & Data,82
A01117,AI & ML,89
A01117,Security,88
A01117,Applications,82
A01117,Integration,93
A01118,Infrastructure,99
A01118,Database,78
A01118,Analytics & Data,85
A01118,AI & ML,97
A01118,Security,19
A01118,Applications,82
A01118,Integration,100
A01119,Infrastructure,14
A01119,Database,84
A01119,Analytics & Data,48
A01119,AI & ML,63
A01119,Security,71
A01119,Applications,97
A01119,Integration,62
A01120,Infrastructure,38
A01120,Database,17
A01120,Analytics & Data,32
A01120,AI & ML,11
A01120,Security,16
A01120,Applications,29
A01120,Integration,24
A01121,Infrastructure,100
A01121,Database,98
A01121,Analytics & Data,99
A01121,AI & ML,99
A01121,Security,98
A01121,Applications,98
A01121,Integration,11
A01122,Infrastructure,13
A01122,Database,45
A01122,Analytics & Data,10
A01122,AI & ML,56
A01122,Security,24
A01122,Applications,12
A01122,Integration,40
A01123,Infrastructure,25
A01123,Database,100
A01123,Analytics & Data,99
A01123,AI & ML,97
A01123,Security,99
A01123,Applications,99
A01123,Integration,97
A01124,Infrastructure,50
A01124,Database,78
A01124,Analytics & Data,81
A01124,AI & ML,100
A01124,Security,100
A01124,Applications,99
A01124,Integration,78
A01125,Infrastructure,23
A01125,Database,12
A01125,Analytics & Data,22
A01125,AI & ML,34
A01125,Security,31
A01125,Applications,34
A01125,Integration,24
A01126,Infrastructure,52
A01126,Database,64
A01126,Analytics & Data,69
A01126,AI & ML,59
A01126,Security,84
A01126,Applications,73
A01126,Integration,59
A01127,Infrastructure,89
A01127,Database,69
A01127,Analytics & Data,80
A01127,AI & ML,47
A01127,Security,40
A01127,Applications,84
A01127,Integration,77
A01128,Infrastructure,94
A01128,Database,100
A01128,Analytics & Data,91
A01128,AI & ML,72
A01128,Security,55
A01128,Applications,98
A01128,Integration,31
A01129,Infrastructure,99
A01129,Database,89
A01129,Analytics & Data,70
A01129,AI & ML,16
A01129,Security,81
A01129,Applications,49
A01129,Integration,99
A01130,Infrastructure,51
A01130,Database,10
A01130,Analytics & Data,90
A01130,AI & ML,66
A01130,Security,28
A01130,Applications,26
A01130,Integration,98
A01131,Infrastructure,15
A01131,Database,63
A01131,Analytics & Data,49
A01131,AI & ML,12
A01131,Security,31
A01131,Applications,12
A01131,Integration,39
A01132,Infrastructure,26
A01132,Database,28
A01132,Analytics & Data,55
A01132,AI & ML,52
A01132,Security,31
A01132,Applications,10
A01132,Integration,29
A01133,Infrastructure,35
A01133,Database,68
A01133,Analytics & Data,59
A01133,AI & ML,85
A01133,Security,58
A01133,Applications,50
A01133,Integration,57
A01134,Infrastructure,48
A01134,Database,47
A01134,Analytics & Data,58
A01134,AI & ML,35
A01134,Security,81
A01134,Applications,64
A01134,Integration,89
A01135,Infrastructure,99
A01135,Database,83
A01135,Analytics & Data,100
A01135,AI & ML,99
A01135,Security,99
A01135,Applications,100
A01135,Integration,99
A01136,Infrastructure,100
A01136,Database,99
A01136,Analytics & Data,97
A01136,AI & ML,72
A01136,Security,99
A01136,Applications,100
A01136,Integration,87
A01137,Infrastructure,10
A01137,Database,55
A01137,Analytics & Data,80
A01137,AI & ML,68
A01137,Security,12
A01137,Applications,37
A01137,Integration,51
A01138,Infrastructure,89
A01138,Database,53
A01138,Analytics & Data,61
A01138,AI & ML,82
A01138,Security,80
A01138,Applications,73
A01138,Integration,80
A01139,Infrastructure,13
A01139,Database,42
A01139,Analytics & Data,16
A01139,AI & ML,34
A01139,Security,13
A01139,Applications,13
A01139,Integration,45
A01140,Infrastructure,97
A01140,Database,99
A01140,Analytics & Data,78
A01140,AI & ML,98
A01140,Security,99
A01140,Applications,97
A01140,Integration,79
A01141,Infrastructure,99
A01141,Database,81
A01141,Analytics & Data,97
A01141,AI & ML,91
A01141,Security,97
A01141,Applications,92
A01141,Integration,98
A01142,Infrastructure,100
A01142,Database,72
A01142,Analytics & Data,92
A01142,AI & ML,93
A01142,Security,98
A01142,Applications,87
A01142,Integration,99
A01143,Infrastructure,97
A01143,Database,99
A01143,Analytics & Data,91
A01143,AI & ML,100
A01143,Security,98
A01143,Applications,58
A01143,Integration,100
A01144,Infrastructure,67
A01144,Database,18
A01144,Analytics & Data,33
A01144,AI & ML,17
A01144,Security,59
A01144,Applications,62
A01144,Integration,35
A01145,Infrastructure,70
A01145,Database,78
A01145,Analytics & Data,99
A01145,AI & ML,86
A01145,Security,79
A01145,Applications,21
A01145,Integration,76
A01146,Infrastructure,63
A01146,Database,80
A01146,Analytics & Data,66
A01146,AI & ML,13
A01146,Security,66
A01146,Applications,23
A01146,Integration,54
A01147,Infrastructure,89
A01147,Database,81
A01147,Analytics & Data,77
A01147,AI & ML,82
A01147,Security,93
A01147,Applications,89
A01147,Integration,94
A01148,Infrastructure,11
A01148,Database,29
A01148,Analytics & Data,34
A01148,AI & ML,36
A01148,Security,90
A01148,Applications,37
A01148,Integration,35
A01149,Infrastructure,50
A01149,Database,51
A01149,Analytics & Data,87
A01149,AI & ML,46
A01149,Security,12
A01149,Applications,77
A01149,Integration,70
A01150,Infrastructure,46
A01150,Database,65
A01150,Analytics & Data,81
A01150,AI & ML,69
A01150,Security,48
A01150,Applications,67
A01150,Integration,66
A01151,Infrastructure,92
A01151,Database,72
A01151,Analytics & Data,87
A01151,AI & ML,94
A01151,Security,89
A01151,Applications,82
A01151,Integration,76
A01152,Infrastructure,63
A01152,Database,100
A01152,Analytics & Data,72
A01152,AI & ML,55
A01152,Security,35
A01152,Applications,47
A01152,Integration,27
A01153,Infrastructure,98
A01153,Database,91
A01153,Analytics & Data,80
A01153,AI & ML,40
A01153,Security,79
A01153,Applications,77
A01153,Integration,88
A01154,Infrastructure,88
A01154,Database,84
A01154,Analytics & Data,88
A01154,AI & ML,46
A01154,Security,87
A01154,Applications,82
A01154,Integration,99
A01155,Infrastructure,55
A01155,Database,81
A01155,Analytics & Data,61
A01155,AI & ML,68
A01155,Security,61
A01155,Applications,98
A01155,Integration,71
A01156,Infrastructure,68
A01156,Database,54
A01156,Analytics & Data,69
A01156,AI & ML,64
A01156,Security,22
A01156,Applications,61
A01156,Integration,58
A01157,Infrastructure,77
A01157,Database,71
A01157,Analytics & Data,38
A01157,AI & ML,49
A01157,Security,85
A01157,Applications,82
A01157,Integration,23
A01158,Infrastructure,77
A01158,Database,77
A01158,Analytics & Data,93
A01158,AI & ML,22
A01158,Security,100
A01158,Applications,46
A01158,Integration,87
A01159,Infrastructure,77
A01159,Database,76
A01159,Analytics & Data,48
A01159,AI & ML,60
A01159,Security,63
A01159,Applications,69
A01159,Integration,50
A01160,Infrastructure,76
A01160,Database,89
A01160,Analytics & Data,98
A01160,AI & ML,98
A01160,Security,78
A01160,Applications,66
A01160,Integration,66
A01161,Infrastructure,59
A01161,Database,90
A01161,Analytics & Data,23
A01161,AI & ML,88
A01161,Security,18
A01161,Applications,71
A01161,Integration,53
A01162,Infrastructure,98
A01162,Database,92
A01162,Analytics & Data,100
A01162,AI & ML,97
A01162,Security,99
A01162,Applications,70
A01162,Integration,87
A01163,Infrastructure,100
A01163,Database,78
A01163,Analytics & Data,60
A01163,AI & ML,82
A01163,Security,85
A01163,Applications,37
A01163,Integration,53
A01164,Infrastructure,85
A01164,Database,63
A01164,Analytics & Data,82
A01164,AI & ML,98
A01164,Security,85
A01164,Applications,100
A01164,Integration,99
A01165,Infrastructure,67
A01165,Database,91
A01165,Analytics & Data,78
A01165,AI & ML,51
A01165,Security,70
A01165,Applications,11
A01165,Integration,59
A01166,Infrastructure,97
A01166,Database,99
A01166,Analytics & Data,67
A01166,AI & ML,100
A01166,Security,100
A01166,Applications,85
A01166,Integration,94
A01167,Infrastructure,99
A01167,Database,55
A01167,Analytics & Data,83
A01167,AI & ML,21
A01167,Security,89
A01167,Applications,56
A01167,Integration,79
A01168,Infrastructure,57
A01168,Database,73
A01168,Analytics & Data,30
A01168,AI & ML,57
A01168,Security,84
A01168,Applications,52
A01168,Integration,56
A01169,Infrastructure,42
A01169,Database,26
A01169,Analytics & Data,32
A01169,AI & ML,33
A01169,Security,54
A01169,Applications,60
A01169,Integration,11
A01170,Infrastructure,66
A01170,Database,87
A01170,Analytics & Data,51
A01170,AI & ML,93
A01170,Security,56
A01170,Applications,98
A01170,Integration,61
A01171,Infrastructure,48
A01171,Database,76
A01171,Analytics & Data,41
A01171,AI & ML,81
A01171,Security,97
A01171,Applications,61
A01171,Integration,84
A01172,Infrastructure,99
A01172,Database,98
A01172,Analytics & Data,69
A01172,AI & ML,98
A01172,Security,83
A01172,Applications,58
A01172,Integration,71
A01173,Infrastructure,49
A01173,Database,88
A01173,Analytics & Data,68
A01173,AI & ML,80
A01173,Security,84
A01173,Applications,100
A01173,Integration,98
A01174,Infrastructure,54
A01174,Database,70
A01174,Analytics & Data,84
A01174,AI & ML,45
A01174,Security,50
A01174,Applications,22
A01174,Integration,16
A01175,Infrastructure,93
A01175,Database,84
A01175,Analytics & Data,78
A01175,AI & ML,91
A01175,Security,94
A01175,Applications,92
A01175,Integration,69
A01176,Infrastructure,100
A01176,Database,99
A01176,Analytics & Data,56
A01176,AI & ML,100
A01176,Security,33
A01176,Applications,100
A01176,Integration,91
A01177,Infrastructure,32
A01177,Database,68
A01177,Analytics & Data,97
A01177,AI & ML,62
A01177,Security,61
A01177,Applications,66
A01177,Integration,71
A01178,Infrastructure,37
A01178,Database,72
A01178,Analytics & Data,36
A01178,AI & ML,30
A01178,Security,29
A01178,Applications,20
A01178,Integration,23
A01179,Infrastructure,99
A01179,Database,65
A01179,Analytics & Data,78
A01179,AI & ML,66
A01179,Security,77
A01179,Applications,48
A01179,Integration,99
A01180,Infrastructure,81
A01180,Database,87
A01180,Analytics & Data,99
A01180,AI & ML,99
A01180,Security,86
A01180,Applications,49
A01180,Integration,25
A01181,Infrastructure,55
A01181,Database,60
A01181,Analytics & Data,46
A01181,AI & ML,65
A01181,Security,50
A01181,Applications,62
A01181,Integration,76
A01182,Infrastructure,68
A01182,Database,85
A01182,Analytics & Data,39
A01182,AI & ML,33
A01182,Security,94
A01182,Applications,11
A01182,Integration,72
A01183,Infrastructure,17
A01183,Database,73
A01183,Analytics & Data,71
A01183,AI & ML,54
A01183,Security,86
A01183,Applications,35
A01183,Integration,32
A01184,Infrastructure,92
A01184,Database,80
A01184,Analytics & Data,84
A01184,AI & ML,93
A01184,Security,84
A01184,Applications,49
A01184,Integration,33
A01185,Infrastructure,84
A01185,Database,85
A01185,Analytics & Data,73
A01185,AI & ML,78
A01185,Security,87
A01185,Applications,97
A01185,Integration,100
A01186,Infrastructure,73
A01186,Database,10
A01186,Analytics & Data,15
A01186,AI & ML,39
A01186,Security,21
A01186,Applications,66
A01186,Integration,51
A01187,Infrastructure,55
A01187,Database,63
A01187,Analytics & Data,59
A01187,AI & ML,22
A01187,Security,100
A01187,Applications,82
A01187,Integration,36
A01188,Infrastructure,68
A01188,Database,64
A01188,Analytics & Data,80
A01188,AI & ML,20
A01188,Security,88
A01188,Applications,84
A01188,Integration,93
A01189,Infrastructure,93
A01189,Database,33
A01189,Analytics & Data,94
A01189,AI & ML,90
A01189,Security,87
A01189,Applications,41
A01189,Integration,94
A01190,Infrastructure,70
A01190,Database,94
A01190,Analytics & Data,91
A01190,AI & ML,80
A01190,Security,84
A01190,Applications,58
A01190,Integration,47
A01191,Infrastructure,83
A01191,Database,52
A01191,Analytics & Data,53
A01191,AI & ML,34
A01191,Security,57
A01191,Applications,73
A01191,Integration,90
A01192,Infrastructure,97
A01192,Database,100
A01192,Analytics & Data,99
A01192,AI & ML,100
A01192,Security,98
A01192,Applications,99
A01192,Integration,98
A01193,Infrastructure,50
A01193,Database,61
A01193,Analytics & Data,62
A01193,AI & ML,71
A01193,Security,11
A01193,Applications,90
A01193,Integration,35
A01194,Infrastructure,78
A01194,Database,100
A01194,Analytics & Data,86
A01194,AI & ML,98
A01194,Security,23
A01194,Applications,98
A01194,Integration,53
A01195,Infrastructure,31
A01195,Database,38
A01195,Analytics & Data,58
A01195,AI & ML,37
A01195,Security,18
A01195,Applications,15
A01195,Integration,16
A01196,Infrastructure,90
A01196,Database,98
A01196,Analytics & Data,91
A01196,AI & ML,81
A01196,Security,99
A01196,Applications,98
A01196,Integration,70
A01197,Infrastructure,76
A01197,Database,80
A01197,Analytics & Data,69
A01197,AI & ML,99
A01197,Security,82
A01197,Applications,55
A01197,Integration,48
A01198,Infrastructure,100
A01198,Database,99
A01198,Analytics & Data,98
A01198,AI & ML,98
A01198,Security,92
A01198,Applications,16
A01198,Integration,79
A01199,Infrastructure,49
A01199,Database,23
A01199,Analytics & Data,81
A01199,AI & ML,91
A01199,Security,83
A01199,Applications,81
A01199,Integration,84
A01200,Infrastructure,93
A01200,Database,78
A01200,Analytics & Data,99
A01200,AI & ML,87
A01200,Security,89
A01200,Applications,97
A01200,Integration,92
A01201,Infrastructure,49
A01201,Database,98
A01201,Analytics & Data,99
A01201,AI & ML,66
A01201,Security,85
A01201,Applications,57
A01201,Integration,98
A01202,Infrastructure,52
A01202,Database,71
A01202,Analytics & Data,10
A01202,AI & ML,18
A01202,Security,58
A01202,Applications,51
A01202,Integration,62
A01203,Infrastructure,54
A01203,Database,25
A01203,Analytics & Data,90
A01203,AI & ML,70
A01203,Security,52
A01203,Applications,59
A01203,Integration,65
A01204,Infrastructure,54
A01204,Database,90
A01204,Analytics & Data,83
A01204,AI & ML,91
A01204,Security,93
A01204,Applications,80
A01204,Integration,56
A01205,Infrastructure,23
A01205,Database,22
A01205,Analytics & Data,45
A01205,AI & ML,22
A01205,Security,13
A01205,Applications,34
A01205,Integration,30
A01206,Infrastructure,19
A01206,Database,59
A01206,Analytics & Data,39
A01206,AI & ML,27
A01206,Security,16
A01206,Applications,51
A01206,Integration,72
A01207,Infrastructure,87
A01207,Database,69
A01207,Analytics & Data,86
A01207,AI & ML,45
A01207,Security,93
A01207,Applications,85
A01207,Integration,87
A01208,Infrastructure,88
A01208,Database,77
A01208,Analytics & Data,67
A01208,AI & ML,61
A01208,Security,65
A01208,Applications,33
A01208,Integration,54
A01209,Infrastructure,98
A01209,Database,98
A01209,Analytics & Data,24
A01209,AI & ML,100
A01209,Security,98
A01209,Applications,24
A01209,Integration,98
A01210,Infrastructure,52
A01210,Database,80
A01210,Analytics & Data,56
A01210,AI & ML,62
A01210,Security,86
A01210,Applications,67
A01210,Integration,48
A01211,Infrastructure,77
A01211,Database,60
A01211,Analytics & Data,32
A01211,AI & ML,89
A01211,Security,29
A01211,Applications,41
A01211,Integration,30
A01212,Infrastructure,53
A01212,Database,89
A01212,Analytics & Data,82
A01212,AI & ML,87
A01212,Security,73
A01212,Applications,68
A01212,Integration,57
A01213,Infrastructure,87
A01213,Database,82
A01213,Analytics & Data,99
A01213,AI & ML,99
A01213,Security,83
A01213,Applications,64
A01213,Integration,55
A01214,Infrastructure,25
A01214,Database,42
A01214,Analytics & Data,90
A01214,AI & ML,51
A01214,Security,35
A01214,Applications,46
A01214,Integration,47
A01215,Infrastructure,99
A01215,Database,50
A01215,Analytics & Data,42
A01215,AI & ML,49
A01215,Security,86
A01215,Applications,69
A01215,Integration,87
A01216,Infrastructure,54
A01216,Database,99
A01216,Analytics & Data,97
A01216,AI & ML,93
A01216,Security,91
A01216,Applications,63
A01216,Integration,89
A01217,Infrastructure,81
A01217,Database,99
A01217,Analytics & Data,71
A01217,AI & ML,82
A01217,Security,15
A01217,Applications,83
A01217,Integration,67
A01218,Infrastructure,67
A01218,Database,68
A01218,Analytics & Data,17
A01218,AI & ML,33
A01218,Security,18
A01218,Applications,34
A01218,Integration,28
A01219,Infrastructure,14
A01219,Database,91
A01219,Analytics & Data,27
A01219,AI & ML,97
A01219,Security,56
A01219,Applications,29
A01219,Integration,45
A01220,Infrastructure,91
A01220,Database,51
A01220,Analytics & Data,21
A01220,AI & ML,70
A01220,Security,100
A01220,Applications,60
A01220,Integration,63
A01221,Infrastructure,77
A01221,Database,83
A01221,Analytics & Data,91
A01221,AI & ML,47
A01221,Security,57
A01221,Applications,99
A01221,Integration,100
A01222,Infrastructure,99
A01222,Database,49
A01222,Analytics & Data,82
A01222,AI & ML,71
A01222,Security,71
A01222,Applications,56
A01222,Integration,22
A01223,Infrastructure,59
A01223,Database,67
A01223,Analytics & Data,81
A01223,AI & ML,52
A01223,Security,84
A01223,Applications,64
A01223,Integration,56
A01224,Infrastructure,84
A01224,Database,97
A01224,Analytics & Data,81
A01224,AI & ML,67
A01224,Security,98
A01224,Applications,93
A01224,Integration,80
A01225,Infrastructure,59
A01225,Database,82
A01225,Analytics & Data,92
A01225,AI & ML,93
A01225,Security,79
A01225,Applications,76
A01225,Integration,97
A01226,Infrastructure,59
A01226,Database,100
A01226,Analytics & Data,58
A01226,AI & ML,52
A01226,Security,88
A01226,Applications,94
A01226,Integration,94
A01227,Infrastructure,40
A01227,Database,21
A01227,Analytics & Data,10
A01227,AI & ML,45
A01227,Security,12
A01227,Applications,17
A01227,Integration,35
A01228,Infrastructure,99
A01228,Database,72
A01228,Analytics & Data,98
A01228,AI & ML,98
A01228,Security,99
A01228,Applications,99
A01228,Integration,82
A01229,Infrastructure,21
A01229,Database,55
A01229,Analytics & Data,90
A01229,AI & ML,18
A01229,Security,79
A01229,Applications,98
A01229,Integration,51
A01230,Infrastructure,59
A01230,Database,89
A01230,Analytics & Data,77
A01230,AI & ML,91
A01230,Security,99
A01230,Applications,92
A01230,Integration,87
A01231,Infrastructure,18
A01231,Database,67
A01231,Analytics & Data,86
A01231,AI & ML,68
A01231,Security,46
A01231,Applications,14
A01231,Integration,18
A01232,Infrastructure,62
A01232,Database,51
A01232,Analytics & Data,73
A01232,AI & ML,64
A01232,Security,57
A01232,Applications,21
A01232,Integration,63
A01233,Infrastructure,84
A01233,Database,97
A01233,Analytics & Data,91
A01233,AI & ML,40
A01233,Security,97
A01233,Applications,90
A01233,Integration,99
A01234,Infrastructure,36
A01234,Database,90
A01234,Analytics & Data,22
A01234,AI & ML,72
A01234,Security,54
A01234,Applications,32
A01234,Integration,31
A01235,Infrastructure,98
A01235,Database,87
A01235,Analytics & Data,100
A01235,AI & ML,97
A01235,Security,94
A01235,Applications,90
A01235,Integration,100
A01236,Infrastructure,57
A01236,Database,20
A01236,Analytics & Data,88
A01236,AI & ML,72
A01236,Security,94
A01236,Applications,89
A01236,Integration,37
A01237,Infrastructure,97
A01237,Database,64
A01237,Analytics & Data,100
A01237,AI & ML,49
A01237,Security,52
A01237,Applications,76
A01237,Integration,86
A01238,Infrastructure,69
A01238,Database,66
A01238,Analytics & Data,49
A01238,AI & ML,54
A01238,Security,51
A01238,Applications,87
A01238,Integration,50
A01239,Infrastructure,35
A01239,Database,63
A01239,Analytics & Data,28
A01239,AI & ML,23
A01239,Security,15
A01239,Applications,65
A01239,Integration,24
A01240,Infrastructure,97
A01240,Database,100
A01240,Analytics & Data,100
A01240,AI & ML,81
A01240,Security,100
A01240,Applications,84
A01240,Integration,98
A01241,Infrastructure,94
A01241,Database,87
A01241,Analytics & Data,67
A01241,AI & ML,93
A01241,Security,68
A01241,Applications,80
A01241,Integration,76
A01242,Infrastructure,71
A01242,Database,17
A01242,Analytics & Data,83
A01242,AI & ML,60
A01242,Security,67
A01242,Applications,84
A01242,Integration,45
A01243,Infrastructure,73
A01243,Database,94
A01243,Analytics & Data,78
A01243,AI & ML,18
A01243,Security,14
A01243,Applications,100
A01243,Integration,98
A01244,Infrastructure,50
A01244,Database,93
A01244,Analytics & Data,77
A01244,AI & ML,35
A01244,Security,58
A01244,Applications,11
A01244,Integration,98
A01245,Infrastructure,97
A01245,Database,93
A01245,Analytics & Data,79
A01245,AI & ML,85
A01245,Security,89
A01245,Applications,53
A01245,Integration,56
A01246,Infrastructure,28
A01246,Database,20
A01246,Analytics & Data,15
A01246,AI & ML,47
A01246,Security,35
A01246,Applications,92
A01246,Integration,52
A01247,Infrastructure,99
A01247,Database,90
A01247,Analytics & Data,91
A01247,AI & ML,99
A01247,Security,81
A01247,Applications,76
A01247,Integration,92
A01248,Infrastructure,89
A01248,Database,82
A01248,Analytics & Data,93
A01248,AI & ML,58
A01248,Security,58
A01248,Applications,73
A01248,Integration,85
A01249,Infrastructure,52
A01249,Database,66
A01249,Analytics & Data,40
A01249,AI & ML,79
A01249,Security,59
A01249,Applications,53
A01249,Integration,20
A01250,Infrastructure,56
A01250,Database,76
A01250,Analytics & Data,53
A01250,AI & ML,98
A01250,Security,94
A01250,Applications,67
A01250,Integration,79
A01251,Infrastructure,28
A01251,Database,32
A01251,Analytics & Data,73
A01251,AI & ML,39
A01251,Security,25
A01251,Applications,10
A01251,Integration,48
A01252,Infrastructure,98
A01252,Database,97
A01252,Analytics & Data,90
A01252,AI & ML,58
A01252,Security,54
A01252,Applications,78
A01252,Integration,92
A01253,Infrastructure,100
A01253,Database,79
A01253,Analytics & Data,92
A01253,AI & ML,79
A01253,Security,94
A01253,Applications,90
A01253,Integration,76
A01254,Infrastructure,77
A01254,Database,79
A01254,Analytics & Data,97
A01254,AI & ML,88
A01254,Security,84
A01254,Applications,65
A01254,Integration,80
A01255,Infrastructure,85
A01255,Database,84
A01255,Analytics & Data,57
A01255,AI & ML,52
A01255,Security,72
A01255,Applications,98
A01255,Integration,78
A01256,Infrastructure,92
A01256,Database,94
A01256,Analytics & Data,59
A01256,AI & ML,49
A01256,Security,97
A01256,Applications,83
A01256,Integration,78
A01257,Infrastructure,78
A01257,Database,12
A01257,Analytics & Data,24
A01257,AI & ML,91
A01257,Security,84
A01257,Applications,73
A01257,Integration,19
A01258,Infrastructure,78
A01258,Database,87
A01258,Analytics & Data,59
A01258,AI & ML,51
A01258,Security,93
A01258,Applications,99
A01258,Integration,27
A01259,Infrastructure,54
A01259,Database,50
A01259,Analytics & Data,54
A01259,AI & ML,93
A01259,Security,87
A01259,Applications,67
A01259,Integration,79
A01260,Infrastructure,85
A01260,Database,76
A01260,Analytics & Data,48
A01260,AI & ML,91
A01260,Security,61
A01260,Applications,99
A01260,Integration,91
A01261,Infrastructure,58
A01261,Database,12
A01261,Analytics & Data,89
A01261,AI & ML,62
A01261,Security,80
A01261,Applications,17
A01261,Integration,54
A01262,Infrastructure,64
A01262,Database,42
A01262,Analytics & Data,19
A01262,AI & ML,62
A01262,Security,80
A01262,Applications,14
A01262,Integration,83
A01263,Infrastructure,98
A01263,Database,98
A01263,Analytics & Data,97
A01263,AI & ML,71
A01263,Security,77
A01263,Applications,64
A01263,Integration,92
A01264,Infrastructure,58
A01264,Database,89
A01264,Analytics & Data,83
A01264,AI & ML,90
A01264,Security,100
A01264,Applications,97
A01264,Integration,98
A01265,Infrastructure,56
A01265,Database,50
A01265,Analytics & Data,73
A01265,AI & ML,79
A01265,Security,88
A01265,Applications,97
A01265,Integration,88
A01266,Infrastructure,46
A01266,Database,66
A01266,Analytics & Data,14
A01266,AI & ML,12
A01266,Security,14
A01266,Applications,25
A01266,Integration,64
A01267,Infrastructure,91
A01267,Database,69
A01267,Analytics & Data,73
A01267,AI & ML,52
A01267,Security,59
A01267,Applications,12
A01267,Integration,11
A01268,Infrastructure,72
A01268,Database,87
A01268,Analytics & Data,86
A01268,AI & ML,37
A01268,Security,78
A01268,Applications,61
A01268,Integration,100
A01269,Infrastructure,33
A01269,Database,61
A01269,Analytics & Data,71
A01269,AI & ML,10
A01269,Security,11
A01269,Applications,10
A01269,Integration,48
A01270,Infrastructure,36
A01270,Database,37
A01270,Analytics & Data,31
A01270,AI & ML,58
A01270,Security,12
A01270,Applications,30
A01270,Integration,21
A01271,Infrastructure,100
A01271,Database,99
A01271,Analytics & Data,99
A01271,AI & ML,100
A01271,Security,98
A01271,Applications,100
A01271,Integration,100
A01272,Infrastructure,98
A01272,Database,98
A01272,Analytics & Data,88
A01272,AI & ML,89
A01272,Security,92
A01272,Applications,100
A01272,Integration,88
A01273,Infrastructure,14
A01273,Database,40
A01273,Analytics & Data,35
A01273,AI & ML,52
A01273,Security,15
A01273,Applications,27
A01273,Integration,41
A01274,Infrastructure,28
A01274,Database,64
A01274,Analytics & Data,69
A01274,AI & ML,58
A01274,Security,73
A01274,Applications,52
A01274,Integration,93
A01275,Infrastructure,85
A01275,Database,98
A01275,Analytics & Data,82
A01275,AI & ML,86
A01275,Security,56
A01275,Applications,94
A01275,Integration,92
A01276,Infrastructure,94
A01276,Database,90
A01276,Analytics & Data,84
A01276,AI & ML,61
A01276,Security,37
A01276,Applications,39
A01276,Integration,68
A01277,Infrastructure,29
A01277,Database,49
A01277,Analytics & Data,41
A01277,AI & ML,24
A01277,Security,19
A01277,Applications,31
A01277,Integration,35
A01278,Infrastructure,93
A01278,Database,26
A01278,Analytics & Data,94
A01278,AI & ML,99
A01278,Security,85
A01278,Applications,93
A01278,Integration,20
A01279,Infrastructure,97
A01279,Database,18
A01279,Analytics & Data,86
A01279,AI & ML,54
A01279,Security,99
A01279,Applications,90
A01279,Integration,100
A01280,Infrastructure,12
A01280,Database,82
A01280,Analytics & Data,53
A01280,AI & ML,47
A01280,Security,84
A01280,Applications,55
A01280,Integration,88
A01281,Infrastructure,45
A01281,Database,49
A01281,Analytics & Data,40
A01281,AI & ML,55
A01281,Security,56
A01281,Applications,47
A01281,Integration,93
A01282,Infrastructure,93
A01282,Database,66
A01282,Analytics & Data,82
A01282,AI & ML,87
A01282,Security,97
A01282,Applications,86
A01282,Integration,59
A01283,Infrastructure,16
A01283,Database,89
A01283,Analytics & Data,73
A01283,AI & ML,87
A01283,Security,84
A01283,Applications,100
A01283,Integration,98
A01284,Infrastructure,99
A01284,Database,99
A01284,Analytics & Data,93
A01284,AI & ML,81
A01284,Security,100
A01284,Applications,97
A01284,Integration,100
A01285,Infrastructure,82
A01285,Database,100
A01285,Analytics & Data,72
A01285,AI & ML,89
A01285,Security,55
A01285,Applications,79
A01285,Integration,100
A01286,Infrastructure,76
A01286,Database,47
A01286,Analytics & Data,99
A01286,AI & ML,89
A01286,Security,69
A01286,Applications,82
A01286,Integration,83
A01287,Infrastructure,10
A01287,Database,67
A01287,Analytics & Data,48
A01287,AI & ML,12
A01287,Security,28
A01287,Applications,58
A01287,Integration,20
A01288,Infrastructure,87
A01288,Database,88
A01288,Analytics & Data,76
A01288,AI & ML,99
A01288,Security,85
A01288,Applications,97
A01288,Integration,99
A01289,Infrastructure,16
A01289,Database,51
A01289,Analytics & Data,81
A01289,AI & ML,79
A01289,Security,66
A01289,Applications,56
A01289,Integration,58
A01290,Infrastructure,99
A01290,Database,81
A01290,Analytics & Data,77
A01290,AI & ML,42
A01290,Security,52
A01290,Applications,80
A01290,Integration,80
A01291,Infrastructure,57
A01291,Database,93
A01291,Analytics & Data,89
A01291,AI & ML,69
A01291,Security,97
A01291,Applications,62
A01291,Integration,50
A01292,Infrastructure,90
A01292,Database,93
A01292,Analytics & Data,89
A01292,AI & ML,40
A01292,Security,98
A01292,Applications,80
A01292,Integration,80
A01293,Infrastructure,80
A01293,Database,69
A01293,Analytics & Data,68
A01293,AI & ML,65
A01293,Security,57
A01293,Applications,83
A01293,Integration,57
A01294,Infrastructure,100
A01294,Database,100
A01294,Analytics & Data,68
A01294,AI & ML,97
A01294,Security,77
A01294,Applications,94
A01294,Integration,99
A01295,Infrastructure,69
A01295,Database,54
A01295,Analytics & Data,66
A01295,AI & ML,26
A01295,Security,92
A01295,Applications,63
A01295,Integration,48
A01296,Infrastructure,50
A01296,Database,76
A01296,Analytics & Data,53
A01296,AI & ML,80
A01296,Security,78
A01296,Applications,84
A01296,Integration,93
A01297,Infrastructure,92
A01297,Database,65
A01297,Analytics & Data,69
A01297,AI & ML,82
A01297,Security,82
A01297,Applications,30
A01297,Integration,98
A01298,Infrastructure,97
A01298,Database,48
A01298,Analytics & Data,97
A01298,AI & ML,77
A01298,Security,100
A01298,Applications,68
A01298,Integration,100
A01299,Infrastructure,49
A01299,Database,81
A01299,Analytics & Data,76
A01299,AI & ML,25
A01299,Security,98
A01299,Applications,98
A01299,Integration,87
A01300,Infrastructure,100
A01300,Database,83
A01300,Analytics & Data,99
A01300,AI & ML,100
A01300,Security,90
A01300,Applications,84
A01300,Integration,46
A01301,Infrastructure,31
A01301,Database,29
A01301,Analytics & Data,33
A01301,AI & ML,56
A01301,Security,73
A01301,Applications,37
A01301,Integration,58
A01302,Infrastructure,37
A01302,Database,27
A01302,Analytics & Data,76
A01302,AI & ML,20
A01302,Security,14
A01302,Applications,11
A01302,Integration,27
A01303,Infrastructure,59
A01303,Database,99
A01303,Analytics & Data,93
A01303,AI & ML,79
A01303,Security,92
A01303,Applications,87
A01303,Integration,56
A01304,Infrastructure,100
A01304,Database,51
A01304,Analytics & Data,89
A01304,AI & ML,98
A01304,Security,81
A01304,Applications,93
A01304,Integration,97
A01305,Infrastructure,98
A01305,Database,97
A01305,Analytics & Data,14
A01305,AI & ML,98
A01305,Security,88
A01305,Applications,47
A01305,Integration,99
A01306,Infrastructure,55
A01306,Database,38
A01306,Analytics & Data,56
A01306,AI & ML,36
A01306,Security,60
A01306,Applications,22
A01306,Integration,67
A01307,Infrastructure,20
A01307,Database,17
A01307,Analytics & Data,13
A01307,AI & ML,52
A01307,Security,20
A01307,Applications,11
A01307,Integration,89
A01308,Infrastructure,83
A01308,Database,81
A01308,Analytics & Data,97
A01308,AI & ML,90
A01308,Security,97
A01308,Applications,78
A01308,Integration,81
A01309,Infrastructure,80
A01309,Database,88
A01309,Analytics & Data,49
A01309,AI & ML,47
A01309,Security,56
A01309,Applications,94
A01309,Integration,90
A01310,Infrastructure,82
A01310,Database,100
A01310,Analytics & Data,98
A01310,AI & ML,85
A01310,Security,71
A01310,Applications,80
A01310,Integration,76
A01311,Infrastructure,33
A01311,Database,14
A01311,Analytics & Data,39
A01311,AI & ML,60
A01311,Security,22
A01311,Applications,14
A01311,Integration,48
A01312,Infrastructure,49
A01312,Database,61
A01312,Analytics & Data,26
A01312,AI & ML,56
A01312,Security,51
A01312,Applications,83
A01312,Integration,88
A01313,Infrastructure,60
A01313,Database,55
A01313,Analytics & Data,28
A01313,AI & ML,18
A01313,Security,51
A01313,Applications,22
A01313,Integration,25
A01314,Infrastructure,86
A01314,Database,100
A01314,Analytics & Data,91
A01314,AI & ML,80
A01314,Security,20
A01314,Applications,97
A01314,Integration,97
A01315,Infrastructure,85
A01315,Database,45
A01315,Analytics & Data,97
A01315,AI & ML,100
A01315,Security,100
A01315,Applications,14
A01315,Integration,94
A01316,Infrastructure,48
A01316,Database,45
A01316,Analytics & Data,36
A01316,AI & ML,32
A01316,Security,50
A01316,Applications,42
A01316,Integration,87
A01317,Infrastructure,54
A01317,Database,71
A01317,Analytics & Data,48
A01317,AI & ML,48
A01317,Security,53
A01317,Applications,45
A01317,Integration,91
A01318,Infrastructure,84
A01318,Database,78
A01318,Analytics & Data,12
A01318,AI & ML,68
A01318,Security,83
A01318,Applications,80
A01318,Integration,68
A01319,Infrastructure,86
A01319,Database,42
A01319,Analytics & Data,77
A01319,AI & ML,90
A01319,Security,89
A01319,Applications,84
A01319,Integration,55
A01320,Infrastructure,82
A01320,Database,98
A01320,Analytics & Data,68
A01320,AI & ML,65
A01320,Security,48
A01320,Applications,98
A01320,Integration,89
A01321,Infrastructure,89
A01321,Database,70
A01321,Analytics & Data,84
A01321,AI & ML,61
A01321,Security,67
A01321,Applications,98
A01321,Integration,64
A01322,Infrastructure,31
A01322,Database,14
A01322,Analytics & Data,22
A01322,AI & ML,48
A01322,Security,55
A01322,Applications,53
A01322,Integration,36
A01323,Infrastructure,47
A01323,Database,46
A01323,Analytics & Data,88
A01323,AI & ML,61
A01323,Security,12
A01323,Applications,42
A01323,Integration,33
A01324,Infrastructure,92
A01324,Database,70
A01324,Analytics & Data,72
A01324,AI & ML,77
A01324,Security,70
A01324,Applications,14
A01324,Integration,47
A01325,Infrastructure,20
A01325,Database,45
A01325,Analytics & Data,91
A01325,AI & ML,54
A01325,Security,46
A01325,Applications,63
A01325,Integration,76
A01326,Infrastructure,100
A01326,Database,54
A01326,Analytics & Data,83
A01326,AI & ML,80
A01326,Security,97
A01326,Applications,98
A01326,Integration,97
A01327,Infrastructure,82
A01327,Database,97
A01327,Analytics & Data,98
A01327,AI & ML,61
A01327,Security,34
A01327,Applications,87
A01327,Integration,78
A01328,Infrastructure,49
A01328,Database,94
A01328,Analytics & Data,90
A01328,AI & ML,65
A01328,Security,85
A01328,Applications,100
A01328,Integration,38
A01329,Infrastructure,85
A01329,Database,82
A01329,Analytics & Data,81
A01329,AI & ML,84
A01329,Security,98
A01329,Applications,52
A01329,Integration,47
A01330,Infrastructure,82
A01330,Database,100
A01330,Analytics & Data,85
A01330,AI & ML,97
A01330,Security,49
A01330,Applications,88
A01330,Integration,77
A01331,Infrastructure,78
A01331,Database,51
A01331,Analytics & Data,25
A01331,AI & ML,32
A01331,Security,28
A01331,Applications,35
A01331,Integration,18
A01332,Infrastructure,91
A01332,Database,60
A01332,Analytics & Data,64
A01332,AI & ML,93
A01332,Security,85
A01332,Applications,61
A01332,Integration,76
A01333,Infrastructure,71
A01333,Database,16
A01333,Analytics & Data,16
A01333,AI & ML,61
A01333,Security,31
A01333,Applications,42
A01333,Integration,41
A01334,Infrastructure,70
A01334,Database,53
A01334,Analytics & Data,97
A01334,AI & ML,97
A01334,Security,79
A01334,Applications,83
A01334,Integration,89
A01335,Infrastructure,46
A01335,Database,41
A01335,Analytics & Data,55
A01335,AI & ML,86
A01335,Security,50
A01335,Applications,19
A01335,Integration,29
A01336,Infrastructure,100
A01336,Database,45
A01336,Analytics & Data,57
A01336,AI & ML,78
A01336,Security,86
A01336,Applications,98
A01336,Integration,87
A01337,Infrastructure,57
A01337,Database,82
A01337,Analytics & Data,52
A01337,AI & ML,88
A01337,Security,91
A01337,Applications,87
A01337,Integration,92
A01338,Infrastructure,40
A01338,Database,19
A01338,Analytics & Data,40
A01338,AI & ML,87
A01338,Security,45
A01338,Applications,27
A01338,Integration,60
A01339,Infrastructure,90
A01339,Database,100
A01339,Analytics & Data,100
A01339,AI & ML,57
A01339,Security,97
A01339,Applications,98
A01339,Integration,98
A01340,Infrastructure,84
A01340,Database,48
A01340,Analytics & Data,59
A01340,AI & ML,18
A01340,Security,35
A01340,Applications,68
A01340,Integration,76
A01341,Infrastructure,49
A01341,Database,65
A01341,Analytics & Data,47
A01341,AI & ML,90
A01341,Security,31
A01341,Applications,48
A01341,Integration,33
A01342,Infrastructure,34
A01342,Database,24
A01342,Analytics & Data,39
A01342,AI & ML,38
A01342,Security,26
A01342,Applications,32
A01342,Integration,34
A01343,Infrastructure,92
A01343,Database,28
A01343,Analytics & Data,93
A01343,AI & ML,87
A01343,Security,94
A01343,Applications,97
A01343,Integration,94
A01344,Infrastructure,98
A01344,Database,97
A01344,Analytics & Data,87
A01344,AI & ML,100
A01344,Security,85
A01344,Applications,51
A01344,Integration,67
A01345,Infrastructure,68
A01345,Database,80
A01345,Analytics & Data,49
A01345,AI & ML,59
A01345,Security,17
A01345,Applications,78
A01345,Integration,90
A01346,Infrastructure,90
A01346,Database,60
A01346,Analytics & Data,66
A01346,AI & ML,98
A01346,Security,100
A01346,Applications,76
A01346,Integration,97
A01347,Infrastructure,28
A01347,Database,26
A01347,Analytics & Data,50
A01347,AI & ML,80
A01347,Security,77
A01347,Applications,67
A01347,Integration,41
A01348,Infrastructure,27
A01348,Database,20
A01348,Analytics & Data,68
A01348,AI & ML,40
A01348,Security,18
A01348,Applications,12
A01348,Integration,73
A01349,Infrastructure,69
A01349,Database,52
A01349,Analytics & Data,52
A01349,AI & ML,94
A01349,Security,82
A01349,Applications,67
A01349,Integration,12
A01350,Infrastructure,93
A01350,Database,78
A01350,Analytics & Data,62
A01350,AI & ML,93
A01350,Security,91
A01350,Applications,86
A01350,Integration,57
A01351,Infrastructure,92
A01351,Database,100
A01351,Analytics & Data,82
A01351,AI & ML,94
A01351,Security,65
A01351,Applications,81
A01351,Integration,46
A01352,Infrastructure,68
A01352,Database,78
A01352,Analytics & Data,84
A01352,AI & ML,97
A01352,Security,76
A01352,Applications,89
A01352,Integration,54
A01353,Infrastructure,29
A01353,Database,12
A01353,Analytics & Data,57
A01353,AI & ML,90
A01353,Security,15
A01353,Applications,80
A01353,Integration,48
A01354,Infrastructure,94
A01354,Database,23
A01354,Analytics & Data,82
A01354,AI & ML,84
A01354,Security,79
A01354,Applications,49
A01354,Integration,69
A01355,Infrastructure,47
A01355,Database,36
A01355,Analytics & Data,38
A01355,AI & ML,59
A01355,Security,13
A01355,Applications,33
A01355,Integration,73
A01356,Infrastructure,99
A01356,Database,93
A01356,Analytics & Data,87
A01356,AI & ML,98
A01356,Security,89
A01356,Applications,98
A01356,Integration,69
A01357,Infrastructure,79
A01357,Database,25
A01357,Analytics & Data,99
A01357,AI & ML,98
A01357,Security,97
A01357,Applications,100
A01357,Integration,99
A01358,Infrastructure,35
A01358,Database,25
A01358,Analytics & Data,25
A01358,AI & ML,59
A01358,Security,27
A01358,Applications,32
A01358,Integration,17
A01359,Infrastructure,86
A01359,Database,23
A01359,Analytics & Data,88
A01359,AI & ML,97
A01359,Security,98
A01359,Applications,12
A01359,Integration,98
A01360,Infrastructure,18
A01360,Database,45
A01360,Analytics & Data,48
A01360,AI & ML,57
A01360,Security,27
A01360,Applications,76
A01360,Integration,40
A01361,Infrastructure,100
A01361,Database,83
A01361,Analytics & Data,97
A01361,AI & ML,52
A01361,Security,52
A01361,Applications,83
A01361,Integration,98
A01362,Infrastructure,84
A01362,Database,82
A01362,Analytics & Data,98
A01362,AI & ML,98
A01362,Security,93
A01362,Applications,90
A01362,Integration,97
A01363,Infrastructure,65
A01363,Database,35
A01363,Analytics & Data,70
A01363,AI & ML,25
A01363,Security,54
A01363,Applications,35
A01363,Integration,15
A01364,Infrastructure,42
A01364,Database,91
A01364,Analytics & Data,57
A01364,AI & ML,100
A01364,Security,83
A01364,Applications,76
A01364,Integration,81
A01365,Infrastructure,98
A01365,Database,100
A01365,Analytics & Data,97
A01365,AI & ML,99
A01365,Security,89
A01365,Applications,97
A01365,Integration,99
A01366,Infrastructure,85
A01366,Database,86
A01366,Analytics & Data,41
A01366,AI & ML,79
A01366,Security,93
A01366,Applications,81
A01366,Integration,87
A01367,Infrastructure,90
A01367,Database,48
A01367,Analytics & Data,54
A01367,AI & ML,46
A01367,Security,62
A01367,Applications,90
A01367,Integration,66
A01368,Infrastructure,28
A01368,Database,67
A01368,Analytics & Data,70
A01368,AI & ML,100
A01368,Security,21
A01368,Applications,82
A01368,Integration,59
A01369,Infrastructure,100
A01369,Database,100
A01369,Analytics & Data,85
A01369,AI & ML,93
A01369,Security,88
A01369,Applications,97
A01369,Integration,31
A01370,Infrastructure,100
A01370,Database,80
A01370,Analytics & Data,77
A01370,AI & ML,90
A01370,Security,62
A01370,Applications,92
A01370,Integration,94
A01371,Infrastructure,71
A01371,Database,17
A01371,Analytics & Data,37
A01371,AI & ML,18
A01371,Security,20
A01371,Applications,94
A01371,Integration,30
A01372,Infrastructure,27
A01372,Database,33
A01372,Analytics & Data,28
A01372,AI & ML,42
A01372,Security,10
A01372,Applications,32
A01372,Integration,25
A01373,Infrastructure,65
A01373,Database,55
A01373,Analytics & Data,50
A01373,AI & ML,19
A01373,Security,25
A01373,Applications,17
A01373,Integration,51
A01374,Infrastructure,98
A01374,Database,100
A01374,Analytics & Data,76
A01374,AI & ML,67
A01374,Security,80
A01374,Applications,85
A01374,Integration,78
A01375,Infrastructure,60
A01375,Database,17
A01375,Analytics & Data,17
A01375,AI & ML,54
A01375,Security,15
A01375,Applications,16
A01375,Integration,99
A01376,Infrastructure,33
A01376,Database,67
A01376,Analytics & Data,98
A01376,AI & ML,97
A01376,Security,99
A01376,Applications,99
A01376,Integration,99
A01377,Infrastructure,11
A01377,Database,13
A01377,Analytics & Data,94
A01377,AI & ML,79
A01377,Security,90
A01377,Applications,62
A01377,Integration,77
A01378,Infrastructure,92
A01378,Database,46
A01378,Analytics & Data,98
A01378,AI & ML,81
A01378,Security,78
A01378,Applications,94
A01378,Integration,99
A01379,Infrastructure,29
A01379,Database,76
A01379,Analytics & Data,92
A01379,AI & ML,52
A01379,Security,57
A01379,Applications,52
A01379,Integration,56
A01380,Infrastructure,90
A01380,Database,46
A01380,Analytics & Data,94
A01380,AI & ML,76
A01380,Security,22
A01380,Applications,85
A01380,Integration,46
A01381,Infrastructure,84
A01381,Database,81
A01381,Analytics & Data,82
A01381,AI & ML,94
A01381,Security,88
A01381,Applications,97
A01381,Integration,83
A01382,Infrastructure,94
A01382,Database,88
A01382,Analytics & Data,64
A01382,AI & ML,65
A01382,Security,89
A01382,Applications,93
A01382,Integration,94
A01383,Infrastructure,91
A01383,Database,68
A01383,Analytics & Data,97
A01383,AI & ML,42
A01383,Security,100
A01383,Applications,98
A01383,Integration,83
A01384,Infrastructure,79
A01384,Database,94
A01384,Analytics & Data,100
A01384,AI & ML,57
A01384,Security,78
A01384,Applications,97
A01384,Integration,93
A01385,Infrastructure,15
A01385,Database,89
A01385,Analytics & Data,81
A01385,AI & ML,14
A01385,Security,20
A01385,Applications,34
A01385,Integration,54
A01386,Infrastructure,84
A01386,Database,83
A01386,Analytics & Data,76
A01386,AI & ML,58
A01386,Security,98
A01386,Applications,45
A01386,Integration,84
A01387,Infrastructure,48
A01387,Database,70
A01387,Analytics & Data,63
A01387,AI & ML,98
A01387,Security,13
A01387,Applications,66
A01387,Integration,52
A01388,Infrastructure,17
A01388,Database,13
A01388,Analytics & Data,26
A01388,AI & ML,13
A01388,Security,35
A01388,Applications,41
A01388,Integration,14
A01389,Infrastructure,67
A01389,Database,68
A01389,Analytics & Data,82
A01389,AI & ML,51
A01389,Security,79
A01389,Applications,98
A01389,Integration,51
A01390,Infrastructure,82
A01390,Database,65
A01390,Analytics & Data,98
A01390,AI & ML,40
A01390,Security,65
A01390,Applications,62
A01390,Integration,89
A01391,Infrastructure,100
A01391,Database,92
A01391,Analytics & Data,88
A01391,AI & ML,81
A01391,Security,98
A01391,Applications,91
A01391,Integration,80
A01392,Infrastructure,99
A01392,Database,52
A01392,Analytics & Data,100
A01392,AI & ML,89
A01392,Security,100
A01392,Applications,88
A01392,Integration,97
A01393,Infrastructure,99
A01393,Database,77
A01393,Analytics & Data,99
A01393,AI & ML,100
A01393,Security,82
A01393,Applications,97
A01393,Integration,91
A01394,Infrastructure,30
A01394,Database,33
A01394,Analytics & Data,47
A01394,AI & ML,46
A01394,Security,72
A01394,Applications,45
A01394,Integration,25
A01395,Infrastructure,97
A01395,Database,48
A01395,Analytics & Data,73
A01395,AI & ML,59
A01395,Security,77
A01395,Applications,72
A01395,Integration,65
A01396,Infrastructure,99
A01396,Database,78
A01396,Analytics & Data,52
A01396,AI & ML,85
A01396,Security,25
A01396,Applications,93
A01396,Integration,27
A01397,Infrastructure,99
A01397,Database,99
A01397,Analytics & Data,91
A01397,AI & ML,88
A01397,Security,41
A01397,Applications,10
A01397,Integration,65
A01398,Infrastructure,22
A01398,Database,82
A01398,Analytics & Data,71
A01398,AI & ML,65
A01398,Security,69
A01398,Applications,87
A01398,Integration,98
A01399,Infrastructure,83
A01399,Database,52
A01399,Analytics & Data,49
A01399,AI & ML,62
A01399,Security,37
A01399,Applications,94
A01399,Integration,67
A01400,Infrastructure,89
A01400,Database,28
A01400,Analytics & Data,31
A01400,AI & ML,16
A01400,Security,83
A01400,Applications,81
A01400,Integration,93
A01401,Infrastructure,38
A01401,Database,94
A01401,Analytics & Data,82
A01401,AI & ML,79
A01401,Security,85
A01401,Applications,90
A01401,Integration,99
A01402,Infrastructure,71
A01402,Database,10
A01402,Analytics & Data,64
A01402,AI & ML,81
A01402,Security,50
A01402,Applications,51
A01402,Integration,67
A01403,Infrastructure,94
A01403,Database,89
A01403,Analytics & Data,98
A01403,AI & ML,87
A01403,Security,34
A01403,Applications,90
A01403,Integration,51
A01404,Infrastructure,87
A01404,Database,56
A01404,Analytics & Data,97
A01404,AI & ML,67
A01404,Security,100
A01404,Applications,98
A01404,Integration,98
A01405,Infrastructure,55
A01405,Database,56
A01405,Analytics & Data,21
A01405,AI & ML,65
A01405,Security,40
A01405,Applications,61
A01405,Integration,71
A01406,Infrastructure,91
A01406,Database,54
A01406,Analytics & Data,89
A01406,AI & ML,35
A01406,Security,90
A01406,Applications,94
A01406,Integration,55
A01407,Infrastructure,98
A01407,Database,100
A01407,Analytics & Data,98
A01407,AI & ML,92
A01407,Security,99
A01407,Applications,97
A01407,Integration,89
A01408,Infrastructure,65
A01408,Database,69
A01408,Analytics & Data,26
A01408,AI & ML,27
A01408,Security,23
A01408,Applications,15
A01408,Integration,16
A01409,Infrastructure,98
A01409,Database,82
A01409,Analytics & Data,58
A01409,AI & ML,70
A01409,Security,84
A01409,Applications,99
A01409,Integration,100
A01410,Infrastructure,14
A01410,Database,18
A01410,Analytics & Data,14
A01410,AI & ML,80
A01410,Security,56
A01410,Applications,25
A01410,Integration,22
A01411,Infrastructure,62
A01411,Database,59
A01411,Analytics & Data,49
A01411,AI & ML,76
A01411,Security,67
A01411,Applications,77
A01411,Integration,80
A01412,Infrastructure,56
A01412,Database,66
A01412,Analytics & Data,80
A01412,AI & ML,19
A01412,Security,53
A01412,Applications,78
A01412,Integration,82
A01413,Infrastructure,48
A01413,Database,59
A01413,Analytics & Data,77
A01413,AI & ML,92
A01413,Security,98
A01413,Applications,52
A01413,Integration,90
A01414,Infrastructure,97
A01414,Database,93
A01414,Analytics & Data,99
A01414,AI & ML,80
A01414,Security,84
A01414,Applications,88
A01414,Integration,98
A01415,Infrastructure,32
A01415,Database,17
A01415,Analytics & Data,18
A01415,AI & ML,32
A01415,Security,90
A01415,Applications,37
A01415,Integration,42
A01416,Infrastructure,58
A01416,Database,88
A01416,Analytics & Data,78
A01416,AI & ML,47
A01416,Security,99
A01416,Applications,93
A01416,Integration,91
A01417,Infrastructure,88
A01417,Database,97
A01417,Analytics & Data,81
A01417,AI & ML,59
A01417,Security,91
A01417,Applications,24
A01417,Integration,99
A01418,Infrastructure,85
A01418,Database,51
A01418,Analytics & Data,42
A01418,AI & ML,61
A01418,Security,64
A01418,Applications,58
A01418,Integration,57
A01419,Infrastructure,14
A01419,Database,20
A01419,Analytics & Data,82
A01419,AI & ML,30
A01419,Security,29
A01419,Applications,92
A01419,Integration,21
A01420,Infrastructure,12
A01420,Database,84
A01420,Analytics & Data,81
A01420,AI & ML,82
A01420,Security,83
A01420,Applications,85
A01420,Integration,49
A01421,Infrastructure,41
A01421,Database,49
A01421,Analytics & Data,56
A01421,AI & ML,24
A01421,Security,23
A01421,Applications,34
A01421,Integration,45
A01422,Infrastructure,80
A01422,Database,55
A01422,Analytics & Data,72
A01422,AI & ML,58
A01422,Security,88
A01422,Applications,52
A01422,Integration,58
A01423,Infrastructure,93
A01423,Database,53
A01423,Analytics & Data,59
A01423,AI & ML,62
A01423,Security,81
A01423,Applications,71
A01423,Integration,98
A01424,Infrastructure,94
A01424,Database,97
A01424,Analytics & Data,99
A01424,AI & ML,56
A01424,Security,23
A01424,Applications,58
A01424,Integration,99
A01425,Infrastructure,47
A01425,Database,98
A01425,Analytics & Data,49
A01425,AI & ML,86
A01425,Security,100
A01425,Applications,100
A01425,Integration,55
A01426,Infrastructure,24
A01426,Database,34
A01426,Analytics & Data,29
A01426,AI & ML,68
A01426,Security,64
A01426,Applications,16
A01426,Integration,66
A01427,Infrastructure,25
A01427,Database,46
A01427,Analytics & Data,70
A01427,AI & ML,29
A01427,Security,92
A01427,Applications,46
A01427,Integration,51
A01428,Infrastructure,87
A01428,Database,90
A01428,Analytics & Data,30
A01428,AI & ML,84
A01428,Security,94
A01428,Applications,48
A01428,Integration,87
A01429,Infrastructure,82
A01429,Database,40
A01429,Analytics & Data,23
A01429,AI & ML,86
A01429,Security,10
A01429,Applications,76
A01429,Integration,87
A01430,Infrastructure,87
A01430,Database,24
A01430,Analytics & Data,59
A01430,AI & ML,80
A01430,Security,81
A01430,Applications,90
A01430,Integration,93
A01431,Infrastructure,77
A01431,Database,100
A01431,Analytics & Data,100
A01431,AI & ML,81
A01431,Security,76
A01431,Applications,79
A01431,Integration,100
A01432,Infrastructure,23
A01432,Database,40
A01432,Analytics & Data,100
A01432,AI & ML,98
A01432,Security,98
A01432,Applications,97
A01432,Integration,93
A01433,Infrastructure,26
A01433,Database,100
A01433,Analytics & Data,99
A01433,AI & ML,100
A01433,Security,98
A01433,Applications,97
A01433,Integration,98
A01434,Infrastructure,100
A01434,Database,97
A01434,Analytics & Data,94
A01434,AI & ML,100
A01434,Security,38
A01434,Applications,97
A01434,Integration,98
A01435,Infrastructure,81
A01435,Database,17
A01435,Analytics & Data,40
A01435,AI & ML,73
A01435,Security,97
A01435,Applications,100
A01435,Integration,63
A01436,Infrastructure,82
A01436,Database,53
A01436,Analytics & Data,58
A01436,AI & ML,73
A01436,Security,68
A01436,Applications,45
A01436,Integration,57
A01437,Infrastructure,45
A01437,Database,93
A01437,Analytics & Data,27
A01437,AI & ML,82
A01437,Security,54
A01437,Applications,77
A01437,Integration,76
A01438,Infrastructure,77
A01438,Database,26
A01438,Analytics & Data,56
A01438,AI & ML,21
A01438,Security,15
A01438,Applications,80
A01438,Integration,84
A01439,Infrastructure,45
A01439,Database,23
A01439,Analytics & Data,19
A01439,AI & ML,53
A01439,Security,46
A01439,Applications,22
A01439,Integration,61
A01440,Infrastructure,60
A01440,Database,47
A01440,Analytics & Data,60
A01440,AI & ML,94
A01440,Security,80
A01440,Applications,82
A01440,Integration,91
A01441,Infrastructure,54
A01441,Database,56
A01441,Analytics & Data,49
A01441,AI & ML,60
A01441,Security,93
A01441,Applications,41
A01441,Integration,83
A01442,Infrastructure,31
A01442,Database,23
A01442,Analytics & Data,45
A01442,AI & ML,32
A01442,Security,27
A01442,Applications,30
A01442,Integration,32
A01443,Infrastructure,99
A01443,Database,83
A01443,Analytics & Data,99
A01443,AI & ML,99
A01443,Security,89
A01443,Applications,76
A01443,Integration,25
A01444,Infrastructure,81
A01444,Database,98
A01444,Analytics & Data,35
A01444,AI & ML,76
A01444,Security,98
A01444,Applications,97
A01444,Integration,56
A01445,Infrastructure,88
A01445,Database,49
A01445,Analytics & Data,58
A01445,AI & ML,84
A01445,Security,80
A01445,Applications,71
A01445,Integration,69
A01446,Infrastructure,78
A01446,Database,87
A01446,Analytics & Data,82
A01446,AI & ML,72
A01446,Security,71
A01446,Applications,100
A01446,Integration,93
A01447,Infrastructure,60
A01447,Database,47
A01447,Analytics & Data,49
A01447,AI & ML,70
A01447,Security,64
A01447,Applications,78
A01447,Integration,77
A01448,Infrastructure,67
A01448,Database,78
A01448,Analytics & Data,67
A01448,AI & ML,50
A01448,Security,36
A01448,Applications,97
A01448,Integration,59
A01449,Infrastructure,71
A01449,Database,82
A01449,Analytics & Data,26
A01449,AI & ML,58
A01449,Security,11
A01449,Applications,46
A01449,Integration,48
A01450,Infrastructure,48
A01450,Database,30
A01450,Analytics & Data,54
A01450,AI & ML,46
A01450,Security,86
A01450,Applications,77
A01450,Integration,19
A01451,Infrastructure,66
A01451,Database,91
A01451,Analytics & Data,70
A01451,AI & ML,80
A01451,Security,76
A01451,Applications,79
A01451,Integration,99
A01452,Infrastructure,23
A01452,Database,69
A01452,Analytics & Data,53
A01452,AI & ML,91
A01452,Security,71
A01452,Applications,70
A01452,Integration,55
A01453,Infrastructure,87
A01453,Database,47
A01453,Analytics & Data,68
A01453,AI & ML,84
A01453,Security,99
A01453,Applications,61
A01453,Integration,71
A01454,Infrastructure,35
A01454,Database,32
A01454,Analytics & Data,65
A01454,AI & ML,38
A01454,Security,32
A01454,Applications,64
A01454,Integration,54
A01455,Infrastructure,62
A01455,Database,57
A01455,Analytics & Data,32
A01455,AI & ML,55
A01455,Security,67
A01455,Applications,57
A01455,Integration,24
A01456,Infrastructure,21
A01456,Database,55
A01456,Analytics & Data,67
A01456,AI & ML,63
A01456,Security,83
A01456,Applications,97
A01456,Integration,89
A01457,Infrastructure,93
A01457,Database,92
A01457,Analytics & Data,90
A01457,AI & ML,78
A01457,Security,97
A01457,Applications,88
A01457,Integration,94
A01458,Infrastructure,86
A01458,Database,94
A01458,Analytics & Data,31
A01458,AI & ML,82
A01458,Security,81
A01458,Applications,46
A01458,Integration,12
A01459,Infrastructure,13
A01459,Database,80
A01459,Analytics & Data,100
A01459,AI & ML,86
A01459,Security,45
A01459,Applications,64
A01459,Integration,65
A01460,Infrastructure,10
A01460,Database,87
A01460,Analytics & Data,78
A01460,AI & ML,92
A01460,Security,39
A01460,Applications,16
A01460,Integration,66
A01461,Infrastructure,39
A01461,Database,22
A01461,Analytics & Data,31
A01461,AI & ML,31
A01461,Security,12
A01461,Applications,34
A01461,Integration,53
A01462,Infrastructure,23
A01462,Database,40
A01462,Analytics & Data,64
A01462,AI & ML,38
A01462,Security,36
A01462,Applications,93
A01462,Integration,85
A01463,Infrastructure,100
A01463,Database,93
A01463,Analytics & Data,39
A01463,AI & ML,71
A01463,Security,46
A01463,Applications,50
A01463,Integration,45
A01464,Infrastructure,83
A01464,Database,52
A01464,Analytics & Data,29
A01464,AI & ML,63
A01464,Security,61
A01464,Applications,87
A01464,Integration,57
A01465,Infrastructure,84
A01465,Database,100
A01465,Analytics & Data,81
A01465,AI & ML,39
A01465,Security,79
A01465,Applications,77
A01465,Integration,81
A01466,Infrastructure,80
A01466,Database,64
A01466,Analytics & Data,93
A01466,AI & ML,78
A01466,Security,84
A01466,Applications,60
A01466,Integration,76
A01467,Infrastructure,18
A01467,Database,20
A01467,Analytics & Data,71
A01467,AI & ML,20
A01467,Security,23
A01467,Applications,39
A01467,Integration,13
A01468,Infrastructure,63
A01468,Database,54
A01468,Analytics & Data,66
A01468,AI & ML,72
A01468,Security,60
A01468,Applications,87
A01468,Integration,94
A01469,Infrastructure,79
A01469,Database,98
A01469,Analytics & Data,90
A01469,AI & ML,11
A01469,Security,98
A01469,Applications,100
A01469,Integration,15
A01470,Infrastructure,87
A01470,Database,63
A01470,Analytics & Data,88
A01470,AI & ML,79
A01470,Security,88
A01470,Applications,86
A01470,Integration,85
A01471,Infrastructure,22
A01471,Database,46
A01471,Analytics & Data,72
A01471,AI & ML,69
A01471,Security,60
A01471,Applications,79
A01471,Integration,42
A01472,Infrastructure,98
A01472,Database,98
A01472,Analytics & Data,98
A01472,AI & ML,98
A01472,Security,97
A01472,Applications,20
A01472,Integration,76
A01473,Infrastructure,80
A01473,Database,53
A01473,Analytics & Data,11
A01473,AI & ML,64
A01473,Security,63
A01473,Applications,80
A01473,Integration,54
A01474,Infrastructure,80
A01474,Database,81
A01474,Analytics & Data,23
A01474,AI & ML,99
A01474,Security,87
A01474,Applications,100
A01474,Integration,81
A01475,Infrastructure,48
A01475,Database,24
A01475,Analytics & Data,29
A01475,AI & ML,53
A01475,Security,11
A01475,Applications,51
A01475,Integration,21
A01476,Infrastructure,69
A01476,Database,51
A01476,Analytics & Data,60
A01476,AI & ML,14
A01476,Security,39
A01476,Applications,77
A01476,Integration,63
A01477,Infrastructure,52
A01477,Database,62
A01477,Analytics & Data,94
A01477,AI & ML,54
A01477,Security,66
A01477,Applications,25
A01477,Integration,28
A01478,Infrastructure,99
A01478,Database,100
A01478,Analytics & Data,97
A01478,AI & ML,82
A01478,Security,99
A01478,Applications,62
A01478,Integration,99
A01479,Infrastructure,76
A01479,Database,97
A01479,Analytics & Data,99
A01479,AI & ML,100
A01479,Security,86
A01479,Applications,81
A01479,Integration,86
A01480,Infrastructure,90
A01480,Database,65
A01480,Analytics & Data,100
A01480,AI & ML,21
A01480,Security,56
A01480,Applications,73
A01480,Integration,64
A01481,Infrastructure,93
A01481,Database,88
A01481,Analytics & Data,80
A01481,AI & ML,87
A01481,Security,92
A01481,Applications,99
A01481,Integration,100
A01482,Infrastructure,76
A01482,Database,72
A01482,Analytics & Data,50
A01482,AI & ML,33
A01482,Security,92
A01482,Applications,16
A01482,Integration,19
A01483,Infrastructure,87
A01483,Database,94
A01483,Analytics & Data,90
A01483,AI & ML,36
A01483,Security,80
A01483,Applications,78
A01483,Integration,97
A01484,Infrastructure,72
A01484,Database,40
A01484,Analytics & Data,37
A01484,AI & ML,37
A01484,Security,68
A01484,Applications,14
A01484,Integration,36
A01485,Infrastructure,57
A01485,Database,69
A01485,Analytics & Data,56
A01485,AI & ML,82
A01485,Security,55
A01485,Applications,57
A01485,Integration,76
A01486,Infrastructure,87
A01486,Database,90
A01486,Analytics & Data,32
A01486,AI & ML,56
A01486,Security,55
A01486,Applications,89
A01486,Integration,46
A01487,Infrastructure,89
A01487,Database,46
A01487,Analytics & Data,65
A01487,AI & ML,61
A01487,Security,98
A01487,Applications,82
A01487,Integration,78
A01488,Infrastructure,76
A01488,Database,86
A01488,Analytics & Data,88
A01488,AI & ML,54
A01488,Security,64
A01488,Applications,46
A01488,Integration,67
A01489,Infrastructure,38
A01489,Database,10
A01489,Analytics & Data,22
A01489,AI & ML,37
A01489,Security,64
A01489,Applications,16
A01489,Integration,26
A01490,Infrastructure,97
A01490,Database,89
A01490,Analytics & Data,100
A01490,AI & ML,76
A01490,Security,85
A01490,Applications,47
A01490,Integration,82
A01491,Infrastructure,88
A01491,Database,89
A01491,Analytics & Data,90
A01491,AI & ML,94
A01491,Security,100
A01491,Applications,18
A01491,Integration,97
A01492,Infrastructure,87
A01492,Database,87
A01492,Analytics & Data,63
A01492,AI & ML,87
A01492,Security,89
A01492,Applications,77
A01492,Integration,61
A01493,Infrastructure,14
A01493,Database,67
A01493,Analytics & Data,67
A01493,AI & ML,64
A01493,Security,56
A01493,Applications,20
A01493,Integration,94
A01494,Infrastructure,58
A01494,Database,71
A01494,Analytics & Data,37
A01494,AI & ML,45
A01494,Security,66
A01494,Applications,88
A01494,Integration,70
A01495,Infrastructure,99
A01495,Database,81
A01495,Analytics & Data,70
A01495,AI & ML,58
A01495,Security,82
A01495,Applications,100
A01495,Integration,94
A01496,Infrastructure,79
A01496,Database,79
A01496,Analytics & Data,76
A01496,AI & ML,78
A01496,Security,83
A01496,Applications,93
A01496,Integration,76
A01497,Infrastructure,51
A01497,Database,84
A01497,Analytics & Data,84
A01497,AI & ML,53
A01497,Security,58
A01497,Applications,35
A01497,Integration,87
A01498,Infrastructure,91
A01498,Database,77
A01498,Analytics & Data,46
A01498,AI & ML,88
A01498,Security,91
A01498,Applications,33
A01498,Integration,100
A01499,Infrastructure,57
A01499,Database,86
A01499,Analytics & Data,61
A01499,AI & ML,68
A01499,Security,65
A01499,Applications,81
A01499,Integration,58
A01500,Infrastructure,68
A01500,Database,56
A01500,Analytics & Data,100
A01500,AI & ML,98
A01500,Security,78
A01500,Applications,97
A01500,Integration,97
A01501,Infrastructure,87
A01501,Database,91
A01501,Analytics & Data,55
A01501,AI & ML,58
A01501,Security,79
A01501,Applications,87
A01501,Integration,89
A01502,Infrastructure,99
A01502,Database,100
A01502,Analytics & Data,86
A01502,AI & ML,79
A01502,Security,15
A01502,Applications,86
A01502,Integration,82
A01503,Infrastructure,98
A01503,Database,91
A01503,Analytics & Data,100
A01503,AI & ML,82
A01503,Security,99
A01503,Applications,97
A01503,Integration,99
A01504,Infrastructure,98
A01504,Database,94
A01504,Analytics & Data,91
A01504,AI & ML,66
A01504,Security,100
A01504,Applications,99
A01504,Integration,56
A01505,Infrastructure,82
A01505,Database,83
A01505,Analytics & Data,93
A01505,AI & ML,88
A01505,Security,93
A01505,Applications,98
A01505,Integration,91
A01506,Infrastructure,48
A01506,Database,87
A01506,Analytics & Data,76
A01506,AI & ML,32
A01506,Security,50
A01506,Applications,77
A01506,Integration,72
A01507,Infrastructure,36
A01507,Database,25
A01507,Analytics & Data,22
A01507,AI & ML,42
A01507,Security,70
A01507,Applications,41
A01507,Integration,19
A01508,Infrastructure,39
A01508,Database,26
A01508,Analytics & Data,17
A01508,AI & ML,15
A01508,Security,41
A01508,Applications,26
A01508,Integration,38
A01509,Infrastructure,56
A01509,Database,62
A01509,Analytics & Data,66
A01509,AI & ML,79
A01509,Security,94
A01509,Applications,94
A01509,Integration,100
A01510,Infrastructure,31
A01510,Database,33
A01510,Analytics & Data,36
A01510,AI & ML,70
A01510,Security,52
A01510,Applications,11
A01510,Integration,16
A01511,Infrastructure,46
A01511,Database,49
A01511,Analytics & Data,56
A01511,AI & ML,71
A01511,Security,11
A01511,Applications,83
A01511,Integration,77
A01512,Infrastructure,86
A01512,Database,99
A01512,Analytics & Data,81
A01512,AI & ML,100
A01512,Security,98
A01512,Applications,81
A01512,Integration,98
A01513,Infrastructure,82
A01513,Database,39
A01513,Analytics & Data,25
A01513,AI & ML,56
A01513,Security,63
A01513,Applications,32
A01513,Integration,54
A01514,Infrastructure,10
A01514,Database,92
A01514,Analytics & Data,39
A01514,AI & ML,76
A01514,Security,83
A01514,Applications,63
A01514,Integration,87
A01515,Infrastructure,83
A01515,Database,76
A01515,Analytics & Data,78
A01515,AI & ML,93
A01515,Security,78
A01515,Applications,77
A01515,Integration,17
A01516,Infrastructure,52
A01516,Database,90
A01516,Analytics & Data,10
A01516,AI & ML,51
A01516,Security,10
A01516,Applications,25
A01516,Integration,26
A01517,Infrastructure,82
A01517,Database,97
A01517,Analytics & Data,100
A01517,AI & ML,99
A01517,Security,97
A01517,Applications,86
A01517,Integration,100
A01518,Infrastructure,32
A01518,Database,32
A01518,Analytics & Data,66
A01518,AI & ML,19
A01518,Security,18
A01518,Applications,14
A01518,Integration,69
A01519,Infrastructure,93
A01519,Database,87
A01519,Analytics & Data,69
A01519,AI & ML,77
A01519,Security,88
A01519,Applications,84
A01519,Integration,82
A01520,Infrastructure,89
A01520,Database,83
A01520,Analytics & Data,83
A01520,AI & ML,99
A01520,Security,81
A01520,Applications,98
A01520,Integration,82
A01521,Infrastructure,49
A01521,Database,57
A01521,Analytics & Data,45
A01521,AI & ML,47
A01521,Security,97
A01521,Applications,55
A01521,Integration,64
A01522,Infrastructure,72
A01522,Database,97
A01522,Analytics & Data,98
A01522,AI & ML,100
A01522,Security,32
A01522,Applications,82
A01522,Integration,79
A01523,Infrastructure,79
A01523,Database,100
A01523,Analytics & Data,27
A01523,AI & ML,93
A01523,Security,88
A01523,Applications,97
A01523,Integration,70
A01524,Infrastructure,90
A01524,Database,80
A01524,Analytics & Data,84
A01524,AI & ML,97
A01524,Security,99
A01524,Applications,90
A01524,Integration,78
A01525,Infrastructure,35
A01525,Database,13
A01525,Analytics & Data,10
A01525,AI & ML,37
A01525,Security,51
A01525,Applications,42
A01525,Integration,45
A01526,Infrastructure,72
A01526,Database,64
A01526,Analytics & Data,76
A01526,AI & ML,40
A01526,Security,97
A01526,Applications,72
A01526,Integration,21
A01527,Infrastructure,29
A01527,Database,24
A01527,Analytics & Data,47
A01527,AI & ML,38
A01527,Security,24
A01527,Applications,50
A01527,Integration,37
A01528,Infrastructure,34
A01528,Database,94
A01528,Analytics & Data,86
A01528,AI & ML,65
A01528,Security,87
A01528,Applications,88
A01528,Integration,83
A01529,Infrastructure,93
A01529,Database,90
A01529,Analytics & Data,94
A01529,AI & ML,88
A01529,Security,83
A01529,Applications,83
A01529,Integration,86
A01530,Infrastructure,23
A01530,Database,79
A01530,Analytics & Data,98
A01530,AI & ML,28
A01530,Security,68
A01530,Applications,93
A01530,Integration,26
A01531,Infrastructure,86
A01531,Database,93
A01531,Analytics & Data,98
A01531,AI & ML,21
A01531,Security,83
A01531,Applications,81
A01531,Integration,72
A01532,Infrastructure,90
A01532,Database,53
A01532,Analytics & Data,66
A01532,AI & ML,72
A01532,Security,94
A01532,Applications,12
A01532,Integration,63
A01533,Infrastructure,86
A01533,Database,78
A01533,Analytics & Data,86
A01533,AI & ML,99
A01533,Security,94
A01533,Applications,84
A01533,Integration,99
A01534,Infrastructure,97
A01534,Database,88
A01534,Analytics & Data,92
A01534,AI & ML,54
A01534,Security,60
A01534,Applications,64
A01534,Integration,85
A01535,Infrastructure,78
A01535,Database,69
A01535,Analytics & Data,64
A01535,AI & ML,94
A01535,Security,65
A01535,Applications,63
A01535,Integration,68
A01536,Infrastructure,78
A01536,Database,34
A01536,Analytics & Data,98
A01536,AI & ML,100
A01536,Security,18
A01536,Applications,81
A01536,Integration,99
A01537,Infrastructure,50
A01537,Database,98
A01537,Analytics & Data,82
A01537,AI & ML,77
A01537,Security,98
A01537,Applications,100
A01537,Integration,97
A01538,Infrastructure,85
A01538,Database,69
A01538,Analytics & Data,77
A01538,AI & ML,89
A01538,Security,78
A01538,Applications,88
A01538,Integration,92
A01539,Infrastructure,77
A01539,Database,16
A01539,Analytics & Data,45
A01539,AI & ML,25
A01539,Security,71
A01539,Applications,42
A01539,Integration,42
A01540,Infrastructure,47
A01540,Database,52
A01540,Analytics & Data,89
A01540,AI & ML,48
A01540,Security,70
A01540,Applications,64
A01540,Integration,24
A01541,Infrastructure,24
A01541,Database,23
A01541,Analytics & Data,26
A01541,AI & ML,18
A01541,Security,20
A01541,Applications,24
A01541,Integration,10
A01542,Infrastructure,99
A01542,Database,78
A01542,Analytics & Data,92
A01542,AI & ML,97
A01542,Security,64
A01542,Applications,98
A01542,Integration,97
A01543,Infrastructure,81
A01543,Database,51
A01543,Analytics & Data,99
A01543,AI & ML,90
A01543,Security,80
A01543,Applications,99
A01543,Integration,84
A01544,Infrastructure,88
A01544,Database,81
A01544,Analytics & Data,78
A01544,AI & ML,94
A01544,Security,92
A01544,Applications,30
A01544,Integration,88
A01545,Infrastructure,77
A01545,Database,83
A01545,Analytics & Data,68
A01545,AI & ML,84
A01545,Security,79
A01545,Applications,88
A01545,Integration,83
A01546,Infrastructure,79
A01546,Database,100
A01546,Analytics & Data,98
A01546,AI & ML,91
A01546,Security,91
A01546,Applications,83
A01546,Integration,77
A01547,Infrastructure,92
A01547,Database,55
A01547,Analytics & Data,60
A01547,AI & ML,82
A01547,Security,18
A01547,Applications,64
A01547,Integration,27
A01548,Infrastructure,53
A01548,Database,46
A01548,Analytics & Data,79
A01548,AI & ML,52
A01548,Security,93
A01548,Applications,46
A01548,Integration,61
A01549,Infrastructure,18
A01549,Database,50
A01549,Analytics & Data,31
A01549,AI & ML,32
A01549,Security,57
A01549,Applications,58
A01549,Integration,58
A01550,Infrastructure,55
A01550,Database,13
A01550,Analytics & Data,12
A01550,AI & ML,38
A01550,Security,40
A01550,Applications,37
A01550,Integration,12
A01551,Infrastructure,83
A01551,Database,40
A01551,Analytics & Data,93
A01551,AI & ML,94
A01551,Security,80
A01551,Applications,65
A01551,Integration,100
A01552,Infrastructure,46
A01552,Database,88
A01552,Analytics & Data,32
A01552,AI & ML,48
A01552,Security,59
A01552,Applications,88
A01552,Integration,22
A01553,Infrastructure,80
A01553,Database,100
A01553,Analytics & Data,98
A01553,AI & ML,98
A01553,Security,98
A01553,Applications,98
A01553,Integration,99
A01554,Infrastructure,25
A01554,Database,50
A01554,Analytics & Data,17
A01554,AI & ML,73
A01554,Security,37
A01554,Applications,39
A01554,Integration,62
A01555,Infrastructure,65
A01555,Database,53
A01555,Analytics & Data,46
A01555,AI & ML,64
A01555,Security,30
A01555,Applications,58
A01555,Integration,18
A01556,Infrastructure,67
A01556,Database,58
A01556,Analytics & Data,81
A01556,AI & ML,47
A01556,Security,55
A01556,Applications,49
A01556,Integration,91
A01557,Infrastructure,57
A01557,Database,17
A01557,Analytics & Data,70
A01557,AI & ML,11
A01557,Security,11
A01557,Applications,10
A01557,Integration,22
A01558,Infrastructure,100
A01558,Database,79
A01558,Analytics & Data,86
A01558,AI & ML,63
A01558,Security,100
A01558,Applications,97
A01558,Integration,97
A01559,Infrastructure,88
A01559,Database,55
A01559,Analytics & Data,87
A01559,AI & ML,46
A01559,Security,72
A01559,Applications,64
A01559,Integration,76
A01560,Infrastructure,67
A01560,Database,38
A01560,Analytics & Data,13
A01560,AI & ML,23
A01560,Security,70
A01560,Applications,64
A01560,Integration,72
A01561,Infrastructure,14
A01561,Database,66
A01561,Analytics & Data,92
A01561,AI & ML,64
A01561,Security,92
A01561,Applications,97
A01561,Integration,30
A01562,Infrastructure,59
A01562,Database,60
A01562,Analytics & Data,50
A01562,AI & ML,70
A01562,Security,73
A01562,Applications,82
A01562,Integration,15
A01563,Infrastructure,81
A01563,Database,99
A01563,Analytics & Data,85
A01563,AI & ML,92
A01563,Security,88
A01563,Applications,98
A01563,Integration,71
A01564,Infrastructure,93
A01564,Database,91
A01564,Analytics & Data,87
A01564,AI & ML,97
A01564,Security,86
A01564,Applications,65
A01564,Integration,80
A01565,Infrastructure,68
A01565,Database,93
A01565,Analytics & Data,68
A01565,AI & ML,63
A01565,Security,41
A01565,Applications,35
A01565,Integration,10
A01566,Infrastructure,71
A01566,Database,78
A01566,Analytics & Data,99
A01566,AI & ML,98
A01566,Security,99
A01566,Applications,99
A01566,Integration,94
A01567,Infrastructure,97
A01567,Database,83
A01567,Analytics & Data,10
A01567,AI & ML,98
A01567,Security,81
A01567,Applications,94
A01567,Integration,98
A01568,Infrastructure,93
A01568,Database,100
A01568,Analytics & Data,82
A01568,AI & ML,100
A01568,Security,79
A01568,Applications,22
A01568,Integration,77
A01569,Infrastructure,57
A01569,Database,71
A01569,Analytics & Data,57
A01569,AI & ML,54
A01569,Security,50
A01569,Applications,64
A01569,Integration,68
A01570,Infrastructure,19
A01570,Database,93
A01570,Analytics & Data,84
A01570,AI & ML,83
A01570,Security,91
A01570,Applications,76
A01570,Integration,99
A01571,Infrastructure,53
A01571,Database,100
A01571,Analytics & Data,65
A01571,AI & ML,29
A01571,Security,57
A01571,Applications,85
A01571,Integration,78
A01572,Infrastructure,39
A01572,Database,18
A01572,Analytics & Data,13
A01572,AI & ML,62
A01572,Security,61
A01572,Applications,22
A01572,Integration,52
A01573,Infrastructure,90
A01573,Database,38
A01573,Analytics & Data,89
A01573,AI & ML,77
A01573,Security,93
A01573,Applications,82
A01573,Integration,67
A01574,Infrastructure,88
A01574,Database,99
A01574,Analytics & Data,59
A01574,AI & ML,84
A01574,Security,70
A01574,Applications,93
A01574,Integration,79
A01575,Infrastructure,29
A01575,Database,63
A01575,Analytics & Data,39
A01575,AI & ML,40
A01575,Security,70
A01575,Applications,65
A01575,Integration,32
A01576,Infrastructure,99
A01576,Database,52
A01576,Analytics & Data,76
A01576,AI & ML,91
A01576,Security,85
A01576,Applications,98
A01576,Integration,97
A01577,Infrastructure,25
A01577,Database,93
A01577,Analytics & Data,31
A01577,AI & ML,36
A01577,Security,82
A01577,Applications,30
A01577,Integration,86
A01578,Infrastructure,99
A01578,Database,100
A01578,Analytics & Data,78
A01578,AI & ML,100
A01578,Security,97
A01578,Applications,91
A01578,Integration,99
A01579,Infrastructure,67
A01579,Database,47
A01579,Analytics & Data,32
A01579,AI & ML,46
A01579,Security,77
A01579,Applications,76
A01579,Integration,65
A01580,Infrastructure,19
A01580,Database,35
A01580,Analytics & Data,47
A01580,AI & ML,45
A01580,Security,64
A01580,Applications,79
A01580,Integration,47
A01581,Infrastructure,36
A01581,Database,63
A01581,Analytics & Data,24
A01581,AI & ML,27
A01581,Security,46
A01581,Applications,28
A01581,Integration,50
A01582,Infrastructure,93
A01582,Database,77
A01582,Analytics & Data,61
A01582,AI & ML,79
A01582,Security,59
A01582,Applications,80
A01582,Integration,47
A01583,Infrastructure,23
A01583,Database,53
A01583,Analytics & Data,72
A01583,AI & ML,83
A01583,Security,88
A01583,Applications,97
A01583,Integration,85
A01584,Infrastructure,92
A01584,Database,77
A01584,Analytics & Data,90
A01584,AI & ML,72
A01584,Security,63
A01584,Applications,89
A01584,Integration,93
A01585,Infrastructure,12
A01585,Database,87
A01585,Analytics & Data,60
A01585,AI & ML,45
A01585,Security,90
A01585,Applications,46
A01585,Integration,90
A01586,Infrastructure,99
A01586,Database,100
A01586,Analytics & Data,91
A01586,AI & ML,77
A01586,Security,54
A01586,Applications,98
A01586,Integration,80
A01587,Infrastructure,15
A01587,Database,20
A01587,Analytics & Data,45
A01587,AI & ML,19
A01587,Security,30
A01587,Applications,32
A01587,Integration,19
A01588,Infrastructure,67
A01588,Database,62
A01588,Analytics & Data,69
A01588,AI & ML,93
A01588,Security,27
A01588,Applications,73
A01588,Integration,73
A01589,Infrastructure,100
A01589,Database,97
A01589,Analytics & Data,17
A01589,AI & ML,30
A01589,Security,100
A01589,Applications,97
A01589,Integration,97
A01590,Infrastructure,93
A01590,Database,86
A01590,Analytics & Data,89
A01590,AI & ML,11
A01590,Security,30
A01590,Applications,55
A01590,Integration,73
A01591,Infrastructure,69
A01591,Database,99
A01591,Analytics & Data,100
A01591,AI & ML,77
A01591,Security,71
A01591,Applications,76
A01591,Integration,83
A01592,Infrastructure,98
A01592,Database,98
A01592,Analytics & Data,81
A01592,AI & ML,99
A01592,Security,77
A01592,Applications,72
A01592,Integration,71
A01593,Infrastructure,49
A01593,Database,94
A01593,Analytics & Data,83
A01593,AI & ML,77
A01593,Security,48
A01593,Applications,50
A01593,Integration,78
A01594,Infrastructure,85
A01594,Database,93
A01594,Analytics & Data,88
A01594,AI & ML,80
A01594,Security,85
A01594,Applications,93
A01594,Integration,88
A01595,Infrastructure,52
A01595,Database,64
A01595,Analytics & Data,70
A01595,AI & ML,51
A01595,Security,72
A01595,Applications,47
A01595,Integration,59
A01596,Infrastructure,62
A01596,Database,70
A01596,Analytics & Data,87
A01596,AI & ML,15
A01596,Security,68
A01596,Applications,88
A01596,Integration,61
A01597,Infrastructure,91
A01597,Database,87
A01597,Analytics & Data,97
A01597,AI & ML,100
A01597,Security,97
A01597,Applications,85
A01597,Integration,97
A01598,Infrastructure,83
A01598,Database,83
A01598,Analytics & Data,97
A01598,AI & ML,46
A01598,Security,77
A01598,Applications,67
A01598,Integration,94
A01599,Infrastructure,81
A01599,Database,77
A01599,Analytics & Data,91
A01599,AI & ML,99
A01599,Security,89
A01599,Applications,89
A01599,Integration,87
A01600,Infrastructure,78
A01600,Database,77
A01600,Analytics & Data,76
A01600,AI & ML,77
A01600,Security,71
A01600,Applications,76
A01600,Integration,98
A01601,Infrastructure,25
A01601,Database,40
A01601,Analytics & Data,14
A01601,AI & ML,61
A01601,Security,51
A01601,Applications,17
A01601,Integration,13
A01602,Infrastructure,58
A01602,Database,93
A01602,Analytics & Data,39
A01602,AI & ML,84
A01602,Security,82
A01602,Applications,97
A01602,Integration,84
A01603,Infrastructure,53
A01603,Database,53
A01603,Analytics & Data,63
A01603,AI & ML,16
A01603,Security,34
A01603,Applications,37
A01603,Integration,30
A01604,Infrastructure,11
A01604,Database,56
A01604,Analytics & Data,32
A01604,AI & ML,70
A01604,Security,42
A01604,Applications,33
A01604,Integration,40
A01605,Infrastructure,62
A01605,Database,58
A01605,Analytics & Data,85
A01605,AI & ML,86
A01605,Security,60
A01605,Applications,62
A01605,Integration,76
A01606,Infrastructure,98
A01606,Database,85
A01606,Analytics & Data,93
A01606,AI & ML,71
A01606,Security,69
A01606,Applications,85
A01606,Integration,89
A01607,Infrastructure,50
A01607,Database,89
A01607,Analytics & Data,98
A01607,AI & ML,49
A01607,Security,99
A01607,Applications,78
A01607,Integration,100
A01608,Infrastructure,62
A01608,Database,22
A01608,Analytics & Data,18
A01608,AI & ML,37
A01608,Security,21
A01608,Applications,47
A01608,Integration,22
A01609,Infrastructure,51
A01609,Database,66
A01609,Analytics & Data,13
A01609,AI & ML,100
A01609,Security,100
A01609,Applications,100
A01609,Integration,81
A01610,Infrastructure,85
A01610,Database,94
A01610,Analytics & Data,65
A01610,AI & ML,99
A01610,Security,76
A01610,Applications,90
A01610,Integration,98
A01611,Infrastructure,58
A01611,Database,71
A01611,Analytics & Data,53
A01611,AI & ML,23
A01611,Security,87
A01611,Applications,54
A01611,Integration,52
A01612,Infrastructure,92
A01612,Database,85
A01612,Analytics & Data,98
A01612,AI & ML,98
A01612,Security,87
A01612,Applications,80
A01612,Integration,45
A01613,Infrastructure,68
A01613,Database,58
A01613,Analytics & Data,18
A01613,AI & ML,81
A01613,Security,90
A01613,Applications,59
A01613,Integration,58
A01614,Infrastructure,91
A01614,Database,41
A01614,Analytics & Data,97
A01614,AI & ML,87
A01614,Security,90
A01614,Applications,78
A01614,Integration,83
A01615,Infrastructure,40
A01615,Database,54
A01615,Analytics & Data,10
A01615,AI & ML,10
A01615,Security,63
A01615,Applications,49
A01615,Integration,31
A01616,Infrastructure,21
A01616,Database,40
A01616,Analytics & Data,47
A01616,AI & ML,41
A01616,Security,33
A01616,Applications,25
A01616,Integration,12
A01617,Infrastructure,94
A01617,Database,63
A01617,Analytics & Data,51
A01617,AI & ML,35
A01617,Security,58
A01617,Applications,91
A01617,Integration,27
A01618,Infrastructure,98
A01618,Database,42
A01618,Analytics & Data,64
A01618,AI & ML,92
A01618,Security,98
A01618,Applications,94
A01618,Integration,50
A01619,Infrastructure,20
A01619,Database,35
A01619,Analytics & Data,12
A01619,AI & ML,16
A01619,Security,62
A01619,Applications,55
A01619,Integration,23
A01620,Infrastructure,94
A01620,Database,42
A01620,Analytics & Data,11
A01620,AI & ML,82
A01620,Security,52
A01620,Applications,54
A01620,Integration,91
A01621,Infrastructure,83
A01621,Database,80
A01621,Analytics & Data,76
A01621,AI & ML,87
A01621,Security,78
A01621,Applications,78
A01621,Integration,88
A01622,Infrastructure,11
A01622,Database,93
A01622,Analytics & Data,76
A01622,AI & ML,99
A01622,Security,52
A01622,Applications,87
A01622,Integration,73
A01623,Infrastructure,19
A01623,Database,24
A01623,Analytics & Data,38
A01623,AI & ML,20
A01623,Security,40
A01623,Applications,49
A01623,Integration,17
A01624,Infrastructure,100
A01624,Database,98
A01624,Analytics & Data,100
A01624,AI & ML,60
A01624,Security,99
A01624,Applications,97
A01624,Integration,100
A01625,Infrastructure,37
A01625,Database,57
A01625,Analytics & Data,42
A01625,AI & ML,28
A01625,Security,93
A01625,Applications,48
A01625,Integration,72
A01626,Infrastructure,63
A01626,Database,50
A01626,Analytics & Data,83
A01626,AI & ML,85
A01626,Security,55
A01626,Applications,76
A01626,Integration,62
A01627,Infrastructure,76
A01627,Database,38
A01627,Analytics & Data,50
A01627,AI & ML,99
A01627,Security,92
A01627,Applications,18
A01627,Integration,81
A01628,Infrastructure,89
A01628,Database,97
A01628,Analytics & Data,71
A01628,AI & ML,77
A01628,Security,91
A01628,Applications,94
A01628,Integration,100
A01629,Infrastructure,66
A01629,Database,29
A01629,Analytics & Data,19
A01629,AI & ML,56
A01629,Security,42
A01629,Applications,25
A01629,Integration,80
A01630,Infrastructure,94
A01630,Database,60
A01630,Analytics & Data,89
A01630,AI & ML,56
A01630,Security,66
A01630,Applications,88
A01630,Integration,70
A01631,Infrastructure,84
A01631,Database,45
A01631,Analytics & Data,88
A01631,AI & ML,99
A01631,Security,72
A01631,Applications,98
A01631,Integration,80
A01632,Infrastructure,76
A01632,Database,66
A01632,Analytics & Data,91
A01632,AI & ML,55
A01632,Security,89
A01632,Applications,86
A01632,Integration,14
A01633,Infrastructure,30
A01633,Database,41
A01633,Analytics & Data,59
A01633,AI & ML,21
A01633,Security,20
A01633,Applications,93
A01633,Integration,26
A01634,Infrastructure,77
A01634,Database,64
A01634,Analytics & Data,100
A01634,AI & ML,48
A01634,Security,73
A01634,Applications,62
A01634,Integration,26
A01635,Infrastructure,84
A01635,Database,94
A01635,Analytics & Data,92
A01635,AI & ML,56
A01635,Security,81
A01635,Applications,55
A01635,Integration,92
A01636,Infrastructure,99
A01636,Database,94
A01636,Analytics & Data,48
A01636,AI & ML,98
A01636,Security,91
A01636,Applications,58
A01636,Integration,92
A01637,Infrastructure,88
A01637,Database,62
A01637,Analytics & Data,57
A01637,AI & ML,79
A01637,Security,86
A01637,Applications,35
A01637,Integration,35
A01638,Infrastructure,72
A01638,Database,81
A01638,Analytics & Data,15
A01638,AI & ML,62
A01638,Security,53
A01638,Applications,46
A01638,Integration,20
A01639,Infrastructure,93
A01639,Database,62
A01639,Analytics & Data,24
A01639,AI & ML,80
A01639,Security,34
A01639,Applications,57
A01639,Integration,68
A01640,Infrastructure,89
A01640,Database,88
A01640,Analytics & Data,26
A01640,AI & ML,20
A01640,Security,88
A01640,Applications,40
A01640,Integration,73
A01641,Infrastructure,78
A01641,Database,94
A01641,Analytics & Data,100
A01641,AI & ML,98
A01641,Security,97
A01641,Applications,81
A01641,Integration,100
A01642,Infrastructure,28
A01642,Database,84
A01642,Analytics & Data,83
A01642,AI & ML,98
A01642,Security,30
A01642,Applications,89
A01642,Integration,90
A01643,Infrastructure,100
A01643,Database,91
A01643,Analytics & Data,94
A01643,AI & ML,76
A01643,Security,98
A01643,Applications,77
A01643,Integration,77
A01644,Infrastructure,32
A01644,Database,86
A01644,Analytics & Data,83
A01644,AI & ML,80
A01644,Security,94
A01644,Applications,46
A01644,Integration,92
A01645,Infrastructure,65
A01645,Database,98
A01645,Analytics & Data,67
A01645,AI & ML,78
A01645,Security,61
A01645,Applications,80
A01645,Integration,56
A01646,Infrastructure,46
A01646,Database,98
A01646,Analytics & Data,93
A01646,AI & ML,37
A01646,Security,70
A01646,Applications,55
A01646,Integration,47
A01647,Infrastructure,18
A01647,Database,86
A01647,Analytics & Data,97
A01647,AI & ML,90
A01647,Security,99
A01647,Applications,78
A01647,Integration,99
A01648,Infrastructure,86
A01648,Database,97
A01648,Analytics & Data,87
A01648,AI & ML,98
A01648,Security,97
A01648,Applications,76
A01648,Integration,100
A01649,Infrastructure,59
A01649,Database,42
A01649,Analytics & Data,92
A01649,AI & ML,13
A01649,Security,93
A01649,Applications,56
A01649,Integration,22
A01650,Infrastructure,81
A01650,Database,60
A01650,Analytics & Data,100
A01650,AI & ML,98
A01650,Security,98
A01650,Applications,92
A01650,Integration,90
A01651,Infrastructure,89
A01651,Database,19
A01651,Analytics & Data,84
A01651,AI & ML,84
A01651,Security,99
A01651,Applications,87
A01651,Integration,83
A01652,Infrastructure,91
A01652,Database,92
A01652,Analytics & Data,99
A01652,AI & ML,62
A01652,Security,41
A01652,Applications,72
A01652,Integration,80
A01653,Infrastructure,83
A01653,Database,94
A01653,Analytics & Data,93
A01653,AI & ML,60
A01653,Security,58
A01653,Applications,84
A01653,Integration,53
A01654,Infrastructure,92
A01654,Database,57
A01654,Analytics & Data,78
A01654,AI & ML,92
A01654,Security,69
A01654,Applications,92
A01654,Integration,68
A01655,Infrastructure,69
A01655,Database,85
A01655,Analytics & Data,47
A01655,AI & ML,100
A01655,Security,59
A01655,Applications,76
A01655,Integration,84
A01656,Infrastructure,64
A01656,Database,40
A01656,Analytics & Data,99
A01656,AI & ML,99
A01656,Security,97
A01656,Applications,97
A01656,Integration,84
A01657,Infrastructure,67
A01657,Database,83
A01657,Analytics & Data,87
A01657,AI & ML,93
A01657,Security,67
A01657,Applications,89
A01657,Integration,38
A01658,Infrastructure,78
A01658,Database,94
A01658,Analytics & Data,98
A01658,AI & ML,85
A01658,Security,19
A01658,Applications,86
A01658,Integration,97
A01659,Infrastructure,58
A01659,Database,46
A01659,Analytics & Data,69
A01659,AI & ML,65
A01659,Security,82
A01659,Applications,30
A01659,Integration,53
A01660,Infrastructure,81
A01660,Database,99
A01660,Analytics & Data,79
A01660,AI & ML,78
A01660,Security,76
A01660,Applications,76
A01660,Integration,87
A01661,Infrastructure,18
A01661,Database,41
A01661,Analytics & Data,89
A01661,AI & ML,15
A01661,Security,14
A01661,Applications,10
A01661,Integration,35
A01662,Infrastructure,53
A01662,Database,76
A01662,Analytics & Data,84
A01662,AI & ML,52
A01662,Security,52
A01662,Applications,77
A01662,Integration,76
A01663,Infrastructure,57
A01663,Database,68
A01663,Analytics & Data,66
A01663,AI & ML,37
A01663,Security,13
A01663,Applications,92
A01663,Integration,53
A01664,Infrastructure,46
A01664,Database,49
A01664,Analytics & Data,36
A01664,AI & ML,84
A01664,Security,99
A01664,Applications,87
A01664,Integration,85
A01665,Infrastructure,100
A01665,Database,94
A01665,Analytics & Data,91
A01665,AI & ML,93
A01665,Security,82
A01665,Applications,90
A01665,Integration,83
A01666,Infrastructure,90
A01666,Database,100
A01666,Analytics & Data,94
A01666,AI & ML,94
A01666,Security,87
A01666,Applications,80
A01666,Integration,70
A01667,Infrastructure,88
A01667,Database,49
A01667,Analytics & Data,71
A01667,AI & ML,70
A01667,Security,83
A01667,Applications,77
A01667,Integration,69
A01668,Infrastructure,89
A01668,Database,78
A01668,Analytics & Data,38
A01668,AI & ML,72
A01668,Security,53
A01668,Applications,100
A01668,Integration,65
A01669,Infrastructure,81
A01669,Database,39
A01669,Analytics & Data,98
A01669,AI & ML,88
A01669,Security,79
A01669,Applications,81
A01669,Integration,92
A01670,Infrastructure,46
A01670,Database,81
A01670,Analytics & Data,93
A01670,AI & ML,98
A01670,Security,67
A01670,Applications,77
A01670,Integration,77
A01671,Infrastructure,98
A01671,Database,92
A01671,Analytics & Data,16
A01671,AI & ML,77
A01671,Security,86
A01671,Applications,99
A01671,Integration,81
A01672,Infrastructure,32
A01672,Database,80
A01672,Analytics & Data,100
A01672,AI & ML,100
A01672,Security,76
A01672,Applications,93
A01672,Integration,49
A01673,Infrastructure,56
A01673,Database,99
A01673,Analytics & Data,94
A01673,AI & ML,88
A01673,Security,92
A01673,Applications,19
A01673,Integration,91
A01674,Infrastructure,37
A01674,Database,59
A01674,Analytics & Data,20
A01674,AI & ML,42
A01674,Security,55
A01674,Applications,65
A01674,Integration,87
A01675,Infrastructure,71
A01675,Database,61
A01675,Analytics & Data,72
A01675,AI & ML,28
A01675,Security,62
A01675,Applications,25
A01675,Integration,78
A01676,Infrastructure,86
A01676,Database,11
A01676,Analytics & Data,66
A01676,AI & ML,42
A01676,Security,79
A01676,Applications,63
A01676,Integration,69
A01677,Infrastructure,99
A01677,Database,97
A01677,Analytics & Data,98
A01677,AI & ML,76
A01677,Security,63
A01677,Applications,90
A01677,Integration,99
A01678,Infrastructure,79
A01678,Database,97
A01678,Analytics & Data,92
A01678,AI & ML,69
A01678,Security,88
A01678,Applications,16
A01678,Integration,89
A01679,Infrastructure,77
A01679,Database,100
A01679,Analytics & Data,21
A01679,AI & ML,69
A01679,Security,77
A01679,Applications,54
A01679,Integration,84
A01680,Infrastructure,57
A01680,Database,98
A01680,Analytics & Data,62
A01680,AI & ML,17
A01680,Security,51
A01680,Applications,46
A01680,Integration,62
A01681,Infrastructure,49
A01681,Database,94
A01681,Analytics & Data,14
A01681,AI & ML,62
A01681,Security,85
A01681,Applications,99
A01681,Integration,70
A01682,Infrastructure,98
A01682,Database,70
A01682,Analytics & Data,68
A01682,AI & ML,73
A01682,Security,72
A01682,Applications,67
A01682,Integration,70
A01683,Infrastructure,37
A01683,Database,48
A01683,Analytics & Data,35
A01683,AI & ML,97
A01683,Security,55
A01683,Applications,81
A01683,Integration,48
A01684,Infrastructure,29
A01684,Database,71
A01684,Analytics & Data,22
A01684,AI & ML,11
A01684,Security,36
A01684,Applications,33
A01684,Integration,38
A01685,Infrastructure,48
A01685,Database,92
A01685,Analytics & Data,89
A01685,AI & ML,87
A01685,Security,85
A01685,Applications,58
A01685,Integration,65
A01686,Infrastructure,99
A01686,Database,86
A01686,Analytics & Data,100
A01686,AI & ML,48
A01686,Security,97
A01686,Applications,98
A01686,Integration,82
A01687,Infrastructure,87
A01687,Database,81
A01687,Analytics & Data,92
A01687,AI & ML,100
A01687,Security,81
A01687,Applications,77
A01687,Integration,94
A01688,Infrastructure,17
A01688,Database,31
A01688,Analytics & Data,22
A01688,AI & ML,24
A01688,Security,26
A01688,Applications,70
A01688,Integration,14
A01689,Infrastructure,97
A01689,Database,73
A01689,Analytics & Data,76
A01689,AI & ML,98
A01689,Security,100
A01689,Applications,93
A01689,Integration,93
A01690,Infrastructure,87
A01690,Database,98
A01690,Analytics & Data,84
A01690,AI & ML,97
A01690,Security,85
A01690,Applications,93
A01690,Integration,100
A01691,Infrastructure,100
A01691,Database,48
A01691,Analytics & Data,86
A01691,AI & ML,100
A01691,Security,83
A01691,Applications,83
A01691,Integration,79
A01692,Infrastructure,92
A01692,Database,88
A01692,Analytics & Data,65
A01692,AI & ML,98
A01692,Security,88
A01692,Applications,76
A01692,Integration,65
A01693,Infrastructure,39
A01693,Database,29
A01693,Analytics & Data,29
A01693,AI & ML,72
A01693,Security,34
A01693,Applications,26
A01693,Integration,19
A01694,Infrastructure,100
A01694,Database,77
A01694,Analytics & Data,87
A01694,AI & ML,50
A01694,Security,66
A01694,Applications,88
A01694,Integration,69
A01695,Infrastructure,55
A01695,Database,80
A01695,Analytics & Data,58
A01695,AI & ML,97
A01695,Security,89
A01695,Applications,65
A01695,Integration,91
A01696,Infrastructure,42
A01696,Database,68
A01696,Analytics & Data,88
A01696,AI & ML,73
A01696,Security,68
A01696,Applications,28
A01696,Integration,80
A01697,Infrastructure,99
A01697,Database,97
A01697,Analytics & Data,93
A01697,AI & ML,63
A01697,Security,88
A01697,Applications,88
A01697,Integration,77
A01698,Infrastructure,78
A01698,Database,100
A01698,Analytics & Data,93
A01698,AI & ML,58
A01698,Security,67
A01698,Applications,41
A01698,Integration,79
A01699,Infrastructure,62
A01699,Database,38
A01699,Analytics & Data,22
A01699,AI & ML,37
A01699,Security,64
A01699,Applications,32
A01699,Integration,24
A01700,Infrastructure,100
A01700,Database,88
A01700,Analytics & Data,11
A01700,AI & ML,57
A01700,Security,40
A01700,Applications,93
A01700,Integration,91
A01701,Infrastructure,79
A01701,Database,77
A01701,Analytics & Data,34
A01701,AI & ML,99
A01701,Security,77
A01701,Applications,91
A01701,Integration,14
A01702,Infrastructure,37
A01702,Database,26
A01702,Analytics & Data,83
A01702,AI & ML,16
A01702,Security,36
A01702,Applications,52
A01702,Integration,52
A01703,Infrastructure,83
A01703,Database,86
A01703,Analytics & Data,86
A01703,AI & ML,99
A01703,Security,76
A01703,Applications,78
A01703,Integration,89
A01704,Infrastructure,48
A01704,Database,82
A01704,Analytics & Data,100
A01704,AI & ML,12
A01704,Security,97
A01704,Applications,100
A01704,Integration,97
A01705,Infrastructure,98
A01705,Database,73
A01705,Analytics & Data,80
A01705,AI & ML,97
A01705,Security,97
A01705,Applications,78
A01705,Integration,83
A01706,Infrastructure,27
A01706,Database,28
A01706,Analytics & Data,28
A01706,AI & ML,15
A01706,Security,11
A01706,Applications,30
A01706,Integration,24
A01707,Infrastructure,86
A01707,Database,99
A01707,Analytics & Data,87
A01707,AI & ML,87
A01707,Security,90
A01707,Applications,85
A01707,Integration,98
A01708,Infrastructure,98
A01708,Database,67
A01708,Analytics & Data,97
A01708,AI & ML,89
A01708,Security,57
A01708,Applications,100
A01708,Integration,12
A01709,Infrastructure,100
A01709,Database,98
A01709,Analytics & Data,84
A01709,AI & ML,50
A01709,Security,45
A01709,Applications,89
A01709,Integration,97
A01710,Infrastructure,99
A01710,Database,87
A01710,Analytics & Data,97
A01710,AI & ML,97
A01710,Security,54
A01710,Applications,100
A01710,Integration,63
A01711,Infrastructure,66
A01711,Database,100
A01711,Analytics & Data,91
A01711,AI & ML,57
A01711,Security,73
A01711,Applications,37
A01711,Integration,66
A01712,Infrastructure,100
A01712,Database,87
A01712,Analytics & Data,79
A01712,AI & ML,90
A01712,Security,17
A01712,Applications,57
A01712,Integration,92
A01713,Infrastructure,84
A01713,Database,86
A01713,Analytics & Data,98
A01713,AI & ML,89
A01713,Security,72
A01713,Applications,51
A01713,Integration,50
A01714,Infrastructure,98
A01714,Database,97
A01714,Analytics & Data,82
A01714,AI & ML,47
A01714,Security,100
A01714,Applications,99
A01714,Integration,84
A01715,Infrastructure,72
A01715,Database,97
A01715,Analytics & Data,37
A01715,AI & ML,25
A01715,Security,98
A01715,Applications,79
A01715,Integration,88
A01716,Infrastructure,66
A01716,Database,22
A01716,Analytics & Data,83
A01716,AI & ML,29
A01716,Security,29
A01716,Applications,90
A01716,Integration,12
A01717,Infrastructure,79
A01717,Database,93
A01717,Analytics & Data,12
A01717,AI & ML,81
A01717,Security,79
A01717,Applications,100
A01717,Integration,86
A01718,Infrastructure,89
A01718,Database,76
A01718,Analytics & Data,92
A01718,AI & ML,77
A01718,Security,42
A01718,Applications,63
A01718,Integration,80
A01719,Infrastructure,76
A01719,Database,97
A01719,Analytics & Data,88
A01719,AI & ML,94
A01719,Security,91
A01719,Applications,94
A01719,Integration,87
A01720,Infrastructure,97
A01720,Database,97
A01720,Analytics & Data,86
A01720,AI & ML,97
A01720,Security,54
A01720,Applications,52
A01720,Integration,86
A01721,Infrastructure,84
A01721,Database,13
A01721,Analytics & Data,38
A01721,AI & ML,84
A01721,Security,98
A01721,Applications,67
A01721,Integration,92
A01722,Infrastructure,12
A01722,Database,45
A01722,Analytics & Data,42
A01722,AI & ML,25
A01722,Security,66
A01722,Applications,21
A01722,Integration,15
A01723,Infrastructure,66
A01723,Database,31
A01723,Analytics & Data,29
A01723,AI & ML,55
A01723,Security,78
A01723,Applications,50
A01723,Integration,15
A01724,Infrastructure,76
A01724,Database,59
A01724,Analytics & Data,59
A01724,AI & ML,64
A01724,Security,90
A01724,Applications,38
A01724,Integration,99
A01725,Infrastructure,28
A01725,Database,85
A01725,Analytics & Data,90
A01725,AI & ML,49
A01725,Security,79
A01725,Applications,52
A01725,Integration,18
A01726,Infrastructure,16
A01726,Database,51
A01726,Analytics & Data,80
A01726,AI & ML,72
A01726,Security,89
A01726,Applications,88
A01726,Integration,37
A01727,Infrastructure,49
A01727,Database,93
A01727,Analytics & Data,10
A01727,AI & ML,46
A01727,Security,46
A01727,Applications,79
A01727,Integration,48
A01728,Infrastructure,80
A01728,Database,86
A01728,Analytics & Data,90
A01728,AI & ML,64
A01728,Security,73
A01728,Applications,62
A01728,Integration,57
A01729,Infrastructure,57
A01729,Database,12
A01729,Analytics & Data,32
A01729,AI & ML,51
A01729,Security,57
A01729,Applications,30
A01729,Integration,41
A01730,Infrastructure,60
A01730,Database,98
A01730,Analytics & Data,31
A01730,AI & ML,50
A01730,Security,71
A01730,Applications,45
A01730,Integration,82
A01731,Infrastructure,100
A01731,Database,97
A01731,Analytics & Data,61
A01731,AI & ML,50
A01731,Security,97
A01731,Applications,98
A01731,Integration,99
A01732,Infrastructure,52
A01732,Database,97
A01732,Analytics & Data,97
A01732,AI & ML,91
A01732,Security,99
A01732,Applications,81
A01732,Integration,98
A01733,Infrastructure,82
A01733,Database,100
A01733,Analytics & Data,85
A01733,AI & ML,63
A01733,Security,69
A01733,Applications,85
A01733,Integration,86
A01734,Infrastructure,22
A01734,Database,14
A01734,Analytics & Data,47
A01734,AI & ML,26
A01734,Security,48
A01734,Applications,35
A01734,Integration,30
A01735,Infrastructure,87
A01735,Database,45
A01735,Analytics & Data,84
A01735,AI & ML,82
A01735,Security,90
A01735,Applications,66
A01735,Integration,22
A01736,Infrastructure,55
A01736,Database,68
A01736,Analytics & Data,89
A01736,AI & ML,54
A01736,Security,45
A01736,Applications,65
A01736,Integration,53
A01737,Infrastructure,86
A01737,Database,76
A01737,Analytics & Data,16
A01737,AI & ML,100
A01737,Security,57
A01737,Applications,61
A01737,Integration,80
A01738,Infrastructure,34
A01738,Database,72
A01738,Analytics & Data,50
A01738,AI & ML,63
A01738,Security,69
A01738,Applications,58
A01738,Integration,46
A01739,Infrastructure,23
A01739,Database,40
A01739,Analytics & Data,52
A01739,AI & ML,29
A01739,Security,27
A01739,Applications,42
A01739,Integration,38
A01740,Infrastructure,33
A01740,Database,86
A01740,Analytics & Data,87
A01740,AI & ML,36
A01740,Security,82
A01740,Applications,73
A01740,Integration,52
A01741,Infrastructure,34
A01741,Database,81
A01741,Analytics & Data,99
A01741,AI & ML,91
A01741,Security,57
A01741,Applications,90
A01741,Integration,91
A01742,Infrastructure,97
A01742,Database,92
A01742,Analytics & Data,98
A01742,AI & ML,67
A01742,Security,99
A01742,Applications,98
A01742,Integration,100
A01743,Infrastructure,93
A01743,Database,86
A01743,Analytics & Data,69
A01743,AI & ML,70
A01743,Security,88
A01743,Applications,73
A01743,Integration,54
A01744,Infrastructure,78
A01744,Database,76
A01744,Analytics & Data,90
A01744,AI & ML,77
A01744,Security,84
A01744,Applications,92
A01744,Integration,100
A01745,Infrastructure,98
A01745,Database,86
A01745,Analytics & Data,100
A01745,AI & ML,77
A01745,Security,90
A01745,Applications,51
A01745,Integration,97
A01746,Infrastructure,53
A01746,Database,84
A01746,Analytics & Data,11
A01746,AI & ML,99
A01746,Security,49
A01746,Applications,56
A01746,Integration,90
A01747,Infrastructure,100
A01747,Database,59
A01747,Analytics & Data,35
A01747,AI & ML,100
A01747,Security,97
A01747,Applications,99
A01747,Integration,100
A01748,Infrastructure,93
A01748,Database,84
A01748,Analytics & Data,90
A01748,AI & ML,85
A01748,Security,92
A01748,Applications,73
A01748,Integration,67
A01749,Infrastructure,24
A01749,Database,34
A01749,Analytics & Data,40
A01749,AI & ML,28
A01749,Security,25
A01749,Applications,17
A01749,Integration,23
A01750,Infrastructure,57
A01750,Database,91
A01750,Analytics & Data,56
A01750,AI & ML,26
A01750,Security,22
A01750,Applications,92
A01750,Integration,97
A01751,Infrastructure,53
A01751,Database,83
A01751,Analytics & Data,77
A01751,AI & ML,93
A01751,Security,83
A01751,Applications,93
A01751,Integration,69
A01752,Infrastructure,91
A01752,Database,93
A01752,Analytics & Data,94
A01752,AI & ML,97
A01752,Security,86
A01752,Applications,85
A01752,Integration,76
A01753,Infrastructure,63
A01753,Database,97
A01753,Analytics & Data,93
A01753,AI & ML,80
A01753,Security,83
A01753,Applications,64
A01753,Integration,98
A01754,Infrastructure,40
A01754,Database,73
A01754,Analytics & Data,26
A01754,AI & ML,14
A01754,Security,17
A01754,Applications,49
A01754,Integration,23
A01755,Infrastructure,51
A01755,Database,64
A01755,Analytics & Data,81
A01755,AI & ML,97
A01755,Security,94
A01755,Applications,66
A01755,Integration,56
A01756,Infrastructure,68
A01756,Database,38
A01756,Analytics & Data,19
A01756,AI & ML,65
A01756,Security,47
A01756,Applications,18
A01756,Integration,48
A01757,Infrastructure,48
A01757,Database,97
A01757,Analytics & Data,57
A01757,AI & ML,45
A01757,Security,31
A01757,Applications,37
A01757,Integration,52
A01758,Infrastructure,25
A01758,Database,90
A01758,Analytics & Data,69
A01758,AI & ML,87
A01758,Security,76
A01758,Applications,98
A01758,Integration,62
A01759,Infrastructure,46
A01759,Database,90
A01759,Analytics & Data,34
A01759,AI & ML,62
A01759,Security,60
A01759,Applications,77
A01759,Integration,87
A01760,Infrastructure,80
A01760,Database,57
A01760,Analytics & Data,59
A01760,AI & ML,54
A01760,Security,80
A01760,Applications,51
A01760,Integration,76
A01761,Infrastructure,83
A01761,Database,70
A01761,Analytics & Data,97
A01761,AI & ML,91
A01761,Security,78
A01761,Applications,30
A01761,Integration,69
A01762,Infrastructure,59
A01762,Database,88
A01762,Analytics & Data,100
A01762,AI & ML,71
A01762,Security,82
A01762,Applications,86
A01762,Integration,77
A01763,Infrastructure,77
A01763,Database,92
A01763,Analytics & Data,66
A01763,AI & ML,100
A01763,Security,84
A01763,Applications,97
A01763,Integration,86
A01764,Infrastructure,92
A01764,Database,38
A01764,Analytics & Data,63
A01764,AI & ML,76
A01764,Security,86
A01764,Applications,45
A01764,Integration,79
A01765,Infrastructure,55
A01765,Database,70
A01765,Analytics & Data,65
A01765,AI & ML,59
A01765,Security,34
A01765,Applications,69
A01765,Integration,58
A01766,Infrastructure,52
A01766,Database,34
A01766,Analytics & Data,30
A01766,AI & ML,33
A01766,Security,12
A01766,Applications,73
A01766,Integration,11
A01767,Infrastructure,99
A01767,Database,77
A01767,Analytics & Data,80
A01767,AI & ML,80
A01767,Security,98
A01767,Applications,77
A01767,Integration,81
A01768,Infrastructure,93
A01768,Database,89
A01768,Analytics & Data,86
A01768,AI & ML,28
A01768,Security,59
A01768,Applications,77
A01768,Integration,78
A01769,Infrastructure,39
A01769,Database,16
A01769,Analytics & Data,21
A01769,AI & ML,28
A01769,Security,38
A01769,Applications,19
A01769,Integration,51
A01770,Infrastructure,76
A01770,Database,100
A01770,Analytics & Data,83
A01770,AI & ML,89
A01770,Security,86
A01770,Applications,76
A01770,Integration,49
A01771,Infrastructure,79
A01771,Database,86
A01771,Analytics & Data,97
A01771,AI & ML,91
A01771,Security,79
A01771,Applications,89
A01771,Integration,100
A01772,Infrastructure,46
A01772,Database,10
A01772,Analytics & Data,65
A01772,AI & ML,70
A01772,Security,98
A01772,Applications,47
A01772,Integration,99
A01773,Infrastructure,98
A01773,Database,98
A01773,Analytics & Data,98
A01773,AI & ML,80
A01773,Security,66
A01773,Applications,80
A01773,Integration,83
A01774,Infrastructure,78
A01774,Database,81
A01774,Analytics & Data,57
A01774,AI & ML,86
A01774,Security,92
A01774,Applications,79
A01774,Integration,78
A01775,Infrastructure,99
A01775,Database,41
A01775,Analytics & Data,46
A01775,AI & ML,91
A01775,Security,100
A01775,Applications,79
A01775,Integration,85
A01776,Infrastructure,77
A01776,Database,85
A01776,Analytics & Data,76
A01776,AI & ML,94
A01776,Security,97
A01776,Applications,86
A01776,Integration,40
A01777,Infrastructure,84
A01777,Database,83
A01777,Analytics & Data,82
A01777,AI & ML,60
A01777,Security,99
A01777,Applications,99
A01777,Integration,86
A01778,Infrastructure,77
A01778,Database,33
A01778,Analytics & Data,14
A01778,AI & ML,73
A01778,Security,24
A01778,Applications,40
A01778,Integration,25
A01779,Infrastructure,86
A01779,Database,80
A01779,Analytics & Data,66
A01779,AI & ML,88
A01779,Security,97
A01779,Applications,99
A01779,Integration,99
A01780,Infrastructure,92
A01780,Database,78
A01780,Analytics & Data,91
A01780,AI & ML,99
A01780,Security,57
A01780,Applications,35
A01780,Integration,60
A01781,Infrastructure,36
A01781,Database,100
A01781,Analytics & Data,98
A01781,AI & ML,86
A01781,Security,97
A01781,Applications,97
A01781,Integration,97
A01782,Infrastructure,33
A01782,Database,23
A01782,Analytics & Data,24
A01782,AI & ML,50
A01782,Security,32
A01782,Applications,66
A01782,Integration,20
A01783,Infrastructure,82
A01783,Database,92
A01783,Analytics & Data,100
A01783,AI & ML,100
A01783,Security,92
A01783,Applications,50
A01783,Integration,98
A01784,Infrastructure,93
A01784,Database,99
A01784,Analytics & Data,98
A01784,AI & ML,91
A01784,Security,31
A01784,Applications,83
A01784,Integration,97
A01785,Infrastructure,29
A01785,Database,61
A01785,Analytics & Data,97
A01785,AI & ML,97
A01785,Security,89
A01785,Applications,48
A01785,Integration,80
A01786,Infrastructure,82
A01786,Database,66
A01786,Analytics & Data,45
A01786,AI & ML,33
A01786,Security,47
A01786,Applications,78
A01786,Integration,72
A01787,Infrastructure,70
A01787,Database,82
A01787,Analytics & Data,80
A01787,AI & ML,70
A01787,Security,65
A01787,Applications,59
A01787,Integration,93
A01788,Infrastructure,80
A01788,Database,99
A01788,Analytics & Data,93
A01788,AI & ML,93
A01788,Security,81
A01788,Applications,78
A01788,Integration,79
A01789,Infrastructure,63
A01789,Database,66
A01789,Analytics & Data,70
A01789,AI & ML,28
A01789,Security,69
A01789,Applications,51
A01789,Integration,50
A01790,Infrastructure,88
A01790,Database,61
A01790,Analytics & Data,61
A01790,AI & ML,52
A01790,Security,54
A01790,Applications,65
A01790,Integration,60
A01791,Infrastructure,50
A01791,Database,22
A01791,Analytics & Data,48
A01791,AI & ML,33
A01791,Security,86
A01791,Applications,93
A01791,Integration,100
A01792,Infrastructure,50
A01792,Database,38
A01792,Analytics & Data,67
A01792,AI & ML,99
A01792,Security,99
A01792,Applications,85
A01792,Integration,50
A01793,Infrastructure,70
A01793,Database,40
A01793,Analytics & Data,71
A01793,AI & ML,88
A01793,Security,70
A01793,Applications,70
A01793,Integration,58
A01794,Infrastructure,79
A01794,Database,55
A01794,Analytics & Data,39
A01794,AI & ML,93
A01794,Security,70
A01794,Applications,27
A01794,Integration,84
A01795,Infrastructure,72
A01795,Database,20
A01795,Analytics & Data,21
A01795,AI & ML,36
A01795,Security,41
A01795,Applications,57
A01795,Integration,13
A01796,Infrastructure,31
A01796,Database,88
A01796,Analytics & Data,78
A01796,AI & ML,60
A01796,Security,88
A01796,Applications,60
A01796,Integration,92
A01797,Infrastructure,86
A01797,Database,70
A01797,Analytics & Data,76
A01797,AI & ML,78
A01797,Security,88
A01797,Applications,100
A01797,Integration,100
A01798,Infrastructure,58
A01798,Database,10
A01798,Analytics & Data,58
A01798,AI & ML,82
A01798,Security,63
A01798,Applications,20
A01798,Integration,86
A01799,Infrastructure,97
A01799,Database,59
A01799,Analytics & Data,79
A01799,AI & ML,87
A01799,Security,87
A01799,Applications,78
A01799,Integration,90
A01800,Infrastructure,29
A01800,Database,39
A01800,Analytics & Data,35
A01800,AI & ML,37
A01800,Security,50
A01800,Applications,47
A01800,Integration,16
A01801,Infrastructure,29
A01801,Database,25
A01801,Analytics & Data,26
A01801,AI & ML,61
A01801,Security,89
A01801,Applications,87
A01801,Integration,13
A01802,Infrastructure,78
A01802,Database,49
A01802,Analytics & Data,97
A01802,AI & ML,89
A01802,Security,100
A01802,Applications,83
A01802,Integration,99
A01803,Infrastructure,56
A01803,Database,78
A01803,Analytics & Data,76
A01803,AI & ML,82
A01803,Security,80
A01803,Applications,54
A01803,Integration,76
A01804,Infrastructure,28
A01804,Database,30
A01804,Analytics & Data,37
A01804,AI & ML,11
A01804,Security,47
A01804,Applications,36
A01804,Integration,39
A01805,Infrastructure,19
A01805,Database,77
A01805,Analytics & Data,78
A01805,AI & ML,79
A01805,Security,54
A01805,Applications,58
A01805,Integration,91
A01806,Infrastructure,80
A01806,Database,90
A01806,Analytics & Data,50
A01806,AI & ML,24
A01806,Security,79
A01806,Applications,93
A01806,Integration,90
A01807,Infrastructure,60
A01807,Database,11
A01807,Analytics & Data,18
A01807,AI & ML,16
A01807,Security,31
A01807,Applications,21
A01807,Integration,61
A01808,Infrastructure,98
A01808,Database,39
A01808,Analytics & Data,98
A01808,AI & ML,55
A01808,Security,72
A01808,Applications,65
A01808,Integration,45
A01809,Infrastructure,81
A01809,Database,56
A01809,Analytics & Data,78
A01809,AI & ML,91
A01809,Security,45
A01809,Applications,81
A01809,Integration,72
A01810,Infrastructure,88
A01810,Database,88
A01810,Analytics & Data,72
A01810,AI & ML,92
A01810,Security,92
A01810,Applications,32
A01810,Integration,100
A01811,Infrastructure,97
A01811,Database,32
A01811,Analytics & Data,91
A01811,AI & ML,90
A01811,Security,84
A01811,Applications,47
A01811,Integration,80
A01812,Infrastructure,48
A01812,Database,93
A01812,Analytics & Data,22
A01812,AI & ML,72
A01812,Security,99
A01812,Applications,90
A01812,Integration,50
A01813,Infrastructure,85
A01813,Database,50
A01813,Analytics & Data,59
A01813,AI & ML,92
A01813,Security,99
A01813,Applications,100
A01813,Integration,23
A01814,Infrastructure,98
A01814,Database,55
A01814,Analytics & Data,83
A01814,AI & ML,37
A01814,Security,84
A01814,Applications,91
A01814,Integration,76
A01815,Infrastructure,100
A01815,Database,99
A01815,Analytics & Data,99
A01815,AI & ML,100
A01815,Security,98
A01815,Applications,99
A01815,Integration,89
A01816,Infrastructure,65
A01816,Database,64
A01816,Analytics & Data,17
A01816,AI & ML,89
A01816,Security,86
A01816,Applications,91
A01816,Integration,58
A01817,Infrastructure,78
A01817,Database,98
A01817,Analytics & Data,91
A01817,AI & ML,99
A01817,Security,90
A01817,Applications,98
A01817,Integration,90
A01818,Infrastructure,29
A01818,Database,21
A01818,Analytics & Data,69
A01818,AI & ML,10
A01818,Security,39
A01818,Applications,16
A01818,Integration,31
A01819,Infrastructure,97
A01819,Database,94
A01819,Analytics & Data,79
A01819,AI & ML,64
A01819,Security,93
A01819,Applications,86
A01819,Integration,39
A01820,Infrastructure,64
A01820,Database,14
A01820,Analytics & Data,23
A01820,AI & ML,31
A01820,Security,34
A01820,Applications,14
A01820,Integration,12
A01821,Infrastructure,76
A01821,Database,86
A01821,Analytics & Data,70
A01821,AI & ML,90
A01821,Security,100
A01821,Applications,98
A01821,Integration,53
A01822,Infrastructure,66
A01822,Database,12
A01822,Analytics & Data,58
A01822,AI & ML,86
A01822,Security,10
A01822,Applications,49
A01822,Integration,72
A01823,Infrastructure,97
A01823,Database,86
A01823,Analytics & Data,89
A01823,AI & ML,94
A01823,Security,88
A01823,Applications,77
A01823,Integration,77
A01824,Infrastructure,88
A01824,Database,62
A01824,Analytics & Data,100
A01824,AI & ML,86
A01824,Security,82
A01824,Applications,92
A01824,Integration,88
A01825,Infrastructure,76
A01825,Database,78
A01825,Analytics & Data,93
A01825,AI & ML,73
A01825,Security,88
A01825,Applications,89
A01825,Integration,51
A01826,Infrastructure,69
A01826,Database,90
A01826,Analytics & Data,86
A01826,AI & ML,80
A01826,Security,76
A01826,Applications,64
A01826,Integration,89
A01827,Infrastructure,48
A01827,Database,54
A01827,Analytics & Data,66
A01827,AI & ML,93
A01827,Security,79
A01827,Applications,84
A01827,Integration,26
A01828,Infrastructure,70
A01828,Database,87
A01828,Analytics & Data,80
A01828,AI & ML,85
A01828,Security,60
A01828,Applications,61
A01828,Integration,45
A01829,Infrastructure,20
A01829,Database,87
A01829,Analytics & Data,86
A01829,AI & ML,84
A01829,Security,89
A01829,Applications,81
A01829,Integration,50
A01830,Infrastructure,24
A01830,Database,86
A01830,Analytics & Data,55
A01830,AI & ML,58
A01830,Security,83
A01830,Applications,33
A01830,Integration,50
A01831,Infrastructure,92
A01831,Database,66
A01831,Analytics & Data,89
A01831,AI & ML,84
A01831,Security,88
A01831,Applications,93
A01831,Integration,92
A01832,Infrastructure,31
A01832,Database,57
A01832,Analytics & Data,83
A01832,AI & ML,27
A01832,Security,50
A01832,Applications,71
A01832,Integration,59
A01833,Infrastructure,34
A01833,Database,12
A01833,Analytics & Data,36
A01833,AI & ML,14
A01833,Security,69
A01833,Applications,23
A01833,Integration,17
A01834,Infrastructure,88
A01834,Database,83
A01834,Analytics & Data,57
A01834,AI & ML,98
A01834,Security,23
A01834,Applications,68
A01834,Integration,68
A01835,Infrastructure,73
A01835,Database,29
A01835,Analytics & Data,14
A01835,AI & ML,29
A01835,Security,10
A01835,Applications,29
A01835,Integration,18
A01836,Infrastructure,69
A01836,Database,87
A01836,Analytics & Data,45
A01836,AI & ML,57
A01836,Security,77
A01836,Applications,19
A01836,Integration,55
A01837,Infrastructure,84
A01837,Database,17
A01837,Analytics & Data,77
A01837,AI & ML,90
A01837,Security,90
A01837,Applications,10
A01837,Integration,98
A01838,Infrastructure,35
A01838,Database,52
A01838,Analytics & Data,32
A01838,AI & ML,36
A01838,Security,72
A01838,Applications,51
A01838,Integration,34
A01839,Infrastructure,18
A01839,Database,24
A01839,Analytics & Data,25
A01839,AI & ML,58
A01839,Security,46
A01839,Applications,72
A01839,Integration,11
A01840,Infrastructure,83
A01840,Database,52
A01840,Analytics & Data,85
A01840,AI & ML,85
A01840,Security,85
A01840,Applications,87
A01840,Integration,45
A01841,Infrastructure,80
A01841,Database,89
A01841,Analytics & Data,54
A01841,AI & ML,66
A01841,Security,93
A01841,Applications,100
A01841,Integration,62
A01842,Infrastructure,91
A01842,Database,94
A01842,Analytics & Data,11
A01842,AI & ML,88
A01842,Security,91
A01842,Applications,57
A01842,Integration,79
A01843,Infrastructure,100
A01843,Database,67
A01843,Analytics & Data,70
A01843,AI & ML,98
A01843,Security,69
A01843,Applications,51
A01843,Integration,65
A01844,Infrastructure,90
A01844,Database,65
A01844,Analytics & Data,25
A01844,AI & ML,24
A01844,Security,39
A01844,Applications,45
A01844,Integration,35
A01845,Infrastructure,98
A01845,Database,47
A01845,Analytics & Data,57
A01845,AI & ML,93
A01845,Security,85
A01845,Applications,68
A01845,Integration,88
A01846,Infrastructure,41
A01846,Database,39
A01846,Analytics & Data,54
A01846,AI & ML,21
A01846,Security,31
A01846,Applications,23
A01846,Integration,79
A01847,Infrastructure,80
A01847,Database,100
A01847,Analytics & Data,82
A01847,AI & ML,100
A01847,Security,99
A01847,Applications,97
A01847,Integration,99
A01848,Infrastructure,87
A01848,Database,60
A01848,Analytics & Data,100
A01848,AI & ML,62
A01848,Security,90
A01848,Applications,84
A01848,Integration,89
A01849,Infrastructure,62
A01849,Database,11
A01849,Analytics & Data,23
A01849,AI & ML,19
A01849,Security,68
A01849,Applications,83
A01849,Integration,22
A01850,Infrastructure,58
A01850,Database,79
A01850,Analytics & Data,100
A01850,AI & ML,99
A01850,Security,83
A01850,Applications,63
A01850,Integration,68
A01851,Infrastructure,34
A01851,Database,80
A01851,Analytics & Data,12
A01851,AI & ML,17
A01851,Security,34
A01851,Applications,11
A01851,Integration,42
A01852,Infrastructure,51
A01852,Database,59
A01852,Analytics & Data,34
A01852,AI & ML,42
A01852,Security,57
A01852,Applications,68
A01852,Integration,92
A01853,Infrastructure,76
A01853,Database,100
A01853,Analytics & Data,100
A01853,AI & ML,98
A01853,Security,97
A01853,Applications,78
A01853,Integration,28
A01854,Infrastructure,39
A01854,Database,22
A01854,Analytics & Data,93
A01854,AI & ML,100
A01854,Security,89
A01854,Applications,83
A01854,Integration,50
A01855,Infrastructure,14
A01855,Database,90
A01855,Analytics & Data,89
A01855,AI & ML,99
A01855,Security,76
A01855,Applications,100
A01855,Integration,86
A01856,Infrastructure,76
A01856,Database,97
A01856,Analytics & Data,69
A01856,AI & ML,76
A01856,Security,97
A01856,Applications,99
A01856,Integration,63
A01857,Infrastructure,87
A01857,Database,80
A01857,Analytics & Data,83
A01857,AI & ML,58
A01857,Security,31
A01857,Applications,77
A01857,Integration,82
A01858,Infrastructure,98
A01858,Database,80
A01858,Analytics & Data,100
A01858,AI & ML,84
A01858,Security,50
A01858,Applications,99
A01858,Integration,98
A01859,Infrastructure,10
A01859,Database,60
A01859,Analytics & Data,22
A01859,AI & ML,84
A01859,Security,26
A01859,Applications,24
A01859,Integration,57
A01860,Infrastructure,60
A01860,Database,99
A01860,Analytics & Data,17
A01860,AI & ML,98
A01860,Security,41
A01860,Applications,99
A01860,Integration,100
A01861,Infrastructure,100
A01861,Database,76
A01861,Analytics & Data,87
A01861,AI & ML,90
A01861,Security,98
A01861,Applications,94
A01861,Integration,22
A01862,Infrastructure,29
A01862,Database,16
A01862,Analytics & Data,42
A01862,AI & ML,30
A01862,Security,22
A01862,Applications,19
A01862,Integration,24
A01863,Infrastructure,71
A01863,Database,62
A01863,Analytics & Data,67
A01863,AI & ML,89
A01863,Security,57
A01863,Applications,65
A01863,Integration,48
A01864,Infrastructure,35
A01864,Database,50
A01864,Analytics & Data,56
A01864,AI & ML,33
A01864,Security,92
A01864,Applications,20
A01864,Integration,41
A01865,Infrastructure,77
A01865,Database,99
A01865,Analytics & Data,83
A01865,AI & ML,100
A01865,Security,99
A01865,Applications,99
A01865,Integration,82
A01866,Infrastructure,42
A01866,Database,25
A01866,Analytics & Data,39
A01866,AI & ML,35
A01866,Security,30
A01866,Applications,61
A01866,Integration,58
A01867,Infrastructure,100
A01867,Database,99
A01867,Analytics & Data,89
A01867,AI & ML,76
A01867,Security,100
A01867,Applications,98
A01867,Integration,51
A01868,Infrastructure,47
A01868,Database,33
A01868,Analytics & Data,35
A01868,AI & ML,10
A01868,Security,68
A01868,Applications,28
A01868,Integration,58
A01869,Infrastructure,85
A01869,Database,47
A01869,Analytics & Data,58
A01869,AI & ML,40
A01869,Security,61
A01869,Applications,57
A01869,Integration,72
A01870,Infrastructure,98
A01870,Database,88
A01870,Analytics & Data,82
A01870,AI & ML,82
A01870,Security,18
A01870,Applications,100
A01870,Integration,100
A01871,Infrastructure,80
A01871,Database,48
A01871,Analytics & Data,89
A01871,AI & ML,87
A01871,Security,99
A01871,Applications,76
A01871,Integration,87
A01872,Infrastructure,48
A01872,Database,21
A01872,Analytics & Data,11
A01872,AI & ML,25
A01872,Security,32
A01872,Applications,45
A01872,Integration,12
A01873,Infrastructure,97
A01873,Database,92
A01873,Analytics & Data,100
A01873,AI & ML,98
A01873,Security,84
A01873,Applications,84
A01873,Integration,93
A01874,Infrastructure,100
A01874,Database,53
A01874,Analytics & Data,86
A01874,AI & ML,84
A01874,Security,100
A01874,Applications,99
A01874,Integration,100
A01875,Infrastructure,99
A01875,Database,81
A01875,Analytics & Data,87
A01875,AI & ML,100
A01875,Security,94
A01875,Applications,85
A01875,Integration,84
A01876,Infrastructure,54
A01876,Database,48
A01876,Analytics & Data,99
A01876,AI & ML,80
A01876,Security,78
A01876,Applications,82
A01876,Integration,97
A01877,Infrastructure,80
A01877,Database,84
A01877,Analytics & Data,98
A01877,AI & ML,84
A01877,Security,79
A01877,Applications,98
A01877,Integration,91
A01878,Infrastructure,90
A01878,Database,77
A01878,Analytics & Data,97
A01878,AI & ML,59
A01878,Security,86
A01878,Applications,98
A01878,Integration,81
A01879,Infrastructure,83
A01879,Database,77
A01879,Analytics & Data,98
A01879,AI & ML,49
A01879,Security,56
A01879,Applications,68
A01879,Integration,88
A01880,Infrastructure,72
A01880,Database,94
A01880,Analytics & Data,70
A01880,AI & ML,90
A01880,Security,87
A01880,Applications,88
A01880,Integration,99
A01881,Infrastructure,73
A01881,Database,54
A01881,Analytics & Data,30
A01881,AI & ML,59
A01881,Security,54
A01881,Applications,79
A01881,Integration,72
A01882,Infrastructure,15
A01882,Database,29
A01882,Analytics & Data,40
A01882,AI & ML,10
A01882,Security,63
A01882,Applications,30
A01882,Integration,17
A01883,Infrastructure,99
A01883,Database,98
A01883,Analytics & Data,93
A01883,AI & ML,98
A01883,Security,100
A01883,Applications,99
A01883,Integration,84
A01884,Infrastructure,35
A01884,Database,13
A01884,Analytics & Data,15
A01884,AI & ML,20
A01884,Security,81
A01884,Applications,20
A01884,Integration,34
A01885,Infrastructure,67
A01885,Database,67
A01885,Analytics & Data,73
A01885,AI & ML,92
A01885,Security,59
A01885,Applications,72
A01885,Integration,80
A01886,Infrastructure,50
A01886,Database,30
A01886,Analytics & Data,27
A01886,AI & ML,32
A01886,Security,57
A01886,Applications,18
A01886,Integration,22
A01887,Infrastructure,77
A01887,Database,47
A01887,Analytics & Data,89
A01887,AI & ML,99
A01887,Security,82
A01887,Applications,78
A01887,Integration,60
A01888,Infrastructure,46
A01888,Database,60
A01888,Analytics & Data,72
A01888,AI & ML,88
A01888,Security,86
A01888,Applications,86
A01888,Integration,79
A01889,Infrastructure,86
A01889,Database,84
A01889,Analytics & Data,99
A01889,AI & ML,78
A01889,Security,78
A01889,Applications,100
A01889,Integration,78
A01890,Infrastructure,81
A01890,Database,45
A01890,Analytics & Data,51
A01890,AI & ML,94
A01890,Security,68
A01890,Applications,26
A01890,Integration,94
A01891,Infrastructure,99
A01891,Database,90
A01891,Analytics & Data,83
A01891,AI & ML,79
A01891,Security,22
A01891,Applications,99
A01891,Integration,58
A01892,Infrastructure,42
A01892,Database,20
A01892,Analytics & Data,91
A01892,AI & ML,51
A01892,Security,76
A01892,Applications,86
A01892,Integration,65
A01893,Infrastructure,22
A01893,Database,38
A01893,Analytics & Data,14
A01893,AI & ML,18
A01893,Security,52
A01893,Applications,20
A01893,Integration,37
A01894,Infrastructure,47
A01894,Database,36
A01894,Analytics & Data,97
A01894,AI & ML,12
A01894,Security,78
A01894,Applications,94
A01894,Integration,56
A01895,Infrastructure,55
A01895,Database,59
A01895,Analytics & Data,70
A01895,AI & ML,17
A01895,Security,67
A01895,Applications,41
A01895,Integration,65
A01896,Infrastructure,81
A01896,Database,86
A01896,Analytics & Data,98
A01896,AI & ML,83
A01896,Security,83
A01896,Applications,79
A01896,Integration,80
A01897,Infrastructure,10
A01897,Database,14
A01897,Analytics & Data,33
A01897,AI & ML,24
A01897,Security,45
A01897,Applications,22
A01897,Integration,17
A01898,Infrastructure,38
A01898,Database,45
A01898,Analytics & Data,64
A01898,AI & ML,14
A01898,Security,14
A01898,Applications,11
A01898,Integration,14
A01899,Infrastructure,73
A01899,Database,86
A01899,Analytics & Data,38
A01899,AI & ML,99
A01899,Security,70
A01899,Applications,82
A01899,Integration,72
A01900,Infrastructure,47
A01900,Database,98
A01900,Analytics & Data,99
A01900,AI & ML,83
A01900,Security,99
A01900,Applications,46
A01900,Integration,97
A01901,Infrastructure,57
A01901,Database,29
A01901,Analytics & Data,24
A01901,AI & ML,28
A01901,Security,39
A01901,Applications,62
A01901,Integration,30
A01902,Infrastructure,13
A01902,Database,50
A01902,Analytics & Data,84
A01902,AI & ML,24
A01902,Security,47
A01902,Applications,53
A01902,Integration,80
A01903,Infrastructure,97
A01903,Database,78
A01903,Analytics & Data,50
A01903,AI & ML,80
A01903,Security,97
A01903,Applications,30
A01903,Integration,84
A01904,Infrastructure,25
A01904,Database,37
A01904,Analytics & Data,56
A01904,AI & ML,54
A01904,Security,62
A01904,Applications,84
A01904,Integration,41
A01905,Infrastructure,61
A01905,Database,25
A01905,Analytics & Data,37
A01905,AI & ML,20
A01905,Security,57
A01905,Applications,37
A01905,Integration,20
A01906,Infrastructure,17
A01906,Database,34
A01906,Analytics & Data,42
A01906,AI & ML,38
A01906,Security,29
A01906,Applications,91
A01906,Integration,68
A01907,Infrastructure,82
A01907,Database,91
A01907,Analytics & Data,98
A01907,AI & ML,89
A01907,Security,88
A01907,Applications,73
A01907,Integration,52
A01908,Infrastructure,38
A01908,Database,19
A01908,Analytics & Data,77
A01908,AI & ML,13
A01908,Security,36
A01908,Applications,37
A01908,Integration,22
A01909,Infrastructure,94
A01909,Database,92
A01909,Analytics & Data,92
A01909,AI & ML,84
A01909,Security,90
A01909,Applications,50
A01909,Integration,80
A01910,Infrastructure,99
A01910,Database,61
A01910,Analytics & Data,78
A01910,AI & ML,99
A01910,Security,98
A01910,Applications,97
A01910,Integration,87
A01911,Infrastructure,82
A01911,Database,50
A01911,Analytics & Data,61
A01911,AI & ML,34
A01911,Security,85
A01911,Applications,100
A01911,Integration,86
A01912,Infrastructure,92
A01912,Database,25
A01912,Analytics & Data,80
A01912,AI & ML,100
A01912,Security,87
A01912,Applications,99
A01912,Integration,51
A01913,Infrastructure,100
A01913,Database,45
A01913,Analytics & Data,76
A01913,AI & ML,80
A01913,Security,77
A01913,Applications,91
A01913,Integration,80
A01914,Infrastructure,46
A01914,Database,98
A01914,Analytics & Data,81
A01914,AI & ML,55
A01914,Security,52
A01914,Applications,55
A01914,Integration,61
A01915,Infrastructure,50
A01915,Database,86
A01915,Analytics & Data,70
A01915,AI & ML,90
A01915,Security,87
A01915,Applications,27
A01915,Integration,10
A01916,Infrastructure,98
A01916,Database,78
A01916,Analytics & Data,100
A01916,AI & ML,100
A01916,Security,99
A01916,Applications,97
A01916,Integration,92
A01917,Infrastructure,37
A01917,Database,30
A01917,Analytics & Data,17
A01917,AI & ML,22
A01917,Security,34
A01917,Applications,11
A01917,Integration,35
A01918,Infrastructure,79
A01918,Database,12
A01918,Analytics & Data,94
A01918,AI & ML,82
A01918,Security,78
A01918,Applications,83
A01918,Integration,88
A01919,Infrastructure,55
A01919,Database,85
A01919,Analytics & Data,87
A01919,AI & ML,93
A01919,Security,77
A01919,Applications,80
A01919,Integration,66
A01920,Infrastructure,27
A01920,Database,21
A01920,Analytics & Data,32
A01920,AI & ML,29
A01920,Security,13
A01920,Applications,31
A01920,Integration,40
A01921,Infrastructure,51
A01921,Database,36
A01921,Analytics & Data,63
A01921,AI & ML,73
A01921,Security,99
A01921,Applications,46
A01921,Integration,79
A01922,Infrastructure,99
A01922,Database,76
A01922,Analytics & Data,19
A01922,AI & ML,98
A01922,Security,98
A01922,Applications,99
A01922,Integration,97
A01923,Infrastructure,33
A01923,Database,84
A01923,Analytics & Data,93
A01923,AI & ML,92
A01923,Security,97
A01923,Applications,77
A01923,Integration,98
A01924,Infrastructure,71
A01924,Database,60
A01924,Analytics & Data,93
A01924,AI & ML,67
A01924,Security,66
A01924,Applications,80
A01924,Integration,82
A01925,Infrastructure,85
A01925,Database,99
A01925,Analytics & Data,80
A01925,AI & ML,93
A01925,Security,70
A01925,Applications,76
A01925,Integration,89
A01926,Infrastructure,92
A01926,Database,91
A01926,Analytics & Data,79
A01926,AI & ML,93
A01926,Security,89
A01926,Applications,99
A01926,Integration,62
A01927,Infrastructure,14
A01927,Database,40
A01927,Analytics & Data,56
A01927,AI & ML,14
A01927,Security,10
A01927,Applications,31
A01927,Integration,32
A01928,Infrastructure,30
A01928,Database,69
A01928,Analytics & Data,50
A01928,AI & ML,78
A01928,Security,55
A01928,Applications,53
A01928,Integration,45
A01929,Infrastructure,88
A01929,Database,85
A01929,Analytics & Data,100
A01929,AI & ML,79
A01929,Security,99
A01929,Applications,81
A01929,Integration,86
A01930,Infrastructure,83
A01930,Database,70
A01930,Analytics & Data,86
A01930,AI & ML,98
A01930,Security,76
A01930,Applications,54
A01930,Integration,85
A01931,Infrastructure,79
A01931,Database,49
A01931,Analytics & Data,50
A01931,AI & ML,17
A01931,Security,73
A01931,Applications,53
A01931,Integration,90
A01932,Infrastructure,100
A01932,Database,80
A01932,Analytics & Data,84
A01932,AI & ML,100
A01932,Security,98
A01932,Applications,98
A01932,Integration,66
A01933,Infrastructure,76
A01933,Database,98
A01933,Analytics & Data,46
A01933,AI & ML,87
A01933,Security,97
A01933,Applications,82
A01933,Integration,99
A01934,Infrastructure,85
A01934,Database,68
A01934,Analytics & Data,65
A01934,AI & ML,79
A01934,Security,31
A01934,Applications,70
A01934,Integration,13
A01935,Infrastructure,83
A01935,Database,50
A01935,Analytics & Data,10
A01935,AI & ML,38
A01935,Security,56
A01935,Applications,72
A01935,Integration,99
A01936,Infrastructure,39
A01936,Database,77
A01936,Analytics & Data,71
A01936,AI & ML,82
A01936,Security,70
A01936,Applications,21
A01936,Integration,67
A01937,Infrastructure,64
A01937,Database,84
A01937,Analytics & Data,88
A01937,AI & ML,81
A01937,Security,91
A01937,Applications,78
A01937,Integration,99
A01938,Infrastructure,50
A01938,Database,63
A01938,Analytics & Data,33
A01938,AI & ML,64
A01938,Security,11
A01938,Applications,57
A01938,Integration,28
A01939,Infrastructure,86
A01939,Database,47
A01939,Analytics & Data,55
A01939,AI & ML,58
A01939,Security,63
A01939,Applications,99
A01939,Integration,32
A01940,Infrastructure,29
A01940,Database,38
A01940,Analytics & Data,21
A01940,AI & ML,18
A01940,Security,22
A01940,Applications,77
A01940,Integration,25
A01941,Infrastructure,100
A01941,Database,100
A01941,Analytics & Data,100
A01941,AI & ML,99
A01941,Security,78
A01941,Applications,79
A01941,Integration,98
A01942,Infrastructure,94
A01942,Database,83
A01942,Analytics & Data,76
A01942,AI & ML,65
A01942,Security,26
A01942,Applications,82
A01942,Integration,81
A01943,Infrastructure,33
A01943,Database,34
A01943,Analytics & Data,45
A01943,AI & ML,28
A01943,Security,32
A01943,Applications,14
A01943,Integration,73
A01944,Infrastructure,14
A01944,Database,58
A01944,Analytics & Data,31
A01944,AI & ML,67
A01944,Security,41
A01944,Applications,17
A01944,Integration,36
A01945,Infrastructure,25
A01945,Database,17
A01945,Analytics & Data,18
A01945,AI & ML,28
A01945,Security,40
A01945,Applications,11
A01945,Integration,86
A01946,Infrastructure,60
A01946,Database,87
A01946,Analytics & Data,84
A01946,AI & ML,83
A01946,Security,78
A01946,Applications,84
A01946,Integration,99
A01947,Infrastructure,82
A01947,Database,58
A01947,Analytics & Data,66
A01947,AI & ML,46
A01947,Security,83
A01947,Applications,38
A01947,Integration,79
A01948,Infrastructure,65
A01948,Database,19
A01948,Analytics & Data,66
A01948,AI & ML,35
A01948,Security,30
A01948,Applications,50
A01948,Integration,39
A01949,Infrastructure,91
A01949,Database,97
A01949,Analytics & Data,80
A01949,AI & ML,61
A01949,Security,80
A01949,Applications,97
A01949,Integration,88
A01950,Infrastructure,67
A01950,Database,50
A01950,Analytics & Data,39
A01950,AI & ML,38
A01950,Security,70
A01950,Applications,36
A01950,Integration,90
A01951,Infrastructure,72
A01951,Database,87
A01951,Analytics & Data,92
A01951,AI & ML,89
A01951,Security,86
A01951,Applications,90
A01951,Integration,97
A01952,Infrastructure,69
A01952,Database,89
A01952,Analytics & Data,79
A01952,AI & ML,78
A01952,Security,87
A01952,Applications,84
A01952,Integration,92
A01953,Infrastructure,50
A01953,Database,55
A01953,Analytics & Data,41
A01953,AI & ML,17
A01953,Security,93
A01953,Applications,61
A01953,Integration,92
A01954,Infrastructure,32
A01954,Database,29
A01954,Analytics & Data,41
A01954,AI & ML,47
A01954,Security,16
A01954,Applications,78
A01954,Integration,60
A01955,Infrastructure,21
A01955,Database,30
A01955,Analytics & Data,25
A01955,AI & ML,39
A01955,Security,21
A01955,Applications,38
A01955,Integration,70
A01956,Infrastructure,21
A01956,Database,55
A01956,Analytics & Data,93
A01956,AI & ML,79
A01956,Security,34
A01956,Applications,48
A01956,Integration,64
A01957,Infrastructure,12
A01957,Database,39
A01957,Analytics & Data,42
A01957,AI & ML,90
A01957,Security,86
A01957,Applications,60
A01957,Integration,54
A01958,Infrastructure,52
A01958,Database,90
A01958,Analytics & Data,86
A01958,AI & ML,85
A01958,Security,73
A01958,Applications,91
A01958,Integration,85
A01959,Infrastructure,87
A01959,Database,67
A01959,Analytics & Data,51
A01959,AI & ML,33
A01959,Security,80
A01959,Applications,90
A01959,Integration,50
A01960,Infrastructure,76
A01960,Database,91
A01960,Analytics & Data,98
A01960,AI & ML,61
A01960,Security,81
A01960,Applications,71
A01960,Integration,82
A01961,Infrastructure,98
A01961,Database,98
A01961,Analytics & Data,82
A01961,AI & ML,94
A01961,Security,85
A01961,Applications,94
A01961,Integration,99
A01962,Infrastructure,12
A01962,Database,19
A01962,Analytics & Data,27
A01962,AI & ML,58
A01962,Security,55
A01962,Applications,55
A01962,Integration,12
A01963,Infrastructure,50
A01963,Database,52
A01963,Analytics & Data,80
A01963,AI & ML,72
A01963,Security,51
A01963,Applications,77
A01963,Integration,77
A01964,Infrastructure,26
A01964,Database,20
A01964,Analytics & Data,67
A01964,AI & ML,33
A01964,Security,12
A01964,Applications,61
A01964,Integration,12
A01965,Infrastructure,97
A01965,Database,99
A01965,Analytics & Data,66
A01965,AI & ML,93
A01965,Security,69
A01965,Applications,94
A01965,Integration,81
A01966,Infrastructure,27
A01966,Database,62
A01966,Analytics & Data,21
A01966,AI & ML,51
A01966,Security,22
A01966,Applications,49
A01966,Integration,34
A01967,Infrastructure,69
A01967,Database,64
A01967,Analytics & Data,80
A01967,AI & ML,49
A01967,Security,67
A01967,Applications,68
A01967,Integration,73
A01968,Infrastructure,14
A01968,Database,13
A01968,Analytics & Data,85
A01968,AI & ML,10
A01968,Security,67
A01968,Applications,83
A01968,Integration,70
A01969,Infrastructure,33
A01969,Database,41
A01969,Analytics & Data,17
A01969,AI & ML,69
A01969,Security,78
A01969,Applications,51
A01969,Integration,22
A01970,Infrastructure,29
A01970,Database,20
A01970,Analytics & Data,10
A01970,AI & ML,55
A01970,Security,10
A01970,Applications,31
A01970,Integration,27
A01971,Infrastructure,15
A01971,Database,17
A01971,Analytics & Data,22
A01971,AI & ML,18
A01971,Security,10
A01971,Applications,49
A01971,Integration,50
A01972,Infrastructure,93
A01972,Database,73
A01972,Analytics & Data,72
A01972,AI & ML,61
A01972,Security,58
A01972,Applications,21
A01972,Integration,71
A01973,Infrastructure,56
A01973,Database,34
A01973,Analytics & Data,37
A01973,AI & ML,18
A01973,Security,49
A01973,Applications,39
A01973,Integration,18
A01974,Infrastructure,23
A01974,Database,68
A01974,Analytics & Data,41
A01974,AI & ML,45
A01974,Security,23
A01974,Applications,42
A01974,Integration,49
A01975,Infrastructure,87
A01975,Database,81
A01975,Analytics & Data,46
A01975,AI & ML,79
A01975,Security,81
A01975,Applications,84
A01975,Integration,94
A01976,Infrastructure,100
A01976,Database,99
A01976,Analytics & Data,98
A01976,AI & ML,99
A01976,Security,91
A01976,Applications,98
A01976,Integration,97
A01977,Infrastructure,87
A01977,Database,78
A01977,Analytics & Data,93
A01977,AI & ML,76
A01977,Security,77
A01977,Applications,99
A01977,Integration,59
A01978,Infrastructure,66
A01978,Database,76
A01978,Analytics & Data,100
A01978,AI & ML,77
A01978,Security,97
A01978,Applications,100
A01978,Integration,100
A01979,Infrastructure,98
A01979,Database,99
A01979,Analytics & Data,99
A01979,AI & ML,80
A01979,Security,97
A01979,Applications,100
A01979,Integration,99
A01980,Infrastructure,86
A01980,Database,86
A01980,Analytics & Data,55
A01980,AI & ML,94
A01980,Security,78
A01980,Applications,91
A01980,Integration,89
A01981,Infrastructure,87
A01981,Database,60
A01981,Analytics & Data,92
A01981,AI & ML,100
A01981,Security,85
A01981,Applications,84
A01981,Integration,57
A01982,Infrastructure,20
A01982,Database,24
A01982,Analytics & Data,52
A01982,AI & ML,37
A01982,Security,36
A01982,Applications,16
A01982,Integration,58
A01983,Infrastructure,18
A01983,Database,62
A01983,Analytics & Data,41
A01983,AI & ML,24
A01983,Security,19
A01983,Applications,19
A01983,Integration,66
A01984,Infrastructure,21
A01984,Database,19
A01984,Analytics & Data,27
A01984,AI & ML,73
A01984,Security,25
A01984,Applications,25
A01984,Integration,62
A01985,Infrastructure,78
A01985,Database,73
A01985,Analytics & Data,81
A01985,AI & ML,41
A01985,Security,48
A01985,Applications,16
A01985,Integration,52
A01986,Infrastructure,62
A01986,Database,42
A01986,Analytics & Data,84
A01986,AI & ML,32
A01986,Security,100
A01986,Applications,99
A01986,Integration,98
A01987,Infrastructure,70
A01987,Database,40
A01987,Analytics & Data,70
A01987,AI & ML,33
A01987,Security,59
A01987,Applications,18
A01987,Integration,23
A01988,Infrastructure,98
A01988,Database,78
A01988,Analytics & Data,100
A01988,AI & ML,98
A01988,Security,99
A01988,Applications,100
A01988,Integration,100
A01989,Infrastructure,10
A01989,Database,49
A01989,Analytics & Data,46
A01989,AI & ML,17
A01989,Security,15
A01989,Applications,20
A01989,Integration,77
A01990,Infrastructure,72
A01990,Database,92
A01990,Analytics & Data,87
A01990,AI & ML,76
A01990,Security,97
A01990,Applications,66
A01990,Integration,76
A01991,Infrastructure,98
A01991,Database,97
A01991,Analytics & Data,99
A01991,AI & ML,86
A01991,Security,55
A01991,Applications,98
A01991,Integration,92
A01992,Infrastructure,23
A01992,Database,32
A01992,Analytics & Data,55
A01992,AI & ML,30
A01992,Security,10
A01992,Applications,14
A01992,Integration,72
A01993,Infrastructure,20
A01993,Database,38
A01993,Analytics & Data,23
A01993,AI & ML,36
A01993,Security,37
A01993,Applications,13
A01993,Integration,14
A01994,Infrastructure,21
A01994,Database,18
A01994,Analytics & Data,19
A01994,AI & ML,49
A01994,Security,58
A01994,Applications,64
A01994,Integration,72
A01995,Infrastructure,41
A01995,Database,15
A01995,Analytics & Data,25
A01995,AI & ML,18
A01995,Security,90
A01995,Applications,17
A01995,Integration,42
A01996,Infrastructure,51
A01996,Database,87
A01996,Analytics & Data,50
A01996,AI & ML,53
A01996,Security,49
A01996,Applications,41
A01996,Integration,63
A01997,Infrastructure,84
A01997,Database,83
A01997,Analytics & Data,100
A01997,AI & ML,99
A01997,Security,99
A01997,Applications,77
A01997,Integration,100
A01998,Infrastructure,100
A01998,Database,54
A01998,Analytics & Data,97
A01998,AI & ML,79
A01998,Security,83
A01998,Applications,85
A01998,Integration,92
A01999,Infrastructure,25
A01999,Database,82
A01999,Analytics & Data,60
A01999,AI & ML,73
A01999,Security,68
A01999,Applications,70
A01999,Integration,22
A02000,Infrastructure,97
A02000,Database,98
A02000,Analytics & Data,82
A02000,AI & ML,93
A02000,Security,100
A02000,Applications,84
A02000,Integration,98
A02001,Infrastructure,20
A02001,Database,14
A02001,Analytics & Data,68
A02001,AI & ML,11
A02001,Security,65
A02001,Applications,50
A02001,Integration,38
A02002,Infrastructure,11
A02002,Database,65
A02002,Analytics & Data,94
A02002,AI & ML,45
A02002,Security,39
A02002,Applications,53
A02002,Integration,26
A02003,Infrastructure,97
A02003,Database,100
A02003,Analytics & Data,94
A02003,AI & ML,100
A02003,Security,99
A02003,Applications,81
A02003,Integration,85
A02004,Infrastructure,97
A02004,Database,60
A02004,Analytics & Data,99
A02004,AI & ML,98
A02004,Security,99
A02004,Applications,98
A02004,Integration,97
A02005,Infrastructure,59
A02005,Database,58
A02005,Analytics & Data,47
A02005,AI & ML,93
A02005,Security,41
A02005,Applications,46
A02005,Integration,89
A02006,Infrastructure,19
A02006,Database,34
A02006,Analytics & Data,13
A02006,AI & ML,83
A02006,Security,91
A02006,Applications,23
A02006,Integration,42
A02007,Infrastructure,59
A02007,Database,54
A02007,Analytics & Data,76
A02007,AI & ML,59
A02007,Security,89
A02007,Applications,70
A02007,Integration,56
A02008,Infrastructure,27
A02008,Database,33
A02008,Analytics & Data,27
A02008,AI & ML,53
A02008,Security,93
A02008,Applications,32
A02008,Integration,79
A02009,Infrastructure,71
A02009,Database,76
A02009,Analytics & Data,100
A02009,AI & ML,34
A02009,Security,98
A02009,Applications,90
A02009,Integration,92
A02010,Infrastructure,61
A02010,Database,56
A02010,Analytics & Data,54
A02010,AI & ML,49
A02010,Security,54
A02010,Applications,46
A02010,Integration,19
A02011,Infrastructure,98
A02011,Database,97
A02011,Analytics & Data,97
A02011,AI & ML,97
A02011,Security,92
A02011,Applications,100
A02011,Integration,97
A02012,Infrastructure,79
A02012,Database,49
A02012,Analytics & Data,49
A02012,AI & ML,48
A02012,Security,83
A02012,Applications,79
A02012,Integration,82
A02013,Infrastructure,35
A02013,Database,24
A02013,Analytics & Data,58
A02013,AI & ML,34
A02013,Security,55
A02013,Applications,36
A02013,Integration,73
A02014,Infrastructure,29
A02014,Database,18
A02014,Analytics & Data,26
A02014,AI & ML,24
A02014,Security,40
A02014,Applications,89
A02014,Integration,35
A02015,Infrastructure,94
A02015,Database,79
A02015,Analytics & Data,83
A02015,AI & ML,77
A02015,Security,84
A02015,Applications,45
A02015,Integration,77
A02016,Infrastructure,97
A02016,Database,88
A02016,Analytics & Data,99
A02016,AI & ML,98
A02016,Security,88
A02016,Applications,99
A02016,Integration,48
A02017,Infrastructure,64
A02017,Database,31
A02017,Analytics & Data,59
A02017,AI & ML,57
A02017,Security,37
A02017,Applications,52
A02017,Integration,58
A02018,Infrastructure,11
A02018,Database,10
A02018,Analytics & Data,15
A02018,AI & ML,35
A02018,Security,30
A02018,Applications,35
A02018,Integration,28
A02019,Infrastructure,86
A02019,Database,83
A02019,Analytics & Data,77
A02019,AI & ML,51
A02019,Security,66
A02019,Applications,79
A02019,Integration,30
A02020,Infrastructure,80
A02020,Database,82
A02020,Analytics & Data,84
A02020,AI & ML,83
A02020,Security,49
A02020,Applications,76
A02020,Integration,59
A02021,Infrastructure,97
A02021,Database,89
A02021,Analytics & Data,97
A02021,AI & ML,98
A02021,Security,100
A02021,Applications,81
A02021,Integration,82
A02022,Infrastructure,48
A02022,Database,70
A02022,Analytics & Data,50
A02022,AI & ML,53
A02022,Security,54
A02022,Applications,50
A02022,Integration,50
A02023,Infrastructure,77
A02023,Database,54
A02023,Analytics & Data,79
A02023,AI & ML,46
A02023,Security,78
A02023,Applications,68
A02023,Integration,24
A02024,Infrastructure,34
A02024,Database,29
A02024,Analytics & Data,33
A02024,AI & ML,39
A02024,Security,31
A02024,Applications,18
A02024,Integration,77
A02025,Infrastructure,98
A02025,Database,20
A02025,Analytics & Data,97
A02025,AI & ML,98
A02025,Security,81
A02025,Applications,98
A02025,Integration,81
A02026,Infrastructure,76
A02026,Database,18
A02026,Analytics & Data,72
A02026,AI & ML,15
A02026,Security,65
A02026,Applications,68
A02026,Integration,90
A02027,Infrastructure,46
A02027,Database,21
A02027,Analytics & Data,53
A02027,AI & ML,63
A02027,Security,84
A02027,Applications,45
A02027,Integration,47
A02028,Infrastructure,31
A02028,Database,34
A02028,Analytics & Data,23
A02028,AI & ML,38
A02028,Security,50
A02028,Applications,21
A02028,Integration,66
A02029,Infrastructure,80
A02029,Database,62
A02029,Analytics & Data,88
A02029,AI & ML,64
A02029,Security,86
A02029,Applications,88
A02029,Integration,81
A02030,Infrastructure,25
A02030,Database,52
A02030,Analytics & Data,59
A02030,AI & ML,91
A02030,Security,90
A02030,Applications,56
A02030,Integration,19
A02031,Infrastructure,100
A02031,Database,98
A02031,Analytics & Data,88
A02031,AI & ML,92
A02031,Security,99
A02031,Applications,78
A02031,Integration,99
A02032,Infrastructure,63
A02032,Database,80
A02032,Analytics & Data,91
A02032,AI & ML,100
A02032,Security,78
A02032,Applications,89
A02032,Integration,46
A02033,Infrastructure,58
A02033,Database,73
A02033,Analytics & Data,81
A02033,AI & ML,47
A02033,Security,78
A02033,Applications,91
A02033,Integration,57
A02034,Infrastructure,67
A02034,Database,51
A02034,Analytics & Data,19
A02034,AI & ML,67
A02034,Security,70
A02034,Applications,84
A02034,Integration,66
A02035,Infrastructure,93
A02035,Database,49
A02035,Analytics & Data,65
A02035,AI & ML,64
A02035,Security,67
A02035,Applications,56
A02035,Integration,53
A02036,Infrastructure,84
A02036,Database,78
A02036,Analytics & Data,55
A02036,AI & ML,70
A02036,Security,37
A02036,Applications,11
A02036,Integration,81
A02037,Infrastructure,80
A02037,Database,89
A02037,Analytics & Data,87
A02037,AI & ML,86
A02037,Security,61
A02037,Applications,100
A02037,Integration,13
A02038,Infrastructure,72
A02038,Database,16
A02038,Analytics & Data,56
A02038,AI & ML,30
A02038,Security,33
A02038,Applications,30
A02038,Integration,58
A02039,Infrastructure,78
A02039,Database,46
A02039,Analytics & Data,49
A02039,AI & ML,13
A02039,Security,89
A02039,Applications,61
A02039,Integration,14
A02040,Infrastructure,65
A02040,Database,63
A02040,Analytics & Data,14
A02040,AI & ML,30
A02040,Security,25
A02040,Applications,48
A02040,Integration,37
A02041,Infrastructure,79
A02041,Database,76
A02041,Analytics & Data,97
A02041,AI & ML,62
A02041,Security,13
A02041,Applications,36
A02041,Integration,49
A02042,Infrastructure,69
A02042,Database,31
A02042,Analytics & Data,45
A02042,AI & ML,86
A02042,Security,60
A02042,Applications,91
A02042,Integration,60
A02043,Infrastructure,35
A02043,Database,51
A02043,Analytics & Data,53
A02043,AI & ML,56
A02043,Security,27
A02043,Applications,25
A02043,Integration,12
A02044,Infrastructure,85
A02044,Database,85
A02044,Analytics & Data,10
A02044,AI & ML,86
A02044,Security,89
A02044,Applications,86
A02044,Integration,90
A02045,Infrastructure,92
A02045,Database,70
A02045,Analytics & Data,31
A02045,AI & ML,67
A02045,Security,52
A02045,Applications,72
A02045,Integration,51
A02046,Infrastructure,100
A02046,Database,91
A02046,Analytics & Data,97
A02046,AI & ML,81
A02046,Security,100
A02046,Applications,76
A02046,Integration,98
A02047,Infrastructure,78
A02047,Database,97
A02047,Analytics & Data,99
A02047,AI & ML,86
A02047,Security,46
A02047,Applications,77
A02047,Integration,98
A02048,Infrastructure,84
A02048,Database,85
A02048,Analytics & Data,91
A02048,AI & ML,53
A02048,Security,99
A02048,Applications,90
A02048,Integration,49
A02049,Infrastructure,91
A02049,Database,84
A02049,Analytics & Data,91
A02049,AI & ML,98
A02049,Security,87
A02049,Applications,87
A02049,Integration,94
A02050,Infrastructure,97
A02050,Database,66
A02050,Analytics & Data,99
A02050,AI & ML,91
A02050,Security,100
A02050,Applications,98
A02050,Integration,98
A02051,Infrastructure,48
A02051,Database,68
A02051,Analytics & Data,65
A02051,AI & ML,87
A02051,Security,92
A02051,Applications,35
A02051,Integration,70
A02052,Infrastructure,85
A02052,Database,100
A02052,Analytics & Data,81
A02052,AI & ML,94
A02052,Security,82
A02052,Applications,38
A02052,Integration,87
A02053,Infrastructure,53
A02053,Database,84
A02053,Analytics & Data,93
A02053,AI & ML,76
A02053,Security,65
A02053,Applications,77
A02053,Integration,58
A02054,Infrastructure,71
A02054,Database,39
A02054,Analytics & Data,85
A02054,AI & ML,66
A02054,Security,73
A02054,Applications,68
A02054,Integration,87
A02055,Infrastructure,98
A02055,Database,100
A02055,Analytics & Data,97
A02055,AI & ML,99
A02055,Security,100
A02055,Applications,98
A02055,Integration,100
A02056,Infrastructure,100
A02056,Database,88
A02056,Analytics & Data,94
A02056,AI & ML,92
A02056,Security,87
A02056,Applications,87
A02056,Integration,94
A02057,Infrastructure,87
A02057,Database,78
A02057,Analytics & Data,89
A02057,AI & ML,98
A02057,Security,92
A02057,Applications,88
A02057,Integration,88
A02058,Infrastructure,26
A02058,Database,15
A02058,Analytics & Data,50
A02058,AI & ML,49
A02058,Security,81
A02058,Applications,34
A02058,Integration,16
A02059,Infrastructure,12
A02059,Database,35
A02059,Analytics & Data,40
A02059,AI & ML,35
A02059,Security,52
A02059,Applications,26
A02059,Integration,72
A02060,Infrastructure,42
A02060,Database,39
A02060,Analytics & Data,83
A02060,AI & ML,59
A02060,Security,49
A02060,Applications,28
A02060,Integration,41
A02061,Infrastructure,59
A02061,Database,99
A02061,Analytics & Data,98
A02061,AI & ML,31
A02061,Security,99
A02061,Applications,55
A02061,Integration,86
A02062,Infrastructure,61
A02062,Database,52
A02062,Analytics & Data,37
A02062,AI & ML,93
A02062,Security,79
A02062,Applications,45
A02062,Integration,72
A02063,Infrastructure,66
A02063,Database,61
A02063,Analytics & Data,29
A02063,AI & ML,47
A02063,Security,60
A02063,Applications,42
A02063,Integration,70
A02064,Infrastructure,82
A02064,Database,71
A02064,Analytics & Data,71
A02064,AI & ML,91
A02064,Security,86
A02064,Applications,97
A02064,Integration,99
A02065,Infrastructure,72
A02065,Database,97
A02065,Analytics & Data,18
A02065,AI & ML,83
A02065,Security,65
A02065,Applications,62
A02065,Integration,70
A02066,Infrastructure,91
A02066,Database,13
A02066,Analytics & Data,98
A02066,AI & ML,57
A02066,Security,67
A02066,Applications,77
A02066,Integration,98
A02067,Infrastructure,99
A02067,Database,47
A02067,Analytics & Data,100
A02067,AI & ML,100
A02067,Security,99
A02067,Applications,98
A02067,Integration,97
A02068,Infrastructure,83
A02068,Database,91
A02068,Analytics & Data,100
A02068,AI & ML,100
A02068,Security,84
A02068,Applications,82
A02068,Integration,99
A02069,Infrastructure,61
A02069,Database,18
A02069,Analytics & Data,57
A02069,AI & ML,79
A02069,Security,15
A02069,Applications,71
A02069,Integration,10
A02070,Infrastructure,29
A02070,Database,63
A02070,Analytics & Data,24
A02070,AI & ML,29
A02070,Security,65
A02070,Applications,72
A02070,Integration,19
A02071,Infrastructure,100
A02071,Database,68
A02071,Analytics & Data,19
A02071,AI & ML,57
A02071,Security,58
A02071,Applications,97
A02071,Integration,99
A02072,Infrastructure,69
A02072,Database,97
A02072,Analytics & Data,76
A02072,AI & ML,98
A02072,Security,93
A02072,Applications,91
A02072,Integration,92
A02073,Infrastructure,47
A02073,Database,62
A02073,Analytics & Data,63
A02073,AI & ML,93
A02073,Security,89
A02073,Applications,37
A02073,Integration,85
A02074,Infrastructure,97
A02074,Database,100
A02074,Analytics & Data,97
A02074,AI & ML,82
A02074,Security,58
A02074,Applications,82
A02074,Integration,97
A02075,Infrastructure,68
A02075,Database,83
A02075,Analytics & Data,99
A02075,AI & ML,97
A02075,Security,93
A02075,Applications,93
A02075,Integration,99
A02076,Infrastructure,38
A02076,Database,35
A02076,Analytics & Data,49
A02076,AI & ML,62
A02076,Security,45
A02076,Applications,10
A02076,Integration,38
A02077,Infrastructure,100
A02077,Database,12
A02077,Analytics & Data,72
A02077,AI & ML,59
A02077,Security,92
A02077,Applications,69
A02077,Integration,16
A02078,Infrastructure,38
A02078,Database,31
A02078,Analytics & Data,71
A02078,AI & ML,12
A02078,Security,55
A02078,Applications,32
A02078,Integration,20
A02079,Infrastructure,46
A02079,Database,45
A02079,Analytics & Data,89
A02079,AI & ML,88
A02079,Security,63
A02079,Applications,45
A02079,Integration,99
A02080,Infrastructure,81
A02080,Database,100
A02080,Analytics & Data,84
A02080,AI & ML,91
A02080,Security,76
A02080,Applications,99
A02080,Integration,92
A02081,Infrastructure,82
A02081,Database,92
A02081,Analytics & Data,97
A02081,AI & ML,77
A02081,Security,61
A02081,Applications,55
A02081,Integration,72
A02082,Infrastructure,50
A02082,Database,80
A02082,Analytics & Data,91
A02082,AI & ML,83
A02082,Security,69
A02082,Applications,91
A02082,Integration,76
A02083,Infrastructure,30
A02083,Database,48
A02083,Analytics & Data,35
A02083,AI & ML,94
A02083,Security,24
A02083,Applications,73
A02083,Integration,61
A02084,Infrastructure,68
A02084,Database,68
A02084,Analytics & Data,20
A02084,AI & ML,52
A02084,Security,88
A02084,Applications,79
A02084,Integration,86
A02085,Infrastructure,100
A02085,Database,99
A02085,Analytics & Data,76
A02085,AI & ML,34
A02085,Security,10
A02085,Applications,88
A02085,Integration,94
A02086,Infrastructure,12
A02086,Database,66
A02086,Analytics & Data,14
A02086,AI & ML,38
A02086,Security,16
A02086,Applications,25
A02086,Integration,15
A02087,Infrastructure,89
A02087,Database,19
A02087,Analytics & Data,92
A02087,AI & ML,98
A02087,Security,91
A02087,Applications,99
A02087,Integration,88
A02088,Infrastructure,57
A02088,Database,10
A02088,Analytics & Data,32
A02088,AI & ML,68
A02088,Security,77
A02088,Applications,99
A02088,Integration,91
A02089,Infrastructure,98
A02089,Database,87
A02089,Analytics & Data,97
A02089,AI & ML,80
A02089,Security,98
A02089,Applications,97
A02089,Integration,84
A02090,Infrastructure,57
A02090,Database,53
A02090,Analytics & Data,53
A02090,AI & ML,20
A02090,Security,92
A02090,Applications,63
A02090,Integration,79
A02091,Infrastructure,88
A02091,Database,83
A02091,Analytics & Data,85
A02091,AI & ML,94
A02091,Security,100
A02091,Applications,80
A02091,Integration,88
A02092,Infrastructure,48
A02092,Database,71
A02092,Analytics & Data,68
A02092,AI & ML,12
A02092,Security,93
A02092,Applications,60
A02092,Integration,86
A02093,Infrastructure,26
A02093,Database,67
A02093,Analytics & Data,16
A02093,AI & ML,85
A02093,Security,87
A02093,Applications,18
A02093,Integration,63
A02094,Infrastructure,97
A02094,Database,92
A02094,Analytics & Data,64
A02094,AI & ML,50
A02094,Security,79
A02094,Applications,99
A02094,Integration,89
A02095,Infrastructure,60
A02095,Database,55
A02095,Analytics & Data,49
A02095,AI & ML,57
A02095,Security,79
A02095,Applications,82
A02095,Integration,72
A02096,Infrastructure,94
A02096,Database,87
A02096,Analytics & Data,50
A02096,AI & ML,53
A02096,Security,91
A02096,Applications,93
A02096,Integration,98
A02097,Infrastructure,97
A02097,Database,92
A02097,Analytics & Data,92
A02097,AI & ML,86
A02097,Security,60
A02097,Applications,91
A02097,Integration,99
A02098,Infrastructure,52
A02098,Database,60
A02098,Analytics & Data,57
A02098,AI & ML,86
A02098,Security,45
A02098,Applications,57
A02098,Integration,28
A02099,Infrastructure,32
A02099,Database,72
A02099,Analytics & Data,42
A02099,AI & ML,25
A02099,Security,69
A02099,Applications,34
A02099,Integration,54
A02100,Infrastructure,88
A02100,Database,89
A02100,Analytics & Data,23
A02100,AI & ML,86
A02100,Security,85
A02100,Applications,15
A02100,Integration,28
A02101,Infrastructure,34
A02101,Database,80
A02101,Analytics & Data,89
A02101,AI & ML,94
A02101,Security,58
A02101,Applications,80
A02101,Integration,31
A02102,Infrastructure,94
A02102,Database,97
A02102,Analytics & Data,99
A02102,AI & ML,100
A02102,Security,13
A02102,Applications,89
A02102,Integration,55
A02103,Infrastructure,71
A02103,Database,21
A02103,Analytics & Data,21
A02103,AI & ML,31
A02103,Security,30
A02103,Applications,66
A02103,Integration,55
A02104,Infrastructure,48
A02104,Database,56
A02104,Analytics & Data,60
A02104,AI & ML,79
A02104,Security,16
A02104,Applications,91
A02104,Integration,55
A02105,Infrastructure,65
A02105,Database,31
A02105,Analytics & Data,22
A02105,AI & ML,85
A02105,Security,20
A02105,Applications,53
A02105,Integration,32
A02106,Infrastructure,97
A02106,Database,98
A02106,Analytics & Data,98
A02106,AI & ML,98
A02106,Security,99
A02106,Applications,97
A02106,Integration,77
A02107,Infrastructure,97
A02107,Database,92
A02107,Analytics & Data,82
A02107,AI & ML,98
A02107,Security,89
A02107,Applications,97
A02107,Integration,77
A02108,Infrastructure,31
A02108,Database,92
A02108,Analytics & Data,30
A02108,AI & ML,71
A02108,Security,48
A02108,Applications,47
A02108,Integration,65
A02109,Infrastructure,15
A02109,Database,52
A02109,Analytics & Data,64
A02109,AI & ML,91
A02109,Security,19
A02109,Applications,37
A02109,Integration,28
A02110,Infrastructure,41
A02110,Database,51
A02110,Analytics & Data,19
A02110,AI & ML,66
A02110,Security,58
A02110,Applications,36
A02110,Integration,12
A02111,Infrastructure,17
A02111,Database,78
A02111,Analytics & Data,93
A02111,AI & ML,56
A02111,Security,63
A02111,Applications,17
A02111,Integration,86
A02112,Infrastructure,12
A02112,Database,23
A02112,Analytics & Data,16
A02112,AI & ML,37
A02112,Security,29
A02112,Applications,41
A02112,Integration,38
A02113,Infrastructure,78
A02113,Database,91
A02113,Analytics & Data,83
A02113,AI & ML,100
A02113,Security,97
A02113,Applications,55
A02113,Integration,83
A02114,Infrastructure,100
A02114,Database,98
A02114,Analytics & Data,97
A02114,AI & ML,89
A02114,Security,97
A02114,Applications,97
A02114,Integration,88
A02115,Infrastructure,77
A02115,Database,97
A02115,Analytics & Data,54
A02115,AI & ML,98
A02115,Security,86
A02115,Applications,85
A02115,Integration,85
A02116,Infrastructure,39
A02116,Database,52
A02116,Analytics & Data,19
A02116,AI & ML,47
A02116,Security,64
A02116,Applications,64
A02116,Integration,83
A02117,Infrastructure,78
A02117,Database,30
A02117,Analytics & Data,86
A02117,AI & ML,73
A02117,Security,51
A02117,Applications,47
A02117,Integration,63
A02118,Infrastructure,90
A02118,Database,99
A02118,Analytics & Data,60
A02118,AI & ML,91
A02118,Security,54
A02118,Applications,28
A02118,Integration,14
A02119,Infrastructure,76
A02119,Database,78
A02119,Analytics & Data,55
A02119,AI & ML,63
A02119,Security,50
A02119,Applications,64
A02119,Integration,15
A02120,Infrastructure,69
A02120,Database,71
A02120,Analytics & Data,22
A02120,AI & ML,34
A02120,Security,42
A02120,Applications,49
A02120,Integration,21
A02121,Infrastructure,94
A02121,Database,97
A02121,Analytics & Data,97
A02121,AI & ML,97
A02121,Security,100
A02121,Applications,94
A02121,Integration,92
A02122,Infrastructure,91
A02122,Database,93
A02122,Analytics & Data,65
A02122,AI & ML,50
A02122,Security,30
A02122,Applications,47
A02122,Integration,34
A02123,Infrastructure,62
A02123,Database,84
A02123,Analytics & Data,97
A02123,AI & ML,17
A02123,Security,86
A02123,Applications,84
A02123,Integration,57
A02124,Infrastructure,37
A02124,Database,20
A02124,Analytics & Data,47
A02124,AI & ML,18
A02124,Security,73
A02124,Applications,21
A02124,Integration,56
A02125,Infrastructure,62
A02125,Database,39
A02125,Analytics & Data,29
A02125,AI & ML,53
A02125,Security,73
A02125,Applications,29
A02125,Integration,41
A02126,Infrastructure,29
A02126,Database,94
A02126,Analytics & Data,88
A02126,AI & ML,60
A02126,Security,49
A02126,Applications,49
A02126,Integration,51
A02127,Infrastructure,77
A02127,Database,83
A02127,Analytics & Data,58
A02127,AI & ML,90
A02127,Security,98
A02127,Applications,73
A02127,Integration,90
A02128,Infrastructure,80
A02128,Database,52
A02128,Analytics & Data,81
A02128,AI & ML,42
A02128,Security,58
A02128,Applications,80
A02128,Integration,84
A02129,Infrastructure,62
A02129,Database,48
A02129,Analytics & Data,53
A02129,AI & ML,34
A02129,Security,100
A02129,Applications,48
A02129,Integration,78
A02130,Infrastructure,99
A02130,Database,99
A02130,Analytics & Data,79
A02130,AI & ML,98
A02130,Security,79
A02130,Applications,99
A02130,Integration,81
A02131,Infrastructure,80
A02131,Database,83
A02131,Analytics & Data,62
A02131,AI & ML,78
A02131,Security,90
A02131,Applications,63
A02131,Integration,34
A02132,Infrastructure,52
A02132,Database,87
A02132,Analytics & Data,58
A02132,AI & ML,30
A02132,Security,28
A02132,Applications,25
A02132,Integration,83
A02133,Infrastructure,39
A02133,Database,21
A02133,Analytics & Data,28
A02133,AI & ML,28
A02133,Security,92
A02133,Applications,79
A02133,Integration,35
A02134,Infrastructure,97
A02134,Database,83
A02134,Analytics & Data,78
A02134,AI & ML,80
A02134,Security,100
A02134,Applications,97
A02134,Integration,98
A02135,Infrastructure,80
A02135,Database,97
A02135,Analytics & Data,65
A02135,AI & ML,99
A02135,Security,94
A02135,Applications,87
A02135,Integration,83
A02136,Infrastructure,60
A02136,Database,28
A02136,Analytics & Data,10
A02136,AI & ML,11
A02136,Security,73
A02136,Applications,30
A02136,Integration,49
A02137,Infrastructure,23
A02137,Database,59
A02137,Analytics & Data,34
A02137,AI & ML,28
A02137,Security,83
A02137,Applications,54
A02137,Integration,10
A02138,Infrastructure,27
A02138,Database,19
A02138,Analytics & Data,60
A02138,AI & ML,69
A02138,Security,90
A02138,Applications,88
A02138,Integration,50
A02139,Infrastructure,97
A02139,Database,89
A02139,Analytics & Data,80
A02139,AI & ML,70
A02139,Security,11
A02139,Applications,59
A02139,Integration,99
A02140,Infrastructure,47
A02140,Database,99
A02140,Analytics & Data,99
A02140,AI & ML,98
A02140,Security,68
A02140,Applications,77
A02140,Integration,77
A02141,Infrastructure,80
A02141,Database,63
A02141,Analytics & Data,100
A02141,AI & ML,87
A02141,Security,98
A02141,Applications,99
A02141,Integration,55
A02142,Infrastructure,91
A02142,Database,42
A02142,Analytics & Data,49
A02142,AI & ML,61
A02142,Security,31
A02142,Applications,48
A02142,Integration,68
A02143,Infrastructure,86
A02143,Database,99
A02143,Analytics & Data,97
A02143,AI & ML,98
A02143,Security,76
A02143,Applications,78
A02143,Integration,89
A02144,Infrastructure,92
A02144,Database,99
A02144,Analytics & Data,78
A02144,AI & ML,24
A02144,Security,29
A02144,Applications,91
A02144,Integration,83
A02145,Infrastructure,76
A02145,Database,94
A02145,Analytics & Data,83
A02145,AI & ML,61
A02145,Security,98
A02145,Applications,87
A02145,Integration,90
A02146,Infrastructure,66
A02146,Database,79
A02146,Analytics & Data,61
A02146,AI & ML,62
A02146,Security,72
A02146,Applications,63
A02146,Integration,85
A02147,Infrastructure,63
A02147,Database,45
A02147,Analytics & Data,48
A02147,AI & ML,23
A02147,Security,82
A02147,Applications,92
A02147,Integration,55
A02148,Infrastructure,18
A02148,Database,26
A02148,Analytics & Data,68
A02148,AI & ML,30
A02148,Security,42
A02148,Applications,51
A02148,Integration,59
A02149,Infrastructure,89
A02149,Database,51
A02149,Analytics & Data,59
A02149,AI & ML,34
A02149,Security,83
A02149,Applications,68
A02149,Integration,68
A02150,Infrastructure,46
A02150,Database,52
A02150,Analytics & Data,57
A02150,AI & ML,90
A02150,Security,45
A02150,Applications,54
A02150,Integration,80
A02151,Infrastructure,100
A02151,Database,83
A02151,Analytics & Data,53
A02151,AI & ML,99
A02151,Security,93
A02151,Applications,98
A02151,Integration,76
A02152,Infrastructure,40
A02152,Database,64
A02152,Analytics & Data,62
A02152,AI & ML,21
A02152,Security,41
A02152,Applications,25
A02152,Integration,38
A02153,Infrastructure,87
A02153,Database,50
A02153,Analytics & Data,52
A02153,AI & ML,77
A02153,Security,38
A02153,Applications,38
A02153,Integration,64
A02154,Infrastructure,42
A02154,Database,36
A02154,Analytics & Data,94
A02154,AI & ML,71
A02154,Security,58
A02154,Applications,91
A02154,Integration,45
A02155,Infrastructure,31
A02155,Database,15
A02155,Analytics & Data,28
A02155,AI & ML,35
A02155,Security,39
A02155,Applications,21
A02155,Integration,41
A02156,Infrastructure,31
A02156,Database,37
A02156,Analytics & Data,67
A02156,AI & ML,16
A02156,Security,21
A02156,Applications,22
A02156,Integration,92
A02157,Infrastructure,78
A02157,Database,86
A02157,Analytics & Data,72
A02157,AI & ML,77
A02157,Security,92
A02157,Applications,98
A02157,Integration,88
A02158,Infrastructure,82
A02158,Database,92
A02158,Analytics & Data,69
A02158,AI & ML,27
A02158,Security,98
A02158,Applications,77
A02158,Integration,54
A02159,Infrastructure,42
A02159,Database,36
A02159,Analytics & Data,25
A02159,AI & ML,17
A02159,Security,27
A02159,Applications,18
A02159,Integration,47
A02160,Infrastructure,77
A02160,Database,85
A02160,Analytics & Data,27
A02160,AI & ML,85
A02160,Security,100
A02160,Applications,92
A02160,Integration,87
A02161,Infrastructure,15
A02161,Database,41
A02161,Analytics & Data,18
A02161,AI & ML,21
A02161,Security,60
A02161,Applications,41
A02161,Integration,31
A02162,Infrastructure,91
A02162,Database,98
A02162,Analytics & Data,98
A02162,AI & ML,81
A02162,Security,45
A02162,Applications,84
A02162,Integration,100
A02163,Infrastructure,88
A02163,Database,100
A02163,Analytics & Data,85
A02163,AI & ML,85
A02163,Security,80
A02163,Applications,99
A02163,Integration,97
A02164,Infrastructure,71
A02164,Database,45
A02164,Analytics & Data,42
A02164,AI & ML,30
A02164,Security,69
A02164,Applications,79
A02164,Integration,41
A02165,Infrastructure,52
A02165,Database,12
A02165,Analytics & Data,66
A02165,AI & ML,55
A02165,Security,49
A02165,Applications,98
A02165,Integration,48
A02166,Infrastructure,89
A02166,Database,57
A02166,Analytics & Data,65
A02166,AI & ML,94
A02166,Security,100
A02166,Applications,84
A02166,Integration,37
A02167,Infrastructure,83
A02167,Database,48
A02167,Analytics & Data,34
A02167,AI & ML,88
A02167,Security,57
A02167,Applications,90
A02167,Integration,88
A02168,Infrastructure,60
A02168,Database,48
A02168,Analytics & Data,55
A02168,AI & ML,90
A02168,Security,78
A02168,Applications,45
A02168,Integration,56
A02169,Infrastructure,88
A02169,Database,78
A02169,Analytics & Data,69
A02169,AI & ML,46
A02169,Security,91
A02169,Applications,77
A02169,Integration,68
A02170,Infrastructure,98
A02170,Database,79
A02170,Analytics & Data,80
A02170,AI & ML,97
A02170,Security,99
A02170,Applications,100
A02170,Integration,98
A02171,Infrastructure,50
A02171,Database,61
A02171,Analytics & Data,37
A02171,AI & ML,34
A02171,Security,31
A02171,Applications,39
A02171,Integration,20
A02172,Infrastructure,79
A02172,Database,79
A02172,Analytics & Data,85
A02172,AI & ML,87
A02172,Security,41
A02172,Applications,14
A02172,Integration,88
A02173,Infrastructure,41
A02173,Database,22
A02173,Analytics & Data,12
A02173,AI & ML,38
A02173,Security,23
A02173,Applications,46
A02173,Integration,47
A02174,Infrastructure,81
A02174,Database,32
A02174,Analytics & Data,70
A02174,AI & ML,48
A02174,Security,55
A02174,Applications,80
A02174,Integration,37
A02175,Infrastructure,94
A02175,Database,70
A02175,Analytics & Data,60
A02175,AI & ML,51
A02175,Security,82
A02175,Applications,97
A02175,Integration,97
A02176,Infrastructure,49
A02176,Database,79
A02176,Analytics & Data,81
A02176,AI & ML,89
A02176,Security,88
A02176,Applications,87
A02176,Integration,93
A02177,Infrastructure,14
A02177,Database,25
A02177,Analytics & Data,39
A02177,AI & ML,40
A02177,Security,18
A02177,Applications,88
A02177,Integration,19
A02178,Infrastructure,86
A02178,Database,98
A02178,Analytics & Data,97
A02178,AI & ML,93
A02178,Security,82
A02178,Applications,47
A02178,Integration,88
A02179,Infrastructure,65
A02179,Database,98
A02179,Analytics & Data,48
A02179,AI & ML,98
A02179,Security,86
A02179,Applications,84
A02179,Integration,78
A02180,Infrastructure,50
A02180,Database,93
A02180,Analytics & Data,91
A02180,AI & ML,97
A02180,Security,81
A02180,Applications,76
A02180,Integration,87
A02181,Infrastructure,85
A02181,Database,83
A02181,Analytics & Data,88
A02181,AI & ML,51
A02181,Security,91
A02181,Applications,45
A02181,Integration,53
A02182,Infrastructure,97
A02182,Database,90
A02182,Analytics & Data,93
A02182,AI & ML,92
A02182,Security,89
A02182,Applications,46
A02182,Integration,85
A02183,Infrastructure,86
A02183,Database,76
A02183,Analytics & Data,99
A02183,AI & ML,98
A02183,Security,81
A02183,Applications,97
A02183,Integration,81
A02184,Infrastructure,52
A02184,Database,29
A02184,Analytics & Data,54
A02184,AI & ML,53
A02184,Security,17
A02184,Applications,76
A02184,Integration,29
A02185,Infrastructure,50
A02185,Database,42
A02185,Analytics & Data,13
A02185,AI & ML,55
A02185,Security,14
A02185,Applications,25
A02185,Integration,40
A02186,Infrastructure,86
A02186,Database,19
A02186,Analytics & Data,80
A02186,AI & ML,86
A02186,Security,77
A02186,Applications,79
A02186,Integration,97
A02187,Infrastructure,64
A02187,Database,36
A02187,Analytics & Data,20
A02187,AI & ML,10
A02187,Security,92
A02187,Applications,33
A02187,Integration,25
A02188,Infrastructure,41
A02188,Database,64
A02188,Analytics & Data,37
A02188,AI & ML,32
A02188,Security,72
A02188,Applications,46
A02188,Integration,13
A02189,Infrastructure,100
A02189,Database,99
A02189,Analytics & Data,98
A02189,AI & ML,99
A02189,Security,98
A02189,Applications,69
A02189,Integration,100
A02190,Infrastructure,58
A02190,Database,69
A02190,Analytics & Data,94
A02190,AI & ML,67
A02190,Security,28
A02190,Applications,81
A02190,Integration,58
A02191,Infrastructure,87
A02191,Database,83
A02191,Analytics & Data,90
A02191,AI & ML,87
A02191,Security,49
A02191,Applications,86
A02191,Integration,82
A02192,Infrastructure,99
A02192,Database,100
A02192,Analytics & Data,66
A02192,AI & ML,98
A02192,Security,85
A02192,Applications,99
A02192,Integration,83
A02193,Infrastructure,97
A02193,Database,84
A02193,Analytics & Data,83
A02193,AI & ML,50
A02193,Security,70
A02193,Applications,100
A02193,Integration,82
A02194,Infrastructure,97
A02194,Database,98
A02194,Analytics & Data,80
A02194,AI & ML,93
A02194,Security,99
A02194,Applications,61
A02194,Integration,94
A02195,Infrastructure,93
A02195,Database,49
A02195,Analytics & Data,58
A02195,AI & ML,26
A02195,Security,42
A02195,Applications,63
A02195,Integration,85
A02196,Infrastructure,86
A02196,Database,61
A02196,Analytics & Data,49
A02196,AI & ML,68
A02196,Security,31
A02196,Applications,51
A02196,Integration,51
A02197,Infrastructure,93
A02197,Database,72
A02197,Analytics & Data,68
A02197,AI & ML,72
A02197,Security,23
A02197,Applications,78
A02197,Integration,45
A02198,Infrastructure,57
A02198,Database,100
A02198,Analytics & Data,99
A02198,AI & ML,91
A02198,Security,76
A02198,Applications,97
A02198,Integration,78
A02199,Infrastructure,18
A02199,Database,53
A02199,Analytics & Data,19
A02199,AI & ML,79
A02199,Security,82
A02199,Applications,86
A02199,Integration,52
A02200,Infrastructure,11
A02200,Database,83
A02200,Analytics & Data,55
A02200,AI & ML,73
A02200,Security,17
A02200,Applications,55
A02200,Integration,84
A02201,Infrastructure,70
A02201,Database,58
A02201,Analytics & Data,61
A02201,AI & ML,76
A02201,Security,36
A02201,Applications,65
A02201,Integration,91
A02202,Infrastructure,91
A02202,Database,70
A02202,Analytics & Data,73
A02202,AI & ML,79
A02202,Security,60
A02202,Applications,99
A02202,Integration,63
A02203,Infrastructure,12
A02203,Database,42
A02203,Analytics & Data,41
A02203,AI & ML,37
A02203,Security,33
A02203,Applications,26
A02203,Integration,38
A02204,Infrastructure,99
A02204,Database,100
A02204,Analytics & Data,93
A02204,AI & ML,70
A02204,Security,99
A02204,Applications,53
A02204,Integration,97
A02205,Infrastructure,60
A02205,Database,99
A02205,Analytics & Data,86
A02205,AI & ML,100
A02205,Security,88
A02205,Applications,99
A02205,Integration,76
A02206,Infrastructure,100
A02206,Database,97
A02206,Analytics & Data,98
A02206,AI & ML,89
A02206,Security,93
A02206,Applications,92
A02206,Integration,97
A02207,Infrastructure,59
A02207,Database,86
A02207,Analytics & Data,82
A02207,AI & ML,50
A02207,Security,46
A02207,Applications,59
A02207,Integration,94
A02208,Infrastructure,32
A02208,Database,13
A02208,Analytics & Data,65
A02208,AI & ML,39
A02208,Security,38
A02208,Applications,34
A02208,Integration,56
A02209,Infrastructure,81
A02209,Database,86
A02209,Analytics & Data,49
A02209,AI & ML,86
A02209,Security,97
A02209,Applications,73
A02209,Integration,99
A02210,Infrastructure,25
A02210,Database,59
A02210,Analytics & Data,54
A02210,AI & ML,31
A02210,Security,62
A02210,Applications,58
A02210,Integration,47
A02211,Infrastructure,100
A02211,Database,98
A02211,Analytics & Data,99
A02211,AI & ML,99
A02211,Security,97
A02211,Applications,89
A02211,Integration,98
A02212,Infrastructure,91
A02212,Database,59
A02212,Analytics & Data,69
A02212,AI & ML,52
A02212,Security,60
A02212,Applications,65
A02212,Integration,50
A02213,Infrastructure,99
A02213,Database,85
A02213,Analytics & Data,76
A02213,AI & ML,82
A02213,Security,98
A02213,Applications,100
A02213,Integration,82
A02214,Infrastructure,97
A02214,Database,97
A02214,Analytics & Data,98
A02214,AI & ML,98
A02214,Security,97
A02214,Applications,97
A02214,Integration,76
A02215,Infrastructure,50
A02215,Database,42
A02215,Analytics & Data,61
A02215,AI & ML,50
A02215,Security,49
A02215,Applications,90
A02215,Integration,56
A02216,Infrastructure,86
A02216,Database,70
A02216,Analytics & Data,64
A02216,AI & ML,72
A02216,Security,31
A02216,Applications,85
A02216,Integration,62
A02217,Infrastructure,80
A02217,Database,69
A02217,Analytics & Data,54
A02217,AI & ML,87
A02217,Security,17
A02217,Applications,55
A02217,Integration,62
A02218,Infrastructure,72
A02218,Database,80
A02218,Analytics & Data,47
A02218,AI & ML,55
A02218,Security,85
A02218,Applications,98
A02218,Integration,71
A02219,Infrastructure,37
A02219,Database,49
A02219,Analytics & Data,58
A02219,AI & ML,63
A02219,Security,89
A02219,Applications,22
A02219,Integration,52
A02220,Infrastructure,76
A02220,Database,83
A02220,Analytics & Data,93
A02220,AI & ML,93
A02220,Security,92
A02220,Applications,98
A02220,Integration,71
A02221,Infrastructure,76
A02221,Database,32
A02221,Analytics & Data,85
A02221,AI & ML,82
A02221,Security,86
A02221,Applications,83
A02221,Integration,78
A02222,Infrastructure,11
A02222,Database,89
A02222,Analytics & Data,23
A02222,AI & ML,69
A02222,Security,52
A02222,Applications,76
A02222,Integration,86
A02223,Infrastructure,80
A02223,Database,83
A02223,Analytics & Data,71
A02223,AI & ML,83
A02223,Security,55
A02223,Applications,62
A02223,Integration,97
A02224,Infrastructure,16
A02224,Database,16
A02224,Analytics & Data,40
A02224,AI & ML,94
A02224,Security,59
A02224,Applications,49
A02224,Integration,27
A02225,Infrastructure,56
A02225,Database,22
A02225,Analytics & Data,49
A02225,AI & ML,63
A02225,Security,14
A02225,Applications,65
A02225,Integration,31
A02226,Infrastructure,88
A02226,Database,78
A02226,Analytics & Data,97
A02226,AI & ML,82
A02226,Security,76
A02226,Applications,54
A02226,Integration,63
A02227,Infrastructure,70
A02227,Database,72
A02227,Analytics & Data,42
A02227,AI & ML,16
A02227,Security,80
A02227,Applications,73
A02227,Integration,15
A02228,Infrastructure,39
A02228,Database,86
A02228,Analytics & Data,14
A02228,AI & ML,68
A02228,Security,21
A02228,Applications,47
A02228,Integration,20
A02229,Infrastructure,83
A02229,Database,56
A02229,Analytics & Data,41
A02229,AI & ML,38
A02229,Security,15
A02229,Applications,61
A02229,Integration,39
A02230,Infrastructure,66
A02230,Database,54
A02230,Analytics & Data,82
A02230,AI & ML,26
A02230,Security,21
A02230,Applications,49
A02230,Integration,57
A02231,Infrastructure,38
A02231,Database,86
A02231,Analytics & Data,17
A02231,AI & ML,91
A02231,Security,79
A02231,Applications,29
A02231,Integration,82
A02232,Infrastructure,11
A02232,Database,12
A02232,Analytics & Data,59
A02232,AI & ML,24
A02232,Security,38
A02232,Applications,84
A02232,Integration,18
A02233,Infrastructure,98
A02233,Database,77
A02233,Analytics & Data,97
A02233,AI & ML,99
A02233,Security,99
A02233,Applications,98
A02233,Integration,94
A02234,Infrastructure,17
A02234,Database,64
A02234,Analytics & Data,81
A02234,AI & ML,39
A02234,Security,79
A02234,Applications,45
A02234,Integration,73
A02235,Infrastructure,83
A02235,Database,40
A02235,Analytics & Data,91
A02235,AI & ML,81
A02235,Security,85
A02235,Applications,53
A02235,Integration,90
A02236,Infrastructure,12
A02236,Database,31
A02236,Analytics & Data,17
A02236,AI & ML,69
A02236,Security,42
A02236,Applications,13
A02236,Integration,26
A02237,Infrastructure,90
A02237,Database,90
A02237,Analytics & Data,93
A02237,AI & ML,83
A02237,Security,87
A02237,Applications,78
A02237,Integration,99
A02238,Infrastructure,54
A02238,Database,49
A02238,Analytics & Data,29
A02238,AI & ML,52
A02238,Security,11
A02238,Applications,27
A02238,Integration,31
A02239,Infrastructure,92
A02239,Database,56
A02239,Analytics & Data,79
A02239,AI & ML,68
A02239,Security,48
A02239,Applications,19
A02239,Integration,55
A02240,Infrastructure,84
A02240,Database,97
A02240,Analytics & Data,67
A02240,AI & ML,94
A02240,Security,71
A02240,Applications,90
A02240,Integration,59
A02241,Infrastructure,100
A02241,Database,100
A02241,Analytics & Data,99
A02241,AI & ML,83
A02241,Security,100
A02241,Applications,99
A02241,Integration,100
A02242,Infrastructure,55
A02242,Database,78
A02242,Analytics & Data,91
A02242,AI & ML,39
A02242,Security,99
A02242,Applications,28
A02242,Integration,90
A02243,Infrastructure,57
A02243,Database,98
A02243,Analytics & Data,99
A02243,AI & ML,97
A02243,Security,79
A02243,Applications,100
A02243,Integration,99
A02244,Infrastructure,81
A02244,Database,48
A02244,Analytics & Data,77
A02244,AI & ML,86
A02244,Security,49
A02244,Applications,91
A02244,Integration,79
A02245,Infrastructure,46
A02245,Database,81
A02245,Analytics & Data,81
A02245,AI & ML,51
A02245,Security,72
A02245,Applications,100
A02245,Integration,40
A02246,Infrastructure,22
A02246,Database,92
A02246,Analytics & Data,47
A02246,AI & ML,97
A02246,Security,81
A02246,Applications,32
A02246,Integration,72
A02247,Infrastructure,98
A02247,Database,99
A02247,Analytics & Data,85
A02247,AI & ML,100
A02247,Security,97
A02247,Applications,100
A02247,Integration,99
A02248,Infrastructure,59
A02248,Database,41
A02248,Analytics & Data,48
A02248,AI & ML,10
A02248,Security,92
A02248,Applications,63
A02248,Integration,66
A02249,Infrastructure,54
A02249,Database,52
A02249,Analytics & Data,46
A02249,AI & ML,73
A02249,Security,23
A02249,Applications,83
A02249,Integration,59
A02250,Infrastructure,67
A02250,Database,10
A02250,Analytics & Data,34
A02250,AI & ML,36
A02250,Security,15
A02250,Applications,62
A02250,Integration,21
A02251,Infrastructure,85
A02251,Database,97
A02251,Analytics & Data,59
A02251,AI & ML,52
A02251,Security,98
A02251,Applications,89
A02251,Integration,85
A02252,Infrastructure,65
A02252,Database,86
A02252,Analytics & Data,59
A02252,AI & ML,87
A02252,Security,81
A02252,Applications,76
A02252,Integration,73
A02253,Infrastructure,80
A02253,Database,45
A02253,Analytics & Data,10
A02253,AI & ML,11
A02253,Security,31
A02253,Applications,35
A02253,Integration,62
A02254,Infrastructure,70
A02254,Database,87
A02254,Analytics & Data,92
A02254,AI & ML,77
A02254,Security,88
A02254,Applications,100
A02254,Integration,97
A02255,Infrastructure,36
A02255,Database,48
A02255,Analytics & Data,94
A02255,AI & ML,11
A02255,Security,78
A02255,Applications,49
A02255,Integration,70
A02256,Infrastructure,39
A02256,Database,11
A02256,Analytics & Data,15
A02256,AI & ML,25
A02256,Security,34
A02256,Applications,13
A02256,Integration,19
A02257,Infrastructure,12
A02257,Database,32
A02257,Analytics & Data,30
A02257,AI & ML,32
A02257,Security,17
A02257,Applications,60
A02257,Integration,52
A02258,Infrastructure,15
A02258,Database,28
A02258,Analytics & Data,15
A02258,AI & ML,35
A02258,Security,32
A02258,Applications,55
A02258,Integration,15
A02259,Infrastructure,73
A02259,Database,25
A02259,Analytics & Data,45
A02259,AI & ML,87
A02259,Security,78
A02259,Applications,51
A02259,Integration,27
A02260,Infrastructure,97
A02260,Database,50
A02260,Analytics & Data,20
A02260,AI & ML,91
A02260,Security,38
A02260,Applications,66
A02260,Integration,52
A02261,Infrastructure,84
A02261,Database,64
A02261,Analytics & Data,14
A02261,AI & ML,22
A02261,Security,65
A02261,Applications,72
A02261,Integration,73
A02262,Infrastructure,100
A02262,Database,90
A02262,Analytics & Data,47
A02262,AI & ML,86
A02262,Security,61
A02262,Applications,45
A02262,Integration,85
A02263,Infrastructure,81
A02263,Database,97
A02263,Analytics & Data,81
A02263,AI & ML,100
A02263,Security,48
A02263,Applications,22
A02263,Integration,98
A02264,Infrastructure,84
A02264,Database,94
A02264,Analytics & Data,91
A02264,AI & ML,81
A02264,Security,77
A02264,Applications,80
A02264,Integration,50
A02265,Infrastructure,65
A02265,Database,82
A02265,Analytics & Data,84
A02265,AI & ML,87
A02265,Security,98
A02265,Applications,47
A02265,Integration,92
A02266,Infrastructure,89
A02266,Database,92
A02266,Analytics & Data,78
A02266,AI & ML,89
A02266,Security,83
A02266,Applications,13
A02266,Integration,77
A02267,Infrastructure,33
A02267,Database,93
A02267,Analytics & Data,22
A02267,AI & ML,62
A02267,Security,55
A02267,Applications,38
A02267,Integration,25
A02268,Infrastructure,97
A02268,Database,81
A02268,Analytics & Data,88
A02268,AI & ML,88
A02268,Security,97
A02268,Applications,97
A02268,Integration,84
A02269,Infrastructure,91
A02269,Database,92
A02269,Analytics & Data,89
A02269,AI & ML,97
A02269,Security,92
A02269,Applications,78
A02269,Integration,93
A02270,Infrastructure,98
A02270,Database,76
A02270,Analytics & Data,83
A02270,AI & ML,50
A02270,Security,99
A02270,Applications,76
A02270,Integration,88
A02271,Infrastructure,92
A02271,Database,47
A02271,Analytics & Data,48
A02271,AI & ML,84
A02271,Security,73
A02271,Applications,71
A02271,Integration,27
A02272,Infrastructure,36
A02272,Database,79
A02272,Analytics & Data,87
A02272,AI & ML,19
A02272,Security,16
A02272,Applications,73
A02272,Integration,26
A02273,Infrastructure,92
A02273,Database,78
A02273,Analytics & Data,76
A02273,AI & ML,83
A02273,Security,83
A02273,Applications,91
A02273,Integration,55
A02274,Infrastructure,99
A02274,Database,100
A02274,Analytics & Data,83
A02274,AI & ML,99
A02274,Security,88
A02274,Applications,79
A02274,Integration,22
A02275,Infrastructure,58
A02275,Database,87
A02275,Analytics & Data,64
A02275,AI & ML,53
A02275,Security,77
A02275,Applications,53
A02275,Integration,81
A02276,Infrastructure,89
A02276,Database,69
A02276,Analytics & Data,87
A02276,AI & ML,72
A02276,Security,58
A02276,Applications,39
A02276,Integration,69
A02277,Infrastructure,78
A02277,Database,17
A02277,Analytics & Data,11
A02277,AI & ML,63
A02277,Security,10
A02277,Applications,32
A02277,Integration,73
A02278,Infrastructure,62
A02278,Database,91
A02278,Analytics & Data,100
A02278,AI & ML,86
A02278,Security,97
A02278,Applications,77
A02278,Integration,99
A02279,Infrastructure,79
A02279,Database,49
A02279,Analytics & Data,88
A02279,AI & ML,55
A02279,Security,55
A02279,Applications,37
A02279,Integration,87
A02280,Infrastructure,15
A02280,Database,22
A02280,Analytics & Data,57
A02280,AI & ML,11
A02280,Security,33
A02280,Applications,10
A02280,Integration,33
A02281,Infrastructure,84
A02281,Database,83
A02281,Analytics & Data,91
A02281,AI & ML,91
A02281,Security,85
A02281,Applications,34
A02281,Integration,65
A02282,Infrastructure,26
A02282,Database,55
A02282,Analytics & Data,20
A02282,AI & ML,40
A02282,Security,39
A02282,Applications,49
A02282,Integration,22
A02283,Infrastructure,100
A02283,Database,99
A02283,Analytics & Data,100
A02283,AI & ML,99
A02283,Security,97
A02283,Applications,97
A02283,Integration,100
A02284,Infrastructure,82
A02284,Database,23
A02284,Analytics & Data,59
A02284,AI & ML,89
A02284,Security,78
A02284,Applications,91
A02284,Integration,80
A02285,Infrastructure,98
A02285,Database,37
A02285,Analytics & Data,65
A02285,AI & ML,70
A02285,Security,79
A02285,Applications,19
A02285,Integration,100
A02286,Infrastructure,69
A02286,Database,78
A02286,Analytics & Data,82
A02286,AI & ML,66
A02286,Security,73
A02286,Applications,69
A02286,Integration,73
A02287,Infrastructure,90
A02287,Database,94
A02287,Analytics & Data,85
A02287,AI & ML,71
A02287,Security,91
A02287,Applications,82
A02287,Integration,71
A02288,Infrastructure,81
A02288,Database,85
A02288,Analytics & Data,77
A02288,AI & ML,89
A02288,Security,93
A02288,Applications,90
A02288,Integration,81
A02289,Infrastructure,19
A02289,Database,83
A02289,Analytics & Data,81
A02289,AI & ML,99
A02289,Security,85
A02289,Applications,52
A02289,Integration,98
A02290,Infrastructure,64
A02290,Database,27
A02290,Analytics & Data,28
A02290,AI & ML,40
A02290,Security,22
A02290,Applications,45
A02290,Integration,28
A02291,Infrastructure,88
A02291,Database,61
A02291,Analytics & Data,82
A02291,AI & ML,54
A02291,Security,99
A02291,Applications,12
A02291,Integration,60
A02292,Infrastructure,97
A02292,Database,58
A02292,Analytics & Data,86
A02292,AI & ML,100
A02292,Security,77
A02292,Applications,85
A02292,Integration,90
A02293,Infrastructure,97
A02293,Database,92
A02293,Analytics & Data,48
A02293,AI & ML,42
A02293,Security,52
A02293,Applications,81
A02293,Integration,52
A02294,Infrastructure,100
A02294,Database,97
A02294,Analytics & Data,77
A02294,AI & ML,98
A02294,Security,92
A02294,Applications,94
A02294,Integration,11
A02295,Infrastructure,56
A02295,Database,45
A02295,Analytics & Data,53
A02295,AI & ML,23
A02295,Security,66
A02295,Applications,22
A02295,Integration,69
A02296,Infrastructure,22
A02296,Database,70
A02296,Analytics & Data,67
A02296,AI & ML,42
A02296,Security,20
A02296,Applications,47
A02296,Integration,39
A02297,Infrastructure,94
A02297,Database,71
A02297,Analytics & Data,19
A02297,AI & ML,34
A02297,Security,24
A02297,Applications,26
A02297,Integration,37
A02298,Infrastructure,84
A02298,Database,66
A02298,Analytics & Data,98
A02298,AI & ML,98
A02298,Security,20
A02298,Applications,15
A02298,Integration,32
A02299,Infrastructure,99
A02299,Database,87
A02299,Analytics & Data,62
A02299,AI & ML,76
A02299,Security,89
A02299,Applications,87
A02299,Integration,92
A02300,Infrastructure,85
A02300,Database,83
A02300,Analytics & Data,92
A02300,AI & ML,83
A02300,Security,93
A02300,Applications,97
A02300,Integration,59
A02301,Infrastructure,18
A02301,Database,77
A02301,Analytics & Data,97
A02301,AI & ML,97
A02301,Security,86
A02301,Applications,84
A02301,Integration,86
A02302,Infrastructure,51
A02302,Database,66
A02302,Analytics & Data,52
A02302,AI & ML,79
A02302,Security,58
A02302,Applications,72
A02302,Integration,89
A02303,Infrastructure,99
A02303,Database,97
A02303,Analytics & Data,92
A02303,AI & ML,97
A02303,Security,88
A02303,Applications,12
A02303,Integration,98
A02304,Infrastructure,100
A02304,Database,98
A02304,Analytics & Data,80
A02304,AI & ML,79
A02304,Security,88
A02304,Applications,100
A02304,Integration,100
A02305,Infrastructure,85
A02305,Database,99
A02305,Analytics & Data,100
A02305,AI & ML,88
A02305,Security,54
A02305,Applications,89
A02305,Integration,60
A02306,Infrastructure,93
A02306,Database,98
A02306,Analytics & Data,65
A02306,AI & ML,87
A02306,Security,94
A02306,Applications,100
A02306,Integration,100
A02307,Infrastructure,93
A02307,Database,87
A02307,Analytics & Data,79
A02307,AI & ML,100
A02307,Security,31
A02307,Applications,77
A02307,Integration,98
A02308,Infrastructure,78
A02308,Database,29
A02308,Analytics & Data,57
A02308,AI & ML,82
A02308,Security,41
A02308,Applications,92
A02308,Integration,11
A02309,Infrastructure,49
A02309,Database,64
A02309,Analytics & Data,39
A02309,AI & ML,76
A02309,Security,66
A02309,Applications,64
A02309,Integration,57
A02310,Infrastructure,49
A02310,Database,20
A02310,Analytics & Data,32
A02310,AI & ML,34
A02310,Security,22
A02310,Applications,23
A02310,Integration,89
A02311,Infrastructure,70
A02311,Database,80
A02311,Analytics & Data,23
A02311,AI & ML,11
A02311,Security,61
A02311,Applications,58
A02311,Integration,82
A02312,Infrastructure,33
A02312,Database,50
A02312,Analytics & Data,23
A02312,AI & ML,53
A02312,Security,12
A02312,Applications,65
A02312,Integration,40
A02313,Infrastructure,28
A02313,Database,18
A02313,Analytics & Data,42
A02313,AI & ML,32
A02313,Security,13
A02313,Applications,46
A02313,Integration,54
A02314,Infrastructure,54
A02314,Database,89
A02314,Analytics & Data,61
A02314,AI & ML,62
A02314,Security,83
A02314,Applications,98
A02314,Integration,60
A02315,Infrastructure,79
A02315,Database,57
A02315,Analytics & Data,31
A02315,AI & ML,32
A02315,Security,55
A02315,Applications,46
A02315,Integration,27
A02316,Infrastructure,68
A02316,Database,91
A02316,Analytics & Data,84
A02316,AI & ML,90
A02316,Security,93
A02316,Applications,55
A02316,Integration,98
A02317,Infrastructure,98
A02317,Database,99
A02317,Analytics & Data,98
A02317,AI & ML,98
A02317,Security,100
A02317,Applications,99
A02317,Integration,98
A02318,Infrastructure,90
A02318,Database,62
A02318,Analytics & Data,47
A02318,AI & ML,83
A02318,Security,64
A02318,Applications,99
A02318,Integration,46
A02319,Infrastructure,14
A02319,Database,23
A02319,Analytics & Data,70
A02319,AI & ML,66
A02319,Security,67
A02319,Applications,73
A02319,Integration,53
A02320,Infrastructure,78
A02320,Database,34
A02320,Analytics & Data,98
A02320,AI & ML,36
A02320,Security,72
A02320,Applications,94
A02320,Integration,59
A02321,Infrastructure,89
A02321,Database,25
A02321,Analytics & Data,56
A02321,AI & ML,37
A02321,Security,94
A02321,Applications,57
A02321,Integration,79
A02322,Infrastructure,32
A02322,Database,24
A02322,Analytics & Data,24
A02322,AI & ML,23
A02322,Security,49
A02322,Applications,61
A02322,Integration,38
A02323,Infrastructure,54
A02323,Database,54
A02323,Analytics & Data,71
A02323,AI & ML,69
A02323,Security,12
A02323,Applications,31
A02323,Integration,68
A02324,Infrastructure,80
A02324,Database,78
A02324,Analytics & Data,49
A02324,AI & ML,62
A02324,Security,61
A02324,Applications,25
A02324,Integration,59
A02325,Infrastructure,40
A02325,Database,23
A02325,Analytics & Data,63
A02325,AI & ML,10
A02325,Security,40
A02325,Applications,24
A02325,Integration,55
A02326,Infrastructure,77
A02326,Database,81
A02326,Analytics & Data,82
A02326,AI & ML,100
A02326,Security,61
A02326,Applications,55
A02326,Integration,81
A02327,Infrastructure,38
A02327,Database,54
A02327,Analytics & Data,22
A02327,AI & ML,38
A02327,Security,57
A02327,Applications,51
A02327,Integration,69
A02328,Infrastructure,46
A02328,Database,45
A02328,Analytics & Data,11
A02328,AI & ML,18
A02328,Security,61
A02328,Applications,10
A02328,Integration,13
A02329,Infrastructure,90
A02329,Database,77
A02329,Analytics & Data,100
A02329,AI & ML,78
A02329,Security,79
A02329,Applications,14
A02329,Integration,50
A02330,Infrastructure,54
A02330,Database,13
A02330,Analytics & Data,99
A02330,AI & ML,48
A02330,Security,56
A02330,Applications,56
A02330,Integration,78
A02331,Infrastructure,12
A02331,Database,34
A02331,Analytics & Data,72
A02331,AI & ML,54
A02331,Security,86
A02331,Applications,52
A02331,Integration,73
A02332,Infrastructure,94
A02332,Database,29
A02332,Analytics & Data,71
A02332,AI & ML,14
A02332,Security,34
A02332,Applications,17
A02332,Integration,39
A02333,Infrastructure,86
A02333,Database,80
A02333,Analytics & Data,85
A02333,AI & ML,81
A02333,Security,67
A02333,Applications,85
A02333,Integration,51
A02334,Infrastructure,38
A02334,Database,24
A02334,Analytics & Data,71
A02334,AI & ML,15
A02334,Security,56
A02334,Applications,77
A02334,Integration,27
A02335,Infrastructure,87
A02335,Database,61
A02335,Analytics & Data,46
A02335,AI & ML,88
A02335,Security,86
A02335,Applications,61
A02335,Integration,79
A02336,Infrastructure,11
A02336,Database,92
A02336,Analytics & Data,31
A02336,AI & ML,81
A02336,Security,94
A02336,Applications,89
A02336,Integration,69
A02337,Infrastructure,58
A02337,Database,49
A02337,Analytics & Data,27
A02337,AI & ML,20
A02337,Security,18
A02337,Applications,65
A02337,Integration,30
A02338,Infrastructure,97
A02338,Database,93
A02338,Analytics & Data,60
A02338,AI & ML,82
A02338,Security,100
A02338,Applications,92
A02338,Integration,79
A02339,Infrastructure,81
A02339,Database,69
A02339,Analytics & Data,69
A02339,AI & ML,66
A02339,Security,87
A02339,Applications,51
A02339,Integration,57
A02340,Infrastructure,50
A02340,Database,57
A02340,Analytics & Data,53
A02340,AI & ML,29
A02340,Security,22
A02340,Applications,92
A02340,Integration,12
A02341,Infrastructure,49
A02341,Database,84
A02341,Analytics & Data,85
A02341,AI & ML,58
A02341,Security,61
A02341,Applications,10
A02341,Integration,11
A02342,Infrastructure,16
A02342,Database,84
A02342,Analytics & Data,10
A02342,AI & ML,28
A02342,Security,21
A02342,Applications,49
A02342,Integration,88
A02343,Infrastructure,81
A02343,Database,72
A02343,Analytics & Data,84
A02343,AI & ML,47
A02343,Security,100
A02343,Applications,68
A02343,Integration,94
A02344,Infrastructure,77
A02344,Database,68
A02344,Analytics & Data,81
A02344,AI & ML,100
A02344,Security,86
A02344,Applications,90
A02344,Integration,91
A02345,Infrastructure,76
A02345,Database,11
A02345,Analytics & Data,14
A02345,AI & ML,87
A02345,Security,72
A02345,Applications,93
A02345,Integration,58
A02346,Infrastructure,99
A02346,Database,97
A02346,Analytics & Data,98
A02346,AI & ML,99
A02346,Security,99
A02346,Applications,100
A02346,Integration,98
A02347,Infrastructure,61
A02347,Database,87
A02347,Analytics & Data,100
A02347,AI & ML,92
A02347,Security,63
A02347,Applications,98
A02347,Integration,89
A02348,Infrastructure,65
A02348,Database,61
A02348,Analytics & Data,55
A02348,AI & ML,55
A02348,Security,27
A02348,Applications,50
A02348,Integration,90
A02349,Infrastructure,46
A02349,Database,100
A02349,Analytics & Data,99
A02349,AI & ML,76
A02349,Security,97
A02349,Applications,27
A02349,Integration,99
A02350,Infrastructure,10
A02350,Database,62
A02350,Analytics & Data,60
A02350,AI & ML,71
A02350,Security,26
A02350,Applications,24
A02350,Integration,62
A02351,Infrastructure,78
A02351,Database,64
A02351,Analytics & Data,88
A02351,AI & ML,86
A02351,Security,92
A02351,Applications,63
A02351,Integration,81
A02352,Infrastructure,86
A02352,Database,94
A02352,Analytics & Data,78
A02352,AI & ML,100
A02352,Security,77
A02352,Applications,86
A02352,Integration,100
A02353,Infrastructure,47
A02353,Database,63
A02353,Analytics & Data,91
A02353,AI & ML,81
A02353,Security,79
A02353,Applications,41
A02353,Integration,93
A02354,Infrastructure,100
A02354,Database,99
A02354,Analytics & Data,61
A02354,AI & ML,78
A02354,Security,35
A02354,Applications,94
A02354,Integration,98
A02355,Infrastructure,54
A02355,Database,20
A02355,Analytics & Data,85
A02355,AI & ML,83
A02355,Security,50
A02355,Applications,87
A02355,Integration,88
A02356,Infrastructure,27
A02356,Database,36
A02356,Analytics & Data,19
A02356,AI & ML,23
A02356,Security,10
A02356,Applications,17
A02356,Integration,65
A02357,Infrastructure,99
A02357,Database,99
A02357,Analytics & Data,83
A02357,AI & ML,81
A02357,Security,97
A02357,Applications,100
A02357,Integration,90
A02358,Infrastructure,84
A02358,Database,97
A02358,Analytics & Data,88
A02358,AI & ML,89
A02358,Security,57
A02358,Applications,67
A02358,Integration,91
A02359,Infrastructure,94
A02359,Database,51
A02359,Analytics & Data,67
A02359,AI & ML,26
A02359,Security,70
A02359,Applications,90
A02359,Integration,92
A02360,Infrastructure,57
A02360,Database,23
A02360,Analytics & Data,54
A02360,AI & ML,66
A02360,Security,25
A02360,Applications,10
A02360,Integration,15
A02361,Infrastructure,64
A02361,Database,50
A02361,Analytics & Data,99
A02361,AI & ML,60
A02361,Security,99
A02361,Applications,47
A02361,Integration,94
A02362,Infrastructure,93
A02362,Database,99
A02362,Analytics & Data,47
A02362,AI & ML,53
A02362,Security,97
A02362,Applications,51
A02362,Integration,84
A02363,Infrastructure,30
A02363,Database,35
A02363,Analytics & Data,53
A02363,AI & ML,42
A02363,Security,41
A02363,Applications,29
A02363,Integration,33
A02364,Infrastructure,88
A02364,Database,52
A02364,Analytics & Data,86
A02364,AI & ML,92
A02364,Security,97
A02364,Applications,65
A02364,Integration,99
A02365,Infrastructure,69
A02365,Database,13
A02365,Analytics & Data,66
A02365,AI & ML,84
A02365,Security,85
A02365,Applications,46
A02365,Integration,51
A02366,Infrastructure,100
A02366,Database,97
A02366,Analytics & Data,99
A02366,AI & ML,89
A02366,Security,88
A02366,Applications,86
A02366,Integration,99
A02367,Infrastructure,94
A02367,Database,71
A02367,Analytics & Data,45
A02367,AI & ML,98
A02367,Security,59
A02367,Applications,33
A02367,Integration,91
A02368,Infrastructure,66
A02368,Database,90
A02368,Analytics & Data,49
A02368,AI & ML,70
A02368,Security,46
A02368,Applications,81
A02368,Integration,32
A02369,Infrastructure,98
A02369,Database,99
A02369,Analytics & Data,98
A02369,AI & ML,100
A02369,Security,100
A02369,Applications,98
A02369,Integration,99
A02370,Infrastructure,100
A02370,Database,97
A02370,Analytics & Data,100
A02370,AI & ML,99
A02370,Security,99
A02370,Applications,100
A02370,Integration,99
A02371,Infrastructure,98
A02371,Database,19
A02371,Analytics & Data,88
A02371,AI & ML,86
A02371,Security,78
A02371,Applications,82
A02371,Integration,98
A02372,Infrastructure,11
A02372,Database,12
A02372,Analytics & Data,19
A02372,AI & ML,10
A02372,Security,14
A02372,Applications,29
A02372,Integration,16
A02373,Infrastructure,59
A02373,Database,58
A02373,Analytics & Data,64
A02373,AI & ML,47
A02373,Security,38
A02373,Applications,85
A02373,Integration,54
A02374,Infrastructure,60
A02374,Database,45
A02374,Analytics & Data,77
A02374,AI & ML,71
A02374,Security,32
A02374,Applications,72
A02374,Integration,19
A02375,Infrastructure,61
A02375,Database,21
A02375,Analytics & Data,98
A02375,AI & ML,78
A02375,Security,97
A02375,Applications,100
A02375,Integration,89
A02376,Infrastructure,86
A02376,Database,82
A02376,Analytics & Data,79
A02376,AI & ML,86
A02376,Security,83
A02376,Applications,90
A02376,Integration,76
A02377,Infrastructure,97
A02377,Database,88
A02377,Analytics & Data,76
A02377,AI & ML,98
A02377,Security,76
A02377,Applications,84
A02377,Integration,89
A02378,Infrastructure,54
A02378,Database,38
A02378,Analytics & Data,66
A02378,AI & ML,76
A02378,Security,62
A02378,Applications,71
A02378,Integration,53
A02379,Infrastructure,65
A02379,Database,47
A02379,Analytics & Data,39
A02379,AI & ML,64
A02379,Security,46
A02379,Applications,56
A02379,Integration,50
A02380,Infrastructure,99
A02380,Database,92
A02380,Analytics & Data,86
A02380,AI & ML,12
A02380,Security,30
A02380,Applications,100
A02380,Integration,77
A02381,Infrastructure,79
A02381,Database,80
A02381,Analytics & Data,20
A02381,AI & ML,89
A02381,Security,29
A02381,Applications,100
A02381,Integration,82
A02382,Infrastructure,71
A02382,Database,89
A02382,Analytics & Data,46
A02382,AI & ML,40
A02382,Security,72
A02382,Applications,61
A02382,Integration,85
A02383,Infrastructure,54
A02383,Database,57
A02383,Analytics & Data,70
A02383,AI & ML,63
A02383,Security,85
A02383,Applications,69
A02383,Integration,53
A02384,Infrastructure,20
A02384,Database,56
A02384,Analytics & Data,15
A02384,AI & ML,19
A02384,Security,41
A02384,Applications,19
A02384,Integration,69
A02385,Infrastructure,61
A02385,Database,31
A02385,Analytics & Data,31
A02385,AI & ML,41
A02385,Security,29
A02385,Applications,34
A02385,Integration,83
A02386,Infrastructure,87
A02386,Database,99
A02386,Analytics & Data,76
A02386,AI & ML,71
A02386,Security,66
A02386,Applications,56
A02386,Integration,100
A02387,Infrastructure,76
A02387,Database,88
A02387,Analytics & Data,72
A02387,AI & ML,73
A02387,Security,19
A02387,Applications,82
A02387,Integration,27
A02388,Infrastructure,28
A02388,Database,97
A02388,Analytics & Data,73
A02388,AI & ML,30
A02388,Security,63
A02388,Applications,48
A02388,Integration,46
A02389,Infrastructure,36
A02389,Database,25
A02389,Analytics & Data,17
A02389,AI & ML,26
A02389,Security,72
A02389,Applications,73
A02389,Integration,34
A02390,Infrastructure,93
A02390,Database,100
A02390,Analytics & Data,100
A02390,AI & ML,33
A02390,Security,97
A02390,Applications,98
A02390,Integration,82
A02391,Infrastructure,55
A02391,Database,40
A02391,Analytics & Data,42
A02391,AI & ML,41
A02391,Security,10
A02391,Applications,25
A02391,Integration,14
A02392,Infrastructure,79
A02392,Database,81
A02392,Analytics & Data,51
A02392,AI & ML,86
A02392,Security,89
A02392,Applications,99
A02392,Integration,79
A02393,Infrastructure,98
A02393,Database,80
A02393,Analytics & Data,99
A02393,AI & ML,57
A02393,Security,86
A02393,Applications,54
A02393,Integration,90
A02394,Infrastructure,97
A02394,Database,100
A02394,Analytics & Data,97
A02394,AI & ML,98
A02394,Security,99
A02394,Applications,98
A02394,Integration,85
A02395,Infrastructure,83
A02395,Database,62
A02395,Analytics & Data,13
A02395,AI & ML,97
A02395,Security,79
A02395,Applications,79
A02395,Integration,97
A02396,Infrastructure,11
A02396,Database,99
A02396,Analytics & Data,97
A02396,AI & ML,25
A02396,Security,61
A02396,Applications,80
A02396,Integration,62
A02397,Infrastructure,30
A02397,Database,11
A02397,Analytics & Data,11
A02397,AI & ML,34
A02397,Security,40
A02397,Applications,30
A02397,Integration,25
A02398,Infrastructure,42
A02398,Database,52
A02398,Analytics & Data,60
A02398,AI & ML,41
A02398,Security,36
A02398,Applications,27
A02398,Integration,69
A02399,Infrastructure,91
A02399,Database,71
A02399,Analytics & Data,47
A02399,AI & ML,52
A02399,Security,55
A02399,Applications,70
A02399,Integration,86
A02400,Infrastructure,87
A02400,Database,48
A02400,Analytics & Data,100
A02400,AI & ML,67
A02400,Security,89
A02400,Applications,92
A02400,Integration,97
A02401,Infrastructure,98
A02401,Database,57
A02401,Analytics & Data,55
A02401,AI & ML,98
A02401,Security,87
A02401,Applications,100
A02401,Integration,99
A02402,Infrastructure,70
A02402,Database,25
A02402,Analytics & Data,68
A02402,AI & ML,85
A02402,Security,92
A02402,Applications,76
A02402,Integration,89
A02403,Infrastructure,19
A02403,Database,68
A02403,Analytics & Data,58
A02403,AI & ML,42
A02403,Security,84
A02403,Applications,65
A02403,Integration,93
A02404,Infrastructure,100
A02404,Database,99
A02404,Analytics & Data,94
A02404,AI & ML,93
A02404,Security,77
A02404,Applications,99
A02404,Integration,92
A02405,Infrastructure,98
A02405,Database,82
A02405,Analytics & Data,99
A02405,AI & ML,50
A02405,Security,93
A02405,Applications,93
A02405,Integration,78
A02406,Infrastructure,93
A02406,Database,98
A02406,Analytics & Data,57
A02406,AI & ML,51
A02406,Security,93
A02406,Applications,82
A02406,Integration,99
A02407,Infrastructure,100
A02407,Database,41
A02407,Analytics & Data,99
A02407,AI & ML,99
A02407,Security,79
A02407,Applications,87
A02407,Integration,97
A02408,Infrastructure,67
A02408,Database,38
A02408,Analytics & Data,31
A02408,AI & ML,22
A02408,Security,30
A02408,Applications,21
A02408,Integration,26
A02409,Infrastructure,99
A02409,Database,89
A02409,Analytics & Data,98
A02409,AI & ML,91
A02409,Security,94
A02409,Applications,99
A02409,Integration,69
A02410,Infrastructure,56
A02410,Database,31
A02410,Analytics & Data,85
A02410,AI & ML,53
A02410,Security,60
A02410,Applications,79
A02410,Integration,89
A02411,Infrastructure,45
A02411,Database,26
A02411,Analytics & Data,28
A02411,AI & ML,69
A02411,Security,28
A02411,Applications,68
A02411,Integration,21
A02412,Infrastructure,80
A02412,Database,79
A02412,Analytics & Data,16
A02412,AI & ML,88
A02412,Security,97
A02412,Applications,12
A02412,Integration,80
A02413,Infrastructure,72
A02413,Database,87
A02413,Analytics & Data,71
A02413,AI & ML,55
A02413,Security,17
A02413,Applications,99
A02413,Integration,78
A02414,Infrastructure,79
A02414,Database,55
A02414,Analytics & Data,70
A02414,AI & ML,69
A02414,Security,79
A02414,Applications,62
A02414,Integration,99
A02415,Infrastructure,87
A02415,Database,59
A02415,Analytics & Data,85
A02415,AI & ML,85
A02415,Security,80
A02415,Applications,89
A02415,Integration,98
A02416,Infrastructure,82
A02416,Database,91
A02416,Analytics & Data,68
A02416,AI & ML,55
A02416,Security,53
A02416,Applications,90
A02416,Integration,86
A02417,Infrastructure,10
A02417,Database,97
A02417,Analytics & Data,99
A02417,AI & ML,98
A02417,Security,54
A02417,Applications,78
A02417,Integration,100
A02418,Infrastructure,77
A02418,Database,70
A02418,Analytics & Data,98
A02418,AI & ML,57
A02418,Security,86
A02418,Applications,68
A02418,Integration,99
A02419,Infrastructure,98
A02419,Database,86
A02419,Analytics & Data,23
A02419,AI & ML,92
A02419,Security,56
A02419,Applications,38
A02419,Integration,79
A02420,Infrastructure,86
A02420,Database,16
A02420,Analytics & Data,29
A02420,AI & ML,28
A02420,Security,66
A02420,Applications,45
A02420,Integration,98
A02421,Infrastructure,88
A02421,Database,56
A02421,Analytics & Data,21
A02421,AI & ML,41
A02421,Security,64
A02421,Applications,35
A02421,Integration,50
A02422,Infrastructure,97
A02422,Database,33
A02422,Analytics & Data,99
A02422,AI & ML,59
A02422,Security,97
A02422,Applications,97
A02422,Integration,99
A02423,Infrastructure,99
A02423,Database,99
A02423,Analytics & Data,100
A02423,AI & ML,88
A02423,Security,78
A02423,Applications,89
A02423,Integration,97
A02424,Infrastructure,48
A02424,Database,100
A02424,Analytics & Data,69
A02424,AI & ML,67
A02424,Security,53
A02424,Applications,73
A02424,Integration,24
A02425,Infrastructure,84
A02425,Database,41
A02425,Analytics & Data,54
A02425,AI & ML,91
A02425,Security,69
A02425,Applications,94
A02425,Integration,89
A02426,Infrastructure,46
A02426,Database,21
A02426,Analytics & Data,37
A02426,AI & ML,12
A02426,Security,38
A02426,Applications,17
A02426,Integration,63
A02427,Infrastructure,80
A02427,Database,97
A02427,Analytics & Data,83
A02427,AI & ML,13
A02427,Security,83
A02427,Applications,77
A02427,Integration,78
A02428,Infrastructure,91
A02428,Database,85
A02428,Analytics & Data,54
A02428,AI & ML,77
A02428,Security,97
A02428,Applications,100
A02428,Integration,100
A02429,Infrastructure,84
A02429,Database,97
A02429,Analytics & Data,85
A02429,AI & ML,63
A02429,Security,92
A02429,Applications,90
A02429,Integration,66
A02430,Infrastructure,92
A02430,Database,82
A02430,Analytics & Data,99
A02430,AI & ML,84
A02430,Security,11
A02430,Applications,86
A02430,Integration,99
A02431,Infrastructure,79
A02431,Database,100
A02431,Analytics & Data,98
A02431,AI & ML,84
A02431,Security,97
A02431,Applications,89
A02431,Integration,100
A02432,Infrastructure,78
A02432,Database,88
A02432,Analytics & Data,81
A02432,AI & ML,87
A02432,Security,84
A02432,Applications,85
A02432,Integration,89
A02433,Infrastructure,79
A02433,Database,77
A02433,Analytics & Data,97
A02433,AI & ML,76
A02433,Security,80
A02433,Applications,82
A02433,Integration,92
A02434,Infrastructure,53
A02434,Database,80
A02434,Analytics & Data,78
A02434,AI & ML,65
A02434,Security,64
A02434,Applications,80
A02434,Integration,40
A02435,Infrastructure,94
A02435,Database,15
A02435,Analytics & Data,89
A02435,AI & ML,76
A02435,Security,66
A02435,Applications,62
A02435,Integration,86
A02436,Infrastructure,99
A02436,Database,97
A02436,Analytics & Data,79
A02436,AI & ML,90
A02436,Security,97
A02436,Applications,36
A02436,Integration,97
A02437,Infrastructure,18
A02437,Database,40
A02437,Analytics & Data,21
A02437,AI & ML,13
A02437,Security,18
A02437,Applications,37
A02437,Integration,51
A02438,Infrastructure,100
A02438,Database,98
A02438,Analytics & Data,90
A02438,AI & ML,100
A02438,Security,87
A02438,Applications,98
A02438,Integration,98
A02439,Infrastructure,47
A02439,Database,81
A02439,Analytics & Data,68
A02439,AI & ML,66
A02439,Security,83
A02439,Applications,10
A02439,Integration,91
A02440,Infrastructure,69
A02440,Database,72
A02440,Analytics & Data,70
A02440,AI & ML,63
A02440,Security,15
A02440,Applications,22
A02440,Integration,86
A02441,Infrastructure,77
A02441,Database,88
A02441,Analytics & Data,99
A02441,AI & ML,94
A02441,Security,85
A02441,Applications,27
A02441,Integration,84
A02442,Infrastructure,62
A02442,Database,20
A02442,Analytics & Data,77
A02442,AI & ML,73
A02442,Security,23
A02442,Applications,67
A02442,Integration,51
A02443,Infrastructure,98
A02443,Database,84
A02443,Analytics & Data,90
A02443,AI & ML,65
A02443,Security,73
A02443,Applications,86
A02443,Integration,99
A02444,Infrastructure,55
A02444,Database,46
A02444,Analytics & Data,68
A02444,AI & ML,29
A02444,Security,90
A02444,Applications,54
A02444,Integration,50
A02445,Infrastructure,80
A02445,Database,94
A02445,Analytics & Data,68
A02445,AI & ML,76
A02445,Security,60
A02445,Applications,64
A02445,Integration,85
A02446,Infrastructure,46
A02446,Database,91
A02446,Analytics & Data,63
A02446,AI & ML,98
A02446,Security,86
A02446,Applications,85
A02446,Integration,97
A02447,Infrastructure,67
A02447,Database,93
A02447,Analytics & Data,78
A02447,AI & ML,67
A02447,Security,83
A02447,Applications,92
A02447,Integration,87
A02448,Infrastructure,94
A02448,Database,50
A02448,Analytics & Data,100
A02448,AI & ML,84
A02448,Security,24
A02448,Applications,47
A02448,Integration,86
A02449,Infrastructure,97
A02449,Database,67
A02449,Analytics & Data,98
A02449,AI & ML,84
A02449,Security,73
A02449,Applications,50
A02449,Integration,97
A02450,Infrastructure,29
A02450,Database,36
A02450,Analytics & Data,54
A02450,AI & ML,45
A02450,Security,42
A02450,Applications,18
A02450,Integration,14
A02451,Infrastructure,80
A02451,Database,81
A02451,Analytics & Data,45
A02451,AI & ML,92
A02451,Security,86
A02451,Applications,83
A02451,Integration,76
A02452,Infrastructure,13
A02452,Database,93
A02452,Analytics & Data,77
A02452,AI & ML,54
A02452,Security,51
A02452,Applications,52
A02452,Integration,56
A02453,Infrastructure,50
A02453,Database,81
A02453,Analytics & Data,61
A02453,AI & ML,71
A02453,Security,100
A02453,Applications,70
A02453,Integration,89
A02454,Infrastructure,45
A02454,Database,34
A02454,Analytics & Data,77
A02454,AI & ML,55
A02454,Security,12
A02454,Applications,79
A02454,Integration,67
A02455,Infrastructure,14
A02455,Database,81
A02455,Analytics & Data,87
A02455,AI & ML,51
A02455,Security,79
A02455,Applications,67
A02455,Integration,33
A02456,Infrastructure,98
A02456,Database,84
A02456,Analytics & Data,67
A02456,AI & ML,52
A02456,Security,87
A02456,Applications,77
A02456,Integration,93
A02457,Infrastructure,62
A02457,Database,46
A02457,Analytics & Data,39
A02457,AI & ML,10
A02457,Security,79
A02457,Applications,39
A02457,Integration,71
A02458,Infrastructure,48
A02458,Database,98
A02458,Analytics & Data,99
A02458,AI & ML,15
A02458,Security,98
A02458,Applications,80
A02458,Integration,22
A02459,Infrastructure,57
A02459,Database,84
A02459,Analytics & Data,14
A02459,AI & ML,66
A02459,Security,73
A02459,Applications,76
A02459,Integration,90
A02460,Infrastructure,55
A02460,Database,69
A02460,Analytics & Data,94
A02460,AI & ML,62
A02460,Security,23
A02460,Applications,100
A02460,Integration,76
A02461,Infrastructure,97
A02461,Database,97
A02461,Analytics & Data,97
A02461,AI & ML,98
A02461,Security,92
A02461,Applications,100
A02461,Integration,83
A02462,Infrastructure,72
A02462,Database,89
A02462,Analytics & Data,58
A02462,AI & ML,51
A02462,Security,79
A02462,Applications,62
A02462,Integration,83
A02463,Infrastructure,63
A02463,Database,78
A02463,Analytics & Data,47
A02463,AI & ML,13
A02463,Security,57
A02463,Applications,60
A02463,Integration,61
A02464,Infrastructure,77
A02464,Database,78
A02464,Analytics & Data,65
A02464,AI & ML,91
A02464,Security,88
A02464,Applications,98
A02464,Integration,77
A02465,Infrastructure,83
A02465,Database,100
A02465,Analytics & Data,86
A02465,AI & ML,99
A02465,Security,84
A02465,Applications,88
A02465,Integration,86
A02466,Infrastructure,98
A02466,Database,98
A02466,Analytics & Data,90
A02466,AI & ML,97
A02466,Security,82
A02466,Applications,57
A02466,Integration,21
A02467,Infrastructure,80
A02467,Database,85
A02467,Analytics & Data,87
A02467,AI & ML,82
A02467,Security,80
A02467,Applications,57
A02467,Integration,87
A02468,Infrastructure,40
A02468,Database,36
A02468,Analytics & Data,29
A02468,AI & ML,66
A02468,Security,16
A02468,Applications,17
A02468,Integration,19
A02469,Infrastructure,100
A02469,Database,98
A02469,Analytics & Data,100
A02469,AI & ML,28
A02469,Security,100
A02469,Applications,98
A02469,Integration,93
A02470,Infrastructure,64
A02470,Database,86
A02470,Analytics & Data,54
A02470,AI & ML,86
A02470,Security,83
A02470,Applications,62
A02470,Integration,16
A02471,Infrastructure,42
A02471,Database,20
A02471,Analytics & Data,25
A02471,AI & ML,59
A02471,Security,78
A02471,Applications,81
A02471,Integration,89
A02472,Infrastructure,98
A02472,Database,98
A02472,Analytics & Data,100
A02472,AI & ML,97
A02472,Security,100
A02472,Applications,97
A02472,Integration,99
A02473,Infrastructure,54
A02473,Database,98
A02473,Analytics & Data,14
A02473,AI & ML,98
A02473,Security,94
A02473,Applications,100
A02473,Integration,91
A02474,Infrastructure,32
A02474,Database,11
A02474,Analytics & Data,38
A02474,AI & ML,88
A02474,Security,56
A02474,Applications,26
A02474,Integration,37
A02475,Infrastructure,98
A02475,Database,99
A02475,Analytics & Data,100
A02475,AI & ML,97
A02475,Security,97
A02475,Applications,66
A02475,Integration,98
A02476,Infrastructure,63
A02476,Database,33
A02476,Analytics & Data,37
A02476,AI & ML,40
A02476,Security,28
A02476,Applications,14
A02476,Integration,19
A02477,Infrastructure,51
A02477,Database,76
A02477,Analytics & Data,55
A02477,AI & ML,99
A02477,Security,72
A02477,Applications,85
A02477,Integration,71
A02478,Infrastructure,86
A02478,Database,97
A02478,Analytics & Data,91
A02478,AI & ML,88
A02478,Security,78
A02478,Applications,89
A02478,Integration,100
A02479,Infrastructure,99
A02479,Database,97
A02479,Analytics & Data,92
A02479,AI & ML,87
A02479,Security,55
A02479,Applications,98
A02479,Integration,98
A02480,Infrastructure,20
A02480,Database,23
A02480,Analytics & Data,37
A02480,AI & ML,35
A02480,Security,40
A02480,Applications,28
A02480,Integration,31
A02481,Infrastructure,61
A02481,Database,86
A02481,Analytics & Data,98
A02481,AI & ML,100
A02481,Security,91
A02481,Applications,93
A02481,Integration,97
A02482,Infrastructure,54
A02482,Database,17
A02482,Analytics & Data,80
A02482,AI & ML,47
A02482,Security,50
A02482,Applications,48
A02482,Integration,47
A02483,Infrastructure,73
A02483,Database,62
A02483,Analytics & Data,54
A02483,AI & ML,83
A02483,Security,57
A02483,Applications,60
A02483,Integration,38
A02484,Infrastructure,67
A02484,Database,13
A02484,Analytics & Data,89
A02484,AI & ML,93
A02484,Security,73
A02484,Applications,88
A02484,Integration,88
A02485,Infrastructure,97
A02485,Database,87
A02485,Analytics & Data,81
A02485,AI & ML,22
A02485,Security,86
A02485,Applications,23
A02485,Integration,93
A02486,Infrastructure,91
A02486,Database,38
A02486,Analytics & Data,82
A02486,AI & ML,31
A02486,Security,62
A02486,Applications,84
A02486,Integration,23
A02487,Infrastructure,98
A02487,Database,98
A02487,Analytics & Data,98
A02487,AI & ML,100
A02487,Security,80
A02487,Applications,89
A02487,Integration,100
A02488,Infrastructure,99
A02488,Database,94
A02488,Analytics & Data,92
A02488,AI & ML,99
A02488,Security,100
A02488,Applications,81
A02488,Integration,97
A02489,Infrastructure,32
A02489,Database,60
A02489,Analytics & Data,10
A02489,AI & ML,57
A02489,Security,60
A02489,Applications,64
A02489,Integration,13
A02490,Infrastructure,86
A02490,Database,72
A02490,Analytics & Data,39
A02490,AI & ML,79
A02490,Security,57
A02490,Applications,92
A02490,Integration,80
A02491,Infrastructure,97
A02491,Database,73
A02491,Analytics & Data,100
A02491,AI & ML,99
A02491,Security,56
A02491,Applications,88
A02491,Integration,58
A02492,Infrastructure,86
A02492,Database,84
A02492,Analytics & Data,49
A02492,AI & ML,80
A02492,Security,78
A02492,Applications,84
A02492,Integration,30
A02493,Infrastructure,17
A02493,Database,31
A02493,Analytics & Data,34
A02493,AI & ML,24
A02493,Security,26
A02493,Applications,47
A02493,Integration,29
A02494,Infrastructure,91
A02494,Database,72
A02494,Analytics & Data,70
A02494,AI & ML,55
A02494,Security,59
A02494,Applications,57
A02494,Integration,86
A02495,Infrastructure,16
A02495,Database,31
A02495,Analytics & Data,42
A02495,AI & ML,18
A02495,Security,19
A02495,Applications,55
A02495,Integration,62
A02496,Infrastructure,31
A02496,Database,35
A02496,Analytics & Data,40
A02496,AI & ML,19
A02496,Security,35
A02496,Applications,24
A02496,Integration,10
A02497,Infrastructure,57
A02497,Database,30
A02497,Analytics & Data,48
A02497,AI & ML,67
A02497,Security,45
A02497,Applications,60
A02497,Integration,49
A02498,Infrastructure,71
A02498,Database,39
A02498,Analytics & Data,57
A02498,AI & ML,89
A02498,Security,17
A02498,Applications,54
A02498,Integration,90
A02499,Infrastructure,23
A02499,Database,81
A02499,Analytics & Data,58
A02499,AI & ML,39
A02499,Security,53
A02499,Applications,42
A02499,Integration,32
A02500,Infrastructure,58
A02500,Database,50
A02500,Analytics & Data,41
A02500,AI & ML,28
A02500,Security,20
A02500,Applications,83
A02500,Integration,51
A02501,Infrastructure,28
A02501,Database,99
A02501,Analytics & Data,100
A02501,AI & ML,97
A02501,Security,49
A02501,Applications,73
A02501,Integration,87
A02502,Infrastructure,35
A02502,Database,21
A02502,Analytics & Data,16
A02502,AI & ML,57
A02502,Security,35
A02502,Applications,29
A02502,Integration,16
A02503,Infrastructure,79
A02503,Database,50
A02503,Analytics & Data,97
A02503,AI & ML,86
A02503,Security,50
A02503,Applications,90
A02503,Integration,80
A02504,Infrastructure,88
A02504,Database,93
A02504,Analytics & Data,83
A02504,AI & ML,81
A02504,Security,79
A02504,Applications,27
A02504,Integration,100
A02505,Infrastructure,57
A02505,Database,89
A02505,Analytics & Data,53
A02505,AI & ML,51
A02505,Security,81
A02505,Applications,70
A02505,Integration,52
A02506,Infrastructure,41
A02506,Database,67
A02506,Analytics & Data,50
A02506,AI & ML,77
A02506,Security,61
A02506,Applications,69
A02506,Integration,73
A02507,Infrastructure,58
A02507,Database,78
A02507,Analytics & Data,90
A02507,AI & ML,63
A02507,Security,45
A02507,Applications,46
A02507,Integration,46
A02508,Infrastructure,72
A02508,Database,10
A02508,Analytics & Data,16
A02508,AI & ML,21
A02508,Security,25
A02508,Applications,20
A02508,Integration,48
A02509,Infrastructure,94
A02509,Database,94
A02509,Analytics & Data,82
A02509,AI & ML,91
A02509,Security,97
A02509,Applications,90
A02509,Integration,78
A02510,Infrastructure,11
A02510,Database,39
A02510,Analytics & Data,62
A02510,AI & ML,73
A02510,Security,93
A02510,Applications,90
A02510,Integration,73
A02511,Infrastructure,79
A02511,Database,89
A02511,Analytics & Data,94
A02511,AI & ML,94
A02511,Security,87
A02511,Applications,80
A02511,Integration,48
A02512,Infrastructure,99
A02512,Database,58
A02512,Analytics & Data,77
A02512,AI & ML,55
A02512,Security,19
A02512,Applications,60
A02512,Integration,72
A02513,Infrastructure,100
A02513,Database,100
A02513,Analytics & Data,82
A02513,AI & ML,99
A02513,Security,90
A02513,Applications,18
A02513,Integration,80
A02514,Infrastructure,98
A02514,Database,97
A02514,Analytics & Data,98
A02514,AI & ML,56
A02514,Security,72
A02514,Applications,97
A02514,Integration,97
A02515,Infrastructure,53
A02515,Database,99
A02515,Analytics & Data,100
A02515,AI & ML,85
A02515,Security,77
A02515,Applications,85
A02515,Integration,70
A02516,Infrastructure,94
A02516,Database,73
A02516,Analytics & Data,88
A02516,AI & ML,91
A02516,Security,100
A02516,Applications,72
A02516,Integration,88
A02517,Infrastructure,97
A02517,Database,100
A02517,Analytics & Data,77
A02517,AI & ML,100
A02517,Security,98
A02517,Applications,100
A02517,Integration,97
A02518,Infrastructure,99
A02518,Database,82
A02518,Analytics & Data,87
A02518,AI & ML,86
A02518,Security,54
A02518,Applications,98
A02518,Integration,24
A02519,Infrastructure,22
A02519,Database,39
A02519,Analytics & Data,37
A02519,AI & ML,91
A02519,Security,40
A02519,Applications,33
A02519,Integration,19
A02520,Infrastructure,53
A02520,Database,61
A02520,Analytics & Data,92
A02520,AI & ML,66
A02520,Security,29
A02520,Applications,21
A02520,Integration,86
A02521,Infrastructure,58
A02521,Database,64
A02521,Analytics & Data,79
A02521,AI & ML,63
A02521,Security,92
A02521,Applications,77
A02521,Integration,31
A02522,Infrastructure,25
A02522,Database,50
A02522,Analytics & Data,89
A02522,AI & ML,79
A02522,Security,56
A02522,Applications,99
A02522,Integration,86
A02523,Infrastructure,50
A02523,Database,89
A02523,Analytics & Data,87
A02523,AI & ML,83
A02523,Security,73
A02523,Applications,51
A02523,Integration,66
A02524,Infrastructure,16
A02524,Database,45
A02524,Analytics & Data,13
A02524,AI & ML,25
A02524,Security,30
A02524,Applications,38
A02524,Integration,61
A02525,Infrastructure,70
A02525,Database,100
A02525,Analytics & Data,84
A02525,AI & ML,84
A02525,Security,99
A02525,Applications,93
A02525,Integration,81
A02526,Infrastructure,85
A02526,Database,56
A02526,Analytics & Data,83
A02526,AI & ML,89
A02526,Security,68
A02526,Applications,87
A02526,Integration,80
A02527,Infrastructure,23
A02527,Database,70
A02527,Analytics & Data,88
A02527,AI & ML,58
A02527,Security,88
A02527,Applications,34
A02527,Integration,53
A02528,Infrastructure,99
A02528,Database,59
A02528,Analytics & Data,97
A02528,AI & ML,70
A02528,Security,45
A02528,Applications,79
A02528,Integration,98
A02529,Infrastructure,92
A02529,Database,85
A02529,Analytics & Data,46
A02529,AI & ML,47
A02529,Security,17
A02529,Applications,30
A02529,Integration,12
A02530,Infrastructure,46
A02530,Database,64
A02530,Analytics & Data,79
A02530,AI & ML,91
A02530,Security,45
A02530,Applications,69
A02530,Integration,25
A02531,Infrastructure,97
A02531,Database,98
A02531,Analytics & Data,99
A02531,AI & ML,82
A02531,Security,99
A02531,Applications,100
A02531,Integration,97
A02532,Infrastructure,18
A02532,Database,78
A02532,Analytics & Data,70
A02532,AI & ML,92
A02532,Security,80
A02532,Applications,81
A02532,Integration,97
A02533,Infrastructure,57
A02533,Database,23
A02533,Analytics & Data,26
A02533,AI & ML,61
A02533,Security,23
A02533,Applications,31
A02533,Integration,36
A02534,Infrastructure,67
A02534,Database,80
A02534,Analytics & Data,80
A02534,AI & ML,86
A02534,Security,94
A02534,Applications,81
A02534,Integration,49
A02535,Infrastructure,90
A02535,Database,48
A02535,Analytics & Data,94
A02535,AI & ML,94
A02535,Security,70
A02535,Applications,77
A02535,Integration,67
A02536,Infrastructure,36
A02536,Database,29
A02536,Analytics & Data,31
A02536,AI & ML,45
A02536,Security,67
A02536,Applications,15
A02536,Integration,89
A02537,Infrastructure,98
A02537,Database,93
A02537,Analytics & Data,99
A02537,AI & ML,56
A02537,Security,10
A02537,Applications,51
A02537,Integration,50
A02538,Infrastructure,30
A02538,Database,31
A02538,Analytics & Data,56
A02538,AI & ML,84
A02538,Security,89
A02538,Applications,92
A02538,Integration,100
A02539,Infrastructure,62
A02539,Database,88
A02539,Analytics & Data,49
A02539,AI & ML,98
A02539,Security,92
A02539,Applications,99
A02539,Integration,84
A02540,Infrastructure,51
A02540,Database,61
A02540,Analytics & Data,52
A02540,AI & ML,73
A02540,Security,54
A02540,Applications,90
A02540,Integration,49
A02541,Infrastructure,25
A02541,Database,52
A02541,Analytics & Data,80
A02541,AI & ML,57
A02541,Security,68
A02541,Applications,82
A02541,Integration,94
A02542,Infrastructure,100
A02542,Database,54
A02542,Analytics & Data,90
A02542,AI & ML,76
A02542,Security,82
A02542,Applications,90
A02542,Integration,82
A02543,Infrastructure,66
A02543,Database,91
A02543,Analytics & Data,73
A02543,AI & ML,88
A02543,Security,45
A02543,Applications,10
A02543,Integration,78
A02544,Infrastructure,19
A02544,Database,92
A02544,Analytics & Data,87
A02544,AI & ML,89
A02544,Security,94
A02544,Applications,91
A02544,Integration,81
A02545,Infrastructure,91
A02545,Database,100
A02545,Analytics & Data,85
A02545,AI & ML,24
A02545,Security,76
A02545,Applications,97
A02545,Integration,98
A02546,Infrastructure,55
A02546,Database,63
A02546,Analytics & Data,85
A02546,AI & ML,12
A02546,Security,73
A02546,Applications,76
A02546,Integration,23
A02547,Infrastructure,99
A02547,Database,97
A02547,Analytics & Data,98
A02547,AI & ML,99
A02547,Security,57
A02547,Applications,12
A02547,Integration,97
A02548,Infrastructure,59
A02548,Database,16
A02548,Analytics & Data,61
A02548,AI & ML,48
A02548,Security,69
A02548,Applications,60
A02548,Integration,36
A02549,Infrastructure,88
A02549,Database,62
A02549,Analytics & Data,89
A02549,AI & ML,81
A02549,Security,76
A02549,Applications,90
A02549,Integration,93
A02550,Infrastructure,90
A02550,Database,79
A02550,Analytics & Data,62
A02550,AI & ML,68
A02550,Security,87
A02550,Applications,100
A02550,Integration,97
A02551,Infrastructure,58
A02551,Database,28
A02551,Analytics & Data,20
A02551,AI & ML,17
A02551,Security,45
A02551,Applications,17
A02551,Integration,81
A02552,Infrastructure,87
A02552,Database,99
A02552,Analytics & Data,99
A02552,AI & ML,83
A02552,Security,81
A02552,Applications,93
A02552,Integration,50
A02553,Infrastructure,99
A02553,Database,93
A02553,Analytics & Data,88
A02553,AI & ML,94
A02553,Security,86
A02553,Applications,61
A02553,Integration,83
A02554,Infrastructure,41
A02554,Database,14
A02554,Analytics & Data,37
A02554,AI & ML,20
A02554,Security,29
A02554,Applications,14
A02554,Integration,26
A02555,Infrastructure,90
A02555,Database,83
A02555,Analytics & Data,63
A02555,AI & ML,92
A02555,Security,90
A02555,Applications,81
A02555,Integration,51
A02556,Infrastructure,76
A02556,Database,98
A02556,Analytics & Data,94
A02556,AI & ML,97
A02556,Security,83
A02556,Applications,100
A02556,Integration,98
A02557,Infrastructure,67
A02557,Database,83
A02557,Analytics & Data,17
A02557,AI & ML,58
A02557,Security,92
A02557,Applications,85
A02557,Integration,72
A02558,Infrastructure,98
A02558,Database,100
A02558,Analytics & Data,98
A02558,AI & ML,100
A02558,Security,98
A02558,Applications,98
A02558,Integration,99
A02559,Infrastructure,97
A02559,Database,79
A02559,Analytics & Data,82
A02559,AI & ML,99
A02559,Security,99
A02559,Applications,84
A02559,Integration,91
A02560,Infrastructure,99
A02560,Database,88
A02560,Analytics & Data,86
A02560,AI & ML,93
A02560,Security,33
A02560,Applications,77
A02560,Integration,68
A02561,Infrastructure,78
A02561,Database,83
A02561,Analytics & Data,87
A02561,AI & ML,100
A02561,Security,77
A02561,Applications,98
A02561,Integration,93
A02562,Infrastructure,10
A02562,Database,73
A02562,Analytics & Data,35
A02562,AI & ML,42
A02562,Security,42
A02562,Applications,78
A02562,Integration,57
A02563,Infrastructure,68
A02563,Database,77
A02563,Analytics & Data,63
A02563,AI & ML,99
A02563,Security,100
A02563,Applications,100
A02563,Integration,99
A02564,Infrastructure,97
A02564,Database,89
A02564,Analytics & Data,98
A02564,AI & ML,85
A02564,Security,77
A02564,Applications,81
A02564,Integration,60
A02565,Infrastructure,88
A02565,Database,93
A02565,Analytics & Data,77
A02565,AI & ML,82
A02565,Security,100
A02565,Applications,90
A02565,Integration,83
A02566,Infrastructure,88
A02566,Database,97
A02566,Analytics & Data,59
A02566,AI & ML,46
A02566,Security,73
A02566,Applications,85
A02566,Integration,89
A02567,Infrastructure,32
A02567,Database,30
A02567,Analytics & Data,92
A02567,AI & ML,99
A02567,Security,86
A02567,Applications,86
A02567,Integration,93
A02568,Infrastructure,57
A02568,Database,35
A02568,Analytics & Data,13
A02568,AI & ML,52
A02568,Security,85
A02568,Applications,67
A02568,Integration,38
A02569,Infrastructure,17
A02569,Database,70
A02569,Analytics & Data,91
A02569,AI & ML,79
A02569,Security,86
A02569,Applications,50
A02569,Integration,66
A02570,Infrastructure,90
A02570,Database,64
A02570,Analytics & Data,55
A02570,AI & ML,31
A02570,Security,19
A02570,Applications,64
A02570,Integration,32
A02571,Infrastructure,91
A02571,Database,87
A02571,Analytics & Data,48
A02571,AI & ML,79
A02571,Security,76
A02571,Applications,84
A02571,Integration,98
A02572,Infrastructure,87
A02572,Database,60
A02572,Analytics & Data,70
A02572,AI & ML,62
A02572,Security,50
A02572,Applications,79
A02572,Integration,94
A02573,Infrastructure,84
A02573,Database,97
A02573,Analytics & Data,98
A02573,AI & ML,98
A02573,Security,76
A02573,Applications,89
A02573,Integration,98
A02574,Infrastructure,60
A02574,Database,20
A02574,Analytics & Data,68
A02574,AI & ML,27
A02574,Security,56
A02574,Applications,19
A02574,Integration,39
A02575,Infrastructure,93
A02575,Database,89
A02575,Analytics & Data,72
A02575,AI & ML,88
A02575,Security,73
A02575,Applications,54
A02575,Integration,72
A02576,Infrastructure,48
A02576,Database,27
A02576,Analytics & Data,63
A02576,AI & ML,81
A02576,Security,60
A02576,Applications,100
A02576,Integration,61
A02577,Infrastructure,89
A02577,Database,98
A02577,Analytics & Data,59
A02577,AI & ML,86
A02577,Security,82
A02577,Applications,80
A02577,Integration,82
A02578,Infrastructure,27
A02578,Database,24
A02578,Analytics & Data,72
A02578,AI & ML,69
A02578,Security,57
A02578,Applications,31
A02578,Integration,33
A02579,Infrastructure,76
A02579,Database,68
A02579,Analytics & Data,45
A02579,AI & ML,18
A02579,Security,50
A02579,Applications,73
A02579,Integration,58
A02580,Infrastructure,100
A02580,Database,93
A02580,Analytics & Data,88
A02580,AI & ML,88
A02580,Security,93
A02580,Applications,100
A02580,Integration,100
A02581,Infrastructure,97
A02581,Database,76
A02581,Analytics & Data,82
A02581,AI & ML,55
A02581,Security,52
A02581,Applications,97
A02581,Integration,87
A02582,Infrastructure,93
A02582,Database,66
A02582,Analytics & Data,69
A02582,AI & ML,69
A02582,Security,45
A02582,Applications,51
A02582,Integration,66
A02583,Infrastructure,94
A02583,Database,57
A02583,Analytics & Data,55
A02583,AI & ML,35
A02583,Security,17
A02583,Applications,47
A02583,Integration,59
A02584,Infrastructure,89
A02584,Database,92
A02584,Analytics & Data,84
A02584,AI & ML,50
A02584,Security,80
A02584,Applications,70
A02584,Integration,90
A02585,Infrastructure,92
A02585,Database,88
A02585,Analytics & Data,98
A02585,AI & ML,97
A02585,Security,89
A02585,Applications,88
A02585,Integration,97
A02586,Infrastructure,83
A02586,Database,88
A02586,Analytics & Data,69
A02586,AI & ML,26
A02586,Security,63
A02586,Applications,15
A02586,Integration,27
A02587,Infrastructure,83
A02587,Database,99
A02587,Analytics & Data,97
A02587,AI & ML,97
A02587,Security,98
A02587,Applications,99
A02587,Integration,84
A02588,Infrastructure,87
A02588,Database,66
A02588,Analytics & Data,88
A02588,AI & ML,78
A02588,Security,87
A02588,Applications,85
A02588,Integration,88
A02589,Infrastructure,37
A02589,Database,33
A02589,Analytics & Data,35
A02589,AI & ML,18
A02589,Security,35
A02589,Applications,70
A02589,Integration,29
A02590,Infrastructure,30
A02590,Database,53
A02590,Analytics & Data,51
A02590,AI & ML,71
A02590,Security,49
A02590,Applications,51
A02590,Integration,60
A02591,Infrastructure,69
A02591,Database,50
A02591,Analytics & Data,90
A02591,AI & ML,56
A02591,Security,98
A02591,Applications,38
A02591,Integration,37
A02592,Infrastructure,47
A02592,Database,32
A02592,Analytics & Data,49
A02592,AI & ML,72
A02592,Security,53
A02592,Applications,49
A02592,Integration,17
A02593,Infrastructure,62
A02593,Database,46
A02593,Analytics & Data,54
A02593,AI & ML,13
A02593,Security,20
A02593,Applications,37
A02593,Integration,35
A02594,Infrastructure,85
A02594,Database,22
A02594,Analytics & Data,17
A02594,AI & ML,26
A02594,Security,61
A02594,Applications,52
A02594,Integration,41
A02595,Infrastructure,47
A02595,Database,47
A02595,Analytics & Data,45
A02595,AI & ML,87
A02595,Security,84
A02595,Applications,89
A02595,Integration,59
A02596,Infrastructure,93
A02596,Database,55
A02596,Analytics & Data,83
A02596,AI & ML,80
A02596,Security,76
A02596,Applications,51
A02596,Integration,51
A02597,Infrastructure,80
A02597,Database,19
A02597,Analytics & Data,18
A02597,AI & ML,11
A02597,Security,57
A02597,Applications,32
A02597,Integration,33
A02598,Infrastructure,70
A02598,Database,64
A02598,Analytics & Data,64
A02598,AI & ML,90
A02598,Security,70
A02598,Applications,84
A02598,Integration,55
A02599,Infrastructure,81
A02599,Database,50
A02599,Analytics & Data,46
A02599,AI & ML,77
A02599,Security,29
A02599,Applications,22
A02599,Integration,32
A02600,Infrastructure,83
A02600,Database,78
A02600,Analytics & Data,68
A02600,AI & ML,99
A02600,Security,79
A02600,Applications,89
A02600,Integration,58
A02601,Infrastructure,24
A02601,Database,21
A02601,Analytics & Data,45
A02601,AI & ML,65
A02601,Security,22
A02601,Applications,32
A02601,Integration,45
A02602,Infrastructure,54
A02602,Database,39
A02602,Analytics & Data,88
A02602,AI & ML,99
A02602,Security,99
A02602,Applications,97
A02602,Integration,99
A02603,Infrastructure,72
A02603,Database,40
A02603,Analytics & Data,68
A02603,AI & ML,54
A02603,Security,46
A02603,Applications,59
A02603,Integration,65
A02604,Infrastructure,73
A02604,Database,98
A02604,Analytics & Data,91
A02604,AI & ML,90
A02604,Security,70
A02604,Applications,91
A02604,Integration,91
A02605,Infrastructure,99
A02605,Database,53
A02605,Analytics & Data,79
A02605,AI & ML,73
A02605,Security,82
A02605,Applications,50
A02605,Integration,55
A02606,Infrastructure,100
A02606,Database,80
A02606,Analytics & Data,86
A02606,AI & ML,20
A02606,Security,92
A02606,Applications,56
A02606,Integration,98
A02607,Infrastructure,63
A02607,Database,20
A02607,Analytics & Data,15
A02607,AI & ML,19
A02607,Security,23
A02607,Applications,68
A02607,Integration,21
A02608,Infrastructure,89
A02608,Database,31
A02608,Analytics & Data,32
A02608,AI & ML,27
A02608,Security,46
A02608,Applications,39
A02608,Integration,51
A02609,Infrastructure,97
A02609,Database,97
A02609,Analytics & Data,99
A02609,AI & ML,98
A02609,Security,67
A02609,Applications,45
A02609,Integration,100
A02610,Infrastructure,100
A02610,Database,71
A02610,Analytics & Data,49
A02610,AI & ML,70
A02610,Security,84
A02610,Applications,83
A02610,Integration,100
A02611,Infrastructure,89
A02611,Database,98
A02611,Analytics & Data,86
A02611,AI & ML,99
A02611,Security,92
A02611,Applications,97
A02611,Integration,98
A02612,Infrastructure,98
A02612,Database,87
A02612,Analytics & Data,55
A02612,AI & ML,82
A02612,Security,91
A02612,Applications,100
A02612,Integration,79
A02613,Infrastructure,58
A02613,Database,100
A02613,Analytics & Data,92
A02613,AI & ML,100
A02613,Security,100
A02613,Applications,84
A02613,Integration,99
A02614,Infrastructure,62
A02614,Database,88
A02614,Analytics & Data,15
A02614,AI & ML,93
A02614,Security,80
A02614,Applications,97
A02614,Integration,87
A02615,Infrastructure,89
A02615,Database,88
A02615,Analytics & Data,67
A02615,AI & ML,82
A02615,Security,73
A02615,Applications,48
A02615,Integration,87
A02616,Infrastructure,15
A02616,Database,77
A02616,Analytics & Data,71
A02616,AI & ML,79
A02616,Security,45
A02616,Applications,67
A02616,Integration,76
A02617,Infrastructure,42
A02617,Database,69
A02617,Analytics & Data,52
A02617,AI & ML,63
A02617,Security,69
A02617,Applications,69
A02617,Integration,51
A02618,Infrastructure,86
A02618,Database,31
A02618,Analytics & Data,34
A02618,AI & ML,15
A02618,Security,36
A02618,Applications,28
A02618,Integration,21
A02619,Infrastructure,60
A02619,Database,54
A02619,Analytics & Data,49
A02619,AI & ML,64
A02619,Security,41
A02619,Applications,32
A02619,Integration,80
A02620,Infrastructure,89
A02620,Database,46
A02620,Analytics & Data,81
A02620,AI & ML,85
A02620,Security,94
A02620,Applications,88
A02620,Integration,10
A02621,Infrastructure,19
A02621,Database,31
A02621,Analytics & Data,42
A02621,AI & ML,47
A02621,Security,16
A02621,Applications,27
A02621,Integration,40
A02622,Infrastructure,11
A02622,Database,48
A02622,Analytics & Data,11
A02622,AI & ML,31
A02622,Security,38
A02622,Applications,39
A02622,Integration,73
A02623,Infrastructure,94
A02623,Database,78
A02623,Analytics & Data,99
A02623,AI & ML,65
A02623,Security,86
A02623,Applications,100
A02623,Integration,81
A02624,Infrastructure,100
A02624,Database,52
A02624,Analytics & Data,100
A02624,AI & ML,86
A02624,Security,84
A02624,Applications,89
A02624,Integration,78
A02625,Infrastructure,29
A02625,Database,50
A02625,Analytics & Data,16
A02625,AI & ML,35
A02625,Security,27
A02625,Applications,10
A02625,Integration,40
A02626,Infrastructure,56
A02626,Database,79
A02626,Analytics & Data,67
A02626,AI & ML,13
A02626,Security,91
A02626,Applications,52
A02626,Integration,76
A02627,Infrastructure,48
A02627,Database,87
A02627,Analytics & Data,56
A02627,AI & ML,94
A02627,Security,85
A02627,Applications,73
A02627,Integration,97
A02628,Infrastructure,93
A02628,Database,82
A02628,Analytics & Data,93
A02628,AI & ML,48
A02628,Security,94
A02628,Applications,79
A02628,Integration,97
A02629,Infrastructure,98
A02629,Database,98
A02629,Analytics & Data,54
A02629,AI & ML,77
A02629,Security,51
A02629,Applications,100
A02629,Integration,100
A02630,Infrastructure,81
A02630,Database,61
A02630,Analytics & Data,91
A02630,AI & ML,97
A02630,Security,97
A02630,Applications,87
A02630,Integration,79
A02631,Infrastructure,72
A02631,Database,77
A02631,Analytics & Data,54
A02631,AI & ML,98
A02631,Security,69
A02631,Applications,48
A02631,Integration,99
A02632,Infrastructure,85
A02632,Database,78
A02632,Analytics & Data,98
A02632,AI & ML,92
A02632,Security,60
A02632,Applications,85
A02632,Integration,82
A02633,Infrastructure,85
A02633,Database,99
A02633,Analytics & Data,85
A02633,AI & ML,97
A02633,Security,40
A02633,Applications,83
A02633,Integration,85
A02634,Infrastructure,39
A02634,Database,81
A02634,Analytics & Data,23
A02634,AI & ML,69
A02634,Security,17
A02634,Applications,11
A02634,Integration,46
A02635,Infrastructure,80
A02635,Database,84
A02635,Analytics & Data,57
A02635,AI & ML,77
A02635,Security,84
A02635,Applications,82
A02635,Integration,65
A02636,Infrastructure,60
A02636,Database,53
A02636,Analytics & Data,67
A02636,AI & ML,62
A02636,Security,71
A02636,Applications,51
A02636,Integration,79
A02637,Infrastructure,26
A02637,Database,59
A02637,Analytics & Data,61
A02637,AI & ML,36
A02637,Security,37
A02637,Applications,57
A02637,Integration,27
A02638,Infrastructure,66
A02638,Database,81
A02638,Analytics & Data,51
A02638,AI & ML,48
A02638,Security,98
A02638,Applications,23
A02638,Integration,90
A02639,Infrastructure,49
A02639,Database,100
A02639,Analytics & Data,99
A02639,AI & ML,99
A02639,Security,69
A02639,Applications,88
A02639,Integration,92
A02640,Infrastructure,84
A02640,Database,63
A02640,Analytics & Data,90
A02640,AI & ML,88
A02640,Security,46
A02640,Applications,33
A02640,Integration,33
A02641,Infrastructure,50
A02641,Database,91
A02641,Analytics & Data,84
A02641,AI & ML,80
A02641,Security,94
A02641,Applications,90
A02641,Integration,82
A02642,Infrastructure,84
A02642,Database,100
A02642,Analytics & Data,57
A02642,AI & ML,48
A02642,Security,88
A02642,Applications,88
A02642,Integration,88
A02643,Infrastructure,56
A02643,Database,51
A02643,Analytics & Data,58
A02643,AI & ML,29
A02643,Security,89
A02643,Applications,51
A02643,Integration,76
A02644,Infrastructure,99
A02644,Database,92
A02644,Analytics & Data,100
A02644,AI & ML,97
A02644,Security,98
A02644,Applications,97
A02644,Integration,79
A02645,Infrastructure,77
A02645,Database,56
A02645,Analytics & Data,68
A02645,AI & ML,73
A02645,Security,85
A02645,Applications,92
A02645,Integration,37
A02646,Infrastructure,76
A02646,Database,86
A02646,Analytics & Data,84
A02646,AI & ML,79
A02646,Security,92
A02646,Applications,85
A02646,Integration,52
A02647,Infrastructure,61
A02647,Database,86
A02647,Analytics & Data,86
A02647,AI & ML,68
A02647,Security,79
A02647,Applications,97
A02647,Integration,92
A02648,Infrastructure,33
A02648,Database,24
A02648,Analytics & Data,23
A02648,AI & ML,27
A02648,Security,89
A02648,Applications,28
A02648,Integration,40
A02649,Infrastructure,99
A02649,Database,97
A02649,Analytics & Data,57
A02649,AI & ML,36
A02649,Security,99
A02649,Applications,98
A02649,Integration,100
A02650,Infrastructure,99
A02650,Database,98
A02650,Analytics & Data,80
A02650,AI & ML,100
A02650,Security,93
A02650,Applications,92
A02650,Integration,47
A02651,Infrastructure,53
A02651,Database,59
A02651,Analytics & Data,15
A02651,AI & ML,61
A02651,Security,90
A02651,Applications,69
A02651,Integration,15
A02652,Infrastructure,50
A02652,Database,100
A02652,Analytics & Data,29
A02652,AI & ML,86
A02652,Security,98
A02652,Applications,93
A02652,Integration,99
A02653,Infrastructure,47
A02653,Database,54
A02653,Analytics & Data,78
A02653,AI & ML,59
A02653,Security,84
A02653,Applications,67
A02653,Integration,50
A02654,Infrastructure,87
A02654,Database,32
A02654,Analytics & Data,73
A02654,AI & ML,16
A02654,Security,89
A02654,Applications,97
A02654,Integration,80
A02655,Infrastructure,97
A02655,Database,91
A02655,Analytics & Data,67
A02655,AI & ML,81
A02655,Security,80
A02655,Applications,80
A02655,Integration,98
A02656,Infrastructure,91
A02656,Database,100
A02656,Analytics & Data,85
A02656,AI & ML,79
A02656,Security,76
A02656,Applications,94
A02656,Integration,83
A02657,Infrastructure,82
A02657,Database,15
A02657,Analytics & Data,61
A02657,AI & ML,94
A02657,Security,29
A02657,Applications,35
A02657,Integration,68
A02658,Infrastructure,70
A02658,Database,78
A02658,Analytics & Data,90
A02658,AI & ML,99
A02658,Security,92
A02658,Applications,99
A02658,Integration,85
A02659,Infrastructure,34
A02659,Database,88
A02659,Analytics & Data,97
A02659,AI & ML,81
A02659,Security,73
A02659,Applications,66
A02659,Integration,12
A02660,Infrastructure,57
A02660,Database,40
A02660,Analytics & Data,81
A02660,AI & ML,79
A02660,Security,57
A02660,Applications,80
A02660,Integration,26
A02661,Infrastructure,99
A02661,Database,78
A02661,Analytics & Data,90
A02661,AI & ML,87
A02661,Security,94
A02661,Applications,60
A02661,Integration,100
A02662,Infrastructure,64
A02662,Database,50
A02662,Analytics & Data,49
A02662,AI & ML,60
A02662,Security,59
A02662,Applications,48
A02662,Integration,90
A02663,Infrastructure,93
A02663,Database,56
A02663,Analytics & Data,70
A02663,AI & ML,89
A02663,Security,53
A02663,Applications,80
A02663,Integration,98
A02664,Infrastructure,49
A02664,Database,84
A02664,Analytics & Data,54
A02664,AI & ML,14
A02664,Security,13
A02664,Applications,88
A02664,Integration,34
A02665,Infrastructure,89
A02665,Database,97
A02665,Analytics & Data,99
A02665,AI & ML,85
A02665,Security,82
A02665,Applications,76
A02665,Integration,94
A02666,Infrastructure,46
A02666,Database,76
A02666,Analytics & Data,94
A02666,AI & ML,97
A02666,Security,31
A02666,Applications,42
A02666,Integration,78
A02667,Infrastructure,100
A02667,Database,71
A02667,Analytics & Data,99
A02667,AI & ML,100
A02667,Security,99
A02667,Applications,99
A02667,Integration,98
A02668,Infrastructure,82
A02668,Database,30
A02668,Analytics & Data,47
A02668,AI & ML,91
A02668,Security,19
A02668,Applications,91
A02668,Integration,50
A02669,Infrastructure,53
A02669,Database,78
A02669,Analytics & Data,83
A02669,AI & ML,78
A02669,Security,85
A02669,Applications,84
A02669,Integration,84
A02670,Infrastructure,97
A02670,Database,85
A02670,Analytics & Data,86
A02670,AI & ML,85
A02670,Security,79
A02670,Applications,97
A02670,Integration,86
A02671,Infrastructure,68
A02671,Database,31
A02671,Analytics & Data,93
A02671,AI & ML,33
A02671,Security,22
A02671,Applications,98
A02671,Integration,59
A02672,Infrastructure,97
A02672,Database,80
A02672,Analytics & Data,100
A02672,AI & ML,98
A02672,Security,99
A02672,Applications,66
A02672,Integration,97
A02673,Infrastructure,80
A02673,Database,77
A02673,Analytics & Data,97
A02673,AI & ML,92
A02673,Security,65
A02673,Applications,82
A02673,Integration,63
A02674,Infrastructure,42
A02674,Database,61
A02674,Analytics & Data,31
A02674,AI & ML,12
A02674,Security,20
A02674,Applications,26
A02674,Integration,32
A02675,Infrastructure,58
A02675,Database,60
A02675,Analytics & Data,16
A02675,AI & ML,32
A02675,Security,60
A02675,Applications,33
A02675,Integration,47
A02676,Infrastructure,79
A02676,Database,80
A02676,Analytics & Data,90
A02676,AI & ML,82
A02676,Security,76
A02676,Applications,87
A02676,Integration,54
A02677,Infrastructure,31
A02677,Database,11
A02677,Analytics & Data,12
A02677,AI & ML,35
A02677,Security,10
A02677,Applications,23
A02677,Integration,19
A02678,Infrastructure,92
A02678,Database,24
A02678,Analytics & Data,37
A02678,AI & ML,39
A02678,Security,68
A02678,Applications,41
A02678,Integration,42
A02679,Infrastructure,87
A02679,Database,25
A02679,Analytics & Data,30
A02679,AI & ML,72
A02679,Security,83
A02679,Applications,90
A02679,Integration,77
A02680,Infrastructure,80
A02680,Database,14
A02680,Analytics & Data,99
A02680,AI & ML,12
A02680,Security,60
A02680,Applications,83
A02680,Integration,99
A02681,Infrastructure,92
A02681,Database,79
A02681,Analytics & Data,99
A02681,AI & ML,88
A02681,Security,48
A02681,Applications,83
A02681,Integration,64
A02682,Infrastructure,100
A02682,Database,97
A02682,Analytics & Data,97
A02682,AI & ML,99
A02682,Security,94
A02682,Applications,97
A02682,Integration,97
A02683,Infrastructure,88
A02683,Database,89
A02683,Analytics & Data,20
A02683,AI & ML,79
A02683,Security,83
A02683,Applications,77
A02683,Integration,78
A02684,Infrastructure,55
A02684,Database,100
A02684,Analytics & Data,51
A02684,AI & ML,86
A02684,Security,78
A02684,Applications,59
A02684,Integration,24
A02685,Infrastructure,26
A02685,Database,17
A02685,Analytics & Data,28
A02685,AI & ML,59
A02685,Security,55
A02685,Applications,42
A02685,Integration,73
A02686,Infrastructure,61
A02686,Database,40
A02686,Analytics & Data,18
A02686,AI & ML,22
A02686,Security,58
A02686,Applications,49
A02686,Integration,67
A02687,Infrastructure,53
A02687,Database,67
A02687,Analytics & Data,100
A02687,AI & ML,87
A02687,Security,100
A02687,Applications,18
A02687,Integration,62
A02688,Infrastructure,46
A02688,Database,81
A02688,Analytics & Data,46
A02688,AI & ML,76
A02688,Security,66
A02688,Applications,71
A02688,Integration,76
A02689,Infrastructure,100
A02689,Database,99
A02689,Analytics & Data,98
A02689,AI & ML,92
A02689,Security,100
A02689,Applications,94
A02689,Integration,83
A02690,Infrastructure,15
A02690,Database,98
A02690,Analytics & Data,22
A02690,AI & ML,82
A02690,Security,48
A02690,Applications,33
A02690,Integration,60
A02691,Infrastructure,91
A02691,Database,73
A02691,Analytics & Data,70
A02691,AI & ML,79
A02691,Security,23
A02691,Applications,93
A02691,Integration,88
A02692,Infrastructure,20
A02692,Database,55
A02692,Analytics & Data,17
A02692,AI & ML,41
A02692,Security,70
A02692,Applications,12
A02692,Integration,28
A02693,Infrastructure,12
A02693,Database,14
A02693,Analytics & Data,98
A02693,AI & ML,14
A02693,Security,94
A02693,Applications,89
A02693,Integration,22
A02694,Infrastructure,89
A02694,Database,16
A02694,Analytics & Data,19
A02694,AI & ML,48
A02694,Security,41
A02694,Applications,14
A02694,Integration,32
A02695,Infrastructure,100
A02695,Database,99
A02695,Analytics & Data,92
A02695,AI & ML,87
A02695,Security,97
A02695,Applications,70
A02695,Integration,99
A02696,Infrastructure,100
A02696,Database,80
A02696,Analytics & Data,77
A02696,AI & ML,97
A02696,Security,85
A02696,Applications,91
A02696,Integration,91
A02697,Infrastructure,97
A02697,Database,98
A02697,Analytics & Data,85
A02697,AI & ML,90
A02697,Security,99
A02697,Applications,99
A02697,Integration,72
A02698,Infrastructure,100
A02698,Database,85
A02698,Analytics & Data,81
A02698,AI & ML,94
A02698,Security,15
A02698,Applications,76
A02698,Integration,77
A02699,Infrastructure,68
A02699,Database,84
A02699,Analytics & Data,80
A02699,AI & ML,35
A02699,Security,56
A02699,Applications,90
A02699,Integration,55
A02700,Infrastructure,92
A02700,Database,83
A02700,Analytics & Data,83
A02700,AI & ML,21
A02700,Security,84
A02700,Applications,67
A02700,Integration,90
A02701,Infrastructure,45
A02701,Database,89
A02701,Analytics & Data,18
A02701,AI & ML,51
A02701,Security,40
A02701,Applications,76
A02701,Integration,76
A02702,Infrastructure,100
A02702,Database,100
A02702,Analytics & Data,98
A02702,AI & ML,97
A02702,Security,41
A02702,Applications,99
A02702,Integration,83
A02703,Infrastructure,98
A02703,Database,97
A02703,Analytics & Data,50
A02703,AI & ML,93
A02703,Security,89
A02703,Applications,88
A02703,Integration,64
A02704,Infrastructure,93
A02704,Database,53
A02704,Analytics & Data,84
A02704,AI & ML,40
A02704,Security,24
A02704,Applications,73
A02704,Integration,28
A02705,Infrastructure,68
A02705,Database,24
A02705,Analytics & Data,67
A02705,AI & ML,25
A02705,Security,92
A02705,Applications,55
A02705,Integration,71
A02706,Infrastructure,50
A02706,Database,37
A02706,Analytics & Data,13
A02706,AI & ML,30
A02706,Security,33
A02706,Applications,40
A02706,Integration,47
A02707,Infrastructure,15
A02707,Database,73
A02707,Analytics & Data,94
A02707,AI & ML,51
A02707,Security,72
A02707,Applications,33
A02707,Integration,47
A02708,Infrastructure,11
A02708,Database,36
A02708,Analytics & Data,61
A02708,AI & ML,38
A02708,Security,28
A02708,Applications,49
A02708,Integration,56
A02709,Infrastructure,36
A02709,Database,72
A02709,Analytics & Data,99
A02709,AI & ML,68
A02709,Security,97
A02709,Applications,99
A02709,Integration,78
A02710,Infrastructure,97
A02710,Database,78
A02710,Analytics & Data,99
A02710,AI & ML,84
A02710,Security,97
A02710,Applications,97
A02710,Integration,100
A02711,Infrastructure,97
A02711,Database,91
A02711,Analytics & Data,76
A02711,AI & ML,94
A02711,Security,85
A02711,Applications,87
A02711,Integration,82
A02712,Infrastructure,40
A02712,Database,15
A02712,Analytics & Data,38
A02712,AI & ML,22
A02712,Security,37
A02712,Applications,34
A02712,Integration,14
A02713,Infrastructure,79
A02713,Database,92
A02713,Analytics & Data,50
A02713,AI & ML,93
A02713,Security,77
A02713,Applications,45
A02713,Integration,70
A02714,Infrastructure,65
A02714,Database,25
A02714,Analytics & Data,72
A02714,AI & ML,14
A02714,Security,40
A02714,Applications,36
A02714,Integration,66
A02715,Infrastructure,24
A02715,Database,71
A02715,Analytics & Data,71
A02715,AI & ML,57
A02715,Security,88
A02715,Applications,48
A02715,Integration,59
A02716,Infrastructure,62
A02716,Database,46
A02716,Analytics & Data,68
A02716,AI & ML,89
A02716,Security,66
A02716,Applications,69
A02716,Integration,45
A02717,Infrastructure,47
A02717,Database,57
A02717,Analytics & Data,59
A02717,AI & ML,94
A02717,Security,42
A02717,Applications,53
A02717,Integration,26
A02718,Infrastructure,93
A02718,Database,59
A02718,Analytics & Data,83
A02718,AI & ML,82
A02718,Security,82
A02718,Applications,83
A02718,Integration,78
A02719,Infrastructure,93
A02719,Database,99
A02719,Analytics & Data,85
A02719,AI & ML,98
A02719,Security,79
A02719,Applications,81
A02719,Integration,97
A02720,Infrastructure,97
A02720,Database,81
A02720,Analytics & Data,82
A02720,AI & ML,100
A02720,Security,94
A02720,Applications,13
A02720,Integration,98
A02721,Infrastructure,90
A02721,Database,86
A02721,Analytics & Data,99
A02721,AI & ML,35
A02721,Security,76
A02721,Applications,92
A02721,Integration,78
A02722,Infrastructure,49
A02722,Database,15
A02722,Analytics & Data,35
A02722,AI & ML,64
A02722,Security,51
A02722,Applications,11
A02722,Integration,85
A02723,Infrastructure,13
A02723,Database,11
A02723,Analytics & Data,37
A02723,AI & ML,79
A02723,Security,28
A02723,Applications,41
A02723,Integration,33
A02724,Infrastructure,41
A02724,Database,32
A02724,Analytics & Data,13
A02724,AI & ML,69
A02724,Security,17
A02724,Applications,60
A02724,Integration,28
A02725,Infrastructure,53
A02725,Database,48
A02725,Analytics & Data,48
A02725,AI & ML,45
A02725,Security,54
A02725,Applications,93
A02725,Integration,70
A02726,Infrastructure,35
A02726,Database,38
A02726,Analytics & Data,76
A02726,AI & ML,32
A02726,Security,21
A02726,Applications,36
A02726,Integration,58
A02727,Infrastructure,29
A02727,Database,19
A02727,Analytics & Data,17
A02727,AI & ML,11
A02727,Security,56
A02727,Applications,13
A02727,Integration,24
A02728,Infrastructure,70
A02728,Database,33
A02728,Analytics & Data,88
A02728,AI & ML,62
A02728,Security,94
A02728,Applications,84
A02728,Integration,51
A02729,Infrastructure,71
A02729,Database,73
A02729,Analytics & Data,49
A02729,AI & ML,17
A02729,Security,10
A02729,Applications,45
A02729,Integration,37
A02730,Infrastructure,35
A02730,Database,14
A02730,Analytics & Data,39
A02730,AI & ML,12
A02730,Security,42
A02730,Applications,17
A02730,Integration,15
A02731,Infrastructure,97
A02731,Database,98
A02731,Analytics & Data,98
A02731,AI & ML,97
A02731,Security,98
A02731,Applications,68
A02731,Integration,99
A02732,Infrastructure,94
A02732,Database,57
A02732,Analytics & Data,76
A02732,AI & ML,90
A02732,Security,53
A02732,Applications,79
A02732,Integration,78
A02733,Infrastructure,69
A02733,Database,94
A02733,Analytics & Data,80
A02733,AI & ML,82
A02733,Security,27
A02733,Applications,39
A02733,Integration,86
A02734,Infrastructure,99
A02734,Database,73
A02734,Analytics & Data,93
A02734,AI & ML,86
A02734,Security,65
A02734,Applications,76
A02734,Integration,85
A02735,Infrastructure,77
A02735,Database,39
A02735,Analytics & Data,88
A02735,AI & ML,88
A02735,Security,90
A02735,Applications,79
A02735,Integration,82
A02736,Infrastructure,10
A02736,Database,35
A02736,Analytics & Data,60
A02736,AI & ML,25
A02736,Security,40
A02736,Applications,21
A02736,Integration,54
A02737,Infrastructure,69
A02737,Database,82
A02737,Analytics & Data,50
A02737,AI & ML,61
A02737,Security,46
A02737,Applications,49
A02737,Integration,33
A02738,Infrastructure,83
A02738,Database,73
A02738,Analytics & Data,48
A02738,AI & ML,93
A02738,Security,69
A02738,Applications,93
A02738,Integration,90
A02739,Infrastructure,20
A02739,Database,21
A02739,Analytics & Data,25
A02739,AI & ML,66
A02739,Security,15
A02739,Applications,37
A02739,Integration,37
A02740,Infrastructure,65
A02740,Database,82
A02740,Analytics & Data,72
A02740,AI & ML,88
A02740,Security,98
A02740,Applications,85
A02740,Integration,45
A02741,Infrastructure,46
A02741,Database,71
A02741,Analytics & Data,60
A02741,AI & ML,81
A02741,Security,60
A02741,Applications,65
A02741,Integration,27
A02742,Infrastructure,64
A02742,Database,11
A02742,Analytics & Data,60
A02742,AI & ML,15
A02742,Security,33
A02742,Applications,35
A02742,Integration,73
A02743,Infrastructure,66
A02743,Database,81
A02743,Analytics & Data,91
A02743,AI & ML,93
A02743,Security,87
A02743,Applications,59
A02743,Integration,56
A02744,Infrastructure,86
A02744,Database,45
A02744,Analytics & Data,64
A02744,AI & ML,91
A02744,Security,76
A02744,Applications,38
A02744,Integration,72
A02745,Infrastructure,40
A02745,Database,77
A02745,Analytics & Data,50
A02745,AI & ML,84
A02745,Security,49
A02745,Applications,58
A02745,Integration,100
A02746,Infrastructure,28
A02746,Database,67
A02746,Analytics & Data,56
A02746,AI & ML,32
A02746,Security,59
A02746,Applications,64
A02746,Integration,88
A02747,Infrastructure,84
A02747,Database,98
A02747,Analytics & Data,100
A02747,AI & ML,81
A02747,Security,81
A02747,Applications,77
A02747,Integration,83
A02748,Infrastructure,97
A02748,Database,63
A02748,Analytics & Data,37
A02748,AI & ML,99
A02748,Security,26
A02748,Applications,100
A02748,Integration,79
A02749,Infrastructure,76
A02749,Database,29
A02749,Analytics & Data,93
A02749,AI & ML,76
A02749,Security,94
A02749,Applications,79
A02749,Integration,99
A02750,Infrastructure,83
A02750,Database,72
A02750,Analytics & Data,48
A02750,AI & ML,58
A02750,Security,61
A02750,Applications,68
A02750,Integration,31
A02751,Infrastructure,89
A02751,Database,47
A02751,Analytics & Data,24
A02751,AI & ML,88
A02751,Security,32
A02751,Applications,15
A02751,Integration,45
A02752,Infrastructure,99
A02752,Database,99
A02752,Analytics & Data,88
A02752,AI & ML,81
A02752,Security,100
A02752,Applications,100
A02752,Integration,97
A02753,Infrastructure,93
A02753,Database,60
A02753,Analytics & Data,99
A02753,AI & ML,26
A02753,Security,62
A02753,Applications,71
A02753,Integration,77
A02754,Infrastructure,66
A02754,Database,31
A02754,Analytics & Data,46
A02754,AI & ML,17
A02754,Security,15
A02754,Applications,57
A02754,Integration,33
A02755,Infrastructure,84
A02755,Database,88
A02755,Analytics & Data,76
A02755,AI & ML,79
A02755,Security,77
A02755,Applications,92
A02755,Integration,100
A02756,Infrastructure,80
A02756,Database,61
A02756,Analytics & Data,46
A02756,AI & ML,76
A02756,Security,20
A02756,Applications,83
A02756,Integration,85
A02757,Infrastructure,15
A02757,Database,33
A02757,Analytics & Data,15
A02757,AI & ML,51
A02757,Security,21
A02757,Applications,22
A02757,Integration,39
A02758,Infrastructure,77
A02758,Database,89
A02758,Analytics & Data,83
A02758,AI & ML,81
A02758,Security,98
A02758,Applications,98
A02758,Integration,76
A02759,Infrastructure,81
A02759,Database,69
A02759,Analytics & Data,98
A02759,AI & ML,99
A02759,Security,80
A02759,Applications,98
A02759,Integration,84
A02760,Infrastructure,99
A02760,Database,99
A02760,Analytics & Data,100
A02760,AI & ML,49
A02760,Security,99
A02760,Applications,87
A02760,Integration,82
A02761,Infrastructure,53
A02761,Database,93
A02761,Analytics & Data,69
A02761,AI & ML,82
A02761,Security,73
A02761,Applications,54
A02761,Integration,22
A02762,Infrastructure,69
A02762,Database,23
A02762,Analytics & Data,71
A02762,AI & ML,21
A02762,Security,42
A02762,Applications,60
A02762,Integration,69
A02763,Infrastructure,29
A02763,Database,88
A02763,Analytics & Data,94
A02763,AI & ML,84
A02763,Security,77
A02763,Applications,52
A02763,Integration,11
A02764,Infrastructure,99
A02764,Database,100
A02764,Analytics & Data,23
A02764,AI & ML,97
A02764,Security,90
A02764,Applications,48
A02764,Integration,79
A02765,Infrastructure,93
A02765,Database,82
A02765,Analytics & Data,98
A02765,AI & ML,46
A02765,Security,85
A02765,Applications,97
A02765,Integration,72
A02766,Infrastructure,39
A02766,Database,66
A02766,Analytics & Data,29
A02766,AI & ML,34
A02766,Security,11
A02766,Applications,25
A02766,Integration,32
A02767,Infrastructure,68
A02767,Database,68
A02767,Analytics & Data,98
A02767,AI & ML,85
A02767,Security,54
A02767,Applications,89
A02767,Integration,93
A02768,Infrastructure,72
A02768,Database,21
A02768,Analytics & Data,50
A02768,AI & ML,66
A02768,Security,61
A02768,Applications,60
A02768,Integration,68
A02769,Infrastructure,82
A02769,Database,72
A02769,Analytics & Data,99
A02769,AI & ML,88
A02769,Security,47
A02769,Applications,65
A02769,Integration,90
A02770,Infrastructure,87
A02770,Database,77
A02770,Analytics & Data,83
A02770,AI & ML,56
A02770,Security,88
A02770,Applications,64
A02770,Integration,28
A02771,Infrastructure,99
A02771,Database,92
A02771,Analytics & Data,31
A02771,AI & ML,94
A02771,Security,99
A02771,Applications,100
A02771,Integration,68
A02772,Infrastructure,83
A02772,Database,89
A02772,Analytics & Data,77
A02772,AI & ML,37
A02772,Security,71
A02772,Applications,92
A02772,Integration,100
A02773,Infrastructure,97
A02773,Database,57
A02773,Analytics & Data,100
A02773,AI & ML,97
A02773,Security,97
A02773,Applications,86
A02773,Integration,84
A02774,Infrastructure,49
A02774,Database,45
A02774,Analytics & Data,60
A02774,AI & ML,60
A02774,Security,16
A02774,Applications,91
A02774,Integration,12
A02775,Infrastructure,50
A02775,Database,32
A02775,Analytics & Data,61
A02775,AI & ML,35
A02775,Security,83
A02775,Applications,71
A02775,Integration,25
A02776,Infrastructure,25
A02776,Database,23
A02776,Analytics & Data,30
A02776,AI & ML,35
A02776,Security,42
A02776,Applications,63
A02776,Integration,21
A02777,Infrastructure,55
A02777,Database,60
A02777,Analytics & Data,58
A02777,AI & ML,60
A02777,Security,54
A02777,Applications,39
A02777,Integration,71
A02778,Infrastructure,100
A02778,Database,79
A02778,Analytics & Data,99
A02778,AI & ML,76
A02778,Security,88
A02778,Applications,41
A02778,Integration,94
A02779,Infrastructure,89
A02779,Database,99
A02779,Analytics & Data,94
A02779,AI & ML,89
A02779,Security,79
A02779,Applications,59
A02779,Integration,80
A02780,Infrastructure,54
A02780,Database,31
A02780,Analytics & Data,61
A02780,AI & ML,51
A02780,Security,53
A02780,Applications,32
A02780,Integration,37
A02781,Infrastructure,13
A02781,Database,50
A02781,Analytics & Data,48
A02781,AI & ML,46
A02781,Security,72
A02781,Applications,77
A02781,Integration,58
A02782,Infrastructure,79
A02782,Database,93
A02782,Analytics & Data,38
A02782,AI & ML,50
A02782,Security,57
A02782,Applications,65
A02782,Integration,38
A02783,Infrastructure,62
A02783,Database,72
A02783,Analytics & Data,49
A02783,AI & ML,89
A02783,Security,84
A02783,Applications,85
A02783,Integration,77
A02784,Infrastructure,62
A02784,Database,57
A02784,Analytics & Data,62
A02784,AI & ML,49
A02784,Security,16
A02784,Applications,76
A02784,Integration,49
A02785,Infrastructure,52
A02785,Database,71
A02785,Analytics & Data,91
A02785,AI & ML,41
A02785,Security,67
A02785,Applications,79
A02785,Integration,68
A02786,Infrastructure,16
A02786,Database,12
A02786,Analytics & Data,25
A02786,AI & ML,56
A02786,Security,38
A02786,Applications,19
A02786,Integration,40
A02787,Infrastructure,63
A02787,Database,61
A02787,Analytics & Data,70
A02787,AI & ML,57
A02787,Security,67
A02787,Applications,68
A02787,Integration,23
A02788,Infrastructure,97
A02788,Database,98
A02788,Analytics & Data,99
A02788,AI & ML,98
A02788,Security,85
A02788,Applications,98
A02788,Integration,79
A02789,Infrastructure,86
A02789,Database,73
A02789,Analytics & Data,97
A02789,AI & ML,87
A02789,Security,82
A02789,Applications,93
A02789,Integration,76
A02790,Infrastructure,40
A02790,Database,19
A02790,Analytics & Data,22
A02790,AI & ML,26
A02790,Security,21
A02790,Applications,39
A02790,Integration,41
A02791,Infrastructure,80
A02791,Database,34
A02791,Analytics & Data,48
A02791,AI & ML,98
A02791,Security,86
A02791,Applications,78
A02791,Integration,60
A02792,Infrastructure,70
A02792,Database,59
A02792,Analytics & Data,90
A02792,AI & ML,47
A02792,Security,97
A02792,Applications,62
A02792,Integration,19
A02793,Infrastructure,73
A02793,Database,82
A02793,Analytics & Data,83
A02793,AI & ML,64
A02793,Security,80
A02793,Applications,97
A02793,Integration,87
A02794,Infrastructure,23
A02794,Database,32
A02794,Analytics & Data,11
A02794,AI & ML,30
A02794,Security,31
A02794,Applications,61
A02794,Integration,10
A02795,Infrastructure,62
A02795,Database,64
A02795,Analytics & Data,60
A02795,AI & ML,81
A02795,Security,93
A02795,Applications,60
A02795,Integration,57
A02796,Infrastructure,79
A02796,Database,87
A02796,Analytics & Data,52
A02796,AI & ML,98
A02796,Security,83
A02796,Applications,87
A02796,Integration,85
A02797,Infrastructure,99
A02797,Database,87
A02797,Analytics & Data,60
A02797,AI & ML,32
A02797,Security,84
A02797,Applications,78
A02797,Integration,93
A02798,Infrastructure,99
A02798,Database,56
A02798,Analytics & Data,99
A02798,AI & ML,81
A02798,Security,93
A02798,Applications,91
A02798,Integration,99
A02799,Infrastructure,45
A02799,Database,23
A02799,Analytics & Data,57
A02799,AI & ML,33
A02799,Security,72
A02799,Applications,33
A02799,Integration,24
A02800,Infrastructure,98
A02800,Database,92
A02800,Analytics & Data,97
A02800,AI & ML,81
A02800,Security,59
A02800,Applications,99
A02800,Integration,99
A02801,Infrastructure,97
A02801,Database,97
A02801,Analytics & Data,99
A02801,AI & ML,99
A02801,Security,98
A02801,Applications,99
A02801,Integration,97
A02802,Infrastructure,59
A02802,Database,47
A02802,Analytics & Data,97
A02802,AI & ML,78
A02802,Security,77
A02802,Applications,82
A02802,Integration,81
A02803,Infrastructure,19
A02803,Database,10
A02803,Analytics & Data,16
A02803,AI & ML,23
A02803,Security,25
A02803,Applications,36
A02803,Integration,32
A02804,Infrastructure,62
A02804,Database,97
A02804,Analytics & Data,93
A02804,AI & ML,82
A02804,Security,100
A02804,Applications,100
A02804,Integration,80
A02805,Infrastructure,22
A02805,Database,34
A02805,Analytics & Data,16
A02805,AI & ML,22
A02805,Security,27
A02805,Applications,38
A02805,Integration,45
A02806,Infrastructure,79
A02806,Database,61
A02806,Analytics & Data,87
A02806,AI & ML,14
A02806,Security,76
A02806,Applications,51
A02806,Integration,99
A02807,Infrastructure,38
A02807,Database,64
A02807,Analytics & Data,24
A02807,AI & ML,19
A02807,Security,77
A02807,Applications,38
A02807,Integration,19
A02808,Infrastructure,53
A02808,Database,19
A02808,Analytics & Data,70
A02808,AI & ML,28
A02808,Security,53
A02808,Applications,40
A02808,Integration,50
A02809,Infrastructure,50
A02809,Database,72
A02809,Analytics & Data,68
A02809,AI & ML,13
A02809,Security,56
A02809,Applications,62
A02809,Integration,29
A02810,Infrastructure,50
A02810,Database,82
A02810,Analytics & Data,87
A02810,AI & ML,15
A02810,Security,53
A02810,Applications,58
A02810,Integration,72
A02811,Infrastructure,98
A02811,Database,100
A02811,Analytics & Data,98
A02811,AI & ML,47
A02811,Security,99
A02811,Applications,88
A02811,Integration,98
A02812,Infrastructure,46
A02812,Database,45
A02812,Analytics & Data,57
A02812,AI & ML,83
A02812,Security,65
A02812,Applications,68
A02812,Integration,45
A02813,Infrastructure,49
A02813,Database,46
A02813,Analytics & Data,88
A02813,AI & ML,90
A02813,Security,23
A02813,Applications,69
A02813,Integration,91
A02814,Infrastructure,65
A02814,Database,70
A02814,Analytics & Data,91
A02814,AI & ML,59
A02814,Security,31
A02814,Applications,97
A02814,Integration,57
A02815,Infrastructure,26
A02815,Database,78
A02815,Analytics & Data,45
A02815,AI & ML,70
A02815,Security,37
A02815,Applications,88
A02815,Integration,66
A02816,Infrastructure,89
A02816,Database,10
A02816,Analytics & Data,52
A02816,AI & ML,52
A02816,Security,45
A02816,Applications,62
A02816,Integration,14
A02817,Infrastructure,77
A02817,Database,94
A02817,Analytics & Data,76
A02817,AI & ML,76
A02817,Security,82
A02817,Applications,99
A02817,Integration,77
A02818,Infrastructure,91
A02818,Database,98
A02818,Analytics & Data,78
A02818,AI & ML,65
A02818,Security,81
A02818,Applications,100
A02818,Integration,98
A02819,Infrastructure,97
A02819,Database,80
A02819,Analytics & Data,98
A02819,AI & ML,90
A02819,Security,97
A02819,Applications,77
A02819,Integration,90
A02820,Infrastructure,92
A02820,Database,63
A02820,Analytics & Data,69
A02820,AI & ML,39
A02820,Security,84
A02820,Applications,80
A02820,Integration,54
A02821,Infrastructure,40
A02821,Database,10
A02821,Analytics & Data,29
A02821,AI & ML,52
A02821,Security,41
A02821,Applications,10
A02821,Integration,67
A02822,Infrastructure,88
A02822,Database,89
A02822,Analytics & Data,48
A02822,AI & ML,77
A02822,Security,70
A02822,Applications,23
A02822,Integration,59
A02823,Infrastructure,86
A02823,Database,91
A02823,Analytics & Data,55
A02823,AI & ML,89
A02823,Security,58
A02823,Applications,49
A02823,Integration,94
A02824,Infrastructure,41
A02824,Database,25
A02824,Analytics & Data,29
A02824,AI & ML,65
A02824,Security,36
A02824,Applications,30
A02824,Integration,31
A02825,Infrastructure,78
A02825,Database,97
A02825,Analytics & Data,64
A02825,AI & ML,97
A02825,Security,100
A02825,Applications,98
A02825,Integration,89
A02826,Infrastructure,80
A02826,Database,55
A02826,Analytics & Data,58
A02826,AI & ML,89
A02826,Security,56
A02826,Applications,60
A02826,Integration,62
A02827,Infrastructure,47
A02827,Database,100
A02827,Analytics & Data,79
A02827,AI & ML,45
A02827,Security,65
A02827,Applications,58
A02827,Integration,97
A02828,Infrastructure,18
A02828,Database,52
A02828,Analytics & Data,22
A02828,AI & ML,58
A02828,Security,25
A02828,Applications,19
A02828,Integration,53
A02829,Infrastructure,59
A02829,Database,23
A02829,Analytics & Data,84
A02829,AI & ML,13
A02829,Security,27
A02829,Applications,67
A02829,Integration,30
A02830,Infrastructure,88
A02830,Database,82
A02830,Analytics & Data,60
A02830,AI & ML,81
A02830,Security,53
A02830,Applications,100
A02830,Integration,94
A02831,Infrastructure,88
A02831,Database,60
A02831,Analytics & Data,25
A02831,AI & ML,37
A02831,Security,42
A02831,Applications,19
A02831,Integration,28
A02832,Infrastructure,58
A02832,Database,63
A02832,Analytics & Data,63
A02832,AI & ML,89
A02832,Security,63
A02832,Applications,15
A02832,Integration,22
A02833,Infrastructure,58
A02833,Database,92
A02833,Analytics & Data,56
A02833,AI & ML,94
A02833,Security,90
A02833,Applications,50
A02833,Integration,78
A02834,Infrastructure,97
A02834,Database,81
A02834,Analytics & Data,83
A02834,AI & ML,76
A02834,Security,94
A02834,Applications,100
A02834,Integration,50
A02835,Infrastructure,83
A02835,Database,79
A02835,Analytics & Data,84
A02835,AI & ML,58
A02835,Security,91
A02835,Applications,61
A02835,Integration,93
A02836,Infrastructure,76
A02836,Database,51
A02836,Analytics & Data,32
A02836,AI & ML,40
A02836,Security,57
A02836,Applications,71
A02836,Integration,20
A02837,Infrastructure,97
A02837,Database,100
A02837,Analytics & Data,98
A02837,AI & ML,70
A02837,Security,99
A02837,Applications,100
A02837,Integration,97
A02838,Infrastructure,85
A02838,Database,90
A02838,Analytics & Data,66
A02838,AI & ML,50
A02838,Security,68
A02838,Applications,98
A02838,Integration,88
A02839,Infrastructure,100
A02839,Database,83
A02839,Analytics & Data,48
A02839,AI & ML,47
A02839,Security,58
A02839,Applications,65
A02839,Integration,97
A02840,Infrastructure,97
A02840,Database,89
A02840,Analytics & Data,79
A02840,AI & ML,85
A02840,Security,83
A02840,Applications,61
A02840,Integration,49
A02841,Infrastructure,16
A02841,Database,42
A02841,Analytics & Data,19
A02841,AI & ML,12
A02841,Security,33
A02841,Applications,33
A02841,Integration,24
A02842,Infrastructure,97
A02842,Database,100
A02842,Analytics & Data,99
A02842,AI & ML,97
A02842,Security,100
A02842,Applications,99
A02842,Integration,89
A02843,Infrastructure,72
A02843,Database,69
A02843,Analytics & Data,20
A02843,AI & ML,70
A02843,Security,48
A02843,Applications,67
A02843,Integration,55
A02844,Infrastructure,100
A02844,Database,100
A02844,Analytics & Data,79
A02844,AI & ML,97
A02844,Security,99
A02844,Applications,99
A02844,Integration,81
A02845,Infrastructure,50
A02845,Database,58
A02845,Analytics & Data,78
A02845,AI & ML,84
A02845,Security,77
A02845,Applications,28
A02845,Integration,33
A02846,Infrastructure,98
A02846,Database,88
A02846,Analytics & Data,98
A02846,AI & ML,99
A02846,Security,98
A02846,Applications,91
A02846,Integration,99
A02847,Infrastructure,98
A02847,Database,77
A02847,Analytics & Data,99
A02847,AI & ML,79
A02847,Security,99
A02847,Applications,86
A02847,Integration,64
A02848,Infrastructure,80
A02848,Database,65
A02848,Analytics & Data,87
A02848,AI & ML,87
A02848,Security,71
A02848,Applications,76
A02848,Integration,85
A02849,Infrastructure,25
A02849,Database,93
A02849,Analytics & Data,50
A02849,AI & ML,77
A02849,Security,93
A02849,Applications,79
A02849,Integration,82
A02850,Infrastructure,98
A02850,Database,86
A02850,Analytics & Data,51
A02850,AI & ML,58
A02850,Security,90
A02850,Applications,48
A02850,Integration,83
A02851,Infrastructure,91
A02851,Database,88
A02851,Analytics & Data,63
A02851,AI & ML,93
A02851,Security,88
A02851,Applications,94
A02851,Integration,93
A02852,Infrastructure,36
A02852,Database,57
A02852,Analytics & Data,62
A02852,AI & ML,15
A02852,Security,91
A02852,Applications,41
A02852,Integration,42
A02853,Infrastructure,41
A02853,Database,29
A02853,Analytics & Data,31
A02853,AI & ML,32
A02853,Security,67
A02853,Applications,28
A02853,Integration,46
A02854,Infrastructure,94
A02854,Database,51
A02854,Analytics & Data,64
A02854,AI & ML,99
A02854,Security,84
A02854,Applications,53
A02854,Integration,87
A02855,Infrastructure,92
A02855,Database,57
A02855,Analytics & Data,64
A02855,AI & ML,45
A02855,Security,78
A02855,Applications,88
A02855,Integration,52
A02856,Infrastructure,100
A02856,Database,81
A02856,Analytics & Data,98
A02856,AI & ML,98
A02856,Security,100
A02856,Applications,100
A02856,Integration,93
A02857,Infrastructure,97
A02857,Database,97
A02857,Analytics & Data,49
A02857,AI & ML,98
A02857,Security,97
A02857,Applications,98
A02857,Integration,97
A02858,Infrastructure,80
A02858,Database,91
A02858,Analytics & Data,83
A02858,AI & ML,92
A02858,Security,84
A02858,Applications,89
A02858,Integration,83
A02859,Infrastructure,42
A02859,Database,77
A02859,Analytics & Data,93
A02859,AI & ML,97
A02859,Security,83
A02859,Applications,76
A02859,Integration,98
A02860,Infrastructure,76
A02860,Database,84
A02860,Analytics & Data,94
A02860,AI & ML,80
A02860,Security,86
A02860,Applications,100
A02860,Integration,72
A02861,Infrastructure,76
A02861,Database,10
A02861,Analytics & Data,16
A02861,AI & ML,85
A02861,Security,76
A02861,Applications,53
A02861,Integration,62
A02862,Infrastructure,90
A02862,Database,81
A02862,Analytics & Data,85
A02862,AI & ML,85
A02862,Security,84
A02862,Applications,66
A02862,Integration,49
A02863,Infrastructure,68
A02863,Database,88
A02863,Analytics & Data,81
A02863,AI & ML,73
A02863,Security,99
A02863,Applications,94
A02863,Integration,88
A02864,Infrastructure,99
A02864,Database,69
A02864,Analytics & Data,91
A02864,AI & ML,69
A02864,Security,86
A02864,Applications,69
A02864,Integration,89
A02865,Infrastructure,98
A02865,Database,32
A02865,Analytics & Data,77
A02865,AI & ML,97
A02865,Security,48
A02865,Applications,47
A02865,Integration,97
A02866,Infrastructure,89
A02866,Database,76
A02866,Analytics & Data,52
A02866,AI & ML,51
A02866,Security,90
A02866,Applications,73
A02866,Integration,68
A02867,Infrastructure,87
A02867,Database,91
A02867,Analytics & Data,77
A02867,AI & ML,99
A02867,Security,63
A02867,Applications,93
A02867,Integration,99
A02868,Infrastructure,70
A02868,Database,59
A02868,Analytics & Data,63
A02868,AI & ML,22
A02868,Security,65
A02868,Applications,37
A02868,Integration,11
A02869,Infrastructure,10
A02869,Database,33
A02869,Analytics & Data,18
A02869,AI & ML,30
A02869,Security,26
A02869,Applications,72
A02869,Integration,39
A02870,Infrastructure,87
A02870,Database,80
A02870,Analytics & Data,98
A02870,AI & ML,66
A02870,Security,90
A02870,Applications,78
A02870,Integration,99
A02871,Infrastructure,90
A02871,Database,93
A02871,Analytics & Data,84
A02871,AI & ML,57
A02871,Security,98
A02871,Applications,97
A02871,Integration,93
A02872,Infrastructure,98
A02872,Database,91
A02872,Analytics & Data,64
A02872,AI & ML,97
A02872,Security,97
A02872,Applications,39
A02872,Integration,50
A02873,Infrastructure,40
A02873,Database,38
A02873,Analytics & Data,45
A02873,AI & ML,39
A02873,Security,33
A02873,Applications,21
A02873,Integration,51
A02874,Infrastructure,10
A02874,Database,47
A02874,Analytics & Data,29
A02874,AI & ML,37
A02874,Security,35
A02874,Applications,23
A02874,Integration,23
A02875,Infrastructure,62
A02875,Database,37
A02875,Analytics & Data,13
A02875,AI & ML,26
A02875,Security,11
A02875,Applications,32
A02875,Integration,40
A02876,Infrastructure,91
A02876,Database,97
A02876,Analytics & Data,100
A02876,AI & ML,97
A02876,Security,93
A02876,Applications,98
A02876,Integration,97
A02877,Infrastructure,73
A02877,Database,16
A02877,Analytics & Data,61
A02877,AI & ML,61
A02877,Security,93
A02877,Applications,49
A02877,Integration,92
A02878,Infrastructure,79
A02878,Database,97
A02878,Analytics & Data,89
A02878,AI & ML,90
A02878,Security,83
A02878,Applications,99
A02878,Integration,52
A02879,Infrastructure,15
A02879,Database,99
A02879,Analytics & Data,50
A02879,AI & ML,51
A02879,Security,90
A02879,Applications,89
A02879,Integration,99
A02880,Infrastructure,79
A02880,Database,83
A02880,Analytics & Data,100
A02880,AI & ML,77
A02880,Security,52
A02880,Applications,56
A02880,Integration,87
A02881,Infrastructure,20
A02881,Database,86
A02881,Analytics & Data,10
A02881,AI & ML,29
A02881,Security,30
A02881,Applications,38
A02881,Integration,23
A02882,Infrastructure,38
A02882,Database,42
A02882,Analytics & Data,41
A02882,AI & ML,47
A02882,Security,38
A02882,Applications,72
A02882,Integration,84
A02883,Infrastructure,77
A02883,Database,46
A02883,Analytics & Data,84
A02883,AI & ML,71
A02883,Security,73
A02883,Applications,62
A02883,Integration,72
A02884,Infrastructure,72
A02884,Database,32
A02884,Analytics & Data,19
A02884,AI & ML,39
A02884,Security,21
A02884,Applications,52
A02884,Integration,68
A02885,Infrastructure,13
A02885,Database,84
A02885,Analytics & Data,29
A02885,AI & ML,52
A02885,Security,59
A02885,Applications,64
A02885,Integration,91
A02886,Infrastructure,68
A02886,Database,54
A02886,Analytics & Data,91
A02886,AI & ML,97
A02886,Security,89
A02886,Applications,83
A02886,Integration,84
A02887,Infrastructure,78
A02887,Database,71
A02887,Analytics & Data,11
A02887,AI & ML,53
A02887,Security,64
A02887,Applications,41
A02887,Integration,55
A02888,Infrastructure,11
A02888,Database,57
A02888,Analytics & Data,64
A02888,AI & ML,82
A02888,Security,20
A02888,Applications,11
A02888,Integration,70
A02889,Infrastructure,85
A02889,Database,58
A02889,Analytics & Data,99
A02889,AI & ML,84
A02889,Security,93
A02889,Applications,99
A02889,Integration,81
A02890,Infrastructure,17
A02890,Database,59
A02890,Analytics & Data,89
A02890,AI & ML,64
A02890,Security,38
A02890,Applications,27
A02890,Integration,62
A02891,Infrastructure,93
A02891,Database,82
A02891,Analytics & Data,48
A02891,AI & ML,42
A02891,Security,10
A02891,Applications,58
A02891,Integration,86
A02892,Infrastructure,28
A02892,Database,15
A02892,Analytics & Data,46
A02892,AI & ML,27
A02892,Security,41
A02892,Applications,37
A02892,Integration,15
A02893,Infrastructure,88
A02893,Database,26
A02893,Analytics & Data,100
A02893,AI & ML,92
A02893,Security,98
A02893,Applications,61
A02893,Integration,84
A02894,Infrastructure,28
A02894,Database,52
A02894,Analytics & Data,91
A02894,AI & ML,51
A02894,Security,45
A02894,Applications,63
A02894,Integration,100
A02895,Infrastructure,81
A02895,Database,68
A02895,Analytics & Data,88
A02895,AI & ML,93
A02895,Security,63
A02895,Applications,62
A02895,Integration,76
A02896,Infrastructure,100
A02896,Database,97
A02896,Analytics & Data,100
A02896,AI & ML,93
A02896,Security,98
A02896,Applications,68
A02896,Integration,91
A02897,Infrastructure,56
A02897,Database,38
A02897,Analytics & Data,90
A02897,AI & ML,88
A02897,Security,94
A02897,Applications,54
A02897,Integration,94
A02898,Infrastructure,63
A02898,Database,78
A02898,Analytics & Data,60
A02898,AI & ML,81
A02898,Security,82
A02898,Applications,79
A02898,Integration,99
A02899,Infrastructure,100
A02899,Database,84
A02899,Analytics & Data,97
A02899,AI & ML,90
A02899,Security,16
A02899,Applications,100
A02899,Integration,98
A02900,Infrastructure,55
A02900,Database,48
A02900,Analytics & Data,71
A02900,AI & ML,67
A02900,Security,40
A02900,Applications,45
A02900,Integration,60
A02901,Infrastructure,11
A02901,Database,26
A02901,Analytics & Data,31
A02901,AI & ML,18
A02901,Security,23
A02901,Applications,73
A02901,Integration,23
A02902,Infrastructure,62
A02902,Database,12
A02902,Analytics & Data,38
A02902,AI & ML,56
A02902,Security,41
A02902,Applications,31
A02902,Integration,32
A02903,Infrastructure,97
A02903,Database,80
A02903,Analytics & Data,100
A02903,AI & ML,64
A02903,Security,99
A02903,Applications,86
A02903,Integration,67
A02904,Infrastructure,55
A02904,Database,10
A02904,Analytics & Data,61
A02904,AI & ML,64
A02904,Security,70
A02904,Applications,63
A02904,Integration,78
A02905,Infrastructure,62
A02905,Database,54
A02905,Analytics & Data,67
A02905,AI & ML,56
A02905,Security,51
A02905,Applications,42
A02905,Integration,24
A02906,Infrastructure,30
A02906,Database,19
A02906,Analytics & Data,16
A02906,AI & ML,23
A02906,Security,90
A02906,Applications,16
A02906,Integration,31
A02907,Infrastructure,53
A02907,Database,13
A02907,Analytics & Data,90
A02907,AI & ML,60
A02907,Security,68
A02907,Applications,59
A02907,Integration,89
A02908,Infrastructure,41
A02908,Database,87
A02908,Analytics & Data,89
A02908,AI & ML,70
A02908,Security,58
A02908,Applications,22
A02908,Integration,70
A02909,Infrastructure,78
A02909,Database,92
A02909,Analytics & Data,71
A02909,AI & ML,49
A02909,Security,97
A02909,Applications,99
A02909,Integration,100
A02910,Infrastructure,13
A02910,Database,31
A02910,Analytics & Data,31
A02910,AI & ML,73
A02910,Security,73
A02910,Applications,17
A02910,Integration,47
A02911,Infrastructure,84
A02911,Database,31
A02911,Analytics & Data,37
A02911,AI & ML,41
A02911,Security,46
A02911,Applications,62
A02911,Integration,28
A02912,Infrastructure,83
A02912,Database,58
A02912,Analytics & Data,60
A02912,AI & ML,35
A02912,Security,54
A02912,Applications,61
A02912,Integration,36
A02913,Infrastructure,20
A02913,Database,26
A02913,Analytics & Data,24
A02913,AI & ML,62
A02913,Security,64
A02913,Applications,27
A02913,Integration,31
A02914,Infrastructure,56
A02914,Database,53
A02914,Analytics & Data,58
A02914,AI & ML,24
A02914,Security,53
A02914,Applications,84
A02914,Integration,52
A02915,Infrastructure,87
A02915,Database,79
A02915,Analytics & Data,55
A02915,AI & ML,93
A02915,Security,97
A02915,Applications,76
A02915,Integration,76
A02916,Infrastructure,72
A02916,Database,32
A02916,Analytics & Data,35
A02916,AI & ML,36
A02916,Security,41
A02916,Applications,71
A02916,Integration,57
A02917,Infrastructure,49
A02917,Database,71
A02917,Analytics & Data,88
A02917,AI & ML,28
A02917,Security,34
A02917,Applications,73
A02917,Integration,56
A02918,Infrastructure,17
A02918,Database,13
A02918,Analytics & Data,12
A02918,AI & ML,27
A02918,Security,12
A02918,Applications,21
A02918,Integration,24
A02919,Infrastructure,67
A02919,Database,87
A02919,Analytics & Data,78
A02919,AI & ML,78
A02919,Security,90
A02919,Applications,84
A02919,Integration,100
A02920,Infrastructure,62
A02920,Database,88
A02920,Analytics & Data,70
A02920,AI & ML,52
A02920,Security,76
A02920,Applications,70
A02920,Integration,51
A02921,Infrastructure,89
A02921,Database,58
A02921,Analytics & Data,97
A02921,AI & ML,52
A02921,Security,99
A02921,Applications,99
A02921,Integration,81
A02922,Infrastructure,28
A02922,Database,71
A02922,Analytics & Data,70
A02922,AI & ML,18
A02922,Security,30
A02922,Applications,19
A02922,Integration,14
A02923,Infrastructure,94
A02923,Database,46
A02923,Analytics & Data,66
A02923,AI & ML,93
A02923,Security,46
A02923,Applications,11
A02923,Integration,67
A02924,Infrastructure,55
A02924,Database,45
A02924,Analytics & Data,23
A02924,AI & ML,11
A02924,Security,21
A02924,Applications,49
A02924,Integration,17
A02925,Infrastructure,84
A02925,Database,28
A02925,Analytics & Data,87
A02925,AI & ML,47
A02925,Security,76
A02925,Applications,99
A02925,Integration,60
A02926,Infrastructure,92
A02926,Database,87
A02926,Analytics & Data,69
A02926,AI & ML,89
A02926,Security,87
A02926,Applications,97
A02926,Integration,92
A02927,Infrastructure,55
A02927,Database,53
A02927,Analytics & Data,77
A02927,AI & ML,53
A02927,Security,10
A02927,Applications,64
A02927,Integration,67
A02928,Infrastructure,52
A02928,Database,28
A02928,Analytics & Data,65
A02928,AI & ML,36
A02928,Security,15
A02928,Applications,24
A02928,Integration,38
A02929,Infrastructure,83
A02929,Database,85
A02929,Analytics & Data,90
A02929,AI & ML,88
A02929,Security,69
A02929,Applications,94
A02929,Integration,99
A02930,Infrastructure,91
A02930,Database,90
A02930,Analytics & Data,80
A02930,AI & ML,16
A02930,Security,81
A02930,Applications,56
A02930,Integration,93
A02931,Infrastructure,76
A02931,Database,38
A02931,Analytics & Data,48
A02931,AI & ML,18
A02931,Security,37
A02931,Applications,22
A02931,Integration,62
A02932,Infrastructure,34
A02932,Database,45
A02932,Analytics & Data,10
A02932,AI & ML,63
A02932,Security,65
A02932,Applications,94
A02932,Integration,70
A02933,Infrastructure,86
A02933,Database,92
A02933,Analytics & Data,64
A02933,AI & ML,98
A02933,Security,97
A02933,Applications,99
A02933,Integration,78
A02934,Infrastructure,42
A02934,Database,62
A02934,Analytics & Data,79
A02934,AI & ML,88
A02934,Security,93
A02934,Applications,99
A02934,Integration,47
A02935,Infrastructure,55
A02935,Database,67
A02935,Analytics & Data,31
A02935,AI & ML,21
A02935,Security,69
A02935,Applications,50
A02935,Integration,68
A02936,Infrastructure,70
A02936,Database,42
A02936,Analytics & Data,32
A02936,AI & ML,33
A02936,Security,12
A02936,Applications,50
A02936,Integration,32
A02937,Infrastructure,67
A02937,Database,61
A02937,Analytics & Data,20
A02937,AI & ML,31
A02937,Security,57
A02937,Applications,35
A02937,Integration,41
A02938,Infrastructure,99
A02938,Database,93
A02938,Analytics & Data,66
A02938,AI & ML,82
A02938,Security,51
A02938,Applications,84
A02938,Integration,92
A02939,Infrastructure,89
A02939,Database,80
A02939,Analytics & Data,92
A02939,AI & ML,88
A02939,Security,97
A02939,Applications,85
A02939,Integration,90
A02940,Infrastructure,91
A02940,Database,59
A02940,Analytics & Data,98
A02940,AI & ML,76
A02940,Security,86
A02940,Applications,92
A02940,Integration,86
A02941,Infrastructure,11
A02941,Database,91
A02941,Analytics & Data,100
A02941,AI & ML,50
A02941,Security,79
A02941,Applications,89
A02941,Integration,94
A02942,Infrastructure,46
A02942,Database,42
A02942,Analytics & Data,11
A02942,AI & ML,51
A02942,Security,23
A02942,Applications,30
A02942,Integration,34
A02943,Infrastructure,61
A02943,Database,37
A02943,Analytics & Data,87
A02943,AI & ML,81
A02943,Security,67
A02943,Applications,34
A02943,Integration,45
A02944,Infrastructure,87
A02944,Database,85
A02944,Analytics & Data,70
A02944,AI & ML,18
A02944,Security,91
A02944,Applications,92
A02944,Integration,71
A02945,Infrastructure,62
A02945,Database,33
A02945,Analytics & Data,79
A02945,AI & ML,64
A02945,Security,23
A02945,Applications,50
A02945,Integration,63
A02946,Infrastructure,98
A02946,Database,66
A02946,Analytics & Data,76
A02946,AI & ML,97
A02946,Security,100
A02946,Applications,100
A02946,Integration,88
A02947,Infrastructure,100
A02947,Database,99
A02947,Analytics & Data,99
A02947,AI & ML,100
A02947,Security,92
A02947,Applications,98
A02947,Integration,99
A02948,Infrastructure,76
A02948,Database,81
A02948,Analytics & Data,94
A02948,AI & ML,80
A02948,Security,83
A02948,Applications,83
A02948,Integration,84
A02949,Infrastructure,69
A02949,Database,45
A02949,Analytics & Data,67
A02949,AI & ML,21
A02949,Security,59
A02949,Applications,87
A02949,Integration,58
A02950,Infrastructure,87
A02950,Database,89
A02950,Analytics & Data,14
A02950,AI & ML,55
A02950,Security,10
A02950,Applications,40
A02950,Integration,25
A02951,Infrastructure,80
A02951,Database,88
A02951,Analytics & Data,79
A02951,AI & ML,82
A02951,Security,99
A02951,Applications,81
A02951,Integration,78
A02952,Infrastructure,85
A02952,Database,77
A02952,Analytics & Data,51
A02952,AI & ML,98
A02952,Security,88
A02952,Applications,90
A02952,Integration,20
A02953,Infrastructure,50
A02953,Database,48
A02953,Analytics & Data,10
A02953,AI & ML,40
A02953,Security,23
A02953,Applications,42
A02953,Integration,10
A02954,Infrastructure,63
A02954,Database,60
A02954,Analytics & Data,81
A02954,AI & ML,47
A02954,Security,38
A02954,Applications,53
A02954,Integration,88
A02955,Infrastructure,97
A02955,Database,72
A02955,Analytics & Data,97
A02955,AI & ML,97
A02955,Security,97
A02955,Applications,93
A02955,Integration,100
A02956,Infrastructure,65
A02956,Database,80
A02956,Analytics & Data,99
A02956,AI & ML,100
A02956,Security,94
A02956,Applications,38
A02956,Integration,57
A02957,Infrastructure,24
A02957,Database,83
A02957,Analytics & Data,13
A02957,AI & ML,31
A02957,Security,50
A02957,Applications,39
A02957,Integration,56
A02958,Infrastructure,84
A02958,Database,93
A02958,Analytics & Data,99
A02958,AI & ML,98
A02958,Security,25
A02958,Applications,97
A02958,Integration,78
A02959,Infrastructure,42
A02959,Database,82
A02959,Analytics & Data,16
A02959,AI & ML,31
A02959,Security,85
A02959,Applications,91
A02959,Integration,47
A02960,Infrastructure,33
A02960,Database,83
A02960,Analytics & Data,79
A02960,AI & ML,40
A02960,Security,40
A02960,Applications,42
A02960,Integration,51
A02961,Infrastructure,92
A02961,Database,80
A02961,Analytics & Data,61
A02961,AI & ML,77
A02961,Security,86
A02961,Applications,80
A02961,Integration,90
A02962,Infrastructure,34
A02962,Database,21
A02962,Analytics & Data,26
A02962,AI & ML,39
A02962,Security,25
A02962,Applications,20
A02962,Integration,36
A02963,Infrastructure,78
A02963,Database,28
A02963,Analytics & Data,92
A02963,AI & ML,68
A02963,Security,97
A02963,Applications,90
A02963,Integration,76
A02964,Infrastructure,64
A02964,Database,52
A02964,Analytics & Data,18
A02964,AI & ML,27
A02964,Security,17
A02964,Applications,56
A02964,Integration,72
A02965,Infrastructure,12
A02965,Database,22
A02965,Analytics & Data,11
A02965,AI & ML,17
A02965,Security,22
A02965,Applications,60
A02965,Integration,26
A02966,Infrastructure,35
A02966,Database,23
A02966,Analytics & Data,78
A02966,AI & ML,63
A02966,Security,68
A02966,Applications,60
A02966,Integration,54
A02967,Infrastructure,80
A02967,Database,59
A02967,Analytics & Data,76
A02967,AI & ML,85
A02967,Security,40
A02967,Applications,49
A02967,Integration,98
A02968,Infrastructure,41
A02968,Database,62
A02968,Analytics & Data,52
A02968,AI & ML,69
A02968,Security,64
A02968,Applications,76
A02968,Integration,78
A02969,Infrastructure,56
A02969,Database,57
A02969,Analytics & Data,11
A02969,AI & ML,100
A02969,Security,92
A02969,Applications,36
A02969,Integration,76
A02970,Infrastructure,69
A02970,Database,94
A02970,Analytics & Data,84
A02970,AI & ML,77
A02970,Security,100
A02970,Applications,72
A02970,Integration,94
A02971,Infrastructure,87
A02971,Database,85
A02971,Analytics & Data,10
A02971,AI & ML,62
A02971,Security,61
A02971,Applications,70
A02971,Integration,54
A02972,Infrastructure,82
A02972,Database,73
A02972,Analytics & Data,98
A02972,AI & ML,85
A02972,Security,14
A02972,Applications,79
A02972,Integration,86
A02973,Infrastructure,46
A02973,Database,48
A02973,Analytics & Data,87
A02973,AI & ML,65
A02973,Security,60
A02973,Applications,68
A02973,Integration,52
A02974,Infrastructure,99
A02974,Database,76
A02974,Analytics & Data,91
A02974,AI & ML,82
A02974,Security,89
A02974,Applications,80
A02974,Integration,68
A02975,Infrastructure,94
A02975,Database,56
A02975,Analytics & Data,52
A02975,AI & ML,84
A02975,Security,94
A02975,Applications,99
A02975,Integration,53
A02976,Infrastructure,57
A02976,Database,65
A02976,Analytics & Data,45
A02976,AI & ML,65
A02976,Security,80
A02976,Applications,73
A02976,Integration,89
A02977,Infrastructure,47
A02977,Database,80
A02977,Analytics & Data,86
A02977,AI & ML,64
A02977,Security,83
A02977,Applications,68
A02977,Integration,78
A02978,Infrastructure,51
A02978,Database,71
A02978,Analytics & Data,77
A02978,AI & ML,59
A02978,Security,61
A02978,Applications,79
A02978,Integration,97
A02979,Infrastructure,23
A02979,Database,81
A02979,Analytics & Data,80
A02979,AI & ML,38
A02979,Security,98
A02979,Applications,77
A02979,Integration,65
A02980,Infrastructure,63
A02980,Database,38
A02980,Analytics & Data,23
A02980,AI & ML,29
A02980,Security,78
A02980,Applications,24
A02980,Integration,36
A02981,Infrastructure,61
A02981,Database,97
A02981,Analytics & Data,94
A02981,AI & ML,91
A02981,Security,62
A02981,Applications,89
A02981,Integration,58
A02982,Infrastructure,23
A02982,Database,100
A02982,Analytics & Data,52
A02982,AI & ML,100
A02982,Security,78
A02982,Applications,68
A02982,Integration,57
A02983,Infrastructure,80
A02983,Database,54
A02983,Analytics & Data,93
A02983,AI & ML,78
A02983,Security,94
A02983,Applications,79
A02983,Integration,94
A02984,Infrastructure,79
A02984,Database,58
A02984,Analytics & Data,97
A02984,AI & ML,100
A02984,Security,98
A02984,Applications,98
A02984,Integration,100
A02985,Infrastructure,73
A02985,Database,10
A02985,Analytics & Data,87
A02985,AI & ML,59
A02985,Security,69
A02985,Applications,56
A02985,Integration,63
A02986,Infrastructure,38
A02986,Database,60
A02986,Analytics & Data,60
A02986,AI & ML,62
A02986,Security,50
A02986,Applications,14
A02986,Integration,21
A02987,Infrastructure,25
A02987,Database,99
A02987,Analytics & Data,92
A02987,AI & ML,53
A02987,Security,100
A02987,Applications,62
A02987,Integration,100
A02988,Infrastructure,97
A02988,Database,67
A02988,Analytics & Data,90
A02988,AI & ML,89
A02988,Security,47
A02988,Applications,93
A02988,Integration,91
A02989,Infrastructure,48
A02989,Database,99
A02989,Analytics & Data,70
A02989,AI & ML,99
A02989,Security,72
A02989,Applications,94
A02989,Integration,34
A02990,Infrastructure,24
A02990,Database,17
A02990,Analytics & Data,35
A02990,AI & ML,58
A02990,Security,41
A02990,Applications,69
A02990,Integration,33
A02991,Infrastructure,60
A02991,Database,69
A02991,Analytics & Data,82
A02991,AI & ML,11
A02991,Security,52
A02991,Applications,23
A02991,Integration,18
A02992,Infrastructure,99
A02992,Database,93
A02992,Analytics & Data,89
A02992,AI & ML,80
A02992,Security,81
A02992,Applications,78
A02992,Integration,92
A02993,Infrastructure,94
A02993,Database,97
A02993,Analytics & Data,94
A02993,AI & ML,67
A02993,Security,98
A02993,Applications,90
A02993,Integration,92
A02994,Infrastructure,78
A02994,Database,72
A02994,Analytics & Data,23
A02994,AI & ML,99
A02994,Security,12
A02994,Applications,100
A02994,Integration,99
A02995,Infrastructure,76
A02995,Database,61
A02995,Analytics & Data,57
A02995,AI & ML,30
A02995,Security,54
A02995,Applications,39
A02995,Integration,67
A02996,Infrastructure,98
A02996,Database,78
A02996,Analytics & Data,100
A02996,AI & ML,76
A02996,Security,98
A02996,Applications,90
A02996,Integration,100
A02997,Infrastructure,20
A02997,Database,85
A02997,Analytics & Data,72
A02997,AI & ML,68
A02997,Security,46
A02997,Applications,88
A02997,Integration,49
A02998,Infrastructure,16
A02998,Database,46
A02998,Analytics & Data,87
A02998,AI & ML,46
A02998,Security,54
A02998,Applications,79
A02998,Integration,45
A02999,Infrastructure,99
A02999,Database,78
A02999,Analytics & Data,78
A02999,AI & ML,76
A02999,Security,83
A02999,Applications,94
A02999,Integration,89
A03000,Infrastructure,38
A03000,Database,99
A03000,Analytics & Data,94
A03000,AI & ML,46
A03000,Security,57
A03000,Applications,80
A03000,Integration,94
