account_id,account_name,industry,region,customer_tier,annual_revenue,employee_count
A00001,Synthetic Account 1,Healthcare,APAC,Strategic,386079348.0,2470
A00002,Synthetic Account 2,Manufacturing,Latin America,Enterprise,527440949.0,4180
A00003,Synthetic Account 3,Manufacturing,Latin America,Enterprise,82939908.0,718
A00004,Synthetic Account 4,Financial Services,APAC,Enterprise,583613233.0,4335
A00005,Synthetic Account 5,Retail,EMEA,Commercial,2637788755.0,20709
A00006,Synthetic Account 6,Technology,North America,Strategic,6327870068.0,55510
A00007,Synthetic Account 7,Technology,APAC,Commercial,1386086653.0,11532
A00008,Synthetic Account 8,Retail,North America,Commercial,644730475.0,3306
A00009,Synthetic Account 9,Public Sector,Latin America,Strategic,4100833856.0,19044
A00010,Synthetic Account 10,Manufacturing,APAC,Enterprise,553558974.0,3964
A00011,Synthetic Account 11,Energy,North America,Enterprise,8423677394.0,41284
A00012,Synthetic Account 12,Technology,APAC,Enterprise,1041700338.0,5891
A00013,Synthetic Account 13,Energy,APAC,Commercial,2321243693.0,16852
A00014,Synthetic Account 14,Retail,North America,Enterprise,2477359939.0,11568
A00015,Synthetic Account 15,Manufacturing,Latin America,Commercial,555236221.0,4084
A00016,Synthetic Account 16,Automotive,EMEA,Strategic,8030948369.0,52415
A00017,Synthetic Account 17,Energy,North America,Enterprise,1954811264.0,10793
A00018,Synthetic Account 18,Energy,EMEA,Commercial,1162271242.0,6613
A00019,Synthetic Account 19,Retail,EMEA,Enterprise,345994455.0,2698
A00020,Synthetic Account 20,Healthcare,North America,Enterprise,517506877.0,3284
A00021,Synthetic Account 21,Retail,APAC,Enterprise,714885231.0,3127
A00022,Synthetic Account 22,Telecommunications,EMEA,Enterprise,636765224.0,4658
A00023,Synthetic Account 23,Technology,APAC,Enterprise,220845861.0,1491
A00024,Synthetic Account 24,Consumer Goods,APAC,Commercial,1309425353.0,9121
A00025,Synthetic Account 25,Public Sector,APAC,Commercial,5756680826.0,27994
A00026,Synthetic Account 26,Financial Services,APAC,Strategic,3491542282.0,23766
A00027,Synthetic Account 27,Automotive,APAC,Enterprise,762166051.0,4494
A00028,Synthetic Account 28,Public Sector,APAC,Enterprise,274753021.0,2271
A00029,Synthetic Account 29,Healthcare,EMEA,Strategic,1945325644.0,15850
A00030,Synthetic Account 30,Telecommunications,Latin America,Enterprise,22507393758.0,131076
A00031,Synthetic Account 31,Technology,EMEA,Strategic,1574555328.0,10584
A00032,Synthetic Account 32,Consumer Goods,North America,Enterprise,577489963.0,5056
A00033,Synthetic Account 33,Telecommunications,APAC,Enterprise,317632355.0,2696
A00034,Synthetic Account 34,Public Sector,EMEA,Strategic,735632786.0,5625
A00035,Synthetic Account 35,Retail,Latin America,Enterprise,3749472443.0,28905
A00036,Synthetic Account 36,Energy,Latin America,Enterprise,299190512.0,1863
A00037,Synthetic Account 37,Manufacturing,Latin America,Enterprise,1579867360.0,11551
A00038,Synthetic Account 38,Financial Services,North America,Strategic,2668663372.0,15414
A00039,Synthetic Account 39,Manufacturing,APAC,Strategic,616272456.0,3883
A00040,Synthetic Account 40,Financial Services,Latin America,Strategic,2725246674.0,24035
A00041,Synthetic Account 41,Retail,North America,Enterprise,640517347.0,5105
A00042,Synthetic Account 42,Energy,Latin America,Enterprise,2788014771.0,22266
A00043,Synthetic Account 43,Manufacturing,Latin America,Enterprise,294904622.0,1451
A00044,Synthetic Account 44,Manufacturing,Latin America,Commercial,4837936340.0,35103
A00045,Synthetic Account 45,Retail,APAC,Enterprise,2384594799.0,19659
A00046,Synthetic Account 46,Healthcare,EMEA,Strategic,112477115.0,520
A00047,Synthetic Account 47,Manufacturing,North America,Commercial,939672452.0,5856
A00048,Synthetic Account 48,Financial Services,APAC,Enterprise,2586135798.0,17965
A00049,Synthetic Account 49,Automotive,EMEA,Strategic,1801543005.0,9458
A00050,Synthetic Account 50,Energy,APAC,Commercial,297110642.0,2553
A00051,Synthetic Account 51,Technology,Latin America,Enterprise,621605522.0,3644
A00052,Synthetic Account 52,Retail,APAC,Enterprise,678051004.0,3064
A00053,Synthetic Account 53,Consumer Goods,APAC,Commercial,666426222.0,5448
A00054,Synthetic Account 54,Financial Services,Latin America,Enterprise,2331887903.0,20367
A00055,Synthetic Account 55,Technology,APAC,Enterprise,1019584343.0,6450
A00056,Synthetic Account 56,Financial Services,Latin America,Strategic,1406782307.0,6929
A00057,Synthetic Account 57,Retail,North America,Commercial,307144980.0,1530
A00058,Synthetic Account 58,Consumer Goods,APAC,Commercial,7820132693.0,47678
A00059,Synthetic Account 59,Manufacturing,North America,Enterprise,1789107290.0,9249
A00060,Synthetic Account 60,Retail,APAC,Enterprise,2138281602.0,17927
A00061,Synthetic Account 61,Public Sector,APAC,Strategic,599789875.0,3879
A00062,Synthetic Account 62,Healthcare,EMEA,Enterprise,979888351.0,5752
A00063,Synthetic Account 63,Telecommunications,Latin America,Commercial,1996968905.0,9520
A00064,Synthetic Account 64,Retail,EMEA,Enterprise,4639935715.0,23474
A00065,Synthetic Account 65,Energy,Latin America,Enterprise,221868750.0,1984
A00066,Synthetic Account 66,Financial Services,EMEA,Enterprise,530512569.0,4524
A00067,Synthetic Account 67,Energy,APAC,Enterprise,1494359406.0,7009
A00068,Synthetic Account 68,Automotive,APAC,Enterprise,3198132065.0,24514
A00069,Synthetic Account 69,Automotive,EMEA,Commercial,137210247.0,916
A00070,Synthetic Account 70,Automotive,EMEA,Strategic,1249900977.0,5972
A00071,Synthetic Account 71,Technology,EMEA,Strategic,2951443828.0,19138
A00072,Synthetic Account 72,Consumer Goods,EMEA,Commercial,450984307.0,3532
A00073,Synthetic Account 73,Consumer Goods,EMEA,Commercial,648951812.0,4371
A00074,Synthetic Account 74,Financial Services,EMEA,Enterprise,2509058291.0,21994
A00075,Synthetic Account 75,Public Sector,Latin America,Enterprise,2299911644.0,19581
A00076,Synthetic Account 76,Public Sector,North America,Enterprise,671491122.0,3449
A00077,Synthetic Account 77,Technology,North America,Enterprise,118086081.0,608
A00078,Synthetic Account 78,Technology,EMEA,Strategic,1409773251.0,6358
A00079,Synthetic Account 79,Telecommunications,Latin America,Strategic,1556699700.0,13988
A00080,Synthetic Account 80,Retail,North America,Enterprise,709720695.0,4242
A00081,Synthetic Account 81,Retail,APAC,Commercial,2069678625.0,13125
A00082,Synthetic Account 82,Consumer Goods,Latin America,Enterprise,691631802.0,3851
A00083,Synthetic Account 83,Energy,EMEA,Strategic,2421503303.0,21495
A00084,Synthetic Account 84,Public Sector,North America,Enterprise,830885366.0,4582
A00085,Synthetic Account 85,Financial Services,APAC,Commercial,473817842.0,2532
A00086,Synthetic Account 86,Public Sector,APAC,Enterprise,2494208788.0,11884
A00087,Synthetic Account 87,Healthcare,EMEA,Commercial,924182924.0,7416
A00088,Synthetic Account 88,Retail,EMEA,Strategic,493442046.0,4104
A00089,Synthetic Account 89,Financial Services,Latin America,Commercial,721551567.0,4150
A00090,Synthetic Account 90,Automotive,APAC,Commercial,287241721.0,1405
A00091,Synthetic Account 91,Energy,Latin America,Strategic,4327308098.0,38886
A00092,Synthetic Account 92,Energy,APAC,Commercial,1729889945.0,14433
A00093,Synthetic Account 93,Retail,Latin America,Enterprise,1467073831.0,7868
A00094,Synthetic Account 94,Public Sector,APAC,Commercial,1552236116.0,10419
A00095,Synthetic Account 95,Financial Services,APAC,Enterprise,104938721.0,742
A00096,Synthetic Account 96,Financial Services,Latin America,Commercial,1451972547.0,7920
A00097,Synthetic Account 97,Automotive,North America,Commercial,1169853078.0,7139
A00098,Synthetic Account 98,Financial Services,Latin America,Strategic,1070053029.0,7344
A00099,Synthetic Account 99,Public Sector,APAC,Strategic,1354862680.0,8652
A00100,Synthetic Account 100,Energy,APAC,Strategic,854421338.0,5428
A00101,Synthetic Account 101,Retail,APAC,Commercial,664167934.0,5642
A00102,Synthetic Account 102,Healthcare,APAC,Commercial,195567665.0,1330
A00103,Synthetic Account 103,Retail,APAC,Enterprise,4328728988.0,21888
A00104,Synthetic Account 104,Manufacturing,APAC,Enterprise,1669850216.0,10969
A00105,Synthetic Account 105,Healthcare,North America,Enterprise,940218172.0,6430
A00106,Synthetic Account 106,Telecommunications,Latin America,Strategic,1326668926.0,5905
A00107,Synthetic Account 107,Consumer Goods,APAC,Enterprise,2116132238.0,9650
A00108,Synthetic Account 108,Public Sector,North America,Strategic,386723494.0,2109
A00109,Synthetic Account 109,Retail,Latin America,Enterprise,767837912.0,6125
A00110,Synthetic Account 110,Energy,North America,Enterprise,509070699.0,2553
A00111,Synthetic Account 111,Financial Services,EMEA,Enterprise,712924108.0,6030
A00112,Synthetic Account 112,Retail,APAC,Commercial,4876272576.0,42612
A00113,Synthetic Account 113,Energy,North America,Commercial,1612667343.0,10355
A00114,Synthetic Account 114,Consumer Goods,APAC,Commercial,924504618.0,6049
A00115,Synthetic Account 115,Consumer Goods,APAC,Enterprise,5351827457.0,25633
A00116,Synthetic Account 116,Financial Services,EMEA,Enterprise,1371267395.0,7404
A00117,Synthetic Account 117,Financial Services,Latin America,Enterprise,575074541.0,3935
A00118,Synthetic Account 118,Automotive,APAC,Enterprise,290920308.0,1969
A00119,Synthetic Account 119,Financial Services,EMEA,Commercial,1005040160.0,6079
A00120,Synthetic Account 120,Healthcare,North America,Commercial,1038916862.0,4964
A00121,Synthetic Account 121,Financial Services,North America,Enterprise,1126543579.0,7196
A00122,Synthetic Account 122,Manufacturing,EMEA,Strategic,1075604879.0,7350
A00123,Synthetic Account 123,Energy,North America,Enterprise,131953986.0,996
A00124,Synthetic Account 124,Manufacturing,EMEA,Enterprise,1496024777.0,9273
A00125,Synthetic Account 125,Retail,North America,Enterprise,1294506475.0,11595
A00126,Synthetic Account 126,Energy,APAC,Enterprise,572314534.0,3524
A00127,Synthetic Account 127,Technology,APAC,Enterprise,3193567616.0,18482
A00128,Synthetic Account 128,Telecommunications,APAC,Commercial,3442876385.0,16835
A00129,Synthetic Account 129,Public Sector,Latin America,Strategic,2069473391.0,11725
A00130,Synthetic Account 130,Technology,EMEA,Enterprise,731714036.0,5089
A00131,Synthetic Account 131,Energy,EMEA,Commercial,1816668827.0,15827
A00132,Synthetic Account 132,Telecommunications,Latin America,Enterprise,1290031563.0,10186
A00133,Synthetic Account 133,Healthcare,North America,Enterprise,201072105.0,1755
A00134,Synthetic Account 134,Telecommunications,Latin America,Enterprise,513959593.0,2981
A00135,Synthetic Account 135,Telecommunications,Latin America,Strategic,406207074.0,1859
A00136,Synthetic Account 136,Retail,EMEA,Enterprise,1636326995.0,12639
A00137,Synthetic Account 137,Financial Services,APAC,Enterprise,505702322.0,3364
A00138,Synthetic Account 138,Energy,Latin America,Enterprise,271996303.0,2109
A00139,Synthetic Account 139,Telecommunications,EMEA,Enterprise,994542127.0,8802
A00140,Synthetic Account 140,Technology,Latin America,Commercial,475365133.0,3329
A00141,Synthetic Account 141,Technology,North America,Commercial,448411661.0,2529
A00142,Synthetic Account 142,Public Sector,Latin America,Strategic,176447969.0,1332
A00143,Synthetic Account 143,Automotive,APAC,Enterprise,378496408.0,2213
A00144,Synthetic Account 144,Public Sector,EMEA,Commercial,1237404269.0,5700
A00145,Synthetic Account 145,Energy,North America,Enterprise,1456726305.0,12649
A00146,Synthetic Account 146,Telecommunications,EMEA,Strategic,930193400.0,8303
A00147,Synthetic Account 147,Retail,Latin America,Commercial,740596673.0,5653
A00148,Synthetic Account 148,Energy,APAC,Enterprise,3027149046.0,17918
A00149,Synthetic Account 149,Manufacturing,Latin America,Enterprise,663087634.0,4362
A00150,Synthetic Account 150,Manufacturing,Latin America,Enterprise,166614536.0,918
A00151,Synthetic Account 151,Healthcare,APAC,Enterprise,217868312.0,1000
A00152,Synthetic Account 152,Retail,North America,Enterprise,1509898556.0,10840
A00153,Synthetic Account 153,Technology,North America,Enterprise,6235881434.0,52373
A00154,Synthetic Account 154,Technology,EMEA,Commercial,684550016.0,4205
A00155,Synthetic Account 155,Retail,North America,Strategic,3554259326.0,18401
A00156,Synthetic Account 156,Public Sector,APAC,Strategic,542921059.0,2451
A00157,Synthetic Account 157,Public Sector,EMEA,Enterprise,2985067510.0,16655
A00158,Synthetic Account 158,Automotive,Latin America,Strategic,1559737027.0,8435
A00159,Synthetic Account 159,Financial Services,Latin America,Enterprise,978476926.0,8372
A00160,Synthetic Account 160,Automotive,North America,Enterprise,370673054.0,1785
A00161,Synthetic Account 161,Retail,APAC,Commercial,1373300347.0,6267
A00162,Synthetic Account 162,Technology,APAC,Strategic,1712439453.0,14461
A00163,Synthetic Account 163,Manufacturing,North America,Strategic,849632529.0,6712
A00164,Synthetic Account 164,Automotive,North America,Enterprise,1037639848.0,7621
A00165,Synthetic Account 165,Retail,EMEA,Enterprise,1540498319.0,8493
A00166,Synthetic Account 166,Manufacturing,North America,Enterprise,781962687.0,5209
A00167,Synthetic Account 167,Telecommunications,APAC,Commercial,402593069.0,2722
A00168,Synthetic Account 168,Manufacturing,EMEA,Enterprise,377534083.0,2660
A00169,Synthetic Account 169,Financial Services,Latin America,Commercial,987785281.0,7142
A00170,Synthetic Account 170,Financial Services,North America,Commercial,884658030.0,7850
A00171,Synthetic Account 171,Financial Services,APAC,Enterprise,105332272.0,850
A00172,Synthetic Account 172,Healthcare,EMEA,Strategic,1471815114.0,8201
A00173,Synthetic Account 173,Healthcare,EMEA,Strategic,849869530.0,4177
A00174,Synthetic Account 174,Automotive,EMEA,Commercial,853116987.0,6298
A00175,Synthetic Account 175,Automotive,North America,Commercial,1271476538.0,7572
A00176,Synthetic Account 176,Consumer Goods,Latin America,Strategic,370845211.0,3062
A00177,Synthetic Account 177,Technology,Latin America,Strategic,6484832173.0,40022
A00178,Synthetic Account 178,Healthcare,North America,Enterprise,463175633.0,2339
A00179,Synthetic Account 179,Healthcare,EMEA,Enterprise,1457417043.0,12557
A00180,Synthetic Account 180,Consumer Goods,Latin America,Commercial,626921682.0,3184
A00181,Synthetic Account 181,Healthcare,APAC,Enterprise,474564513.0,4267
A00182,Synthetic Account 182,Consumer Goods,North America,Enterprise,1766424911.0,14257
A00183,Synthetic Account 183,Automotive,APAC,Commercial,3498655744.0,27723
A00184,Synthetic Account 184,Healthcare,Latin America,Enterprise,2543553574.0,14721
A00185,Synthetic Account 185,Manufacturing,North America,Strategic,1335506776.0,9860
A00186,Synthetic Account 186,Telecommunications,APAC,Strategic,1020044024.0,6980
A00187,Synthetic Account 187,Automotive,Latin America,Enterprise,764189382.0,3743
A00188,Synthetic Account 188,Public Sector,North America,Strategic,210964569.0,1052
A00189,Synthetic Account 189,Retail,APAC,Commercial,1258805497.0,6049
A00190,Synthetic Account 190,Energy,North America,Enterprise,1354052085.0,11223
A00191,Synthetic Account 191,Telecommunications,North America,Enterprise,637691103.0,5677
A00192,Synthetic Account 192,Technology,APAC,Strategic,567692688.0,5074
A00193,Synthetic Account 193,Manufacturing,APAC,Commercial,198153063.0,1331
A00194,Synthetic Account 194,Automotive,EMEA,Enterprise,1189840363.0,8467
A00195,Synthetic Account 195,Telecommunications,EMEA,Enterprise,1575698477.0,8984
A00196,Synthetic Account 196,Healthcare,EMEA,Enterprise,834302086.0,4398
A00197,Synthetic Account 197,Manufacturing,APAC,Commercial,2427636775.0,19398
A00198,Synthetic Account 198,Telecommunications,EMEA,Enterprise,1338748103.0,9113
A00199,Synthetic Account 199,Energy,Latin America,Commercial,379334488.0,2783
A00200,Synthetic Account 200,Manufacturing,APAC,Commercial,1898466848.0,10505
A00201,Synthetic Account 201,Consumer Goods,Latin America,Enterprise,680123537.0,3608
A00202,Synthetic Account 202,Automotive,Latin America,Enterprise,1220121249.0,7211
A00203,Synthetic Account 203,Public Sector,APAC,Enterprise,1891735766.0,10046
A00204,Synthetic Account 204,Financial Services,North America,Enterprise,2591975677.0,12230
A00205,Synthetic Account 205,Healthcare,North America,Commercial,913821129.0,6022
A00206,Synthetic Account 206,Public Sector,EMEA,Strategic,344093659.0,1776
A00207,Synthetic Account 207,Automotive,Latin America,Strategic,78609514.0,500
A00208,Synthetic Account 208,Energy,North America,Enterprise,1977403946.0,8842
A00209,Synthetic Account 209,Technology,North America,Enterprise,3796690282.0,22105
A00210,Synthetic Account 210,Energy,APAC,Commercial,1559250113.0,8096
A00211,Synthetic Account 211,Healthcare,North America,Enterprise,2220309883.0,13013
A00212,Synthetic Account 212,Technology,APAC,Commercial,437270616.0,2766
A00213,Synthetic Account 213,Energy,APAC,Commercial,953879514.0,5155
A00214,Synthetic Account 214,Financial Services,Latin America,Commercial,526607737.0,2362
A00215,Synthetic Account 215,Telecommunications,APAC,Strategic,427392082.0,3360
A00216,Synthetic Account 216,Energy,Latin America,Enterprise,324710736.0,1752
A00217,Synthetic Account 217,Telecommunications,North America,Enterprise,621565880.0,4373
A00218,Synthetic Account 218,Manufacturing,Latin America,Enterprise,388930724.0,3414
A00219,Synthetic Account 219,Manufacturing,Latin America,Commercial,3328237412.0,23506
A00220,Synthetic Account 220,Manufacturing,EMEA,Enterprise,2760229032.0,14126
A00221,Synthetic Account 221,Technology,Latin America,Enterprise,440293279.0,3543
A00222,Synthetic Account 222,Energy,APAC,Strategic,2497260808.0,18423
A00223,Synthetic Account 223,Retail,Latin America,Enterprise,593690162.0,2840
A00224,Synthetic Account 224,Manufacturing,North America,Commercial,639110180.0,3928
A00225,Synthetic Account 225,Automotive,EMEA,Commercial,2929231046.0,22046
A00226,Synthetic Account 226,Healthcare,North America,Strategic,1028127961.0,6351
A00227,Synthetic Account 227,Consumer Goods,EMEA,Enterprise,1371701571.0,6759
A00228,Synthetic Account 228,Telecommunications,North America,Enterprise,714482504.0,6105
A00229,Synthetic Account 229,Healthcare,North America,Enterprise,625450815.0,3417
A00230,Synthetic Account 230,Manufacturing,APAC,Commercial,599099086.0,5151
A00231,Synthetic Account 231,Technology,Latin America,Commercial,727873983.0,5919
A00232,Synthetic Account 232,Financial Services,North America,Enterprise,936335694.0,7495
A00233,Synthetic Account 233,Automotive,Latin America,Commercial,764873857.0,6506
A00234,Synthetic Account 234,Technology,EMEA,Strategic,260382720.0,1764
A00235,Synthetic Account 235,Public Sector,APAC,Enterprise,2090978730.0,15013
A00236,Synthetic Account 236,Financial Services,APAC,Enterprise,671552287.0,3788
A00237,Synthetic Account 237,Healthcare,EMEA,Enterprise,867230207.0,6991
A00238,Synthetic Account 238,Telecommunications,EMEA,Strategic,274046892.0,1288
A00239,Synthetic Account 239,Retail,EMEA,Strategic,941391603.0,8224
A00240,Synthetic Account 240,Financial Services,North America,Enterprise,1325822661.0,7904
A00241,Synthetic Account 241,Automotive,Latin America,Enterprise,368961738.0,3264
A00242,Synthetic Account 242,Energy,EMEA,Enterprise,586686660.0,4164
A00243,Synthetic Account 243,Technology,APAC,Commercial,15656959096.0,96327
A00244,Synthetic Account 244,Consumer Goods,EMEA,Strategic,311596573.0,2477
A00245,Synthetic Account 245,Energy,North America,Enterprise,320762493.0,2861
A00246,Synthetic Account 246,Retail,APAC,Commercial,2663411495.0,14974
A00247,Synthetic Account 247,Public Sector,EMEA,Enterprise,1015146321.0,8223
A00248,Synthetic Account 248,Financial Services,Latin America,Enterprise,2455036022.0,19785
A00249,Synthetic Account 249,Retail,APAC,Commercial,416911488.0,2040
A00250,Synthetic Account 250,Retail,APAC,Strategic,2110195881.0,9421
A00251,Synthetic Account 251,Telecommunications,Latin America,Enterprise,1087703207.0,4831
A00252,Synthetic Account 252,Energy,APAC,Enterprise,535953727.0,4809
A00253,Synthetic Account 253,Energy,Latin America,Commercial,663597530.0,5795
A00254,Synthetic Account 254,Healthcare,EMEA,Strategic,946253984.0,6894
A00255,Synthetic Account 255,Energy,Latin America,Enterprise,868128808.0,7132
A00256,Synthetic Account 256,Financial Services,North America,Enterprise,1117555166.0,6587
A00257,Synthetic Account 257,Technology,Latin America,Enterprise,263154818.0,2236
A00258,Synthetic Account 258,Financial Services,North America,Enterprise,1544885850.0,7592
A00259,Synthetic Account 259,Retail,North America,Enterprise,993447787.0,6938
A00260,Synthetic Account 260,Financial Services,North America,Enterprise,1353495804.0,6164
A00261,Synthetic Account 261,Manufacturing,EMEA,Enterprise,3790108234.0,24303
A00262,Synthetic Account 262,Telecommunications,EMEA,Commercial,602466345.0,4015
A00263,Synthetic Account 263,Consumer Goods,EMEA,Strategic,390483832.0,3484
A00264,Synthetic Account 264,Energy,EMEA,Enterprise,315900161.0,1851
A00265,Synthetic Account 265,Retail,APAC,Strategic,624540599.0,5319
A00266,Synthetic Account 266,Technology,Latin America,Enterprise,3702733886.0,20768
A00267,Synthetic Account 267,Automotive,North America,Strategic,4483608485.0,39024
A00268,Synthetic Account 268,Financial Services,APAC,Strategic,4778351325.0,36538
A00269,Synthetic Account 269,Energy,APAC,Strategic,2863049252.0,19237
A00270,Synthetic Account 270,Telecommunications,North America,Strategic,1845569923.0,14471
A00271,Synthetic Account 271,Manufacturing,Latin America,Strategic,2140477848.0,11442
A00272,Synthetic Account 272,Manufacturing,EMEA,Strategic,1239950688.0,6134
A00273,Synthetic Account 273,Financial Services,EMEA,Enterprise,5127386041.0,36702
A00274,Synthetic Account 274,Consumer Goods,North America,Enterprise,2851634618.0,18223
A00275,Synthetic Account 275,Automotive,North America,Enterprise,2430042976.0,15629
A00276,Synthetic Account 276,Retail,Latin America,Enterprise,1608590877.0,12603
A00277,Synthetic Account 277,Manufacturing,Latin America,Enterprise,886276863.0,5305
A00278,Synthetic Account 278,Public Sector,EMEA,Enterprise,656510737.0,5620
A00279,Synthetic Account 279,Financial Services,APAC,Enterprise,2237103703.0,20133
A00280,Synthetic Account 280,Technology,APAC,Commercial,654723737.0,3528
A00281,Synthetic Account 281,Automotive,Latin America,Enterprise,1432919232.0,6330
A00282,Synthetic Account 282,Retail,North America,Enterprise,2497451247.0,14419
A00283,Synthetic Account 283,Automotive,Latin America,Enterprise,844346692.0,6850
A00284,Synthetic Account 284,Automotive,Latin America,Strategic,2827447428.0,17180
A00285,Synthetic Account 285,Manufacturing,EMEA,Strategic,3106765706.0,18414
A00286,Synthetic Account 286,Retail,APAC,Enterprise,761996820.0,6450
A00287,Synthetic Account 287,Public Sector,Latin America,Enterprise,187631704.0,1176
A00288,Synthetic Account 288,Consumer Goods,APAC,Enterprise,439613642.0,2294
A00289,Synthetic Account 289,Energy,EMEA,Strategic,907200711.0,8098
A00290,Synthetic Account 290,Telecommunications,APAC,Commercial,316269885.0,1660
A00291,Synthetic Account 291,Financial Services,Latin America,Enterprise,1109981995.0,7902
A00292,Synthetic Account 292,Public Sector,North America,Enterprise,675231056.0,4812
A00293,Synthetic Account 293,Manufacturing,APAC,Commercial,2223648632.0,15437
A00294,Synthetic Account 294,Technology,North America,Strategic,2073360273.0,17867
A00295,Synthetic Account 295,Telecommunications,APAC,Commercial,688475673.0,6195
A00296,Synthetic Account 296,Public Sector,APAC,Enterprise,1361574137.0,10553
A00297,Synthetic Account 297,Retail,EMEA,Enterprise,1867527084.0,8933
A00298,Synthetic Account 298,Manufacturing,North America,Enterprise,4028207855.0,19965
A00299,Synthetic Account 299,Telecommunications,North America,Commercial,1213905123.0,7923
A00300,Synthetic Account 300,Retail,APAC,Strategic,3265669552.0,14880
A00301,Synthetic Account 301,Energy,EMEA,Enterprise,348273575.0,3101
A00302,Synthetic Account 302,Energy,North America,Enterprise,1233013051.0,6740
A00303,Synthetic Account 303,Consumer Goods,North America,Commercial,903196080.0,4644
A00304,Synthetic Account 304,Healthcare,North America,Strategic,1369678540.0,7240
A00305,Synthetic Account 305,Healthcare,North America,Strategic,535544428.0,2736
A00306,Synthetic Account 306,Automotive,Latin America,Enterprise,3482948477.0,26829
A00307,Synthetic Account 307,Automotive,Latin America,Enterprise,486175909.0,2663
A00308,Synthetic Account 308,Energy,Latin America,Enterprise,846966245.0,7538
A00309,Synthetic Account 309,Manufacturing,EMEA,Strategic,243294889.0,1917
A00310,Synthetic Account 310,Technology,North America,Enterprise,636136103.0,3888
A00311,Synthetic Account 311,Financial Services,EMEA,Strategic,827201244.0,4751
A00312,Synthetic Account 312,Healthcare,APAC,Commercial,808161522.0,6368
A00313,Synthetic Account 313,Automotive,North America,Commercial,50000000.0,500
A00314,Synthetic Account 314,Manufacturing,APAC,Commercial,573094877.0,3325
A00315,Synthetic Account 315,Financial Services,APAC,Commercial,2597383070.0,20817
A00316,Synthetic Account 316,Healthcare,APAC,Enterprise,460120549.0,4003
A00317,Synthetic Account 317,Retail,EMEA,Enterprise,2998512744.0,21458
A00318,Synthetic Account 318,Energy,EMEA,Commercial,1249392632.0,8209
A00319,Synthetic Account 319,Healthcare,North America,Commercial,3179219541.0,25459
A00320,Synthetic Account 320,Retail,APAC,Enterprise,966011477.0,7703
A00321,Synthetic Account 321,Telecommunications,EMEA,Enterprise,700939406.0,3815
A00322,Synthetic Account 322,Telecommunications,EMEA,Strategic,7491669720.0,41538
A00323,Synthetic Account 323,Energy,Latin America,Enterprise,380458361.0,2665
A00324,Synthetic Account 324,Consumer Goods,Latin America,Commercial,205401240.0,1608
A00325,Synthetic Account 325,Consumer Goods,Latin America,Commercial,812606252.0,5407
A00326,Synthetic Account 326,Automotive,APAC,Enterprise,896654264.0,5260
A00327,Synthetic Account 327,Telecommunications,APAC,Enterprise,560111392.0,3990
A00328,Synthetic Account 328,Healthcare,APAC,Enterprise,450083334.0,2174
A00329,Synthetic Account 329,Retail,Latin America,Strategic,378296054.0,2866
A00330,Synthetic Account 330,Manufacturing,EMEA,Strategic,1142013604.0,7089
A00331,Synthetic Account 331,Retail,APAC,Enterprise,298391927.0,1799
A00332,Synthetic Account 332,Technology,APAC,Enterprise,606075666.0,4168
A00333,Synthetic Account 333,Manufacturing,APAC,Strategic,550955403.0,3027
A00334,Synthetic Account 334,Automotive,APAC,Enterprise,824762404.0,4088
A00335,Synthetic Account 335,Technology,EMEA,Enterprise,1744605808.0,8253
A00336,Synthetic Account 336,Public Sector,Latin America,Commercial,136412981.0,929
A00337,Synthetic Account 337,Retail,Latin America,Enterprise,715104635.0,5425
A00338,Synthetic Account 338,Public Sector,EMEA,Commercial,2411451046.0,14641
A00339,Synthetic Account 339,Consumer Goods,North America,Enterprise,427618000.0,2628
A00340,Synthetic Account 340,Energy,EMEA,Strategic,1991695804.0,12494
A00341,Synthetic Account 341,Energy,North America,Strategic,3007499244.0,15000
A00342,Synthetic Account 342,Public Sector,Latin America,Enterprise,506432100.0,3967
A00343,Synthetic Account 343,Technology,North America,Strategic,826090230.0,5607
A00344,Synthetic Account 344,Manufacturing,Latin America,Enterprise,822408152.0,6227
A00345,Synthetic Account 345,Public Sector,EMEA,Enterprise,296734028.0,1697
A00346,Synthetic Account 346,Healthcare,EMEA,Enterprise,2215005643.0,19892
A00347,Synthetic Account 347,Healthcare,EMEA,Commercial,3450842115.0,28263
A00348,Synthetic Account 348,Retail,North America,Enterprise,5619169362.0,25290
A00349,Synthetic Account 349,Public Sector,North America,Enterprise,2582533575.0,19172
A00350,Synthetic Account 350,Healthcare,North America,Enterprise,726010781.0,4570
A00351,Synthetic Account 351,Public Sector,North America,Commercial,1997628359.0,11014
A00352,Synthetic Account 352,Retail,APAC,Enterprise,2246952000.0,18362
A00353,Synthetic Account 353,Telecommunications,APAC,Commercial,2977313677.0,20580
A00354,Synthetic Account 354,Public Sector,North America,Enterprise,424649372.0,3389
A00355,Synthetic Account 355,Automotive,Latin America,Strategic,4502088704.0,37790
A00356,Synthetic Account 356,Healthcare,EMEA,Strategic,673297980.0,5097
A00357,Synthetic Account 357,Manufacturing,Latin America,Strategic,1669702443.0,12141
A00358,Synthetic Account 358,Manufacturing,APAC,Commercial,598215265.0,5284
A00359,Synthetic Account 359,Financial Services,APAC,Enterprise,1372808638.0,10245
A00360,Synthetic Account 360,Automotive,North America,Strategic,1115285781.0,9697
A00361,Synthetic Account 361,Public Sector,APAC,Enterprise,345768529.0,1999
A00362,Synthetic Account 362,Consumer Goods,Latin America,Strategic,733325385.0,5904
A00363,Synthetic Account 363,Energy,Latin America,Commercial,2435977085.0,17932
A00364,Synthetic Account 364,Retail,Latin America,Strategic,719892366.0,6066
A00365,Synthetic Account 365,Technology,EMEA,Enterprise,1216375751.0,6273
A00366,Synthetic Account 366,Consumer Goods,EMEA,Strategic,418065255.0,3354
A00367,Synthetic Account 367,Manufacturing,North America,Enterprise,1000899988.0,8738
A00368,Synthetic Account 368,Public Sector,EMEA,Enterprise,172076946.0,1201
A00369,Synthetic Account 369,Financial Services,Latin America,Enterprise,16964631648.0,82648
A00370,Synthetic Account 370,Consumer Goods,APAC,Enterprise,2095088941.0,15606
A00371,Synthetic Account 371,Public Sector,North America,Enterprise,2930520360.0,21589
A00372,Synthetic Account 372,Energy,APAC,Commercial,2404849782.0,15768
A00373,Synthetic Account 373,Energy,North America,Enterprise,392675032.0,2716
A00374,Synthetic Account 374,Manufacturing,APAC,Strategic,591084040.0,3609
A00375,Synthetic Account 375,Retail,Latin America,Strategic,130624191.0,735
A00376,Synthetic Account 376,Telecommunications,APAC,Enterprise,629788235.0,5617
A00377,Synthetic Account 377,Telecommunications,EMEA,Enterprise,1854534389.0,14757
A00378,Synthetic Account 378,Telecommunications,Latin America,Enterprise,5633587275.0,31798
A00379,Synthetic Account 379,Retail,North America,Commercial,87322047.0,663
A00380,Synthetic Account 380,Automotive,Latin America,Enterprise,1786841302.0,8210
A00381,Synthetic Account 381,Public Sector,North America,Strategic,1538213800.0,7461
A00382,Synthetic Account 382,Telecommunications,EMEA,Strategic,110440513.0,761
A00383,Synthetic Account 383,Telecommunications,North America,Commercial,6376342779.0,53803
A00384,Synthetic Account 384,Retail,North America,Enterprise,605552727.0,5160
A00385,Synthetic Account 385,Telecommunications,North America,Commercial,614796758.0,2716
A00386,Synthetic Account 386,Energy,APAC,Enterprise,332533690.0,2156
A00387,Synthetic Account 387,Technology,North America,Enterprise,5646513272.0,42123
A00388,Synthetic Account 388,Retail,EMEA,Enterprise,658092740.0,5520
A00389,Synthetic Account 389,Public Sector,APAC,Enterprise,831459278.0,6872
A00390,Synthetic Account 390,Telecommunications,APAC,Enterprise,473214851.0,4031
A00391,Synthetic Account 391,Automotive,Latin America,Strategic,4937347637.0,30549
A00392,Synthetic Account 392,Automotive,APAC,Strategic,1839706022.0,15268
A00393,Synthetic Account 393,Financial Services,APAC,Enterprise,2032984658.0,17066
A00394,Synthetic Account 394,Healthcare,Latin America,Commercial,946862069.0,5709
A00395,Synthetic Account 395,Financial Services,APAC,Strategic,2362875047.0,21125
A00396,Synthetic Account 396,Technology,EMEA,Strategic,965663257.0,6686
A00397,Synthetic Account 397,Telecommunications,APAC,Enterprise,1395168818.0,7907
A00398,Synthetic Account 398,Technology,APAC,Commercial,441288579.0,1920
A00399,Synthetic Account 399,Financial Services,North America,Enterprise,2257133582.0,16089
A00400,Synthetic Account 400,Financial Services,EMEA,Enterprise,229615123.0,1361
A00401,Synthetic Account 401,Automotive,EMEA,Commercial,3186612199.0,17402
A00402,Synthetic Account 402,Financial Services,Latin America,Enterprise,3767266625.0,17679
A00403,Synthetic Account 403,Healthcare,EMEA,Strategic,1150715797.0,7740
A00404,Synthetic Account 404,Financial Services,North America,Commercial,2919996109.0,16922
A00405,Synthetic Account 405,Manufacturing,North America,Commercial,2923606250.0,20905
A00406,Synthetic Account 406,Telecommunications,Latin America,Commercial,1053638160.0,5339
A00407,Synthetic Account 407,Healthcare,North America,Commercial,1247274597.0,8895
A00408,Synthetic Account 408,Consumer Goods,Latin America,Enterprise,1320476957.0,10045
A00409,Synthetic Account 409,Financial Services,North America,Enterprise,1976855125.0,13814
A00410,Synthetic Account 410,Manufacturing,APAC,Commercial,146845615.0,1023
A00411,Synthetic Account 411,Healthcare,Latin America,Enterprise,1664136445.0,12061
A00412,Synthetic Account 412,Energy,EMEA,Commercial,805401705.0,4851
A00413,Synthetic Account 413,Technology,Latin America,Enterprise,449428810.0,2964
A00414,Synthetic Account 414,Technology,EMEA,Strategic,724052975.0,5984
A00415,Synthetic Account 415,Manufacturing,EMEA,Strategic,350008338.0,2634
A00416,Synthetic Account 416,Retail,APAC,Enterprise,905329061.0,5970
A00417,Synthetic Account 417,Automotive,North America,Commercial,2400411840.0,15853
A00418,Synthetic Account 418,Public Sector,Latin America,Enterprise,1315419982.0,8451
A00419,Synthetic Account 419,Automotive,APAC,Enterprise,2711697501.0,16951
A00420,Synthetic Account 420,Manufacturing,EMEA,Commercial,382924373.0,3160
A00421,Synthetic Account 421,Energy,APAC,Commercial,5728810412.0,38220
A00422,Synthetic Account 422,Financial Services,North America,Enterprise,1644361273.0,13135
A00423,Synthetic Account 423,Automotive,Latin America,Enterprise,1614390008.0,11737
A00424,Synthetic Account 424,Telecommunications,APAC,Enterprise,352749991.0,3119
A00425,Synthetic Account 425,Consumer Goods,North America,Enterprise,1999793387.0,16104
A00426,Synthetic Account 426,Financial Services,EMEA,Enterprise,436821611.0,2677
A00427,Synthetic Account 427,Automotive,EMEA,Strategic,907801193.0,4889
A00428,Synthetic Account 428,Manufacturing,Latin America,Enterprise,108187715.0,833
A00429,Synthetic Account 429,Retail,APAC,Commercial,1857071717.0,16300
A00430,Synthetic Account 430,Telecommunications,North America,Enterprise,2573269906.0,19815
A00431,Synthetic Account 431,Financial Services,APAC,Commercial,922417087.0,6349
A00432,Synthetic Account 432,Public Sector,APAC,Enterprise,1216082698.0,8563
A00433,Synthetic Account 433,Energy,Latin America,Commercial,1166349390.0,6175
A00434,Synthetic Account 434,Automotive,EMEA,Enterprise,1117895960.0,5541
A00435,Synthetic Account 435,Public Sector,Latin America,Strategic,871720793.0,5303
A00436,Synthetic Account 436,Healthcare,APAC,Enterprise,1616289547.0,13217
A00437,Synthetic Account 437,Financial Services,APAC,Enterprise,144536308.0,934
A00438,Synthetic Account 438,Technology,North America,Commercial,366491158.0,2035
A00439,Synthetic Account 439,Energy,EMEA,Enterprise,1688547599.0,9703
A00440,Synthetic Account 440,Technology,APAC,Commercial,285949145.0,1726
A00441,Synthetic Account 441,Manufacturing,EMEA,Enterprise,1023183544.0,6906
A00442,Synthetic Account 442,Automotive,Latin America,Commercial,1013235092.0,5705
A00443,Synthetic Account 443,Retail,EMEA,Commercial,2107600097.0,9165
A00444,Synthetic Account 444,Financial Services,Latin America,Commercial,375734885.0,1879
A00445,Synthetic Account 445,Consumer Goods,North America,Enterprise,448990943.0,2871
A00446,Synthetic Account 446,Retail,EMEA,Commercial,3427128692.0,27384
A00447,Synthetic Account 447,Telecommunications,EMEA,Strategic,1031604526.0,7145
A00448,Synthetic Account 448,Energy,Latin America,Enterprise,112234719.0,895
A00449,Synthetic Account 449,Retail,APAC,Commercial,1193804057.0,6164
A00450,Synthetic Account 450,Automotive,Latin America,Strategic,558021521.0,4536
A00451,Synthetic Account 451,Technology,Latin America,Strategic,1583816088.0,8321
A00452,Synthetic Account 452,Technology,EMEA,Strategic,117453368.0,734
A00453,Synthetic Account 453,Manufacturing,APAC,Strategic,3713906077.0,20921
A00454,Synthetic Account 454,Retail,APAC,Commercial,908926328.0,4765
A00455,Synthetic Account 455,Automotive,EMEA,Enterprise,6553517204.0,58720
A00456,Synthetic Account 456,Retail,EMEA,Commercial,524802641.0,4416
A00457,Synthetic Account 457,Telecommunications,EMEA,Commercial,1027309068.0,8644
A00458,Synthetic Account 458,Public Sector,EMEA,Strategic,1010471259.0,8564
A00459,Synthetic Account 459,Financial Services,North America,Commercial,2823272835.0,14685
A00460,Synthetic Account 460,Technology,North America,Enterprise,399708440.0,2878
A00461,Synthetic Account 461,Automotive,EMEA,Commercial,1148361203.0,8309
A00462,Synthetic Account 462,Automotive,North America,Enterprise,402816804.0,2307
A00463,Synthetic Account 463,Financial Services,Latin America,Enterprise,538740453.0,3226
A00464,Synthetic Account 464,Telecommunications,Latin America,Commercial,1571970001.0,8251
A00465,Synthetic Account 465,Automotive,North America,Enterprise,5119824163.0,24695
A00466,Synthetic Account 466,Healthcare,North America,Enterprise,1298430049.0,7200
A00467,Synthetic Account 467,Consumer Goods,Latin America,Enterprise,352521705.0,3071
A00468,Synthetic Account 468,Consumer Goods,EMEA,Commercial,2520009296.0,15883
A00469,Synthetic Account 469,Healthcare,APAC,Strategic,2118946932.0,12774
A00470,Synthetic Account 470,Energy,EMEA,Commercial,527079508.0,4241
A00471,Synthetic Account 471,Consumer Goods,APAC,Enterprise,1143760831.0,7084
A00472,Synthetic Account 472,Retail,Latin America,Enterprise,1213224857.0,7525
A00473,Synthetic Account 473,Financial Services,North America,Strategic,429993756.0,2841
A00474,Synthetic Account 474,Telecommunications,Latin America,Strategic,940667226.0,6534
A00475,Synthetic Account 475,Manufacturing,EMEA,Strategic,592844539.0,2994
A00476,Synthetic Account 476,Public Sector,EMEA,Enterprise,3727180865.0,32713
A00477,Synthetic Account 477,Consumer Goods,Latin America,Strategic,1099339664.0,6802
A00478,Synthetic Account 478,Technology,North America,Enterprise,475165359.0,3396
A00479,Synthetic Account 479,Financial Services,EMEA,Strategic,367285145.0,3233
A00480,Synthetic Account 480,Manufacturing,EMEA,Commercial,180008049.0,1062
A00481,Synthetic Account 481,Automotive,APAC,Enterprise,1149440545.0,5390
A00482,Synthetic Account 482,Public Sector,APAC,Commercial,1997794322.0,15992
A00483,Synthetic Account 483,Retail,Latin America,Commercial,2522600823.0,15225
A00484,Synthetic Account 484,Energy,Latin America,Enterprise,858107454.0,4694
A00485,Synthetic Account 485,Consumer Goods,EMEA,Strategic,203444635.0,1493
A00486,Synthetic Account 486,Telecommunications,APAC,Strategic,760632248.0,3497
A00487,Synthetic Account 487,Retail,EMEA,Enterprise,313278672.0,1777
A00488,Synthetic Account 488,Automotive,EMEA,Enterprise,1863476191.0,14315
A00489,Synthetic Account 489,Manufacturing,Latin America,Enterprise,397688085.0,3138
A00490,Synthetic Account 490,Technology,APAC,Enterprise,506196319.0,3252
A00491,Synthetic Account 491,Healthcare,Latin America,Enterprise,1297867206.0,7997
A00492,Synthetic Account 492,Retail,APAC,Strategic,1480716167.0,7679
A00493,Synthetic Account 493,Technology,APAC,Commercial,739540175.0,3881
A00494,Synthetic Account 494,Public Sector,EMEA,Enterprise,529684819.0,2482
A00495,Synthetic Account 495,Financial Services,APAC,Enterprise,1603786786.0,7852
A00496,Synthetic Account 496,Healthcare,North America,Enterprise,853852364.0,5762
A00497,Synthetic Account 497,Automotive,EMEA,Commercial,2638894595.0,23076
A00498,Synthetic Account 498,Consumer Goods,APAC,Enterprise,5469914349.0,26287
A00499,Synthetic Account 499,Consumer Goods,EMEA,Enterprise,471921767.0,3865
A00500,Synthetic Account 500,Technology,Latin America,Enterprise,410508361.0,2949
A00501,Synthetic Account 501,Retail,Latin America,Enterprise,1261757167.0,10481
A00502,Synthetic Account 502,Consumer Goods,EMEA,Enterprise,1048712645.0,7721
A00503,Synthetic Account 503,Telecommunications,Latin America,Enterprise,1792954849.0,9776
A00504,Synthetic Account 504,Telecommunications,APAC,Commercial,1703405105.0,10732
A00505,Synthetic Account 505,Telecommunications,EMEA,Enterprise,475988218.0,3771
A00506,Synthetic Account 506,Consumer Goods,Latin America,Strategic,1205165383.0,6918
A00507,Synthetic Account 507,Public Sector,APAC,Strategic,146574330.0,732
A00508,Synthetic Account 508,Automotive,Latin America,Enterprise,1029584378.0,4506
A00509,Synthetic Account 509,Consumer Goods,Latin America,Enterprise,679564800.0,4279
A00510,Synthetic Account 510,Manufacturing,Latin America,Enterprise,370695136.0,2701
A00511,Synthetic Account 511,Retail,APAC,Enterprise,1291838823.0,8873
A00512,Synthetic Account 512,Retail,North America,Strategic,1660133038.0,12294
A00513,Synthetic Account 513,Healthcare,North America,Enterprise,395920544.0,2332
A00514,Synthetic Account 514,Automotive,Latin America,Strategic,256889437.0,1640
A00515,Synthetic Account 515,Consumer Goods,Latin America,Commercial,199527681.0,1711
A00516,Synthetic Account 516,Automotive,APAC,Commercial,374199453.0,3028
A00517,Synthetic Account 517,Public Sector,APAC,Strategic,277898742.0,1949
A00518,Synthetic Account 518,Healthcare,EMEA,Enterprise,417047050.0,3683
A00519,Synthetic Account 519,Energy,Latin America,Enterprise,924053922.0,7059
A00520,Synthetic Account 520,Consumer Goods,Latin America,Commercial,328494768.0,1771
A00521,Synthetic Account 521,Automotive,North America,Enterprise,8361052992.0,62917
A00522,Synthetic Account 522,Energy,APAC,Commercial,321238843.0,2287
A00523,Synthetic Account 523,Manufacturing,APAC,Enterprise,644451796.0,4513
A00524,Synthetic Account 524,Telecommunications,Latin America,Enterprise,1448103129.0,8936
A00525,Synthetic Account 525,Public Sector,North America,Commercial,2259429961.0,10655
A00526,Synthetic Account 526,Manufacturing,APAC,Enterprise,487281046.0,3302
A00527,Synthetic Account 527,Retail,APAC,Commercial,1298822703.0,6186
A00528,Synthetic Account 528,Energy,North America,Enterprise,1737806018.0,11172
A00529,Synthetic Account 529,Public Sector,APAC,Enterprise,430329378.0,2131
A00530,Synthetic Account 530,Financial Services,APAC,Enterprise,2170412821.0,9768
A00531,Synthetic Account 531,Manufacturing,APAC,Strategic,412982465.0,3144
A00532,Synthetic Account 532,Automotive,North America,Enterprise,614305865.0,2890
A00533,Synthetic Account 533,Automotive,EMEA,Enterprise,800296885.0,5356
A00534,Synthetic Account 534,Technology,Latin America,Commercial,2211920578.0,13779
A00535,Synthetic Account 535,Automotive,APAC,Enterprise,322529924.0,1631
A00536,Synthetic Account 536,Public Sector,APAC,Strategic,1424362465.0,12727
A00537,Synthetic Account 537,Public Sector,Latin America,Enterprise,673360676.0,5663
A00538,Synthetic Account 538,Technology,North America,Enterprise,609731413.0,4285
A00539,Synthetic Account 539,Consumer Goods,APAC,Enterprise,3892767261.0,17641
A00540,Synthetic Account 540,Manufacturing,North America,Enterprise,724967822.0,4872
A00541,Synthetic Account 541,Manufacturing,EMEA,Enterprise,981251064.0,6868
A00542,Synthetic Account 542,Public Sector,Latin America,Enterprise,1571893584.0,7671
A00543,Synthetic Account 543,Public Sector,Latin America,Commercial,2969886672.0,16881
A00544,Synthetic Account 544,Energy,EMEA,Enterprise,182316671.0,913
A00545,Synthetic Account 545,Consumer Goods,APAC,Enterprise,862481434.0,7523
A00546,Synthetic Account 546,Manufacturing,North America,Commercial,1301883576.0,8693
A00547,Synthetic Account 547,Technology,APAC,Commercial,498571679.0,4083
A00548,Synthetic Account 548,Energy,EMEA,Enterprise,2038954881.0,11646
A00549,Synthetic Account 549,Telecommunications,North America,Commercial,710294765.0,3283
A00550,Synthetic Account 550,Healthcare,North America,Commercial,1608186259.0,13629
A00551,Synthetic Account 551,Financial Services,APAC,Enterprise,1849171127.0,16499
A00552,Synthetic Account 552,Automotive,Latin America,Commercial,566278678.0,3631
A00553,Synthetic Account 553,Energy,Latin America,Enterprise,569751543.0,3570
A00554,Synthetic Account 554,Automotive,EMEA,Strategic,1014202741.0,8737
A00555,Synthetic Account 555,Manufacturing,Latin America,Enterprise,884030262.0,5741
A00556,Synthetic Account 556,Public Sector,APAC,Strategic,129149028.0,1042
A00557,Synthetic Account 557,Retail,APAC,Enterprise,2167520889.0,19337
A00558,Synthetic Account 558,Financial Services,APAC,Enterprise,2892770330.0,13842
A00559,Synthetic Account 559,Energy,North America,Enterprise,656345246.0,3684
A00560,Synthetic Account 560,Technology,EMEA,Enterprise,1263077929.0,8202
A00561,Synthetic Account 561,Consumer Goods,APAC,Strategic,13794899708.0,69947
A00562,Synthetic Account 562,Financial Services,APAC,Commercial,690858447.0,5377
A00563,Synthetic Account 563,Manufacturing,APAC,Enterprise,1974672314.0,17039
A00564,Synthetic Account 564,Manufacturing,Latin America,Enterprise,283502709.0,1852
A00565,Synthetic Account 565,Healthcare,Latin America,Enterprise,559390504.0,3198
A00566,Synthetic Account 566,Retail,APAC,Enterprise,1910976599.0,11721
A00567,Synthetic Account 567,Manufacturing,Latin America,Enterprise,355285251.0,2539
A00568,Synthetic Account 568,Healthcare,EMEA,Commercial,1397811064.0,10080
A00569,Synthetic Account 569,Technology,Latin America,Commercial,1534857681.0,9759
A00570,Synthetic Account 570,Telecommunications,North America,Strategic,1762252016.0,7851
A00571,Synthetic Account 571,Energy,North America,Enterprise,264570091.0,2269
A00572,Synthetic Account 572,Financial Services,EMEA,Enterprise,826712697.0,6561
A00573,Synthetic Account 573,Technology,APAC,Enterprise,758405570.0,5494
A00574,Synthetic Account 574,Public Sector,Latin America,Commercial,409781752.0,2842
A00575,Synthetic Account 575,Automotive,EMEA,Enterprise,275263097.0,2128
A00576,Synthetic Account 576,Public Sector,North America,Commercial,1362407127.0,9183
A00577,Synthetic Account 577,Financial Services,North America,Enterprise,112692373.0,855
A00578,Synthetic Account 578,Automotive,EMEA,Enterprise,3870191960.0,20909
A00579,Synthetic Account 579,Manufacturing,Latin America,Commercial,881538389.0,6145
A00580,Synthetic Account 580,Energy,EMEA,Strategic,293148726.0,2004
A00581,Synthetic Account 581,Financial Services,APAC,Enterprise,550086140.0,4531
A00582,Synthetic Account 582,Consumer Goods,Latin America,Commercial,1135077848.0,8918
A00583,Synthetic Account 583,Technology,Latin America,Commercial,2003639080.0,14836
A00584,Synthetic Account 584,Consumer Goods,North America,Strategic,1191749113.0,10287
A00585,Synthetic Account 585,Retail,North America,Strategic,407485229.0,3033
A00586,Synthetic Account 586,Manufacturing,EMEA,Commercial,880466043.0,7315
A00587,Synthetic Account 587,Consumer Goods,North America,Strategic,3143772346.0,16311
A00588,Synthetic Account 588,Energy,EMEA,Strategic,1219410374.0,9186
A00589,Synthetic Account 589,Healthcare,APAC,Enterprise,736004417.0,4712
A00590,Synthetic Account 590,Public Sector,APAC,Enterprise,375229468.0,1946
A00591,Synthetic Account 591,Automotive,Latin America,Enterprise,697324354.0,6209
A00592,Synthetic Account 592,Energy,Latin America,Enterprise,8553120378.0,68326
A00593,Synthetic Account 593,Technology,Latin America,Enterprise,496278065.0,3662
A00594,Synthetic Account 594,Automotive,EMEA,Strategic,425582552.0,3686
A00595,Synthetic Account 595,Consumer Goods,Latin America,Commercial,4342347522.0,21342
A00596,Synthetic Account 596,Healthcare,EMEA,Strategic,237190253.0,1958
A00597,Synthetic Account 597,Energy,North America,Enterprise,1381923561.0,7657
A00598,Synthetic Account 598,Technology,Latin America,Strategic,1069023145.0,5093
A00599,Synthetic Account 599,Retail,EMEA,Commercial,1585441067.0,10560
A00600,Synthetic Account 600,Telecommunications,EMEA,Enterprise,924769515.0,7991
A00601,Synthetic Account 601,Consumer Goods,Latin America,Enterprise,937870240.0,6991
A00602,Synthetic Account 602,Public Sector,APAC,Strategic,1232040710.0,6186
A00603,Synthetic Account 603,Telecommunications,North America,Enterprise,151861780.0,1242
A00604,Synthetic Account 604,Financial Services,North America,Strategic,519560322.0,4344
A00605,Synthetic Account 605,Telecommunications,Latin America,Enterprise,734156078.0,5477
A00606,Synthetic Account 606,Consumer Goods,APAC,Enterprise,2764087096.0,19439
A00607,Synthetic Account 607,Technology,North America,Enterprise,3207601330.0,22030
A00608,Synthetic Account 608,Telecommunications,APAC,Strategic,910537469.0,4579
A00609,Synthetic Account 609,Automotive,North America,Commercial,1175828709.0,7484
A00610,Synthetic Account 610,Energy,APAC,Enterprise,2201582864.0,19147
A00611,Synthetic Account 611,Energy,APAC,Commercial,571069138.0,2957
A00612,Synthetic Account 612,Retail,Latin America,Strategic,730974065.0,5427
A00613,Synthetic Account 613,Public Sector,APAC,Strategic,118195949.0,878
A00614,Synthetic Account 614,Financial Services,Latin America,Enterprise,434074660.0,3239
A00615,Synthetic Account 615,Manufacturing,APAC,Strategic,894850412.0,6278
A00616,Synthetic Account 616,Financial Services,Latin America,Enterprise,1422669779.0,12518
A00617,Synthetic Account 617,Healthcare,APAC,Commercial,2144201326.0,10806
A00618,Synthetic Account 618,Automotive,North America,Enterprise,372468677.0,2604
A00619,Synthetic Account 619,Automotive,North America,Enterprise,2072147376.0,9186
A00620,Synthetic Account 620,Manufacturing,Latin America,Enterprise,2620762170.0,14711
A00621,Synthetic Account 621,Energy,APAC,Strategic,2262170939.0,20085
A00622,Synthetic Account 622,Consumer Goods,North America,Enterprise,960786889.0,6149
A00623,Synthetic Account 623,Technology,Latin America,Commercial,706699766.0,4054
A00624,Synthetic Account 624,Retail,APAC,Commercial,877400679.0,6322
A00625,Synthetic Account 625,Financial Services,North America,Strategic,1286592223.0,11215
A00626,Synthetic Account 626,Manufacturing,North America,Commercial,2055161971.0,16576
A00627,Synthetic Account 627,Automotive,Latin America,Enterprise,177443869.0,967
A00628,Synthetic Account 628,Healthcare,APAC,Strategic,1197108811.0,9946
A00629,Synthetic Account 629,Automotive,North America,Enterprise,592724664.0,4104
A00630,Synthetic Account 630,Technology,North America,Commercial,2172936825.0,13166
A00631,Synthetic Account 631,Manufacturing,APAC,Commercial,728189561.0,3698
A00632,Synthetic Account 632,Manufacturing,EMEA,Commercial,767767360.0,5333
A00633,Synthetic Account 633,Automotive,North America,Enterprise,1433264226.0,9801
A00634,Synthetic Account 634,Consumer Goods,Latin America,Enterprise,440508986.0,2315
A00635,Synthetic Account 635,Healthcare,North America,Strategic,10239054360.0,89081
A00636,Synthetic Account 636,Automotive,North America,Strategic,2920963318.0,21226
A00637,Synthetic Account 637,Healthcare,Latin America,Commercial,730793175.0,3764
A00638,Synthetic Account 638,Public Sector,APAC,Commercial,1739718012.0,10098
A00639,Synthetic Account 639,Telecommunications,APAC,Strategic,1139615534.0,8736
A00640,Synthetic Account 640,Healthcare,EMEA,Enterprise,667325610.0,3924
A00641,Synthetic Account 641,Financial Services,EMEA,Enterprise,5614163917.0,27734
A00642,Synthetic Account 642,Automotive,APAC,Enterprise,6703463151.0,52218
A00643,Synthetic Account 643,Technology,APAC,Enterprise,208835153.0,1364
A00644,Synthetic Account 644,Healthcare,North America,Strategic,590811091.0,2674
A00645,Synthetic Account 645,Financial Services,North America,Enterprise,454450696.0,3533
A00646,Synthetic Account 646,Automotive,Latin America,Enterprise,1684154177.0,10317
A00647,Synthetic Account 647,Public Sector,North America,Enterprise,868198428.0,7604
A00648,Synthetic Account 648,Consumer Goods,North America,Enterprise,2844130315.0,25201
A00649,Synthetic Account 649,Manufacturing,EMEA,Enterprise,1754429611.0,13835
A00650,Synthetic Account 650,Manufacturing,APAC,Strategic,479118457.0,3406
A00651,Synthetic Account 651,Consumer Goods,EMEA,Enterprise,5496232056.0,41278
A00652,Synthetic Account 652,Telecommunications,Latin America,Commercial,906973636.0,7529
A00653,Synthetic Account 653,Automotive,EMEA,Enterprise,1085241117.0,8164
A00654,Synthetic Account 654,Automotive,North America,Enterprise,1381968569.0,10517
A00655,Synthetic Account 655,Consumer Goods,APAC,Commercial,589769150.0,5152
A00656,Synthetic Account 656,Financial Services,North America,Strategic,563418104.0,3310
A00657,Synthetic Account 657,Energy,APAC,Enterprise,482678616.0,2756
A00658,Synthetic Account 658,Automotive,Latin America,Commercial,4240992644.0,33226
A00659,Synthetic Account 659,Healthcare,North America,Enterprise,220425461.0,961
A00660,Synthetic Account 660,Technology,North America,Enterprise,5262943269.0,46681
A00661,Synthetic Account 661,Technology,North America,Strategic,323903289.0,2007
A00662,Synthetic Account 662,Public Sector,North America,Enterprise,2618758989.0,11462
A00663,Synthetic Account 663,Manufacturing,North America,Strategic,1483940581.0,6937
A00664,Synthetic Account 664,Automotive,EMEA,Enterprise,750723131.0,5650
A00665,Synthetic Account 665,Telecommunications,EMEA,Commercial,327822082.0,2029
A00666,Synthetic Account 666,Telecommunications,Latin America,Commercial,1532826747.0,13187
A00667,Synthetic Account 667,Technology,Latin America,Enterprise,430011150.0,2165
A00668,Synthetic Account 668,Energy,EMEA,Strategic,1834000666.0,9794
A00669,Synthetic Account 669,Energy,North America,Commercial,119876875.0,1044
A00670,Synthetic Account 670,Telecommunications,EMEA,Enterprise,4180551211.0,31830
A00671,Synthetic Account 671,Automotive,North America,Strategic,306852553.0,1657
A00672,Synthetic Account 672,Energy,Latin America,Commercial,8339944872.0,53723
A00673,Synthetic Account 673,Manufacturing,North America,Enterprise,213743579.0,1068
A00674,Synthetic Account 674,Automotive,APAC,Commercial,709171407.0,4596
A00675,Synthetic Account 675,Public Sector,APAC,Enterprise,804238541.0,3785
A00676,Synthetic Account 676,Public Sector,North America,Enterprise,2330411346.0,17313
A00677,Synthetic Account 677,Technology,Latin America,Strategic,441134652.0,2407
A00678,Synthetic Account 678,Consumer Goods,APAC,Commercial,696029468.0,4871
A00679,Synthetic Account 679,Public Sector,Latin America,Strategic,1035709641.0,7151
A00680,Synthetic Account 680,Automotive,APAC,Enterprise,2023475266.0,10071
A00681,Synthetic Account 681,Retail,North America,Strategic,1452778151.0,10342
A00682,Synthetic Account 682,Energy,North America,Enterprise,2793919267.0,14848
A00683,Synthetic Account 683,Healthcare,North America,Commercial,304146254.0,2238
A00684,Synthetic Account 684,Public Sector,North America,Commercial,481161270.0,2861
A00685,Synthetic Account 685,Retail,Latin America,Enterprise,445305281.0,2817
A00686,Synthetic Account 686,Telecommunications,EMEA,Enterprise,1465012591.0,10000
A00687,Synthetic Account 687,Healthcare,EMEA,Enterprise,463890076.0,2107
A00688,Synthetic Account 688,Financial Services,North America,Commercial,1281137938.0,8107
A00689,Synthetic Account 689,Energy,EMEA,Enterprise,1233775335.0,5444
A00690,Synthetic Account 690,Telecommunications,APAC,Enterprise,1202053444.0,5765
A00691,Synthetic Account 691,Consumer Goods,North America,Enterprise,504226898.0,2219
A00692,Synthetic Account 692,Public Sector,EMEA,Strategic,822464700.0,4528
A00693,Synthetic Account 693,Financial Services,North America,Strategic,468217650.0,2717
A00694,Synthetic Account 694,Public Sector,Latin America,Commercial,1204161620.0,10723
A00695,Synthetic Account 695,Financial Services,APAC,Strategic,1466257802.0,8761
A00696,Synthetic Account 696,Public Sector,EMEA,Enterprise,799009941.0,5344
A00697,Synthetic Account 697,Energy,EMEA,Enterprise,2818094825.0,14296
A00698,Synthetic Account 698,Financial Services,North America,Commercial,1552159606.0,8880
A00699,Synthetic Account 699,Retail,Latin America,Enterprise,1942756815.0,11173
A00700,Synthetic Account 700,Automotive,Latin America,Commercial,4192193045.0,37259
A00701,Synthetic Account 701,Manufacturing,APAC,Enterprise,271337874.0,2131
A00702,Synthetic Account 702,Consumer Goods,North America,Enterprise,3661707044.0,28768
A00703,Synthetic Account 703,Telecommunications,EMEA,Strategic,358130753.0,2567
A00704,Synthetic Account 704,Telecommunications,EMEA,Enterprise,4302728670.0,25894
A00705,Synthetic Account 705,Technology,North America,Strategic,1406707750.0,12053
A00706,Synthetic Account 706,Healthcare,EMEA,Strategic,1298884328.0,8672
A00707,Synthetic Account 707,Manufacturing,APAC,Strategic,346874929.0,3072
A00708,Synthetic Account 708,Energy,North America,Enterprise,1701136475.0,8961
A00709,Synthetic Account 709,Public Sector,APAC,Commercial,467596108.0,3961
A00710,Synthetic Account 710,Technology,Latin America,Enterprise,473771654.0,3841
A00711,Synthetic Account 711,Retail,Latin America,Commercial,3385688286.0,22064
A00712,Synthetic Account 712,Financial Services,APAC,Enterprise,1258715690.0,9194
A00713,Synthetic Account 713,Technology,North America,Commercial,1363823490.0,9356
A00714,Synthetic Account 714,Automotive,North America,Enterprise,132190588.0,855
A00715,Synthetic Account 715,Telecommunications,North America,Enterprise,680996438.0,5117
A00716,Synthetic Account 716,Technology,APAC,Enterprise,1056201397.0,5794
A00717,Synthetic Account 717,Manufacturing,North America,Strategic,3906266238.0,25545
A00718,Synthetic Account 718,Healthcare,North America,Enterprise,854685503.0,5546
A00719,Synthetic Account 719,Energy,Latin America,Strategic,1008607967.0,7023
A00720,Synthetic Account 720,Healthcare,EMEA,Enterprise,1137374356.0,10020
A00721,Synthetic Account 721,Telecommunications,APAC,Enterprise,817539271.0,6058
A00722,Synthetic Account 722,Retail,North America,Enterprise,159864225.0,1023
A00723,Synthetic Account 723,Manufacturing,APAC,Enterprise,752293385.0,6658
A00724,Synthetic Account 724,Automotive,EMEA,Commercial,3488304653.0,30340
A00725,Synthetic Account 725,Energy,North America,Commercial,679664948.0,3732
A00726,Synthetic Account 726,Telecommunications,Latin America,Enterprise,154573406.0,688
A00727,Synthetic Account 727,Technology,Latin America,Commercial,458633214.0,2798
A00728,Synthetic Account 728,Healthcare,APAC,Enterprise,324430418.0,2364
A00729,Synthetic Account 729,Technology,Latin America,Strategic,162946760.0,948
A00730,Synthetic Account 730,Retail,Latin America,Commercial,619716585.0,3910
A00731,Synthetic Account 731,Telecommunications,EMEA,Enterprise,680351584.0,4110
A00732,Synthetic Account 732,Energy,APAC,Enterprise,2291573477.0,11393
A00733,Synthetic Account 733,Telecommunications,EMEA,Enterprise,605184716.0,5398
A00734,Synthetic Account 734,Healthcare,EMEA,Strategic,2480054324.0,18102
A00735,Synthetic Account 735,Automotive,North America,Commercial,1329317753.0,7775
A00736,Synthetic Account 736,Retail,Latin America,Enterprise,1110034108.0,9279
A00737,Synthetic Account 737,Energy,North America,Enterprise,414868120.0,2607
A00738,Synthetic Account 738,Technology,EMEA,Enterprise,2540678357.0,21209
A00739,Synthetic Account 739,Automotive,North America,Enterprise,362296610.0,2515
A00740,Synthetic Account 740,Energy,APAC,Enterprise,2316721664.0,15839
A00741,Synthetic Account 741,Financial Services,North America,Enterprise,923697584.0,7188
A00742,Synthetic Account 742,Consumer Goods,Latin America,Commercial,2006433078.0,16604
A00743,Synthetic Account 743,Healthcare,North America,Enterprise,1011607675.0,8080
A00744,Synthetic Account 744,Technology,APAC,Strategic,203798564.0,1669
A00745,Synthetic Account 745,Manufacturing,Latin America,Enterprise,512652787.0,3939
A00746,Synthetic Account 746,Technology,North America,Enterprise,940307857.0,5000
A00747,Synthetic Account 747,Financial Services,North America,Strategic,3037212651.0,22538
A00748,Synthetic Account 748,Consumer Goods,APAC,Commercial,1541018261.0,6773
A00749,Synthetic Account 749,Technology,APAC,Strategic,203088380.0,962
A00750,Synthetic Account 750,Energy,Latin America,Enterprise,1036138965.0,6899
A00751,Synthetic Account 751,Public Sector,APAC,Enterprise,3762047124.0,24243
A00752,Synthetic Account 752,Public Sector,EMEA,Enterprise,2152320574.0,18150
A00753,Synthetic Account 753,Automotive,North America,Commercial,1932195100.0,10003
A00754,Synthetic Account 754,Energy,APAC,Enterprise,522334762.0,3258
A00755,Synthetic Account 755,Public Sector,EMEA,Enterprise,533563736.0,3973
A00756,Synthetic Account 756,Manufacturing,Latin America,Enterprise,1113194916.0,8729
A00757,Synthetic Account 757,Retail,APAC,Commercial,1080716516.0,7157
A00758,Synthetic Account 758,Manufacturing,APAC,Strategic,759118622.0,5177
A00759,Synthetic Account 759,Public Sector,APAC,Strategic,613443840.0,3911
A00760,Synthetic Account 760,Retail,EMEA,Enterprise,357009429.0,2752
A00761,Synthetic Account 761,Financial Services,APAC,Commercial,2979842516.0,19531
A00762,Synthetic Account 762,Retail,APAC,Enterprise,371587285.0,2796
A00763,Synthetic Account 763,Energy,EMEA,Strategic,2662959077.0,23954
A00764,Synthetic Account 764,Technology,North America,Strategic,100632403.0,743
A00765,Synthetic Account 765,Manufacturing,Latin America,Strategic,2941047778.0,17007
A00766,Synthetic Account 766,Consumer Goods,APAC,Enterprise,576418073.0,3852
A00767,Synthetic Account 767,Energy,North America,Enterprise,2296223969.0,14847
A00768,Synthetic Account 768,Automotive,Latin America,Enterprise,1230021207.0,9165
A00769,Synthetic Account 769,Telecommunications,EMEA,Enterprise,291945703.0,1522
A00770,Synthetic Account 770,Consumer Goods,Latin America,Enterprise,1163361117.0,7145
A00771,Synthetic Account 771,Technology,Latin America,Strategic,3118576734.0,26903
A00772,Synthetic Account 772,Consumer Goods,North America,Enterprise,1850130191.0,11318
A00773,Synthetic Account 773,Telecommunications,Latin America,Enterprise,908202021.0,7464
A00774,Synthetic Account 774,Healthcare,APAC,Enterprise,1215070830.0,10680
A00775,Synthetic Account 775,Public Sector,Latin America,Strategic,890364079.0,4637
A00776,Synthetic Account 776,Consumer Goods,Latin America,Strategic,2184979378.0,19106
A00777,Synthetic Account 777,Technology,APAC,Enterprise,3578639657.0,16929
A00778,Synthetic Account 778,Public Sector,Latin America,Strategic,3899555501.0,23365
A00779,Synthetic Account 779,Healthcare,EMEA,Commercial,1434845801.0,8205
A00780,Synthetic Account 780,Consumer Goods,EMEA,Commercial,5848424968.0,51202
A00781,Synthetic Account 781,Manufacturing,EMEA,Commercial,367476354.0,1880
A00782,Synthetic Account 782,Manufacturing,Latin America,Enterprise,322457472.0,2426
A00783,Synthetic Account 783,Retail,Latin America,Commercial,2141858423.0,17259
A00784,Synthetic Account 784,Healthcare,EMEA,Commercial,1843440358.0,9319
A00785,Synthetic Account 785,Financial Services,APAC,Enterprise,1570608344.0,11658
A00786,Synthetic Account 786,Healthcare,EMEA,Enterprise,3426420557.0,24811
A00787,Synthetic Account 787,Consumer Goods,EMEA,Strategic,442053344.0,2426
A00788,Synthetic Account 788,Manufacturing,APAC,Commercial,1624567686.0,12784
A00789,Synthetic Account 789,Manufacturing,North America,Enterprise,870521883.0,4394
A00790,Synthetic Account 790,Technology,Latin America,Commercial,586411674.0,3810
A00791,Synthetic Account 791,Financial Services,North America,Enterprise,1040798630.0,9233
A00792,Synthetic Account 792,Retail,Latin America,Enterprise,292337917.0,2615
A00793,Synthetic Account 793,Financial Services,Latin America,Commercial,1707790092.0,13742
A00794,Synthetic Account 794,Healthcare,EMEA,Enterprise,1572800065.0,8741
A00795,Synthetic Account 795,Technology,North America,Strategic,1950751523.0,11974
A00796,Synthetic Account 796,Automotive,Latin America,Strategic,2061891735.0,10555
A00797,Synthetic Account 797,Financial Services,North America,Commercial,320763373.0,2247
A00798,Synthetic Account 798,Consumer Goods,EMEA,Commercial,1033496177.0,8247
A00799,Synthetic Account 799,Healthcare,EMEA,Strategic,393561695.0,3138
A00800,Synthetic Account 800,Consumer Goods,EMEA,Commercial,197644327.0,1663
A00801,Synthetic Account 801,Consumer Goods,EMEA,Enterprise,613291028.0,5229
A00802,Synthetic Account 802,Healthcare,EMEA,Enterprise,372651799.0,1922
A00803,Synthetic Account 803,Automotive,APAC,Enterprise,1734873741.0,10560
A00804,Synthetic Account 804,Financial Services,North America,Enterprise,307096766.0,1444
A00805,Synthetic Account 805,Manufacturing,APAC,Enterprise,1987484628.0,15200
A00806,Synthetic Account 806,Manufacturing,APAC,Commercial,498488379.0,2289
A00807,Synthetic Account 807,Technology,APAC,Strategic,1360932928.0,9422
A00808,Synthetic Account 808,Automotive,APAC,Strategic,601498599.0,4078
A00809,Synthetic Account 809,Consumer Goods,APAC,Enterprise,457207402.0,3604
A00810,Synthetic Account 810,Retail,EMEA,Strategic,3179669433.0,19437
A00811,Synthetic Account 811,Consumer Goods,APAC,Commercial,2094786732.0,16031
A00812,Synthetic Account 812,Technology,North America,Strategic,284279586.0,1399
A00813,Synthetic Account 813,Automotive,North America,Strategic,2591499827.0,20345
A00814,Synthetic Account 814,Healthcare,APAC,Strategic,1836009538.0,9381
A00815,Synthetic Account 815,Manufacturing,North America,Enterprise,640613278.0,4167
A00816,Synthetic Account 816,Healthcare,APAC,Enterprise,13216500872.0,101585
A00817,Synthetic Account 817,Consumer Goods,APAC,Enterprise,1651589656.0,14121
A00818,Synthetic Account 818,Consumer Goods,Latin America,Enterprise,2737757170.0,24226
A00819,Synthetic Account 819,Technology,APAC,Enterprise,1269882355.0,10715
A00820,Synthetic Account 820,Public Sector,North America,Enterprise,503991349.0,3957
A00821,Synthetic Account 821,Automotive,Latin America,Enterprise,213416640.0,1391
A00822,Synthetic Account 822,Automotive,EMEA,Commercial,675366728.0,2988
A00823,Synthetic Account 823,Financial Services,APAC,Enterprise,97603472.0,753
A00824,Synthetic Account 824,Automotive,Latin America,Enterprise,2695563071.0,12896
A00825,Synthetic Account 825,Technology,EMEA,Enterprise,2318527309.0,18027
A00826,Synthetic Account 826,Technology,North America,Enterprise,730401003.0,5680
A00827,Synthetic Account 827,Financial Services,EMEA,Enterprise,380412651.0,1907
A00828,Synthetic Account 828,Telecommunications,Latin America,Commercial,565189796.0,4688
A00829,Synthetic Account 829,Manufacturing,Latin America,Enterprise,2115353315.0,10647
A00830,Synthetic Account 830,Technology,APAC,Strategic,297885390.0,2482
A00831,Synthetic Account 831,Financial Services,Latin America,Strategic,332369337.0,2663
A00832,Synthetic Account 832,Financial Services,EMEA,Enterprise,2221373007.0,10733
A00833,Synthetic Account 833,Public Sector,EMEA,Strategic,1449540408.0,11919
A00834,Synthetic Account 834,Telecommunications,North America,Enterprise,4490513384.0,19900
A00835,Synthetic Account 835,Technology,EMEA,Strategic,901198229.0,4034
A00836,Synthetic Account 836,Automotive,North America,Strategic,394452345.0,2857
A00837,Synthetic Account 837,Manufacturing,North America,Enterprise,782524410.0,4504
A00838,Synthetic Account 838,Manufacturing,EMEA,Enterprise,758368093.0,3813
A00839,Synthetic Account 839,Financial Services,EMEA,Strategic,1624574848.0,13414
A00840,Synthetic Account 840,Retail,North America,Enterprise,548247913.0,4116
A00841,Synthetic Account 841,Technology,North America,Enterprise,911016386.0,7148
A00842,Synthetic Account 842,Healthcare,Latin America,Strategic,513889160.0,4608
A00843,Synthetic Account 843,Automotive,EMEA,Strategic,1119660824.0,9247
A00844,Synthetic Account 844,Financial Services,North America,Commercial,2734948427.0,22380
A00845,Synthetic Account 845,Public Sector,Latin America,Strategic,50000000.0,500
A00846,Synthetic Account 846,Energy,APAC,Commercial,1034483754.0,5677
A00847,Synthetic Account 847,Financial Services,APAC,Strategic,1774583766.0,11660
A00848,Synthetic Account 848,Public Sector,EMEA,Enterprise,605013990.0,3595
A00849,Synthetic Account 849,Manufacturing,APAC,Enterprise,1476716465.0,11493
A00850,Synthetic Account 850,Public Sector,APAC,Enterprise,1865097758.0,13671
A00851,Synthetic Account 851,Consumer Goods,North America,Enterprise,1124091464.0,5323
A00852,Synthetic Account 852,Healthcare,APAC,Commercial,163139009.0,1194
A00853,Synthetic Account 853,Financial Services,EMEA,Enterprise,1615290875.0,11735
A00854,Synthetic Account 854,Financial Services,EMEA,Enterprise,676260833.0,5529
A00855,Synthetic Account 855,Automotive,North America,Enterprise,1125809864.0,9673
A00856,Synthetic Account 856,Telecommunications,North America,Commercial,473474729.0,2725
A00857,Synthetic Account 857,Automotive,EMEA,Enterprise,13502742876.0,92406
A00858,Synthetic Account 858,Manufacturing,North America,Strategic,1386165529.0,7511
A00859,Synthetic Account 859,Technology,North America,Enterprise,543615540.0,3379
A00860,Synthetic Account 860,Automotive,EMEA,Strategic,1167081858.0,7240
A00861,Synthetic Account 861,Telecommunications,APAC,Commercial,241750105.0,1843
A00862,Synthetic Account 862,Energy,North America,Commercial,1518120006.0,11296
A00863,Synthetic Account 863,Manufacturing,Latin America,Enterprise,907752647.0,7414
A00864,Synthetic Account 864,Manufacturing,North America,Enterprise,556889308.0,2435
A00865,Synthetic Account 865,Financial Services,North America,Enterprise,291270129.0,1696
A00866,Synthetic Account 866,Technology,North America,Commercial,798101485.0,5022
A00867,Synthetic Account 867,Financial Services,APAC,Commercial,922626437.0,7185
A00868,Synthetic Account 868,Automotive,Latin America,Commercial,2384249387.0,20743
A00869,Synthetic Account 869,Technology,Latin America,Commercial,721711920.0,4899
A00870,Synthetic Account 870,Technology,North America,Enterprise,3737320926.0,32394
A00871,Synthetic Account 871,Retail,Latin America,Enterprise,4716648791.0,32905
A00872,Synthetic Account 872,Retail,Latin America,Enterprise,251139601.0,1848
A00873,Synthetic Account 873,Healthcare,Latin America,Strategic,784293378.0,3566
A00874,Synthetic Account 874,Healthcare,Latin America,Strategic,658110892.0,5150
A00875,Synthetic Account 875,Retail,Latin America,Enterprise,3234539789.0,23760
A00876,Synthetic Account 876,Healthcare,North America,Enterprise,1087064416.0,4795
A00877,Synthetic Account 877,Energy,EMEA,Enterprise,2579679906.0,19541
A00878,Synthetic Account 878,Public Sector,APAC,Enterprise,1089400366.0,8024
A00879,Synthetic Account 879,Energy,Latin America,Enterprise,2239850579.0,19368
A00880,Synthetic Account 880,Manufacturing,APAC,Commercial,170341798.0,1402
A00881,Synthetic Account 881,Automotive,North America,Enterprise,499586974.0,3410
A00882,Synthetic Account 882,Retail,Latin America,Commercial,2137169863.0,18233
A00883,Synthetic Account 883,Telecommunications,EMEA,Strategic,1492576834.0,7911
A00884,Synthetic Account 884,Financial Services,Latin America,Strategic,2934405315.0,23393
A00885,Synthetic Account 885,Automotive,North America,Strategic,719052484.0,4424
A00886,Synthetic Account 886,Telecommunications,APAC,Strategic,2261792201.0,19250
A00887,Synthetic Account 887,Manufacturing,Latin America,Strategic,1170352255.0,5686
A00888,Synthetic Account 888,Automotive,North America,Enterprise,779138713.0,4152
A00889,Synthetic Account 889,Manufacturing,APAC,Enterprise,453645241.0,4025
A00890,Synthetic Account 890,Energy,APAC,Strategic,398423993.0,3174
A00891,Synthetic Account 891,Automotive,APAC,Commercial,707279919.0,4557
A00892,Synthetic Account 892,Energy,Latin America,Enterprise,1732860402.0,13739
A00893,Synthetic Account 893,Healthcare,EMEA,Enterprise,257516038.0,1911
A00894,Synthetic Account 894,Technology,Latin America,Commercial,2668403682.0,15778
A00895,Synthetic Account 895,Consumer Goods,EMEA,Enterprise,486848517.0,3858
A00896,Synthetic Account 896,Healthcare,Latin America,Enterprise,1318983149.0,9662
A00897,Synthetic Account 897,Technology,Latin America,Enterprise,1844746568.0,12175
A00898,Synthetic Account 898,Manufacturing,EMEA,Enterprise,487987130.0,3225
A00899,Synthetic Account 899,Technology,North America,Enterprise,1267642652.0,5534
A00900,Synthetic Account 900,Manufacturing,APAC,Enterprise,737366602.0,3857
A00901,Synthetic Account 901,Healthcare,North America,Enterprise,485988701.0,2698
A00902,Synthetic Account 902,Consumer Goods,APAC,Strategic,1281130401.0,6058
A00903,Synthetic Account 903,Public Sector,EMEA,Enterprise,736139967.0,4729
A00904,Synthetic Account 904,Telecommunications,APAC,Strategic,273990811.0,1379
A00905,Synthetic Account 905,Energy,Latin America,Enterprise,1907511578.0,15994
A00906,Synthetic Account 906,Financial Services,APAC,Enterprise,137719326.0,747
A00907,Synthetic Account 907,Energy,North America,Enterprise,1100992707.0,5106
A00908,Synthetic Account 908,Public Sector,Latin America,Enterprise,979177167.0,4903
A00909,Synthetic Account 909,Retail,Latin America,Enterprise,3261211341.0,21487
A00910,Synthetic Account 910,Technology,Latin America,Commercial,452110162.0,2443
A00911,Synthetic Account 911,Consumer Goods,Latin America,Enterprise,208030626.0,952
A00912,Synthetic Account 912,Financial Services,Latin America,Enterprise,551707841.0,3930
A00913,Synthetic Account 913,Financial Services,Latin America,Commercial,1307803464.0,10468
A00914,Synthetic Account 914,Technology,APAC,Commercial,708130696.0,5428
A00915,Synthetic Account 915,Consumer Goods,North America,Enterprise,2140313335.0,16886
A00916,Synthetic Account 916,Public Sector,North America,Strategic,925961314.0,4184
A00917,Synthetic Account 917,Technology,Latin America,Enterprise,682944058.0,4577
A00918,Synthetic Account 918,Retail,EMEA,Enterprise,2059376869.0,15736
A00919,Synthetic Account 919,Technology,APAC,Strategic,1759262322.0,8328
A00920,Synthetic Account 920,Energy,Latin America,Enterprise,1167476673.0,8547
A00921,Synthetic Account 921,Automotive,EMEA,Enterprise,616538820.0,5018
A00922,Synthetic Account 922,Public Sector,North America,Enterprise,733061502.0,6129
A00923,Synthetic Account 923,Financial Services,APAC,Enterprise,1413571113.0,12432
A00924,Synthetic Account 924,Retail,North America,Strategic,316123833.0,2570
A00925,Synthetic Account 925,Financial Services,North America,Enterprise,218074094.0,1088
A00926,Synthetic Account 926,Consumer Goods,EMEA,Commercial,152914763.0,1317
A00927,Synthetic Account 927,Financial Services,APAC,Commercial,596247246.0,5324
A00928,Synthetic Account 928,Manufacturing,APAC,Commercial,577068320.0,2652
A00929,Synthetic Account 929,Healthcare,Latin America,Strategic,2346651062.0,19789
A00930,Synthetic Account 930,Automotive,EMEA,Enterprise,1404274796.0,9971
A00931,Synthetic Account 931,Financial Services,EMEA,Strategic,6209770089.0,36436
A00932,Synthetic Account 932,Energy,North America,Commercial,10006428100.0,62530
A00933,Synthetic Account 933,Retail,North America,Enterprise,418555557.0,2632
A00934,Synthetic Account 934,Manufacturing,EMEA,Commercial,2630029578.0,12050
A00935,Synthetic Account 935,Technology,Latin America,Enterprise,1609541866.0,8004
A00936,Synthetic Account 936,Retail,EMEA,Enterprise,144287450.0,642
A00937,Synthetic Account 937,Healthcare,EMEA,Commercial,521363265.0,4357
A00938,Synthetic Account 938,Automotive,APAC,Strategic,1039352232.0,6128
A00939,Synthetic Account 939,Technology,EMEA,Commercial,2108751605.0,17588
A00940,Synthetic Account 940,Technology,Latin America,Enterprise,942423790.0,4998
A00941,Synthetic Account 941,Technology,EMEA,Enterprise,4222914336.0,35367
A00942,Synthetic Account 942,Manufacturing,EMEA,Commercial,4520522635.0,32176
A00943,Synthetic Account 943,Retail,North America,Commercial,1101151956.0,8149
A00944,Synthetic Account 944,Manufacturing,APAC,Commercial,483028612.0,2101
A00945,Synthetic Account 945,Automotive,EMEA,Strategic,1785401733.0,14516
A00946,Synthetic Account 946,Telecommunications,APAC,Enterprise,572673973.0,4064
A00947,Synthetic Account 947,Retail,EMEA,Commercial,798069429.0,6830
A00948,Synthetic Account 948,Retail,APAC,Enterprise,1182628842.0,6983
A00949,Synthetic Account 949,Retail,APAC,Enterprise,1880458888.0,15982
A00950,Synthetic Account 950,Healthcare,North America,Commercial,1042310126.0,5363
A00951,Synthetic Account 951,Public Sector,Latin America,Enterprise,979095292.0,5505
A00952,Synthetic Account 952,Manufacturing,EMEA,Strategic,1233205826.0,7465
A00953,Synthetic Account 953,Consumer Goods,APAC,Strategic,1680491024.0,14802
A00954,Synthetic Account 954,Manufacturing,Latin America,Strategic,1222637686.0,6624
A00955,Synthetic Account 955,Energy,EMEA,Commercial,1530166693.0,11895
A00956,Synthetic Account 956,Consumer Goods,Latin America,Commercial,1344015280.0,10898
A00957,Synthetic Account 957,Manufacturing,EMEA,Commercial,1455153414.0,9140
A00958,Synthetic Account 958,Retail,North America,Enterprise,5054991448.0,40177
A00959,Synthetic Account 959,Telecommunications,North America,Strategic,2453751276.0,21903
A00960,Synthetic Account 960,Healthcare,EMEA,Strategic,1062186514.0,7377
A00961,Synthetic Account 961,Public Sector,APAC,Enterprise,1684943089.0,12705
A00962,Synthetic Account 962,Manufacturing,Latin America,Enterprise,3512415976.0,26681
A00963,Synthetic Account 963,Manufacturing,North America,Strategic,821116804.0,3701
A00964,Synthetic Account 964,Technology,APAC,Enterprise,941927235.0,6368
A00965,Synthetic Account 965,Consumer Goods,North America,Commercial,874092223.0,4553
A00966,Synthetic Account 966,Telecommunications,Latin America,Commercial,5464184587.0,40464
A00967,Synthetic Account 967,Consumer Goods,APAC,Enterprise,2998490236.0,24104
A00968,Synthetic Account 968,Consumer Goods,APAC,Enterprise,247179329.0,1157
A00969,Synthetic Account 969,Consumer Goods,EMEA,Strategic,2211862250.0,15107
A00970,Synthetic Account 970,Manufacturing,North America,Enterprise,220254163.0,1725
A00971,Synthetic Account 971,Retail,North America,Commercial,11630299383.0,68103
A00972,Synthetic Account 972,Manufacturing,APAC,Enterprise,4546043894.0,30701
A00973,Synthetic Account 973,Financial Services,Latin America,Enterprise,1256723615.0,11077
A00974,Synthetic Account 974,Healthcare,APAC,Strategic,746790048.0,5345
A00975,Synthetic Account 975,Manufacturing,Latin America,Enterprise,505007716.0,2892
A00976,Synthetic Account 976,Financial Services,Latin America,Enterprise,1622452096.0,13365
A00977,Synthetic Account 977,Telecommunications,North America,Commercial,558468029.0,2638
A00978,Synthetic Account 978,Financial Services,Latin America,Enterprise,4767488154.0,31766
A00979,Synthetic Account 979,Telecommunications,North America,Enterprise,4593273400.0,40165
A00980,Synthetic Account 980,Automotive,North America,Enterprise,1001955813.0,5411
A00981,Synthetic Account 981,Manufacturing,Latin America,Enterprise,817535855.0,7006
A00982,Synthetic Account 982,Technology,Latin America,Strategic,3491432409.0,17379
A00983,Synthetic Account 983,Telecommunications,EMEA,Enterprise,2739481325.0,16337
A00984,Synthetic Account 984,Retail,Latin America,Strategic,310166301.0,1857
A00985,Synthetic Account 985,Automotive,North America,Enterprise,661220917.0,5371
A00986,Synthetic Account 986,Telecommunications,North America,Commercial,1431033987.0,11097
A00987,Synthetic Account 987,Manufacturing,EMEA,Commercial,1135284736.0,6287
A00988,Synthetic Account 988,Telecommunications,APAC,Enterprise,1998321937.0,17159
A00989,Synthetic Account 989,Technology,APAC,Strategic,166182937.0,893
A00990,Synthetic Account 990,Manufacturing,APAC,Commercial,1876671829.0,16467
A00991,Synthetic Account 991,Retail,APAC,Commercial,1133423620.0,6101
A00992,Synthetic Account 992,Telecommunications,Latin America,Enterprise,7507251203.0,62387
A00993,Synthetic Account 993,Manufacturing,Latin America,Strategic,866242998.0,6095
A00994,Synthetic Account 994,Consumer Goods,APAC,Commercial,3083720822.0,23881
A00995,Synthetic Account 995,Retail,EMEA,Strategic,1279693357.0,8774
A00996,Synthetic Account 996,Public Sector,EMEA,Enterprise,3420225365.0,18498
A00997,Synthetic Account 997,Retail,Latin America,Commercial,686632984.0,3046
A00998,Synthetic Account 998,Healthcare,Latin America,Strategic,350685466.0,2472
A00999,Synthetic Account 999,Automotive,Latin America,Enterprise,7364182041.0,52321
A01000,Synthetic Account 1000,Telecommunications,North America,Enterprise,205758496.0,1689
A01001,Synthetic Account 1001,Technology,EMEA,Commercial,2187844237.0,14815
A01002,Synthetic Account 1002,Telecommunications,North America,Strategic,709668587.0,4314
A01003,Synthetic Account 1003,Automotive,EMEA,Enterprise,743567760.0,4401
A01004,Synthetic Account 1004,Consumer Goods,North America,Commercial,303218040.0,1497
A01005,Synthetic Account 1005,Automotive,APAC,Enterprise,504689841.0,3066
A01006,Synthetic Account 1006,Retail,Latin America,Enterprise,2795412687.0,16086
A01007,Synthetic Account 1007,Consumer Goods,North America,Enterprise,8019150549.0,46941
A01008,Synthetic Account 1008,Technology,Latin America,Enterprise,149769951.0,839
A01009,Synthetic Account 1009,Manufacturing,North America,Commercial,113923357.0,1009
A01010,Synthetic Account 1010,Financial Services,Latin America,Commercial,1697049197.0,8783
A01011,Synthetic Account 1011,Technology,APAC,Commercial,1200319477.0,6443
A01012,Synthetic Account 1012,Automotive,EMEA,Enterprise,2176466699.0,12839
A01013,Synthetic Account 1013,Manufacturing,North America,Commercial,1367344984.0,9803
A01014,Synthetic Account 1014,Healthcare,EMEA,Enterprise,209508565.0,1073
A01015,Synthetic Account 1015,Public Sector,EMEA,Enterprise,574100947.0,4447
A01016,Synthetic Account 1016,Public Sector,EMEA,Strategic,2879413023.0,23017
A01017,Synthetic Account 1017,Telecommunications,APAC,Enterprise,1603426394.0,13286
A01018,Synthetic Account 1018,Energy,Latin America,Enterprise,1428807412.0,7722
A01019,Synthetic Account 1019,Retail,APAC,Enterprise,1825646815.0,14420
A01020,Synthetic Account 1020,Consumer Goods,North America,Commercial,757113199.0,4086
A01021,Synthetic Account 1021,Consumer Goods,APAC,Enterprise,481074991.0,2501
A01022,Synthetic Account 1022,Consumer Goods,North America,Commercial,1479679181.0,7295
A01023,Synthetic Account 1023,Public Sector,APAC,Enterprise,294957840.0,2059
A01024,Synthetic Account 1024,Telecommunications,North America,Strategic,6370835416.0,37204
A01025,Synthetic Account 1025,Manufacturing,EMEA,Enterprise,3775737592.0,25509
A01026,Synthetic Account 1026,Public Sector,Latin America,Commercial,473006456.0,3927
A01027,Synthetic Account 1027,Automotive,Latin America,Enterprise,249623026.0,2121
A01028,Synthetic Account 1028,Healthcare,Latin America,Strategic,569750239.0,3904
A01029,Synthetic Account 1029,Healthcare,North America,Enterprise,17933670155.0,151306
A01030,Synthetic Account 1030,Consumer Goods,North America,Enterprise,1404372551.0,6362
A01031,Synthetic Account 1031,Energy,EMEA,Enterprise,1140239203.0,8299
A01032,Synthetic Account 1032,Consumer Goods,APAC,Enterprise,2960435156.0,20527
A01033,Synthetic Account 1033,Energy,North America,Enterprise,2158756452.0,10989
A01034,Synthetic Account 1034,Automotive,EMEA,Enterprise,424678200.0,2556
A01035,Synthetic Account 1035,Retail,APAC,Enterprise,515459368.0,4341
A01036,Synthetic Account 1036,Manufacturing,EMEA,Strategic,616945570.0,4933
A01037,Synthetic Account 1037,Retail,North America,Enterprise,5986502033.0,35270
A01038,Synthetic Account 1038,Automotive,EMEA,Commercial,4810084728.0,30935
A01039,Synthetic Account 1039,Consumer Goods,APAC,Enterprise,2393633302.0,16879
A01040,Synthetic Account 1040,Financial Services,North America,Enterprise,881463558.0,7404
A01041,Synthetic Account 1041,Technology,Latin America,Enterprise,10634582433.0,80236
A01042,Synthetic Account 1042,Financial Services,EMEA,Commercial,668315656.0,5177
A01043,Synthetic Account 1043,Energy,EMEA,Enterprise,1369748624.0,11889
A01044,Synthetic Account 1044,Energy,North America,Strategic,1647840884.0,13283
A01045,Synthetic Account 1045,Manufacturing,North America,Enterprise,752351120.0,6097
A01046,Synthetic Account 1046,Energy,North America,Enterprise,1481486678.0,12850
A01047,Synthetic Account 1047,Telecommunications,Latin America,Commercial,645828015.0,5128
A01048,Synthetic Account 1048,Public Sector,Latin America,Commercial,1547773873.0,13716
A01049,Synthetic Account 1049,Financial Services,North America,Strategic,2327914505.0,14903
A01050,Synthetic Account 1050,Healthcare,North America,Strategic,4521252725.0,33890
A01051,Synthetic Account 1051,Energy,APAC,Strategic,965433187.0,4921
A01052,Synthetic Account 1052,Technology,North America,Strategic,4825535030.0,23334
A01053,Synthetic Account 1053,Public Sector,EMEA,Enterprise,618411102.0,5491
A01054,Synthetic Account 1054,Public Sector,North America,Enterprise,1153706221.0,5702
A01055,Synthetic Account 1055,Healthcare,Latin America,Enterprise,1477006197.0,7714
A01056,Synthetic Account 1056,Healthcare,EMEA,Strategic,585378077.0,3200
A01057,Synthetic Account 1057,Energy,Latin America,Strategic,1208178519.0,5341
A01058,Synthetic Account 1058,Telecommunications,EMEA,Strategic,181150453.0,1475
A01059,Synthetic Account 1059,Healthcare,North America,Enterprise,1770016396.0,11141
A01060,Synthetic Account 1060,Energy,Latin America,Strategic,1754343515.0,10953
A01061,Synthetic Account 1061,Energy,Latin America,Commercial,1055754680.0,7739
A01062,Synthetic Account 1062,Telecommunications,APAC,Commercial,1590019921.0,10227
A01063,Synthetic Account 1063,Healthcare,North America,Commercial,662817911.0,2976
A01064,Synthetic Account 1064,Healthcare,APAC,Commercial,1968136594.0,12679
A01065,Synthetic Account 1065,Retail,EMEA,Enterprise,3535840541.0,23260
A01066,Synthetic Account 1066,Financial Services,Latin America,Strategic,441232289.0,3558
A01067,Synthetic Account 1067,Public Sector,EMEA,Enterprise,2064430874.0,9412
A01068,Synthetic Account 1068,Public Sector,Latin America,Strategic,1630413623.0,13035
A01069,Synthetic Account 1069,Healthcare,EMEA,Enterprise,779173333.0,3846
A01070,Synthetic Account 1070,Consumer Goods,EMEA,Enterprise,635378366.0,5024
A01071,Synthetic Account 1071,Consumer Goods,APAC,Enterprise,2645990324.0,14088
A01072,Synthetic Account 1072,Financial Services,EMEA,Enterprise,1679720423.0,9226
A01073,Synthetic Account 1073,Consumer Goods,APAC,Enterprise,275741642.0,2103
A01074,Synthetic Account 1074,Consumer Goods,EMEA,Enterprise,971807345.0,7533
A01075,Synthetic Account 1075,Technology,EMEA,Strategic,10618721516.0,68254
A01076,Synthetic Account 1076,Automotive,Latin America,Commercial,1035288042.0,7068
A01077,Synthetic Account 1077,Telecommunications,EMEA,Enterprise,835335615.0,4123
A01078,Synthetic Account 1078,Technology,Latin America,Commercial,63009609.0,500
A01079,Synthetic Account 1079,Financial Services,APAC,Strategic,4326012250.0,20183
A01080,Synthetic Account 1080,Energy,EMEA,Strategic,543468065.0,2487
A01081,Synthetic Account 1081,Manufacturing,EMEA,Enterprise,1973581714.0,10146
A01082,Synthetic Account 1082,Technology,North America,Enterprise,412734781.0,2580
A01083,Synthetic Account 1083,Healthcare,APAC,Enterprise,424766864.0,2678
A01084,Synthetic Account 1084,Telecommunications,EMEA,Strategic,1013825283.0,7112
A01085,Synthetic Account 1085,Telecommunications,Latin America,Enterprise,601435619.0,5218
A01086,Synthetic Account 1086,Telecommunications,Latin America,Enterprise,1897165625.0,14286
A01087,Synthetic Account 1087,Healthcare,APAC,Enterprise,720466423.0,5226
A01088,Synthetic Account 1088,Public Sector,North America,Enterprise,1590725172.0,10399
A01089,Synthetic Account 1089,Consumer Goods,EMEA,Enterprise,5954390506.0,30324
A01090,Synthetic Account 1090,Financial Services,EMEA,Enterprise,396192319.0,3348
A01091,Synthetic Account 1091,Energy,Latin America,Commercial,740417655.0,4255
A01092,Synthetic Account 1092,Telecommunications,EMEA,Enterprise,764404060.0,4418
A01093,Synthetic Account 1093,Consumer Goods,EMEA,Enterprise,777760407.0,3678
A01094,Synthetic Account 1094,Financial Services,EMEA,Commercial,2139861610.0,11833
A01095,Synthetic Account 1095,Financial Services,North America,Enterprise,1782306898.0,15597
A01096,Synthetic Account 1096,Public Sector,Latin America,Commercial,2475852754.0,15544
A01097,Synthetic Account 1097,Telecommunications,Latin America,Enterprise,451689102.0,3189
A01098,Synthetic Account 1098,Automotive,North America,Commercial,7650522503.0,66678
A01099,Synthetic Account 1099,Public Sector,APAC,Strategic,1164424240.0,8813
A01100,Synthetic Account 1100,Energy,Latin America,Enterprise,13317816536.0,62433
A01101,Synthetic Account 1101,Manufacturing,APAC,Commercial,784580417.0,6709
A01102,Synthetic Account 1102,Retail,APAC,Enterprise,1543831300.0,8613
A01103,Synthetic Account 1103,Automotive,North America,Enterprise,401264511.0,2706
A01104,Synthetic Account 1104,Public Sector,APAC,Strategic,406249689.0,2068
A01105,Synthetic Account 1105,Retail,North America,Enterprise,116029484.0,594
A01106,Synthetic Account 1106,Energy,EMEA,Commercial,456311330.0,2071
A01107,Synthetic Account 1107,Financial Services,APAC,Commercial,418598234.0,2030
A01108,Synthetic Account 1108,Retail,APAC,Commercial,1088976685.0,6796
A01109,Synthetic Account 1109,Financial Services,EMEA,Enterprise,425738954.0,2306
A01110,Synthetic Account 1110,Energy,Latin America,Strategic,465352527.0,2042
A01111,Synthetic Account 1111,Retail,North America,Enterprise,242411473.0,1375
A01112,Synthetic Account 1112,Public Sector,EMEA,Commercial,1818669009.0,14423
A01113,Synthetic Account 1113,Public Sector,North America,Enterprise,3674328510.0,18456
A01114,Synthetic Account 1114,Financial Services,EMEA,Strategic,4043309398.0,30393
A01115,Synthetic Account 1115,Automotive,Latin America,Strategic,2721022635.0,12753
A01116,Synthetic Account 1116,Public Sector,Latin America,Enterprise,1920977423.0,15097
A01117,Synthetic Account 1117,Financial Services,APAC,Enterprise,131602266.0,977
A01118,Synthetic Account 1118,Public Sector,North America,Enterprise,726119356.0,3667
A01119,Synthetic Account 1119,Automotive,EMEA,Enterprise,2710825789.0,12636
A01120,Synthetic Account 1120,Energy,EMEA,Enterprise,1355681223.0,9356
A01121,Synthetic Account 1121,Public Sector,EMEA,Enterprise,574082920.0,3203
A01122,Synthetic Account 1122,Automotive,APAC,Commercial,1031230072.0,5062
A01123,Synthetic Account 1123,Energy,APAC,Enterprise,928877034.0,5065
A01124,Synthetic Account 1124,Telecommunications,Latin America,Enterprise,3434109354.0,14887
A01125,Synthetic Account 1125,Manufacturing,North America,Enterprise,3936142273.0,30471
A01126,Synthetic Account 1126,Manufacturing,North America,Enterprise,307455238.0,2718
A01127,Synthetic Account 1127,Public Sector,North America,Enterprise,362431458.0,2901
A01128,Synthetic Account 1128,Automotive,North America,Strategic,1359831661.0,9468
A01129,Synthetic Account 1129,Public Sector,North America,Enterprise,1739128155.0,13329
A01130,Synthetic Account 1130,Automotive,North America,Strategic,2324116201.0,15233
A01131,Synthetic Account 1131,Consumer Goods,APAC,Commercial,2664173931.0,15714
A01132,Synthetic Account 1132,Manufacturing,EMEA,Enterprise,486268039.0,3533
A01133,Synthetic Account 1133,Retail,EMEA,Enterprise,1071322400.0,6565
A01134,Synthetic Account 1134,Public Sector,Latin America,Commercial,2332650959.0,19665
A01135,Synthetic Account 1135,Telecommunications,North America,Enterprise,6097588859.0,47827
A01136,Synthetic Account 1136,Consumer Goods,Latin America,Enterprise,476804680.0,3579
A01137,Synthetic Account 1137,Public Sector,APAC,Strategic,5547227088.0,46043
A01138,Synthetic Account 1138,Manufacturing,EMEA,Enterprise,875352642.0,5495
A01139,Synthetic Account 1139,Telecommunications,Latin America,Strategic,2767802584.0,20007
A01140,Synthetic Account 1140,Retail,North America,Strategic,2710064710.0,12955
A01141,Synthetic Account 1141,Financial Services,Latin America,Enterprise,4628118548.0,33456
A01142,Synthetic Account 1142,Consumer Goods,APAC,Enterprise,1481028250.0,10706
A01143,Synthetic Account 1143,Energy,North America,Enterprise,5771524096.0,44369
A01144,Synthetic Account 1144,Healthcare,North America,Enterprise,50000000.0,500
A01145,Synthetic Account 1145,Energy,EMEA,Strategic,760138536.0,3897
A01146,Synthetic Account 1146,Manufacturing,APAC,Commercial,424827823.0,3792
A01147,Synthetic Account 1147,Telecommunications,Latin America,Enterprise,1036622234.0,8216
A01148,Synthetic Account 1148,Retail,North America,Strategic,180245662.0,1031
A01149,Synthetic Account 1149,Public Sector,North America,Strategic,1680592592.0,11082
A01150,Synthetic Account 1150,Public Sector,North America,Commercial,581266442.0,4969
A01151,Synthetic Account 1151,Retail,Latin America,Enterprise,1056036322.0,4999
A01152,Synthetic Account 1152,Retail,APAC,Enterprise,1610053340.0,11019
A01153,Synthetic Account 1153,Manufacturing,APAC,Enterprise,658405669.0,4693
A01154,Synthetic Account 1154,Public Sector,Latin America,Commercial,1271836667.0,11393
A01155,Synthetic Account 1155,Retail,EMEA,Enterprise,215438441.0,1667
A01156,Synthetic Account 1156,Telecommunications,North America,Enterprise,1231571948.0,10166
A01157,Synthetic Account 1157,Manufacturing,APAC,Strategic,645544211.0,3609
A01158,Synthetic Account 1158,Retail,North America,Enterprise,256860308.0,1853
A01159,Synthetic Account 1159,Retail,Latin America,Strategic,481444829.0,3756
A01160,Synthetic Account 1160,Technology,Latin America,Enterprise,699056653.0,6245
A01161,Synthetic Account 1161,Public Sector,APAC,Strategic,889475536.0,5718
A01162,Synthetic Account 1162,Consumer Goods,Latin America,Commercial,3781005132.0,28795
A01163,Synthetic Account 1163,Telecommunications,APAC,Commercial,2596122971.0,18679
A01164,Synthetic Account 1164,Automotive,APAC,Strategic,779535759.0,6990
A01165,Synthetic Account 1165,Technology,EMEA,Commercial,2485508596.0,21358
A01166,Synthetic Account 1166,Consumer Goods,APAC,Commercial,515132077.0,3587
A01167,Synthetic Account 1167,Public Sector,EMEA,Strategic,221618370.0,1884
A01168,Synthetic Account 1168,Automotive,EMEA,Strategic,1431207584.0,12575
A01169,Synthetic Account 1169,Healthcare,APAC,Enterprise,497472389.0,3063
A01170,Synthetic Account 1170,Energy,Latin America,Strategic,326270003.0,2871
A01171,Synthetic Account 1171,Healthcare,North America,Strategic,650050185.0,4748
A01172,Synthetic Account 1172,Healthcare,APAC,Strategic,1802111220.0,10950
A01173,Synthetic Account 1173,Retail,Latin America,Enterprise,719625652.0,5426
A01174,Synthetic Account 1174,Financial Services,North America,Strategic,2483407343.0,18614
A01175,Synthetic Account 1175,Consumer Goods,North America,Commercial,651107245.0,4387
A01176,Synthetic Account 1176,Public Sector,North America,Enterprise,641967402.0,3967
A01177,Synthetic Account 1177,Consumer Goods,Latin America,Enterprise,5359327248.0,44731
A01178,Synthetic Account 1178,Telecommunications,North America,Strategic,970645408.0,8527
A01179,Synthetic Account 1179,Manufacturing,APAC,Enterprise,965550257.0,8112
A01180,Synthetic Account 1180,Public Sector,EMEA,Enterprise,1250610150.0,8630
A01181,Synthetic Account 1181,Automotive,APAC,Commercial,159798159.0,853
A01182,Synthetic Account 1182,Financial Services,Latin America,Strategic,849304028.0,7451
A01183,Synthetic Account 1183,Financial Services,North America,Commercial,421528934.0,3791
A01184,Synthetic Account 1184,Energy,APAC,Enterprise,127819390.0,786
A01185,Synthetic Account 1185,Public Sector,Latin America,Strategic,492945019.0,3094
A01186,Synthetic Account 1186,Financial Services,APAC,Commercial,324573980.0,1894
A01187,Synthetic Account 1187,Public Sector,APAC,Enterprise,3560348875.0,22577
A01188,Synthetic Account 1188,Automotive,Latin America,Commercial,949247045.0,4977
A01189,Synthetic Account 1189,Public Sector,APAC,Strategic,9517439195.0,65519
A01190,Synthetic Account 1190,Retail,EMEA,Enterprise,878295092.0,4615
A01191,Synthetic Account 1191,Automotive,North America,Enterprise,725980234.0,4140
A01192,Synthetic Account 1192,Retail,EMEA,Enterprise,909698879.0,7179
A01193,Synthetic Account 1193,Telecommunications,North America,Enterprise,959248870.0,8103
A01194,Synthetic Account 1194,Retail,EMEA,Enterprise,71463292.0,500
A01195,Synthetic Account 1195,Healthcare,EMEA,Enterprise,1946686505.0,12908
A01196,Synthetic Account 1196,Financial Services,EMEA,Strategic,445016112.0,3538
A01197,Synthetic Account 1197,Manufacturing,APAC,Strategic,3658231439.0,21047
A01198,Synthetic Account 1198,Automotive,EMEA,Enterprise,632700433.0,2835
A01199,Synthetic Account 1199,Automotive,EMEA,Enterprise,598660729.0,5048
A01200,Synthetic Account 1200,Energy,APAC,Enterprise,210775758.0,954
A01201,Synthetic Account 1201,Manufacturing,APAC,Strategic,1059379113.0,8664
A01202,Synthetic Account 1202,Automotive,EMEA,Strategic,631761045.0,3865
A01203,Synthetic Account 1203,Technology,APAC,Commercial,2365505505.0,16692
A01204,Synthetic Account 1204,Technology,EMEA,Enterprise,339861765.0,1765
A01205,Synthetic Account 1205,Healthcare,Latin America,Commercial,3587472678.0,30946
A01206,Synthetic Account 1206,Public Sector,North America,Enterprise,2363119014.0,19540
A01207,Synthetic Account 1207,Manufacturing,APAC,Commercial,817149271.0,5172
A01208,Synthetic Account 1208,Healthcare,EMEA,Enterprise,1176135270.0,5624
A01209,Synthetic Account 1209,Consumer Goods,APAC,Commercial,3922999283.0,33694
A01210,Synthetic Account 1210,Healthcare,APAC,Enterprise,418101076.0,2323
A01211,Synthetic Account 1211,Technology,EMEA,Enterprise,1395090402.0,12050
A01212,Synthetic Account 1212,Retail,Latin America,Commercial,443465175.0,2144
A01213,Synthetic Account 1213,Energy,APAC,Strategic,1828437419.0,8199
A01214,Synthetic Account 1214,Public Sector,EMEA,Enterprise,1621092775.0,13202
A01215,Synthetic Account 1215,Manufacturing,North America,Commercial,309489030.0,2360
A01216,Synthetic Account 1216,Financial Services,APAC,Enterprise,1249420977.0,5551
A01217,Synthetic Account 1217,Consumer Goods,EMEA,Enterprise,987427104.0,7971
A01218,Synthetic Account 1218,Public Sector,North America,Enterprise,471442420.0,2667
A01219,Synthetic Account 1219,Public Sector,North America,Enterprise,610903818.0,4241
A01220,Synthetic Account 1220,Technology,Latin America,Enterprise,1969601704.0,14227
A01221,Synthetic Account 1221,Consumer Goods,APAC,Enterprise,7677146268.0,64372
A01222,Synthetic Account 1222,Telecommunications,EMEA,Enterprise,247994119.0,2085
A01223,Synthetic Account 1223,Automotive,EMEA,Enterprise,3878443702.0,22941
A01224,Synthetic Account 1224,Telecommunications,Latin America,Commercial,2378283301.0,17689
A01225,Synthetic Account 1225,Public Sector,EMEA,Strategic,344603166.0,1903
A01226,Synthetic Account 1226,Retail,EMEA,Strategic,524619587.0,3888
A01227,Synthetic Account 1227,Healthcare,North America,Strategic,226215104.0,1288
A01228,Synthetic Account 1228,Retail,EMEA,Commercial,287381816.0,2379
A01229,Synthetic Account 1229,Healthcare,EMEA,Strategic,2800466600.0,17124
A01230,Synthetic Account 1230,Automotive,North America,Enterprise,3121607746.0,20093
A01231,Synthetic Account 1231,Healthcare,EMEA,Strategic,376264182.0,3165
A01232,Synthetic Account 1232,Consumer Goods,Latin America,Enterprise,522258320.0,4269
A01233,Synthetic Account 1233,Retail,North America,Commercial,676055613.0,5816
A01234,Synthetic Account 1234,Public Sector,EMEA,Enterprise,946469352.0,7943
A01235,Synthetic Account 1235,Consumer Goods,EMEA,Strategic,706366926.0,4568
A01236,Synthetic Account 1236,Automotive,EMEA,Commercial,965850797.0,8256
A01237,Synthetic Account 1237,Consumer Goods,Latin America,Commercial,433038503.0,3532
A01238,Synthetic Account 1238,Financial Services,Latin America,Enterprise,872027870.0,3966
A01239,Synthetic Account 1239,Automotive,Latin America,Commercial,809697681.0,5291
A01240,Synthetic Account 1240,Retail,North America,Commercial,482917964.0,2796
A01241,Synthetic Account 1241,Automotive,Latin America,Enterprise,586312751.0,2938
A01242,Synthetic Account 1242,Healthcare,North America,Strategic,662454593.0,4329
A01243,Synthetic Account 1243,Telecommunications,Latin America,Strategic,4288536663.0,24022
A01244,Synthetic Account 1244,Healthcare,North America,Enterprise,137921069.0,789
A01245,Synthetic Account 1245,Financial Services,North America,Strategic,438078538.0,2137
A01246,Synthetic Account 1246,Financial Services,APAC,Commercial,3324962955.0,20618
A01247,Synthetic Account 1247,Telecommunications,EMEA,Commercial,884123804.0,6231
A01248,Synthetic Account 1248,Technology,Latin America,Enterprise,279611414.0,1989
A01249,Synthetic Account 1249,Consumer Goods,EMEA,Strategic,1059656524.0,6948
A01250,Synthetic Account 1250,Financial Services,EMEA,Strategic,382596605.0,3194
A01251,Synthetic Account 1251,Retail,Latin America,Strategic,567926036.0,3868
A01252,Synthetic Account 1252,Consumer Goods,Latin America,Commercial,820016760.0,3645
A01253,Synthetic Account 1253,Healthcare,Latin America,Enterprise,1610672862.0,11899
A01254,Synthetic Account 1254,Energy,EMEA,Commercial,1151075293.0,9609
A01255,Synthetic Account 1255,Consumer Goods,Latin America,Commercial,716659055.0,4845
A01256,Synthetic Account 1256,Financial Services,North America,Enterprise,762070999.0,6361
A01257,Synthetic Account 1257,Automotive,North America,Strategic,1019427484.0,4570
A01258,Synthetic Account 1258,Consumer Goods,Latin America,Strategic,1705116058.0,9623
A01259,Synthetic Account 1259,Telecommunications,North America,Enterprise,156306983.0,927
A01260,Synthetic Account 1260,Public Sector,EMEA,Strategic,153539576.0,1272
A01261,Synthetic Account 1261,Telecommunications,North America,Enterprise,292364897.0,2261
A01262,Synthetic Account 1262,Telecommunications,North America,Strategic,543273078.0,4107
A01263,Synthetic Account 1263,Manufacturing,North America,Enterprise,799746088.0,7094
A01264,Synthetic Account 1264,Healthcare,North America,Strategic,8279756135.0,40700
A01265,Synthetic Account 1265,Consumer Goods,Latin America,Enterprise,4698644732.0,31154
A01266,Synthetic Account 1266,Manufacturing,APAC,Commercial,6990072815.0,46090
A01267,Synthetic Account 1267,Manufacturing,Latin America,Enterprise,507569177.0,3126
A01268,Synthetic Account 1268,Telecommunications,Latin America,Enterprise,2571652267.0,18035
A01269,Synthetic Account 1269,Telecommunications,Latin America,Strategic,227430546.0,1587
A01270,Synthetic Account 1270,Telecommunications,Latin America,Enterprise,767738350.0,6702
A01271,Synthetic Account 1271,Telecommunications,APAC,Strategic,1041626628.0,7131
A01272,Synthetic Account 1272,Retail,EMEA,Enterprise,1830570165.0,9358
A01273,Synthetic Account 1273,Manufacturing,APAC,Enterprise,313279974.0,2486
A01274,Synthetic Account 1274,Manufacturing,APAC,Enterprise,1131781129.0,9424
A01275,Synthetic Account 1275,Consumer Goods,Latin America,Strategic,403091420.0,3416
A01276,Synthetic Account 1276,Retail,Latin America,Enterprise,1059441869.0,4651
A01277,Synthetic Account 1277,Technology,APAC,Commercial,956195218.0,7997
A01278,Synthetic Account 1278,Manufacturing,EMEA,Enterprise,971773379.0,6228
A01279,Synthetic Account 1279,Telecommunications,APAC,Enterprise,191453548.0,1616
A01280,Synthetic Account 1280,Technology,Latin America,Enterprise,464088736.0,2779
A01281,Synthetic Account 1281,Financial Services,EMEA,Strategic,268250535.0,2265
A01282,Synthetic Account 1282,Financial Services,APAC,Strategic,2005914007.0,15892
A01283,Synthetic Account 1283,Financial Services,APAC,Strategic,2045478652.0,13035
A01284,Synthetic Account 1284,Energy,EMEA,Commercial,7611084503.0,58804
A01285,Synthetic Account 1285,Public Sector,North America,Strategic,641783011.0,5558
A01286,Synthetic Account 1286,Public Sector,APAC,Commercial,2779522723.0,14114
A01287,Synthetic Account 1287,Manufacturing,EMEA,Enterprise,2040748079.0,14572
A01288,Synthetic Account 1288,Manufacturing,Latin America,Strategic,1370620576.0,11282
A01289,Synthetic Account 1289,Technology,EMEA,Commercial,1091419477.0,6838
A01290,Synthetic Account 1290,Telecommunications,APAC,Commercial,3456538411.0,20382
A01291,Synthetic Account 1291,Retail,Latin America,Strategic,288483774.0,1644
A01292,Synthetic Account 1292,Consumer Goods,EMEA,Strategic,898311858.0,7463
A01293,Synthetic Account 1293,Manufacturing,Latin America,Strategic,1549824667.0,11778
A01294,Synthetic Account 1294,Public Sector,EMEA,Enterprise,2063901820.0,15139
A01295,Synthetic Account 1295,Consumer Goods,North America,Strategic,943016511.0,6667
A01296,Synthetic Account 1296,Energy,North America,Enterprise,2904217681.0,14597
A01297,Synthetic Account 1297,Consumer Goods,Latin America,Commercial,1663743341.0,10044
A01298,Synthetic Account 1298,Technology,Latin America,Enterprise,733898114.0,5989
A01299,Synthetic Account 1299,Energy,EMEA,Commercial,410829175.0,2149
A01300,Synthetic Account 1300,Consumer Goods,APAC,Commercial,1693078006.0,9116
A01301,Synthetic Account 1301,Manufacturing,EMEA,Strategic,2938021782.0,15064
A01302,Synthetic Account 1302,Telecommunications,EMEA,Enterprise,221356773.0,1949
A01303,Synthetic Account 1303,Healthcare,EMEA,Strategic,535382845.0,4264
A01304,Synthetic Account 1304,Public Sector,Latin America,Commercial,664059211.0,3133
A01305,Synthetic Account 1305,Energy,North America,Strategic,6385392550.0,37309
A01306,Synthetic Account 1306,Manufacturing,North America,Commercial,3168007001.0,19106
A01307,Synthetic Account 1307,Manufacturing,North America,Strategic,461307205.0,3548
A01308,Synthetic Account 1308,Healthcare,EMEA,Commercial,891013095.0,5065
A01309,Synthetic Account 1309,Healthcare,Latin America,Enterprise,543789569.0,4631
A01310,Synthetic Account 1310,Manufacturing,APAC,Enterprise,3303224296.0,20375
A01311,Synthetic Account 1311,Automotive,EMEA,Strategic,944763441.0,6329
A01312,Synthetic Account 1312,Technology,Latin America,Enterprise,2141929734.0,17000
A01313,Synthetic Account 1313,Financial Services,North America,Commercial,1165003611.0,6011
A01314,Synthetic Account 1314,Financial Services,APAC,Enterprise,168553124.0,1363
A01315,Synthetic Account 1315,Consumer Goods,EMEA,Enterprise,9925922545.0,62968
A01316,Synthetic Account 1316,Manufacturing,North America,Enterprise,436856742.0,2249
A01317,Synthetic Account 1317,Financial Services,Latin America,Commercial,3005788727.0,25259
A01318,Synthetic Account 1318,Manufacturing,North America,Commercial,2893684448.0,14306
A01319,Synthetic Account 1319,Public Sector,North America,Enterprise,5437779931.0,35940
A01320,Synthetic Account 1320,Retail,APAC,Strategic,454146800.0,3354
A01321,Synthetic Account 1321,Automotive,North America,Enterprise,1081996223.0,8861
A01322,Synthetic Account 1322,Retail,North America,Enterprise,1626804838.0,7378
A01323,Synthetic Account 1323,Public Sector,Latin America,Strategic,1078636304.0,8896
A01324,Synthetic Account 1324,Manufacturing,APAC,Strategic,1982991137.0,14557
A01325,Synthetic Account 1325,Healthcare,North America,Enterprise,1437703857.0,7259
A01326,Synthetic Account 1326,Public Sector,Latin America,Strategic,722660761.0,3379
A01327,Synthetic Account 1327,Technology,EMEA,Commercial,382228059.0,2887
A01328,Synthetic Account 1328,Financial Services,Latin America,Enterprise,1915584380.0,8354
A01329,Synthetic Account 1329,Consumer Goods,EMEA,Strategic,886524900.0,5955
A01330,Synthetic Account 1330,Healthcare,EMEA,Commercial,833600865.0,7120
A01331,Synthetic Account 1331,Financial Services,APAC,Strategic,1293563092.0,6771
A01332,Synthetic Account 1332,Automotive,North America,Enterprise,725436474.0,4733
A01333,Synthetic Account 1333,Financial Services,Latin America,Enterprise,145307283.0,766
A01334,Synthetic Account 1334,Financial Services,APAC,Commercial,615272551.0,5292
A01335,Synthetic Account 1335,Consumer Goods,Latin America,Strategic,626448786.0,4227
A01336,Synthetic Account 1336,Manufacturing,North America,Commercial,1184222266.0,7409
A01337,Synthetic Account 1337,Automotive,North America,Enterprise,1021761470.0,8760
A01338,Synthetic Account 1338,Retail,North America,Enterprise,3881336060.0,28560
A01339,Synthetic Account 1339,Technology,Latin America,Enterprise,1550059977.0,12910
A01340,Synthetic Account 1340,Telecommunications,APAC,Commercial,1320428811.0,6765
A01341,Synthetic Account 1341,Manufacturing,North America,Commercial,3139679672.0,18578
A01342,Synthetic Account 1342,Retail,North America,Enterprise,1172986195.0,8164
A01343,Synthetic Account 1343,Energy,Latin America,Enterprise,102907547.0,790
A01344,Synthetic Account 1344,Manufacturing,APAC,Enterprise,877236661.0,4217
A01345,Synthetic Account 1345,Energy,EMEA,Enterprise,1204026310.0,9305
A01346,Synthetic Account 1346,Telecommunications,North America,Enterprise,2666136178.0,22108
A01347,Synthetic Account 1347,Telecommunications,Latin America,Enterprise,775948303.0,3980
A01348,Synthetic Account 1348,Public Sector,APAC,Strategic,202571171.0,1763
A01349,Synthetic Account 1349,Public Sector,Latin America,Commercial,2622668193.0,16349
A01350,Synthetic Account 1350,Telecommunications,North America,Enterprise,357982631.0,1598
A01351,Synthetic Account 1351,Consumer Goods,North America,Enterprise,1790737754.0,8830
A01352,Synthetic Account 1352,Technology,Latin America,Enterprise,538720824.0,4727
A01353,Synthetic Account 1353,Public Sector,North America,Enterprise,696873168.0,6200
A01354,Synthetic Account 1354,Consumer Goods,Latin America,Enterprise,2599451689.0,21868
A01355,Synthetic Account 1355,Manufacturing,Latin America,Strategic,1847131264.0,14181
A01356,Synthetic Account 1356,Technology,EMEA,Strategic,4031401371.0,19775
A01357,Synthetic Account 1357,Manufacturing,Latin America,Strategic,958000347.0,8394
A01358,Synthetic Account 1358,Energy,EMEA,Enterprise,981172352.0,4256
A01359,Synthetic Account 1359,Manufacturing,EMEA,Enterprise,697084677.0,5240
A01360,Synthetic Account 1360,Retail,North America,Strategic,1027434800.0,6244
A01361,Synthetic Account 1361,Manufacturing,North America,Strategic,3770791337.0,20874
A01362,Synthetic Account 1362,Telecommunications,APAC,Enterprise,220294151.0,1672
A01363,Synthetic Account 1363,Healthcare,EMEA,Commercial,253248232.0,1986
A01364,Synthetic Account 1364,Healthcare,APAC,Enterprise,402203819.0,3211
A01365,Synthetic Account 1365,Manufacturing,North America,Commercial,4872629555.0,39024
A01366,Synthetic Account 1366,Financial Services,EMEA,Commercial,345647055.0,2560
A01367,Synthetic Account 1367,Energy,North America,Enterprise,819898414.0,6995
A01368,Synthetic Account 1368,Automotive,Latin America,Strategic,713502949.0,5051
A01369,Synthetic Account 1369,Technology,North America,Enterprise,1005141688.0,6952
A01370,Synthetic Account 1370,Energy,North America,Enterprise,1215929944.0,8896
A01371,Synthetic Account 1371,Healthcare,North America,Enterprise,502906122.0,4311
A01372,Synthetic Account 1372,Public Sector,EMEA,Enterprise,2012917683.0,13111
A01373,Synthetic Account 1373,Telecommunications,EMEA,Enterprise,569360616.0,3419
A01374,Synthetic Account 1374,Automotive,Latin America,Enterprise,541449192.0,3331
A01375,Synthetic Account 1375,Automotive,North America,Enterprise,710567211.0,5294
A01376,Synthetic Account 1376,Telecommunications,Latin America,Strategic,5396195124.0,30813
A01377,Synthetic Account 1377,Technology,Latin America,Enterprise,1009158657.0,4498
A01378,Synthetic Account 1378,Healthcare,APAC,Enterprise,804861567.0,6722
A01379,Synthetic Account 1379,Consumer Goods,APAC,Commercial,662793796.0,4342
A01380,Synthetic Account 1380,Telecommunications,EMEA,Enterprise,2345077658.0,19633
A01381,Synthetic Account 1381,Financial Services,APAC,Strategic,3320406328.0,19758
A01382,Synthetic Account 1382,Telecommunications,Latin America,Enterprise,1025600646.0,4696
A01383,Synthetic Account 1383,Consumer Goods,EMEA,Enterprise,605839180.0,5422
A01384,Synthetic Account 1384,Public Sector,North America,Enterprise,1133783664.0,6382
A01385,Synthetic Account 1385,Telecommunications,North America,Enterprise,796945975.0,5921
A01386,Synthetic Account 1386,Technology,EMEA,Enterprise,199325175.0,972
A01387,Synthetic Account 1387,Financial Services,North America,Enterprise,789477638.0,3635
A01388,Synthetic Account 1388,Retail,Latin America,Enterprise,694566887.0,4942
A01389,Synthetic Account 1389,Energy,Latin America,Enterprise,1645229758.0,8127
A01390,Synthetic Account 1390,Financial Services,EMEA,Strategic,630870687.0,4255
A01391,Synthetic Account 1391,Technology,EMEA,Enterprise,11310314415.0,88636
A01392,Synthetic Account 1392,Financial Services,EMEA,Enterprise,2704398096.0,13437
A01393,Synthetic Account 1393,Technology,EMEA,Strategic,1081460668.0,5414
A01394,Synthetic Account 1394,Energy,EMEA,Commercial,1964642300.0,10144
A01395,Synthetic Account 1395,Automotive,EMEA,Commercial,4662751697.0,25257
A01396,Synthetic Account 1396,Consumer Goods,Latin America,Commercial,1468239751.0,10955
A01397,Synthetic Account 1397,Technology,APAC,Enterprise,1876673327.0,10174
A01398,Synthetic Account 1398,Retail,APAC,Strategic,1455403090.0,11955
A01399,Synthetic Account 1399,Retail,North America,Commercial,3011745005.0,18721
A01400,Synthetic Account 1400,Energy,North America,Strategic,1280119179.0,9042
A01401,Synthetic Account 1401,Telecommunications,Latin America,Enterprise,1548019312.0,13834
A01402,Synthetic Account 1402,Healthcare,APAC,Commercial,1093188905.0,8480
A01403,Synthetic Account 1403,Healthcare,APAC,Enterprise,184806607.0,1628
A01404,Synthetic Account 1404,Energy,Latin America,Enterprise,1478264937.0,7271
A01405,Synthetic Account 1405,Automotive,EMEA,Enterprise,652871633.0,3672
A01406,Synthetic Account 1406,Retail,North America,Strategic,3085366933.0,27567
A01407,Synthetic Account 1407,Retail,Latin America,Enterprise,440907460.0,3760
A01408,Synthetic Account 1408,Automotive,APAC,Strategic,1927772572.0,9930
A01409,Synthetic Account 1409,Retail,Latin America,Strategic,1870534544.0,10686
A01410,Synthetic Account 1410,Energy,Latin America,Enterprise,4159690251.0,20723
A01411,Synthetic Account 1411,Consumer Goods,North America,Strategic,1383174111.0,11082
A01412,Synthetic Account 1412,Retail,North America,Strategic,4130072811.0,19392
A01413,Synthetic Account 1413,Manufacturing,Latin America,Enterprise,2334630029.0,14181
A01414,Synthetic Account 1414,Automotive,APAC,Commercial,984312169.0,5895
A01415,Synthetic Account 1415,Technology,North America,Strategic,694989089.0,5745
A01416,Synthetic Account 1416,Telecommunications,EMEA,Enterprise,1372982952.0,7045
A01417,Synthetic Account 1417,Energy,APAC,Enterprise,427338345.0,2462
A01418,Synthetic Account 1418,Telecommunications,Latin America,Strategic,2090432409.0,12246
A01419,Synthetic Account 1419,Technology,Latin America,Enterprise,2949375171.0,17999
A01420,Synthetic Account 1420,Energy,EMEA,Enterprise,569524873.0,5043
A01421,Synthetic Account 1421,Energy,North America,Strategic,1772249085.0,14377
A01422,Synthetic Account 1422,Financial Services,EMEA,Commercial,560025769.0,3707
A01423,Synthetic Account 1423,Public Sector,North America,Enterprise,1436340100.0,10072
A01424,Synthetic Account 1424,Manufacturing,APAC,Commercial,178022179.0,1024
A01425,Synthetic Account 1425,Public Sector,APAC,Commercial,956228003.0,7944
A01426,Synthetic Account 1426,Consumer Goods,APAC,Enterprise,352161799.0,2766
A01427,Synthetic Account 1427,Healthcare,APAC,Strategic,1375177621.0,6095
A01428,Synthetic Account 1428,Manufacturing,Latin America,Enterprise,350002881.0,1839
A01429,Synthetic Account 1429,Automotive,Latin America,Enterprise,530984339.0,3588
A01430,Synthetic Account 1430,Automotive,APAC,Strategic,697286357.0,4119
A01431,Synthetic Account 1431,Healthcare,EMEA,Enterprise,1652571149.0,10423
A01432,Synthetic Account 1432,Technology,Latin America,Strategic,1723709473.0,13693
A01433,Synthetic Account 1433,Retail,APAC,Strategic,361585610.0,2751
A01434,Synthetic Account 1434,Financial Services,EMEA,Commercial,3127446849.0,26397
A01435,Synthetic Account 1435,Consumer Goods,North America,Enterprise,664546514.0,3819
A01436,Synthetic Account 1436,Manufacturing,North America,Enterprise,1208467700.0,8336
A01437,Synthetic Account 1437,Energy,North America,Strategic,208288233.0,1070
A01438,Synthetic Account 1438,Financial Services,North America,Enterprise,1783275189.0,12904
A01439,Synthetic Account 1439,Public Sector,North America,Enterprise,366201731.0,1646
A01440,Synthetic Account 1440,Telecommunications,Latin America,Enterprise,782264323.0,4640
A01441,Synthetic Account 1441,Energy,EMEA,Strategic,1480173778.0,8155
A01442,Synthetic Account 1442,Public Sector,APAC,Enterprise,1515199235.0,11383
A01443,Synthetic Account 1443,Technology,APAC,Enterprise,2554456421.0,15776
A01444,Synthetic Account 1444,Consumer Goods,Latin America,Enterprise,433459305.0,3013
A01445,Synthetic Account 1445,Public Sector,North America,Commercial,417135489.0,2438
A01446,Synthetic Account 1446,Financial Services,North America,Strategic,3773192317.0,18771
A01447,Synthetic Account 1447,Technology,EMEA,Enterprise,1808974246.0,10070
A01448,Synthetic Account 1448,Public Sector,APAC,Strategic,3801350730.0,32487
A01449,Synthetic Account 1449,Technology,Latin America,Strategic,4237322577.0,29349
A01450,Synthetic Account 1450,Technology,APAC,Commercial,361018223.0,2145
A01451,Synthetic Account 1451,Manufacturing,North America,Commercial,210467683.0,1874
A01452,Synthetic Account 1452,Retail,North America,Commercial,7316406311.0,55382
A01453,Synthetic Account 1453,Public Sector,APAC,Enterprise,455723671.0,3564
A01454,Synthetic Account 1454,Retail,EMEA,Enterprise,3685756400.0,24157
A01455,Synthetic Account 1455,Public Sector,EMEA,Enterprise,14923527686.0,129416
A01456,Synthetic Account 1456,Public Sector,EMEA,Enterprise,1566979010.0,12416
A01457,Synthetic Account 1457,Financial Services,APAC,Commercial,3222549238.0,17618
A01458,Synthetic Account 1458,Energy,APAC,Commercial,421721465.0,3618
A01459,Synthetic Account 1459,Manufacturing,APAC,Commercial,3439846776.0,28684
A01460,Synthetic Account 1460,Automotive,EMEA,Enterprise,6444259033.0,44528
A01461,Synthetic Account 1461,Public Sector,APAC,Commercial,2117745197.0,16312
A01462,Synthetic Account 1462,Public Sector,Latin America,Enterprise,253199634.0,1786
A01463,Synthetic Account 1463,Automotive,APAC,Commercial,1486760784.0,12810
A01464,Synthetic Account 1464,Automotive,North America,Commercial,2425942661.0,16230
A01465,Synthetic Account 1465,Telecommunications,North America,Enterprise,964899606.0,5343
A01466,Synthetic Account 1466,Public Sector,EMEA,Enterprise,255516596.0,2081
A01467,Synthetic Account 1467,Energy,EMEA,Strategic,510325778.0,4250
A01468,Synthetic Account 1468,Automotive,EMEA,Commercial,650978758.0,5406
A01469,Synthetic Account 1469,Automotive,North America,Commercial,2791192045.0,17591
A01470,Synthetic Account 1470,Telecommunications,North America,Enterprise,432288588.0,3484
A01471,Synthetic Account 1471,Technology,APAC,Enterprise,1323832475.0,8648
A01472,Synthetic Account 1472,Manufacturing,Latin America,Enterprise,1325321933.0,6074
A01473,Synthetic Account 1473,Telecommunications,Latin America,Enterprise,1823138676.0,12444
A01474,Synthetic Account 1474,Consumer Goods,EMEA,Enterprise,1102402735.0,6334
A01475,Synthetic Account 1475,Manufacturing,Latin America,Enterprise,1021711772.0,6137
A01476,Synthetic Account 1476,Financial Services,EMEA,Commercial,679592575.0,3674
A01477,Synthetic Account 1477,Automotive,EMEA,Enterprise,902301195.0,6759
A01478,Synthetic Account 1478,Consumer Goods,EMEA,Enterprise,230131616.0,1602
A01479,Synthetic Account 1479,Consumer Goods,North America,Enterprise,410358349.0,2086
A01480,Synthetic Account 1480,Retail,North America,Strategic,188689642.0,1129
A01481,Synthetic Account 1481,Healthcare,EMEA,Enterprise,442368366.0,2767
A01482,Synthetic Account 1482,Automotive,Latin America,Commercial,722789438.0,3693
A01483,Synthetic Account 1483,Telecommunications,North America,Strategic,364483309.0,1584
A01484,Synthetic Account 1484,Telecommunications,North America,Enterprise,596241009.0,3288
A01485,Synthetic Account 1485,Telecommunications,APAC,Strategic,163925329.0,1118
A01486,Synthetic Account 1486,Public Sector,North America,Enterprise,8308652321.0,70694
A01487,Synthetic Account 1487,Consumer Goods,EMEA,Strategic,753236137.0,4089
A01488,Synthetic Account 1488,Technology,EMEA,Enterprise,1455971847.0,9962
A01489,Synthetic Account 1489,Energy,APAC,Enterprise,351428557.0,1548
A01490,Synthetic Account 1490,Financial Services,APAC,Strategic,175678678.0,845
A01491,Synthetic Account 1491,Healthcare,APAC,Enterprise,688911543.0,6047
A01492,Synthetic Account 1492,Manufacturing,APAC,Enterprise,306796242.0,2744
A01493,Synthetic Account 1493,Financial Services,North America,Strategic,1084241418.0,6154
A01494,Synthetic Account 1494,Healthcare,EMEA,Strategic,190346266.0,1029
A01495,Synthetic Account 1495,Retail,APAC,Enterprise,1401203554.0,11507
A01496,Synthetic Account 1496,Healthcare,APAC,Commercial,984595151.0,6979
A01497,Synthetic Account 1497,Automotive,Latin America,Strategic,2033507651.0,11620
A01498,Synthetic Account 1498,Energy,APAC,Enterprise,406480345.0,3327
A01499,Synthetic Account 1499,Financial Services,EMEA,Enterprise,467266850.0,3334
A01500,Synthetic Account 1500,Energy,Latin America,Enterprise,3337708022.0,27863
A01501,Synthetic Account 1501,Manufacturing,Latin America,Enterprise,915830111.0,5620
A01502,Synthetic Account 1502,Manufacturing,North America,Commercial,1992631582.0,9693
A01503,Synthetic Account 1503,Public Sector,North America,Strategic,97214918.0,500
A01504,Synthetic Account 1504,Financial Services,APAC,Enterprise,4502844398.0,27766
A01505,Synthetic Account 1505,Telecommunications,Latin America,Enterprise,989379565.0,8444
A01506,Synthetic Account 1506,Automotive,Latin America,Strategic,779531360.0,5951
A01507,Synthetic Account 1507,Automotive,APAC,Enterprise,700971140.0,3368
A01508,Synthetic Account 1508,Consumer Goods,APAC,Enterprise,2177677026.0,15285
A01509,Synthetic Account 1509,Manufacturing,North America,Strategic,5502351675.0,46260
A01510,Synthetic Account 1510,Financial Services,EMEA,Strategic,392388095.0,3051
A01511,Synthetic Account 1511,Consumer Goods,North America,Commercial,2242858614.0,13385
A01512,Synthetic Account 1512,Retail,Latin America,Commercial,2306118068.0,13494
A01513,Synthetic Account 1513,Technology,North America,Commercial,657971959.0,4438
A01514,Synthetic Account 1514,Consumer Goods,North America,Enterprise,1913773958.0,9738
A01515,Synthetic Account 1515,Automotive,APAC,Enterprise,113760277.0,646
A01516,Synthetic Account 1516,Financial Services,North America,Enterprise,364799271.0,2005
A01517,Synthetic Account 1517,Manufacturing,EMEA,Enterprise,1039473463.0,4948
A01518,Synthetic Account 1518,Healthcare,EMEA,Enterprise,586527435.0,2717
A01519,Synthetic Account 1519,Energy,APAC,Enterprise,1830396740.0,12082
A01520,Synthetic Account 1520,Telecommunications,APAC,Enterprise,1734493207.0,12435
A01521,Synthetic Account 1521,Public Sector,APAC,Commercial,401883986.0,2271
A01522,Synthetic Account 1522,Public Sector,APAC,Enterprise,5828759515.0,29894
A01523,Synthetic Account 1523,Public Sector,North America,Commercial,2125868105.0,18328
A01524,Synthetic Account 1524,Automotive,North America,Commercial,2110907264.0,17863
A01525,Synthetic Account 1525,Public Sector,Latin America,Commercial,707296375.0,6167
A01526,Synthetic Account 1526,Financial Services,EMEA,Enterprise,383612784.0,3125
A01527,Synthetic Account 1527,Consumer Goods,APAC,Enterprise,2488061699.0,15789
A01528,Synthetic Account 1528,Manufacturing,EMEA,Enterprise,666700552.0,4063
A01529,Synthetic Account 1529,Public Sector,EMEA,Strategic,744322986.0,4167
A01530,Synthetic Account 1530,Manufacturing,EMEA,Enterprise,416290001.0,2658
A01531,Synthetic Account 1531,Consumer Goods,APAC,Enterprise,2102057205.0,9171
A01532,Synthetic Account 1532,Consumer Goods,EMEA,Commercial,998068987.0,5989
A01533,Synthetic Account 1533,Retail,EMEA,Strategic,2176892563.0,10836
A01534,Synthetic Account 1534,Consumer Goods,EMEA,Strategic,1494551975.0,12570
A01535,Synthetic Account 1535,Automotive,APAC,Enterprise,2730194561.0,19006
A01536,Synthetic Account 1536,Automotive,APAC,Enterprise,740205343.0,5795
A01537,Synthetic Account 1537,Energy,Latin America,Enterprise,835791113.0,7316
A01538,Synthetic Account 1538,Consumer Goods,EMEA,Commercial,2852620116.0,16238
A01539,Synthetic Account 1539,Consumer Goods,EMEA,Strategic,335675597.0,2073
A01540,Synthetic Account 1540,Automotive,Latin America,Enterprise,292022408.0,1621
A01541,Synthetic Account 1541,Consumer Goods,Latin America,Enterprise,1653631370.0,13674
A01542,Synthetic Account 1542,Retail,EMEA,Enterprise,54578436.0,500
A01543,Synthetic Account 1543,Manufacturing,APAC,Enterprise,440116473.0,2943
A01544,Synthetic Account 1544,Energy,North America,Enterprise,1522555062.0,13620
A01545,Synthetic Account 1545,Manufacturing,EMEA,Strategic,1118366185.0,5297
A01546,Synthetic Account 1546,Healthcare,APAC,Strategic,1199409581.0,7320
A01547,Synthetic Account 1547,Retail,APAC,Strategic,775884768.0,4463
A01548,Synthetic Account 1548,Automotive,North America,Enterprise,302353607.0,1493
A01549,Synthetic Account 1549,Energy,APAC,Commercial,8138483548.0,56160
A01550,Synthetic Account 1550,Financial Services,Latin America,Strategic,579890206.0,4549
A01551,Synthetic Account 1551,Automotive,Latin America,Strategic,660527945.0,5157
A01552,Synthetic Account 1552,Financial Services,APAC,Enterprise,201303911.0,1420
A01553,Synthetic Account 1553,Telecommunications,EMEA,Enterprise,3603895083.0,28712
A01554,Synthetic Account 1554,Energy,EMEA,Commercial,1458531276.0,12201
A01555,Synthetic Account 1555,Technology,APAC,Enterprise,503099138.0,2272
A01556,Synthetic Account 1556,Public Sector,Latin America,Enterprise,4018306402.0,18568
A01557,Synthetic Account 1557,Financial Services,APAC,Strategic,3046295455.0,14401
A01558,Synthetic Account 1558,Public Sector,Latin America,Enterprise,488963512.0,2442
A01559,Synthetic Account 1559,Healthcare,APAC,Strategic,457094818.0,3763
A01560,Synthetic Account 1560,Consumer Goods,EMEA,Strategic,890949627.0,5351
A01561,Synthetic Account 1561,Telecommunications,Latin America,Enterprise,1786674627.0,8440
A01562,Synthetic Account 1562,Technology,North America,Strategic,4475289002.0,25218
A01563,Synthetic Account 1563,Financial Services,APAC,Enterprise,1319890489.0,8989
A01564,Synthetic Account 1564,Manufacturing,Latin America,Commercial,668260443.0,3744
A01565,Synthetic Account 1565,Consumer Goods,North America,Enterprise,760454262.0,6336
A01566,Synthetic Account 1566,Technology,Latin America,Strategic,1640246692.0,12815
A01567,Synthetic Account 1567,Healthcare,EMEA,Strategic,502793691.0,3937
A01568,Synthetic Account 1568,Automotive,EMEA,Enterprise,2837662267.0,17367
A01569,Synthetic Account 1569,Financial Services,EMEA,Enterprise,534896603.0,3189
A01570,Synthetic Account 1570,Public Sector,APAC,Enterprise,1513137527.0,6607
A01571,Synthetic Account 1571,Manufacturing,Latin America,Strategic,702288613.0,5249
A01572,Synthetic Account 1572,Manufacturing,North America,Enterprise,857606986.0,6597
A01573,Synthetic Account 1573,Telecommunications,Latin America,Enterprise,1002479069.0,4520
A01574,Synthetic Account 1574,Telecommunications,APAC,Strategic,296972479.0,2164
A01575,Synthetic Account 1575,Manufacturing,Latin America,Enterprise,1069517578.0,6186
A01576,Synthetic Account 1576,Energy,APAC,Strategic,385962923.0,2857
A01577,Synthetic Account 1577,Consumer Goods,EMEA,Strategic,302129861.0,1532
A01578,Synthetic Account 1578,Consumer Goods,APAC,Enterprise,150424459.0,691
A01579,Synthetic Account 1579,Manufacturing,APAC,Strategic,210321948.0,1307
A01580,Synthetic Account 1580,Energy,APAC,Strategic,282341408.0,1392
A01581,Synthetic Account 1581,Telecommunications,EMEA,Strategic,1418722291.0,7873
A01582,Synthetic Account 1582,Telecommunications,North America,Enterprise,677192617.0,3381
A01583,Synthetic Account 1583,Technology,EMEA,Commercial,1346316114.0,6290
A01584,Synthetic Account 1584,Healthcare,North America,Commercial,808797301.0,3889
A01585,Synthetic Account 1585,Technology,North America,Enterprise,2030569550.0,15849
A01586,Synthetic Account 1586,Financial Services,North America,Enterprise,2071580067.0,15860
A01587,Synthetic Account 1587,Financial Services,Latin America,Strategic,1766850216.0,13172
A01588,Synthetic Account 1588,Public Sector,North America,Commercial,386792165.0,2648
A01589,Synthetic Account 1589,Retail,APAC,Commercial,802664080.0,4417
A01590,Synthetic Account 1590,Manufacturing,EMEA,Strategic,1011272883.0,6583
A01591,Synthetic Account 1591,Public Sector,APAC,Enterprise,1145810744.0,7853
A01592,Synthetic Account 1592,Energy,EMEA,Enterprise,5844030049.0,26845
A01593,Synthetic Account 1593,Manufacturing,APAC,Strategic,715367574.0,4378
A01594,Synthetic Account 1594,Consumer Goods,EMEA,Enterprise,596481093.0,3912
A01595,Synthetic Account 1595,Healthcare,APAC,Commercial,527963398.0,2413
A01596,Synthetic Account 1596,Energy,Latin America,Commercial,442879732.0,3778
A01597,Synthetic Account 1597,Consumer Goods,North America,Enterprise,1123639979.0,7829
A01598,Synthetic Account 1598,Public Sector,North America,Enterprise,1396926817.0,7160
A01599,Synthetic Account 1599,Technology,Latin America,Enterprise,949669213.0,4236
A01600,Synthetic Account 1600,Healthcare,North America,Commercial,164213346.0,1309
A01601,Synthetic Account 1601,Technology,Latin America,Strategic,646107496.0,3976
A01602,Synthetic Account 1602,Public Sector,North America,Enterprise,735018012.0,3979
A01603,Synthetic Account 1603,Retail,Latin America,Strategic,615436886.0,4229
A01604,Synthetic Account 1604,Financial Services,EMEA,Commercial,781978648.0,6953
A01605,Synthetic Account 1605,Public Sector,APAC,Enterprise,740553970.0,5478
A01606,Synthetic Account 1606,Retail,APAC,Strategic,687285020.0,4015
A01607,Synthetic Account 1607,Energy,Latin America,Enterprise,6640760764.0,52000
A01608,Synthetic Account 1608,Public Sector,Latin America,Enterprise,751830021.0,3962
A01609,Synthetic Account 1609,Automotive,APAC,Enterprise,335699583.0,1903
A01610,Synthetic Account 1610,Manufacturing,APAC,Enterprise,1286503064.0,5904
A01611,Synthetic Account 1611,Manufacturing,Latin America,Enterprise,749828568.0,3265
A01612,Synthetic Account 1612,Automotive,North America,Enterprise,573561164.0,4064
A01613,Synthetic Account 1613,Public Sector,North America,Strategic,512205966.0,4551
A01614,Synthetic Account 1614,Healthcare,North America,Enterprise,659265857.0,5670
A01615,Synthetic Account 1615,Energy,North America,Enterprise,2162519787.0,12245
A01616,Synthetic Account 1616,Retail,APAC,Commercial,339249183.0,2064
A01617,Synthetic Account 1617,Technology,APAC,Enterprise,3519810643.0,22300
A01618,Synthetic Account 1618,Automotive,Latin America,Enterprise,316182864.0,1667
A01619,Synthetic Account 1619,Financial Services,APAC,Enterprise,555819693.0,3255
A01620,Synthetic Account 1620,Automotive,EMEA,Enterprise,314524277.0,1429
A01621,Synthetic Account 1621,Public Sector,APAC,Enterprise,441616459.0,2159
A01622,Synthetic Account 1622,Manufacturing,North America,Commercial,1553668190.0,12823
A01623,Synthetic Account 1623,Energy,APAC,Enterprise,237207579.0,1454
A01624,Synthetic Account 1624,Manufacturing,EMEA,Strategic,3005112041.0,19225
A01625,Synthetic Account 1625,Retail,EMEA,Enterprise,1616857295.0,7623
A01626,Synthetic Account 1626,Consumer Goods,EMEA,Enterprise,1647810822.0,8037
A01627,Synthetic Account 1627,Consumer Goods,Latin America,Strategic,291812602.0,1757
A01628,Synthetic Account 1628,Energy,Latin America,Strategic,3514197950.0,20414
A01629,Synthetic Account 1629,Public Sector,EMEA,Commercial,11148325040.0,88896
A01630,Synthetic Account 1630,Energy,APAC,Enterprise,257648178.0,1689
A01631,Synthetic Account 1631,Technology,EMEA,Enterprise,315160671.0,2702
A01632,Synthetic Account 1632,Financial Services,EMEA,Commercial,1749323082.0,7628
A01633,Synthetic Account 1633,Manufacturing,North America,Enterprise,2460913822.0,14997
A01634,Synthetic Account 1634,Consumer Goods,North America,Enterprise,335573055.0,1854
A01635,Synthetic Account 1635,Financial Services,Latin America,Enterprise,1830314239.0,10031
A01636,Synthetic Account 1636,Automotive,EMEA,Enterprise,2793663621.0,15148
A01637,Synthetic Account 1637,Automotive,APAC,Commercial,701138966.0,4742
A01638,Synthetic Account 1638,Public Sector,APAC,Enterprise,1463680759.0,8575
A01639,Synthetic Account 1639,Retail,North America,Commercial,2125869674.0,17530
A01640,Synthetic Account 1640,Telecommunications,EMEA,Enterprise,565005614.0,3238
A01641,Synthetic Account 1641,Financial Services,Latin America,Strategic,2222113976.0,11047
A01642,Synthetic Account 1642,Public Sector,EMEA,Enterprise,1174953970.0,7703
A01643,Synthetic Account 1643,Public Sector,Latin America,Enterprise,1141236996.0,5031
A01644,Synthetic Account 1644,Telecommunications,APAC,Commercial,947101918.0,7094
A01645,Synthetic Account 1645,Financial Services,North America,Commercial,317219752.0,1747
A01646,Synthetic Account 1646,Consumer Goods,EMEA,Enterprise,2532179710.0,22738
A01647,Synthetic Account 1647,Manufacturing,APAC,Enterprise,4120356421.0,36535
A01648,Synthetic Account 1648,Retail,North America,Enterprise,528696266.0,2551
A01649,Synthetic Account 1649,Energy,EMEA,Enterprise,1669728969.0,12669
A01650,Synthetic Account 1650,Healthcare,APAC,Commercial,570319371.0,2940
A01651,Synthetic Account 1651,Retail,Latin America,Strategic,838409332.0,5605
A01652,Synthetic Account 1652,Technology,North America,Enterprise,848592404.0,3867
A01653,Synthetic Account 1653,Energy,EMEA,Strategic,956695742.0,6719
A01654,Synthetic Account 1654,Healthcare,APAC,Strategic,456093412.0,2310
A01655,Synthetic Account 1655,Financial Services,EMEA,Strategic,9439318619.0,69380
A01656,Synthetic Account 1656,Healthcare,APAC,Enterprise,5802589229.0,44733
A01657,Synthetic Account 1657,Retail,Latin America,Enterprise,1442798237.0,7777
A01658,Synthetic Account 1658,Technology,APAC,Commercial,2205439799.0,9905
A01659,Synthetic Account 1659,Public Sector,North America,Strategic,832913520.0,6325
A01660,Synthetic Account 1660,Energy,APAC,Commercial,392178776.0,2502
A01661,Synthetic Account 1661,Energy,EMEA,Enterprise,380250410.0,2340
A01662,Synthetic Account 1662,Technology,North America,Enterprise,133967199.0,898
A01663,Synthetic Account 1663,Technology,Latin America,Strategic,765769102.0,4125
A01664,Synthetic Account 1664,Automotive,EMEA,Enterprise,1014922611.0,6835
A01665,Synthetic Account 1665,Energy,Latin America,Enterprise,3380837626.0,16324
A01666,Synthetic Account 1666,Energy,Latin America,Enterprise,1386486308.0,11481
A01667,Synthetic Account 1667,Manufacturing,North America,Enterprise,838888315.0,3683
A01668,Synthetic Account 1668,Financial Services,North America,Strategic,388711949.0,2888
A01669,Synthetic Account 1669,Energy,North America,Commercial,953337010.0,5687
A01670,Synthetic Account 1670,Public Sector,Latin America,Commercial,540848114.0,3944
A01671,Synthetic Account 1671,Healthcare,APAC,Enterprise,1995799518.0,14254
A01672,Synthetic Account 1672,Telecommunications,EMEA,Commercial,187951878.0,1528
A01673,Synthetic Account 1673,Retail,North America,Commercial,1650968018.0,11624
A01674,Synthetic Account 1674,Energy,APAC,Enterprise,327637751.0,1659
A01675,Synthetic Account 1675,Public Sector,Latin America,Enterprise,746681958.0,4408
A01676,Synthetic Account 1676,Consumer Goods,Latin America,Enterprise,1006680775.0,8574
A01677,Synthetic Account 1677,Financial Services,Latin America,Commercial,276143197.0,2182
A01678,Synthetic Account 1678,Manufacturing,APAC,Enterprise,765155237.0,4553
A01679,Synthetic Account 1679,Telecommunications,APAC,Strategic,1233050322.0,7945
A01680,Synthetic Account 1680,Energy,Latin America,Commercial,770583429.0,6748
A01681,Synthetic Account 1681,Telecommunications,EMEA,Commercial,4321649967.0,24694
A01682,Synthetic Account 1682,Automotive,EMEA,Enterprise,1112321529.0,7451
A01683,Synthetic Account 1683,Retail,APAC,Enterprise,882390177.0,7149
A01684,Synthetic Account 1684,Consumer Goods,EMEA,Strategic,724206907.0,3584
A01685,Synthetic Account 1685,Energy,APAC,Enterprise,1840490459.0,16087
A01686,Synthetic Account 1686,Public Sector,Latin America,Enterprise,837415743.0,5473
A01687,Synthetic Account 1687,Healthcare,North America,Enterprise,778029656.0,3960
A01688,Synthetic Account 1688,Automotive,EMEA,Enterprise,1126008284.0,7979
A01689,Synthetic Account 1689,Automotive,APAC,Enterprise,2023525257.0,16692
A01690,Synthetic Account 1690,Manufacturing,APAC,Enterprise,392593033.0,2739
A01691,Synthetic Account 1691,Telecommunications,EMEA,Enterprise,1379431264.0,8198
A01692,Synthetic Account 1692,Automotive,APAC,Enterprise,574396777.0,4815
A01693,Synthetic Account 1693,Public Sector,North America,Commercial,425068619.0,2964
A01694,Synthetic Account 1694,Financial Services,North America,Enterprise,2468339687.0,17428
A01695,Synthetic Account 1695,Retail,Latin America,Strategic,7693402759.0,51734
A01696,Synthetic Account 1696,Public Sector,North America,Strategic,4226726063.0,29824
A01697,Synthetic Account 1697,Technology,North America,Commercial,99530754.0,612
A01698,Synthetic Account 1698,Retail,EMEA,Enterprise,708135377.0,4848
A01699,Synthetic Account 1699,Telecommunications,North America,Enterprise,410432941.0,3364
A01700,Synthetic Account 1700,Public Sector,APAC,Enterprise,16259053493.0,107392
A01701,Synthetic Account 1701,Retail,EMEA,Enterprise,2394393123.0,12036
A01702,Synthetic Account 1702,Public Sector,EMEA,Enterprise,536210348.0,4523
A01703,Synthetic Account 1703,Energy,APAC,Commercial,116629725.0,993
A01704,Synthetic Account 1704,Financial Services,EMEA,Enterprise,2391977711.0,13740
A01705,Synthetic Account 1705,Retail,North America,Commercial,3611082219.0,20399
A01706,Synthetic Account 1706,Financial Services,North America,Commercial,1705397447.0,13699
A01707,Synthetic Account 1707,Financial Services,Latin America,Enterprise,4390281584.0,20783
A01708,Synthetic Account 1708,Healthcare,APAC,Strategic,294592865.0,1372
A01709,Synthetic Account 1709,Automotive,APAC,Strategic,5033748226.0,27359
A01710,Synthetic Account 1710,Technology,APAC,Enterprise,565623850.0,4080
A01711,Synthetic Account 1711,Manufacturing,North America,Enterprise,260124055.0,2147
A01712,Synthetic Account 1712,Retail,EMEA,Enterprise,3507370568.0,23106
A01713,Synthetic Account 1713,Manufacturing,APAC,Enterprise,1872029989.0,11159
A01714,Synthetic Account 1714,Energy,APAC,Commercial,7204010089.0,33228
A01715,Synthetic Account 1715,Healthcare,Latin America,Enterprise,516942330.0,2390
A01716,Synthetic Account 1716,Healthcare,North America,Strategic,1129899568.0,10150
A01717,Synthetic Account 1717,Manufacturing,APAC,Commercial,939753724.0,7053
A01718,Synthetic Account 1718,Healthcare,North America,Enterprise,3279527103.0,19995
A01719,Synthetic Account 1719,Healthcare,North America,Enterprise,1039130842.0,5594
A01720,Synthetic Account 1720,Consumer Goods,EMEA,Commercial,481880347.0,2741
A01721,Synthetic Account 1721,Technology,EMEA,Enterprise,2230078055.0,14041
A01722,Synthetic Account 1722,Healthcare,EMEA,Enterprise,2284174312.0,12433
A01723,Synthetic Account 1723,Energy,Latin America,Enterprise,328014701.0,1873
A01724,Synthetic Account 1724,Consumer Goods,EMEA,Enterprise,444454523.0,2260
A01725,Synthetic Account 1725,Manufacturing,APAC,Commercial,4649050525.0,22475
A01726,Synthetic Account 1726,Financial Services,North America,Enterprise,109002458.0,850
A01727,Synthetic Account 1727,Manufacturing,EMEA,Commercial,1618100984.0,14067
A01728,Synthetic Account 1728,Healthcare,Latin America,Enterprise,635313031.0,3594
A01729,Synthetic Account 1729,Financial Services,APAC,Enterprise,901495176.0,5633
A01730,Synthetic Account 1730,Financial Services,APAC,Commercial,2079912114.0,13397
A01731,Synthetic Account 1731,Consumer Goods,EMEA,Enterprise,2431603153.0,17308
A01732,Synthetic Account 1732,Energy,EMEA,Commercial,2075264806.0,15706
A01733,Synthetic Account 1733,Technology,Latin America,Enterprise,444787806.0,3939
A01734,Synthetic Account 1734,Technology,Latin America,Enterprise,962618894.0,6719
A01735,Synthetic Account 1735,Telecommunications,North America,Commercial,714565533.0,5430
A01736,Synthetic Account 1736,Consumer Goods,North America,Strategic,431729004.0,3358
A01737,Synthetic Account 1737,Public Sector,Latin America,Commercial,4994386091.0,42369
A01738,Synthetic Account 1738,Energy,EMEA,Strategic,2053161115.0,18300
A01739,Synthetic Account 1739,Financial Services,EMEA,Commercial,9010421702.0,63947
A01740,Synthetic Account 1740,Technology,North America,Enterprise,1637177481.0,9334
A01741,Synthetic Account 1741,Healthcare,EMEA,Enterprise,921779536.0,7299
A01742,Synthetic Account 1742,Healthcare,North America,Enterprise,7720813296.0,46496
A01743,Synthetic Account 1743,Technology,APAC,Strategic,393092249.0,2966
A01744,Synthetic Account 1744,Automotive,EMEA,Enterprise,670028325.0,3809
A01745,Synthetic Account 1745,Manufacturing,Latin America,Strategic,1066175038.0,6759
A01746,Synthetic Account 1746,Energy,North America,Strategic,1302171429.0,8552
A01747,Synthetic Account 1747,Telecommunications,Latin America,Enterprise,652050396.0,5007
A01748,Synthetic Account 1748,Retail,Latin America,Enterprise,217643717.0,1839
A01749,Synthetic Account 1749,Financial Services,APAC,Commercial,3351608086.0,26297
A01750,Synthetic Account 1750,Technology,APAC,Enterprise,2103546827.0,14543
A01751,Synthetic Account 1751,Consumer Goods,Latin America,Strategic,622053187.0,3792
A01752,Synthetic Account 1752,Financial Services,North America,Enterprise,180308433.0,971
A01753,Synthetic Account 1753,Manufacturing,APAC,Enterprise,461607805.0,3399
A01754,Synthetic Account 1754,Financial Services,APAC,Strategic,2887779779.0,25178
A01755,Synthetic Account 1755,Consumer Goods,EMEA,Enterprise,577440358.0,2809
A01756,Synthetic Account 1756,Consumer Goods,APAC,Strategic,2849158365.0,13248
A01757,Synthetic Account 1757,Retail,Latin America,Commercial,1609348934.0,10491
A01758,Synthetic Account 1758,Technology,Latin America,Enterprise,1601153538.0,11498
A01759,Synthetic Account 1759,Technology,APAC,Enterprise,316359730.0,1532
A01760,Synthetic Account 1760,Technology,Latin America,Strategic,874532814.0,4993
A01761,Synthetic Account 1761,Retail,EMEA,Commercial,1415197968.0,7913
A01762,Synthetic Account 1762,Energy,Latin America,Enterprise,608041339.0,5363
A01763,Synthetic Account 1763,Automotive,APAC,Enterprise,578382973.0,2541
A01764,Synthetic Account 1764,Energy,North America,Enterprise,784876147.0,7041
A01765,Synthetic Account 1765,Healthcare,EMEA,Enterprise,729911691.0,5185
A01766,Synthetic Account 1766,Financial Services,North America,Commercial,974128691.0,8206
A01767,Synthetic Account 1767,Energy,Latin America,Commercial,2772421939.0,18800
A01768,Synthetic Account 1768,Consumer Goods,APAC,Commercial,510326697.0,4283
A01769,Synthetic Account 1769,Manufacturing,APAC,Enterprise,1437634065.0,11226
A01770,Synthetic Account 1770,Telecommunications,Latin America,Commercial,3485842644.0,26031
A01771,Synthetic Account 1771,Retail,EMEA,Strategic,1231366528.0,9189
A01772,Synthetic Account 1772,Automotive,Latin America,Enterprise,275769817.0,1952
A01773,Synthetic Account 1773,Technology,Latin America,Commercial,1903375437.0,14579
A01774,Synthetic Account 1774,Telecommunications,Latin America,Commercial,1795769005.0,16131
A01775,Synthetic Account 1775,Telecommunications,APAC,Enterprise,84780883.0,510
A01776,Synthetic Account 1776,Financial Services,Latin America,Commercial,2211101979.0,12210
A01777,Synthetic Account 1777,Automotive,North America,Commercial,866270528.0,4145
A01778,Synthetic Account 1778,Retail,EMEA,Commercial,1839460476.0,8642
A01779,Synthetic Account 1779,Retail,APAC,Strategic,2137662431.0,12451
A01780,Synthetic Account 1780,Energy,Latin America,Commercial,981300476.0,4628
A01781,Synthetic Account 1781,Automotive,APAC,Enterprise,866102693.0,4393
A01782,Synthetic Account 1782,Consumer Goods,North America,Enterprise,1215117702.0,7948
A01783,Synthetic Account 1783,Consumer Goods,North America,Enterprise,1643655066.0,9572
A01784,Synthetic Account 1784,Financial Services,APAC,Commercial,964752312.0,5220
A01785,Synthetic Account 1785,Retail,North America,Enterprise,3663056715.0,30016
A01786,Synthetic Account 1786,Energy,Latin America,Commercial,1280759886.0,7058
A01787,Synthetic Account 1787,Retail,Latin America,Strategic,772789571.0,6400
A01788,Synthetic Account 1788,Public Sector,North America,Enterprise,1090494312.0,9126
A01789,Synthetic Account 1789,Retail,Latin America,Commercial,974122350.0,6016
A01790,Synthetic Account 1790,Public Sector,Latin America,Strategic,1483698103.0,10992
A01791,Synthetic Account 1791,Financial Services,North America,Enterprise,203323448.0,1327
A01792,Synthetic Account 1792,Retail,Latin America,Strategic,652081274.0,5296
A01793,Synthetic Account 1793,Financial Services,North America,Strategic,1729651325.0,7709
A01794,Synthetic Account 1794,Telecommunications,Latin America,Enterprise,964604970.0,4596
A01795,Synthetic Account 1795,Public Sector,Latin America,Commercial,710273754.0,6110
A01796,Synthetic Account 1796,Retail,EMEA,Strategic,1082366009.0,6943
A01797,Synthetic Account 1797,Technology,APAC,Commercial,3202316731.0,28750
A01798,Synthetic Account 1798,Energy,Latin America,Strategic,480217586.0,3339
A01799,Synthetic Account 1799,Financial Services,APAC,Enterprise,515938542.0,4154
A01800,Synthetic Account 1800,Retail,APAC,Commercial,1973108556.0,10253
A01801,Synthetic Account 1801,Energy,EMEA,Enterprise,640586474.0,4027
A01802,Synthetic Account 1802,Technology,APAC,Strategic,821431658.0,4622
A01803,Synthetic Account 1803,Manufacturing,Latin America,Commercial,539365087.0,3571
A01804,Synthetic Account 1804,Consumer Goods,APAC,Commercial,125356621.0,794
A01805,Synthetic Account 1805,Healthcare,Latin America,Enterprise,291655831.0,1273
A01806,Synthetic Account 1806,Automotive,APAC,Enterprise,426880574.0,2590
A01807,Synthetic Account 1807,Financial Services,EMEA,Strategic,3514318171.0,23378
A01808,Synthetic Account 1808,Consumer Goods,EMEA,Commercial,4092697713.0,26414
A01809,Synthetic Account 1809,Retail,North America,Enterprise,2407578284.0,15347
A01810,Synthetic Account 1810,Retail,EMEA,Enterprise,1173378824.0,5944
A01811,Synthetic Account 1811,Financial Services,EMEA,Enterprise,3113281760.0,26184
A01812,Synthetic Account 1812,Consumer Goods,Latin America,Enterprise,167709299.0,1483
A01813,Synthetic Account 1813,Automotive,EMEA,Commercial,385950647.0,1942
A01814,Synthetic Account 1814,Manufacturing,EMEA,Enterprise,3049947927.0,21779
A01815,Synthetic Account 1815,Automotive,Latin America,Enterprise,977163877.0,8437
A01816,Synthetic Account 1816,Retail,North America,Enterprise,1521975115.0,8591
A01817,Synthetic Account 1817,Technology,North America,Enterprise,874453740.0,3922
A01818,Synthetic Account 1818,Technology,EMEA,Strategic,143936522.0,635
A01819,Synthetic Account 1819,Consumer Goods,APAC,Enterprise,756808992.0,5311
A01820,Synthetic Account 1820,Financial Services,EMEA,Enterprise,425428104.0,2002
A01821,Synthetic Account 1821,Manufacturing,APAC,Strategic,1203590286.0,7422
A01822,Synthetic Account 1822,Financial Services,EMEA,Strategic,1647545489.0,12274
A01823,Synthetic Account 1823,Energy,EMEA,Strategic,848020233.0,4893
A01824,Synthetic Account 1824,Healthcare,EMEA,Enterprise,465679631.0,3967
A01825,Synthetic Account 1825,Energy,Latin America,Strategic,3790532055.0,19245
A01826,Synthetic Account 1826,Healthcare,North America,Enterprise,1577548180.0,7824
A01827,Synthetic Account 1827,Public Sector,APAC,Commercial,4138369873.0,35268
A01828,Synthetic Account 1828,Consumer Goods,Latin America,Commercial,509668212.0,3938
A01829,Synthetic Account 1829,Telecommunications,EMEA,Commercial,4988309061.0,42792
A01830,Synthetic Account 1830,Manufacturing,Latin America,Strategic,3900070511.0,24373
A01831,Synthetic Account 1831,Financial Services,EMEA,Enterprise,1268137570.0,11215
A01832,Synthetic Account 1832,Consumer Goods,APAC,Commercial,2374826046.0,17849
A01833,Synthetic Account 1833,Public Sector,EMEA,Strategic,541435142.0,3104
A01834,Synthetic Account 1834,Manufacturing,Latin America,Enterprise,2591247274.0,12492
A01835,Synthetic Account 1835,Manufacturing,EMEA,Enterprise,351415069.0,2187
A01836,Synthetic Account 1836,Healthcare,EMEA,Enterprise,1124464330.0,5017
A01837,Synthetic Account 1837,Retail,North America,Enterprise,306537759.0,1491
A01838,Synthetic Account 1838,Healthcare,APAC,Enterprise,422289886.0,2454
A01839,Synthetic Account 1839,Energy,Latin America,Enterprise,304630424.0,1517
A01840,Synthetic Account 1840,Manufacturing,APAC,Strategic,1579170858.0,9248
A01841,Synthetic Account 1841,Telecommunications,North America,Enterprise,941604670.0,6274
A01842,Synthetic Account 1842,Public Sector,EMEA,Enterprise,969429389.0,8108
A01843,Synthetic Account 1843,Energy,APAC,Strategic,897420253.0,5874
A01844,Synthetic Account 1844,Retail,Latin America,Commercial,137706827.0,831
A01845,Synthetic Account 1845,Manufacturing,APAC,Commercial,574147288.0,4279
A01846,Synthetic Account 1846,Healthcare,APAC,Enterprise,2691924797.0,14749
A01847,Synthetic Account 1847,Automotive,EMEA,Strategic,2448389460.0,13081
A01848,Synthetic Account 1848,Consumer Goods,APAC,Enterprise,1037176596.0,4921
A01849,Synthetic Account 1849,Technology,APAC,Enterprise,226200489.0,1405
A01850,Synthetic Account 1850,Financial Services,APAC,Commercial,9506544520.0,61036
A01851,Synthetic Account 1851,Automotive,APAC,Enterprise,931566758.0,7455
A01852,Synthetic Account 1852,Energy,EMEA,Enterprise,646908505.0,3669
A01853,Synthetic Account 1853,Financial Services,Latin America,Commercial,8106228235.0,62053
A01854,Synthetic Account 1854,Automotive,APAC,Strategic,815506306.0,5966
A01855,Synthetic Account 1855,Public Sector,Latin America,Enterprise,1688214129.0,14267
A01856,Synthetic Account 1856,Financial Services,Latin America,Enterprise,4472676261.0,33298
A01857,Synthetic Account 1857,Telecommunications,APAC,Enterprise,1666213959.0,8862
A01858,Synthetic Account 1858,Healthcare,EMEA,Strategic,1626545989.0,14100
A01859,Synthetic Account 1859,Consumer Goods,APAC,Commercial,1904513620.0,11427
A01860,Synthetic Account 1860,Telecommunications,EMEA,Commercial,6863971694.0,30133
A01861,Synthetic Account 1861,Financial Services,EMEA,Strategic,261649562.0,2006
A01862,Synthetic Account 1862,Technology,APAC,Strategic,1912367378.0,14592
A01863,Synthetic Account 1863,Retail,North America,Enterprise,542647556.0,3024
A01864,Synthetic Account 1864,Healthcare,EMEA,Strategic,877083553.0,7664
A01865,Synthetic Account 1865,Healthcare,North America,Enterprise,3301812678.0,26583
A01866,Synthetic Account 1866,Energy,EMEA,Enterprise,333942254.0,2016
A01867,Synthetic Account 1867,Financial Services,Latin America,Enterprise,4442935364.0,25260
A01868,Synthetic Account 1868,Telecommunications,EMEA,Enterprise,2286846837.0,13059
A01869,Synthetic Account 1869,Technology,North America,Enterprise,1748004307.0,12413
A01870,Synthetic Account 1870,Financial Services,North America,Enterprise,1061508349.0,9049
A01871,Synthetic Account 1871,Retail,Latin America,Commercial,1785932856.0,15260
A01872,Synthetic Account 1872,Telecommunications,EMEA,Commercial,571965906.0,3522
A01873,Synthetic Account 1873,Consumer Goods,EMEA,Enterprise,179858995.0,1420
A01874,Synthetic Account 1874,Public Sector,Latin America,Strategic,707172471.0,6028
A01875,Synthetic Account 1875,Energy,APAC,Enterprise,432228780.0,2900
A01876,Synthetic Account 1876,Automotive,EMEA,Commercial,1619188903.0,10811
A01877,Synthetic Account 1877,Manufacturing,Latin America,Enterprise,2203183887.0,16615
A01878,Synthetic Account 1878,Manufacturing,North America,Commercial,843909045.0,6301
A01879,Synthetic Account 1879,Financial Services,EMEA,Enterprise,579572736.0,4101
A01880,Synthetic Account 1880,Public Sector,Latin America,Enterprise,676755174.0,5528
A01881,Synthetic Account 1881,Telecommunications,EMEA,Strategic,507772129.0,3923
A01882,Synthetic Account 1882,Automotive,APAC,Enterprise,2559888986.0,22147
A01883,Synthetic Account 1883,Automotive,APAC,Strategic,607372648.0,3989
A01884,Synthetic Account 1884,Manufacturing,Latin America,Enterprise,1213622300.0,9054
A01885,Synthetic Account 1885,Healthcare,Latin America,Enterprise,885008922.0,7658
A01886,Synthetic Account 1886,Retail,EMEA,Strategic,1176464855.0,5398
A01887,Synthetic Account 1887,Healthcare,Latin America,Enterprise,535101820.0,4028
A01888,Synthetic Account 1888,Telecommunications,North America,Strategic,485610380.0,2866
A01889,Synthetic Account 1889,Energy,North America,Enterprise,529509942.0,4082
A01890,Synthetic Account 1890,Technology,Latin America,Strategic,1811918828.0,8728
A01891,Synthetic Account 1891,Telecommunications,Latin America,Commercial,1294157912.0,8900
A01892,Synthetic Account 1892,Consumer Goods,APAC,Strategic,3542728430.0,19020
A01893,Synthetic Account 1893,Telecommunications,APAC,Strategic,635141103.0,4727
A01894,Synthetic Account 1894,Consumer Goods,APAC,Commercial,2427151223.0,21466
A01895,Synthetic Account 1895,Retail,North America,Strategic,421569429.0,3629
A01896,Synthetic Account 1896,Technology,Latin America,Strategic,852017308.0,5885
A01897,Synthetic Account 1897,Retail,APAC,Commercial,2742624296.0,12100
A01898,Synthetic Account 1898,Financial Services,Latin America,Enterprise,1573179975.0,12332
A01899,Synthetic Account 1899,Financial Services,Latin America,Enterprise,1416347341.0,11054
A01900,Synthetic Account 1900,Technology,APAC,Enterprise,1531698653.0,12179
A01901,Synthetic Account 1901,Telecommunications,EMEA,Enterprise,1623227821.0,8178
A01902,Synthetic Account 1902,Public Sector,North America,Enterprise,629253996.0,4152
A01903,Synthetic Account 1903,Healthcare,EMEA,Enterprise,3425233192.0,19208
A01904,Synthetic Account 1904,Public Sector,Latin America,Strategic,755454252.0,4732
A01905,Synthetic Account 1905,Telecommunications,Latin America,Strategic,205612120.0,1765
A01906,Synthetic Account 1906,Healthcare,EMEA,Enterprise,409602570.0,2547
A01907,Synthetic Account 1907,Financial Services,Latin America,Enterprise,1932674864.0,11531
A01908,Synthetic Account 1908,Public Sector,EMEA,Strategic,2141052075.0,16968
A01909,Synthetic Account 1909,Telecommunications,Latin America,Enterprise,1190446662.0,5645
A01910,Synthetic Account 1910,Consumer Goods,Latin America,Commercial,1213111211.0,5586
A01911,Synthetic Account 1911,Automotive,North America,Strategic,1124840740.0,7429
A01912,Synthetic Account 1912,Energy,APAC,Enterprise,1149057418.0,8559
A01913,Synthetic Account 1913,Manufacturing,APAC,Enterprise,683417801.0,5525
A01914,Synthetic Account 1914,Manufacturing,EMEA,Strategic,2066271369.0,9609
A01915,Synthetic Account 1915,Automotive,EMEA,Enterprise,3949797878.0,35211
A01916,Synthetic Account 1916,Telecommunications,North America,Strategic,10712268583.0,91736
A01917,Synthetic Account 1917,Automotive,Latin America,Enterprise,2628029113.0,17439
A01918,Synthetic Account 1918,Consumer Goods,Latin America,Strategic,521085210.0,2437
A01919,Synthetic Account 1919,Manufacturing,North America,Enterprise,1610661655.0,11724
A01920,Synthetic Account 1920,Energy,Latin America,Enterprise,338339423.0,2907
A01921,Synthetic Account 1921,Technology,North America,Commercial,637432202.0,3416
A01922,Synthetic Account 1922,Financial Services,North America,Strategic,415962347.0,3069
A01923,Synthetic Account 1923,Healthcare,APAC,Enterprise,994041372.0,7434
A01924,Synthetic Account 1924,Consumer Goods,Latin America,Enterprise,344036859.0,1924
A01925,Synthetic Account 1925,Public Sector,APAC,Enterprise,1334178154.0,9469
A01926,Synthetic Account 1926,Technology,Latin America,Strategic,479462724.0,4010
A01927,Synthetic Account 1927,Public Sector,EMEA,Strategic,227799115.0,1813
A01928,Synthetic Account 1928,Manufacturing,EMEA,Enterprise,786330108.0,6709
A01929,Synthetic Account 1929,Technology,North America,Enterprise,2069737589.0,15754
A01930,Synthetic Account 1930,Technology,APAC,Strategic,205823845.0,1630
A01931,Synthetic Account 1931,Financial Services,Latin America,Commercial,536745670.0,4445
A01932,Synthetic Account 1932,Technology,EMEA,Strategic,2177467674.0,15109
A01933,Synthetic Account 1933,Energy,North America,Strategic,356245842.0,3043
A01934,Synthetic Account 1934,Automotive,APAC,Enterprise,870547216.0,7724
A01935,Synthetic Account 1935,Manufacturing,North America,Enterprise,93901946.0,787
A01936,Synthetic Account 1936,Energy,EMEA,Commercial,952157038.0,7529
A01937,Synthetic Account 1937,Technology,Latin America,Enterprise,4079808116.0,33931
A01938,Synthetic Account 1938,Energy,APAC,Enterprise,155026839.0,1139
A01939,Synthetic Account 1939,Healthcare,EMEA,Enterprise,2126267845.0,11770
A01940,Synthetic Account 1940,Automotive,APAC,Strategic,2993585439.0,12999
A01941,Synthetic Account 1941,Consumer Goods,North America,Strategic,3314228250.0,24592
A01942,Synthetic Account 1942,Energy,APAC,Strategic,2543358931.0,14698
A01943,Synthetic Account 1943,Technology,APAC,Commercial,6960316149.0,36033
A01944,Synthetic Account 1944,Energy,EMEA,Enterprise,825295969.0,4989
A01945,Synthetic Account 1945,Manufacturing,Latin America,Commercial,3290251683.0,17338
A01946,Synthetic Account 1946,Consumer Goods,North America,Commercial,5519983160.0,40845
A01947,Synthetic Account 1947,Automotive,Latin America,Commercial,336291717.0,2314
A01948,Synthetic Account 1948,Technology,APAC,Enterprise,854909346.0,5479
A01949,Synthetic Account 1949,Technology,North America,Commercial,1728086305.0,9444
A01950,Synthetic Account 1950,Healthcare,APAC,Commercial,669666738.0,4254
A01951,Synthetic Account 1951,Automotive,EMEA,Enterprise,734851359.0,6515
A01952,Synthetic Account 1952,Public Sector,North America,Enterprise,446491322.0,3179
A01953,Synthetic Account 1953,Public Sector,APAC,Strategic,388394996.0,3185
A01954,Synthetic Account 1954,Telecommunications,North America,Enterprise,387130986.0,2836
A01955,Synthetic Account 1955,Telecommunications,APAC,Commercial,409453680.0,2333
A01956,Synthetic Account 1956,Consumer Goods,EMEA,Strategic,747419839.0,4482
A01957,Synthetic Account 1957,Manufacturing,North America,Commercial,1120233793.0,8442
A01958,Synthetic Account 1958,Manufacturing,North America,Commercial,1616968518.0,10672
A01959,Synthetic Account 1959,Consumer Goods,EMEA,Enterprise,4366758507.0,29479
A01960,Synthetic Account 1960,Telecommunications,Latin America,Enterprise,1770101445.0,15367
A01961,Synthetic Account 1961,Automotive,APAC,Enterprise,544588812.0,4745
A01962,Synthetic Account 1962,Manufacturing,APAC,Strategic,1401073573.0,9762
A01963,Synthetic Account 1963,Energy,North America,Enterprise,4996311811.0,26214
A01964,Synthetic Account 1964,Healthcare,Latin America,Enterprise,6098021674.0,29753
A01965,Synthetic Account 1965,Technology,North America,Commercial,1356067077.0,11039
A01966,Synthetic Account 1966,Manufacturing,North America,Strategic,1373517091.0,12300
A01967,Synthetic Account 1967,Healthcare,APAC,Strategic,1798025291.0,10900
A01968,Synthetic Account 1968,Telecommunications,APAC,Strategic,1447052216.0,11000
A01969,Synthetic Account 1969,Technology,North America,Enterprise,1505706968.0,6582
A01970,Synthetic Account 1970,Consumer Goods,Latin America,Enterprise,671088361.0,4886
A01971,Synthetic Account 1971,Manufacturing,North America,Enterprise,1537604295.0,10377
A01972,Synthetic Account 1972,Financial Services,APAC,Commercial,532160319.0,3913
A01973,Synthetic Account 1973,Consumer Goods,North America,Commercial,137118343.0,659
A01974,Synthetic Account 1974,Public Sector,EMEA,Strategic,569947458.0,2518
A01975,Synthetic Account 1975,Technology,Latin America,Strategic,2712751272.0,12924
A01976,Synthetic Account 1976,Retail,EMEA,Enterprise,2307431267.0,19557
A01977,Synthetic Account 1977,Energy,EMEA,Enterprise,787018735.0,3865
A01978,Synthetic Account 1978,Manufacturing,APAC,Enterprise,4270283932.0,31078
A01979,Synthetic Account 1979,Financial Services,EMEA,Commercial,6061721920.0,35039
A01980,Synthetic Account 1980,Healthcare,EMEA,Commercial,575287948.0,3858
A01981,Synthetic Account 1981,Manufacturing,APAC,Commercial,1004520473.0,7132
A01982,Synthetic Account 1982,Technology,EMEA,Strategic,4001799870.0,20457
A01983,Synthetic Account 1983,Retail,APAC,Strategic,2712102128.0,19037
A01984,Synthetic Account 1984,Technology,North America,Commercial,1594399954.0,12519
A01985,Synthetic Account 1985,Public Sector,Latin America,Enterprise,450096434.0,2369
A01986,Synthetic Account 1986,Healthcare,EMEA,Enterprise,266752897.0,1301
A01987,Synthetic Account 1987,Manufacturing,Latin America,Enterprise,2641084832.0,15440
A01988,Synthetic Account 1988,Retail,Latin America,Commercial,1067686861.0,8567
A01989,Synthetic Account 1989,Financial Services,Latin America,Enterprise,505417897.0,3486
A01990,Synthetic Account 1990,Manufacturing,APAC,Enterprise,3350562845.0,28828
A01991,Synthetic Account 1991,Public Sector,North America,Enterprise,1301604629.0,8279
A01992,Synthetic Account 1992,Automotive,EMEA,Enterprise,159349858.0,788
A01993,Synthetic Account 1993,Technology,Latin America,Enterprise,2740000141.0,21825
A01994,Synthetic Account 1994,Healthcare,EMEA,Enterprise,203706841.0,980
A01995,Synthetic Account 1995,Retail,APAC,Enterprise,274685864.0,1456
A01996,Synthetic Account 1996,Technology,APAC,Enterprise,194512760.0,1365
A01997,Synthetic Account 1997,Automotive,North America,Enterprise,373688834.0,1786
A01998,Synthetic Account 1998,Telecommunications,North America,Enterprise,465079811.0,2955
A01999,Synthetic Account 1999,Consumer Goods,APAC,Enterprise,1522639929.0,7182
A02000,Synthetic Account 2000,Healthcare,APAC,Enterprise,863126441.0,5263
A02001,Synthetic Account 2001,Retail,EMEA,Enterprise,567120395.0,4854
A02002,Synthetic Account 2002,Public Sector,APAC,Commercial,3123168052.0,22126
A02003,Synthetic Account 2003,Retail,Latin America,Enterprise,934309037.0,4788
A02004,Synthetic Account 2004,Technology,APAC,Enterprise,2560378741.0,22140
A02005,Synthetic Account 2005,Manufacturing,Latin America,Enterprise,1765695987.0,14822
A02006,Synthetic Account 2006,Retail,Latin America,Commercial,268481908.0,2246
A02007,Synthetic Account 2007,Financial Services,APAC,Enterprise,1883958577.0,16527
A02008,Synthetic Account 2008,Healthcare,Latin America,Enterprise,1921827561.0,10176
A02009,Synthetic Account 2009,Retail,APAC,Strategic,1129200186.0,6265
A02010,Synthetic Account 2010,Public Sector,EMEA,Commercial,670492361.0,5440
A02011,Synthetic Account 2011,Energy,North America,Enterprise,5575122490.0,43577
A02012,Synthetic Account 2012,Retail,EMEA,Strategic,1309882463.0,10907
A02013,Synthetic Account 2013,Technology,APAC,Enterprise,147681914.0,1096
A02014,Synthetic Account 2014,Energy,APAC,Strategic,483015906.0,3308
A02015,Synthetic Account 2015,Financial Services,APAC,Strategic,329434074.0,2128
A02016,Synthetic Account 2016,Retail,EMEA,Strategic,3496894951.0,26274
A02017,Synthetic Account 2017,Automotive,Latin America,Enterprise,1870114719.0,16284
A02018,Synthetic Account 2018,Consumer Goods,Latin America,Enterprise,4369190493.0,36430
A02019,Synthetic Account 2019,Healthcare,EMEA,Enterprise,450916153.0,3773
A02020,Synthetic Account 2020,Retail,APAC,Enterprise,818791443.0,4883
A02021,Synthetic Account 2021,Energy,North America,Enterprise,675015836.0,3098
A02022,Synthetic Account 2022,Retail,APAC,Enterprise,744382346.0,5795
A02023,Synthetic Account 2023,Consumer Goods,EMEA,Strategic,545409307.0,3430
A02024,Synthetic Account 2024,Retail,North America,Enterprise,2358226383.0,13368
A02025,Synthetic Account 2025,Automotive,EMEA,Commercial,9606020756.0,55774
A02026,Synthetic Account 2026,Technology,Latin America,Enterprise,904955654.0,5766
A02027,Synthetic Account 2027,Public Sector,North America,Commercial,7724578931.0,43382
A02028,Synthetic Account 2028,Retail,Latin America,Enterprise,62413244.0,500
A02029,Synthetic Account 2029,Technology,APAC,Enterprise,390905224.0,1913
A02030,Synthetic Account 2030,Healthcare,APAC,Enterprise,1672857028.0,12401
A02031,Synthetic Account 2031,Healthcare,EMEA,Strategic,8878308003.0,46690
A02032,Synthetic Account 2032,Consumer Goods,North America,Enterprise,252974110.0,1236
A02033,Synthetic Account 2033,Public Sector,APAC,Enterprise,150293282.0,1277
A02034,Synthetic Account 2034,Energy,EMEA,Enterprise,2916005024.0,25581
A02035,Synthetic Account 2035,Automotive,Latin America,Commercial,828167216.0,6417
A02036,Synthetic Account 2036,Manufacturing,APAC,Enterprise,480630034.0,3645
A02037,Synthetic Account 2037,Public Sector,EMEA,Enterprise,510221520.0,2895
A02038,Synthetic Account 2038,Healthcare,APAC,Strategic,1653142417.0,14439
A02039,Synthetic Account 2039,Telecommunications,APAC,Enterprise,702888648.0,5762
A02040,Synthetic Account 2040,Telecommunications,North America,Strategic,766478572.0,5598
A02041,Synthetic Account 2041,Public Sector,APAC,Strategic,656541715.0,3928
A02042,Synthetic Account 2042,Energy,Latin America,Enterprise,1250460418.0,10142
A02043,Synthetic Account 2043,Retail,APAC,Enterprise,348000224.0,2776
A02044,Synthetic Account 2044,Automotive,EMEA,Enterprise,1443678366.0,9902
A02045,Synthetic Account 2045,Manufacturing,EMEA,Enterprise,811593215.0,5761
A02046,Synthetic Account 2046,Financial Services,North America,Commercial,268063468.0,2131
A02047,Synthetic Account 2047,Financial Services,North America,Enterprise,836910777.0,5233
A02048,Synthetic Account 2048,Healthcare,EMEA,Strategic,752870922.0,5345
A02049,Synthetic Account 2049,Retail,Latin America,Enterprise,807426662.0,3831
A02050,Synthetic Account 2050,Automotive,EMEA,Enterprise,698029574.0,4050
A02051,Synthetic Account 2051,Technology,EMEA,Enterprise,994228597.0,6754
A02052,Synthetic Account 2052,Retail,North America,Strategic,533100802.0,3678
A02053,Synthetic Account 2053,Financial Services,Latin America,Enterprise,1663787464.0,8369
A02054,Synthetic Account 2054,Telecommunications,APAC,Enterprise,3012122482.0,15215
A02055,Synthetic Account 2055,Financial Services,Latin America,Strategic,453037163.0,3782
A02056,Synthetic Account 2056,Consumer Goods,Latin America,Enterprise,2311580341.0,10551
A02057,Synthetic Account 2057,Automotive,Latin America,Strategic,856431233.0,6103
A02058,Synthetic Account 2058,Energy,EMEA,Commercial,2172337433.0,9762
A02059,Synthetic Account 2059,Manufacturing,North America,Enterprise,762807206.0,5297
A02060,Synthetic Account 2060,Retail,Latin America,Strategic,2923512339.0,12721
A02061,Synthetic Account 2061,Healthcare,Latin America,Enterprise,795337551.0,4553
A02062,Synthetic Account 2062,Automotive,North America,Enterprise,2742061861.0,14954
A02063,Synthetic Account 2063,Energy,Latin America,Enterprise,1581781240.0,11685
A02064,Synthetic Account 2064,Energy,North America,Commercial,646621958.0,3785
A02065,Synthetic Account 2065,Telecommunications,APAC,Commercial,698877952.0,5591
A02066,Synthetic Account 2066,Automotive,EMEA,Enterprise,1513909692.0,8875
A02067,Synthetic Account 2067,Energy,APAC,Enterprise,4238746389.0,35063
A02068,Synthetic Account 2068,Retail,Latin America,Enterprise,2506479044.0,12873
A02069,Synthetic Account 2069,Automotive,EMEA,Strategic,938658786.0,7627
A02070,Synthetic Account 2070,Healthcare,APAC,Strategic,223008285.0,1286
A02071,Synthetic Account 2071,Financial Services,North America,Enterprise,863433713.0,5217
A02072,Synthetic Account 2072,Energy,Latin America,Commercial,605262921.0,5418
A02073,Synthetic Account 2073,Energy,EMEA,Strategic,235765951.0,1274
A02074,Synthetic Account 2074,Energy,Latin America,Strategic,955222865.0,4507
A02075,Synthetic Account 2075,Manufacturing,Latin America,Commercial,2641850273.0,11519
A02076,Synthetic Account 2076,Energy,Latin America,Strategic,1065685820.0,9237
A02077,Synthetic Account 2077,Public Sector,Latin America,Enterprise,513444682.0,2275
A02078,Synthetic Account 2078,Technology,Latin America,Enterprise,381178871.0,1752
A02079,Synthetic Account 2079,Consumer Goods,EMEA,Enterprise,1743821337.0,12339
A02080,Synthetic Account 2080,Automotive,Latin America,Enterprise,1138809053.0,7397
A02081,Synthetic Account 2081,Consumer Goods,North America,Enterprise,327346234.0,1531
A02082,Synthetic Account 2082,Manufacturing,Latin America,Enterprise,2009717175.0,16233
A02083,Synthetic Account 2083,Telecommunications,North America,Commercial,116659617.0,726
A02084,Synthetic Account 2084,Automotive,North America,Enterprise,663530906.0,5154
A02085,Synthetic Account 2085,Energy,North America,Strategic,729632309.0,4003
A02086,Synthetic Account 2086,Telecommunications,EMEA,Strategic,1467407821.0,9260
A02087,Synthetic Account 2087,Technology,EMEA,Commercial,279246360.0,2299
A02088,Synthetic Account 2088,Public Sector,North America,Strategic,404948515.0,2912
A02089,Synthetic Account 2089,Technology,APAC,Strategic,522165463.0,3285
A02090,Synthetic Account 2090,Technology,North America,Commercial,447254463.0,3959
A02091,Synthetic Account 2091,Healthcare,APAC,Enterprise,1032595691.0,5031
A02092,Synthetic Account 2092,Healthcare,North America,Strategic,932937077.0,4795
A02093,Synthetic Account 2093,Telecommunications,EMEA,Enterprise,1584564520.0,10144
A02094,Synthetic Account 2094,Technology,APAC,Enterprise,291878387.0,2001
A02095,Synthetic Account 2095,Telecommunications,Latin America,Strategic,610452651.0,3787
A02096,Synthetic Account 2096,Public Sector,EMEA,Enterprise,776972531.0,6133
A02097,Synthetic Account 2097,Healthcare,Latin America,Strategic,1595237976.0,6981
A02098,Synthetic Account 2098,Manufacturing,Latin America,Enterprise,812341389.0,6901
A02099,Synthetic Account 2099,Telecommunications,EMEA,Commercial,1072188645.0,7848
A02100,Synthetic Account 2100,Energy,APAC,Commercial,966468294.0,8685
A02101,Synthetic Account 2101,Telecommunications,North America,Enterprise,730825500.0,5466
A02102,Synthetic Account 2102,Manufacturing,EMEA,Strategic,985410788.0,8246
A02103,Synthetic Account 2103,Retail,APAC,Commercial,6470643024.0,37880
A02104,Synthetic Account 2104,Technology,North America,Strategic,1894497248.0,15615
A02105,Synthetic Account 2105,Energy,Latin America,Enterprise,1266897928.0,10954
A02106,Synthetic Account 2106,Financial Services,APAC,Commercial,4234115819.0,32366
A02107,Synthetic Account 2107,Energy,APAC,Commercial,4039798990.0,22946
A02108,Synthetic Account 2108,Healthcare,North America,Commercial,816631416.0,5128
A02109,Synthetic Account 2109,Financial Services,APAC,Strategic,2080766266.0,15168
A02110,Synthetic Account 2110,Automotive,Latin America,Strategic,858363353.0,6004
A02111,Synthetic Account 2111,Manufacturing,EMEA,Enterprise,536760108.0,4355
A02112,Synthetic Account 2112,Manufacturing,North America,Commercial,2780187044.0,18494
A02113,Synthetic Account 2113,Healthcare,Latin America,Enterprise,466640727.0,2657
A02114,Synthetic Account 2114,Energy,EMEA,Strategic,1375136718.0,8928
A02115,Synthetic Account 2115,Manufacturing,EMEA,Enterprise,279561660.0,1262
A02116,Synthetic Account 2116,Automotive,APAC,Strategic,2476197688.0,15235
A02117,Synthetic Account 2117,Consumer Goods,Latin America,Enterprise,220488094.0,1974
A02118,Synthetic Account 2118,Automotive,APAC,Enterprise,1483955194.0,7306
A02119,Synthetic Account 2119,Financial Services,APAC,Enterprise,429061194.0,2828
A02120,Synthetic Account 2120,Public Sector,EMEA,Commercial,1246790287.0,9704
A02121,Synthetic Account 2121,Retail,EMEA,Enterprise,1056364883.0,8527
A02122,Synthetic Account 2122,Financial Services,EMEA,Commercial,266974484.0,1246
A02123,Synthetic Account 2123,Energy,Latin America,Commercial,899971480.0,5675
A02124,Synthetic Account 2124,Technology,EMEA,Enterprise,475278605.0,2932
A02125,Synthetic Account 2125,Consumer Goods,North America,Strategic,4664554710.0,26174
A02126,Synthetic Account 2126,Retail,Latin America,Enterprise,696020982.0,3421
A02127,Synthetic Account 2127,Automotive,North America,Strategic,1377826594.0,6248
A02128,Synthetic Account 2128,Healthcare,APAC,Enterprise,786971788.0,4395
A02129,Synthetic Account 2129,Energy,North America,Enterprise,914808671.0,6356
A02130,Synthetic Account 2130,Energy,Latin America,Enterprise,1801826587.0,9973
A02131,Synthetic Account 2131,Financial Services,Latin America,Enterprise,1817831869.0,14463
A02132,Synthetic Account 2132,Manufacturing,North America,Strategic,1045671122.0,5103
A02133,Synthetic Account 2133,Public Sector,Latin America,Enterprise,711731467.0,5937
A02134,Synthetic Account 2134,Energy,Latin America,Strategic,760437597.0,5820
A02135,Synthetic Account 2135,Public Sector,Latin America,Enterprise,597043106.0,2656
A02136,Synthetic Account 2136,Energy,Latin America,Enterprise,2874494639.0,24369
A02137,Synthetic Account 2137,Retail,APAC,Enterprise,797204863.0,5781
A02138,Synthetic Account 2138,Automotive,Latin America,Strategic,527966485.0,3199
A02139,Synthetic Account 2139,Public Sector,EMEA,Commercial,3641408986.0,32716
A02140,Synthetic Account 2140,Energy,North America,Enterprise,2631701080.0,22134
A02141,Synthetic Account 2141,Public Sector,North America,Enterprise,198567650.0,1532
A02142,Synthetic Account 2142,Manufacturing,APAC,Strategic,1759761903.0,13422
A02143,Synthetic Account 2143,Financial Services,EMEA,Enterprise,3769294335.0,28232
A02144,Synthetic Account 2144,Healthcare,North America,Enterprise,1206074301.0,5903
A02145,Synthetic Account 2145,Financial Services,APAC,Commercial,1018695621.0,6750
A02146,Synthetic Account 2146,Retail,EMEA,Strategic,2037696177.0,16261
A02147,Synthetic Account 2147,Manufacturing,Latin America,Commercial,1133081079.0,6737
A02148,Synthetic Account 2148,Energy,Latin America,Strategic,3422976403.0,30143
A02149,Synthetic Account 2149,Financial Services,North America,Enterprise,1342410466.0,10491
A02150,Synthetic Account 2150,Automotive,North America,Commercial,1411089958.0,9297
A02151,Synthetic Account 2151,Consumer Goods,APAC,Enterprise,1896106839.0,10862
A02152,Synthetic Account 2152,Energy,North America,Commercial,774613938.0,6421
A02153,Synthetic Account 2153,Technology,APAC,Enterprise,639964369.0,4802
A02154,Synthetic Account 2154,Automotive,North America,Commercial,1373412566.0,7997
A02155,Synthetic Account 2155,Retail,Latin America,Enterprise,267662824.0,1298
A02156,Synthetic Account 2156,Automotive,North America,Commercial,1932145114.0,14800
A02157,Synthetic Account 2157,Public Sector,North America,Commercial,1158000151.0,9619
A02158,Synthetic Account 2158,Retail,Latin America,Strategic,533038905.0,2994
A02159,Synthetic Account 2159,Manufacturing,APAC,Enterprise,9622131825.0,86490
A02160,Synthetic Account 2160,Consumer Goods,Latin America,Enterprise,3118607458.0,18999
A02161,Synthetic Account 2161,Healthcare,North America,Enterprise,2194461575.0,15522
A02162,Synthetic Account 2162,Telecommunications,Latin America,Commercial,408185619.0,2298
A02163,Synthetic Account 2163,Energy,EMEA,Strategic,167707747.0,844
A02164,Synthetic Account 2164,Retail,APAC,Enterprise,8154713485.0,59222
A02165,Synthetic Account 2165,Telecommunications,North America,Enterprise,478418058.0,2872
A02166,Synthetic Account 2166,Retail,Latin America,Strategic,723561150.0,3446
A02167,Synthetic Account 2167,Energy,North America,Strategic,986979284.0,5726
A02168,Synthetic Account 2168,Public Sector,APAC,Commercial,2090909794.0,14743
A02169,Synthetic Account 2169,Retail,EMEA,Strategic,8278954911.0,57431
A02170,Synthetic Account 2170,Financial Services,APAC,Enterprise,3351466559.0,27866
A02171,Synthetic Account 2171,Automotive,EMEA,Enterprise,1669958783.0,7840
A02172,Synthetic Account 2172,Energy,APAC,Enterprise,1571829277.0,11525
A02173,Synthetic Account 2173,Technology,North America,Enterprise,649851765.0,5355
A02174,Synthetic Account 2174,Manufacturing,APAC,Enterprise,193773745.0,1072
A02175,Synthetic Account 2175,Energy,North America,Enterprise,799251499.0,4167
A02176,Synthetic Account 2176,Manufacturing,APAC,Commercial,1732664591.0,11410
A02177,Synthetic Account 2177,Automotive,APAC,Strategic,546031479.0,3384
A02178,Synthetic Account 2178,Automotive,EMEA,Enterprise,1459988906.0,6954
A02179,Synthetic Account 2179,Telecommunications,EMEA,Commercial,1060447875.0,6113
A02180,Synthetic Account 2180,Energy,APAC,Enterprise,1262416936.0,6874
A02181,Synthetic Account 2181,Manufacturing,North America,Enterprise,849400142.0,3996
A02182,Synthetic Account 2182,Consumer Goods,EMEA,Strategic,776723530.0,6073
A02183,Synthetic Account 2183,Energy,Latin America,Strategic,1558085355.0,7739
A02184,Synthetic Account 2184,Public Sector,EMEA,Commercial,412311163.0,2889
A02185,Synthetic Account 2185,Public Sector,Latin America,Enterprise,746600996.0,3706
A02186,Synthetic Account 2186,Telecommunications,Latin America,Enterprise,963712674.0,8351
A02187,Synthetic Account 2187,Retail,Latin America,Commercial,451000754.0,2931
A02188,Synthetic Account 2188,Energy,APAC,Commercial,1436616630.0,11725
A02189,Synthetic Account 2189,Manufacturing,North America,Enterprise,6658818116.0,31120
A02190,Synthetic Account 2190,Automotive,APAC,Enterprise,2215632557.0,15589
A02191,Synthetic Account 2191,Consumer Goods,Latin America,Enterprise,413582848.0,2967
A02192,Synthetic Account 2192,Telecommunications,EMEA,Enterprise,691267281.0,4337
A02193,Synthetic Account 2193,Financial Services,APAC,Strategic,2202424849.0,11143
A02194,Synthetic Account 2194,Financial Services,North America,Strategic,459757168.0,3044
A02195,Synthetic Account 2195,Retail,North America,Enterprise,1042902151.0,8414
A02196,Synthetic Account 2196,Consumer Goods,EMEA,Strategic,133875011.0,1161
A02197,Synthetic Account 2197,Automotive,Latin America,Strategic,1675105769.0,12956
A02198,Synthetic Account 2198,Manufacturing,APAC,Enterprise,1910599151.0,14780
A02199,Synthetic Account 2199,Public Sector,APAC,Strategic,813969391.0,6094
A02200,Synthetic Account 2200,Healthcare,North America,Commercial,931891682.0,6596
A02201,Synthetic Account 2201,Manufacturing,EMEA,Enterprise,4093625790.0,18205
A02202,Synthetic Account 2202,Healthcare,APAC,Enterprise,2229565697.0,9832
A02203,Synthetic Account 2203,Telecommunications,EMEA,Enterprise,2721358809.0,22466
A02204,Synthetic Account 2204,Technology,Latin America,Enterprise,1489791631.0,9399
A02205,Synthetic Account 2205,Public Sector,Latin America,Strategic,934453540.0,4886
A02206,Synthetic Account 2206,Manufacturing,North America,Enterprise,136468500.0,943
A02207,Synthetic Account 2207,Manufacturing,EMEA,Commercial,236518771.0,2064
A02208,Synthetic Account 2208,Energy,EMEA,Enterprise,2274149798.0,20326
A02209,Synthetic Account 2209,Manufacturing,Latin America,Enterprise,737268099.0,3750
A02210,Synthetic Account 2210,Energy,Latin America,Strategic,2301108498.0,11802
A02211,Synthetic Account 2211,Technology,EMEA,Commercial,481963832.0,3212
A02212,Synthetic Account 2212,Telecommunications,EMEA,Enterprise,2495952972.0,20487
A02213,Synthetic Account 2213,Consumer Goods,North America,Strategic,1284736766.0,11363
A02214,Synthetic Account 2214,Manufacturing,Latin America,Enterprise,371693324.0,3156
A02215,Synthetic Account 2215,Telecommunications,Latin America,Commercial,1337264718.0,10750
A02216,Synthetic Account 2216,Financial Services,Latin America,Strategic,797294232.0,6696
A02217,Synthetic Account 2217,Telecommunications,APAC,Enterprise,275530204.0,2140
A02218,Synthetic Account 2218,Automotive,EMEA,Enterprise,473901910.0,3228
A02219,Synthetic Account 2219,Public Sector,Latin America,Commercial,521940987.0,3836
A02220,Synthetic Account 2220,Consumer Goods,EMEA,Strategic,232532502.0,2073
A02221,Synthetic Account 2221,Consumer Goods,EMEA,Strategic,667402346.0,5381
A02222,Synthetic Account 2222,Healthcare,North America,Commercial,1831485539.0,10836
A02223,Synthetic Account 2223,Retail,Latin America,Strategic,769755417.0,6617
A02224,Synthetic Account 2224,Healthcare,EMEA,Strategic,530059750.0,2570
A02225,Synthetic Account 2225,Energy,Latin America,Enterprise,3726377464.0,17365
A02226,Synthetic Account 2226,Consumer Goods,Latin America,Enterprise,3754668820.0,29857
A02227,Synthetic Account 2227,Energy,Latin America,Strategic,3362133767.0,24827
A02228,Synthetic Account 2228,Healthcare,APAC,Commercial,1764674067.0,11556
A02229,Synthetic Account 2229,Manufacturing,EMEA,Enterprise,2734135187.0,12686
A02230,Synthetic Account 2230,Financial Services,APAC,Enterprise,796580714.0,6179
A02231,Synthetic Account 2231,Public Sector,EMEA,Strategic,915439140.0,6735
A02232,Synthetic Account 2232,Telecommunications,North America,Enterprise,1254142443.0,10607
A02233,Synthetic Account 2233,Telecommunications,Latin America,Enterprise,4167562808.0,27230
A02234,Synthetic Account 2234,Consumer Goods,North America,Enterprise,1642917921.0,14644
A02235,Synthetic Account 2235,Telecommunications,APAC,Enterprise,564453660.0,2734
A02236,Synthetic Account 2236,Public Sector,North America,Enterprise,1508767214.0,9855
A02237,Synthetic Account 2237,Automotive,APAC,Enterprise,215611390.0,1437
A02238,Synthetic Account 2238,Consumer Goods,North America,Commercial,1865358262.0,15638
A02239,Synthetic Account 2239,Telecommunications,Latin America,Commercial,536418180.0,3920
A02240,Synthetic Account 2240,Automotive,Latin America,Strategic,1271755393.0,7639
A02241,Synthetic Account 2241,Technology,APAC,Commercial,2658022199.0,13438
A02242,Synthetic Account 2242,Telecommunications,EMEA,Strategic,5243446537.0,28747
A02243,Synthetic Account 2243,Retail,North America,Enterprise,1643673073.0,13096
A02244,Synthetic Account 2244,Technology,Latin America,Enterprise,767897241.0,5395
A02245,Synthetic Account 2245,Telecommunications,EMEA,Commercial,142478440.0,1272
A02246,Synthetic Account 2246,Automotive,Latin America,Enterprise,1262076584.0,7828
A02247,Synthetic Account 2247,Manufacturing,APAC,Enterprise,5104331590.0,37945
A02248,Synthetic Account 2248,Manufacturing,EMEA,Enterprise,763004081.0,4327
A02249,Synthetic Account 2249,Public Sector,North America,Enterprise,2565458156.0,16227
A02250,Synthetic Account 2250,Consumer Goods,Latin America,Strategic,4179022826.0,35095
A02251,Synthetic Account 2251,Financial Services,Latin America,Enterprise,455311202.0,3018
A02252,Synthetic Account 2252,Consumer Goods,Latin America,Strategic,525174142.0,3162
A02253,Synthetic Account 2253,Energy,North America,Commercial,200463307.0,1762
A02254,Synthetic Account 2254,Telecommunications,Latin America,Strategic,338872511.0,2520
A02255,Synthetic Account 2255,Retail,EMEA,Enterprise,1286387183.0,8292
A02256,Synthetic Account 2256,Telecommunications,APAC,Enterprise,1998691166.0,17341
A02257,Synthetic Account 2257,Automotive,Latin America,Enterprise,1216205003.0,6076
A02258,Synthetic Account 2258,Retail,APAC,Enterprise,592142563.0,4412
A02259,Synthetic Account 2259,Consumer Goods,Latin America,Enterprise,338059111.0,2743
A02260,Synthetic Account 2260,Retail,Latin America,Commercial,2438844428.0,11096
A02261,Synthetic Account 2261,Healthcare,APAC,Commercial,1046615480.0,5537
A02262,Synthetic Account 2262,Retail,EMEA,Enterprise,442353077.0,3059
A02263,Synthetic Account 2263,Healthcare,Latin America,Enterprise,6060304477.0,32002
A02264,Synthetic Account 2264,Financial Services,North America,Commercial,1448982859.0,9372
A02265,Synthetic Account 2265,Technology,Latin America,Strategic,653004122.0,5338
A02266,Synthetic Account 2266,Retail,Latin America,Enterprise,8554494857.0,57407
A02267,Synthetic Account 2267,Consumer Goods,EMEA,Commercial,1678385029.0,9613
A02268,Synthetic Account 2268,Technology,Latin America,Enterprise,400932522.0,2814
A02269,Synthetic Account 2269,Telecommunications,EMEA,Strategic,1067525918.0,8925
A02270,Synthetic Account 2270,Automotive,North America,Commercial,706417075.0,3943
A02271,Synthetic Account 2271,Public Sector,North America,Commercial,546977245.0,4728
A02272,Synthetic Account 2272,Consumer Goods,EMEA,Strategic,934001653.0,4735
A02273,Synthetic Account 2273,Retail,EMEA,Enterprise,728142432.0,6408
A02274,Synthetic Account 2274,Consumer Goods,EMEA,Commercial,598907216.0,3624
A02275,Synthetic Account 2275,Financial Services,Latin America,Enterprise,633159961.0,4186
A02276,Synthetic Account 2276,Healthcare,APAC,Commercial,130870537.0,771
A02277,Synthetic Account 2277,Financial Services,EMEA,Enterprise,1155562417.0,6510
A02278,Synthetic Account 2278,Consumer Goods,EMEA,Commercial,280541082.0,1915
A02279,Synthetic Account 2279,Manufacturing,North America,Enterprise,2184459772.0,14010
A02280,Synthetic Account 2280,Technology,EMEA,Commercial,540464511.0,2798
A02281,Synthetic Account 2281,Manufacturing,North America,Strategic,749641856.0,4257
A02282,Synthetic Account 2282,Technology,APAC,Strategic,463052798.0,3687
A02283,Synthetic Account 2283,Telecommunications,Latin America,Strategic,3274809887.0,25325
A02284,Synthetic Account 2284,Technology,EMEA,Strategic,578399882.0,4933
A02285,Synthetic Account 2285,Automotive,EMEA,Enterprise,6455103097.0,46569
A02286,Synthetic Account 2286,Consumer Goods,North America,Strategic,2516057646.0,17284
A02287,Synthetic Account 2287,Retail,EMEA,Enterprise,999166524.0,8366
A02288,Synthetic Account 2288,Healthcare,North America,Strategic,943122965.0,7193
A02289,Synthetic Account 2289,Public Sector,APAC,Commercial,1790752000.0,9641
A02290,Synthetic Account 2290,Financial Services,Latin America,Enterprise,402455827.0,2537
A02291,Synthetic Account 2291,Consumer Goods,North America,Enterprise,114377780.0,620
A02292,Synthetic Account 2292,Consumer Goods,APAC,Commercial,1138848404.0,6307
A02293,Synthetic Account 2293,Consumer Goods,EMEA,Commercial,640239942.0,5275
A02294,Synthetic Account 2294,Consumer Goods,EMEA,Enterprise,2534906347.0,21388
A02295,Synthetic Account 2295,Automotive,APAC,Strategic,729879278.0,5875
A02296,Synthetic Account 2296,Public Sector,Latin America,Strategic,3495366612.0,24071
A02297,Synthetic Account 2297,Healthcare,Latin America,Strategic,345981715.0,2413
A02298,Synthetic Account 2298,Automotive,APAC,Enterprise,958821002.0,8490
A02299,Synthetic Account 2299,Consumer Goods,APAC,Commercial,2080393150.0,18508
A02300,Synthetic Account 2300,Energy,Latin America,Strategic,2528320918.0,19873
A02301,Synthetic Account 2301,Telecommunications,APAC,Strategic,172808779.0,1135
A02302,Synthetic Account 2302,Retail,North America,Commercial,948455548.0,7650
A02303,Synthetic Account 2303,Energy,North America,Commercial,1316686988.0,6154
A02304,Synthetic Account 2304,Energy,EMEA,Enterprise,530528693.0,2619
A02305,Synthetic Account 2305,Energy,APAC,Strategic,1115226808.0,8764
A02306,Synthetic Account 2306,Healthcare,Latin America,Strategic,2877102190.0,12613
A02307,Synthetic Account 2307,Healthcare,Latin America,Enterprise,537303429.0,4573
A02308,Synthetic Account 2308,Energy,APAC,Strategic,1080470910.0,9196
A02309,Synthetic Account 2309,Consumer Goods,APAC,Enterprise,2429779743.0,12845
A02310,Synthetic Account 2310,Telecommunications,APAC,Enterprise,1156479432.0,10138
A02311,Synthetic Account 2311,Automotive,North America,Strategic,625972946.0,3977
A02312,Synthetic Account 2312,Retail,North America,Commercial,79331906.0,500
A02313,Synthetic Account 2313,Manufacturing,EMEA,Enterprise,697920015.0,3075
A02314,Synthetic Account 2314,Retail,EMEA,Commercial,2170957535.0,18173
A02315,Synthetic Account 2315,Energy,North America,Enterprise,202003756.0,1032
A02316,Synthetic Account 2316,Technology,EMEA,Enterprise,58362633.0,500
A02317,Synthetic Account 2317,Healthcare,APAC,Strategic,8584818060.0,39765
A02318,Synthetic Account 2318,Technology,APAC,Commercial,6380642016.0,43870
A02319,Synthetic Account 2319,Financial Services,North America,Commercial,580077748.0,4060
A02320,Synthetic Account 2320,Consumer Goods,North America,Commercial,599423006.0,4611
A02321,Synthetic Account 2321,Energy,North America,Enterprise,442973161.0,3657
A02322,Synthetic Account 2322,Public Sector,Latin America,Enterprise,819437231.0,4506
A02323,Synthetic Account 2323,Telecommunications,EMEA,Enterprise,2860803792.0,16681
A02324,Synthetic Account 2324,Manufacturing,EMEA,Strategic,2353027625.0,12834
A02325,Synthetic Account 2325,Retail,APAC,Strategic,990004185.0,5290
A02326,Synthetic Account 2326,Technology,EMEA,Strategic,488731109.0,3774
A02327,Synthetic Account 2327,Automotive,APAC,Enterprise,1054230885.0,8485
A02328,Synthetic Account 2328,Telecommunications,North America,Enterprise,1009917806.0,6684
A02329,Synthetic Account 2329,Manufacturing,EMEA,Strategic,504665180.0,2253
A02330,Synthetic Account 2330,Public Sector,APAC,Commercial,757639825.0,5732
A02331,Synthetic Account 2331,Manufacturing,Latin America,Enterprise,1752788544.0,8058
A02332,Synthetic Account 2332,Telecommunications,APAC,Commercial,221708492.0,1158
A02333,Synthetic Account 2333,Technology,APAC,Enterprise,555778866.0,4213
A02334,Synthetic Account 2334,Technology,APAC,Commercial,197558402.0,987
A02335,Synthetic Account 2335,Telecommunications,APAC,Commercial,231340030.0,1020
A02336,Synthetic Account 2336,Automotive,Latin America,Enterprise,4390475932.0,36908
A02337,Synthetic Account 2337,Retail,North America,Enterprise,1528722159.0,12569
A02338,Synthetic Account 2338,Retail,Latin America,Enterprise,1883161806.0,10991
A02339,Synthetic Account 2339,Manufacturing,APAC,Commercial,2078977700.0,13363
A02340,Synthetic Account 2340,Telecommunications,North America,Enterprise,1462756355.0,8277
A02341,Synthetic Account 2341,Retail,EMEA,Enterprise,2023450148.0,12185
A02342,Synthetic Account 2342,Public Sector,North America,Enterprise,1075090873.0,7182
A02343,Synthetic Account 2343,Technology,APAC,Enterprise,1089305160.0,5072
A02344,Synthetic Account 2344,Financial Services,EMEA,Enterprise,660478714.0,3653
A02345,Synthetic Account 2345,Automotive,EMEA,Strategic,564606068.0,3436
A02346,Synthetic Account 2346,Manufacturing,Latin America,Enterprise,528493397.0,3902
A02347,Synthetic Account 2347,Public Sector,Latin America,Enterprise,1026216678.0,7356
A02348,Synthetic Account 2348,Consumer Goods,EMEA,Commercial,2703970427.0,24143
A02349,Synthetic Account 2349,Healthcare,Latin America,Strategic,728398069.0,6534
A02350,Synthetic Account 2350,Energy,EMEA,Strategic,3858520701.0,18311
A02351,Synthetic Account 2351,Financial Services,Latin America,Strategic,540722395.0,3442
A02352,Synthetic Account 2352,Financial Services,Latin America,Enterprise,939405997.0,7078
A02353,Synthetic Account 2353,Energy,North America,Enterprise,2602609665.0,17523
A02354,Synthetic Account 2354,Manufacturing,Latin America,Enterprise,3872765879.0,32978
A02355,Synthetic Account 2355,Automotive,North America,Strategic,776702199.0,6042
A02356,Synthetic Account 2356,Technology,Latin America,Enterprise,851997487.0,4862
A02357,Synthetic Account 2357,Automotive,Latin America,Enterprise,6798044635.0,57480
A02358,Synthetic Account 2358,Healthcare,APAC,Enterprise,443571940.0,2779
A02359,Synthetic Account 2359,Technology,Latin America,Commercial,366750037.0,3139
A02360,Synthetic Account 2360,Retail,EMEA,Strategic,3206501449.0,21398
A02361,Synthetic Account 2361,Financial Services,Latin America,Commercial,2249448917.0,20215
A02362,Synthetic Account 2362,Healthcare,Latin America,Commercial,418841872.0,3363
A02363,Synthetic Account 2363,Retail,APAC,Enterprise,448029460.0,3626
A02364,Synthetic Account 2364,Technology,EMEA,Commercial,3759966791.0,32259
A02365,Synthetic Account 2365,Technology,North America,Enterprise,1640971139.0,14627
A02366,Synthetic Account 2366,Healthcare,Latin America,Enterprise,1116076982.0,9970
A02367,Synthetic Account 2367,Technology,Latin America,Enterprise,2434234869.0,18503
A02368,Synthetic Account 2368,Consumer Goods,North America,Strategic,1236851276.0,6078
A02369,Synthetic Account 2369,Healthcare,EMEA,Enterprise,5959136422.0,46931
A02370,Synthetic Account 2370,Retail,Latin America,Commercial,2062719413.0,14955
A02371,Synthetic Account 2371,Technology,APAC,Strategic,979840398.0,5573
A02372,Synthetic Account 2372,Public Sector,APAC,Commercial,1482726505.0,9917
A02373,Synthetic Account 2373,Healthcare,APAC,Enterprise,3076539932.0,13575
A02374,Synthetic Account 2374,Technology,APAC,Enterprise,1707821996.0,13706
A02375,Synthetic Account 2375,Public Sector,EMEA,Enterprise,2093489394.0,9402
A02376,Synthetic Account 2376,Retail,EMEA,Enterprise,3047777505.0,24722
A02377,Synthetic Account 2377,Retail,APAC,Strategic,953394709.0,7696
A02378,Synthetic Account 2378,Consumer Goods,Latin America,Enterprise,295054038.0,2108
A02379,Synthetic Account 2379,Public Sector,APAC,Enterprise,2345803350.0,20941
A02380,Synthetic Account 2380,Retail,APAC,Commercial,671737120.0,4570
A02381,Synthetic Account 2381,Public Sector,APAC,Strategic,1891055986.0,16396
A02382,Synthetic Account 2382,Telecommunications,Latin America,Enterprise,1409465982.0,10307
A02383,Synthetic Account 2383,Manufacturing,APAC,Commercial,1302995904.0,8326
A02384,Synthetic Account 2384,Financial Services,APAC,Enterprise,1395460044.0,10478
A02385,Synthetic Account 2385,Energy,EMEA,Enterprise,761580187.0,3462
A02386,Synthetic Account 2386,Consumer Goods,Latin America,Enterprise,1057707129.0,9189
A02387,Synthetic Account 2387,Energy,EMEA,Commercial,2901521066.0,17447
A02388,Synthetic Account 2388,Energy,Latin America,Commercial,1710276700.0,11176
A02389,Synthetic Account 2389,Financial Services,Latin America,Enterprise,2408374005.0,16145
A02390,Synthetic Account 2390,Consumer Goods,North America,Strategic,4928137676.0,32021
A02391,Synthetic Account 2391,Financial Services,APAC,Enterprise,405451119.0,3272
A02392,Synthetic Account 2392,Retail,North America,Enterprise,2103212679.0,11760
A02393,Synthetic Account 2393,Healthcare,North America,Enterprise,457033674.0,2849
A02394,Synthetic Account 2394,Energy,North America,Enterprise,5795732564.0,38517
A02395,Synthetic Account 2395,Consumer Goods,EMEA,Strategic,312989502.0,1381
A02396,Synthetic Account 2396,Telecommunications,APAC,Enterprise,372500918.0,2025
A02397,Synthetic Account 2397,Technology,Latin America,Enterprise,1137710717.0,6021
A02398,Synthetic Account 2398,Telecommunications,APAC,Enterprise,4282814659.0,19789
A02399,Synthetic Account 2399,Retail,Latin America,Enterprise,1564785976.0,6817
A02400,Synthetic Account 2400,Public Sector,North America,Commercial,1274123053.0,7538
A02401,Synthetic Account 2401,Manufacturing,APAC,Commercial,7104091042.0,53943
A02402,Synthetic Account 2402,Public Sector,North America,Enterprise,521911706.0,3013
A02403,Synthetic Account 2403,Retail,EMEA,Enterprise,1540660354.0,8822
A02404,Synthetic Account 2404,Manufacturing,APAC,Commercial,1612194998.0,11402
A02405,Synthetic Account 2405,Public Sector,EMEA,Enterprise,546424511.0,3449
A02406,Synthetic Account 2406,Energy,APAC,Commercial,384531958.0,2982
A02407,Synthetic Account 2407,Financial Services,Latin America,Enterprise,353504908.0,1986
A02408,Synthetic Account 2408,Automotive,EMEA,Commercial,1915802728.0,10518
A02409,Synthetic Account 2409,Automotive,EMEA,Enterprise,747096002.0,3991
A02410,Synthetic Account 2410,Financial Services,APAC,Commercial,3738847934.0,30496
A02411,Synthetic Account 2411,Public Sector,EMEA,Enterprise,813438257.0,4405
A02412,Synthetic Account 2412,Healthcare,North America,Enterprise,804169936.0,3931
A02413,Synthetic Account 2413,Technology,Latin America,Strategic,868649158.0,3958
A02414,Synthetic Account 2414,Financial Services,EMEA,Enterprise,1182710585.0,7294
A02415,Synthetic Account 2415,Healthcare,North America,Enterprise,3181116756.0,27438
A02416,Synthetic Account 2416,Retail,North America,Enterprise,559372549.0,2826
A02417,Synthetic Account 2417,Technology,Latin America,Strategic,695041703.0,6135
A02418,Synthetic Account 2418,Telecommunications,APAC,Commercial,3097399470.0,20664
A02419,Synthetic Account 2419,Automotive,North America,Enterprise,478365607.0,2692
A02420,Synthetic Account 2420,Public Sector,APAC,Commercial,317442299.0,1635
A02421,Synthetic Account 2421,Telecommunications,APAC,Enterprise,142495104.0,773
A02422,Synthetic Account 2422,Consumer Goods,EMEA,Enterprise,3234377637.0,18033
A02423,Synthetic Account 2423,Telecommunications,EMEA,Enterprise,5186527675.0,28558
A02424,Synthetic Account 2424,Financial Services,Latin America,Strategic,146538511.0,1229
A02425,Synthetic Account 2425,Healthcare,North America,Strategic,3817281938.0,32976
A02426,Synthetic Account 2426,Manufacturing,EMEA,Enterprise,719399384.0,3490
A02427,Synthetic Account 2427,Retail,Latin America,Strategic,1582962610.0,10938
A02428,Synthetic Account 2428,Energy,APAC,Commercial,2372623812.0,19295
A02429,Synthetic Account 2429,Technology,North America,Strategic,3208660203.0,24512
A02430,Synthetic Account 2430,Healthcare,Latin America,Enterprise,1423466159.0,7084
A02431,Synthetic Account 2431,Manufacturing,APAC,Strategic,356048463.0,2129
A02432,Synthetic Account 2432,Financial Services,North America,Strategic,3084560867.0,13936
A02433,Synthetic Account 2433,Public Sector,North America,Enterprise,2865653297.0,21217
A02434,Synthetic Account 2434,Manufacturing,EMEA,Strategic,1936408611.0,14543
A02435,Synthetic Account 2435,Telecommunications,Latin America,Strategic,311691558.0,1525
A02436,Synthetic Account 2436,Telecommunications,North America,Enterprise,3616189639.0,31072
A02437,Synthetic Account 2437,Healthcare,Latin America,Strategic,1775904197.0,14720
A02438,Synthetic Account 2438,Manufacturing,APAC,Enterprise,755734344.0,5118
A02439,Synthetic Account 2439,Automotive,North America,Enterprise,3491481649.0,20187
A02440,Synthetic Account 2440,Healthcare,Latin America,Commercial,1384772242.0,10442
A02441,Synthetic Account 2441,Retail,North America,Enterprise,633782523.0,3929
A02442,Synthetic Account 2442,Retail,EMEA,Enterprise,337737925.0,1537
A02443,Synthetic Account 2443,Technology,APAC,Commercial,565722309.0,3932
A02444,Synthetic Account 2444,Retail,North America,Strategic,573120140.0,3613
A02445,Synthetic Account 2445,Consumer Goods,APAC,Enterprise,821865286.0,4505
A02446,Synthetic Account 2446,Retail,APAC,Enterprise,1546720271.0,12706
A02447,Synthetic Account 2447,Healthcare,North America,Enterprise,386304535.0,3192
A02448,Synthetic Account 2448,Technology,North America,Enterprise,1362819817.0,6003
A02449,Synthetic Account 2449,Retail,APAC,Commercial,3441661064.0,21792
A02450,Synthetic Account 2450,Energy,North America,Strategic,806531876.0,5321
A02451,Synthetic Account 2451,Technology,Latin America,Enterprise,300411636.0,2252
A02452,Synthetic Account 2452,Technology,Latin America,Enterprise,160533979.0,1077
A02453,Synthetic Account 2453,Energy,EMEA,Enterprise,269981711.0,2103
A02454,Synthetic Account 2454,Consumer Goods,North America,Commercial,2120409248.0,18251
A02455,Synthetic Account 2455,Retail,APAC,Enterprise,686200510.0,3914
A02456,Synthetic Account 2456,Energy,North America,Commercial,1876066353.0,11441
A02457,Synthetic Account 2457,Healthcare,Latin America,Enterprise,1453902815.0,7896
A02458,Synthetic Account 2458,Consumer Goods,Latin America,Enterprise,885665781.0,7828
A02459,Synthetic Account 2459,Automotive,North America,Enterprise,907457393.0,7154
A02460,Synthetic Account 2460,Technology,Latin America,Strategic,2474126716.0,13400
A02461,Synthetic Account 2461,Retail,APAC,Commercial,74151337.0,500
A02462,Synthetic Account 2462,Consumer Goods,North America,Enterprise,520961184.0,4341
A02463,Synthetic Account 2463,Consumer Goods,APAC,Strategic,1337820506.0,8257
A02464,Synthetic Account 2464,Retail,APAC,Commercial,978096466.0,5483
A02465,Synthetic Account 2465,Healthcare,EMEA,Strategic,1313920367.0,8747
A02466,Synthetic Account 2466,Manufacturing,North America,Commercial,897442486.0,6044
A02467,Synthetic Account 2467,Healthcare,EMEA,Enterprise,106084319.0,500
A02468,Synthetic Account 2468,Telecommunications,APAC,Strategic,1675875855.0,10998
A02469,Synthetic Account 2469,Retail,EMEA,Strategic,1340048680.0,6666
A02470,Synthetic Account 2470,Telecommunications,APAC,Enterprise,624243343.0,3314
A02471,Synthetic Account 2471,Financial Services,North America,Commercial,2477753183.0,14710
A02472,Synthetic Account 2472,Manufacturing,North America,Commercial,2921248690.0,23038
A02473,Synthetic Account 2473,Manufacturing,APAC,Enterprise,6842629114.0,43166
A02474,Synthetic Account 2474,Automotive,North America,Commercial,712944120.0,6205
A02475,Synthetic Account 2475,Financial Services,APAC,Commercial,559438898.0,4315
A02476,Synthetic Account 2476,Financial Services,Latin America,Commercial,1144157251.0,7177
A02477,Synthetic Account 2477,Manufacturing,North America,Enterprise,1000883544.0,5165
A02478,Synthetic Account 2478,Telecommunications,Latin America,Strategic,1419365464.0,11207
A02479,Synthetic Account 2479,Healthcare,Latin America,Strategic,3550940569.0,27162
A02480,Synthetic Account 2480,Retail,Latin America,Enterprise,564935636.0,3118
A02481,Synthetic Account 2481,Technology,APAC,Enterprise,897678508.0,4724
A02482,Synthetic Account 2482,Public Sector,APAC,Enterprise,3923950358.0,21365
A02483,Synthetic Account 2483,Consumer Goods,APAC,Enterprise,1536132565.0,12874
A02484,Synthetic Account 2484,Financial Services,EMEA,Enterprise,1232180604.0,5878
A02485,Synthetic Account 2485,Telecommunications,North America,Commercial,228250891.0,1558
A02486,Synthetic Account 2486,Healthcare,EMEA,Enterprise,1521183891.0,10938
A02487,Synthetic Account 2487,Manufacturing,APAC,Commercial,2653118441.0,11619
A02488,Synthetic Account 2488,Automotive,Latin America,Enterprise,806582899.0,5652
A02489,Synthetic Account 2489,Consumer Goods,North America,Commercial,2346979228.0,14171
A02490,Synthetic Account 2490,Manufacturing,EMEA,Enterprise,869686099.0,7367
A02491,Synthetic Account 2491,Financial Services,North America,Enterprise,1026197438.0,5842
A02492,Synthetic Account 2492,Public Sector,North America,Commercial,4162072048.0,23100
A02493,Synthetic Account 2493,Automotive,North America,Strategic,1074675005.0,6705
A02494,Synthetic Account 2494,Public Sector,EMEA,Commercial,1138924134.0,7737
A02495,Synthetic Account 2495,Retail,Latin America,Commercial,1035737895.0,8241
A02496,Synthetic Account 2496,Financial Services,EMEA,Strategic,3373683919.0,19033
A02497,Synthetic Account 2497,Consumer Goods,North America,Strategic,7505313052.0,33781
A02498,Synthetic Account 2498,Manufacturing,EMEA,Commercial,1403992951.0,9813
A02499,Synthetic Account 2499,Automotive,North America,Enterprise,678818956.0,3410
A02500,Synthetic Account 2500,Public Sector,Latin America,Strategic,823766406.0,6196
A02501,Synthetic Account 2501,Retail,APAC,Commercial,762032449.0,6493
A02502,Synthetic Account 2502,Manufacturing,EMEA,Enterprise,523018525.0,4445
A02503,Synthetic Account 2503,Energy,APAC,Enterprise,2206146566.0,18419
A02504,Synthetic Account 2504,Energy,Latin America,Strategic,304592169.0,2044
A02505,Synthetic Account 2505,Manufacturing,North America,Strategic,1380836361.0,10820
A02506,Synthetic Account 2506,Technology,North America,Enterprise,1589927098.0,11939
A02507,Synthetic Account 2507,Public Sector,Latin America,Enterprise,1322078732.0,6247
A02508,Synthetic Account 2508,Automotive,Latin America,Strategic,258166445.0,1524
A02509,Synthetic Account 2509,Retail,APAC,Commercial,1475982395.0,10050
A02510,Synthetic Account 2510,Energy,APAC,Enterprise,740058104.0,6654
A02511,Synthetic Account 2511,Technology,North America,Commercial,2679803567.0,13086
A02512,Synthetic Account 2512,Retail,APAC,Commercial,4322019481.0,34713
A02513,Synthetic Account 2513,Financial Services,North America,Enterprise,120122105.0,552
A02514,Synthetic Account 2514,Retail,Latin America,Enterprise,1091610025.0,6654
A02515,Synthetic Account 2515,Public Sector,North America,Enterprise,527440090.0,4473
A02516,Synthetic Account 2516,Automotive,APAC,Enterprise,847254009.0,6712
A02517,Synthetic Account 2517,Healthcare,Latin America,Strategic,5485414806.0,43137
A02518,Synthetic Account 2518,Automotive,Latin America,Enterprise,1844977690.0,11962
A02519,Synthetic Account 2519,Telecommunications,Latin America,Enterprise,352608656.0,2160
A02520,Synthetic Account 2520,Public Sector,EMEA,Enterprise,87837405.0,531
A02521,Synthetic Account 2521,Technology,EMEA,Enterprise,1179281185.0,8871
A02522,Synthetic Account 2522,Retail,Latin America,Enterprise,2736349349.0,14428
A02523,Synthetic Account 2523,Retail,Latin America,Strategic,925550127.0,6147
A02524,Synthetic Account 2524,Financial Services,APAC,Enterprise,367591968.0,2054
A02525,Synthetic Account 2525,Healthcare,Latin America,Strategic,796181107.0,7121
A02526,Synthetic Account 2526,Healthcare,North America,Enterprise,2301449302.0,11291
A02527,Synthetic Account 2527,Public Sector,APAC,Strategic,893561092.0,7124
A02528,Synthetic Account 2528,Healthcare,Latin America,Enterprise,600955637.0,3018
A02529,Synthetic Account 2529,Automotive,EMEA,Commercial,1047665886.0,7250
A02530,Synthetic Account 2530,Retail,APAC,Enterprise,1697273355.0,9387
A02531,Synthetic Account 2531,Energy,North America,Commercial,1427245910.0,9793
A02532,Synthetic Account 2532,Retail,Latin America,Strategic,362537068.0,2048
A02533,Synthetic Account 2533,Public Sector,North America,Enterprise,2021072248.0,15594
A02534,Synthetic Account 2534,Public Sector,Latin America,Strategic,1563349158.0,12871
A02535,Synthetic Account 2535,Public Sector,North America,Strategic,1471478750.0,8980
A02536,Synthetic Account 2536,Public Sector,Latin America,Enterprise,110495588.0,744
A02537,Synthetic Account 2537,Energy,North America,Enterprise,3738792018.0,31003
A02538,Synthetic Account 2538,Consumer Goods,Latin America,Enterprise,2823369101.0,17791
A02539,Synthetic Account 2539,Consumer Goods,EMEA,Enterprise,2578316300.0,12065
A02540,Synthetic Account 2540,Consumer Goods,EMEA,Strategic,10577778020.0,88339
A02541,Synthetic Account 2541,Healthcare,Latin America,Strategic,950168775.0,4643
A02542,Synthetic Account 2542,Telecommunications,EMEA,Commercial,1010207289.0,5926
A02543,Synthetic Account 2543,Technology,APAC,Enterprise,658503576.0,2986
A02544,Synthetic Account 2544,Retail,North America,Enterprise,770665807.0,4398
A02545,Synthetic Account 2545,Telecommunications,APAC,Enterprise,530509860.0,3652
A02546,Synthetic Account 2546,Automotive,EMEA,Enterprise,1673901474.0,7697
A02547,Synthetic Account 2547,Healthcare,North America,Enterprise,3632935630.0,28134
A02548,Synthetic Account 2548,Public Sector,Latin America,Enterprise,796366463.0,6980
A02549,Synthetic Account 2549,Retail,EMEA,Strategic,1340129495.0,6267
A02550,Synthetic Account 2550,Energy,North America,Enterprise,1298481503.0,8481
A02551,Synthetic Account 2551,Consumer Goods,EMEA,Commercial,303959013.0,2437
A02552,Synthetic Account 2552,Energy,EMEA,Commercial,435471682.0,3029
A02553,Synthetic Account 2553,Telecommunications,APAC,Enterprise,6210006382.0,47156
A02554,Synthetic Account 2554,Manufacturing,Latin America,Enterprise,1236408293.0,8720
A02555,Synthetic Account 2555,Telecommunications,EMEA,Strategic,4189363870.0,18525
A02556,Synthetic Account 2556,Financial Services,Latin America,Enterprise,4155183719.0,30002
A02557,Synthetic Account 2557,Energy,APAC,Commercial,717240896.0,3384
A02558,Synthetic Account 2558,Telecommunications,Latin America,Strategic,2060753508.0,13876
A02559,Synthetic Account 2559,Retail,EMEA,Commercial,887345722.0,7260
A02560,Synthetic Account 2560,Public Sector,EMEA,Commercial,1536244376.0,10107
A02561,Synthetic Account 2561,Energy,Latin America,Enterprise,2246590362.0,9833
A02562,Synthetic Account 2562,Automotive,Latin America,Strategic,540616781.0,3743
A02563,Synthetic Account 2563,Telecommunications,Latin America,Enterprise,631738134.0,5680
A02564,Synthetic Account 2564,Healthcare,Latin America,Strategic,2096738813.0,11683
A02565,Synthetic Account 2565,Public Sector,APAC,Enterprise,2144571656.0,15572
A02566,Synthetic Account 2566,Healthcare,Latin America,Enterprise,721166017.0,3383
A02567,Synthetic Account 2567,Energy,EMEA,Strategic,251084681.0,1881
A02568,Synthetic Account 2568,Automotive,EMEA,Enterprise,459180250.0,4094
A02569,Synthetic Account 2569,Energy,Latin America,Commercial,2349829820.0,20487
A02570,Synthetic Account 2570,Public Sector,Latin America,Enterprise,6520773764.0,55308
A02571,Synthetic Account 2571,Public Sector,North America,Enterprise,728664238.0,4852
A02572,Synthetic Account 2572,Energy,EMEA,Enterprise,1847174738.0,11791
A02573,Synthetic Account 2573,Public Sector,Latin America,Enterprise,601817024.0,3619
A02574,Synthetic Account 2574,Manufacturing,Latin America,Strategic,647991042.0,3517
A02575,Synthetic Account 2575,Healthcare,APAC,Strategic,64575107.0,516
A02576,Synthetic Account 2576,Healthcare,North America,Strategic,697758302.0,3579
A02577,Synthetic Account 2577,Manufacturing,EMEA,Enterprise,1351932795.0,8049
A02578,Synthetic Account 2578,Technology,Latin America,Enterprise,435346971.0,3233
A02579,Synthetic Account 2579,Public Sector,APAC,Strategic,466383149.0,3557
A02580,Synthetic Account 2580,Manufacturing,EMEA,Strategic,2027109613.0,13671
A02581,Synthetic Account 2581,Energy,APAC,Commercial,239192455.0,1841
A02582,Synthetic Account 2582,Automotive,Latin America,Strategic,580986515.0,3200
A02583,Synthetic Account 2583,Technology,APAC,Strategic,1818846520.0,7886
A02584,Synthetic Account 2584,Healthcare,EMEA,Commercial,362873566.0,2647
A02585,Synthetic Account 2585,Public Sector,North America,Strategic,7232812244.0,58074
A02586,Synthetic Account 2586,Public Sector,Latin America,Enterprise,1050453416.0,7889
A02587,Synthetic Account 2587,Energy,Latin America,Enterprise,1508827853.0,13336
A02588,Synthetic Account 2588,Manufacturing,North America,Enterprise,2709164758.0,14800
A02589,Synthetic Account 2589,Energy,EMEA,Strategic,1145195950.0,9119
A02590,Synthetic Account 2590,Public Sector,North America,Enterprise,1409913863.0,9632
A02591,Synthetic Account 2591,Retail,EMEA,Enterprise,1885401036.0,12238
A02592,Synthetic Account 2592,Public Sector,North America,Commercial,943984620.0,8306
A02593,Synthetic Account 2593,Consumer Goods,APAC,Enterprise,297649419.0,2076
A02594,Synthetic Account 2594,Automotive,APAC,Commercial,143590970.0,853
A02595,Synthetic Account 2595,Public Sector,Latin America,Commercial,124844221.0,963
A02596,Synthetic Account 2596,Technology,APAC,Enterprise,693939255.0,5911
A02597,Synthetic Account 2597,Energy,North America,Enterprise,505474544.0,2899
A02598,Synthetic Account 2598,Energy,North America,Enterprise,1601836542.0,7691
A02599,Synthetic Account 2599,Public Sector,EMEA,Commercial,1260542949.0,5553
A02600,Synthetic Account 2600,Telecommunications,North America,Enterprise,599115035.0,3886
A02601,Synthetic Account 2601,Technology,EMEA,Strategic,303366307.0,1517
A02602,Synthetic Account 2602,Manufacturing,APAC,Strategic,5485743115.0,46512
A02603,Synthetic Account 2603,Financial Services,APAC,Commercial,250545278.0,1683
A02604,Synthetic Account 2604,Manufacturing,APAC,Commercial,644020877.0,4307
A02605,Synthetic Account 2605,Telecommunications,Latin America,Enterprise,575940760.0,4751
A02606,Synthetic Account 2606,Energy,EMEA,Strategic,677395276.0,3697
A02607,Synthetic Account 2607,Consumer Goods,North America,Enterprise,323360932.0,2895
A02608,Synthetic Account 2608,Consumer Goods,APAC,Enterprise,480862133.0,2379
A02609,Synthetic Account 2609,Telecommunications,EMEA,Commercial,495437065.0,3311
A02610,Synthetic Account 2610,Retail,APAC,Enterprise,527153872.0,3198
A02611,Synthetic Account 2611,Technology,Latin America,Enterprise,953812340.0,5396
A02612,Synthetic Account 2612,Healthcare,Latin America,Enterprise,1531163143.0,9022
A02613,Synthetic Account 2613,Manufacturing,APAC,Enterprise,552019750.0,2418
A02614,Synthetic Account 2614,Energy,Latin America,Enterprise,1086835775.0,9361
A02615,Synthetic Account 2615,Public Sector,EMEA,Enterprise,3018102668.0,19861
A02616,Synthetic Account 2616,Manufacturing,North America,Enterprise,1867156151.0,10001
A02617,Synthetic Account 2617,Financial Services,EMEA,Strategic,3156760071.0,20915
A02618,Synthetic Account 2618,Manufacturing,EMEA,Commercial,511062443.0,2481
A02619,Synthetic Account 2619,Consumer Goods,EMEA,Enterprise,1295253644.0,9253
A02620,Synthetic Account 2620,Energy,APAC,Commercial,1197706711.0,9253
A02621,Synthetic Account 2621,Public Sector,EMEA,Enterprise,2638473318.0,15215
A02622,Synthetic Account 2622,Financial Services,APAC,Commercial,185905022.0,1388
A02623,Synthetic Account 2623,Financial Services,APAC,Commercial,325273288.0,2730
A02624,Synthetic Account 2624,Healthcare,Latin America,Enterprise,500542171.0,3947
A02625,Synthetic Account 2625,Healthcare,Latin America,Strategic,1899376824.0,10957
A02626,Synthetic Account 2626,Retail,EMEA,Commercial,3971363249.0,21813
A02627,Synthetic Account 2627,Consumer Goods,Latin America,Enterprise,717928745.0,5058
A02628,Synthetic Account 2628,Manufacturing,APAC,Enterprise,509613665.0,2733
A02629,Synthetic Account 2629,Healthcare,Latin America,Enterprise,3774412539.0,28750
A02630,Synthetic Account 2630,Consumer Goods,EMEA,Enterprise,293631187.0,1432
A02631,Synthetic Account 2631,Healthcare,North America,Enterprise,486301191.0,3564
A02632,Synthetic Account 2632,Public Sector,EMEA,Commercial,689688343.0,3870
A02633,Synthetic Account 2633,Public Sector,EMEA,Enterprise,343847462.0,2084
A02634,Synthetic Account 2634,Public Sector,APAC,Commercial,1244248211.0,10678
A02635,Synthetic Account 2635,Telecommunications,EMEA,Enterprise,255422399.0,1194
A02636,Synthetic Account 2636,Energy,APAC,Commercial,1332699983.0,11065
A02637,Synthetic Account 2637,Retail,North America,Enterprise,449961087.0,3536
A02638,Synthetic Account 2638,Technology,APAC,Enterprise,524849118.0,2892
A02639,Synthetic Account 2639,Financial Services,APAC,Enterprise,1164955144.0,7597
A02640,Synthetic Account 2640,Technology,North America,Enterprise,465934457.0,2644
A02641,Synthetic Account 2641,Automotive,North America,Enterprise,6185292262.0,42633
A02642,Synthetic Account 2642,Manufacturing,EMEA,Enterprise,485542323.0,2288
A02643,Synthetic Account 2643,Financial Services,North America,Enterprise,784415894.0,4655
A02644,Synthetic Account 2644,Healthcare,EMEA,Enterprise,9795515775.0,44624
A02645,Synthetic Account 2645,Healthcare,EMEA,Strategic,329469332.0,2498
A02646,Synthetic Account 2646,Healthcare,Latin America,Strategic,899628667.0,5663
A02647,Synthetic Account 2647,Public Sector,EMEA,Enterprise,762142403.0,5668
A02648,Synthetic Account 2648,Consumer Goods,Latin America,Strategic,133277186.0,1087
A02649,Synthetic Account 2649,Public Sector,North America,Enterprise,1499637524.0,10626
A02650,Synthetic Account 2650,Healthcare,APAC,Commercial,816439285.0,5745
A02651,Synthetic Account 2651,Manufacturing,EMEA,Enterprise,505811188.0,3883
A02652,Synthetic Account 2652,Public Sector,EMEA,Strategic,4691485055.0,41290
A02653,Synthetic Account 2653,Healthcare,EMEA,Strategic,215444485.0,1400
A02654,Synthetic Account 2654,Healthcare,Latin America,Commercial,1678325359.0,14950
A02655,Synthetic Account 2655,Consumer Goods,EMEA,Enterprise,3007665557.0,17518
A02656,Synthetic Account 2656,Automotive,North America,Commercial,1303971973.0,7936
A02657,Synthetic Account 2657,Energy,North America,Commercial,2036189046.0,18221
A02658,Synthetic Account 2658,Consumer Goods,EMEA,Enterprise,1926587560.0,14635
A02659,Synthetic Account 2659,Consumer Goods,North America,Commercial,1636121433.0,11495
A02660,Synthetic Account 2660,Manufacturing,EMEA,Commercial,3243340203.0,23282
A02661,Synthetic Account 2661,Energy,North America,Enterprise,2040603300.0,9097
A02662,Synthetic Account 2662,Manufacturing,APAC,Strategic,2924758032.0,16383
A02663,Synthetic Account 2663,Telecommunications,EMEA,Commercial,311696913.0,2424
A02664,Synthetic Account 2664,Energy,North America,Strategic,1499842543.0,10308
A02665,Synthetic Account 2665,Technology,North America,Enterprise,2263093242.0,17863
A02666,Synthetic Account 2666,Automotive,EMEA,Enterprise,2421800802.0,16990
A02667,Synthetic Account 2667,Technology,Latin America,Strategic,625850747.0,5177
A02668,Synthetic Account 2668,Energy,Latin America,Commercial,436223882.0,2588
A02669,Synthetic Account 2669,Telecommunications,APAC,Enterprise,1120613901.0,5092
A02670,Synthetic Account 2670,Manufacturing,North America,Strategic,481981264.0,3717
A02671,Synthetic Account 2671,Telecommunications,North America,Enterprise,308400683.0,1531
A02672,Synthetic Account 2672,Retail,EMEA,Commercial,963849111.0,5548
A02673,Synthetic Account 2673,Automotive,Latin America,Enterprise,167222270.0,1256
A02674,Synthetic Account 2674,Telecommunications,North America,Enterprise,1008248476.0,8790
A02675,Synthetic Account 2675,Technology,North America,Strategic,4033361580.0,20231
A02676,Synthetic Account 2676,Retail,North America,Strategic,874505901.0,6728
A02677,Synthetic Account 2677,Retail,North America,Enterprise,212012481.0,1666
A02678,Synthetic Account 2678,Financial Services,North America,Commercial,1556885576.0,9174
A02679,Synthetic Account 2679,Manufacturing,Latin America,Enterprise,810858817.0,6355
A02680,Synthetic Account 2680,Technology,Latin America,Enterprise,936370507.0,6748
A02681,Synthetic Account 2681,Automotive,Latin America,Commercial,428799401.0,2416
A02682,Synthetic Account 2682,Retail,Latin America,Commercial,3434552085.0,15818
A02683,Synthetic Account 2683,Technology,Latin America,Enterprise,1634092530.0,8538
A02684,Synthetic Account 2684,Telecommunications,Latin America,Enterprise,2700941955.0,22082
A02685,Synthetic Account 2685,Financial Services,North America,Enterprise,2444876062.0,13402
A02686,Synthetic Account 2686,Financial Services,Latin America,Enterprise,1077096169.0,7085
A02687,Synthetic Account 2687,Energy,North America,Commercial,635714313.0,3286
A02688,Synthetic Account 2688,Public Sector,Latin America,Enterprise,227467212.0,1007
A02689,Synthetic Account 2689,Public Sector,EMEA,Commercial,2154517612.0,18165
A02690,Synthetic Account 2690,Technology,Latin America,Commercial,858296689.0,6702
A02691,Synthetic Account 2691,Healthcare,EMEA,Enterprise,1248521884.0,7936
A02692,Synthetic Account 2692,Telecommunications,EMEA,Enterprise,800546099.0,3588
A02693,Synthetic Account 2693,Telecommunications,APAC,Commercial,1056923679.0,6899
A02694,Synthetic Account 2694,Technology,North America,Commercial,122808303.0,715
A02695,Synthetic Account 2695,Healthcare,EMEA,Strategic,3597512811.0,30486
A02696,Synthetic Account 2696,Technology,Latin America,Strategic,1259468251.0,8738
A02697,Synthetic Account 2697,Financial Services,North America,Commercial,5058372853.0,41641
A02698,Synthetic Account 2698,Retail,EMEA,Enterprise,2698091811.0,14143
A02699,Synthetic Account 2699,Automotive,North America,Enterprise,1140479430.0,7402
A02700,Synthetic Account 2700,Public Sector,APAC,Commercial,5056472563.0,40199
A02701,Synthetic Account 2701,Technology,North America,Commercial,567505055.0,4089
A02702,Synthetic Account 2702,Manufacturing,North America,Enterprise,561675639.0,3505
A02703,Synthetic Account 2703,Energy,APAC,Commercial,861488154.0,7465
A02704,Synthetic Account 2704,Retail,EMEA,Enterprise,1650137298.0,7184
A02705,Synthetic Account 2705,Healthcare,Latin America,Strategic,1857881340.0,15359
A02706,Synthetic Account 2706,Automotive,APAC,Strategic,1123287931.0,7548
A02707,Synthetic Account 2707,Telecommunications,North America,Commercial,5116920506.0,33176
A02708,Synthetic Account 2708,Consumer Goods,APAC,Strategic,2285741396.0,10267
A02709,Synthetic Account 2709,Retail,EMEA,Enterprise,1464115758.0,11493
A02710,Synthetic Account 2710,Healthcare,APAC,Enterprise,5922420371.0,33843
A02711,Synthetic Account 2711,Financial Services,North America,Commercial,2785714183.0,20738
A02712,Synthetic Account 2712,Public Sector,EMEA,Enterprise,963482805.0,4743
A02713,Synthetic Account 2713,Healthcare,APAC,Enterprise,4434066636.0,20096
A02714,Synthetic Account 2714,Telecommunications,Latin America,Enterprise,272016291.0,2207
A02715,Synthetic Account 2715,Healthcare,North America,Enterprise,2904251415.0,21509
A02716,Synthetic Account 2716,Healthcare,North America,Strategic,2349802679.0,10312
A02717,Synthetic Account 2717,Technology,APAC,Enterprise,592602419.0,4199
A02718,Synthetic Account 2718,Public Sector,APAC,Enterprise,1795889544.0,10099
A02719,Synthetic Account 2719,Technology,EMEA,Enterprise,2259810010.0,12029
A02720,Synthetic Account 2720,Automotive,APAC,Commercial,1434748471.0,8751
A02721,Synthetic Account 2721,Consumer Goods,North America,Strategic,560111299.0,3003
A02722,Synthetic Account 2722,Energy,North America,Enterprise,2368590495.0,17677
A02723,Synthetic Account 2723,Financial Services,APAC,Strategic,629968481.0,4849
A02724,Synthetic Account 2724,Technology,APAC,Strategic,424154455.0,1962
A02725,Synthetic Account 2725,Automotive,EMEA,Commercial,374424972.0,2862
A02726,Synthetic Account 2726,Consumer Goods,APAC,Enterprise,718230664.0,6092
A02727,Synthetic Account 2727,Retail,APAC,Enterprise,1107565284.0,5600
A02728,Synthetic Account 2728,Public Sector,APAC,Strategic,1066412210.0,9067
A02729,Synthetic Account 2729,Retail,APAC,Enterprise,2871234532.0,13602
A02730,Synthetic Account 2730,Energy,Latin America,Enterprise,1071925385.0,5665
A02731,Synthetic Account 2731,Public Sector,EMEA,Enterprise,2700085506.0,17061
A02732,Synthetic Account 2732,Retail,Latin America,Enterprise,1230182892.0,6702
A02733,Synthetic Account 2733,Energy,EMEA,Commercial,4364255782.0,19144
A02734,Synthetic Account 2734,Healthcare,North America,Enterprise,818320143.0,5674
A02735,Synthetic Account 2735,Retail,APAC,Enterprise,560656280.0,2595
A02736,Synthetic Account 2736,Consumer Goods,North America,Enterprise,624096395.0,3543
A02737,Synthetic Account 2737,Manufacturing,North America,Strategic,244225788.0,1648
A02738,Synthetic Account 2738,Financial Services,North America,Enterprise,831306310.0,6831
A02739,Synthetic Account 2739,Energy,APAC,Enterprise,1364051973.0,8410
A02740,Synthetic Account 2740,Automotive,Latin America,Strategic,334761558.0,2394
A02741,Synthetic Account 2741,Telecommunications,North America,Commercial,366237960.0,1736
A02742,Synthetic Account 2742,Manufacturing,North America,Enterprise,166125704.0,924
A02743,Synthetic Account 2743,Automotive,EMEA,Enterprise,5324012530.0,45720
A02744,Synthetic Account 2744,Public Sector,EMEA,Enterprise,596595121.0,3564
A02745,Synthetic Account 2745,Consumer Goods,Latin America,Commercial,89614101.0,700
A02746,Synthetic Account 2746,Public Sector,North America,Strategic,954047211.0,6916
A02747,Synthetic Account 2747,Technology,EMEA,Commercial,1466999084.0,11237
A02748,Synthetic Account 2748,Public Sector,EMEA,Enterprise,1865657213.0,14897
A02749,Synthetic Account 2749,Automotive,EMEA,Enterprise,346217451.0,3041
A02750,Synthetic Account 2750,Automotive,Latin America,Commercial,389968002.0,2409
A02751,Synthetic Account 2751,Telecommunications,APAC,Strategic,240291651.0,1059
A02752,Synthetic Account 2752,Energy,North America,Commercial,937098034.0,8254
A02753,Synthetic Account 2753,Energy,Latin America,Enterprise,600660721.0,5033
A02754,Synthetic Account 2754,Financial Services,APAC,Enterprise,580487803.0,3685
A02755,Synthetic Account 2755,Healthcare,North America,Enterprise,3291294163.0,25338
A02756,Synthetic Account 2756,Technology,Latin America,Enterprise,989089082.0,8681
A02757,Synthetic Account 2757,Technology,EMEA,Enterprise,1931087654.0,10388
A02758,Synthetic Account 2758,Retail,Latin America,Enterprise,6680702786.0,39288
A02759,Synthetic Account 2759,Telecommunications,APAC,Commercial,369058296.0,2667
A02760,Synthetic Account 2760,Healthcare,EMEA,Commercial,700319456.0,4509
A02761,Synthetic Account 2761,Healthcare,EMEA,Commercial,1174907673.0,6207
A02762,Synthetic Account 2762,Consumer Goods,EMEA,Commercial,6645403222.0,57990
A02763,Synthetic Account 2763,Retail,EMEA,Strategic,1401600033.0,9914
A02764,Synthetic Account 2764,Consumer Goods,EMEA,Commercial,1809426069.0,14141
A02765,Synthetic Account 2765,Financial Services,APAC,Enterprise,3130941933.0,20928
A02766,Synthetic Account 2766,Retail,APAC,Enterprise,4910972278.0,26443
A02767,Synthetic Account 2767,Manufacturing,EMEA,Strategic,3565883831.0,15485
A02768,Synthetic Account 2768,Energy,North America,Commercial,4166320120.0,20114
A02769,Synthetic Account 2769,Technology,EMEA,Strategic,181056908.0,1123
A02770,Synthetic Account 2770,Public Sector,Latin America,Commercial,131066664.0,762
A02771,Synthetic Account 2771,Telecommunications,Latin America,Commercial,307754979.0,2553
A02772,Synthetic Account 2772,Manufacturing,EMEA,Commercial,1013737788.0,5706
A02773,Synthetic Account 2773,Automotive,EMEA,Enterprise,3497009846.0,17174
A02774,Synthetic Account 2774,Retail,APAC,Strategic,2085944988.0,16618
A02775,Synthetic Account 2775,Healthcare,APAC,Enterprise,2418138247.0,16882
A02776,Synthetic Account 2776,Healthcare,APAC,Enterprise,2020464791.0,17554
A02777,Synthetic Account 2777,Consumer Goods,EMEA,Commercial,2400079436.0,16439
A02778,Synthetic Account 2778,Automotive,North America,Commercial,554969701.0,3400
A02779,Synthetic Account 2779,Technology,Latin America,Enterprise,627236963.0,5125
A02780,Synthetic Account 2780,Public Sector,Latin America,Strategic,1002572605.0,7970
A02781,Synthetic Account 2781,Retail,Latin America,Commercial,3375754698.0,15813
A02782,Synthetic Account 2782,Consumer Goods,APAC,Enterprise,1234566009.0,5923
A02783,Synthetic Account 2783,Healthcare,EMEA,Enterprise,1480214281.0,7913
A02784,Synthetic Account 2784,Consumer Goods,EMEA,Strategic,957022108.0,8542
A02785,Synthetic Account 2785,Manufacturing,APAC,Strategic,3237862367.0,21322
A02786,Synthetic Account 2786,Manufacturing,EMEA,Strategic,479183234.0,3737
A02787,Synthetic Account 2787,Manufacturing,Latin America,Enterprise,1328618296.0,11321
A02788,Synthetic Account 2788,Telecommunications,Latin America,Enterprise,1180162799.0,10132
A02789,Synthetic Account 2789,Technology,EMEA,Enterprise,1485108886.0,10588
A02790,Synthetic Account 2790,Retail,Latin America,Strategic,556030088.0,2956
A02791,Synthetic Account 2791,Automotive,North America,Strategic,210144831.0,959
A02792,Synthetic Account 2792,Technology,EMEA,Strategic,2226702402.0,15755
A02793,Synthetic Account 2793,Automotive,Latin America,Strategic,1325996157.0,6850
A02794,Synthetic Account 2794,Public Sector,EMEA,Enterprise,1367103530.0,10141
A02795,Synthetic Account 2795,Energy,EMEA,Enterprise,624357182.0,5609
A02796,Synthetic Account 2796,Telecommunications,Latin America,Enterprise,191140962.0,1494
A02797,Synthetic Account 2797,Manufacturing,EMEA,Strategic,2144747481.0,9927
A02798,Synthetic Account 2798,Energy,APAC,Enterprise,183075666.0,808
A02799,Synthetic Account 2799,Technology,APAC,Enterprise,562604640.0,2623
A02800,Synthetic Account 2800,Healthcare,EMEA,Enterprise,3921189424.0,21001
A02801,Synthetic Account 2801,Energy,EMEA,Enterprise,3625976868.0,25609
A02802,Synthetic Account 2802,Energy,EMEA,Commercial,900527611.0,5097
A02803,Synthetic Account 2803,Telecommunications,North America,Strategic,1066102067.0,6858
A02804,Synthetic Account 2804,Retail,EMEA,Commercial,1749301295.0,12030
A02805,Synthetic Account 2805,Retail,Latin America,Commercial,814814821.0,4886
A02806,Synthetic Account 2806,Manufacturing,APAC,Enterprise,378825330.0,3198
A02807,Synthetic Account 2807,Public Sector,EMEA,Strategic,734673371.0,6141
A02808,Synthetic Account 2808,Technology,APAC,Commercial,1180712212.0,10032
A02809,Synthetic Account 2809,Public Sector,Latin America,Enterprise,171505415.0,1194
A02810,Synthetic Account 2810,Consumer Goods,EMEA,Enterprise,738796480.0,5117
A02811,Synthetic Account 2811,Healthcare,Latin America,Enterprise,285135947.0,1604
A02812,Synthetic Account 2812,Financial Services,Latin America,Enterprise,1562795482.0,12186
A02813,Synthetic Account 2813,Energy,Latin America,Enterprise,4606060430.0,37102
A02814,Synthetic Account 2814,Retail,North America,Enterprise,526448475.0,4468
A02815,Synthetic Account 2815,Energy,North America,Strategic,1626865466.0,12147
A02816,Synthetic Account 2816,Healthcare,APAC,Commercial,1626802124.0,12383
A02817,Synthetic Account 2817,Automotive,EMEA,Commercial,489816335.0,3616
A02818,Synthetic Account 2818,Healthcare,North America,Commercial,1370745560.0,11793
A02819,Synthetic Account 2819,Manufacturing,Latin America,Commercial,5044034784.0,23047
A02820,Synthetic Account 2820,Telecommunications,EMEA,Commercial,1992230105.0,13872
A02821,Synthetic Account 2821,Technology,EMEA,Enterprise,3808408825.0,25523
A02822,Synthetic Account 2822,Technology,North America,Strategic,567910415.0,3476
A02823,Synthetic Account 2823,Healthcare,APAC,Enterprise,2912628153.0,19246
A02824,Synthetic Account 2824,Telecommunications,EMEA,Enterprise,1489567514.0,8862
A02825,Synthetic Account 2825,Energy,EMEA,Commercial,882037919.0,7179
A02826,Synthetic Account 2826,Healthcare,APAC,Enterprise,2419132011.0,15746
A02827,Synthetic Account 2827,Automotive,Latin America,Strategic,597726273.0,2871
A02828,Synthetic Account 2828,Automotive,North America,Strategic,889044854.0,7905
A02829,Synthetic Account 2829,Telecommunications,APAC,Enterprise,911734877.0,4539
A02830,Synthetic Account 2830,Automotive,APAC,Enterprise,5242513446.0,41710
A02831,Synthetic Account 2831,Consumer Goods,APAC,Enterprise,58712471.0,500
A02832,Synthetic Account 2832,Energy,North America,Enterprise,776539762.0,4193
A02833,Synthetic Account 2833,Technology,EMEA,Enterprise,169956067.0,1434
A02834,Synthetic Account 2834,Retail,North America,Enterprise,259660516.0,1287
A02835,Synthetic Account 2835,Telecommunications,North America,Commercial,703009099.0,4970
A02836,Synthetic Account 2836,Energy,APAC,Strategic,1513010161.0,7516
A02837,Synthetic Account 2837,Energy,North America,Strategic,4452080961.0,25190
A02838,Synthetic Account 2838,Technology,EMEA,Commercial,4425117918.0,35465
A02839,Synthetic Account 2839,Technology,North America,Enterprise,1593481701.0,12885
A02840,Synthetic Account 2840,Technology,EMEA,Strategic,638329301.0,3304
A02841,Synthetic Account 2841,Public Sector,APAC,Enterprise,1311466052.0,10744
A02842,Synthetic Account 2842,Healthcare,EMEA,Commercial,757024107.0,6629
A02843,Synthetic Account 2843,Energy,Latin America,Strategic,1241849373.0,5494
A02844,Synthetic Account 2844,Energy,North America,Commercial,6133146668.0,35151
A02845,Synthetic Account 2845,Healthcare,North America,Commercial,1064581363.0,6034
A02846,Synthetic Account 2846,Technology,APAC,Enterprise,1647498466.0,14807
A02847,Synthetic Account 2847,Financial Services,North America,Commercial,2061345226.0,11945
A02848,Synthetic Account 2848,Healthcare,North America,Enterprise,560672949.0,3677
A02849,Synthetic Account 2849,Healthcare,Latin America,Enterprise,1656965119.0,8997
A02850,Synthetic Account 2850,Retail,APAC,Commercial,293009565.0,2171
A02851,Synthetic Account 2851,Financial Services,EMEA,Enterprise,1742656027.0,7619
A02852,Synthetic Account 2852,Financial Services,Latin America,Enterprise,4306586532.0,24822
A02853,Synthetic Account 2853,Public Sector,North America,Strategic,7826080718.0,49294
A02854,Synthetic Account 2854,Retail,North America,Enterprise,1267334261.0,7061
A02855,Synthetic Account 2855,Financial Services,North America,Commercial,895735542.0,6597
A02856,Synthetic Account 2856,Healthcare,North America,Strategic,10020297708.0,48971
A02857,Synthetic Account 2857,Financial Services,Latin America,Enterprise,882210715.0,7691
A02858,Synthetic Account 2858,Public Sector,APAC,Enterprise,2005356136.0,9052
A02859,Synthetic Account 2859,Retail,North America,Enterprise,2822418443.0,12778
A02860,Synthetic Account 2860,Technology,North America,Enterprise,421498205.0,3456
A02861,Synthetic Account 2861,Consumer Goods,North America,Strategic,4475572968.0,38228
A02862,Synthetic Account 2862,Automotive,APAC,Enterprise,291398105.0,2351
A02863,Synthetic Account 2863,Healthcare,APAC,Enterprise,3224285095.0,18388
A02864,Synthetic Account 2864,Energy,APAC,Commercial,423115599.0,2012
A02865,Synthetic Account 2865,Consumer Goods,EMEA,Strategic,820405179.0,5529
A02866,Synthetic Account 2866,Consumer Goods,EMEA,Enterprise,1045215048.0,8597
A02867,Synthetic Account 2867,Automotive,APAC,Enterprise,1381625164.0,11643
A02868,Synthetic Account 2868,Manufacturing,Latin America,Commercial,124551347.0,860
A02869,Synthetic Account 2869,Financial Services,North America,Commercial,1460504045.0,7180
A02870,Synthetic Account 2870,Manufacturing,EMEA,Enterprise,2542063071.0,19323
A02871,Synthetic Account 2871,Manufacturing,Latin America,Enterprise,528137434.0,3260
A02872,Synthetic Account 2872,Public Sector,Latin America,Strategic,1720801351.0,9773
A02873,Synthetic Account 2873,Energy,North America,Enterprise,2218782335.0,9831
A02874,Synthetic Account 2874,Financial Services,APAC,Commercial,794794646.0,4715
A02875,Synthetic Account 2875,Retail,APAC,Strategic,5274431904.0,28142
A02876,Synthetic Account 2876,Technology,Latin America,Enterprise,118043752.0,759
A02877,Synthetic Account 2877,Technology,EMEA,Enterprise,445732630.0,2694
A02878,Synthetic Account 2878,Healthcare,North America,Enterprise,496632430.0,2366
A02879,Synthetic Account 2879,Financial Services,EMEA,Commercial,141793609.0,769
A02880,Synthetic Account 2880,Financial Services,EMEA,Enterprise,816664196.0,3947
A02881,Synthetic Account 2881,Retail,APAC,Enterprise,1070756635.0,7491
A02882,Synthetic Account 2882,Technology,North America,Commercial,1977422978.0,11020
A02883,Synthetic Account 2883,Automotive,Latin America,Enterprise,646564575.0,4880
A02884,Synthetic Account 2884,Consumer Goods,North America,Enterprise,1102001010.0,9583
A02885,Synthetic Account 2885,Retail,North America,Enterprise,4095677589.0,29211
A02886,Synthetic Account 2886,Public Sector,Latin America,Enterprise,1946796896.0,11759
A02887,Synthetic Account 2887,Automotive,EMEA,Strategic,326377132.0,1872
A02888,Synthetic Account 2888,Healthcare,North America,Commercial,3637064299.0,26368
A02889,Synthetic Account 2889,Energy,Latin America,Enterprise,3385681238.0,24643
A02890,Synthetic Account 2890,Healthcare,APAC,Enterprise,781766385.0,5971
A02891,Synthetic Account 2891,Financial Services,EMEA,Strategic,421117587.0,2745
A02892,Synthetic Account 2892,Technology,Latin America,Enterprise,2707467459.0,14783
A02893,Synthetic Account 2893,Financial Services,North America,Enterprise,711253524.0,5315
A02894,Synthetic Account 2894,Technology,Latin America,Enterprise,574169509.0,3086
A02895,Synthetic Account 2895,Public Sector,APAC,Strategic,386853215.0,2363
A02896,Synthetic Account 2896,Retail,Latin America,Commercial,1640220927.0,10337
A02897,Synthetic Account 2897,Technology,EMEA,Enterprise,166503764.0,771
A02898,Synthetic Account 2898,Retail,North America,Commercial,1637550277.0,9994
A02899,Synthetic Account 2899,Consumer Goods,North America,Commercial,1318849939.0,7238
A02900,Synthetic Account 2900,Technology,APAC,Enterprise,6560191045.0,51011
A02901,Synthetic Account 2901,Automotive,North America,Enterprise,1557437161.0,12631
A02902,Synthetic Account 2902,Retail,North America,Enterprise,277299219.0,1309
A02903,Synthetic Account 2903,Public Sector,Latin America,Enterprise,1772138269.0,9088
A02904,Synthetic Account 2904,Technology,Latin America,Enterprise,587389972.0,5195
A02905,Synthetic Account 2905,Financial Services,North America,Strategic,647512072.0,5071
A02906,Synthetic Account 2906,Financial Services,North America,Enterprise,1447255064.0,11365
A02907,Synthetic Account 2907,Technology,APAC,Strategic,961340064.0,4216
A02908,Synthetic Account 2908,Financial Services,North America,Enterprise,340697142.0,2282
A02909,Synthetic Account 2909,Retail,APAC,Enterprise,463950171.0,2499
A02910,Synthetic Account 2910,Automotive,EMEA,Enterprise,2710281610.0,13727
A02911,Synthetic Account 2911,Automotive,EMEA,Strategic,416969395.0,3674
A02912,Synthetic Account 2912,Manufacturing,Latin America,Enterprise,966388278.0,6670
A02913,Synthetic Account 2913,Technology,APAC,Commercial,272046757.0,1287
A02914,Synthetic Account 2914,Telecommunications,North America,Enterprise,1073765594.0,8921
A02915,Synthetic Account 2915,Consumer Goods,APAC,Enterprise,1407774406.0,8308
A02916,Synthetic Account 2916,Financial Services,EMEA,Enterprise,760510854.0,5330
A02917,Synthetic Account 2917,Consumer Goods,EMEA,Enterprise,2469657357.0,20160
A02918,Synthetic Account 2918,Consumer Goods,North America,Strategic,2088944834.0,15931
A02919,Synthetic Account 2919,Automotive,Latin America,Strategic,2362960967.0,14592
A02920,Synthetic Account 2920,Manufacturing,North America,Enterprise,617264261.0,4013
A02921,Synthetic Account 2921,Technology,North America,Commercial,2177800801.0,18340
A02922,Synthetic Account 2922,Energy,EMEA,Commercial,2716007034.0,19316
A02923,Synthetic Account 2923,Financial Services,APAC,Enterprise,1403337203.0,12275
A02924,Synthetic Account 2924,Technology,EMEA,Enterprise,2807278198.0,15056
A02925,Synthetic Account 2925,Technology,Latin America,Enterprise,885006378.0,4121
A02926,Synthetic Account 2926,Healthcare,EMEA,Enterprise,715649082.0,4291
A02927,Synthetic Account 2927,Manufacturing,Latin America,Enterprise,773977596.0,4234
A02928,Synthetic Account 2928,Consumer Goods,North America,Strategic,1145340216.0,8349
A02929,Synthetic Account 2929,Telecommunications,North America,Strategic,802130597.0,3668
A02930,Synthetic Account 2930,Retail,North America,Strategic,2833674667.0,22405
A02931,Synthetic Account 2931,Healthcare,North America,Commercial,1665257712.0,8316
A02932,Synthetic Account 2932,Financial Services,Latin America,Enterprise,412071630.0,3453
A02933,Synthetic Account 2933,Retail,North America,Commercial,1919361913.0,13996
A02934,Synthetic Account 2934,Healthcare,EMEA,Strategic,2638455666.0,16936
A02935,Synthetic Account 2935,Financial Services,Latin America,Enterprise,612157901.0,4381
A02936,Synthetic Account 2936,Technology,North America,Commercial,432881105.0,2757
A02937,Synthetic Account 2937,Healthcare,APAC,Strategic,1357818915.0,10458
A02938,Synthetic Account 2938,Consumer Goods,APAC,Strategic,1697506103.0,9666
A02939,Synthetic Account 2939,Energy,EMEA,Enterprise,1281881087.0,8283
A02940,Synthetic Account 2940,Manufacturing,APAC,Enterprise,135727629.0,849
A02941,Synthetic Account 2941,Automotive,Latin America,Commercial,2675260422.0,22343
A02942,Synthetic Account 2942,Retail,EMEA,Enterprise,596309895.0,2831
A02943,Synthetic Account 2943,Energy,North America,Commercial,732804774.0,6478
A02944,Synthetic Account 2944,Consumer Goods,Latin America,Commercial,1678202176.0,14412
A02945,Synthetic Account 2945,Automotive,EMEA,Strategic,1126647229.0,7836
A02946,Synthetic Account 2946,Manufacturing,EMEA,Strategic,986256276.0,4619
A02947,Synthetic Account 2947,Financial Services,North America,Enterprise,4445092275.0,23704
A02948,Synthetic Account 2948,Retail,APAC,Enterprise,3334666017.0,17608
A02949,Synthetic Account 2949,Public Sector,Latin America,Enterprise,439726813.0,2202
A02950,Synthetic Account 2950,Manufacturing,APAC,Enterprise,970341700.0,8300
A02951,Synthetic Account 2951,Technology,Latin America,Commercial,1946218035.0,11966
A02952,Synthetic Account 2952,Retail,North America,Enterprise,659045264.0,4556
A02953,Synthetic Account 2953,Manufacturing,Latin America,Enterprise,517882011.0,3973
A02954,Synthetic Account 2954,Technology,Latin America,Commercial,934445061.0,6684
A02955,Synthetic Account 2955,Healthcare,APAC,Enterprise,775883163.0,4421
A02956,Synthetic Account 2956,Technology,Latin America,Commercial,485942651.0,3253
A02957,Synthetic Account 2957,Technology,Latin America,Strategic,2484981022.0,14993
A02958,Synthetic Account 2958,Automotive,North America,Strategic,5640145324.0,43427
A02959,Synthetic Account 2959,Technology,APAC,Commercial,8619400496.0,54335
A02960,Synthetic Account 2960,Consumer Goods,EMEA,Enterprise,714890717.0,5939
A02961,Synthetic Account 2961,Public Sector,APAC,Commercial,1698357726.0,13977
A02962,Synthetic Account 2962,Financial Services,APAC,Enterprise,193356332.0,1528
A02963,Synthetic Account 2963,Energy,North America,Enterprise,431889758.0,2376
A02964,Synthetic Account 2964,Telecommunications,Latin America,Commercial,2070545178.0,14783
A02965,Synthetic Account 2965,Energy,Latin America,Strategic,1347052834.0,10218
A02966,Synthetic Account 2966,Public Sector,Latin America,Enterprise,488035878.0,2119
A02967,Synthetic Account 2967,Manufacturing,APAC,Enterprise,1027049248.0,4481
A02968,Synthetic Account 2968,Telecommunications,Latin America,Strategic,774985665.0,4768
A02969,Synthetic Account 2969,Automotive,Latin America,Enterprise,1157090997.0,7321
A02970,Synthetic Account 2970,Automotive,Latin America,Commercial,747801148.0,4980
A02971,Synthetic Account 2971,Telecommunications,Latin America,Enterprise,506772714.0,2934
A02972,Synthetic Account 2972,Automotive,APAC,Strategic,1438057662.0,11511
A02973,Synthetic Account 2973,Consumer Goods,EMEA,Enterprise,2323451537.0,16317
A02974,Synthetic Account 2974,Technology,Latin America,Strategic,2016471618.0,12216
A02975,Synthetic Account 2975,Manufacturing,North America,Commercial,182219165.0,1092
A02976,Synthetic Account 2976,Manufacturing,Latin America,Enterprise,1622162603.0,11291
A02977,Synthetic Account 2977,Public Sector,APAC,Commercial,1035046315.0,7327
A02978,Synthetic Account 2978,Retail,APAC,Commercial,2795094336.0,12896
A02979,Synthetic Account 2979,Telecommunications,APAC,Enterprise,1907700434.0,8746
A02980,Synthetic Account 2980,Manufacturing,EMEA,Strategic,601246324.0,5002
A02981,Synthetic Account 2981,Financial Services,APAC,Enterprise,175511388.0,891
A02982,Synthetic Account 2982,Technology,North America,Enterprise,496366259.0,2886
A02983,Synthetic Account 2983,Consumer Goods,APAC,Enterprise,2020339067.0,9284
A02984,Synthetic Account 2984,Telecommunications,Latin America,Commercial,1156051178.0,5400
A02985,Synthetic Account 2985,Financial Services,North America,Enterprise,3108199571.0,21841
A02986,Synthetic Account 2986,Manufacturing,North America,Enterprise,825195129.0,6070
A02987,Synthetic Account 2987,Automotive,North America,Enterprise,1782566286.0,12252
A02988,Synthetic Account 2988,Technology,North America,Enterprise,3478100062.0,23199
A02989,Synthetic Account 2989,Public Sector,Latin America,Strategic,749424877.0,5148
A02990,Synthetic Account 2990,Retail,Latin America,Enterprise,502051860.0,2474
A02991,Synthetic Account 2991,Manufacturing,EMEA,Commercial,702962647.0,4844
A02992,Synthetic Account 2992,Technology,EMEA,Enterprise,4920136003.0,31114
A02993,Synthetic Account 2993,Public Sector,Latin America,Commercial,912579059.0,6921
A02994,Synthetic Account 2994,Retail,Latin America,Strategic,917737254.0,5455
A02995,Synthetic Account 2995,Retail,North America,Enterprise,795324174.0,6824
A02996,Synthetic Account 2996,Telecommunications,North America,Enterprise,17462757996.0,83651
A02997,Synthetic Account 2997,Public Sector,EMEA,Enterprise,661239943.0,3339
A02998,Synthetic Account 2998,Energy,Latin America,Strategic,647472168.0,5483
A02999,Synthetic Account 2999,Technology,North America,Strategic,1103456258.0,6672
A03000,Synthetic Account 3000,Public Sector,APAC,Enterprise,1725488909.0,10893
