account_id,product_family,competitor,intensity
A00002,Security,Competitor A,14
A00003,Infrastructure,Competitor C,67
A00003,Database,Competitor D,15
A00003,AI & ML,Competitor B,57
A00003,Applications,Competitor D,4
A00004,Infrastructure,Competitor D,81
A00006,Infrastructure,Competitor B,60
A00006,Database,Competitor B,29
A00007,Infrastructure,Competitor C,20
A00007,Integration,Competitor D,58
A00008,Integration,Competitor D,34
A00009,Database,Competitor D,88
A00009,Analytics & Data,Competitor A,61
A00009,Integration,Competitor C,22
A00011,Infrastructure,Competitor B,75
A00011,Security,Competitor D,98
A00012,Infrastructure,Competitor A,53
A00012,Analytics & Data,Competitor D,100
A00014,Database,Competitor A,91
A00014,Security,Competitor D,41
A00014,Applications,Competitor B,23
A00015,Infrastructure,Competitor D,36
A00015,Analytics & Data,Competitor B,32
A00015,AI & ML,Competitor C,75
A00015,Integration,Competitor A,62
A00016,Analytics & Data,Competitor B,44
A00016,AI & ML,Competitor D,23
A00016,Integration,Competitor B,100
A00017,Applications,Competitor B,42
A00018,Applications,Competitor A,15
A00018,Integration,Competitor D,46
A00019,Security,Competitor D,81
A00019,Applications,Competitor A,55
A00020,Infrastructure,Competitor B,34
A00020,Analytics & Data,Competitor A,93
A00020,Integration,Competitor C,57
A00021,Database,Competitor B,63
A00021,AI & ML,Competitor A,27
A00021,Applications,Competitor D,48
A00022,Applications,Competitor C,22
A00023,Analytics & Data,Competitor B,90
A00023,AI & ML,Competitor D,57
A00024,Infrastructure,Competitor D,35
A00024,Database,Competitor A,9
A00024,Applications,Competitor C,42
A00025,Infrastructure,Competitor A,1
A00025,Integration,Competitor B,27
A00026,Infrastructure,Competitor A,36
A00026,Database,Competitor B,25
A00026,AI & ML,Competitor B,84
A00026,Security,Competitor A,42
A00026,Applications,Competitor D,100
A00026,Integration,Competitor D,43
A00027,Database,Competitor D,78
A00027,Analytics & Data,Competitor C,42
A00027,Security,Competitor A,59
A00027,Applications,Competitor B,88
A00028,Security,Competitor D,78
A00028,Applications,Competitor B,62
A00029,Analytics & Data,Competitor B,42
A00029,AI & ML,Competitor B,41
A00030,Analytics & Data,Competitor A,30
A00030,Applications,Competitor D,53
A00030,Integration,Competitor A,20
A00032,Security,Competitor C,24
A00032,Applications,Competitor C,94
A00033,Database,Competitor C,84
A00034,AI & ML,Competitor C,49
A00034,Applications,Competitor B,30
A00035,Infrastructure,Competitor D,89
A00035,Database,Competitor C,19
A00035,AI & ML,Competitor C,16
A00036,Analytics & Data,Competitor D,100
A00036,Security,Competitor C,34
A00036,Applications,Competitor B,50
A00036,Integration,Competitor C,44
A00037,Database,Competitor B,33
A00037,Analytics & Data,Competitor B,5
A00037,Integration,Competitor A,38
A00038,Integration,Competitor D,92
A00039,AI & ML,Competitor D,79
A00039,Security,Competitor B,30
A00039,Applications,Competitor D,61
A00039,Integration,Competitor B,45
A00040,Applications,Competitor B,44
A00041,Infrastructure,Competitor B,69
A00041,Analytics & Data,Competitor D,92
A00041,AI & ML,Competitor C,66
A00042,Applications,Competitor C,84
A00042,Integration,Competitor A,37
A00043,Database,Competitor C,25
A00043,Security,Competitor D,22
A00043,Applications,Competitor B,62
A00044,Database,Competitor C,9
A00044,Analytics & Data,Competitor B,97
A00044,Security,Competitor A,22
A00045,AI & ML,Competitor B,83
A00045,Security,Competitor D,29
A00046,Applications,Competitor D,9
A00047,Infrastructure,Competitor D,58
A00047,Database,Competitor A,82
A00047,Analytics & Data,Competitor B,28
A00047,Security,Competitor A,26
A00047,Integration,Competitor C,27
A00048,Database,Competitor C,61
A00048,Analytics & Data,Competitor C,92
A00048,Integration,Competitor D,94
A00049,Integration,Competitor C,66
A00050,Infrastructure,Competitor D,41
A00050,Database,Competitor B,73
A00050,Security,Competitor B,76
A00050,Applications,Competitor C,31
A00051,Analytics & Data,Competitor B,31
A00051,Security,Competitor D,36
A00051,Applications,Competitor B,68
A00052,Database,Competitor A,66
A00052,Security,Competitor A,72
A00052,Integration,Competitor C,22
A00053,Database,Competitor C,67
A00053,Analytics & Data,Competitor C,38
A00053,AI & ML,Competitor D,46
A00053,Security,Competitor B,81
A00054,Infrastructure,Competitor A,54
A00054,Security,Competitor C,16
A00054,Applications,Competitor D,61
A00055,Database,Competitor D,36
A00055,Security,Competitor A,42
A00055,Integration,Competitor C,62
A00056,Security,Competitor C,27
A00057,Database,Competitor C,50
A00057,Analytics & Data,Competitor B,57
A00057,Security,Competitor A,39
A00057,Integration,Competitor C,44
A00058,Security,Competitor B,42
A00059,Infrastructure,Competitor C,65
A00059,Database,Competitor D,24
A00059,Analytics & Data,Competitor A,52
A00059,AI & ML,Competitor C,78
A00059,Applications,Competitor B,38
A00060,Security,Competitor D,61
A00060,Applications,Competitor B,31
A00061,Infrastructure,Competitor C,74
A00061,Database,Competitor B,88
A00062,Analytics & Data,Competitor B,64
A00062,Applications,Competitor C,62
A00064,Database,Competitor A,98
A00064,Applications,Competitor C,50
A00064,Integration,Competitor D,98
A00065,Analytics & Data,Competitor B,36
A00065,Security,Competitor D,47
A00065,Applications,Competitor A,31
A00066,Analytics & Data,Competitor B,18
A00067,Infrastructure,Competitor D,66
A00067,Database,Competitor C,22
A00067,AI & ML,Competitor C,83
A00067,Security,Competitor A,66
A00068,Infrastructure,Competitor A,99
A00069,Infrastructure,Competitor D,34
A00069,Database,Competitor A,25
A00069,Analytics & Data,Competitor B,38
A00069,AI & ML,Competitor A,22
A00069,Security,Competitor A,0
A00069,Integration,Competitor B,23
A00070,Applications,Competitor B,44
A00070,Integration,Competitor D,0
A00071,Analytics & Data,Competitor A,19
A00072,Infrastructure,Competitor D,56
A00073,Applications,Competitor D,40
A00074,Infrastructure,Competitor A,6
A00074,Database,Competitor B,44
A00074,Integration,Competitor A,34
A00075,Infrastructure,Competitor C,81
A00075,Database,Competitor D,81
A00075,AI & ML,Competitor B,30
A00076,Database,Competitor A,10
A00076,Integration,Competitor C,64
A00077,AI & ML,Competitor D,26
A00077,Security,Competitor A,29
A00077,Applications,Competitor D,74
A00078,Infrastructure,Competitor D,19
A00078,Database,Competitor A,100
A00078,Analytics & Data,Competitor C,72
A00079,Infrastructure,Competitor D,25
A00079,AI & ML,Competitor D,49
A00079,Applications,Competitor B,28
A00079,Integration,Competitor C,96
A00080,Database,Competitor B,35
A00080,Analytics & Data,Competitor B,25
A00081,Integration,Competitor C,27
A00083,Infrastructure,Competitor A,49
A00083,Analytics & Data,Competitor C,55
A00083,Security,Competitor D,27
A00084,Analytics & Data,Competitor D,24
A00085,Infrastructure,Competitor B,82
A00085,Database,Competitor C,26
A00085,Analytics & Data,Competitor B,67
A00085,Security,Competitor B,29
A00085,Integration,Competitor D,100
A00086,Infrastructure,Competitor B,72
A00086,Integration,Competitor A,17
A00087,Infrastructure,Competitor D,22
A00087,Analytics & Data,Competitor D,43
A00087,Security,Competitor B,32
A00088,Infrastructure,Competitor B,37
A00088,Database,Competitor B,100
A00089,Infrastructure,Competitor B,86
A00089,Analytics & Data,Competitor A,24
A00089,Security,Competitor A,19
A00090,Infrastructure,Competitor A,90
A00090,Applications,Competitor D,42
A00091,Infrastructure,Competitor B,68
A00091,Database,Competitor B,47
A00091,Security,Competitor A,93
A00091,Applications,Competitor B,38
A00091,Integration,Competitor C,43
A00092,Database,Competitor C,77
A00093,Infrastructure,Competitor B,79
A00093,Database,Competitor D,72
A00093,AI & ML,Competitor B,8
A00093,Applications,Competitor B,62
A00094,Analytics & Data,Competitor B,40
A00094,AI & ML,Competitor B,79
A00095,Security,Competitor C,50
A00096,Security,Competitor B,32
A00097,Infrastructure,Competitor D,92
A00098,Infrastructure,Competitor A,41
A00098,Database,Competitor B,75
A00098,Analytics & Data,Competitor A,64
A00098,AI & ML,Competitor A,40
A00098,Applications,Competitor D,33
A00099,Infrastructure,Competitor A,19
A00099,Database,Competitor B,62
A00099,Analytics & Data,Competitor D,44
A00099,Security,Competitor C,24
A00099,Applications,Competitor B,77
A00099,Integration,Competitor C,69
A00100,Security,Competitor A,60
A00100,Applications,Competitor D,100
A00102,Database,Competitor C,47
A00102,AI & ML,Competitor A,74
A00103,Analytics & Data,Competitor D,76
A00104,Infrastructure,Competitor D,29
A00104,Security,Competitor C,48
A00105,Integration,Competitor D,49
A00106,Infrastructure,Competitor D,97
A00106,Applications,Competitor D,98
A00106,Integration,Competitor B,52
A00107,AI & ML,Competitor A,98
A00107,Security,Competitor B,11
A00107,Applications,Competitor D,56
A00107,Integration,Competitor C,18
A00108,Database,Competitor B,33
A00108,Security,Competitor A,43
A00108,Integration,Competitor D,40
A00109,AI & ML,Competitor A,49
A00109,Security,Competitor C,76
A00110,Analytics & Data,Competitor C,94
A00110,Applications,Competitor C,28
A00111,Infrastructure,Competitor C,77
A00111,AI & ML,Competitor C,96
A00112,Integration,Competitor D,43
A00113,Database,Competitor A,31
A00114,Analytics & Data,Competitor C,45
A00114,Security,Competitor D,57
A00115,Infrastructure,Competitor C,40
A00115,Analytics & Data,Competitor D,34
A00117,Security,Competitor B,66
A00117,Integration,Competitor B,39
A00118,Analytics & Data,Competitor A,50
A00118,Security,Competitor A,98
A00118,Applications,Competitor D,4
A00118,Integration,Competitor C,11
A00119,Database,Competitor D,63
A00119,AI & ML,Competitor D,34
A00119,Integration,Competitor D,23
A00120,Applications,Competitor A,58
A00120,Integration,Competitor D,54
A00121,AI & ML,Competitor B,26
A00122,Infrastructure,Competitor A,43
A00122,Database,Competitor A,86
A00122,Analytics & Data,Competitor B,27
A00122,Applications,Competitor B,18
A00122,Integration,Competitor B,70
A00123,AI & ML,Competitor A,100
A00123,Security,Competitor B,53
A00123,Applications,Competitor A,81
A00123,Integration,Competitor D,84
A00124,AI & ML,Competitor B,23
A00124,Integration,Competitor A,42
A00125,Integration,Competitor C,28
A00126,Database,Competitor D,0
A00126,Integration,Competitor C,82
A00127,Applications,Competitor D,33
A00128,Infrastructure,Competitor A,78
A00129,Infrastructure,Competitor D,37
A00129,Database,Competitor A,9
A00129,Analytics & Data,Competitor A,40
A00129,Applications,Competitor A,3
A00129,Integration,Competitor A,21
A00130,Infrastructure,Competitor D,30
A00130,AI & ML,Competitor A,5
A00130,Security,Competitor A,19
A00130,Integration,Competitor B,29
A00131,Database,Competitor B,78
A00131,AI & ML,Competitor D,63
A00131,Integration,Competitor A,20
A00132,AI & ML,Competitor D,89
A00133,Database,Competitor D,96
A00134,Database,Competitor C,78
A00134,Analytics & Data,Competitor A,68
A00134,AI & ML,Competitor A,47
A00134,Applications,Competitor A,29
A00135,Infrastructure,Competitor A,74
A00135,Database,Competitor C,90
A00135,Security,Competitor D,44
A00135,Integration,Competitor A,43
A00136,Infrastructure,Competitor A,73
A00136,Analytics & Data,Competitor A,35
A00136,AI & ML,Competitor C,31
A00136,Security,Competitor A,49
A00136,Applications,Competitor A,30
A00137,Infrastructure,Competitor B,44
A00137,Database,Competitor C,60
A00137,Security,Competitor C,60
A00138,Database,Competitor A,23
A00138,AI & ML,Competitor B,34
A00138,Security,Competitor D,79
A00139,Infrastructure,Competitor D,91
A00139,Analytics & Data,Competitor C,24
A00140,Analytics & Data,Competitor D,19
A00140,AI & ML,Competitor C,52
A00141,Database,Competitor A,50
A00141,Applications,Competitor C,26
A00142,AI & ML,Competitor D,90
A00142,Applications,Competitor C,91
A00143,Infrastructure,Competitor D,15
A00143,Database,Competitor C,17
A00143,Analytics & Data,Competitor A,84
A00143,Integration,Competitor D,66
A00144,Security,Competitor A,19
A00144,Integration,Competitor D,15
A00145,Analytics & Data,Competitor A,40
A00146,Database,Competitor A,21
A00146,Integration,Competitor D,41
A00147,Integration,Competitor A,61
A00148,Database,Competitor D,79
A00148,AI & ML,Competitor D,79
A00148,Security,Competitor A,32
A00149,Infrastructure,Competitor A,96
A00149,Database,Competitor A,44
A00149,Applications,Competitor B,74
A00150,Infrastructure,Competitor D,37
A00150,Database,Competitor C,36
A00150,Integration,Competitor C,58
A00151,Analytics & Data,Competitor C,63
A00151,Security,Competitor C,97
A00152,Analytics & Data,Competitor A,59
A00153,Infrastructure,Competitor D,58
A00153,Database,Competitor C,60
A00153,Analytics & Data,Competitor D,71
A00153,Security,Competitor B,18
A00154,AI & ML,Competitor D,17
A00154,Integration,Competitor A,17
A00155,Infrastructure,Competitor A,38
A00155,Database,Competitor A,77
A00156,AI & ML,Competitor B,100
A00156,Security,Competitor D,85
A00156,Applications,Competitor C,45
A00158,Infrastructure,Competitor B,80
A00158,Security,Competitor C,24
A00158,Applications,Competitor B,57
A00159,Analytics & Data,Competitor A,87
A00159,AI & ML,Competitor B,75
A00160,Integration,Competitor B,13
A00161,Infrastructure,Competitor A,23
A00161,Database,Competitor D,51
A00161,Analytics & Data,Competitor C,60
A00162,Infrastructure,Competitor D,81
A00162,Database,Competitor A,87
A00162,Security,Competitor C,65
A00163,Infrastructure,Competitor B,100
A00163,Database,Competitor B,100
A00163,Analytics & Data,Competitor C,33
A00163,Integration,Competitor B,87
A00165,Database,Competitor D,65
A00165,AI & ML,Competitor B,18
A00165,Applications,Competitor C,93
A00166,Infrastructure,Competitor A,74
A00167,AI & ML,Competitor B,19
A00167,Integration,Competitor D,71
A00168,Database,Competitor A,68
A00168,AI & ML,Competitor D,43
A00169,AI & ML,Competitor A,41
A00170,AI & ML,Competitor D,26
A00170,Security,Competitor B,26
A00170,Integration,Competitor D,67
A00171,Database,Competitor B,45
A00171,Applications,Competitor C,81
A00171,Integration,Competitor C,38
A00172,Infrastructure,Competitor A,49
A00172,Database,Competitor B,29
A00172,Analytics & Data,Competitor A,23
A00172,AI & ML,Competitor B,48
A00172,Integration,Competitor C,79
A00174,Analytics & Data,Competitor D,27
A00175,Database,Competitor B,77
A00175,AI & ML,Competitor D,28
A00175,Applications,Competitor D,93
A00175,Integration,Competitor A,73
A00176,Database,Competitor A,47
A00176,AI & ML,Competitor B,34
A00176,Integration,Competitor A,32
A00177,Infrastructure,Competitor B,77
A00177,Security,Competitor D,36
A00178,Database,Competitor D,95
A00178,AI & ML,Competitor A,78
A00178,Applications,Competitor B,56
A00179,Infrastructure,Competitor B,29
A00179,Analytics & Data,Competitor D,90
A00179,Security,Competitor D,90
A00180,Database,Competitor D,8
A00180,AI & ML,Competitor A,34
A00180,Integration,Competitor B,76
A00181,Analytics & Data,Competitor A,23
A00181,Security,Competitor D,41
A00182,Infrastructure,Competitor B,59
A00182,Database,Competitor D,55
A00183,Applications,Competitor D,37
A00184,Infrastructure,Competitor D,66
A00185,Infrastructure,Competitor C,62
A00185,Applications,Competitor C,83
A00186,Database,Competitor D,31
A00186,Analytics & Data,Competitor A,78
A00186,AI & ML,Competitor A,33
A00186,Integration,Competitor B,100
A00188,Analytics & Data,Competitor A,35
A00188,Integration,Competitor B,37
A00189,AI & ML,Competitor B,35
A00189,Applications,Competitor D,40
A00189,Integration,Competitor B,29
A00190,Analytics & Data,Competitor C,67
A00190,Integration,Competitor C,27
A00191,Infrastructure,Competitor A,91
A00191,Database,Competitor A,54
A00192,Database,Competitor C,43
A00192,Analytics & Data,Competitor A,81
A00192,Applications,Competitor D,32
A00193,Database,Competitor B,91
A00193,Analytics & Data,Competitor D,42
A00193,Security,Competitor A,74
A00194,Database,Competitor D,79
A00194,AI & ML,Competitor A,71
A00194,Security,Competitor A,68
A00195,Analytics & Data,Competitor B,100
A00195,AI & ML,Competitor D,30
A00196,Database,Competitor C,18
A00196,Analytics & Data,Competitor B,18
A00197,Infrastructure,Competitor B,99
A00197,Database,Competitor C,62
A00197,AI & ML,Competitor A,34
A00197,Security,Competitor A,14
A00197,Applications,Competitor A,18
A00198,Applications,Competitor B,25
A00199,Database,Competitor D,33
A00199,Analytics & Data,Competitor A,85
A00200,Database,Competitor B,44
A00200,AI & ML,Competitor C,72
A00201,Database,Competitor C,74
A00201,Analytics & Data,Competitor C,78
A00201,Security,Competitor A,46
A00203,Database,Competitor D,26
A00204,Infrastructure,Competitor B,98
A00204,AI & ML,Competitor A,56
A00204,Integration,Competitor C,61
A00205,Analytics & Data,Competitor D,88
A00205,Security,Competitor C,85
A00206,Infrastructure,Competitor D,99
A00207,Infrastructure,Competitor D,48
A00207,Analytics & Data,Competitor A,40
A00207,AI & ML,Competitor B,20
A00207,Security,Competitor D,37
A00208,Infrastructure,Competitor A,52
A00208,Database,Competitor D,23
A00208,Analytics & Data,Competitor B,43
A00209,Infrastructure,Competitor B,50
A00209,Analytics & Data,Competitor B,76
A00209,Applications,Competitor D,9
A00210,AI & ML,Competitor C,77
A00210,Security,Competitor D,13
A00210,Applications,Competitor D,15
A00212,Infrastructure,Competitor D,62
A00212,Analytics & Data,Competitor B,61
A00212,Integration,Competitor D,73
A00213,Infrastructure,Competitor D,80
A00213,Database,Competitor B,45
A00214,Infrastructure,Competitor B,1
A00214,Analytics & Data,Competitor D,76
A00214,Security,Competitor C,38
A00215,Integration,Competitor A,70
A00216,Infrastructure,Competitor C,8
A00216,Analytics & Data,Competitor A,19
A00216,Integration,Competitor A,19
A00217,Analytics & Data,Competitor C,67
A00217,AI & ML,Competitor C,74
A00217,Security,Competitor A,62
A00217,Applications,Competitor D,41
A00218,Infrastructure,Competitor B,49
A00218,AI & ML,Competitor B,40
A00219,Database,Competitor C,81
A00219,Applications,Competitor B,30
A00221,Infrastructure,Competitor D,76
A00221,Security,Competitor A,85
A00221,Integration,Competitor A,35
A00222,Database,Competitor D,64
A00222,Security,Competitor D,42
A00222,Applications,Competitor C,31
A00222,Integration,Competitor C,100
A00223,Infrastructure,Competitor D,27
A00223,Database,Competitor D,57
A00223,Applications,Competitor B,71
A00224,AI & ML,Competitor B,12
A00224,Security,Competitor A,10
A00224,Applications,Competitor B,26
A00225,Infrastructure,Competitor C,38
A00225,Security,Competitor A,30
A00226,Infrastructure,Competitor C,42
A00226,Database,Competitor B,52
A00226,Integration,Competitor D,47
A00227,Infrastructure,Competitor B,85
A00227,Analytics & Data,Competitor A,33
A00227,Security,Competitor C,78
A00228,Infrastructure,Competitor D,37
A00228,Applications,Competitor A,91
A00229,Database,Competitor B,19
A00229,Analytics & Data,Competitor C,37
A00230,Database,Competitor A,66
A00230,Analytics & Data,Competitor C,100
A00230,AI & ML,Competitor A,31
A00230,Security,Competitor A,12
A00230,Integration,Competitor C,13
A00231,Infrastructure,Competitor A,67
A00232,Infrastructure,Competitor A,48
A00232,Applications,Competitor C,23
A00233,Database,Competitor A,40
A00233,Analytics & Data,Competitor A,68
A00233,Security,Competitor A,26
A00233,Applications,Competitor C,39
A00234,Analytics & Data,Competitor A,92
A00234,Integration,Competitor A,80
A00235,Infrastructure,Competitor D,20
A00235,AI & ML,Competitor B,44
A00235,Applications,Competitor C,13
A00236,Infrastructure,Competitor C,23
A00236,Security,Competitor D,27
A00236,Integration,Competitor D,32
A00237,AI & ML,Competitor C,66
A00239,Security,Competitor A,45
A00240,Database,Competitor A,16
A00240,Analytics & Data,Competitor B,90
A00240,AI & ML,Competitor D,50
A00241,Database,Competitor A,62
A00241,Applications,Competitor B,48
A00242,Infrastructure,Competitor D,20
A00244,Applications,Competitor D,42
A00245,Database,Competitor C,56
A00245,Analytics & Data,Competitor D,17
A00245,AI & ML,Competitor D,59
A00245,Applications,Competitor B,62
A00246,Infrastructure,Competitor D,2
A00246,Integration,Competitor D,8
A00247,Database,Competitor B,54
A00247,Security,Competitor B,13
A00247,Integration,Competitor D,93
A00248,Applications,Competitor B,52
A00249,Database,Competitor C,17
A00249,Analytics & Data,Competitor A,21
A00249,AI & ML,Competitor B,50
A00249,Security,Competitor C,79
A00249,Applications,Competitor C,57
A00250,Analytics & Data,Competitor A,24
A00250,AI & ML,Competitor C,63
A00250,Security,Competitor B,50
A00250,Applications,Competitor B,75
A00251,Infrastructure,Competitor D,39
A00251,Analytics & Data,Competitor A,43
A00252,Analytics & Data,Competitor B,66
A00254,Database,Competitor B,67
A00254,Security,Competitor D,22
A00254,Applications,Competitor D,63
A00255,Applications,Competitor D,27
A00256,AI & ML,Competitor C,58
A00256,Applications,Competitor C,32
A00257,Infrastructure,Competitor D,71
A00257,Database,Competitor C,68
A00257,Applications,Competitor D,27
A00258,AI & ML,Competitor C,85
A00258,Integration,Competitor B,31
A00259,Infrastructure,Competitor C,0
A00260,Database,Competitor B,84
A00260,Analytics & Data,Competitor C,41
A00260,Security,Competitor A,70
A00261,Database,Competitor B,12
A00261,AI & ML,Competitor B,46
A00261,Security,Competitor C,38
A00262,Infrastructure,Competitor B,30
A00262,Analytics & Data,Competitor C,21
A00263,Infrastructure,Competitor D,30
A00264,Infrastructure,Competitor B,25
A00264,Database,Competitor C,0
A00264,AI & ML,Competitor B,42
A00265,Infrastructure,Competitor A,84
A00265,Database,Competitor B,24
A00265,AI & ML,Competitor C,92
A00266,Applications,Competitor A,49
A00266,Integration,Competitor A,29
A00267,AI & ML,Competitor B,45
A00268,Analytics & Data,Competitor D,48
A00268,AI & ML,Competitor A,31
A00268,Applications,Competitor B,35
A00270,Infrastructure,Competitor D,63
A00270,Applications,Competitor D,29
A00270,Integration,Competitor A,100
A00271,Infrastructure,Competitor B,21
A00271,Applications,Competitor A,42
A00271,Integration,Competitor A,73
A00272,Analytics & Data,Competitor A,65
A00273,Infrastructure,Competitor D,24
A00273,Database,Competitor B,60
A00273,Analytics & Data,Competitor B,32
A00273,Security,Competitor B,59
A00274,Database,Competitor D,39
A00274,AI & ML,Competitor B,28
A00275,Security,Competitor D,21
A00275,Applications,Competitor C,83
A00276,Infrastructure,Competitor A,100
A00277,Analytics & Data,Competitor C,42
A00278,Security,Competitor D,70
A00278,Applications,Competitor B,53
A00278,Integration,Competitor B,12
A00279,Infrastructure,Competitor C,65
A00279,Analytics & Data,Competitor C,36
A00280,Database,Competitor B,24
A00280,Integration,Competitor D,78
A00281,Infrastructure,Competitor C,41
A00281,Applications,Competitor B,7
A00282,AI & ML,Competitor C,7
A00283,Database,Competitor B,43
A00283,AI & ML,Competitor C,17
A00283,Applications,Competitor B,100
A00284,Infrastructure,Competitor D,37
A00284,Database,Competitor C,38
A00284,Security,Competitor B,2
A00285,Infrastructure,Competitor B,19
A00285,Security,Competitor B,24
A00285,Integration,Competitor B,64
A00286,Integration,Competitor A,43
A00287,Infrastructure,Competitor C,88
A00287,Applications,Competitor A,59
A00287,Integration,Competitor C,24
A00288,Analytics & Data,Competitor C,44
A00289,Analytics & Data,Competitor A,20
A00289,Applications,Competitor A,24
A00290,Applications,Competitor B,24
A00290,Integration,Competitor B,61
A00291,Infrastructure,Competitor A,23
A00291,AI & ML,Competitor B,79
A00291,Security,Competitor C,92
A00291,Applications,Competitor A,49
A00292,AI & ML,Competitor D,58
A00293,Infrastructure,Competitor A,24
A00293,Database,Competitor C,100
A00294,Analytics & Data,Competitor B,1
A00294,Applications,Competitor B,40
A00295,Infrastructure,Competitor A,38
A00295,AI & ML,Competitor C,94
A00297,Analytics & Data,Competitor C,33
A00298,Infrastructure,Competitor C,15
A00298,Database,Competitor B,85
A00298,Applications,Competitor D,39
A00299,Infrastructure,Competitor C,3
A00299,Security,Competitor C,41
A00299,Integration,Competitor C,52
A00300,Analytics & Data,Competitor D,90
A00302,Infrastructure,Competitor C,25
A00302,Database,Competitor C,30
A00303,Database,Competitor A,40
A00304,Infrastructure,Competitor B,82
A00304,Database,Competitor C,91
A00304,Security,Competitor D,51
A00305,Infrastructure,Competitor B,15
A00305,Security,Competitor D,76
A00306,Database,Competitor A,73
A00306,AI & ML,Competitor B,99
A00306,Applications,Competitor D,88
A00306,Integration,Competitor A,18
A00307,Infrastructure,Competitor C,19
A00307,Analytics & Data,Competitor C,24
A00307,AI & ML,Competitor A,76
A00308,Infrastructure,Competitor D,36
A00309,Integration,Competitor D,77
A00310,AI & ML,Competitor A,91
A00310,Integration,Competitor C,13
A00311,Database,Competitor D,45
A00311,Applications,Competitor A,92
A00312,Security,Competitor A,56
A00312,Applications,Competitor C,32
A00313,Database,Competitor C,88
A00313,Analytics & Data,Competitor A,64
A00313,Integration,Competitor A,46
A00314,Analytics & Data,Competitor A,67
A00314,Applications,Competitor C,20
A00314,Integration,Competitor A,89
A00315,Infrastructure,Competitor D,54
A00315,Database,Competitor A,34
A00316,Infrastructure,Competitor B,81
A00316,Applications,Competitor C,15
A00316,Integration,Competitor A,37
A00317,Infrastructure,Competitor C,59
A00317,Security,Competitor D,46
A00318,Infrastructure,Competitor B,55
A00318,AI & ML,Competitor A,39
A00319,Analytics & Data,Competitor A,57
A00319,AI & ML,Competitor D,32
A00319,Security,Competitor C,96
A00320,Database,Competitor B,13
A00320,Analytics & Data,Competitor A,57
A00320,Security,Competitor A,9
A00320,Applications,Competitor C,81
A00321,Infrastructure,Competitor B,57
A00321,Integration,Competitor C,89
A00322,Database,Competitor B,83
A00322,AI & ML,Competitor B,1
A00322,Integration,Competitor B,61
A00323,Infrastructure,Competitor D,33
A00323,Analytics & Data,Competitor C,43
A00323,AI & ML,Competitor B,29
A00324,Analytics & Data,Competitor D,55
A00325,Database,Competitor A,5
A00325,Security,Competitor B,25
A00325,Integration,Competitor C,17
A00326,Applications,Competitor A,66
A00327,Analytics & Data,Competitor A,36
A00327,Security,Competitor D,85
A00327,Applications,Competitor A,25
A00328,Database,Competitor A,28
A00328,Analytics & Data,Competitor C,32
A00329,Applications,Competitor C,25
A00330,Integration,Competitor A,34
A00331,Database,Competitor C,27
A00331,Security,Competitor C,24
A00331,Applications,Competitor B,27
A00331,Integration,Competitor D,22
A00332,Database,Competitor B,88
A00332,Analytics & Data,Competitor A,73
A00332,Security,Competitor C,100
A00333,Database,Competitor D,60
A00333,Analytics & Data,Competitor A,44
A00333,Security,Competitor A,26
A00333,Applications,Competitor A,67
A00333,Integration,Competitor C,29
A00334,Security,Competitor B,19
A00334,Applications,Competitor B,59
A00335,Infrastructure,Competitor C,83
A00335,Analytics & Data,Competitor A,100
A00336,Infrastructure,Competitor C,79
A00336,Database,Competitor B,42
A00336,Security,Competitor C,88
A00336,Applications,Competitor B,79
A00336,Integration,Competitor C,70
A00337,AI & ML,Competitor C,22
A00339,Infrastructure,Competitor C,15
A00339,AI & ML,Competitor B,24
A00339,Security,Competitor B,28
A00339,Applications,Competitor D,33
A00340,Analytics & Data,Competitor D,54
A00341,Analytics & Data,Competitor D,31
A00342,Security,Competitor A,55
A00342,Applications,Competitor B,19
A00343,AI & ML,Competitor B,90
A00343,Security,Competitor A,18
A00343,Integration,Competitor B,63
A00344,Security,Competitor D,18
A00345,Database,Competitor D,22
A00345,Analytics & Data,Competitor D,7
A00345,Security,Competitor A,50
A00345,Applications,Competitor C,34
A00347,AI & ML,Competitor A,80
A00347,Security,Competitor B,70
A00347,Applications,Competitor B,28
A00347,Integration,Competitor A,62
A00348,Analytics & Data,Competitor A,67
A00349,Security,Competitor A,61
A00349,Applications,Competitor C,77
A00350,Database,Competitor B,70
A00350,Security,Competitor B,25
A00351,Integration,Competitor A,46
A00352,Infrastructure,Competitor A,41
A00352,Database,Competitor C,29
A00352,AI & ML,Competitor D,19
A00352,Applications,Competitor D,48
A00352,Integration,Competitor B,9
A00353,Integration,Competitor C,17
A00354,AI & ML,Competitor C,21
A00354,Applications,Competitor A,56
A00355,Infrastructure,Competitor D,46
A00355,Analytics & Data,Competitor D,43
A00355,AI & ML,Competitor C,73
A00355,Security,Competitor C,42
A00355,Integration,Competitor A,61
A00356,AI & ML,Competitor A,56
A00358,Infrastructure,Competitor D,71
A00358,Analytics & Data,Competitor A,26
A00359,Security,Competitor D,61
A00360,Infrastructure,Competitor A,31
A00360,AI & ML,Competitor D,31
A00361,Database,Competitor C,37
A00361,Security,Competitor B,75
A00361,Integration,Competitor B,33
A00362,Analytics & Data,Competitor A,69
A00362,Applications,Competitor D,33
A00363,Database,Competitor C,100
A00363,AI & ML,Competitor D,42
A00364,Analytics & Data,Competitor B,36
A00364,AI & ML,Competitor A,30
A00364,Integration,Competitor A,84
A00365,Database,Competitor A,63
A00365,Analytics & Data,Competitor A,83
A00365,AI & ML,Competitor A,89
A00365,Security,Competitor A,100
A00365,Integration,Competitor D,82
A00366,AI & ML,Competitor D,37
A00366,Applications,Competitor D,95
A00367,Database,Competitor C,84
A00367,Analytics & Data,Competitor A,44
A00367,Applications,Competitor B,58
A00367,Integration,Competitor D,77
A00368,Database,Competitor B,22
A00368,AI & ML,Competitor A,36
A00369,Infrastructure,Competitor A,42
A00369,Database,Competitor A,26
A00369,Analytics & Data,Competitor A,81
A00370,Database,Competitor D,33
A00370,AI & ML,Competitor D,16
A00370,Applications,Competitor C,36
A00372,Infrastructure,Competitor D,85
A00372,Security,Competitor A,48
A00372,Integration,Competitor B,28
A00373,Database,Competitor C,10
A00373,Applications,Competitor D,46
A00374,Infrastructure,Competitor B,34
A00374,Analytics & Data,Competitor B,22
A00375,Infrastructure,Competitor A,58
A00375,Database,Competitor A,53
A00376,Analytics & Data,Competitor C,50
A00376,Applications,Competitor B,81
A00377,Infrastructure,Competitor B,13
A00377,Database,Competitor B,57
A00377,Integration,Competitor B,59
A00378,Infrastructure,Competitor B,25
A00378,Integration,Competitor D,26
A00379,AI & ML,Competitor A,24
A00379,Security,Competitor C,25
A00380,Infrastructure,Competitor D,76
A00380,AI & ML,Competitor D,96
A00380,Security,Competitor C,42
A00380,Integration,Competitor B,58
A00381,Infrastructure,Competitor C,20
A00381,Analytics & Data,Competitor C,43
A00381,AI & ML,Competitor A,83
A00382,Database,Competitor D,12
A00382,Analytics & Data,Competitor B,92
A00382,Security,Competitor C,21
A00382,Applications,Competitor D,100
A00383,Security,Competitor D,47
A00384,Infrastructure,Competitor C,26
A00384,AI & ML,Competitor C,64
A00385,Infrastructure,Competitor C,70
A00385,Database,Competitor D,32
A00385,AI & ML,Competitor A,33
A00385,Applications,Competitor D,14
A00386,Analytics & Data,Competitor A,35
A00387,Security,Competitor A,32
A00387,Applications,Competitor B,94
A00388,Security,Competitor D,31
A00388,Applications,Competitor B,99
A00389,Infrastructure,Competitor A,100
A00389,Database,Competitor D,83
A00389,Analytics & Data,Competitor C,20
A00389,Security,Competitor A,23
A00390,Security,Competitor A,75
A00390,Applications,Competitor C,98
A00391,Infrastructure,Competitor A,19
A00391,Database,Competitor B,100
A00391,AI & ML,Competitor C,70
A00391,Security,Competitor D,30
A00392,Database,Competitor B,78
A00392,Analytics & Data,Competitor D,73
A00392,Security,Competitor A,16
A00393,Analytics & Data,Competitor C,33
A00393,AI & ML,Competitor C,9
A00393,Security,Competitor C,72
A00394,Infrastructure,Competitor A,28
A00394,Integration,Competitor A,31
A00395,Security,Competitor B,91
A00396,Analytics & Data,Competitor C,53
A00396,AI & ML,Competitor A,63
A00396,Security,Competitor C,25
A00397,Security,Competitor D,65
A00397,Applications,Competitor D,100
A00398,Security,Competitor D,58
A00399,AI & ML,Competitor A,35
A00399,Applications,Competitor D,39
A00399,Integration,Competitor D,93
A00400,Applications,Competitor A,20
A00401,Security,Competitor A,23
A00401,Applications,Competitor A,55
A00402,Infrastructure,Competitor C,40
A00402,Applications,Competitor B,84
A00402,Integration,Competitor B,35
A00403,Database,Competitor C,35
A00404,Infrastructure,Competitor C,36
A00405,Database,Competitor A,60
A00405,Analytics & Data,Competitor B,49
A00405,AI & ML,Competitor B,43
A00405,Security,Competitor B,42
A00405,Applications,Competitor C,16
A00406,Database,Competitor D,35
A00406,AI & ML,Competitor A,49
A00407,Database,Competitor C,66
A00408,Infrastructure,Competitor B,15
A00408,AI & ML,Competitor B,71
A00409,Database,Competitor A,15
A00409,Applications,Competitor D,50
A00410,Database,Competitor C,13
A00410,Analytics & Data,Competitor C,13
A00410,Applications,Competitor B,25
A00410,Integration,Competitor A,45
A00411,Database,Competitor C,65
A00411,Analytics & Data,Competitor D,26
A00412,Infrastructure,Competitor D,27
A00412,Analytics & Data,Competitor A,10
A00412,AI & ML,Competitor D,27
A00412,Integration,Competitor B,34
A00413,Database,Competitor C,59
A00413,Analytics & Data,Competitor C,32
A00413,Applications,Competitor C,14
A00414,AI & ML,Competitor A,69
A00415,Database,Competitor B,45
A00415,Integration,Competitor A,46
A00416,Database,Competitor B,78
A00416,Security,Competitor A,87
A00416,Applications,Competitor A,35
A00416,Integration,Competitor D,45
A00417,Analytics & Data,Competitor A,23
A00417,Integration,Competitor A,46
A00418,Analytics & Data,Competitor B,12
A00418,Integration,Competitor C,20
A00419,Infrastructure,Competitor D,30
A00420,Analytics & Data,Competitor B,38
A00420,AI & ML,Competitor C,38
A00421,Infrastructure,Competitor B,52
A00421,Analytics & Data,Competitor B,38
A00421,Integration,Competitor B,49
A00423,Database,Competitor D,61
A00423,Security,Competitor A,100
A00423,Applications,Competitor D,72
A00424,Infrastructure,Competitor A,35
A00424,AI & ML,Competitor D,37
A00425,Infrastructure,Competitor D,78
A00425,Analytics & Data,Competitor D,56
A00425,Applications,Competitor B,97
A00426,Database,Competitor A,14
A00426,Analytics & Data,Competitor A,33
A00426,Security,Competitor A,64
A00428,Integration,Competitor D,44
A00429,Infrastructure,Competitor B,61
A00429,Security,Competitor C,60
A00429,Integration,Competitor B,78
A00430,Analytics & Data,Competitor D,70
A00430,AI & ML,Competitor C,49
A00431,Infrastructure,Competitor C,36
A00431,Analytics & Data,Competitor C,27
A00433,Applications,Competitor A,22
A00433,Integration,Competitor B,92
A00434,Database,Competitor A,16
A00435,Infrastructure,Competitor B,27
A00435,Database,Competitor D,25
A00435,AI & ML,Competitor C,27
A00435,Applications,Competitor B,45
A00436,Infrastructure,Competitor A,24
A00436,Analytics & Data,Competitor B,81
A00436,AI & ML,Competitor D,18
A00436,Applications,Competitor A,46
A00436,Integration,Competitor D,16
A00437,Security,Competitor A,26
A00439,Infrastructure,Competitor B,17
A00439,Database,Competitor D,72
A00440,Analytics & Data,Competitor B,72
A00440,Security,Competitor D,87
A00441,AI & ML,Competitor A,34
A00442,Applications,Competitor D,30
A00442,Integration,Competitor A,48
A00443,Integration,Competitor A,38
A00445,Integration,Competitor B,38
A00446,Database,Competitor C,100
A00446,Integration,Competitor B,48
A00447,Security,Competitor A,57
A00447,Integration,Competitor A,52
A00448,Database,Competitor C,49
A00448,AI & ML,Competitor C,75
A00449,Database,Competitor A,32
A00449,AI & ML,Competitor B,32
A00449,Applications,Competitor B,3
A00449,Integration,Competitor A,25
A00450,Database,Competitor A,17
A00450,Analytics & Data,Competitor D,77
A00450,AI & ML,Competitor B,24
A00451,Analytics & Data,Competitor C,22
A00451,Security,Competitor B,78
A00452,Infrastructure,Competitor A,15
A00452,Security,Competitor D,28
A00453,Infrastructure,Competitor D,46
A00453,AI & ML,Competitor B,38
A00453,Security,Competitor C,64
A00454,Security,Competitor A,46
A00454,Applications,Competitor B,12
A00454,Integration,Competitor C,48
A00455,Integration,Competitor D,96
A00458,Database,Competitor C,21
A00458,AI & ML,Competitor A,86
A00458,Security,Competitor A,17
A00458,Integration,Competitor D,42
A00459,Infrastructure,Competitor A,76
A00459,Database,Competitor C,25
A00459,Security,Competitor D,33
A00459,Integration,Competitor A,80
A00460,Infrastructure,Competitor D,65
A00460,Applications,Competitor C,19
A00462,Database,Competitor C,89
A00462,Applications,Competitor D,59
A00462,Integration,Competitor D,55
A00463,Analytics & Data,Competitor A,5
A00463,Security,Competitor B,16
A00464,Infrastructure,Competitor C,64
A00464,Database,Competitor D,59
A00464,Analytics & Data,Competitor A,86
A00464,Applications,Competitor A,25
A00465,Infrastructure,Competitor D,62
A00465,Security,Competitor B,67
A00466,Applications,Competitor D,94
A00467,Applications,Competitor A,70
A00468,AI & ML,Competitor C,21
A00468,Security,Competitor C,95
A00468,Applications,Competitor A,22
A00469,Analytics & Data,Competitor A,33
A00470,Analytics & Data,Competitor C,7
A00470,AI & ML,Competitor B,44
A00470,Applications,Competitor A,77
A00471,Infrastructure,Competitor C,68
A00471,Database,Competitor A,34
A00471,Analytics & Data,Competitor C,31
A00471,Applications,Competitor C,41
A00472,Infrastructure,Competitor B,56
A00472,Database,Competitor D,17
A00472,Analytics & Data,Competitor C,70
A00472,Integration,Competitor C,90
A00473,Analytics & Data,Competitor D,63
A00473,AI & ML,Competitor B,90
A00473,Applications,Competitor D,96
A00473,Integration,Competitor C,82
A00474,Analytics & Data,Competitor B,35
A00474,Integration,Competitor B,47
A00475,Infrastructure,Competitor B,98
A00475,AI & ML,Competitor A,65
A00476,Database,Competitor C,30
A00476,Applications,Competitor D,25
A00477,Infrastructure,Competitor D,47
A00477,Security,Competitor C,79
A00477,Integration,Competitor C,8
A00478,Infrastructure,Competitor D,23
A00478,Analytics & Data,Competitor B,27
A00478,AI & ML,Competitor B,30
A00479,Database,Competitor A,100
A00479,Analytics & Data,Competitor A,38
A00479,Security,Competitor B,34
A00479,Applications,Competitor D,56
A00480,Analytics & Data,Competitor A,52
A00481,Infrastructure,Competitor D,59
A00481,Database,Competitor B,92
A00481,Applications,Competitor D,74
A00482,AI & ML,Competitor A,64
A00483,Infrastructure,Competitor D,33
A00483,Analytics & Data,Competitor C,61
A00483,Security,Competitor C,25
A00484,Infrastructure,Competitor B,43
A00484,Database,Competitor D,39
A00484,AI & ML,Competitor A,42
A00484,Applications,Competitor C,52
A00485,Database,Competitor D,46
A00485,Security,Competitor D,44
A00487,Infrastructure,Competitor A,70
A00487,Database,Competitor B,57
A00487,Analytics & Data,Competitor C,98
A00487,AI & ML,Competitor A,89
A00487,Security,Competitor A,60
A00487,Integration,Competitor B,88
A00488,Applications,Competitor C,37
A00489,Applications,Competitor D,7
A00489,Integration,Competitor B,59
A00490,Infrastructure,Competitor B,20
A00490,Applications,Competitor B,40
A00490,Integration,Competitor D,64
A00491,Analytics & Data,Competitor C,87
A00491,AI & ML,Competitor B,33
A00491,Security,Competitor C,34
A00491,Integration,Competitor C,49
A00492,Infrastructure,Competitor C,17
A00492,Analytics & Data,Competitor C,68
A00492,AI & ML,Competitor C,15
A00492,Security,Competitor D,42
A00493,Applications,Competitor D,43
A00494,Analytics & Data,Competitor B,15
A00494,AI & ML,Competitor B,22
A00495,AI & ML,Competitor D,8
A00495,Integration,Competitor C,26
A00496,Infrastructure,Competitor C,35
A00496,Security,Competitor C,73
A00496,Applications,Competitor B,22
A00497,Database,Competitor C,60
A00497,Applications,Competitor A,64
A00498,Database,Competitor B,78
A00498,Analytics & Data,Competitor A,17
A00498,Security,Competitor D,31
A00499,Database,Competitor C,63
A00499,AI & ML,Competitor A,36
A00499,Integration,Competitor C,34
A00500,Database,Competitor B,87
A00500,Analytics & Data,Competitor D,53
A00500,Security,Competitor C,25
A00501,Analytics & Data,Competitor A,19
A00501,AI & ML,Competitor C,42
A00501,Security,Competitor A,32
A00501,Applications,Competitor A,45
A00502,Infrastructure,Competitor B,38
A00502,Analytics & Data,Competitor B,53
A00502,Security,Competitor D,6
A00502,Applications,Competitor C,55
A00503,Applications,Competitor A,65
A00503,Integration,Competitor D,26
A00504,Database,Competitor C,77
A00504,Analytics & Data,Competitor A,60
A00504,Applications,Competitor A,48
A00505,Security,Competitor C,84
A00506,Database,Competitor A,43
A00506,Security,Competitor A,27
A00506,Integration,Competitor C,42
A00507,Infrastructure,Competitor D,13
A00507,Database,Competitor C,58
A00507,Analytics & Data,Competitor D,86
A00507,AI & ML,Competitor B,43
A00508,Database,Competitor C,79
A00508,Applications,Competitor C,56
A00509,Infrastructure,Competitor D,30
A00509,Analytics & Data,Competitor C,51
A00510,Infrastructure,Competitor D,18
A00510,AI & ML,Competitor A,21
A00510,Applications,Competitor D,21
A00511,Infrastructure,Competitor A,19
A00511,Integration,Competitor B,22
A00512,AI & ML,Competitor D,38
A00512,Security,Competitor A,86
A00512,Applications,Competitor D,3
A00512,Integration,Competitor A,92
A00513,Security,Competitor C,88
A00513,Integration,Competitor A,96
A00514,Infrastructure,Competitor A,75
A00514,Applications,Competitor A,77
A00514,Integration,Competitor A,21
A00515,Infrastructure,Competitor B,72
A00515,Security,Competitor A,71
A00516,Database,Competitor A,38
A00516,Applications,Competitor A,25
A00517,Database,Competitor B,25
A00517,Analytics & Data,Competitor B,62
A00518,Database,Competitor C,32
A00518,AI & ML,Competitor D,89
A00518,Applications,Competitor A,73
A00519,Database,Competitor D,58
A00519,AI & ML,Competitor D,39
A00519,Applications,Competitor B,59
A00520,Infrastructure,Competitor A,80
A00520,Security,Competitor B,63
A00521,Security,Competitor D,26
A00521,Applications,Competitor A,90
A00522,Infrastructure,Competitor A,73
A00522,Database,Competitor B,29
A00523,Database,Competitor C,33
A00523,Analytics & Data,Competitor C,56
A00524,Database,Competitor D,70
A00524,AI & ML,Competitor A,51
A00524,Applications,Competitor C,26
A00525,Analytics & Data,Competitor C,76
A00526,Security,Competitor D,11
A00527,Infrastructure,Competitor A,12
A00527,Database,Competitor B,63
A00527,Analytics & Data,Competitor A,30
A00527,AI & ML,Competitor B,58
A00527,Integration,Competitor A,51
A00528,AI & ML,Competitor B,62
A00529,Infrastructure,Competitor B,41
A00529,Integration,Competitor A,96
A00530,Database,Competitor B,75
A00531,Database,Competitor A,62
A00531,AI & ML,Competitor A,20
A00531,Integration,Competitor D,65
A00532,Analytics & Data,Competitor D,44
A00532,AI & ML,Competitor D,22
A00532,Security,Competitor C,30
A00533,Infrastructure,Competitor B,27
A00533,Analytics & Data,Competitor C,45
A00534,Analytics & Data,Competitor B,36
A00535,Analytics & Data,Competitor D,36
A00535,Security,Competitor A,32
A00536,Infrastructure,Competitor A,72
A00536,Applications,Competitor C,30
A00537,Analytics & Data,Competitor C,82
A00537,Integration,Competitor B,63
A00539,Analytics & Data,Competitor A,64
A00540,Security,Competitor D,15
A00541,Analytics & Data,Competitor A,70
A00541,Security,Competitor C,74
A00541,Integration,Competitor D,51
A00542,AI & ML,Competitor C,87
A00543,AI & ML,Competitor D,28
A00544,Infrastructure,Competitor B,41
A00544,AI & ML,Competitor D,86
A00545,Database,Competitor D,69
A00546,Security,Competitor A,34
A00546,Applications,Competitor A,62
A00547,Infrastructure,Competitor A,78
A00547,AI & ML,Competitor C,25
A00548,Analytics & Data,Competitor A,66
A00548,Applications,Competitor A,30
A00549,AI & ML,Competitor C,42
A00549,Security,Competitor B,80
A00550,Infrastructure,Competitor D,54
A00550,Database,Competitor B,46
A00550,Analytics & Data,Competitor B,44
A00550,Integration,Competitor B,28
A00551,Integration,Competitor B,33
A00552,Infrastructure,Competitor D,36
A00552,Database,Competitor C,15
A00552,Security,Competitor A,8
A00553,Infrastructure,Competitor B,47
A00553,Database,Competitor A,81
A00553,AI & ML,Competitor A,84
A00553,Applications,Competitor B,82
A00554,Security,Competitor C,75
A00554,Applications,Competitor B,77
A00556,AI & ML,Competitor A,34
A00557,Database,Competitor A,51
A00557,Analytics & Data,Competitor D,89
A00557,Security,Competitor B,100
A00557,Applications,Competitor B,59
A00559,Applications,Competitor C,81
A00560,Database,Competitor C,22
A00560,Analytics & Data,Competitor B,72
A00560,AI & ML,Competitor B,89
A00561,Analytics & Data,Competitor B,36
A00561,Integration,Competitor D,66
A00563,Infrastructure,Competitor D,84
A00563,Analytics & Data,Competitor A,69
A00563,Applications,Competitor A,33
A00563,Integration,Competitor B,15
A00564,Infrastructure,Competitor B,77
A00564,Database,Competitor A,59
A00564,AI & ML,Competitor D,70
A00564,Security,Competitor A,67
A00565,Infrastructure,Competitor B,66
A00565,Database,Competitor B,34
A00565,Analytics & Data,Competitor A,94
A00565,AI & ML,Competitor A,61
A00565,Applications,Competitor D,46
A00566,Analytics & Data,Competitor C,35
A00566,AI & ML,Competitor A,31
A00566,Applications,Competitor C,13
A00567,Infrastructure,Competitor A,73
A00567,Security,Competitor C,80
A00569,Infrastructure,Competitor C,88
A00569,Database,Competitor A,100
A00569,Security,Competitor C,74
A00569,Applications,Competitor C,10
A00569,Integration,Competitor D,38
A00570,Database,Competitor A,51
A00570,Integration,Competitor C,67
A00571,Infrastructure,Competitor B,48
A00571,Analytics & Data,Competitor A,33
A00571,Security,Competitor B,26
A00573,AI & ML,Competitor B,73
A00573,Integration,Competitor D,96
A00574,Database,Competitor C,39
A00574,AI & ML,Competitor A,9
A00575,Database,Competitor A,82
A00575,Security,Competitor B,40
A00576,AI & ML,Competitor D,66
A00576,Applications,Competitor C,32
A00578,Database,Competitor D,20
A00578,AI & ML,Competitor B,83
A00578,Applications,Competitor D,72
A00579,Database,Competitor C,27
A00579,AI & ML,Competitor C,68
A00580,Database,Competitor D,90
A00580,Analytics & Data,Competitor B,42
A00580,Security,Competitor C,59
A00580,Applications,Competitor C,43
A00581,Analytics & Data,Competitor C,21
A00581,Security,Competitor D,15
A00582,Database,Competitor B,47
A00582,Analytics & Data,Competitor B,22
A00582,Security,Competitor C,24
A00583,Database,Competitor B,78
A00583,Analytics & Data,Competitor D,10
A00584,Applications,Competitor C,13
A00585,Infrastructure,Competitor B,47
A00585,Database,Competitor C,23
A00585,Analytics & Data,Competitor A,15
A00585,Security,Competitor C,13
A00586,Infrastructure,Competitor A,60
A00586,Security,Competitor B,23
A00586,Applications,Competitor A,25
A00587,Analytics & Data,Competitor D,43
A00587,AI & ML,Competitor A,100
A00588,Database,Competitor A,30
A00588,Analytics & Data,Competitor A,100
A00588,Security,Competitor A,17
A00589,Analytics & Data,Competitor C,16
A00589,AI & ML,Competitor D,29
A00589,Security,Competitor D,89
A00590,Analytics & Data,Competitor C,62
A00590,Security,Competitor A,64
A00590,Applications,Competitor A,39
A00591,Infrastructure,Competitor C,30
A00591,Database,Competitor A,83
A00591,Analytics & Data,Competitor D,68
A00591,AI & ML,Competitor A,47
A00591,Security,Competitor C,16
A00591,Applications,Competitor D,37
A00591,Integration,Competitor B,81
A00592,Database,Competitor A,35
A00592,AI & ML,Competitor A,20
A00592,Security,Competitor A,83
A00593,Database,Competitor A,42
A00594,Database,Competitor D,43
A00594,Analytics & Data,Competitor C,30
A00594,Applications,Competitor B,25
A00595,Analytics & Data,Competitor B,39
A00595,AI & ML,Competitor A,9
A00595,Applications,Competitor C,78
A00596,Analytics & Data,Competitor B,25
A00598,Infrastructure,Competitor C,51
A00598,AI & ML,Competitor B,25
A00598,Applications,Competitor C,90
A00599,Analytics & Data,Competitor A,32
A00599,Security,Competitor B,26
A00599,Integration,Competitor C,40
A00600,Analytics & Data,Competitor B,35
A00601,Database,Competitor D,75
A00601,Analytics & Data,Competitor D,69
A00601,Security,Competitor A,67
A00602,Database,Competitor C,27
A00602,Security,Competitor B,62
A00602,Integration,Competitor D,20
A00603,AI & ML,Competitor C,65
A00603,Security,Competitor A,84
A00603,Integration,Competitor B,35
A00604,Infrastructure,Competitor C,32
A00604,Integration,Competitor A,37
A00605,Database,Competitor A,86
A00605,AI & ML,Competitor D,40
A00605,Security,Competitor A,74
A00606,Infrastructure,Competitor C,93
A00606,Database,Competitor B,57
A00606,AI & ML,Competitor B,25
A00606,Applications,Competitor B,32
A00608,Infrastructure,Competitor A,56
A00608,Database,Competitor C,28
A00609,Infrastructure,Competitor B,21
A00609,Database,Competitor D,9
A00609,Security,Competitor D,31
A00609,Integration,Competitor A,22
A00610,Infrastructure,Competitor B,11
A00610,AI & ML,Competitor A,64
A00610,Security,Competitor C,34
A00610,Applications,Competitor A,90
A00610,Integration,Competitor A,30
A00611,Analytics & Data,Competitor D,73
A00611,AI & ML,Competitor C,74
A00611,Security,Competitor B,21
A00611,Integration,Competitor D,100
A00612,Applications,Competitor C,50
A00613,Database,Competitor A,70
A00613,AI & ML,Competitor A,29
A00613,Applications,Competitor A,85
A00614,Infrastructure,Competitor C,88
A00614,Analytics & Data,Competitor A,16
A00614,AI & ML,Competitor C,19
A00614,Security,Competitor C,10
A00615,Database,Competitor A,74
A00616,Database,Competitor B,55
A00616,Analytics & Data,Competitor C,56
A00616,Security,Competitor C,89
A00617,Database,Competitor A,44
A00617,AI & ML,Competitor B,93
A00617,Security,Competitor A,100
A00617,Integration,Competitor B,31
A00619,Integration,Competitor B,10
A00620,Database,Competitor D,19
A00622,Database,Competitor D,31
A00622,Integration,Competitor C,71
A00623,Analytics & Data,Competitor D,27
A00623,AI & ML,Competitor B,91
A00623,Security,Competitor C,73
A00624,AI & ML,Competitor C,51
A00625,Infrastructure,Competitor D,56
A00625,Applications,Competitor A,12
A00625,Integration,Competitor D,82
A00626,Infrastructure,Competitor D,36
A00626,Analytics & Data,Competitor A,44
A00626,AI & ML,Competitor C,28
A00626,Integration,Competitor C,71
A00627,Analytics & Data,Competitor D,64
A00627,Applications,Competitor C,84
A00627,Integration,Competitor B,29
A00628,Infrastructure,Competitor D,61
A00628,Database,Competitor C,89
A00628,Analytics & Data,Competitor C,76
A00628,Security,Competitor A,100
A00629,Database,Competitor B,26
A00629,Analytics & Data,Competitor A,24
A00629,Security,Competitor D,26
A00630,Infrastructure,Competitor C,34
A00630,Applications,Competitor C,82
A00631,AI & ML,Competitor B,25
A00631,Security,Competitor D,80
A00632,Infrastructure,Competitor C,82
A00632,Analytics & Data,Competitor A,41
A00632,AI & ML,Competitor A,83
A00632,Applications,Competitor B,67
A00633,AI & ML,Competitor C,59
A00633,Security,Competitor D,41
A00634,Infrastructure,Competitor D,78
A00634,Analytics & Data,Competitor B,66
A00634,AI & ML,Competitor C,26
A00634,Security,Competitor D,85
A00635,Infrastructure,Competitor C,37
A00635,Database,Competitor B,78
A00635,AI & ML,Competitor A,15
A00636,Infrastructure,Competitor D,37
A00636,Database,Competitor A,35
A00637,Database,Competitor C,35
A00637,Analytics & Data,Competitor D,27
A00637,Applications,Competitor A,79
A00639,Infrastructure,Competitor B,60
A00639,Analytics & Data,Competitor B,65
A00639,Applications,Competitor D,15
A00641,Analytics & Data,Competitor C,68
A00641,Security,Competitor B,76
A00641,Applications,Competitor B,35
A00642,Analytics & Data,Competitor A,44
A00643,Security,Competitor A,68
A00643,Applications,Competitor B,92
A00643,Integration,Competitor B,52
A00644,Analytics & Data,Competitor D,94
A00644,Applications,Competitor A,34
A00645,Infrastructure,Competitor A,13
A00645,AI & ML,Competitor A,32
A00645,Security,Competitor B,33
A00646,AI & ML,Competitor A,76
A00647,Analytics & Data,Competitor D,25
A00647,Security,Competitor D,31
A00647,Applications,Competitor A,47
A00648,Infrastructure,Competitor C,57
A00648,Analytics & Data,Competitor B,49
A00649,Security,Competitor B,70
A00649,Integration,Competitor C,79
A00650,Applications,Competitor D,14
A00650,Integration,Competitor C,45
A00651,Infrastructure,Competitor B,78
A00651,Security,Competitor D,8
A00652,Database,Competitor D,29
A00652,AI & ML,Competitor C,26
A00652,Security,Competitor B,39
A00653,Security,Competitor B,68
A00653,Applications,Competitor C,83
A00654,Database,Competitor D,64
A00655,Integration,Competitor D,43
A00656,AI & ML,Competitor A,10
A00656,Security,Competitor A,36
A00657,Database,Competitor A,61
A00657,Security,Competitor D,55
A00657,Applications,Competitor B,56
A00657,Integration,Competitor A,31
A00658,Database,Competitor B,50
A00658,Analytics & Data,Competitor D,16
A00658,AI & ML,Competitor A,74
A00658,Applications,Competitor B,0
A00659,Analytics & Data,Competitor B,38
A00660,Applications,Competitor A,47
A00661,Security,Competitor B,57
A00662,Infrastructure,Competitor D,52
A00662,Security,Competitor C,20
A00663,Database,Competitor C,27
A00663,Analytics & Data,Competitor D,81
A00663,AI & ML,Competitor A,64
A00663,Security,Competitor C,100
A00663,Applications,Competitor D,68
A00663,Integration,Competitor D,14
A00664,Infrastructure,Competitor B,4
A00664,Analytics & Data,Competitor C,30
A00664,AI & ML,Competitor A,34
A00664,Applications,Competitor D,86
A00665,Analytics & Data,Competitor C,43
A00665,Security,Competitor C,72
A00665,Applications,Competitor C,21
A00666,Analytics & Data,Competitor B,50
A00666,Security,Competitor B,43
A00667,Security,Competitor D,93
A00668,AI & ML,Competitor C,89
A00668,Applications,Competitor D,83
A00669,Analytics & Data,Competitor D,98
A00670,Infrastructure,Competitor B,78
A00670,AI & ML,Competitor C,7
A00670,Integration,Competitor C,67
A00671,Analytics & Data,Competitor B,20
A00672,Infrastructure,Competitor A,27
A00672,Applications,Competitor B,62
A00672,Integration,Competitor A,33
A00673,Infrastructure,Competitor B,48
A00673,Database,Competitor B,7
A00673,Analytics & Data,Competitor A,57
A00673,AI & ML,Competitor B,60
A00673,Integration,Competitor D,39
A00674,Database,Competitor D,35
A00674,AI & ML,Competitor B,66
A00674,Security,Competitor A,34
A00674,Applications,Competitor D,40
A00675,Infrastructure,Competitor B,74
A00675,Security,Competitor B,89
A00675,Applications,Competitor C,17
A00675,Integration,Competitor D,7
A00676,Applications,Competitor A,100
A00677,Database,Competitor A,67
A00677,AI & ML,Competitor D,91
A00678,AI & ML,Competitor B,52
A00678,Integration,Competitor B,79
A00679,Infrastructure,Competitor A,22
A00679,Applications,Competitor A,60
A00680,Analytics & Data,Competitor A,7
A00680,Applications,Competitor B,83
A00681,Security,Competitor A,66
A00681,Applications,Competitor A,37
A00682,Database,Competitor A,63
A00682,Security,Competitor D,43
A00683,Infrastructure,Competitor A,64
A00683,Database,Competitor D,54
A00683,Integration,Competitor D,50
A00684,Infrastructure,Competitor C,32
A00684,Analytics & Data,Competitor D,10
A00685,Analytics & Data,Competitor A,26
A00686,Database,Competitor B,77
A00686,Security,Competitor C,32
A00686,Applications,Competitor D,34
A00687,Applications,Competitor C,25
A00687,Integration,Competitor B,31
A00688,Analytics & Data,Competitor D,80
A00688,Applications,Competitor B,35
A00689,Database,Competitor A,65
A00689,Analytics & Data,Competitor C,27
A00690,Database,Competitor D,61
A00690,AI & ML,Competitor D,32
A00690,Security,Competitor C,61
A00690,Applications,Competitor B,46
A00690,Integration,Competitor B,64
A00691,Infrastructure,Competitor B,70
A00691,Analytics & Data,Competitor B,94
A00691,Integration,Competitor B,21
A00692,AI & ML,Competitor C,42
A00692,Security,Competitor C,54
A00693,AI & ML,Competitor A,18
A00694,AI & ML,Competitor C,23
A00694,Security,Competitor D,16
A00695,AI & ML,Competitor C,48
A00695,Security,Competitor B,10
A00695,Applications,Competitor A,78
A00695,Integration,Competitor B,25
A00696,Infrastructure,Competitor D,66
A00697,Infrastructure,Competitor D,73
A00697,Database,Competitor D,40
A00697,AI & ML,Competitor A,39
A00698,AI & ML,Competitor D,79
A00699,Database,Competitor D,94
A00699,Applications,Competitor D,66
A00699,Integration,Competitor B,49
A00700,Database,Competitor D,54
A00700,Security,Competitor C,7
A00701,AI & ML,Competitor D,65
A00701,Applications,Competitor B,54
A00701,Integration,Competitor B,20
A00703,Analytics & Data,Competitor C,30
A00703,Integration,Competitor B,27
A00705,Integration,Competitor A,83
A00706,AI & ML,Competitor D,74
A00706,Integration,Competitor B,25
A00707,Database,Competitor B,55
A00707,AI & ML,Competitor A,58
A00708,Infrastructure,Competitor C,69
A00708,AI & ML,Competitor B,83
A00709,Analytics & Data,Competitor D,7
A00710,Database,Competitor A,37
A00710,Analytics & Data,Competitor C,48
A00710,Security,Competitor B,35
A00711,Infrastructure,Competitor C,45
A00711,Security,Competitor C,11
A00711,Applications,Competitor C,53
A00712,Infrastructure,Competitor A,14
A00712,Analytics & Data,Competitor C,39
A00713,Infrastructure,Competitor D,36
A00713,Database,Competitor C,49
A00713,Analytics & Data,Competitor A,66
A00714,Infrastructure,Competitor C,70
A00714,AI & ML,Competitor A,52
A00714,Applications,Competitor A,91
A00714,Integration,Competitor A,99
A00715,Infrastructure,Competitor B,48
A00715,Database,Competitor A,46
A00715,Applications,Competitor C,36
A00716,Database,Competitor C,25
A00717,Analytics & Data,Competitor C,78
A00717,AI & ML,Competitor B,47
A00717,Applications,Competitor A,44
A00717,Integration,Competitor A,29
A00718,Infrastructure,Competitor A,74
A00718,Database,Competitor B,93
A00718,AI & ML,Competitor C,44
A00718,Security,Competitor B,77
A00718,Applications,Competitor A,91
A00719,Analytics & Data,Competitor B,79
A00720,Infrastructure,Competitor B,37
A00720,Analytics & Data,Competitor C,37
A00720,Security,Competitor A,43
A00721,Database,Competitor B,31
A00721,Analytics & Data,Competitor C,29
A00721,AI & ML,Competitor D,80
A00721,Applications,Competitor D,18
A00722,Database,Competitor C,38
A00722,AI & ML,Competitor B,31
A00722,Security,Competitor B,84
A00722,Integration,Competitor D,100
A00723,Analytics & Data,Competitor A,100
A00723,Applications,Competitor C,25
A00724,Database,Competitor C,23
A00724,Security,Competitor A,51
A00724,Integration,Competitor C,67
A00725,Analytics & Data,Competitor A,35
A00725,Integration,Competitor A,43
A00726,Database,Competitor C,25
A00728,Database,Competitor A,23
A00729,AI & ML,Competitor B,29
A00729,Integration,Competitor B,1
A00730,Analytics & Data,Competitor B,21
A00730,Security,Competitor D,15
A00730,Applications,Competitor B,53
A00731,Applications,Competitor D,52
A00731,Integration,Competitor C,83
A00732,Analytics & Data,Competitor D,31
A00732,Security,Competitor A,56
A00732,Integration,Competitor C,34
A00733,Security,Competitor B,58
A00733,Integration,Competitor C,66
A00734,Infrastructure,Competitor C,32
A00734,AI & ML,Competitor C,52
A00734,Security,Competitor A,34
A00734,Integration,Competitor C,86
A00735,Applications,Competitor A,65
A00735,Integration,Competitor B,51
A00736,Database,Competitor B,74
A00736,Applications,Competitor C,63
A00737,Infrastructure,Competitor B,93
A00737,Database,Competitor C,91
A00738,Integration,Competitor D,4
A00739,Analytics & Data,Competitor D,4
A00739,AI & ML,Competitor B,90
A00740,AI & ML,Competitor A,80
A00741,AI & ML,Competitor D,1
A00741,Security,Competitor C,18
A00742,Infrastructure,Competitor B,45
A00742,AI & ML,Competitor C,37
A00742,Security,Competitor D,2
A00743,Analytics & Data,Competitor A,22
A00743,AI & ML,Competitor B,70
A00743,Security,Competitor A,70
A00743,Integration,Competitor A,28
A00744,Database,Competitor B,47
A00745,Database,Competitor B,92
A00745,Integration,Competitor D,43
A00746,Infrastructure,Competitor A,17
A00746,AI & ML,Competitor C,31
A00746,Applications,Competitor D,26
A00746,Integration,Competitor A,30
A00747,Infrastructure,Competitor B,70
A00747,Database,Competitor B,41
A00747,Analytics & Data,Competitor C,52
A00747,Security,Competitor C,83
A00747,Applications,Competitor B,71
A00747,Integration,Competitor B,85
A00748,Security,Competitor C,37
A00748,Applications,Competitor A,46
A00749,Infrastructure,Competitor B,38
A00749,Analytics & Data,Competitor A,100
A00749,Applications,Competitor D,84
A00750,Infrastructure,Competitor A,30
A00750,Analytics & Data,Competitor C,43
A00750,Security,Competitor C,56
A00750,Integration,Competitor A,22
A00752,Security,Competitor B,3
A00754,Security,Competitor B,43
A00755,AI & ML,Competitor B,66
A00756,Infrastructure,Competitor D,77
A00756,AI & ML,Competitor A,68
A00756,Security,Competitor C,19
A00757,Security,Competitor D,83
A00757,Integration,Competitor B,18
A00758,Analytics & Data,Competitor D,73
A00758,Integration,Competitor D,38
A00759,Database,Competitor C,77
A00759,Applications,Competitor A,34
A00760,Infrastructure,Competitor B,26
A00760,Database,Competitor C,19
A00760,Analytics & Data,Competitor B,67
A00760,Integration,Competitor D,33
A00762,Database,Competitor C,35
A00762,Security,Competitor C,37
A00763,Infrastructure,Competitor B,65
A00763,AI & ML,Competitor D,66
A00763,Security,Competitor D,18
A00763,Integration,Competitor C,93
A00764,Infrastructure,Competitor C,35
A00764,Analytics & Data,Competitor A,36
A00764,Applications,Competitor C,28
A00766,Infrastructure,Competitor D,41
A00766,Database,Competitor C,79
A00766,AI & ML,Competitor A,30
A00766,Security,Competitor C,66
A00766,Applications,Competitor B,62
A00767,Applications,Competitor C,29
A00767,Integration,Competitor B,40
A00768,Database,Competitor D,58
A00768,Analytics & Data,Competitor A,63
A00769,Database,Competitor A,89
A00770,Infrastructure,Competitor D,61
A00770,Database,Competitor B,82
A00771,Infrastructure,Competitor D,50
A00771,Database,Competitor D,12
A00771,Security,Competitor A,96
A00771,Applications,Competitor B,7
A00771,Integration,Competitor C,58
A00772,AI & ML,Competitor C,61
A00772,Integration,Competitor B,92
A00774,Infrastructure,Competitor B,81
A00774,Analytics & Data,Competitor D,58
A00774,AI & ML,Competitor A,65
A00775,Database,Competitor C,50
A00775,Integration,Competitor C,9
A00776,Database,Competitor B,86
A00776,Analytics & Data,Competitor B,59
A00778,Database,Competitor B,57
A00778,Security,Competitor D,36
A00779,Infrastructure,Competitor B,22
A00779,Database,Competitor C,43
A00779,Security,Competitor D,53
A00779,Applications,Competitor B,60
A00780,Infrastructure,Competitor C,89
A00780,Analytics & Data,Competitor C,69
A00780,Integration,Competitor B,76
A00781,Infrastructure,Competitor D,92
A00781,Security,Competitor B,22
A00781,Applications,Competitor C,53
A00781,Integration,Competitor B,61
A00782,AI & ML,Competitor A,62
A00782,Security,Competitor C,44
A00782,Integration,Competitor C,28
A00783,Infrastructure,Competitor B,43
A00783,AI & ML,Competitor D,27
A00784,Infrastructure,Competitor C,100
A00784,Database,Competitor C,63
A00785,Infrastructure,Competitor B,90
A00785,Database,Competitor D,43
A00785,Analytics & Data,Competitor C,54
A00785,Applications,Competitor B,98
A00786,Security,Competitor A,53
A00786,Applications,Competitor C,26
A00786,Integration,Competitor D,92
A00787,Infrastructure,Competitor A,43
A00787,Database,Competitor C,69
A00787,Analytics & Data,Competitor A,49
A00787,Security,Competitor B,38
A00787,Applications,Competitor C,40
A00787,Integration,Competitor A,16
A00788,Database,Competitor C,95
A00788,Analytics & Data,Competitor A,42
A00788,AI & ML,Competitor B,32
A00788,Security,Competitor B,26
A00788,Integration,Competitor B,43
A00789,Analytics & Data,Competitor A,76
A00789,Applications,Competitor A,61
A00789,Integration,Competitor C,24
A00790,Security,Competitor B,77
A00790,Applications,Competitor B,84
A00791,AI & ML,Competitor C,52
A00791,Security,Competitor D,81
A00791,Applications,Competitor C,33
A00792,Security,Competitor A,64
A00793,Analytics & Data,Competitor B,66
A00793,AI & ML,Competitor D,80
A00793,Applications,Competitor B,21
A00794,Database,Competitor C,37
A00795,Infrastructure,Competitor C,55
A00795,Database,Competitor D,39
A00795,Integration,Competitor A,87
A00796,Database,Competitor A,29
A00796,Applications,Competitor C,59
A00796,Integration,Competitor B,50
A00797,Infrastructure,Competitor A,82
A00797,Database,Competitor A,21
A00797,Security,Competitor D,45
A00797,Applications,Competitor B,53
A00798,Analytics & Data,Competitor B,35
A00798,Integration,Competitor C,21
A00799,Applications,Competitor D,84
A00799,Integration,Competitor D,41
A00800,Integration,Competitor B,81
A00801,Infrastructure,Competitor A,33
A00801,Security,Competitor C,57
A00802,Infrastructure,Competitor A,54
A00802,Database,Competitor A,48
A00802,Integration,Competitor A,65
A00803,Infrastructure,Competitor B,45
A00803,Analytics & Data,Competitor A,75
A00803,Applications,Competitor C,45
A00803,Integration,Competitor A,99
A00804,Infrastructure,Competitor D,36
A00804,Database,Competitor B,35
A00805,Infrastructure,Competitor B,91
A00805,Database,Competitor C,7
A00805,Analytics & Data,Competitor C,29
A00805,AI & ML,Competitor B,26
A00806,Analytics & Data,Competitor B,59
A00806,AI & ML,Competitor A,71
A00806,Integration,Competitor C,67
A00807,Security,Competitor C,25
A00808,Infrastructure,Competitor B,75
A00808,AI & ML,Competitor A,17
A00809,Analytics & Data,Competitor C,26
A00809,Applications,Competitor A,30
A00810,Database,Competitor C,61
A00810,Analytics & Data,Competitor B,81
A00811,Infrastructure,Competitor D,30
A00811,Database,Competitor D,29
A00811,Applications,Competitor C,27
A00812,Analytics & Data,Competitor B,17
A00812,Security,Competitor D,29
A00812,Applications,Competitor B,12
A00813,Applications,Competitor A,52
A00814,Integration,Competitor C,68
A00815,Security,Competitor A,28
A00816,Infrastructure,Competitor B,23
A00817,Integration,Competitor B,59
A00818,Database,Competitor A,27
A00818,Security,Competitor C,18
A00818,Integration,Competitor B,72
A00819,Database,Competitor A,72
A00819,Analytics & Data,Competitor B,13
A00819,Applications,Competitor C,71
A00819,Integration,Competitor B,58
A00820,Database,Competitor C,30
A00820,Analytics & Data,Competitor B,26
A00820,AI & ML,Competitor B,25
A00821,Infrastructure,Competitor A,83
A00821,Database,Competitor B,51
A00821,Analytics & Data,Competitor B,57
A00821,AI & ML,Competitor A,36
A00822,Infrastructure,Competitor C,54
A00822,Analytics & Data,Competitor D,60
A00822,AI & ML,Competitor D,55
A00822,Integration,Competitor B,97
A00823,Infrastructure,Competitor B,54
A00823,Analytics & Data,Competitor D,25
A00824,Infrastructure,Competitor B,77
A00824,Security,Competitor B,12
A00824,Integration,Competitor C,95
A00825,Analytics & Data,Competitor C,96
A00825,Applications,Competitor A,67
A00826,Infrastructure,Competitor B,38
A00826,Security,Competitor A,35
A00827,Database,Competitor C,34
A00827,AI & ML,Competitor B,44
A00827,Applications,Competitor D,40
A00828,Infrastructure,Competitor C,49
A00828,AI & ML,Competitor A,7
A00828,Integration,Competitor B,50
A00829,AI & ML,Competitor D,17
A00829,Security,Competitor A,26
A00830,Infrastructure,Competitor B,69
A00830,Database,Competitor A,50
A00830,Analytics & Data,Competitor B,39
A00830,Applications,Competitor A,40
A00831,Infrastructure,Competitor B,13
A00832,AI & ML,Competitor C,34
A00832,Applications,Competitor D,56
A00833,Database,Competitor A,27
A00834,Analytics & Data,Competitor B,23
A00835,Analytics & Data,Competitor B,59
A00835,AI & ML,Competitor C,55
A00835,Integration,Competitor B,13
A00836,Analytics & Data,Competitor D,46
A00836,Applications,Competitor C,71
A00837,AI & ML,Competitor A,34
A00837,Integration,Competitor C,22
A00838,Analytics & Data,Competitor B,94
A00838,Security,Competitor C,13
A00838,Applications,Competitor C,41
A00838,Integration,Competitor D,44
A00839,Infrastructure,Competitor C,86
A00839,Database,Competitor A,100
A00839,Analytics & Data,Competitor D,82
A00839,AI & ML,Competitor B,50
A00839,Applications,Competitor B,45
A00840,Infrastructure,Competitor A,49
A00840,Security,Competitor C,15
A00841,Infrastructure,Competitor A,22
A00841,Applications,Competitor D,55
A00842,Infrastructure,Competitor D,61
A00842,Database,Competitor B,33
A00842,Security,Competitor A,29
A00842,Integration,Competitor D,44
A00843,Database,Competitor A,43
A00844,AI & ML,Competitor B,65
A00845,Infrastructure,Competitor D,44
A00846,Security,Competitor C,100
A00846,Integration,Competitor C,18
A00847,Analytics & Data,Competitor B,20
A00847,AI & ML,Competitor A,81
A00848,AI & ML,Competitor B,76
A00848,Security,Competitor D,79
A00850,Analytics & Data,Competitor B,27
A00850,Security,Competitor A,13
A00851,Infrastructure,Competitor D,76
A00851,Database,Competitor B,26
A00851,Analytics & Data,Competitor D,99
A00852,Infrastructure,Competitor D,79
A00852,Analytics & Data,Competitor C,50
A00852,Integration,Competitor B,52
A00853,Database,Competitor D,40
A00853,Security,Competitor A,46
A00854,Infrastructure,Competitor C,70
A00855,Infrastructure,Competitor B,41
A00855,Database,Competitor C,58
A00856,Infrastructure,Competitor A,7
A00856,Analytics & Data,Competitor B,47
A00856,AI & ML,Competitor B,30
A00856,Security,Competitor B,30
A00857,Analytics & Data,Competitor D,62
A00857,Security,Competitor A,87
A00857,Applications,Competitor D,21
A00858,Infrastructure,Competitor C,60
A00858,AI & ML,Competitor C,54
A00858,Security,Competitor D,86
A00858,Applications,Competitor A,79
A00858,Integration,Competitor D,40
A00859,Applications,Competitor D,47
A00860,Infrastructure,Competitor B,44
A00860,Analytics & Data,Competitor A,60
A00860,Applications,Competitor C,100
A00861,Database,Competitor B,60
A00861,AI & ML,Competitor A,31
A00861,Applications,Competitor B,30
A00862,Infrastructure,Competitor A,72
A00862,AI & ML,Competitor C,28
A00862,Security,Competitor A,46
A00862,Applications,Competitor D,65
A00863,Integration,Competitor C,33
A00864,Database,Competitor C,84
A00864,Analytics & Data,Competitor D,27
A00864,AI & ML,Competitor A,39
A00864,Applications,Competitor D,31
A00865,Database,Competitor A,88
A00865,Integration,Competitor B,95
A00866,Database,Competitor C,29
A00866,AI & ML,Competitor D,69
A00866,Integration,Competitor C,66
A00867,Database,Competitor C,27
A00867,AI & ML,Competitor B,59
A00867,Applications,Competitor C,73
A00867,Integration,Competitor D,87
A00868,Analytics & Data,Competitor A,17
A00868,Integration,Competitor D,28
A00869,Integration,Competitor B,34
A00870,Analytics & Data,Competitor A,21
A00870,Applications,Competitor A,30
A00871,Infrastructure,Competitor D,61
A00871,Applications,Competitor B,69
A00872,Analytics & Data,Competitor A,26
A00872,AI & ML,Competitor B,91
A00872,Security,Competitor D,76
A00872,Integration,Competitor B,84
A00873,Integration,Competitor D,94
A00874,Infrastructure,Competitor A,49
A00874,Analytics & Data,Competitor B,71
A00877,Security,Competitor C,50
A00880,Database,Competitor D,55
A00880,Analytics & Data,Competitor B,42
A00880,Security,Competitor C,22
A00881,Database,Competitor C,51
A00881,Analytics & Data,Competitor B,37
A00881,Security,Competitor A,33
A00882,Security,Competitor B,27
A00882,Applications,Competitor B,13
A00883,Analytics & Data,Competitor B,93
A00883,Integration,Competitor A,100
A00884,Database,Competitor B,54
A00884,AI & ML,Competitor D,68
A00885,Database,Competitor A,51
A00885,AI & ML,Competitor B,66
A00885,Security,Competitor A,14
A00886,Database,Competitor A,27
A00886,Analytics & Data,Competitor D,38
A00886,Security,Competitor A,100
A00887,AI & ML,Competitor A,50
A00887,Integration,Competitor B,28
A00888,Infrastructure,Competitor C,32
A00888,Analytics & Data,Competitor A,24
A00888,Security,Competitor D,22
A00889,AI & ML,Competitor D,58
A00889,Integration,Competitor D,64
A00890,AI & ML,Competitor A,60
A00891,Analytics & Data,Competitor A,54
A00891,Integration,Competitor C,50
A00893,Infrastructure,Competitor C,32
A00893,AI & ML,Competitor C,45
A00893,Applications,Competitor D,44
A00893,Integration,Competitor C,1
A00894,Security,Competitor B,77
A00895,Analytics & Data,Competitor A,1
A00895,Security,Competitor A,32
A00895,Applications,Competitor A,40
A00896,AI & ML,Competitor A,28
A00896,Security,Competitor A,31
A00896,Applications,Competitor B,45
A00896,Integration,Competitor B,34
A00897,Database,Competitor B,69
A00897,AI & ML,Competitor D,53
A00898,Database,Competitor C,44
A00898,Applications,Competitor C,24
A00898,Integration,Competitor B,31
A00899,Analytics & Data,Competitor D,18
A00899,AI & ML,Competitor B,48
A00900,Infrastructure,Competitor B,34
A00900,Database,Competitor B,53
A00902,Database,Competitor A,22
A00902,Security,Competitor A,30
A00902,Applications,Competitor B,94
A00903,Security,Competitor D,17
A00903,Integration,Competitor D,9
A00904,Infrastructure,Competitor A,82
A00904,Integration,Competitor C,2
A00905,Infrastructure,Competitor D,29
A00905,AI & ML,Competitor C,26
A00906,Security,Competitor C,59
A00906,Integration,Competitor D,35
A00907,Analytics & Data,Competitor A,77
A00908,Infrastructure,Competitor A,61
A00908,Database,Competitor C,40
A00908,Applications,Competitor C,68
A00909,Infrastructure,Competitor A,16
A00909,Integration,Competitor A,88
A00910,Database,Competitor D,13
A00910,Analytics & Data,Competitor C,70
A00910,Security,Competitor B,94
A00910,Integration,Competitor C,28
A00911,AI & ML,Competitor A,10
A00912,Applications,Competitor D,40
A00913,Infrastructure,Competitor A,34
A00913,Integration,Competitor B,82
A00914,Database,Competitor D,52
A00914,AI & ML,Competitor B,76
A00914,Security,Competitor B,15
A00915,Infrastructure,Competitor A,74
A00915,Applications,Competitor A,29
A00916,Infrastructure,Competitor A,33
A00916,AI & ML,Competitor A,68
A00916,Security,Competitor B,52
A00916,Applications,Competitor A,58
A00918,Analytics & Data,Competitor C,38
A00918,Applications,Competitor D,60
A00919,Database,Competitor D,42
A00919,Applications,Competitor B,36
A00919,Integration,Competitor C,33
A00920,Infrastructure,Competitor A,100
A00920,Database,Competitor B,66
A00920,Analytics & Data,Competitor A,72
A00920,Security,Competitor A,13
A00921,Applications,Competitor C,79
A00922,AI & ML,Competitor A,43
A00924,Infrastructure,Competitor D,30
A00924,Analytics & Data,Competitor A,89
A00924,Security,Competitor A,34
A00924,Applications,Competitor A,54
A00925,Analytics & Data,Competitor C,20
A00926,Analytics & Data,Competitor C,40
A00926,Security,Competitor D,84
A00926,Integration,Competitor C,36
A00928,Infrastructure,Competitor B,45
A00928,Analytics & Data,Competitor C,33
A00928,AI & ML,Competitor B,68
A00928,Applications,Competitor D,22
A00928,Integration,Competitor B,0
A00929,Database,Competitor A,82
A00930,Analytics & Data,Competitor C,47
A00930,Security,Competitor C,13
A00930,Integration,Competitor A,31
A00931,Analytics & Data,Competitor C,36
A00931,Integration,Competitor D,31
A00932,Database,Competitor B,52
A00932,AI & ML,Competitor D,22
A00933,Infrastructure,Competitor B,28
A00933,Analytics & Data,Competitor C,89
A00933,Security,Competitor A,44
A00933,Applications,Competitor C,48
A00933,Integration,Competitor B,62
A00934,Infrastructure,Competitor D,40
A00934,Database,Competitor A,36
A00934,Analytics & Data,Competitor A,37
A00934,Integration,Competitor A,23
A00935,Analytics & Data,Competitor C,48
A00935,AI & ML,Competitor C,72
A00935,Security,Competitor B,10
A00936,AI & ML,Competitor A,62
A00936,Security,Competitor B,61
A00936,Integration,Competitor D,88
A00937,Analytics & Data,Competitor D,27
A00937,AI & ML,Competitor A,80
A00938,Analytics & Data,Competitor D,89
A00938,Integration,Competitor B,60
A00940,Infrastructure,Competitor B,97
A00940,Database,Competitor A,25
A00940,Analytics & Data,Competitor B,22
A00940,Integration,Competitor A,19
A00941,Infrastructure,Competitor C,24
A00942,AI & ML,Competitor D,20
A00942,Applications,Competitor D,9
A00943,Infrastructure,Competitor B,28
A00944,Infrastructure,Competitor A,46
A00944,Analytics & Data,Competitor A,38
A00944,AI & ML,Competitor A,37
A00944,Security,Competitor B,5
A00945,Analytics & Data,Competitor D,87
A00946,Infrastructure,Competitor B,29
A00946,Applications,Competitor D,6
A00946,Integration,Competitor C,61
A00947,Infrastructure,Competitor B,78
A00948,Infrastructure,Competitor D,29
A00948,Security,Competitor D,48
A00948,Integration,Competitor D,36
A00949,Integration,Competitor C,33
A00951,Infrastructure,Competitor B,87
A00951,Database,Competitor B,20
A00951,Analytics & Data,Competitor C,15
A00951,Security,Competitor D,35
A00952,Security,Competitor B,33
A00952,Applications,Competitor C,16
A00953,Analytics & Data,Competitor A,33
A00953,Security,Competitor D,83
A00954,AI & ML,Competitor A,85
A00954,Security,Competitor A,31
A00955,AI & ML,Competitor B,95
A00956,Database,Competitor C,31
A00956,Security,Competitor A,31
A00957,Infrastructure,Competitor C,78
A00957,Analytics & Data,Competitor C,95
A00958,Security,Competitor C,31
A00958,Applications,Competitor A,31
A00959,Infrastructure,Competitor B,11
A00959,AI & ML,Competitor A,36
A00959,Security,Competitor D,41
A00959,Applications,Competitor A,75
A00960,Database,Competitor B,86
A00960,Analytics & Data,Competitor C,41
A00960,Applications,Competitor A,70
A00960,Integration,Competitor D,54
A00962,Infrastructure,Competitor D,23
A00962,Analytics & Data,Competitor B,28
A00962,Integration,Competitor A,41
A00964,AI & ML,Competitor A,35
A00964,Security,Competitor A,31
A00964,Applications,Competitor A,51
A00965,Infrastructure,Competitor A,44
A00965,Database,Competitor C,12
A00965,Applications,Competitor C,35
A00966,Database,Competitor C,13
A00966,Integration,Competitor B,71
A00967,Database,Competitor A,32
A00967,Applications,Competitor D,86
A00967,Integration,Competitor B,56
A00968,Security,Competitor C,97
A00968,Integration,Competitor B,5
A00969,Infrastructure,Competitor A,80
A00970,Security,Competitor C,37
A00970,Applications,Competitor C,92
A00971,Security,Competitor A,93
A00971,Integration,Competitor B,35
A00972,AI & ML,Competitor A,45
A00973,Database,Competitor C,44
A00974,Analytics & Data,Competitor D,76
A00974,AI & ML,Competitor C,73
A00975,Infrastructure,Competitor C,36
A00977,Database,Competitor C,29
A00977,Analytics & Data,Competitor A,40
A00978,Infrastructure,Competitor D,27
A00978,AI & ML,Competitor B,90
A00978,Integration,Competitor D,70
A00979,AI & ML,Competitor D,33
A00980,Database,Competitor C,38
A00981,Applications,Competitor A,44
A00981,Integration,Competitor B,58
A00982,AI & ML,Competitor C,84
A00982,Integration,Competitor B,20
A00983,Integration,Competitor D,36
A00984,Database,Competitor B,97
A00984,Integration,Competitor B,69
A00985,Database,Competitor D,76
A00985,Security,Competitor A,55
A00986,AI & ML,Competitor A,84
A00986,Integration,Competitor C,49
A00987,Analytics & Data,Competitor D,41
A00988,Integration,Competitor C,41
A00989,Infrastructure,Competitor B,90
A00990,Infrastructure,Competitor B,55
A00990,Integration,Competitor C,60
A00993,Infrastructure,Competitor B,18
A00993,AI & ML,Competitor A,85
A00993,Security,Competitor B,25
A00994,Applications,Competitor D,100
A00995,Infrastructure,Competitor C,28
A00995,Security,Competitor B,100
A00995,Integration,Competitor A,78
A00996,Database,Competitor C,72
A00996,Analytics & Data,Competitor C,26
A00996,AI & ML,Competitor B,47
A00997,Security,Competitor C,29
A00998,AI & ML,Competitor A,28
A00998,Applications,Competitor C,65
A00998,Integration,Competitor C,42
A01000,Analytics & Data,Competitor A,55
A01001,Applications,Competitor D,67
A01001,Integration,Competitor D,45
A01002,Database,Competitor D,92
A01002,Analytics & Data,Competitor D,83
A01003,Security,Competitor D,52
A01004,Analytics & Data,Competitor C,60
A01004,Security,Competitor C,21
A01004,Integration,Competitor C,22
A01005,Infrastructure,Competitor A,74
A01005,Security,Competitor A,28
A01005,Applications,Competitor D,63
A01005,Integration,Competitor A,60
A01006,AI & ML,Competitor A,38
A01006,Security,Competitor A,55
A01006,Applications,Competitor A,44
A01007,Database,Competitor B,30
A01007,Analytics & Data,Competitor C,43
A01007,AI & ML,Competitor D,19
A01007,Security,Competitor B,67
A01008,Database,Competitor C,95
A01008,Applications,Competitor B,36
A01009,Security,Competitor B,100
A01009,Integration,Competitor D,48
A01010,Analytics & Data,Competitor A,83
A01010,AI & ML,Competitor C,71
A01010,Security,Competitor A,40
A01010,Integration,Competitor C,100
A01013,Infrastructure,Competitor A,84
A01013,Applications,Competitor A,40
A01013,Integration,Competitor D,34
A01014,Infrastructure,Competitor D,100
A01014,Analytics & Data,Competitor D,62
A01014,AI & ML,Competitor A,74
A01015,Analytics & Data,Competitor C,9
A01015,AI & ML,Competitor A,54
A01015,Applications,Competitor C,34
A01017,Analytics & Data,Competitor D,58
A01017,Applications,Competitor B,90
A01017,Integration,Competitor B,41
A01018,Analytics & Data,Competitor B,33
A01018,Applications,Competitor A,22
A01021,Infrastructure,Competitor C,24
A01021,AI & ML,Competitor D,70
A01023,Database,Competitor C,41
A01024,Infrastructure,Competitor C,31
A01024,Analytics & Data,Competitor B,29
A01024,AI & ML,Competitor A,52
A01024,Integration,Competitor B,18
A01025,Analytics & Data,Competitor C,5
A01025,Applications,Competitor B,88
A01026,Infrastructure,Competitor C,100
A01026,Database,Competitor A,44
A01027,Infrastructure,Competitor D,22
A01027,Database,Competitor D,51
A01027,Security,Competitor A,25
A01027,Integration,Competitor C,5
A01028,Analytics & Data,Competitor A,35
A01028,AI & ML,Competitor B,30
A01028,Security,Competitor D,34
A01028,Applications,Competitor C,43
A01030,Infrastructure,Competitor C,1
A01031,Database,Competitor C,75
A01031,AI & ML,Competitor B,72
A01031,Applications,Competitor D,42
A01032,Security,Competitor D,12
A01033,Analytics & Data,Competitor D,20
A01035,Integration,Competitor D,65
A01036,Analytics & Data,Competitor C,57
A01036,AI & ML,Competitor C,43
A01036,Applications,Competitor A,92
A01037,Analytics & Data,Competitor B,12
A01037,Security,Competitor D,3
A01037,Applications,Competitor B,20
A01038,Database,Competitor D,23
A01039,Database,Competitor A,30
A01039,AI & ML,Competitor A,100
A01039,Security,Competitor D,65
A01040,Infrastructure,Competitor A,15
A01040,Security,Competitor D,54
A01041,Analytics & Data,Competitor C,27
A01043,Infrastructure,Competitor C,66
A01043,AI & ML,Competitor A,34
A01044,Database,Competitor A,52
A01044,AI & ML,Competitor C,32
A01044,Integration,Competitor A,72
A01045,Analytics & Data,Competitor D,47
A01045,Applications,Competitor B,29
A01046,Infrastructure,Competitor A,22
A01046,Integration,Competitor A,57
A01048,Analytics & Data,Competitor D,76
A01050,Analytics & Data,Competitor D,85
A01050,Applications,Competitor B,62
A01050,Integration,Competitor D,100
A01051,Analytics & Data,Competitor A,74
A01052,Applications,Competitor B,46
A01052,Integration,Competitor B,47
A01053,AI & ML,Competitor B,27
A01053,Integration,Competitor A,75
A01054,Analytics & Data,Competitor C,53
A01056,Integration,Competitor B,39
A01057,Infrastructure,Competitor C,56
A01057,Analytics & Data,Competitor A,65
A01057,AI & ML,Competitor B,23
A01057,Integration,Competitor A,48
A01058,Database,Competitor A,94
A01058,Analytics & Data,Competitor C,43
A01058,AI & ML,Competitor D,83
A01058,Security,Competitor A,43
A01058,Integration,Competitor C,82
A01059,Database,Competitor A,21
A01060,Applications,Competitor D,23
A01061,Database,Competitor D,31
A01061,Integration,Competitor D,18
A01062,Analytics & Data,Competitor B,39
A01062,Security,Competitor A,18
A01063,Database,Competitor A,86
A01063,Analytics & Data,Competitor B,71
A01063,Security,Competitor C,24
A01064,Database,Competitor A,55
A01064,Applications,Competitor A,65
A01064,Integration,Competitor D,81
A01065,Infrastructure,Competitor D,27
A01065,Database,Competitor C,67
A01065,Analytics & Data,Competitor C,47
A01065,AI & ML,Competitor A,76
A01065,Integration,Competitor A,57
A01066,Infrastructure,Competitor C,46
A01066,Database,Competitor A,26
A01066,Analytics & Data,Competitor C,89
A01066,AI & ML,Competitor C,100
A01066,Security,Competitor D,85
A01067,Infrastructure,Competitor A,90
A01067,Database,Competitor C,94
A01067,Analytics & Data,Competitor A,75
A01067,AI & ML,Competitor D,35
A01067,Applications,Competitor C,88
A01068,Infrastructure,Competitor C,39
A01069,Infrastructure,Competitor D,67
A01069,Analytics & Data,Competitor A,51
A01069,Security,Competitor D,17
A01069,Integration,Competitor D,44
A01070,Security,Competitor C,75
A01070,Applications,Competitor D,91
A01071,AI & ML,Competitor D,1
A01071,Security,Competitor B,73
A01072,Infrastructure,Competitor A,50
A01072,Analytics & Data,Competitor A,87
A01073,Database,Competitor D,18
A01073,Security,Competitor C,37
A01073,Applications,Competitor C,51
A01073,Integration,Competitor A,70
A01074,Applications,Competitor D,82
A01074,Integration,Competitor B,22
A01075,Infrastructure,Competitor A,42
A01075,Database,Competitor A,29
A01075,Applications,Competitor A,31
A01076,Infrastructure,Competitor A,100
A01076,AI & ML,Competitor C,59
A01077,Infrastructure,Competitor D,27
A01077,Applications,Competitor B,21
A01077,Integration,Competitor D,62
A01078,Infrastructure,Competitor B,79
A01078,Analytics & Data,Competitor B,63
A01078,Security,Competitor C,37
A01079,Infrastructure,Competitor C,49
A01079,Database,Competitor C,41
A01079,Applications,Competitor D,15
A01080,Database,Competitor B,67
A01081,Analytics & Data,Competitor B,41
A01081,AI & ML,Competitor A,83
A01081,Security,Competitor A,39
A01081,Integration,Competitor B,35
A01082,Infrastructure,Competitor B,28
A01082,Database,Competitor D,15
A01083,Analytics & Data,Competitor C,75
A01083,AI & ML,Competitor B,38
A01083,Security,Competitor C,88
A01084,Analytics & Data,Competitor C,38
A01084,AI & ML,Competitor D,44
A01085,Database,Competitor B,27
A01085,Analytics & Data,Competitor D,94
A01085,Integration,Competitor A,25
A01086,Infrastructure,Competitor C,84
A01086,Database,Competitor B,67
A01086,AI & ML,Competitor A,100
A01086,Security,Competitor C,25
A01086,Applications,Competitor A,55
A01086,Integration,Competitor A,76
A01087,Database,Competitor A,36
A01087,Integration,Competitor C,44
A01088,Infrastructure,Competitor C,31
A01088,Database,Competitor C,54
A01088,Integration,Competitor A,45
A01089,Analytics & Data,Competitor D,36
A01089,Applications,Competitor C,85
A01089,Integration,Competitor B,19
A01090,Security,Competitor A,29
A01091,Infrastructure,Competitor C,38
A01091,Applications,Competitor D,24
A01091,Integration,Competitor B,76
A01092,Infrastructure,Competitor B,4
A01093,Analytics & Data,Competitor D,34
A01093,AI & ML,Competitor D,63
A01093,Integration,Competitor C,53
A01094,Analytics & Data,Competitor C,48
A01094,AI & ML,Competitor C,61
A01094,Applications,Competitor D,78
A01095,Security,Competitor A,38
A01095,Integration,Competitor A,17
A01096,Database,Competitor A,22
A01096,AI & ML,Competitor D,92
A01097,Infrastructure,Competitor A,95
A01097,AI & ML,Competitor A,47
A01097,Security,Competitor D,82
A01097,Applications,Competitor B,69
A01098,Database,Competitor D,27
A01098,Analytics & Data,Competitor D,46
A01098,Applications,Competitor D,57
A01099,Infrastructure,Competitor C,78
A01099,Applications,Competitor A,87
A01100,Infrastructure,Competitor D,82
A01100,Database,Competitor A,94
A01100,Analytics & Data,Competitor C,87
A01100,Integration,Competitor C,18
A01101,Infrastructure,Competitor C,90
A01101,Database,Competitor D,22
A01101,AI & ML,Competitor D,48
A01102,AI & ML,Competitor C,82
A01103,Analytics & Data,Competitor D,33
A01103,AI & ML,Competitor D,92
A01103,Security,Competitor B,28
A01103,Applications,Competitor C,46
A01103,Integration,Competitor B,61
A01104,Database,Competitor D,28
A01104,Analytics & Data,Competitor C,37
A01104,Security,Competitor C,83
A01104,Applications,Competitor B,58
A01104,Integration,Competitor C,38
A01105,Database,Competitor C,58
A01105,Security,Competitor D,50
A01105,Applications,Competitor C,57
A01105,Integration,Competitor A,46
A01106,Analytics & Data,Competitor A,62
A01107,Applications,Competitor D,16
A01108,Infrastructure,Competitor B,23
A01108,Analytics & Data,Competitor C,42
A01108,Security,Competitor B,94
A01109,Database,Competitor A,53
A01109,Analytics & Data,Competitor A,82
A01109,Integration,Competitor B,22
A01110,AI & ML,Competitor A,65
A01110,Integration,Competitor C,43
A01111,Infrastructure,Competitor B,8
A01111,Database,Competitor D,51
A01111,AI & ML,Competitor D,36
A01112,Infrastructure,Competitor D,38
A01112,Security,Competitor D,88
A01113,Database,Competitor D,60
A01113,Analytics & Data,Competitor B,27
A01113,AI & ML,Competitor A,25
A01113,Security,Competitor A,14
A01114,Infrastructure,Competitor C,77
A01114,Security,Competitor A,46
A01114,Applications,Competitor D,25
A01114,Integration,Competitor A,52
A01115,Security,Competitor D,28
A01116,Infrastructure,Competitor D,67
A01116,Applications,Competitor B,32
A01117,Database,Competitor B,55
A01117,Security,Competitor B,31
A01117,Applications,Competitor D,15
A01118,Analytics & Data,Competitor B,27
A01119,Database,Competitor D,0
A01119,Security,Competitor D,8
A01120,Database,Competitor C,25
A01120,Analytics & Data,Competitor D,50
A01120,Applications,Competitor B,52
A01120,Integration,Competitor B,16
A01121,Analytics & Data,Competitor A,76
A01121,Security,Competitor B,61
A01121,Applications,Competitor D,68
A01122,Analytics & Data,Competitor A,31
A01122,AI & ML,Competitor D,96
A01123,Infrastructure,Competitor A,65
A01123,Database,Competitor B,24
A01123,Analytics & Data,Competitor C,23
A01123,Security,Competitor A,36
A01123,Applications,Competitor B,25
A01124,Analytics & Data,Competitor C,17
A01124,Applications,Competitor B,23
A01125,Infrastructure,Competitor D,53
A01125,Analytics & Data,Competitor A,62
A01125,Applications,Competitor D,45
A01126,Infrastructure,Competitor C,21
A01126,Database,Competitor C,55
A01127,Database,Competitor D,15
A01127,Analytics & Data,Competitor B,39
A01127,Security,Competitor D,77
A01127,Applications,Competitor C,100
A01127,Integration,Competitor C,22
A01129,Analytics & Data,Competitor D,27
A01129,Security,Competitor A,65
A01129,Applications,Competitor D,21
A01130,Database,Competitor A,62
A01130,Analytics & Data,Competitor A,16
A01130,Security,Competitor A,37
A01131,Infrastructure,Competitor C,54
A01131,Integration,Competitor D,8
A01132,Database,Competitor C,90
A01132,AI & ML,Competitor D,21
A01134,Security,Competitor D,30
A01134,Integration,Competitor A,74
A01135,Database,Competitor A,46
A01135,AI & ML,Competitor B,20
A01135,Security,Competitor D,33
A01136,Database,Competitor A,85
A01136,Security,Competitor A,49
A01137,Infrastructure,Competitor C,50
A01137,Applications,Competitor A,100
A01138,Infrastructure,Competitor A,76
A01138,Applications,Competitor B,81
A01138,Integration,Competitor B,37
A01139,Analytics & Data,Competitor B,22
A01139,Integration,Competitor B,33
A01140,AI & ML,Competitor A,31
A01140,Applications,Competitor A,34
A01141,Database,Competitor A,28
A01141,Security,Competitor B,20
A01141,Integration,Competitor A,83
A01142,Applications,Competitor D,97
A01143,Database,Competitor B,27
A01143,Integration,Competitor B,50
A01144,Analytics & Data,Competitor B,16
A01144,AI & ML,Competitor A,68
A01144,Integration,Competitor B,76
A01145,AI & ML,Competitor C,22
A01146,Infrastructure,Competitor D,81
A01146,Database,Competitor A,22
A01146,Analytics & Data,Competitor D,39
A01146,Security,Competitor C,100
A01146,Integration,Competitor D,67
A01147,Integration,Competitor D,94
A01148,Infrastructure,Competitor A,28
A01148,Analytics & Data,Competitor D,30
A01149,AI & ML,Competitor A,66
A01149,Security,Competitor A,99
A01149,Applications,Competitor D,52
A01150,Security,Competitor B,99
A01150,Applications,Competitor D,71
A01151,AI & ML,Competitor B,49
A01152,Infrastructure,Competitor D,100
A01152,Database,Competitor B,38
A01152,Analytics & Data,Competitor C,36
A01152,AI & ML,Competitor C,57
A01152,Security,Competitor A,34
A01152,Applications,Competitor C,37
A01153,Infrastructure,Competitor D,12
A01153,AI & ML,Competitor A,12
A01153,Applications,Competitor D,71
A01153,Integration,Competitor C,72
A01154,Database,Competitor C,50
A01154,Integration,Competitor D,26
A01155,Security,Competitor A,57
A01156,Infrastructure,Competitor A,64
A01156,AI & ML,Competitor C,74
A01157,AI & ML,Competitor D,43
A01157,Security,Competitor A,99
A01157,Applications,Competitor D,70
A01158,Database,Competitor A,60
A01158,AI & ML,Competitor C,96
A01158,Security,Competitor D,64
A01158,Applications,Competitor C,24
A01159,Infrastructure,Competitor C,23
A01159,Analytics & Data,Competitor D,54
A01159,Security,Competitor B,82
A01160,AI & ML,Competitor B,91
A01160,Integration,Competitor B,59
A01161,Applications,Competitor A,36
A01162,Infrastructure,Competitor B,46
A01163,Database,Competitor D,37
A01163,Analytics & Data,Competitor D,69
A01163,AI & ML,Competitor B,18
A01164,Infrastructure,Competitor C,29
A01164,Integration,Competitor D,59
A01165,Database,Competitor B,43
A01165,AI & ML,Competitor C,52
A01165,Security,Competitor C,69
A01165,Integration,Competitor A,87
A01166,Analytics & Data,Competitor C,95
A01166,Integration,Competitor D,41
A01167,Analytics & Data,Competitor D,84
A01167,Applications,Competitor B,13
A01167,Integration,Competitor A,59
A01168,Infrastructure,Competitor D,96
A01168,Analytics & Data,Competitor A,96
A01169,AI & ML,Competitor B,88
A01169,Security,Competitor B,26
A01169,Applications,Competitor A,40
A01170,Security,Competitor C,36
A01170,Applications,Competitor C,49
A01171,Applications,Competitor A,28
A01172,Infrastructure,Competitor A,28
A01172,Database,Competitor C,51
A01172,Analytics & Data,Competitor A,57
A01173,Infrastructure,Competitor D,100
A01173,Security,Competitor B,0
A01173,Applications,Competitor C,59
A01174,Infrastructure,Competitor D,47
A01174,Database,Competitor B,71
A01174,Applications,Competitor D,26
A01175,Infrastructure,Competitor C,33
A01175,Database,Competitor B,15
A01175,Applications,Competitor C,27
A01176,Analytics & Data,Competitor A,72
A01177,AI & ML,Competitor B,21
A01178,Applications,Competitor C,30
A01178,Integration,Competitor B,85
A01180,Analytics & Data,Competitor D,63
A01180,Security,Competitor A,13
A01181,Infrastructure,Competitor D,7
A01181,Database,Competitor C,70
A01181,Analytics & Data,Competitor D,69
A01181,Integration,Competitor B,59
A01182,Database,Competitor A,31
A01182,Analytics & Data,Competitor C,8
A01182,Security,Competitor A,29
A01183,Database,Competitor D,34
A01183,Applications,Competitor A,76
A01183,Integration,Competitor C,72
A01184,AI & ML,Competitor D,46
A01185,Security,Competitor B,40
A01186,Database,Competitor C,31
A01186,Analytics & Data,Competitor A,71
A01186,Applications,Competitor D,33
A01187,AI & ML,Competitor A,33
A01187,Security,Competitor C,77
A01187,Integration,Competitor D,21
A01188,Database,Competitor C,89
A01188,AI & ML,Competitor B,41
A01188,Applications,Competitor A,21
A01189,Applications,Competitor B,86
A01190,Infrastructure,Competitor D,95
A01190,AI & ML,Competitor D,49
A01190,Applications,Competitor B,91
A01191,Database,Competitor D,21
A01192,Security,Competitor C,38
A01193,Database,Competitor D,32
A01193,AI & ML,Competitor A,51
A01194,Infrastructure,Competitor A,27
A01194,Database,Competitor A,79
A01194,Security,Competitor B,96
A01196,Infrastructure,Competitor C,64
A01196,Database,Competitor C,97
A01196,Analytics & Data,Competitor A,38
A01196,Integration,Competitor C,23
A01197,AI & ML,Competitor A,95
A01197,Applications,Competitor C,38
A01198,Infrastructure,Competitor A,30
A01198,Analytics & Data,Competitor D,17
A01198,AI & ML,Competitor D,97
A01198,Applications,Competitor A,8
A01198,Integration,Competitor B,25
A01200,Database,Competitor D,10
A01200,Applications,Competitor B,37
A01200,Integration,Competitor B,38
A01201,AI & ML,Competitor B,21
A01201,Integration,Competitor B,39
A01202,AI & ML,Competitor B,66
A01202,Security,Competitor A,89
A01203,Integration,Competitor B,14
A01204,Analytics & Data,Competitor C,21
A01204,Security,Competitor C,63
A01205,Infrastructure,Competitor B,35
A01205,Database,Competitor A,53
A01206,Infrastructure,Competitor A,30
A01206,Database,Competitor B,44
A01206,Security,Competitor B,93
A01206,Integration,Competitor D,23
A01207,Infrastructure,Competitor D,14
A01207,Analytics & Data,Competitor B,40
A01207,AI & ML,Competitor C,36
A01207,Security,Competitor D,40
A01207,Applications,Competitor A,11
A01208,Applications,Competitor D,94
A01209,Database,Competitor D,28
A01209,Analytics & Data,Competitor B,42
A01210,Analytics & Data,Competitor B,41
A01210,Security,Competitor A,67
A01210,Applications,Competitor B,58
A01211,Database,Competitor B,33
A01212,Database,Competitor A,39
A01212,Applications,Competitor C,88
A01213,Infrastructure,Competitor C,18
A01213,AI & ML,Competitor A,57
A01213,Integration,Competitor A,40
A01214,Database,Competitor B,36
A01215,Analytics & Data,Competitor C,40
A01215,Security,Competitor D,16
A01216,Infrastructure,Competitor D,58
A01216,Analytics & Data,Competitor D,59
A01216,Security,Competitor B,43
A01217,Analytics & Data,Competitor A,2
A01217,AI & ML,Competitor B,64
A01217,Security,Competitor A,19
A01217,Integration,Competitor C,50
A01218,Infrastructure,Competitor B,60
A01218,AI & ML,Competitor C,70
A01218,Applications,Competitor D,75
A01219,Database,Competitor B,33
A01219,AI & ML,Competitor D,43
A01219,Security,Competitor A,27
A01220,Infrastructure,Competitor C,22
A01220,Security,Competitor D,67
A01220,Integration,Competitor A,29
A01221,Security,Competitor B,34
A01221,Applications,Competitor B,21
A01222,Infrastructure,Competitor A,18
A01222,Integration,Competitor D,74
A01223,AI & ML,Competitor D,28
A01224,Applications,Competitor D,87
A01224,Integration,Competitor A,52
A01225,Infrastructure,Competitor B,38
A01225,AI & ML,Competitor B,52
A01225,Integration,Competitor B,89
A01226,Database,Competitor D,47
A01227,Infrastructure,Competitor A,45
A01227,Database,Competitor C,12
A01227,Analytics & Data,Competitor D,47
A01228,Database,Competitor D,10
A01228,AI & ML,Competitor D,33
A01229,Database,Competitor A,18
A01229,Analytics & Data,Competitor C,84
A01229,AI & ML,Competitor D,83
A01229,Security,Competitor C,71
A01229,Applications,Competitor A,28
A01230,Infrastructure,Competitor D,28
A01230,Database,Competitor B,39
A01230,Integration,Competitor B,41
A01231,AI & ML,Competitor B,44
A01231,Applications,Competitor D,39
A01232,Analytics & Data,Competitor B,87
A01233,Database,Competitor A,51
A01233,Security,Competitor C,100
A01233,Applications,Competitor D,32
A01233,Integration,Competitor A,27
A01234,Database,Competitor C,31
A01234,AI & ML,Competitor A,72
A01234,Security,Competitor C,51
A01235,Database,Competitor C,58
A01235,Applications,Competitor C,63
A01235,Integration,Competitor D,3
A01236,Infrastructure,Competitor B,84
A01236,Analytics & Data,Competitor C,22
A01236,Applications,Competitor A,23
A01237,AI & ML,Competitor C,32
A01237,Security,Competitor B,31
A01238,Applications,Competitor B,31
A01239,Infrastructure,Competitor A,48
A01239,Security,Competitor A,18
A01239,Applications,Competitor B,25
A01239,Integration,Competitor C,20
A01240,Database,Competitor B,6
A01240,Integration,Competitor C,88
A01241,Infrastructure,Competitor D,68
A01241,Database,Competitor C,48
A01241,Security,Competitor C,42
A01241,Applications,Competitor D,61
A01242,Analytics & Data,Competitor A,75
A01242,Applications,Competitor A,46
A01242,Integration,Competitor C,100
A01243,Infrastructure,Competitor A,36
A01243,Security,Competitor C,77
A01244,Security,Competitor B,16
A01244,Applications,Competitor D,30
A01244,Integration,Competitor D,31
A01245,AI & ML,Competitor B,78
A01245,Security,Competitor D,36
A01246,Infrastructure,Competitor A,18
A01246,Analytics & Data,Competitor B,95
A01246,Applications,Competitor A,100
A01247,Database,Competitor C,16
A01247,Analytics & Data,Competitor D,97
A01247,AI & ML,Competitor A,70
A01247,Security,Competitor A,79
A01248,Database,Competitor B,100
A01248,AI & ML,Competitor C,14
A01249,Infrastructure,Competitor A,44
A01249,Analytics & Data,Competitor C,89
A01250,Analytics & Data,Competitor C,37
A01250,AI & ML,Competitor D,35
A01251,Database,Competitor A,16
A01251,Applications,Competitor D,11
A01251,Integration,Competitor C,68
A01252,Analytics & Data,Competitor D,87
A01252,AI & ML,Competitor B,80
A01252,Security,Competitor B,19
A01252,Integration,Competitor D,28
A01253,Infrastructure,Competitor B,50
A01253,AI & ML,Competitor A,24
A01253,Security,Competitor D,85
A01253,Integration,Competitor B,34
A01254,Database,Competitor C,66
A01254,Integration,Competitor C,58
A01255,Infrastructure,Competitor B,17
A01255,Applications,Competitor A,100
A01256,AI & ML,Competitor A,25
A01257,Database,Competitor A,73
A01257,Security,Competitor A,32
A01257,Applications,Competitor B,69
A01258,Database,Competitor B,44
A01258,Applications,Competitor C,35
A01259,Infrastructure,Competitor D,58
A01259,Security,Competitor D,60
A01259,Applications,Competitor A,61
A01260,Infrastructure,Competitor A,99
A01260,Analytics & Data,Competitor C,46
A01260,Applications,Competitor A,87
A01261,Analytics & Data,Competitor A,5
A01261,AI & ML,Competitor A,30
A01261,Integration,Competitor A,26
A01262,Infrastructure,Competitor C,65
A01262,Database,Competitor A,13
A01262,Analytics & Data,Competitor B,83
A01262,AI & ML,Competitor A,16
A01263,Database,Competitor C,44
A01263,AI & ML,Competitor A,70
A01263,Security,Competitor D,95
A01263,Integration,Competitor D,21
A01264,Infrastructure,Competitor D,21
A01264,Analytics & Data,Competitor C,83
A01264,AI & ML,Competitor D,78
A01264,Integration,Competitor A,23
A01265,AI & ML,Competitor C,81
A01266,Infrastructure,Competitor A,56
A01266,Applications,Competitor C,79
A01267,Infrastructure,Competitor B,58
A01267,Security,Competitor B,55
A01267,Applications,Competitor B,85
A01268,Infrastructure,Competitor A,66
A01268,Database,Competitor C,24
A01268,Analytics & Data,Competitor C,30
A01268,AI & ML,Competitor D,60
A01268,Security,Competitor A,87
A01269,Security,Competitor B,27
A01269,Integration,Competitor C,96
A01271,Database,Competitor B,19
A01271,Analytics & Data,Competitor C,100
A01272,Integration,Competitor B,14
A01273,Security,Competitor A,86
A01273,Integration,Competitor C,25
A01274,Analytics & Data,Competitor B,22
A01275,Infrastructure,Competitor D,100
A01275,AI & ML,Competitor D,30
A01276,Security,Competitor B,47
A01277,Analytics & Data,Competitor D,89
A01278,Infrastructure,Competitor B,89
A01278,Database,Competitor A,49
A01278,Security,Competitor D,37
A01279,Database,Competitor A,45
A01279,Analytics & Data,Competitor C,61
A01279,AI & ML,Competitor A,31
A01279,Security,Competitor D,20
A01280,Analytics & Data,Competitor D,26
A01280,Integration,Competitor D,19
A01281,Infrastructure,Competitor A,37
A01281,Analytics & Data,Competitor C,86
A01281,Security,Competitor B,51
A01281,Applications,Competitor C,62
A01282,Analytics & Data,Competitor C,39
A01282,Integration,Competitor A,52
A01283,AI & ML,Competitor D,61
A01283,Applications,Competitor D,51
A01284,Infrastructure,Competitor C,48
A01284,AI & ML,Competitor D,84
A01284,Security,Competitor B,11
A01284,Applications,Competitor C,41
A01284,Integration,Competitor B,54
A01285,AI & ML,Competitor B,79
A01286,Infrastructure,Competitor D,42
A01286,Database,Competitor C,26
A01286,AI & ML,Competitor C,10
A01287,Infrastructure,Competitor B,90
A01287,Security,Competitor A,50
A01288,Analytics & Data,Competitor C,10
A01288,AI & ML,Competitor C,48
A01289,Integration,Competitor C,80
A01290,Infrastructure,Competitor A,61
A01290,Applications,Competitor C,12
A01290,Integration,Competitor A,94
A01291,Infrastructure,Competitor D,41
A01292,Analytics & Data,Competitor C,71
A01292,Security,Competitor D,42
A01293,AI & ML,Competitor B,100
A01293,Integration,Competitor A,76
A01294,Infrastructure,Competitor D,32
A01295,Infrastructure,Competitor A,50
A01296,Infrastructure,Competitor D,71
A01296,Security,Competitor A,68
A01297,Infrastructure,Competitor D,70
A01298,Infrastructure,Competitor D,97
A01298,Database,Competitor A,35
A01298,Integration,Competitor B,100
A01299,AI & ML,Competitor C,21
A01299,Applications,Competitor A,49
A01300,Database,Competitor B,69
A01300,Applications,Competitor A,100
A01301,Infrastructure,Competitor B,96
A01301,AI & ML,Competitor B,36
A01302,Infrastructure,Competitor D,37
A01302,Analytics & Data,Competitor B,8
A01302,AI & ML,Competitor B,54
A01302,Applications,Competitor D,95
A01304,Security,Competitor D,41
A01305,Analytics & Data,Competitor B,77
A01305,Applications,Competitor C,97
A01307,Analytics & Data,Competitor A,83
A01307,Security,Competitor A,36
A01307,Integration,Competitor C,32
A01308,Security,Competitor A,22
A01308,Integration,Competitor A,100
A01309,Infrastructure,Competitor A,88
A01309,Database,Competitor A,96
A01309,Integration,Competitor C,42
A01310,AI & ML,Competitor A,31
A01310,Integration,Competitor B,16
A01311,Infrastructure,Competitor C,47
A01311,Analytics & Data,Competitor C,50
A01311,Security,Competitor C,17
A01311,Integration,Competitor D,16
A01312,Infrastructure,Competitor A,38
A01312,Database,Competitor B,29
A01312,Applications,Competitor A,28
A01312,Integration,Competitor B,77
A01313,Database,Competitor A,24
A01313,Security,Competitor C,96
A01314,AI & ML,Competitor D,89
A01314,Applications,Competitor C,89
A01315,Infrastructure,Competitor A,13
A01315,Analytics & Data,Competitor D,100
A01315,Integration,Competitor B,16
A01316,AI & ML,Competitor A,60
A01317,Analytics & Data,Competitor D,85
A01317,AI & ML,Competitor B,4
A01317,Security,Competitor A,58
A01318,Analytics & Data,Competitor B,34
A01318,Applications,Competitor B,73
A01318,Integration,Competitor C,23
A01319,AI & ML,Competitor D,21
A01320,Infrastructure,Competitor A,61
A01320,Database,Competitor A,21
A01320,AI & ML,Competitor C,97
A01320,Security,Competitor D,39
A01321,Database,Competitor D,89
A01321,AI & ML,Competitor C,15
A01321,Security,Competitor C,61
A01321,Integration,Competitor B,22
A01322,Infrastructure,Competitor C,64
A01322,Security,Competitor B,11
A01323,Applications,Competitor B,17
A01324,Infrastructure,Competitor C,47
A01324,Applications,Competitor A,41
A01324,Integration,Competitor D,3
A01325,Infrastructure,Competitor B,8
A01325,Analytics & Data,Competitor A,57
A01325,Security,Competitor C,45
A01325,Applications,Competitor A,77
A01327,Infrastructure,Competitor D,46
A01327,Analytics & Data,Competitor A,38
A01327,Security,Competitor C,62
A01329,AI & ML,Competitor B,28
A01329,Applications,Competitor A,60
A01329,Integration,Competitor D,21
A01330,Analytics & Data,Competitor B,40
A01330,AI & ML,Competitor A,51
A01331,Database,Competitor A,34
A01331,Analytics & Data,Competitor B,34
A01332,Infrastructure,Competitor A,79
A01332,Integration,Competitor C,36
A01333,Infrastructure,Competitor C,49
A01333,Analytics & Data,Competitor C,44
A01333,Integration,Competitor B,35
A01334,Security,Competitor B,78
A01334,Integration,Competitor C,21
A01335,Infrastructure,Competitor C,81
A01336,Analytics & Data,Competitor A,82
A01336,AI & ML,Competitor B,59
A01336,Integration,Competitor A,40
A01337,Infrastructure,Competitor B,100
A01337,AI & ML,Competitor C,65
A01337,Integration,Competitor C,80
A01338,Infrastructure,Competitor C,14
A01338,Security,Competitor D,32
A01338,Integration,Competitor A,37
A01339,Analytics & Data,Competitor B,61
A01339,Security,Competitor A,75
A01340,Infrastructure,Competitor A,49
A01340,Analytics & Data,Competitor B,36
A01342,Infrastructure,Competitor A,19
A01342,Analytics & Data,Competitor D,58
A01342,Integration,Competitor C,94
A01343,Analytics & Data,Competitor A,62
A01343,AI & ML,Competitor A,58
A01343,Applications,Competitor A,35
A01343,Integration,Competitor B,35
A01344,Security,Competitor A,77
A01345,Infrastructure,Competitor A,42
A01345,Database,Competitor C,15
A01345,AI & ML,Competitor D,38
A01345,Security,Competitor C,52
A01346,AI & ML,Competitor C,38
A01346,Applications,Competitor C,37
A01346,Integration,Competitor D,11
A01347,Analytics & Data,Competitor C,31
A01347,Security,Competitor C,22
A01347,Applications,Competitor B,54
A01348,Integration,Competitor B,30
A01349,Analytics & Data,Competitor C,22
A01349,AI & ML,Competitor C,38
A01349,Integration,Competitor C,31
A01350,Analytics & Data,Competitor D,94
A01350,Applications,Competitor D,79
A01350,Integration,Competitor D,67
A01351,AI & ML,Competitor B,32
A01351,Security,Competitor C,22
A01352,Applications,Competitor B,24
A01353,Database,Competitor D,42
A01353,Applications,Competitor D,40
A01354,Infrastructure,Competitor C,10
A01354,Database,Competitor C,60
A01354,AI & ML,Competitor C,38
A01355,Integration,Competitor C,11
A01356,Infrastructure,Competitor A,40
A01356,Database,Competitor A,46
A01356,Integration,Competitor B,27
A01357,Infrastructure,Competitor C,36
A01357,Database,Competitor C,38
A01357,AI & ML,Competitor B,21
A01357,Applications,Competitor C,51
A01357,Integration,Competitor C,99
A01358,Database,Competitor D,94
A01358,AI & ML,Competitor B,54
A01358,Security,Competitor D,98
A01358,Applications,Competitor B,86
A01358,Integration,Competitor C,19
A01359,Infrastructure,Competitor D,99
A01359,AI & ML,Competitor B,35
A01359,Security,Competitor B,35
A01360,Analytics & Data,Competitor B,51
A01360,Applications,Competitor C,10
A01360,Integration,Competitor A,88
A01361,Infrastructure,Competitor C,22
A01361,Database,Competitor D,56
A01361,Security,Competitor B,63
A01362,Infrastructure,Competitor A,53
A01362,AI & ML,Competitor C,46
A01362,Integration,Competitor C,63
A01363,Database,Competitor B,64
A01363,Security,Competitor D,89
A01364,Analytics & Data,Competitor D,33
A01365,Database,Competitor D,41
A01365,Analytics & Data,Competitor D,42
A01366,Infrastructure,Competitor C,59
A01366,Security,Competitor A,97
A01366,Applications,Competitor B,20
A01367,Database,Competitor C,59
A01367,AI & ML,Competitor C,75
A01367,Applications,Competitor A,47
A01368,Infrastructure,Competitor A,62
A01368,Security,Competitor C,38
A01368,Applications,Competitor D,100
A01369,Security,Competitor A,68
A01369,Integration,Competitor A,22
A01370,Infrastructure,Competitor A,16
A01370,Database,Competitor B,36
A01370,Analytics & Data,Competitor D,36
A01370,AI & ML,Competitor D,74
A01370,Security,Competitor D,69
A01370,Applications,Competitor B,53
A01371,Infrastructure,Competitor C,31
A01371,Security,Competitor A,23
A01371,Applications,Competitor A,45
A01372,Security,Competitor C,20
A01373,Analytics & Data,Competitor A,53
A01373,Integration,Competitor C,65
A01374,Infrastructure,Competitor B,73
A01374,Database,Competitor B,34
A01374,Analytics & Data,Competitor C,32
A01375,Infrastructure,Competitor B,54
A01375,AI & ML,Competitor B,13
A01375,Applications,Competitor B,62
A01375,Integration,Competitor B,28
A01376,Analytics & Data,Competitor B,100
A01376,Security,Competitor D,92
A01376,Integration,Competitor B,23
A01377,Database,Competitor A,21
A01377,Analytics & Data,Competitor D,63
A01377,Applications,Competitor B,43
A01378,Analytics & Data,Competitor D,26
A01378,Security,Competitor C,53
A01378,Applications,Competitor B,64
A01379,Database,Competitor C,18
A01379,AI & ML,Competitor D,56
A01379,Applications,Competitor D,61
A01379,Integration,Competitor D,42
A01380,Security,Competitor A,37
A01381,Infrastructure,Competitor B,22
A01381,Database,Competitor D,9
A01381,Integration,Competitor D,32
A01382,Infrastructure,Competitor D,69
A01382,AI & ML,Competitor B,60
A01382,Security,Competitor B,45
A01383,Infrastructure,Competitor A,49
A01383,Integration,Competitor D,19
A01384,Database,Competitor B,95
A01384,Applications,Competitor D,49
A01385,Analytics & Data,Competitor C,72
A01385,Security,Competitor B,79
A01386,Infrastructure,Competitor B,34
A01386,Applications,Competitor B,0
A01388,Analytics & Data,Competitor A,38
A01388,AI & ML,Competitor D,39
A01389,Analytics & Data,Competitor B,39
A01389,AI & ML,Competitor C,11
A01389,Security,Competitor C,29
A01389,Applications,Competitor B,23
A01390,Infrastructure,Competitor C,69
A01390,Database,Competitor B,83
A01390,AI & ML,Competitor A,2
A01390,Security,Competitor C,36
A01390,Applications,Competitor C,54
A01391,Database,Competitor B,60
A01391,Integration,Competitor D,14
A01392,Infrastructure,Competitor B,83
A01392,Security,Competitor C,28
A01393,Analytics & Data,Competitor A,79
A01393,AI & ML,Competitor C,69
A01393,Security,Competitor A,34
A01393,Applications,Competitor D,42
A01394,Infrastructure,Competitor A,34
A01394,Database,Competitor A,77
A01394,AI & ML,Competitor A,29
A01394,Applications,Competitor B,18
A01396,Database,Competitor B,72
A01396,AI & ML,Competitor C,46
A01396,Security,Competitor D,42
A01397,Infrastructure,Competitor C,100
A01397,Analytics & Data,Competitor A,40
A01398,Database,Competitor B,69
A01398,Applications,Competitor C,46
A01399,Infrastructure,Competitor D,13
A01399,Database,Competitor A,83
A01399,AI & ML,Competitor C,13
A01400,Analytics & Data,Competitor B,68
A01400,AI & ML,Competitor D,32
A01400,Integration,Competitor D,78
A01401,Analytics & Data,Competitor B,15
A01401,Security,Competitor B,61
A01402,Database,Competitor B,64
A01403,Database,Competitor C,31
A01403,Security,Competitor C,84
A01404,Database,Competitor B,34
A01404,Analytics & Data,Competitor A,13
A01405,Infrastructure,Competitor B,51
A01405,Database,Competitor A,37
A01405,Security,Competitor C,29
A01406,Infrastructure,Competitor B,21
A01406,AI & ML,Competitor D,70
A01407,AI & ML,Competitor A,17
A01408,AI & ML,Competitor B,24
A01408,Security,Competitor A,69
A01409,Infrastructure,Competitor D,70
A01409,AI & ML,Competitor B,23
A01409,Integration,Competitor B,30
A01410,Infrastructure,Competitor B,59
A01410,AI & ML,Competitor D,65
A01411,AI & ML,Competitor A,95
A01411,Security,Competitor D,28
A01411,Integration,Competitor C,84
A01412,Database,Competitor B,100
A01412,AI & ML,Competitor B,28
A01412,Integration,Competitor C,1
A01413,Database,Competitor D,27
A01413,AI & ML,Competitor A,40
A01413,Applications,Competitor A,41
A01415,Infrastructure,Competitor D,74
A01415,Applications,Competitor D,57
A01416,Analytics & Data,Competitor C,20
A01417,Infrastructure,Competitor D,29
A01418,Infrastructure,Competitor A,41
A01418,Database,Competitor C,81
A01418,AI & ML,Competitor D,26
A01418,Applications,Competitor B,74
A01419,Infrastructure,Competitor D,30
A01419,AI & ML,Competitor D,80
A01419,Applications,Competitor B,89
A01421,Database,Competitor D,87
A01422,Database,Competitor A,85
A01422,Analytics & Data,Competitor C,24
A01422,AI & ML,Competitor D,99
A01423,Infrastructure,Competitor A,71
A01423,AI & ML,Competitor A,43
A01423,Security,Competitor A,4
A01424,Infrastructure,Competitor B,100
A01424,Analytics & Data,Competitor C,50
A01424,AI & ML,Competitor B,64
A01425,Infrastructure,Competitor C,29
A01425,AI & ML,Competitor C,34
A01426,Applications,Competitor A,35
A01427,Analytics & Data,Competitor C,16
A01427,Integration,Competitor B,72
A01428,Analytics & Data,Competitor B,100
A01429,Applications,Competitor B,60
A01430,Database,Competitor D,15
A01430,Security,Competitor D,92
A01430,Applications,Competitor A,49
A01431,Infrastructure,Competitor B,52
A01431,Analytics & Data,Competitor A,79
A01432,Infrastructure,Competitor B,30
A01433,Database,Competitor D,30
A01434,Database,Competitor B,30
A01434,Analytics & Data,Competitor C,13
A01434,Integration,Competitor A,63
A01435,AI & ML,Competitor A,31
A01435,Security,Competitor D,79
A01435,Integration,Competitor D,28
A01436,Analytics & Data,Competitor A,37
A01436,Security,Competitor A,74
A01436,Applications,Competitor B,31
A01437,Infrastructure,Competitor D,48
A01437,Security,Competitor A,38
A01437,Integration,Competitor D,64
A01438,Analytics & Data,Competitor B,45
A01438,Applications,Competitor C,30
A01439,Applications,Competitor B,25
A01440,Infrastructure,Competitor D,25
A01440,AI & ML,Competitor A,20
A01440,Applications,Competitor B,55
A01441,Database,Competitor D,28
A01441,Analytics & Data,Competitor D,100
A01441,AI & ML,Competitor B,45
A01442,Security,Competitor D,6
A01442,Integration,Competitor C,67
A01443,Infrastructure,Competitor A,48
A01444,Infrastructure,Competitor D,41
A01445,Infrastructure,Competitor B,80
A01445,Database,Competitor A,38
A01445,Integration,Competitor D,52
A01446,Database,Competitor A,50
A01446,Analytics & Data,Competitor C,33
A01446,AI & ML,Competitor A,39
A01446,Security,Competitor B,61
A01446,Integration,Competitor B,17
A01447,Infrastructure,Competitor B,28
A01447,AI & ML,Competitor D,17
A01448,Analytics & Data,Competitor B,78
A01448,Applications,Competitor A,33
A01448,Integration,Competitor A,44
A01449,Security,Competitor A,78
A01449,Integration,Competitor A,16
A01450,Infrastructure,Competitor A,54
A01450,AI & ML,Competitor D,52
A01451,Database,Competitor D,50
A01451,AI & ML,Competitor A,12
A01452,Analytics & Data,Competitor C,41
A01452,AI & ML,Competitor D,19
A01452,Security,Competitor C,52
A01452,Applications,Competitor B,74
A01452,Integration,Competitor A,44
A01453,Database,Competitor A,59
A01453,Applications,Competitor B,49
A01454,Analytics & Data,Competitor A,28
A01454,AI & ML,Competitor C,6
A01454,Security,Competitor B,65
A01454,Applications,Competitor B,68
A01454,Integration,Competitor D,72
A01455,Database,Competitor A,48
A01455,Analytics & Data,Competitor D,27
A01455,Security,Competitor C,39
A01455,Applications,Competitor C,33
A01455,Integration,Competitor A,10
A01456,AI & ML,Competitor B,68
A01456,Security,Competitor D,55
A01456,Integration,Competitor A,100
A01457,Analytics & Data,Competitor D,26
A01457,Security,Competitor B,83
A01458,Database,Competitor C,10
A01458,Analytics & Data,Competitor D,27
A01459,Database,Competitor C,29
A01459,AI & ML,Competitor B,7
A01460,Database,Competitor D,68
A01460,Analytics & Data,Competitor B,73
A01460,Applications,Competitor C,59
A01461,Database,Competitor B,39
A01461,AI & ML,Competitor B,61
A01462,Database,Competitor A,100
A01462,Security,Competitor C,26
A01463,Infrastructure,Competitor B,42
A01463,Database,Competitor A,46
A01463,Analytics & Data,Competitor B,66
A01463,AI & ML,Competitor B,25
A01464,AI & ML,Competitor B,87
A01465,Database,Competitor B,44
A01465,AI & ML,Competitor B,48
A01465,Security,Competitor A,75
A01465,Applications,Competitor C,20
A01466,Analytics & Data,Competitor D,80
A01466,Applications,Competitor A,73
A01466,Integration,Competitor A,28
A01467,AI & ML,Competitor B,16
A01468,Database,Competitor D,67
A01468,AI & ML,Competitor D,40
A01469,Infrastructure,Competitor A,64
A01469,Analytics & Data,Competitor C,13
A01469,AI & ML,Competitor C,41
A01469,Security,Competitor D,30
A01470,Database,Competitor B,40
A01470,Security,Competitor A,33
A01471,Analytics & Data,Competitor A,36
A01471,AI & ML,Competitor A,75
A01471,Security,Competitor A,9
A01471,Integration,Competitor D,64
A01472,AI & ML,Competitor D,20
A01472,Security,Competitor C,22
A01472,Integration,Competitor B,75
A01473,Infrastructure,Competitor D,27
A01474,Infrastructure,Competitor D,71
A01475,Infrastructure,Competitor B,96
A01475,Analytics & Data,Competitor B,34
A01475,AI & ML,Competitor C,92
A01476,Infrastructure,Competitor A,96
A01478,Infrastructure,Competitor C,35
A01478,Integration,Competitor C,100
A01479,Infrastructure,Competitor D,44
A01480,AI & ML,Competitor A,57
A01481,Infrastructure,Competitor D,51
A01481,Security,Competitor A,86
A01482,Security,Competitor B,31
A01483,Infrastructure,Competitor B,78
A01483,Applications,Competitor C,59
A01484,Database,Competitor C,70
A01485,Database,Competitor D,89
A01485,Analytics & Data,Competitor A,55
A01485,AI & ML,Competitor B,40
A01486,Analytics & Data,Competitor A,28
A01487,Database,Competitor A,24
A01487,Analytics & Data,Competitor A,18
A01487,Applications,Competitor A,31
A01488,Infrastructure,Competitor A,75
A01490,Database,Competitor C,80
A01490,Analytics & Data,Competitor C,34
A01491,Security,Competitor C,27
A01492,Database,Competitor A,6
A01492,AI & ML,Competitor A,37
A01492,Integration,Competitor C,84
A01493,Analytics & Data,Competitor B,40
A01493,Security,Competitor B,2
A01493,Applications,Competitor D,34
A01494,Infrastructure,Competitor A,37
A01494,Database,Competitor A,10
A01494,Analytics & Data,Competitor A,98
A01494,Security,Competitor C,42
A01495,Infrastructure,Competitor D,54
A01495,Analytics & Data,Competitor C,41
A01495,Integration,Competitor D,64
A01496,Analytics & Data,Competitor D,25
A01496,Applications,Competitor C,84
A01497,Security,Competitor D,72
A01498,Database,Competitor B,80
A01498,Analytics & Data,Competitor B,29
A01498,Applications,Competitor C,31
A01499,Analytics & Data,Competitor D,40
A01499,AI & ML,Competitor C,67
A01499,Security,Competitor B,46
A01499,Integration,Competitor C,44
A01500,Database,Competitor C,51
A01500,AI & ML,Competitor A,28
A01500,Applications,Competitor B,72
A01501,Database,Competitor A,37
A01502,Database,Competitor C,15
A01503,Database,Competitor A,30
A01503,Applications,Competitor C,31
A01504,Database,Competitor A,19
A01504,Analytics & Data,Competitor C,14
A01504,Security,Competitor D,40
A01505,Database,Competitor D,71
A01505,Analytics & Data,Competitor D,52
A01505,Integration,Competitor A,81
A01506,Analytics & Data,Competitor C,57
A01506,Applications,Competitor A,98
A01506,Integration,Competitor A,51
A01507,Infrastructure,Competitor C,42
A01507,Security,Competitor A,28
A01507,Applications,Competitor C,31
A01508,Database,Competitor A,64
A01508,Applications,Competitor C,35
A01509,Infrastructure,Competitor D,22
A01509,Database,Competitor B,44
A01509,AI & ML,Competitor B,67
A01510,Analytics & Data,Competitor C,31
A01510,Security,Competitor B,56
A01510,Applications,Competitor B,71
A01511,Database,Competitor D,97
A01511,Applications,Competitor C,38
A01512,Infrastructure,Competitor B,7
A01512,AI & ML,Competitor D,94
A01513,Database,Competitor A,38
A01513,Integration,Competitor A,27
A01514,Infrastructure,Competitor D,65
A01514,Database,Competitor C,29
A01514,Security,Competitor C,71
A01515,AI & ML,Competitor D,81
A01515,Security,Competitor D,20
A01516,Applications,Competitor B,44
A01517,Integration,Competitor C,27
A01518,Infrastructure,Competitor D,52
A01518,Database,Competitor D,52
A01519,Applications,Competitor B,63
A01520,AI & ML,Competitor D,85
A01520,Applications,Competitor A,60
A01520,Integration,Competitor B,80
A01521,Infrastructure,Competitor A,50
A01521,Database,Competitor A,41
A01522,Database,Competitor A,53
A01522,AI & ML,Competitor B,31
A01522,Security,Competitor B,22
A01522,Applications,Competitor A,76
A01523,Database,Competitor C,86
A01523,Integration,Competitor C,36
A01524,Infrastructure,Competitor B,9
A01524,AI & ML,Competitor D,32
A01524,Security,Competitor D,23
A01524,Applications,Competitor A,26
A01524,Integration,Competitor A,19
A01525,AI & ML,Competitor A,87
A01525,Security,Competitor A,35
A01525,Integration,Competitor B,82
A01526,Analytics & Data,Competitor D,18
A01526,AI & ML,Competitor C,15
A01527,Infrastructure,Competitor C,59
A01527,Applications,Competitor C,10
A01527,Integration,Competitor A,22
A01528,Database,Competitor C,18
A01528,AI & ML,Competitor D,16
A01529,AI & ML,Competitor B,29
A01529,Integration,Competitor C,32
A01531,Database,Competitor A,76
A01531,AI & ML,Competitor D,67
A01531,Security,Competitor C,36
A01532,Infrastructure,Competitor B,34
A01532,Applications,Competitor C,25
A01533,Analytics & Data,Competitor A,88
A01533,Security,Competitor D,25
A01533,Applications,Competitor A,66
A01534,Infrastructure,Competitor C,25
A01534,Analytics & Data,Competitor D,33
A01534,Integration,Competitor C,26
A01535,Security,Competitor D,20
A01536,Infrastructure,Competitor C,72
A01536,AI & ML,Competitor C,52
A01537,AI & ML,Competitor B,28
A01537,Security,Competitor B,14
A01538,Applications,Competitor B,58
A01539,Infrastructure,Competitor B,37
A01539,Database,Competitor B,45
A01539,Security,Competitor B,41
A01539,Applications,Competitor D,37
A01540,Infrastructure,Competitor A,18
A01540,Database,Competitor C,50
A01540,Security,Competitor A,91
A01540,Integration,Competitor D,30
A01541,Infrastructure,Competitor D,46
A01541,Database,Competitor B,51
A01541,Security,Competitor B,59
A01541,Integration,Competitor A,44
A01542,Analytics & Data,Competitor D,87
A01542,AI & ML,Competitor A,66
A01542,Applications,Competitor A,76
A01543,Database,Competitor B,40
A01543,AI & ML,Competitor A,69
A01544,Infrastructure,Competitor D,54
A01544,AI & ML,Competitor D,56
A01544,Security,Competitor D,53
A01545,Analytics & Data,Competitor C,14
A01545,AI & ML,Competitor A,72
A01546,Security,Competitor B,53
A01546,Integration,Competitor B,35
A01547,Applications,Competitor D,95
A01547,Integration,Competitor A,83
A01549,Database,Competitor A,45
A01549,Analytics & Data,Competitor D,41
A01549,Integration,Competitor C,45
A01550,Infrastructure,Competitor A,78
A01550,Database,Competitor A,63
A01550,Analytics & Data,Competitor C,25
A01550,AI & ML,Competitor B,10
A01550,Security,Competitor B,39
A01551,AI & ML,Competitor A,21
A01551,Security,Competitor C,17
A01551,Integration,Competitor B,80
A01552,AI & ML,Competitor A,18
A01553,Database,Competitor D,24
A01553,AI & ML,Competitor A,55
A01553,Security,Competitor D,36
A01553,Integration,Competitor B,31
A01554,Database,Competitor B,29
A01554,Applications,Competitor D,69
A01555,Analytics & Data,Competitor C,20
A01555,AI & ML,Competitor B,100
A01556,Database,Competitor C,77
A01556,Security,Competitor A,86
A01556,Applications,Competitor C,41
A01557,Integration,Competitor D,51
A01558,Infrastructure,Competitor B,21
A01558,Security,Competitor A,43
A01558,Integration,Competitor D,21
A01559,Analytics & Data,Competitor A,92
A01559,AI & ML,Competitor A,38
A01559,Security,Competitor B,41
A01559,Integration,Competitor B,52
A01560,Infrastructure,Competitor C,93
A01560,Database,Competitor B,44
A01560,AI & ML,Competitor B,65
A01561,Database,Competitor A,50
A01561,Security,Competitor C,29
A01561,Applications,Competitor B,64
A01561,Integration,Competitor B,20
A01562,Infrastructure,Competitor C,31
A01562,Analytics & Data,Competitor B,24
A01562,Integration,Competitor D,7
A01563,Database,Competitor B,97
A01565,Integration,Competitor B,38
A01566,Database,Competitor C,100
A01566,Analytics & Data,Competitor B,62
A01566,AI & ML,Competitor A,98
A01567,Database,Competitor A,95
A01567,Security,Competitor A,84
A01567,Applications,Competitor C,100
A01567,Integration,Competitor C,18
A01568,Database,Competitor B,98
A01568,Applications,Competitor B,27
A01569,Infrastructure,Competitor A,100
A01569,AI & ML,Competitor D,32
A01570,Infrastructure,Competitor B,33
A01570,Integration,Competitor A,23
A01571,AI & ML,Competitor D,33
A01572,Infrastructure,Competitor B,29
A01572,Analytics & Data,Competitor B,75
A01572,AI & ML,Competitor D,93
A01572,Applications,Competitor A,48
A01572,Integration,Competitor A,57
A01573,Infrastructure,Competitor D,39
A01573,Applications,Competitor B,79
A01573,Integration,Competitor B,69
A01574,Analytics & Data,Competitor A,41
A01574,AI & ML,Competitor A,31
A01574,Applications,Competitor A,90
A01574,Integration,Competitor D,74
A01575,Database,Competitor C,99
A01576,AI & ML,Competitor D,100
A01576,Integration,Competitor B,57
A01577,Infrastructure,Competitor A,76
A01578,Applications,Competitor C,48
A01579,Database,Competitor D,89
A01579,Analytics & Data,Competitor A,72
A01579,Security,Competitor A,78
A01579,Applications,Competitor C,13
A01579,Integration,Competitor D,34
A01580,Database,Competitor C,35
A01580,AI & ML,Competitor D,93
A01580,Security,Competitor D,45
A01581,Database,Competitor C,67
A01581,Analytics & Data,Competitor C,40
A01582,Infrastructure,Competitor B,56
A01582,AI & ML,Competitor C,35
A01582,Security,Competitor C,14
A01583,Analytics & Data,Competitor A,52
A01583,AI & ML,Competitor A,77
A01583,Applications,Competitor B,90
A01584,Analytics & Data,Competitor B,61
A01584,Security,Competitor B,44
A01585,Security,Competitor A,26
A01586,Analytics & Data,Competitor D,17
A01586,Integration,Competitor A,30
A01587,Security,Competitor D,74
A01587,Applications,Competitor A,29
A01587,Integration,Competitor B,58
A01588,Analytics & Data,Competitor D,22
A01588,AI & ML,Competitor A,27
A01588,Applications,Competitor B,25
A01588,Integration,Competitor D,97
A01589,Database,Competitor D,44
A01589,Applications,Competitor A,28
A01590,Database,Competitor C,66
A01590,AI & ML,Competitor A,23
A01590,Applications,Competitor A,52
A01591,Analytics & Data,Competitor A,0
A01592,Database,Competitor C,91
A01592,Analytics & Data,Competitor D,36
A01592,Security,Competitor B,27
A01593,Database,Competitor A,39
A01593,Analytics & Data,Competitor A,95
A01593,Applications,Competitor B,48
A01594,Security,Competitor D,34
A01594,Applications,Competitor D,5
A01594,Integration,Competitor B,75
A01595,AI & ML,Competitor B,22
A01595,Security,Competitor B,64
A01595,Integration,Competitor C,91
A01596,Infrastructure,Competitor C,43
A01596,Analytics & Data,Competitor C,28
A01596,Integration,Competitor A,75
A01597,Infrastructure,Competitor C,20
A01597,Analytics & Data,Competitor C,47
A01598,AI & ML,Competitor D,30
A01598,Integration,Competitor A,4
A01599,Database,Competitor B,19
A01599,Analytics & Data,Competitor D,37
A01599,AI & ML,Competitor D,31
A01599,Security,Competitor B,7
A01600,Infrastructure,Competitor A,47
A01600,Database,Competitor C,45
A01600,AI & ML,Competitor B,83
A01600,Security,Competitor C,27
A01600,Applications,Competitor B,98
A01601,Database,Competitor D,58
A01602,Infrastructure,Competitor A,56
A01602,Analytics & Data,Competitor B,41
A01602,Security,Competitor A,87
A01602,Applications,Competitor A,75
A01603,Infrastructure,Competitor B,36
A01603,AI & ML,Competitor D,42
A01603,Security,Competitor A,20
A01604,Infrastructure,Competitor D,32
A01604,Database,Competitor B,81
A01604,Analytics & Data,Competitor B,21
A01604,AI & ML,Competitor D,12
A01605,Analytics & Data,Competitor D,24
A01606,Infrastructure,Competitor D,61
A01607,Infrastructure,Competitor A,34
A01607,Database,Competitor C,69
A01608,Applications,Competitor B,59
A01609,Integration,Competitor B,25
A01610,Infrastructure,Competitor C,66
A01610,Database,Competitor B,52
A01610,Analytics & Data,Competitor C,79
A01610,AI & ML,Competitor D,38
A01610,Applications,Competitor A,61
A01611,Infrastructure,Competitor D,64
A01612,Analytics & Data,Competitor C,41
A01613,Applications,Competitor C,21
A01613,Integration,Competitor C,19
A01614,Database,Competitor C,94
A01614,Analytics & Data,Competitor C,35
A01614,AI & ML,Competitor C,21
A01614,Integration,Competitor B,69
A01615,Infrastructure,Competitor C,44
A01615,Database,Competitor A,68
A01615,Analytics & Data,Competitor D,78
A01615,Applications,Competitor C,87
A01616,Database,Competitor B,72
A01616,AI & ML,Competitor C,81
A01616,Integration,Competitor A,81
A01617,Infrastructure,Competitor A,90
A01617,Analytics & Data,Competitor B,18
A01617,Security,Competitor D,33
A01617,Applications,Competitor C,84
A01618,Database,Competitor D,63
A01618,AI & ML,Competitor D,60
A01618,Security,Competitor D,82
A01618,Integration,Competitor D,56
A01619,Database,Competitor B,37
A01619,Applications,Competitor B,34
A01620,Analytics & Data,Competitor B,22
A01620,Security,Competitor B,36
A01621,Infrastructure,Competitor C,0
A01621,Database,Competitor B,100
A01621,Analytics & Data,Competitor D,70
A01622,Infrastructure,Competitor D,70
A01622,Security,Competitor A,39
A01623,AI & ML,Competitor D,93
A01624,Database,Competitor D,43
A01624,AI & ML,Competitor B,88
A01625,Infrastructure,Competitor D,100
A01625,Database,Competitor D,36
A01626,Integration,Competitor A,26
A01627,Analytics & Data,Competitor C,46
A01627,Security,Competitor B,65
A01627,Integration,Competitor B,35
A01629,Database,Competitor A,76
A01629,Analytics & Data,Competitor C,20
A01629,Security,Competitor B,32
A01629,Applications,Competitor C,25
A01630,Security,Competitor A,13
A01631,Database,Competitor D,28
A01631,Security,Competitor B,7
A01631,Integration,Competitor D,3
A01632,Infrastructure,Competitor A,35
A01632,Analytics & Data,Competitor C,91
A01632,Security,Competitor B,25
A01633,Database,Competitor D,95
A01633,Analytics & Data,Competitor C,80
A01633,AI & ML,Competitor D,35
A01634,Database,Competitor D,25
A01634,Security,Competitor B,5
A01634,Integration,Competitor C,89
A01635,Infrastructure,Competitor B,67
A01635,Database,Competitor A,59
A01635,Analytics & Data,Competitor D,58
A01635,Applications,Competitor B,29
A01635,Integration,Competitor B,41
A01636,Database,Competitor B,38
A01637,Infrastructure,Competitor C,16
A01637,Database,Competitor D,18
A01637,Analytics & Data,Competitor D,30
A01638,Database,Competitor D,21
A01638,Analytics & Data,Competitor A,68
A01638,Security,Competitor D,19
A01638,Integration,Competitor D,16
A01639,AI & ML,Competitor A,49
A01640,Infrastructure,Competitor C,29
A01640,Analytics & Data,Competitor A,32
A01641,AI & ML,Competitor C,96
A01642,Security,Competitor C,97
A01643,Database,Competitor C,93
A01643,Analytics & Data,Competitor D,51
A01644,Infrastructure,Competitor A,36
A01644,Integration,Competitor D,46
A01645,Analytics & Data,Competitor C,75
A01645,Integration,Competitor B,37
A01646,Database,Competitor C,11
A01646,Integration,Competitor A,62
A01647,Security,Competitor B,69
A01647,Integration,Competitor C,30
A01648,Infrastructure,Competitor C,38
A01648,Analytics & Data,Competitor C,75
A01648,Integration,Competitor B,57
A01649,Database,Competitor C,45
A01649,Security,Competitor D,62
A01650,Database,Competitor C,22
A01650,Security,Competitor B,54
A01651,Database,Competitor C,97
A01651,AI & ML,Competitor B,74
A01651,Security,Competitor D,35
A01652,Infrastructure,Competitor C,64
A01652,Database,Competitor B,58
A01652,Analytics & Data,Competitor B,62
A01652,Applications,Competitor B,17
A01652,Integration,Competitor B,96
A01653,AI & ML,Competitor B,32
A01653,Security,Competitor B,96
A01653,Applications,Competitor D,31
A01654,AI & ML,Competitor A,37
A01654,Security,Competitor D,100
A01655,Applications,Competitor A,63
A01655,Integration,Competitor D,43
A01656,AI & ML,Competitor C,10
A01656,Applications,Competitor A,96
A01657,Database,Competitor B,91
A01657,Integration,Competitor B,24
A01658,Infrastructure,Competitor C,60
A01658,Applications,Competitor D,29
A01659,AI & ML,Competitor A,41
A01659,Applications,Competitor C,47
A01659,Integration,Competitor A,82
A01660,Database,Competitor C,32
A01660,Analytics & Data,Competitor C,41
A01660,AI & ML,Competitor C,53
A01660,Security,Competitor D,9
A01660,Applications,Competitor A,28
A01661,Security,Competitor B,33
A01662,Security,Competitor C,74
A01662,Integration,Competitor A,100
A01663,Infrastructure,Competitor A,48
A01663,Database,Competitor C,96
A01663,AI & ML,Competitor C,10
A01664,Applications,Competitor C,94
A01665,Infrastructure,Competitor A,45
A01665,AI & ML,Competitor B,95
A01665,Security,Competitor A,51
A01666,Infrastructure,Competitor B,25
A01667,Infrastructure,Competitor C,83
A01667,Database,Competitor C,25
A01667,AI & ML,Competitor D,11
A01667,Applications,Competitor D,30
A01668,Applications,Competitor B,53
A01669,Infrastructure,Competitor C,44
A01669,Security,Competitor A,83
A01669,Applications,Competitor D,99
A01669,Integration,Competitor A,44
A01670,Analytics & Data,Competitor A,86
A01670,Applications,Competitor B,64
A01671,Infrastructure,Competitor C,68
A01671,Security,Competitor B,70
A01672,Infrastructure,Competitor B,53
A01672,AI & ML,Competitor C,71
A01672,Integration,Competitor D,6
A01673,Database,Competitor B,46
A01673,Integration,Competitor B,50
A01675,Infrastructure,Competitor A,29
A01675,Security,Competitor C,30
A01676,Infrastructure,Competitor D,58
A01676,Analytics & Data,Competitor C,30
A01676,Security,Competitor D,72
A01676,Applications,Competitor A,40
A01677,Applications,Competitor B,13
A01677,Integration,Competitor C,54
A01678,Integration,Competitor C,82
A01679,Security,Competitor C,95
A01679,Integration,Competitor C,19
A01680,Infrastructure,Competitor B,13
A01680,Analytics & Data,Competitor C,97
A01680,AI & ML,Competitor C,19
A01680,Security,Competitor D,67
A01680,Applications,Competitor C,37
A01680,Integration,Competitor D,42
A01681,Database,Competitor C,15
A01681,Security,Competitor A,26
A01681,Applications,Competitor A,26
A01682,Integration,Competitor C,40
A01683,Database,Competitor A,23
A01683,Analytics & Data,Competitor C,31
A01683,Security,Competitor A,92
A01683,Integration,Competitor A,80
A01685,Database,Competitor C,98
A01685,Security,Competitor A,38
A01685,Applications,Competitor C,57
A01686,Infrastructure,Competitor C,14
A01686,Applications,Competitor C,61
A01686,Integration,Competitor A,78
A01687,Database,Competitor C,19
A01687,Analytics & Data,Competitor D,68
A01687,Security,Competitor B,28
A01687,Integration,Competitor C,35
A01688,Infrastructure,Competitor B,100
A01688,Database,Competitor A,25
A01688,Applications,Competitor B,94
A01690,Database,Competitor B,96
A01690,Analytics & Data,Competitor C,36
A01690,AI & ML,Competitor D,87
A01690,Security,Competitor B,82
A01690,Applications,Competitor C,60
A01691,Analytics & Data,Competitor D,79
A01691,Integration,Competitor C,64
A01692,Infrastructure,Competitor A,20
A01692,Database,Competitor C,21
A01692,Applications,Competitor A,49
A01694,Applications,Competitor A,48
A01694,Integration,Competitor B,49
A01695,Database,Competitor B,18
A01695,AI & ML,Competitor B,23
A01695,Security,Competitor C,35
A01696,Analytics & Data,Competitor C,76
A01696,Applications,Competitor C,40
A01697,AI & ML,Competitor C,15
A01698,Integration,Competitor A,18
A01699,Database,Competitor A,53
A01699,Integration,Competitor B,0
A01700,Analytics & Data,Competitor B,77
A01700,AI & ML,Competitor B,34
A01701,Database,Competitor C,54
A01701,Integration,Competitor D,48
A01702,Analytics & Data,Competitor B,49
A01702,Security,Competitor D,56
A01702,Integration,Competitor D,24
A01703,Database,Competitor B,99
A01703,Security,Competitor C,47
A01703,Applications,Competitor C,32
A01703,Integration,Competitor D,34
A01704,AI & ML,Competitor B,71
A01704,Applications,Competitor C,17
A01705,Database,Competitor B,16
A01705,Applications,Competitor C,32
A01706,Database,Competitor A,20
A01707,Database,Competitor B,69
A01707,Analytics & Data,Competitor B,24
A01707,Applications,Competitor B,94
A01707,Integration,Competitor D,33
A01708,Analytics & Data,Competitor D,81
A01708,Applications,Competitor B,94
A01709,Database,Competitor C,21
A01709,AI & ML,Competitor A,27
A01709,Integration,Competitor B,30
A01710,Database,Competitor A,94
A01711,Database,Competitor A,21
A01711,Security,Competitor B,44
A01712,AI & ML,Competitor B,18
A01713,Analytics & Data,Competitor B,36
A01714,Database,Competitor C,72
A01714,AI & ML,Competitor C,32
A01714,Security,Competitor C,58
A01714,Applications,Competitor A,71
A01715,Infrastructure,Competitor D,65
A01715,Database,Competitor C,44
A01715,Integration,Competitor A,3
A01716,Infrastructure,Competitor C,51
A01716,Applications,Competitor C,16
A01716,Integration,Competitor B,39
A01717,Infrastructure,Competitor B,76
A01717,Applications,Competitor A,64
A01718,Infrastructure,Competitor A,33
A01718,Analytics & Data,Competitor C,70
A01719,Analytics & Data,Competitor B,57
A01719,Applications,Competitor C,71
A01720,Security,Competitor C,52
A01721,Database,Competitor B,31
A01721,AI & ML,Competitor B,26
A01722,Analytics & Data,Competitor D,8
A01722,AI & ML,Competitor C,54
A01722,Integration,Competitor D,43
A01723,Database,Competitor A,52
A01723,Security,Competitor A,37
A01723,Applications,Competitor A,63
A01724,Security,Competitor D,57
A01724,Applications,Competitor B,40
A01725,Analytics & Data,Competitor C,34
A01726,Analytics & Data,Competitor D,32
A01726,AI & ML,Competitor A,44
A01726,Integration,Competitor B,91
A01727,Infrastructure,Competitor B,47
A01727,Analytics & Data,Competitor D,77
A01727,AI & ML,Competitor D,99
A01727,Security,Competitor C,36
A01727,Applications,Competitor D,53
A01728,Database,Competitor D,56
A01729,Security,Competitor A,90
A01729,Integration,Competitor B,94
A01730,Database,Competitor A,81
A01730,Security,Competitor D,20
A01730,Integration,Competitor D,0
A01731,AI & ML,Competitor A,31
A01733,Analytics & Data,Competitor A,25
A01734,Database,Competitor D,32
A01735,Infrastructure,Competitor B,11
A01735,Database,Competitor D,84
A01735,Analytics & Data,Competitor B,47
A01735,Security,Competitor C,6
A01735,Integration,Competitor B,37
A01736,Infrastructure,Competitor A,38
A01736,Applications,Competitor B,80
A01738,Infrastructure,Competitor B,85
A01738,Database,Competitor B,35
A01738,AI & ML,Competitor B,27
A01738,Integration,Competitor C,68
A01739,Security,Competitor D,10
A01739,Applications,Competitor D,27
A01739,Integration,Competitor A,45
A01740,Analytics & Data,Competitor B,26
A01740,Integration,Competitor D,88
A01741,Infrastructure,Competitor B,63
A01741,Database,Competitor C,24
A01741,Analytics & Data,Competitor C,71
A01741,Integration,Competitor C,24
A01742,Analytics & Data,Competitor C,69
A01742,Applications,Competitor B,39
A01743,Infrastructure,Competitor B,45
A01743,Database,Competitor C,95
A01743,Security,Competitor A,37
A01743,Integration,Competitor D,13
A01744,Infrastructure,Competitor A,30
A01744,Applications,Competitor B,19
A01745,Infrastructure,Competitor A,76
A01745,AI & ML,Competitor B,59
A01746,Infrastructure,Competitor C,80
A01746,Analytics & Data,Competitor C,51
A01747,Applications,Competitor C,38
A01748,Infrastructure,Competitor C,100
A01748,Analytics & Data,Competitor A,57
A01748,AI & ML,Competitor A,15
A01748,Security,Competitor B,21
A01748,Applications,Competitor D,28
A01748,Integration,Competitor D,19
A01749,Infrastructure,Competitor A,58
A01749,Analytics & Data,Competitor B,97
A01750,Security,Competitor A,47
A01751,Infrastructure,Competitor A,37
A01751,Analytics & Data,Competitor B,88
A01751,AI & ML,Competitor C,75
A01751,Security,Competitor A,66
A01752,Analytics & Data,Competitor A,60
A01752,AI & ML,Competitor D,33
A01752,Applications,Competitor C,20
A01752,Integration,Competitor A,61
A01753,Analytics & Data,Competitor C,88
A01753,Security,Competitor A,24
A01753,Applications,Competitor C,42
A01754,Database,Competitor C,48
A01754,AI & ML,Competitor C,70
A01754,Security,Competitor A,14
A01754,Integration,Competitor B,46
A01755,Infrastructure,Competitor A,36
A01755,Applications,Competitor A,24
A01756,Database,Competitor A,88
A01756,AI & ML,Competitor B,32
A01756,Security,Competitor A,28
A01757,Analytics & Data,Competitor D,15
A01757,AI & ML,Competitor A,31
A01757,Integration,Competitor C,38
A01758,Infrastructure,Competitor B,95
A01758,Analytics & Data,Competitor A,51
A01758,AI & ML,Competitor C,52
A01758,Security,Competitor D,58
A01758,Applications,Competitor B,59
A01758,Integration,Competitor C,35
A01760,Infrastructure,Competitor C,24
A01760,Database,Competitor B,25
A01760,Analytics & Data,Competitor A,75
A01760,AI & ML,Competitor D,35
A01761,AI & ML,Competitor B,70
A01761,Applications,Competitor B,78
A01762,Database,Competitor B,100
A01762,Analytics & Data,Competitor D,51
A01762,Applications,Competitor A,56
A01762,Integration,Competitor D,97
A01763,Infrastructure,Competitor A,80
A01763,AI & ML,Competitor B,3
A01763,Integration,Competitor A,26
A01764,Infrastructure,Competitor A,26
A01764,Integration,Competitor B,85
A01765,Analytics & Data,Competitor A,70
A01765,AI & ML,Competitor B,68
A01765,Applications,Competitor B,70
A01765,Integration,Competitor A,19
A01766,Security,Competitor A,74
A01767,Database,Competitor B,14
A01767,Analytics & Data,Competitor B,19
A01767,AI & ML,Competitor C,92
A01767,Applications,Competitor A,32
A01768,Security,Competitor B,25
A01768,Integration,Competitor A,58
A01769,Infrastructure,Competitor A,84
A01769,Database,Competitor A,22
A01770,Integration,Competitor B,59
A01771,Infrastructure,Competitor B,35
A01771,Applications,Competitor B,51
A01772,Database,Competitor B,6
A01772,Security,Competitor C,100
A01773,Infrastructure,Competitor B,45
A01773,Applications,Competitor D,26
A01773,Integration,Competitor A,100
A01774,AI & ML,Competitor B,79
A01774,Applications,Competitor C,15
A01775,AI & ML,Competitor A,36
A01776,Database,Competitor B,56
A01776,Security,Competitor A,100
A01777,AI & ML,Competitor A,48
A01777,Security,Competitor A,25
A01778,Infrastructure,Competitor A,29
A01778,Integration,Competitor A,26
A01779,Infrastructure,Competitor A,70
A01779,Database,Competitor A,47
A01779,Analytics & Data,Competitor D,42
A01779,Security,Competitor C,41
A01780,Database,Competitor A,82
A01781,AI & ML,Competitor C,27
A01781,Security,Competitor A,21
A01782,Applications,Competitor B,19
A01782,Integration,Competitor B,32
A01783,Integration,Competitor A,74
A01784,AI & ML,Competitor B,23
A01785,Infrastructure,Competitor C,37
A01785,Database,Competitor D,52
A01785,Analytics & Data,Competitor B,47
A01786,Infrastructure,Competitor B,8
A01786,Database,Competitor B,51
A01786,Applications,Competitor D,31
A01787,Infrastructure,Competitor A,80
A01787,Security,Competitor A,27
A01788,Security,Competitor A,49
A01791,Infrastructure,Competitor B,65
A01791,Database,Competitor D,40
A01792,Analytics & Data,Competitor C,97
A01792,AI & ML,Competitor C,56
A01792,Integration,Competitor A,59
A01793,Analytics & Data,Competitor D,28
A01793,AI & ML,Competitor B,65
A01793,Security,Competitor C,28
A01793,Integration,Competitor A,41
A01794,Security,Competitor A,48
A01795,Analytics & Data,Competitor C,17
A01795,Integration,Competitor B,27
A01796,Infrastructure,Competitor D,43
A01796,Database,Competitor B,69
A01796,AI & ML,Competitor A,70
A01796,Applications,Competitor B,50
A01797,Applications,Competitor B,87
A01798,Analytics & Data,Competitor C,24
A01798,Applications,Competitor D,29
A01799,AI & ML,Competitor D,88
A01799,Security,Competitor C,38
A01800,Infrastructure,Competitor C,70
A01800,AI & ML,Competitor B,25
A01801,AI & ML,Competitor C,91
A01801,Security,Competitor C,92
A01802,Security,Competitor C,8
A01802,Applications,Competitor C,69
A01802,Integration,Competitor A,49
A01803,Infrastructure,Competitor B,46
A01803,Database,Competitor D,90
A01803,Analytics & Data,Competitor B,37
A01803,AI & ML,Competitor D,42
A01803,Integration,Competitor D,35
A01804,Infrastructure,Competitor D,15
A01804,AI & ML,Competitor C,93
A01805,AI & ML,Competitor D,16
A01805,Security,Competitor B,47
A01805,Integration,Competitor C,51
A01806,Infrastructure,Competitor D,36
A01806,Analytics & Data,Competitor A,79
A01807,Infrastructure,Competitor D,45
A01807,Database,Competitor C,39
A01807,AI & ML,Competitor D,80
A01807,Integration,Competitor C,29
A01808,Infrastructure,Competitor D,29
A01808,AI & ML,Competitor D,15
A01809,AI & ML,Competitor B,46
A01809,Security,Competitor A,56
A01809,Applications,Competitor B,100
A01810,Infrastructure,Competitor A,17
A01810,Integration,Competitor C,72
A01811,Analytics & Data,Competitor D,52
A01811,AI & ML,Competitor D,20
A01811,Applications,Competitor D,32
A01812,Database,Competitor A,61
A01812,Analytics & Data,Competitor D,23
A01812,Security,Competitor C,50
A01812,Applications,Competitor B,37
A01813,Infrastructure,Competitor D,37
A01813,Analytics & Data,Competitor C,3
A01814,Infrastructure,Competitor D,26
A01814,Analytics & Data,Competitor C,35
A01814,Integration,Competitor B,65
A01815,Infrastructure,Competitor C,35
A01815,AI & ML,Competitor C,6
A01816,Security,Competitor C,37
A01816,Integration,Competitor D,25
A01817,Infrastructure,Competitor C,27
A01817,Applications,Competitor C,62
A01817,Integration,Competitor A,46
A01818,Infrastructure,Competitor D,43
A01818,Analytics & Data,Competitor B,29
A01818,Security,Competitor A,74
A01818,Applications,Competitor C,50
A01818,Integration,Competitor A,22
A01819,Infrastructure,Competitor C,21
A01819,Database,Competitor B,34
A01819,Security,Competitor B,60
A01819,Applications,Competitor D,75
A01820,Analytics & Data,Competitor A,62
A01820,Applications,Competitor C,85
A01821,Security,Competitor A,87
A01821,Applications,Competitor C,39
A01821,Integration,Competitor D,79
A01822,Database,Competitor D,58
A01822,Analytics & Data,Competitor C,34
A01822,AI & ML,Competitor D,28
A01822,Applications,Competitor D,24
A01823,Infrastructure,Competitor A,89
A01823,Analytics & Data,Competitor D,56
A01823,AI & ML,Competitor D,56
A01823,Security,Competitor B,17
A01823,Applications,Competitor A,21
A01824,Database,Competitor C,30
A01824,Applications,Competitor A,38
A01825,Infrastructure,Competitor D,30
A01825,Analytics & Data,Competitor D,80
A01825,Applications,Competitor A,27
A01825,Integration,Competitor A,65
A01826,Database,Competitor C,62
A01826,Analytics & Data,Competitor A,23
A01826,Applications,Competitor B,28
A01827,Infrastructure,Competitor A,41
A01827,Analytics & Data,Competitor D,19
A01827,Security,Competitor D,87
A01827,Applications,Competitor B,76
A01828,AI & ML,Competitor B,81
A01828,Security,Competitor B,82
A01828,Integration,Competitor C,24
A01829,Infrastructure,Competitor A,16
A01829,Database,Competitor A,27
A01829,Analytics & Data,Competitor D,33
A01830,Infrastructure,Competitor A,94
A01830,Database,Competitor A,78
A01831,Database,Competitor C,63
A01831,AI & ML,Competitor B,40
A01832,Applications,Competitor B,72
A01833,Infrastructure,Competitor C,54
A01833,Database,Competitor A,39
A01833,Analytics & Data,Competitor B,93
A01834,Database,Competitor B,29
A01834,Analytics & Data,Competitor A,34
A01834,Security,Competitor B,53
A01834,Applications,Competitor C,21
A01834,Integration,Competitor A,72
A01835,Infrastructure,Competitor C,26
A01836,Security,Competitor A,57
A01836,Integration,Competitor B,58
A01837,Database,Competitor D,95
A01837,Security,Competitor C,20
A01838,Infrastructure,Competitor D,77
A01838,Database,Competitor D,32
A01838,AI & ML,Competitor C,79
A01838,Security,Competitor A,43
A01839,Security,Competitor B,30
A01839,Integration,Competitor C,39
A01840,Analytics & Data,Competitor A,34
A01841,Analytics & Data,Competitor A,21
A01841,Integration,Competitor B,50
A01842,AI & ML,Competitor C,48
A01843,Database,Competitor C,31
A01843,AI & ML,Competitor D,30
A01843,Applications,Competitor A,62
A01844,Infrastructure,Competitor C,98
A01844,Database,Competitor D,61
A01844,Applications,Competitor C,98
A01845,Analytics & Data,Competitor C,51
A01845,Applications,Competitor D,96
A01846,Infrastructure,Competitor D,93
A01846,Analytics & Data,Competitor D,100
A01846,Security,Competitor C,43
A01847,AI & ML,Competitor C,29
A01847,Applications,Competitor B,86
A01847,Integration,Competitor A,89
A01848,Infrastructure,Competitor C,68
A01848,AI & ML,Competitor C,92
A01848,Applications,Competitor A,55
A01849,Infrastructure,Competitor D,46
A01849,Applications,Competitor A,77
A01850,Analytics & Data,Competitor D,23
A01850,Security,Competitor B,24
A01850,Integration,Competitor B,34
A01851,AI & ML,Competitor D,9
A01851,Security,Competitor C,55
A01851,Applications,Competitor B,62
A01851,Integration,Competitor D,22
A01852,Applications,Competitor A,51
A01853,Database,Competitor C,61
A01853,Integration,Competitor C,78
A01854,Database,Competitor B,63
A01854,Analytics & Data,Competitor B,21
A01854,AI & ML,Competitor A,17
A01854,Applications,Competitor D,26
A01855,Database,Competitor C,72
A01855,Security,Competitor D,65
A01855,Integration,Competitor D,64
A01856,Database,Competitor B,37
A01856,Analytics & Data,Competitor D,27
A01856,Applications,Competitor B,18
A01857,Integration,Competitor C,80
A01858,AI & ML,Competitor D,58
A01858,Security,Competitor D,100
A01859,AI & ML,Competitor C,16
A01859,Security,Competitor A,79
A01860,AI & ML,Competitor A,28
A01861,Applications,Competitor C,41
A01862,Database,Competitor B,49
A01862,Applications,Competitor C,25
A01862,Integration,Competitor A,70
A01863,Infrastructure,Competitor D,18
A01863,Analytics & Data,Competitor C,63
A01863,AI & ML,Competitor D,16
A01863,Applications,Competitor A,38
A01863,Integration,Competitor C,49
A01864,AI & ML,Competitor B,65
A01865,Applications,Competitor C,15
A01865,Integration,Competitor D,64
A01866,Infrastructure,Competitor A,87
A01866,Security,Competitor D,28
A01866,Applications,Competitor D,20
A01867,Database,Competitor D,100
A01867,Security,Competitor A,23
A01868,Infrastructure,Competitor A,30
A01868,AI & ML,Competitor C,22
A01868,Security,Competitor A,42
A01870,Infrastructure,Competitor C,21
A01870,Analytics & Data,Competitor A,93
A01870,AI & ML,Competitor A,31
A01870,Security,Competitor A,42
A01871,Analytics & Data,Competitor D,31
A01871,Applications,Competitor B,71
A01871,Integration,Competitor D,66
A01872,Database,Competitor D,26
A01872,Security,Competitor D,38
A01872,Applications,Competitor C,16
A01873,Infrastructure,Competitor D,49
A01873,Database,Competitor A,13
A01873,Analytics & Data,Competitor A,80
A01873,Security,Competitor B,54
A01873,Integration,Competitor D,21
A01874,Security,Competitor A,18
A01874,Applications,Competitor A,44
A01875,Infrastructure,Competitor D,61
A01875,Database,Competitor B,33
A01877,Integration,Competitor C,49
A01878,Security,Competitor B,34
A01879,AI & ML,Competitor C,23
A01879,Applications,Competitor B,60
A01880,Database,Competitor A,75
A01880,Analytics & Data,Competitor B,18
A01881,Database,Competitor B,54
A01881,AI & ML,Competitor B,10
A01882,Infrastructure,Competitor D,30
A01882,Database,Competitor C,1
A01882,AI & ML,Competitor A,39
A01882,Integration,Competitor D,60
A01883,Infrastructure,Competitor A,52
A01883,Database,Competitor B,35
A01883,Analytics & Data,Competitor D,33
A01883,Security,Competitor D,85
A01883,Integration,Competitor A,74
A01884,Infrastructure,Competitor D,72
A01884,Analytics & Data,Competitor C,27
A01884,Security,Competitor A,100
A01884,Applications,Competitor D,27
A01885,Infrastructure,Competitor C,68
A01885,Database,Competitor D,16
A01885,AI & ML,Competitor B,25
A01885,Integration,Competitor A,28
A01886,Infrastructure,Competitor D,27
A01886,AI & ML,Competitor A,61
A01886,Security,Competitor D,72
A01886,Applications,Competitor B,21
A01887,Database,Competitor A,41
A01887,Applications,Competitor A,72
A01887,Integration,Competitor B,87
A01888,Infrastructure,Competitor C,31
A01888,Integration,Competitor B,71
A01889,Infrastructure,Competitor A,34
A01889,Security,Competitor B,36
A01890,Security,Competitor C,47
A01890,Integration,Competitor C,98
A01892,Infrastructure,Competitor C,69
A01892,Database,Competitor D,49
A01892,AI & ML,Competitor B,37
A01892,Applications,Competitor B,56
A01893,Infrastructure,Competitor C,16
A01893,Integration,Competitor C,100
A01894,Infrastructure,Competitor D,93
A01894,Analytics & Data,Competitor C,98
A01894,AI & ML,Competitor B,25
A01894,Applications,Competitor C,25
A01894,Integration,Competitor B,33
A01895,Infrastructure,Competitor B,35
A01896,AI & ML,Competitor D,23
A01896,Integration,Competitor B,92
A01897,AI & ML,Competitor A,100
A01898,Analytics & Data,Competitor C,29
A01898,Applications,Competitor C,54
A01899,Infrastructure,Competitor D,25
A01899,Database,Competitor C,27
A01899,AI & ML,Competitor D,21
A01899,Applications,Competitor C,100
A01900,Applications,Competitor A,65
A01901,Analytics & Data,Competitor C,100
A01901,AI & ML,Competitor B,80
A01902,Security,Competitor C,66
A01903,Infrastructure,Competitor B,34
A01903,Analytics & Data,Competitor D,60
A01903,Applications,Competitor A,28
A01904,Applications,Competitor A,67
A01904,Integration,Competitor A,45
A01905,Infrastructure,Competitor C,33
A01905,Database,Competitor D,40
A01905,AI & ML,Competitor C,39
A01905,Security,Competitor C,88
A01906,Applications,Competitor A,49
A01906,Integration,Competitor C,34
A01907,Infrastructure,Competitor D,48
A01907,Database,Competitor A,51
A01907,Integration,Competitor D,82
A01908,Applications,Competitor B,76
A01909,Database,Competitor A,5
A01910,Infrastructure,Competitor D,84
A01910,Database,Competitor C,74
A01911,AI & ML,Competitor D,81
A01912,Infrastructure,Competitor A,35
A01912,Analytics & Data,Competitor B,35
A01912,Applications,Competitor A,68
A01912,Integration,Competitor C,76
A01913,Analytics & Data,Competitor D,20
A01913,AI & ML,Competitor C,55
A01913,Applications,Competitor B,73
A01913,Integration,Competitor C,43
A01914,Database,Competitor A,23
A01914,Security,Competitor B,33
A01915,Security,Competitor A,94
A01915,Applications,Competitor D,71
A01916,Database,Competitor D,20
A01916,AI & ML,Competitor A,34
A01916,Security,Competitor C,26
A01917,Security,Competitor B,19
A01918,Analytics & Data,Competitor A,52
A01919,AI & ML,Competitor A,67
A01919,Applications,Competitor A,88
A01920,Infrastructure,Competitor C,23
A01920,Analytics & Data,Competitor C,37
A01920,Security,Competitor D,48
A01920,Integration,Competitor A,23
A01921,Integration,Competitor D,58
A01922,Infrastructure,Competitor C,53
A01922,Analytics & Data,Competitor B,11
A01922,Security,Competitor C,92
A01922,Applications,Competitor B,44
A01924,Database,Competitor D,56
A01925,AI & ML,Competitor B,15
A01925,Security,Competitor D,25
A01925,Applications,Competitor A,69
A01925,Integration,Competitor C,62
A01926,Security,Competitor A,85
A01927,Security,Competitor C,52
A01928,Database,Competitor B,36
A01928,Analytics & Data,Competitor A,65
A01928,Security,Competitor D,85
A01928,Applications,Competitor B,94
A01929,AI & ML,Competitor A,12
A01929,Applications,Competitor D,42
A01930,Applications,Competitor A,58
A01931,AI & ML,Competitor B,22
A01933,AI & ML,Competitor D,58
A01933,Security,Competitor D,31
A01934,Infrastructure,Competitor D,47
A01934,Security,Competitor B,14
A01934,Applications,Competitor D,63
A01935,Infrastructure,Competitor D,34
A01936,Database,Competitor B,16
A01936,Security,Competitor C,66
A01936,Applications,Competitor B,30
A01936,Integration,Competitor C,80
A01937,Infrastructure,Competitor C,51
A01937,Database,Competitor A,34
A01938,AI & ML,Competitor C,37
A01938,Security,Competitor D,66
A01938,Integration,Competitor D,94
A01939,Infrastructure,Competitor D,94
A01939,Database,Competitor A,48
A01939,Security,Competitor A,75
A01940,Infrastructure,Competitor D,8
A01940,AI & ML,Competitor C,68
A01941,Database,Competitor A,36
A01941,Analytics & Data,Competitor A,23
A01941,Security,Competitor A,45
A01941,Integration,Competitor A,14
A01943,Infrastructure,Competitor C,45
A01943,Analytics & Data,Competitor B,49
A01943,AI & ML,Competitor B,95
A01944,Infrastructure,Competitor C,29
A01944,Analytics & Data,Competitor D,24
A01944,Integration,Competitor D,83
A01945,Infrastructure,Competitor C,78
A01945,Database,Competitor C,84
A01945,Analytics & Data,Competitor B,63
A01946,Infrastructure,Competitor D,26
A01946,Analytics & Data,Competitor C,25
A01946,Security,Competitor C,53
A01946,Applications,Competitor A,83
A01946,Integration,Competitor B,19
A01947,Database,Competitor C,35
A01947,Analytics & Data,Competitor B,48
A01948,Database,Competitor A,45
A01948,Analytics & Data,Competitor C,75
A01949,Infrastructure,Competitor B,23
A01949,Database,Competitor A,29
A01949,Analytics & Data,Competitor B,74
A01949,AI & ML,Competitor D,37
A01950,Database,Competitor D,21
A01950,AI & ML,Competitor B,73
A01950,Security,Competitor A,64
A01951,Database,Competitor D,17
A01951,AI & ML,Competitor A,86
A01951,Applications,Competitor D,61
A01952,Analytics & Data,Competitor B,26
A01952,Integration,Competitor B,38
A01953,Applications,Competitor B,34
A01953,Integration,Competitor B,20
A01954,Infrastructure,Competitor C,12
A01954,Database,Competitor A,14
A01955,AI & ML,Competitor D,100
A01955,Security,Competitor B,28
A01956,Infrastructure,Competitor D,48
A01956,Security,Competitor D,95
A01957,Infrastructure,Competitor C,78
A01957,AI & ML,Competitor C,91
A01959,Database,Competitor D,71
A01959,AI & ML,Competitor D,70
A01960,Analytics & Data,Competitor C,98
A01960,Security,Competitor D,56
A01960,Applications,Competitor C,24
A01961,Infrastructure,Competitor A,62
A01962,Analytics & Data,Competitor A,95
A01962,Security,Competitor D,87
A01962,Applications,Competitor A,29
A01962,Integration,Competitor A,12
A01963,Integration,Competitor D,83
A01964,Database,Competitor B,33
A01964,AI & ML,Competitor B,20
A01964,Applications,Competitor C,86
A01965,Security,Competitor A,59
A01965,Integration,Competitor A,18
A01966,Analytics & Data,Competitor C,100
A01966,AI & ML,Competitor B,36
A01966,Security,Competitor C,38
A01967,Database,Competitor B,0
A01967,Security,Competitor A,100
A01968,Infrastructure,Competitor C,50
A01968,Analytics & Data,Competitor B,79
A01968,Applications,Competitor A,28
A01969,Security,Competitor D,29
A01969,Applications,Competitor A,76
A01971,Database,Competitor D,78
A01971,Analytics & Data,Competitor C,19
A01971,Security,Competitor D,40
A01972,Database,Competitor B,62
A01972,Analytics & Data,Competitor C,20
A01972,Security,Competitor A,70
A01973,Infrastructure,Competitor C,2
A01973,Security,Competitor D,34
A01974,Security,Competitor C,9
A01974,Applications,Competitor A,99
A01975,Database,Competitor D,26
A01975,AI & ML,Competitor B,89
A01976,Database,Competitor A,100
A01976,Analytics & Data,Competitor B,85
A01977,Applications,Competitor A,23
A01978,Infrastructure,Competitor B,55
A01978,Analytics & Data,Competitor A,26
A01978,AI & ML,Competitor A,100
A01979,Infrastructure,Competitor B,83
A01979,Database,Competitor D,63
A01979,Analytics & Data,Competitor B,13
A01979,AI & ML,Competitor C,56
A01980,Infrastructure,Competitor D,10
A01980,AI & ML,Competitor B,92
A01980,Security,Competitor B,92
A01980,Applications,Competitor A,47
A01981,Security,Competitor A,58
A01981,Integration,Competitor C,98
A01982,Analytics & Data,Competitor A,86
A01982,AI & ML,Competitor D,88
A01983,Database,Competitor A,29
A01983,AI & ML,Competitor C,79
A01984,Database,Competitor D,31
A01984,AI & ML,Competitor C,20
A01984,Security,Competitor D,76
A01985,Database,Competitor B,84
A01985,Applications,Competitor C,65
A01986,Infrastructure,Competitor B,45
A01986,Database,Competitor A,51
A01986,Security,Competitor A,32
A01986,Applications,Competitor D,13
A01986,Integration,Competitor D,87
A01987,Infrastructure,Competitor A,50
A01987,Database,Competitor D,93
A01987,AI & ML,Competitor B,65
A01987,Security,Competitor D,84
A01987,Applications,Competitor C,24
A01987,Integration,Competitor D,37
A01988,Database,Competitor A,26
A01988,AI & ML,Competitor D,58
A01989,Security,Competitor D,36
A01989,Applications,Competitor B,68
A01989,Integration,Competitor B,100
A01990,Infrastructure,Competitor A,59
A01991,Infrastructure,Competitor D,35
A01991,Database,Competitor B,63
A01991,Applications,Competitor A,51
A01991,Integration,Competitor A,11
A01993,Analytics & Data,Competitor C,20
A01993,Applications,Competitor A,65
A01993,Integration,Competitor D,72
A01994,Infrastructure,Competitor A,46
A01995,Security,Competitor A,25
A01996,Database,Competitor C,49
A01996,Analytics & Data,Competitor A,40
A01996,AI & ML,Competitor D,43
A01996,Integration,Competitor B,53
A01997,Analytics & Data,Competitor C,84
A01997,Integration,Competitor C,70
A01998,Security,Competitor C,59
A01998,Integration,Competitor B,36
A01999,Infrastructure,Competitor B,12
A01999,Analytics & Data,Competitor D,53
A01999,Security,Competitor C,84
A01999,Applications,Competitor D,61
A02000,Analytics & Data,Competitor C,45
A02000,AI & ML,Competitor A,68
A02001,Infrastructure,Competitor A,74
A02001,AI & ML,Competitor A,96
A02001,Applications,Competitor B,100
A02003,Analytics & Data,Competitor B,27
A02003,Security,Competitor B,53
A02003,Integration,Competitor A,27
A02005,Database,Competitor D,15
A02005,AI & ML,Competitor B,68
A02005,Security,Competitor C,79
A02005,Applications,Competitor B,15
A02005,Integration,Competitor A,41
A02006,Analytics & Data,Competitor A,57
A02006,AI & ML,Competitor D,74
A02006,Security,Competitor C,35
A02006,Applications,Competitor D,37
A02007,Infrastructure,Competitor B,57
A02007,Analytics & Data,Competitor A,86
A02007,AI & ML,Competitor D,38
A02008,Infrastructure,Competitor A,47
A02008,Database,Competitor C,10
A02008,Integration,Competitor D,73
A02009,Database,Competitor A,32
A02010,Infrastructure,Competitor C,74
A02010,Security,Competitor A,37
A02010,Applications,Competitor D,57
A02011,Database,Competitor A,36
A02011,AI & ML,Competitor C,84
A02011,Security,Competitor C,45
A02011,Integration,Competitor C,100
A02012,AI & ML,Competitor A,86
A02012,Security,Competitor A,65
A02012,Integration,Competitor A,65
A02013,Infrastructure,Competitor C,86
A02013,Analytics & Data,Competitor A,28
A02013,AI & ML,Competitor A,72
A02013,Applications,Competitor D,24
A02014,Infrastructure,Competitor A,70
A02014,Database,Competitor A,28
A02014,Analytics & Data,Competitor D,100
A02015,Database,Competitor B,36
A02015,Analytics & Data,Competitor A,42
A02015,Security,Competitor C,91
A02015,Integration,Competitor C,83
A02016,Infrastructure,Competitor B,58
A02016,Analytics & Data,Competitor B,12
A02016,AI & ML,Competitor A,76
A02017,Analytics & Data,Competitor D,43
A02018,Infrastructure,Competitor D,38
A02018,Database,Competitor B,76
A02018,Analytics & Data,Competitor D,10
A02019,Infrastructure,Competitor B,42
A02019,Analytics & Data,Competitor C,40
A02019,Security,Competitor D,65
A02019,Applications,Competitor D,83
A02020,AI & ML,Competitor D,28
A02020,Security,Competitor A,38
A02021,Infrastructure,Competitor A,22
A02021,Database,Competitor C,17
A02021,Analytics & Data,Competitor A,25
A02021,AI & ML,Competitor C,27
A02023,Database,Competitor D,68
A02023,Security,Competitor A,97
A02024,AI & ML,Competitor D,51
A02024,Security,Competitor C,97
A02025,AI & ML,Competitor A,30
A02025,Security,Competitor D,85
A02025,Integration,Competitor C,47
A02026,Security,Competitor B,72
A02027,Infrastructure,Competitor B,10
A02027,Analytics & Data,Competitor B,52
A02028,Database,Competitor A,74
A02028,Applications,Competitor B,61
A02029,Analytics & Data,Competitor A,47
A02029,Security,Competitor B,50
A02029,Integration,Competitor A,68
A02030,Security,Competitor C,38
A02030,Applications,Competitor A,96
A02031,Infrastructure,Competitor A,30
A02031,Database,Competitor C,73
A02031,AI & ML,Competitor A,91
A02031,Security,Competitor C,65
A02032,Database,Competitor D,17
A02032,Analytics & Data,Competitor D,72
A02032,Security,Competitor D,51
A02032,Applications,Competitor B,31
A02033,Analytics & Data,Competitor B,51
A02033,Security,Competitor D,78
A02034,Analytics & Data,Competitor A,22
A02035,AI & ML,Competitor C,81
A02037,Database,Competitor D,89
A02037,Security,Competitor D,37
A02037,Applications,Competitor C,74
A02037,Integration,Competitor D,26
A02038,Infrastructure,Competitor B,25
A02038,Security,Competitor C,54
A02038,Integration,Competitor A,55
A02040,Infrastructure,Competitor C,92
A02040,AI & ML,Competitor A,40
A02040,Security,Competitor A,24
A02040,Integration,Competitor D,84
A02041,Database,Competitor A,62
A02041,AI & ML,Competitor B,42
A02041,Security,Competitor C,66
A02041,Applications,Competitor C,48
A02041,Integration,Competitor B,87
A02042,Applications,Competitor C,95
A02043,Analytics & Data,Competitor B,14
A02043,AI & ML,Competitor B,75
A02043,Security,Competitor C,40
A02043,Integration,Competitor D,33
A02044,Analytics & Data,Competitor C,36
A02044,Integration,Competitor D,25
A02045,Database,Competitor A,64
A02046,Database,Competitor A,23
A02046,AI & ML,Competitor A,32
A02046,Integration,Competitor D,81
A02047,AI & ML,Competitor A,69
A02047,Security,Competitor B,9
A02048,Database,Competitor A,66
A02048,Security,Competitor B,92
A02048,Applications,Competitor B,53
A02048,Integration,Competitor C,30
A02049,Infrastructure,Competitor C,63
A02049,Database,Competitor B,27
A02050,AI & ML,Competitor D,79
A02051,Database,Competitor A,95
A02051,Security,Competitor D,67
A02051,Applications,Competitor B,23
A02051,Integration,Competitor A,21
A02052,Security,Competitor A,50
A02052,Integration,Competitor D,67
A02053,Database,Competitor C,13
A02053,Security,Competitor D,94
A02053,Applications,Competitor A,54
A02054,Analytics & Data,Competitor A,24
A02054,AI & ML,Competitor A,19
A02054,Security,Competitor B,56
A02055,Integration,Competitor C,79
A02056,AI & ML,Competitor B,34
A02056,Security,Competitor D,80
A02057,Infrastructure,Competitor B,45
A02057,Database,Competitor A,92
A02057,Analytics & Data,Competitor B,63
A02057,Applications,Competitor A,100
A02057,Integration,Competitor C,99
A02058,Infrastructure,Competitor A,70
A02059,Analytics & Data,Competitor C,46
A02059,Integration,Competitor D,24
A02060,Infrastructure,Competitor B,26
A02060,Security,Competitor A,36
A02061,Infrastructure,Competitor C,100
A02061,Database,Competitor B,15
A02061,Applications,Competitor D,19
A02061,Integration,Competitor D,23
A02062,Applications,Competitor B,7
A02063,Database,Competitor C,30
A02063,Security,Competitor B,20
A02063,Applications,Competitor C,81
A02064,Analytics & Data,Competitor B,80
A02064,Security,Competitor B,20
A02065,Database,Competitor D,55
A02065,Analytics & Data,Competitor D,29
A02065,Security,Competitor D,46
A02066,AI & ML,Competitor B,58
A02067,Analytics & Data,Competitor D,34
A02067,AI & ML,Competitor A,32
A02068,Infrastructure,Competitor B,23
A02069,Infrastructure,Competitor B,22
A02069,Analytics & Data,Competitor B,35
A02069,Applications,Competitor A,100
A02070,Infrastructure,Competitor D,62
A02070,Database,Competitor C,60
A02070,Applications,Competitor C,50
A02071,Infrastructure,Competitor C,99
A02071,Analytics & Data,Competitor B,56
A02071,AI & ML,Competitor D,63
A02072,Infrastructure,Competitor C,30
A02072,Integration,Competitor B,16
A02073,Analytics & Data,Competitor B,95
A02073,AI & ML,Competitor A,85
A02073,Security,Competitor B,44
A02074,Infrastructure,Competitor D,49
A02074,AI & ML,Competitor B,30
A02074,Security,Competitor C,28
A02074,Applications,Competitor B,55
A02075,Infrastructure,Competitor C,69
A02075,Analytics & Data,Competitor C,85
A02075,Security,Competitor D,45
A02076,Applications,Competitor D,23
A02076,Integration,Competitor A,75
A02077,Database,Competitor D,74
A02077,AI & ML,Competitor C,82
A02078,AI & ML,Competitor D,71
A02078,Applications,Competitor C,26
A02078,Integration,Competitor B,27
A02079,Infrastructure,Competitor D,28
A02079,Integration,Competitor A,64
A02080,Database,Competitor B,54
A02080,Integration,Competitor A,51
A02081,Infrastructure,Competitor B,39
A02081,Security,Competitor A,37
A02082,Database,Competitor A,52
A02082,Analytics & Data,Competitor A,30
A02082,Security,Competitor D,42
A02083,Applications,Competitor B,80
A02084,Infrastructure,Competitor A,29
A02084,Security,Competitor D,23
A02085,Analytics & Data,Competitor D,60
A02085,AI & ML,Competitor C,91
A02085,Applications,Competitor C,100
A02086,Infrastructure,Competitor B,40
A02086,Database,Competitor A,78
A02087,Applications,Competitor D,54
A02088,Database,Competitor D,46
A02088,Applications,Competitor C,60
A02089,Database,Competitor D,64
A02089,Analytics & Data,Competitor B,22
A02089,AI & ML,Competitor B,28
A02089,Security,Competitor C,19
A02089,Applications,Competitor B,36
A02091,Database,Competitor D,47
A02091,Analytics & Data,Competitor A,48
A02091,AI & ML,Competitor D,34
A02091,Security,Competitor A,63
A02091,Integration,Competitor C,43
A02092,Infrastructure,Competitor A,35
A02092,Integration,Competitor C,53
A02093,Infrastructure,Competitor B,68
A02093,AI & ML,Competitor B,44
A02093,Security,Competitor B,36
A02094,Analytics & Data,Competitor C,91
A02094,Integration,Competitor A,70
A02095,Infrastructure,Competitor B,29
A02096,Database,Competitor C,26
A02096,Analytics & Data,Competitor D,100
A02096,AI & ML,Competitor B,88
A02096,Security,Competitor A,54
A02097,Infrastructure,Competitor A,41
A02097,AI & ML,Competitor B,49
A02097,Security,Competitor C,43
A02098,Database,Competitor B,99
A02098,Analytics & Data,Competitor A,92
A02098,Applications,Competitor C,100
A02099,Infrastructure,Competitor B,81
A02099,AI & ML,Competitor D,98
A02100,Database,Competitor B,20
A02100,AI & ML,Competitor D,21
A02100,Security,Competitor C,56
A02100,Applications,Competitor A,94
A02100,Integration,Competitor C,4
A02101,Integration,Competitor A,55
A02102,Infrastructure,Competitor D,89
A02102,Database,Competitor B,45
A02102,Analytics & Data,Competitor C,30
A02102,AI & ML,Competitor A,34
A02103,AI & ML,Competitor A,36
A02103,Integration,Competitor D,5
A02104,Analytics & Data,Competitor B,28
A02104,AI & ML,Competitor B,38
A02104,Applications,Competitor C,73
A02104,Integration,Competitor C,38
A02105,Security,Competitor A,58
A02106,Database,Competitor C,27
A02107,Analytics & Data,Competitor C,100
A02107,Security,Competitor D,33
A02107,Applications,Competitor C,23
A02107,Integration,Competitor A,38
A02108,Infrastructure,Competitor A,24
A02108,Analytics & Data,Competitor C,46
A02109,Infrastructure,Competitor D,70
A02109,Security,Competitor A,53
A02109,Applications,Competitor C,33
A02109,Integration,Competitor B,97
A02110,Infrastructure,Competitor D,83
A02110,Security,Competitor B,94
A02110,Integration,Competitor A,26
A02111,Infrastructure,Competitor D,19
A02111,Applications,Competitor C,46
A02112,AI & ML,Competitor D,10
A02112,Applications,Competitor B,16
A02113,Infrastructure,Competitor B,35
A02113,Applications,Competitor D,26
A02114,Analytics & Data,Competitor D,34
A02114,AI & ML,Competitor A,86
A02114,Security,Competitor D,74
A02114,Applications,Competitor C,50
A02114,Integration,Competitor C,51
A02115,Infrastructure,Competitor B,97
A02115,AI & ML,Competitor C,70
A02115,Integration,Competitor B,70
A02116,Infrastructure,Competitor A,22
A02116,Security,Competitor A,29
A02116,Applications,Competitor A,72
A02117,Analytics & Data,Competitor B,22
A02117,AI & ML,Competitor C,22
A02117,Security,Competitor A,52
A02117,Integration,Competitor C,74
A02118,Database,Competitor C,24
A02118,Analytics & Data,Competitor B,92
A02118,AI & ML,Competitor C,27
A02119,Analytics & Data,Competitor C,74
A02120,Database,Competitor C,45
A02120,AI & ML,Competitor A,54
A02120,Applications,Competitor D,9
A02121,Analytics & Data,Competitor B,26
A02121,Applications,Competitor B,20
A02122,AI & ML,Competitor A,87
A02122,Security,Competitor A,27
A02122,Integration,Competitor C,79
A02123,Database,Competitor D,100
A02123,AI & ML,Competitor B,15
A02124,Infrastructure,Competitor D,85
A02124,Analytics & Data,Competitor B,32
A02124,Applications,Competitor C,26
A02125,AI & ML,Competitor C,60
A02125,Applications,Competitor C,55
A02126,Analytics & Data,Competitor B,91
A02126,Applications,Competitor D,31
A02127,Analytics & Data,Competitor D,31
A02127,Security,Competitor B,100
A02127,Integration,Competitor D,92
A02128,Analytics & Data,Competitor C,64
A02128,Applications,Competitor D,32
A02128,Integration,Competitor C,5
A02129,AI & ML,Competitor D,15
A02129,Applications,Competitor B,22
A02129,Integration,Competitor C,85
A02130,Applications,Competitor D,71
A02131,Applications,Competitor A,32
A02132,Database,Competitor B,71
A02132,AI & ML,Competitor C,47
A02132,Applications,Competitor A,65
A02133,Database,Competitor D,88
A02133,Security,Competitor B,94
A02133,Integration,Competitor A,35
A02134,Infrastructure,Competitor B,73
A02134,Analytics & Data,Competitor A,96
A02134,Security,Competitor B,28
A02134,Integration,Competitor D,57
A02135,Infrastructure,Competitor D,97
A02135,Analytics & Data,Competitor C,24
A02135,Security,Competitor C,51
A02136,Infrastructure,Competitor C,33
A02136,Database,Competitor C,81
A02137,Database,Competitor D,47
A02139,Database,Competitor D,93
A02139,AI & ML,Competitor A,6
A02139,Integration,Competitor A,73
A02140,AI & ML,Competitor D,58
A02141,Infrastructure,Competitor D,33
A02141,Security,Competitor D,31
A02142,Infrastructure,Competitor A,47
A02142,Analytics & Data,Competitor B,57
A02142,Security,Competitor D,27
A02142,Integration,Competitor A,48
A02143,Security,Competitor D,25
A02143,Integration,Competitor C,20
A02144,Infrastructure,Competitor C,71
A02144,Applications,Competitor B,71
A02145,Analytics & Data,Competitor C,33
A02146,Database,Competitor A,70
A02147,Analytics & Data,Competitor D,72
A02147,AI & ML,Competitor D,27
A02147,Integration,Competitor D,23
A02148,Applications,Competitor B,81
A02148,Integration,Competitor D,23
A02149,Database,Competitor C,100
A02149,AI & ML,Competitor C,96
A02150,AI & ML,Competitor B,31
A02150,Security,Competitor B,57
A02150,Integration,Competitor C,86
A02151,Infrastructure,Competitor B,48
A02151,AI & ML,Competitor B,80
A02151,Integration,Competitor B,48
A02152,Database,Competitor A,61
A02153,AI & ML,Competitor A,52
A02153,Security,Competitor A,44
A02153,Applications,Competitor B,89
A02154,Infrastructure,Competitor C,32
A02154,Integration,Competitor D,53
A02156,Analytics & Data,Competitor D,14
A02156,AI & ML,Competitor A,53
A02156,Integration,Competitor A,52
A02157,Integration,Competitor C,39
A02158,Infrastructure,Competitor B,73
A02158,AI & ML,Competitor C,46
A02158,Integration,Competitor C,42
A02159,Database,Competitor A,54
A02159,Applications,Competitor D,44
A02160,Infrastructure,Competitor D,16
A02160,Database,Competitor C,81
A02161,AI & ML,Competitor A,58
A02161,Security,Competitor C,84
A02161,Integration,Competitor A,16
A02162,Database,Competitor B,16
A02162,Applications,Competitor A,73
A02163,Database,Competitor B,34
A02163,Analytics & Data,Competitor D,78
A02163,Applications,Competitor B,16
A02164,Database,Competitor C,13
A02164,Analytics & Data,Competitor D,30
A02164,Security,Competitor C,43
A02164,Applications,Competitor D,89
A02165,Integration,Competitor B,91
A02166,Infrastructure,Competitor B,10
A02166,Analytics & Data,Competitor D,67
A02166,Applications,Competitor C,91
A02167,Infrastructure,Competitor D,24
A02167,AI & ML,Competitor C,35
A02167,Security,Competitor B,26
A02168,Analytics & Data,Competitor A,62
A02168,Applications,Competitor D,37
A02170,Infrastructure,Competitor B,67
A02170,Analytics & Data,Competitor A,23
A02170,AI & ML,Competitor A,26
A02170,Applications,Competitor B,75
A02171,Database,Competitor C,52
A02172,Analytics & Data,Competitor B,62
A02172,Security,Competitor D,38
A02172,Applications,Competitor D,24
A02172,Integration,Competitor A,41
A02173,AI & ML,Competitor A,20
A02173,Integration,Competitor A,22
A02174,Analytics & Data,Competitor A,37
A02175,Database,Competitor D,18
A02175,Analytics & Data,Competitor D,34
A02175,AI & ML,Competitor A,17
A02175,Security,Competitor D,59
A02175,Integration,Competitor C,69
A02176,Infrastructure,Competitor C,19
A02176,AI & ML,Competitor D,85
A02177,Analytics & Data,Competitor B,32
A02177,AI & ML,Competitor B,23
A02177,Security,Competitor C,92
A02177,Integration,Competitor B,28
A02178,Infrastructure,Competitor A,60
A02178,Analytics & Data,Competitor C,66
A02179,Analytics & Data,Competitor C,32
A02179,Integration,Competitor B,31
A02180,Database,Competitor C,70
A02180,Integration,Competitor C,96
A02181,Infrastructure,Competitor B,76
A02181,Integration,Competitor B,25
A02182,Analytics & Data,Competitor C,19
A02182,AI & ML,Competitor A,57
A02183,Database,Competitor D,29
A02183,Security,Competitor D,70
A02183,Applications,Competitor D,31
A02184,AI & ML,Competitor D,38
A02184,Applications,Competitor B,44
A02185,Database,Competitor D,9
A02185,Analytics & Data,Competitor A,25
A02185,AI & ML,Competitor D,41
A02185,Security,Competitor D,100
A02186,Analytics & Data,Competitor D,66
A02186,Security,Competitor C,81
A02186,Integration,Competitor D,12
A02187,AI & ML,Competitor B,36
A02187,Security,Competitor A,18
A02188,Infrastructure,Competitor A,65
A02188,Security,Competitor D,29
A02189,Security,Competitor C,44
A02189,Applications,Competitor A,1
A02190,Analytics & Data,Competitor C,38
A02190,AI & ML,Competitor A,97
A02190,Security,Competitor B,100
A02191,Database,Competitor D,29
A02191,AI & ML,Competitor D,24
A02192,Security,Competitor C,10
A02193,AI & ML,Competitor D,92
A02193,Applications,Competitor A,96
A02194,Infrastructure,Competitor A,77
A02194,Database,Competitor B,86
A02194,Integration,Competitor A,25
A02195,Infrastructure,Competitor D,32
A02195,Security,Competitor C,86
A02196,Security,Competitor A,27
A02197,Database,Competitor A,34
A02197,AI & ML,Competitor B,19
A02197,Applications,Competitor D,40
A02198,Database,Competitor C,45
A02198,Security,Competitor A,59
A02198,Applications,Competitor D,44
A02198,Integration,Competitor D,39
A02199,Applications,Competitor D,27
A02199,Integration,Competitor D,28
A02200,Security,Competitor A,28
A02200,Applications,Competitor C,74
A02200,Integration,Competitor C,72
A02201,Infrastructure,Competitor A,37
A02201,Database,Competitor C,33
A02201,Integration,Competitor D,42
A02202,Infrastructure,Competitor C,52
A02202,Database,Competitor D,79
A02202,Analytics & Data,Competitor B,50
A02203,Analytics & Data,Competitor C,49
A02203,AI & ML,Competitor C,14
A02203,Security,Competitor C,85
A02203,Integration,Competitor B,16
A02204,Analytics & Data,Competitor A,10
A02204,AI & ML,Competitor C,66
A02204,Integration,Competitor B,25
A02205,Security,Competitor A,52
A02206,Infrastructure,Competitor C,53
A02206,Database,Competitor A,21
A02206,Security,Competitor B,28
A02206,Applications,Competitor C,31
A02207,Security,Competitor B,65
A02208,Infrastructure,Competitor B,14
A02208,Database,Competitor D,38
A02208,Integration,Competitor D,30
A02209,AI & ML,Competitor D,60
A02209,Security,Competitor D,69
A02210,Database,Competitor D,78
A02210,Analytics & Data,Competitor B,93
A02211,Security,Competitor A,75
A02211,Integration,Competitor C,86
A02212,Infrastructure,Competitor A,27
A02212,Database,Competitor A,72
A02213,Infrastructure,Competitor D,92
A02213,AI & ML,Competitor C,35
A02213,Security,Competitor D,100
A02213,Applications,Competitor C,44
A02213,Integration,Competitor A,86
A02214,Analytics & Data,Competitor A,58
A02214,Applications,Competitor B,83
A02215,Analytics & Data,Competitor A,72
A02215,Security,Competitor C,29
A02215,Integration,Competitor A,36
A02216,Database,Competitor A,92
A02216,AI & ML,Competitor A,32
A02216,Integration,Competitor A,80
A02217,Applications,Competitor A,32
A02218,Integration,Competitor D,24
A02219,Analytics & Data,Competitor D,2
A02219,Integration,Competitor B,15
A02220,Infrastructure,Competitor C,12
A02220,Database,Competitor C,45
A02220,Analytics & Data,Competitor B,34
A02220,AI & ML,Competitor A,29
A02220,Security,Competitor A,44
A02220,Applications,Competitor A,56
A02221,Infrastructure,Competitor D,41
A02221,Integration,Competitor B,66
A02222,Infrastructure,Competitor A,64
A02222,Analytics & Data,Competitor C,71
A02222,Integration,Competitor B,44
A02223,Database,Competitor B,9
A02223,AI & ML,Competitor B,35
A02223,Applications,Competitor A,37
A02224,Analytics & Data,Competitor B,39
A02224,Security,Competitor B,66
A02225,AI & ML,Competitor D,31
A02225,Security,Competitor A,83
A02226,Infrastructure,Competitor C,55
A02226,Database,Competitor B,55
A02227,Database,Competitor A,72
A02227,Applications,Competitor B,100
A02227,Integration,Competitor D,43
A02228,Infrastructure,Competitor A,38
A02228,Database,Competitor A,100
A02229,Database,Competitor C,32
A02229,Applications,Competitor D,44
A02229,Integration,Competitor A,26
A02230,Security,Competitor D,32
A02231,Applications,Competitor D,27
A02232,AI & ML,Competitor B,94
A02233,Infrastructure,Competitor D,55
A02233,Database,Competitor C,73
A02233,AI & ML,Competitor C,27
A02233,Integration,Competitor B,20
A02234,Database,Competitor A,25
A02234,Analytics & Data,Competitor B,35
A02235,Infrastructure,Competitor A,58
A02235,Integration,Competitor D,32
A02236,Integration,Competitor C,100
A02237,Analytics & Data,Competitor D,52
A02237,AI & ML,Competitor D,70
A02238,Analytics & Data,Competitor B,76
A02239,Infrastructure,Competitor D,57
A02239,Integration,Competitor A,60
A02240,Security,Competitor B,37
A02240,Integration,Competitor B,64
A02241,Database,Competitor B,31
A02242,Infrastructure,Competitor C,37
A02242,Analytics & Data,Competitor A,17
A02242,Security,Competitor C,34
A02242,Applications,Competitor C,61
A02242,Integration,Competitor C,27
A02243,Database,Competitor B,60
A02243,Analytics & Data,Competitor B,40
A02243,AI & ML,Competitor B,79
A02244,Security,Competitor B,26
A02244,Applications,Competitor C,26
A02245,Integration,Competitor D,57
A02246,Infrastructure,Competitor C,55
A02246,Database,Competitor B,16
A02246,Applications,Competitor A,32
A02247,Analytics & Data,Competitor C,49
A02247,Integration,Competitor C,93
A02248,AI & ML,Competitor C,24
A02248,Security,Competitor B,99
A02248,Applications,Competitor D,32
A02248,Integration,Competitor C,71
A02249,Infrastructure,Competitor A,45
A02249,Database,Competitor A,5
A02249,Security,Competitor D,31
A02250,AI & ML,Competitor D,78
A02250,Security,Competitor D,63
A02251,Database,Competitor C,78
A02251,Analytics & Data,Competitor D,57
A02251,AI & ML,Competitor B,100
A02252,AI & ML,Competitor A,48
A02253,Database,Competitor C,63
A02253,Analytics & Data,Competitor A,53
A02253,AI & ML,Competitor B,29
A02253,Applications,Competitor A,43
A02254,Database,Competitor C,99
A02254,Analytics & Data,Competitor A,96
A02254,AI & ML,Competitor A,75
A02254,Applications,Competitor C,68
A02255,Security,Competitor D,69
A02255,Integration,Competitor A,55
A02256,Analytics & Data,Competitor A,88
A02256,Integration,Competitor A,98
A02257,Infrastructure,Competitor D,47
A02257,AI & ML,Competitor C,25
A02257,Security,Competitor B,22
A02257,Integration,Competitor B,58
A02258,Analytics & Data,Competitor A,81
A02259,Analytics & Data,Competitor C,93
A02259,Integration,Competitor D,76
A02260,Analytics & Data,Competitor A,29
A02262,Database,Competitor D,68
A02262,Security,Competitor B,0
A02262,Applications,Competitor A,59
A02263,Infrastructure,Competitor D,46
A02263,AI & ML,Competitor D,28
A02263,Security,Competitor B,84
A02264,Integration,Competitor A,32
A02265,Applications,Competitor A,73
A02266,Infrastructure,Competitor A,16
A02266,Database,Competitor A,47
A02268,AI & ML,Competitor C,84
A02268,Applications,Competitor D,48
A02269,Infrastructure,Competitor B,13
A02269,Database,Competitor A,93
A02269,Integration,Competitor A,32
A02270,Database,Competitor B,47
A02270,AI & ML,Competitor C,27
A02270,Integration,Competitor B,80
A02271,Infrastructure,Competitor A,19
A02271,Database,Competitor C,28
A02271,Security,Competitor A,21
A02272,Database,Competitor C,33
A02272,Analytics & Data,Competitor A,51
A02272,AI & ML,Competitor A,24
A02272,Security,Competitor C,41
A02272,Applications,Competitor B,55
A02273,Infrastructure,Competitor C,23
A02273,Database,Competitor D,69
A02273,AI & ML,Competitor C,25
A02273,Integration,Competitor C,98
A02274,Analytics & Data,Competitor D,71
A02274,AI & ML,Competitor D,44
A02275,Infrastructure,Competitor A,99
A02275,Analytics & Data,Competitor C,27
A02276,Database,Competitor C,71
A02276,Analytics & Data,Competitor D,37
A02277,Database,Competitor C,7
A02277,AI & ML,Competitor C,35
A02277,Security,Competitor A,86
A02277,Integration,Competitor A,69
A02278,Analytics & Data,Competitor A,71
A02279,Infrastructure,Competitor A,88
A02279,Database,Competitor D,84
A02279,Analytics & Data,Competitor B,26
A02279,Applications,Competitor D,22
A02279,Integration,Competitor D,100
A02280,Infrastructure,Competitor C,63
A02280,Analytics & Data,Competitor D,55
A02281,Analytics & Data,Competitor B,19
A02281,Integration,Competitor A,100
A02282,Infrastructure,Competitor D,42
A02282,Integration,Competitor D,43
A02283,Analytics & Data,Competitor C,47
A02283,Security,Competitor C,36
A02283,Integration,Competitor A,45
A02284,Database,Competitor D,56
A02284,AI & ML,Competitor D,35
A02286,Security,Competitor D,39
A02286,Applications,Competitor A,24
A02287,AI & ML,Competitor A,11
A02288,Infrastructure,Competitor D,17
A02288,Analytics & Data,Competitor B,50
A02288,AI & ML,Competitor A,40
A02288,Applications,Competitor B,54
A02289,AI & ML,Competitor B,57
A02289,Security,Competitor C,75
A02290,AI & ML,Competitor B,63
A02290,Applications,Competitor B,65
A02290,Integration,Competitor D,29
A02291,Analytics & Data,Competitor C,66
A02292,AI & ML,Competitor C,56
A02292,Security,Competitor B,21
A02293,Database,Competitor B,38
A02293,Analytics & Data,Competitor B,24
A02293,Security,Competitor C,51
A02294,Integration,Competitor C,24
A02295,Database,Competitor A,94
A02295,Analytics & Data,Competitor C,83
A02295,Applications,Competitor D,88
A02296,Infrastructure,Competitor C,77
A02296,Integration,Competitor A,62
A02298,AI & ML,Competitor C,22
A02298,Security,Competitor D,66
A02298,Integration,Competitor D,41
A02299,AI & ML,Competitor D,31
A02300,Integration,Competitor A,66
A02301,Integration,Competitor D,85
A02302,Database,Competitor D,36
A02302,Analytics & Data,Competitor D,22
A02303,AI & ML,Competitor C,61
A02303,Integration,Competitor C,44
A02304,Database,Competitor D,34
A02304,AI & ML,Competitor B,85
A02304,Integration,Competitor C,56
A02305,Database,Competitor B,21
A02305,Analytics & Data,Competitor A,47
A02305,Applications,Competitor D,18
A02306,Integration,Competitor B,69
A02307,Infrastructure,Competitor D,50
A02307,Analytics & Data,Competitor D,80
A02307,AI & ML,Competitor D,63
A02308,Infrastructure,Competitor A,57
A02308,Analytics & Data,Competitor B,47
A02309,Infrastructure,Competitor A,13
A02309,Analytics & Data,Competitor D,100
A02309,AI & ML,Competitor C,28
A02309,Integration,Competitor D,15
A02310,Infrastructure,Competitor D,82
A02310,AI & ML,Competitor A,66
A02310,Integration,Competitor A,93
A02311,Database,Competitor B,30
A02311,AI & ML,Competitor D,50
A02311,Security,Competitor B,26
A02312,Database,Competitor A,29
A02312,Analytics & Data,Competitor A,8
A02312,Security,Competitor C,7
A02313,Analytics & Data,Competitor C,35
A02313,Security,Competitor D,35
A02313,Applications,Competitor A,63
A02314,Security,Competitor B,89
A02315,Security,Competitor C,60
A02315,Applications,Competitor B,100
A02316,Database,Competitor A,66
A02317,Security,Competitor B,84
A02318,Integration,Competitor C,70
A02319,Infrastructure,Competitor D,46
A02319,Security,Competitor B,18
A02320,Analytics & Data,Competitor B,17
A02320,Security,Competitor D,62
A02320,Applications,Competitor C,14
A02321,Database,Competitor C,75
A02321,Analytics & Data,Competitor C,52
A02321,Integration,Competitor C,35
A02322,Analytics & Data,Competitor C,52
A02323,Security,Competitor A,89
A02323,Applications,Competitor B,70
A02324,Infrastructure,Competitor D,74
A02324,Database,Competitor A,94
A02324,Analytics & Data,Competitor A,19
A02324,Security,Competitor D,48
A02325,Security,Competitor C,45
A02326,Security,Competitor B,93
A02326,Integration,Competitor A,27
A02327,Infrastructure,Competitor C,27
A02327,Analytics & Data,Competitor C,24
A02327,Security,Competitor D,37
A02327,Integration,Competitor B,54
A02328,Security,Competitor A,43
A02328,Integration,Competitor B,48
A02329,Analytics & Data,Competitor A,40
A02329,AI & ML,Competitor B,90
A02329,Security,Competitor D,79
A02329,Integration,Competitor C,20
A02330,AI & ML,Competitor B,46
A02331,Infrastructure,Competitor B,82
A02331,Database,Competitor C,83
A02331,Applications,Competitor D,18
A02332,Database,Competitor D,82
A02332,Security,Competitor C,24
A02333,Database,Competitor D,68
A02333,Analytics & Data,Competitor C,27
A02333,Integration,Competitor A,29
A02334,Infrastructure,Competitor B,85
A02334,Database,Competitor B,44
A02334,AI & ML,Competitor D,24
A02335,Infrastructure,Competitor A,91
A02335,Database,Competitor D,71
A02336,Analytics & Data,Competitor C,18
A02337,Infrastructure,Competitor C,34
A02337,Database,Competitor B,80
A02337,AI & ML,Competitor B,32
A02338,Infrastructure,Competitor C,57
A02338,Analytics & Data,Competitor A,27
A02338,AI & ML,Competitor B,81
A02338,Security,Competitor D,17
A02339,Database,Competitor A,34
A02339,Applications,Competitor D,22
A02340,Database,Competitor A,41
A02340,AI & ML,Competitor A,97
A02340,Integration,Competitor B,25
A02341,Infrastructure,Competitor A,33
A02341,Database,Competitor D,51
A02342,Database,Competitor A,18
A02342,Integration,Competitor B,59
A02343,Database,Competitor D,53
A02343,Applications,Competitor A,44
A02345,Infrastructure,Competitor C,37
A02345,Database,Competitor B,76
A02345,AI & ML,Competitor D,12
A02345,Security,Competitor B,59
A02346,Analytics & Data,Competitor C,22
A02347,Database,Competitor B,67
A02347,Analytics & Data,Competitor B,35
A02347,Integration,Competitor D,19
A02348,Security,Competitor D,68
A02348,Applications,Competitor C,51
A02349,Infrastructure,Competitor C,27
A02349,Database,Competitor D,40
A02349,AI & ML,Competitor B,48
A02349,Security,Competitor B,100
A02350,Database,Competitor D,87
A02350,AI & ML,Competitor C,29
A02351,Analytics & Data,Competitor C,37
A02351,AI & ML,Competitor D,25
A02352,Database,Competitor B,68
A02352,Security,Competitor C,51
A02353,Infrastructure,Competitor C,27
A02353,Database,Competitor C,66
A02353,Security,Competitor D,59
A02353,Integration,Competitor B,55
A02354,Infrastructure,Competitor C,22
A02354,Integration,Competitor B,58
A02355,Database,Competitor B,72
A02355,Analytics & Data,Competitor A,45
A02355,Security,Competitor D,41
A02355,Integration,Competitor C,46
A02356,Security,Competitor D,88
A02356,Applications,Competitor C,22
A02356,Integration,Competitor C,26
A02358,Database,Competitor B,12
A02358,Analytics & Data,Competitor A,66
A02358,Applications,Competitor A,13
A02358,Integration,Competitor D,26
A02359,Applications,Competitor D,44
A02360,Database,Competitor D,69
A02360,Analytics & Data,Competitor D,69
A02360,AI & ML,Competitor A,40
A02360,Security,Competitor C,88
A02361,Infrastructure,Competitor D,33
A02362,Security,Competitor A,14
A02363,Database,Competitor D,79
A02363,AI & ML,Competitor B,26
A02363,Security,Competitor C,68
A02363,Applications,Competitor D,14
A02364,AI & ML,Competitor C,44
A02364,Security,Competitor A,80
A02364,Applications,Competitor D,88
A02365,Security,Competitor C,26
A02366,Infrastructure,Competitor A,64
A02366,Database,Competitor C,22
A02367,Analytics & Data,Competitor C,98
A02367,AI & ML,Competitor D,52
A02368,Infrastructure,Competitor B,21
A02368,Applications,Competitor D,33
A02368,Integration,Competitor D,34
A02369,Database,Competitor C,72
A02369,Analytics & Data,Competitor C,17
A02369,AI & ML,Competitor B,76
A02369,Security,Competitor C,92
A02369,Integration,Competitor C,42
A02370,Infrastructure,Competitor B,18
A02370,Database,Competitor B,27
A02370,Analytics & Data,Competitor D,81
A02371,Database,Competitor C,70
A02372,AI & ML,Competitor D,82
A02373,Analytics & Data,Competitor C,22
A02373,Security,Competitor A,15
A02374,Analytics & Data,Competitor B,23
A02374,AI & ML,Competitor C,39
A02375,Analytics & Data,Competitor D,88
A02375,AI & ML,Competitor C,74
A02375,Applications,Competitor D,84
A02376,Database,Competitor A,42
A02377,Database,Competitor D,19
A02377,Security,Competitor D,26
A02378,Infrastructure,Competitor D,0
A02378,Database,Competitor C,41
A02378,Analytics & Data,Competitor D,86
A02379,Analytics & Data,Competitor B,17
A02379,Applications,Competitor C,27
A02380,Database,Competitor C,61
A02380,Applications,Competitor A,19
A02381,Database,Competitor B,34
A02381,Analytics & Data,Competitor B,28
A02382,Analytics & Data,Competitor C,33
A02382,AI & ML,Competitor A,14
A02382,Security,Competitor A,95
A02384,Database,Competitor D,35
A02384,AI & ML,Competitor C,19
A02384,Security,Competitor C,29
A02385,Database,Competitor D,42
A02385,Security,Competitor D,29
A02385,Integration,Competitor D,18
A02386,Infrastructure,Competitor D,64
A02386,Database,Competitor C,0
A02387,Infrastructure,Competitor D,47
A02387,Database,Competitor D,37
A02387,Applications,Competitor A,87
A02388,Database,Competitor A,9
A02388,Analytics & Data,Competitor A,29
A02389,Analytics & Data,Competitor C,100
A02389,AI & ML,Competitor C,43
A02389,Security,Competitor D,58
A02390,Security,Competitor A,29
A02391,Database,Competitor D,66
A02391,Analytics & Data,Competitor C,26
A02391,AI & ML,Competitor D,10
A02392,Infrastructure,Competitor B,72
A02392,Analytics & Data,Competitor A,49
A02392,Security,Competitor C,43
A02393,Analytics & Data,Competitor A,13
A02393,Applications,Competitor A,42
A02394,Database,Competitor B,73
A02395,Infrastructure,Competitor A,2
A02395,Database,Competitor C,69
A02395,AI & ML,Competitor A,19
A02396,Security,Competitor D,2
A02398,Integration,Competitor D,57
A02399,Infrastructure,Competitor C,38
A02399,Database,Competitor A,72
A02399,Analytics & Data,Competitor C,70
A02399,AI & ML,Competitor A,31
A02399,Security,Competitor A,54
A02399,Integration,Competitor D,8
A02400,Infrastructure,Competitor D,80
A02400,Database,Competitor A,22
A02400,AI & ML,Competitor B,74
A02401,Integration,Competitor A,26
A02402,Infrastructure,Competitor B,29
A02402,Security,Competitor D,34
A02402,Integration,Competitor B,77
A02403,Security,Competitor A,38
A02403,Integration,Competitor A,55
A02404,Security,Competitor A,35
A02404,Applications,Competitor A,49
A02404,Integration,Competitor B,55
A02405,Database,Competitor C,85
A02405,Analytics & Data,Competitor B,27
A02405,AI & ML,Competitor D,66
A02405,Security,Competitor D,1
A02405,Applications,Competitor C,59
A02406,Database,Competitor D,45
A02406,Security,Competitor C,50
A02407,Infrastructure,Competitor D,25
A02407,Database,Competitor B,73
A02407,AI & ML,Competitor A,25
A02407,Security,Competitor B,46
A02407,Integration,Competitor B,10
A02408,Database,Competitor C,31
A02408,Security,Competitor B,21
A02409,Infrastructure,Competitor A,42
A02409,Analytics & Data,Competitor A,96
A02409,AI & ML,Competitor B,16
A02409,Security,Competitor D,12
A02409,Applications,Competitor B,90
A02409,Integration,Competitor B,71
A02410,Infrastructure,Competitor B,66
A02410,Security,Competitor D,20
A02410,Applications,Competitor B,37
A02411,Database,Competitor D,89
A02412,AI & ML,Competitor D,24
A02412,Security,Competitor D,27
A02413,Integration,Competitor C,57
A02414,Analytics & Data,Competitor A,35
A02414,AI & ML,Competitor D,57
A02414,Integration,Competitor A,21
A02415,Security,Competitor C,67
A02415,Applications,Competitor B,35
A02415,Integration,Competitor B,23
A02416,Infrastructure,Competitor C,32
A02416,Applications,Competitor C,11
A02416,Integration,Competitor D,75
A02417,Infrastructure,Competitor D,27
A02418,Infrastructure,Competitor C,73
A02418,AI & ML,Competitor B,30
A02418,Security,Competitor D,54
A02419,Database,Competitor B,45
A02420,Database,Competitor A,36
A02421,Analytics & Data,Competitor B,81
A02421,Security,Competitor B,8
A02421,Applications,Competitor B,27
A02422,AI & ML,Competitor B,58
A02422,Integration,Competitor A,44
A02423,Infrastructure,Competitor A,73
A02423,Analytics & Data,Competitor C,63
A02423,AI & ML,Competitor D,40
A02423,Security,Competitor D,45
A02423,Applications,Competitor D,59
A02424,Security,Competitor A,27
A02424,Applications,Competitor C,82
A02425,Database,Competitor D,32
A02425,AI & ML,Competitor B,76
A02425,Applications,Competitor A,25
A02425,Integration,Competitor D,30
A02426,Infrastructure,Competitor A,68
A02426,Database,Competitor B,39
A02426,AI & ML,Competitor C,32
A02426,Applications,Competitor A,23
A02426,Integration,Competitor C,31
A02427,Analytics & Data,Competitor B,6
A02427,AI & ML,Competitor C,44
A02428,Infrastructure,Competitor B,24
A02428,AI & ML,Competitor C,78
A02429,Security,Competitor B,27
A02429,Applications,Competitor C,21
A02430,Analytics & Data,Competitor C,65
A02430,Applications,Competitor C,47
A02431,Analytics & Data,Competitor A,79
A02431,AI & ML,Competitor B,92
A02431,Security,Competitor A,62
A02431,Applications,Competitor B,30
A02431,Integration,Competitor A,53
A02432,Database,Competitor C,83
A02432,AI & ML,Competitor A,34
A02432,Applications,Competitor A,47
A02432,Integration,Competitor A,70
A02433,Database,Competitor B,50
A02433,Analytics & Data,Competitor D,43
A02433,Applications,Competitor C,62
A02434,AI & ML,Competitor C,63
A02434,Applications,Competitor A,90
A02435,Infrastructure,Competitor A,41
A02435,Security,Competitor D,34
A02436,Integration,Competitor A,41
A02437,AI & ML,Competitor B,46
A02437,Security,Competitor B,36
A02438,Database,Competitor D,52
A02438,Analytics & Data,Competitor B,38
A02438,Applications,Competitor A,61
A02439,Security,Competitor A,13
A02439,Integration,Competitor D,44
A02440,Infrastructure,Competitor C,49
A02440,Security,Competitor D,48
A02440,Applications,Competitor D,33
A02440,Integration,Competitor B,35
A02441,Integration,Competitor A,34
A02442,Analytics & Data,Competitor D,31
A02442,Security,Competitor B,39
A02443,Database,Competitor D,30
A02443,AI & ML,Competitor B,36
A02443,Applications,Competitor C,48
A02443,Integration,Competitor B,76
A02444,Infrastructure,Competitor B,40
A02444,Database,Competitor B,95
A02444,Analytics & Data,Competitor B,63
A02444,AI & ML,Competitor D,26
A02444,Applications,Competitor D,74
A02444,Integration,Competitor D,45
A02445,Infrastructure,Competitor A,91
A02445,Database,Competitor C,37
A02445,AI & ML,Competitor A,21
A02446,Database,Competitor C,16
A02446,Security,Competitor C,20
A02447,Analytics & Data,Competitor D,34
A02447,Applications,Competitor D,32
A02448,Security,Competitor D,61
A02448,Integration,Competitor A,84
A02449,Database,Competitor B,86
A02449,AI & ML,Competitor C,48
A02449,Security,Competitor B,33
A02450,Infrastructure,Competitor D,10
A02450,Security,Competitor C,89
A02450,Applications,Competitor C,19
A02450,Integration,Competitor C,62
A02451,Database,Competitor A,78
A02451,AI & ML,Competitor B,20
A02451,Integration,Competitor A,68
A02452,Analytics & Data,Competitor D,73
A02452,Integration,Competitor B,65
A02453,Database,Competitor D,55
A02454,Database,Competitor A,70
A02455,AI & ML,Competitor D,87
A02455,Security,Competitor A,18
A02456,Infrastructure,Competitor D,83
A02456,Analytics & Data,Competitor B,40
A02456,Applications,Competitor D,65
A02457,Database,Competitor A,71
A02458,Infrastructure,Competitor C,38
A02458,AI & ML,Competitor D,4
A02458,Security,Competitor A,56
A02459,Infrastructure,Competitor D,69
A02460,Database,Competitor B,21
A02460,AI & ML,Competitor A,87
A02460,Security,Competitor B,38
A02460,Applications,Competitor A,81
A02460,Integration,Competitor A,81
A02461,Infrastructure,Competitor B,45
A02461,AI & ML,Competitor C,72
A02461,Security,Competitor B,59
A02461,Applications,Competitor A,36
A02462,Infrastructure,Competitor B,40
A02462,Analytics & Data,Competitor D,99
A02462,AI & ML,Competitor A,48
A02463,Infrastructure,Competitor C,23
A02463,Database,Competitor C,21
A02463,Analytics & Data,Competitor A,62
A02463,AI & ML,Competitor D,14
A02463,Integration,Competitor B,28
A02464,Infrastructure,Competitor B,27
A02464,Database,Competitor A,39
A02464,Analytics & Data,Competitor C,36
A02465,Infrastructure,Competitor B,29
A02465,Database,Competitor C,47
A02465,AI & ML,Competitor A,98
A02466,Infrastructure,Competitor B,45
A02466,Analytics & Data,Competitor B,49
A02466,AI & ML,Competitor C,32
A02466,Integration,Competitor D,53
A02467,Infrastructure,Competitor A,34
A02467,AI & ML,Competitor C,25
A02467,Applications,Competitor D,16
A02468,AI & ML,Competitor A,17
A02468,Security,Competitor B,38
A02469,Database,Competitor A,81
A02469,Analytics & Data,Competitor D,38
A02469,Applications,Competitor D,95
A02469,Integration,Competitor B,65
A02470,Security,Competitor A,28
A02470,Applications,Competitor C,9
A02471,AI & ML,Competitor A,64
A02472,Analytics & Data,Competitor A,71
A02472,AI & ML,Competitor D,61
A02472,Security,Competitor A,17
A02473,Analytics & Data,Competitor D,68
A02473,AI & ML,Competitor B,16
A02473,Security,Competitor A,41
A02474,AI & ML,Competitor D,48
A02475,Infrastructure,Competitor A,15
A02475,AI & ML,Competitor B,81
A02475,Integration,Competitor A,29
A02476,AI & ML,Competitor B,21
A02476,Security,Competitor A,41
A02476,Applications,Competitor C,46
A02477,Database,Competitor D,100
A02477,Analytics & Data,Competitor A,22
A02477,AI & ML,Competitor D,98
A02478,Database,Competitor D,24
A02478,Analytics & Data,Competitor C,59
A02479,Database,Competitor D,40
A02479,AI & ML,Competitor D,20
A02479,Integration,Competitor D,72
A02480,Analytics & Data,Competitor C,34
A02480,Security,Competitor A,6
A02480,Applications,Competitor A,69
A02481,Infrastructure,Competitor A,30
A02483,Infrastructure,Competitor C,70
A02483,Analytics & Data,Competitor A,87
A02484,Infrastructure,Competitor B,14
A02484,Applications,Competitor A,34
A02484,Integration,Competitor C,52
A02485,Integration,Competitor D,86
A02486,Integration,Competitor D,18
A02487,AI & ML,Competitor A,9
A02487,Security,Competitor D,90
A02487,Applications,Competitor C,86
A02488,Database,Competitor C,8
A02488,Integration,Competitor B,43
A02489,Infrastructure,Competitor C,28
A02489,Analytics & Data,Competitor D,37
A02489,Applications,Competitor D,36
A02490,Analytics & Data,Competitor B,35
A02490,AI & ML,Competitor B,26
A02490,Security,Competitor B,34
A02491,AI & ML,Competitor C,9
A02491,Security,Competitor B,16
A02492,Database,Competitor B,65
A02492,Analytics & Data,Competitor A,66
A02492,Integration,Competitor B,28
A02493,Integration,Competitor D,35
A02494,Database,Competitor C,46
A02494,Analytics & Data,Competitor D,41
A02495,Database,Competitor D,50
A02495,Integration,Competitor C,2
A02496,Infrastructure,Competitor B,27
A02496,Analytics & Data,Competitor C,61
A02497,Infrastructure,Competitor C,67
A02497,Database,Competitor C,87
A02498,AI & ML,Competitor B,40
A02498,Integration,Competitor D,19
A02499,Infrastructure,Competitor B,87
A02499,Analytics & Data,Competitor B,17
A02500,Database,Competitor A,22
A02500,AI & ML,Competitor D,43
A02500,Applications,Competitor A,30
A02500,Integration,Competitor B,95
A02501,Analytics & Data,Competitor A,26
A02501,AI & ML,Competitor A,90
A02502,Infrastructure,Competitor B,69
A02502,Database,Competitor B,34
A02502,Security,Competitor B,45
A02502,Applications,Competitor D,74
A02502,Integration,Competitor D,78
A02503,Security,Competitor D,21
A02503,Integration,Competitor B,74
A02504,Infrastructure,Competitor C,32
A02504,AI & ML,Competitor A,70
A02504,Security,Competitor A,24
A02504,Applications,Competitor D,54
A02505,Infrastructure,Competitor D,23
A02505,AI & ML,Competitor C,15
A02506,Analytics & Data,Competitor D,27
A02506,Applications,Competitor D,78
A02507,Database,Competitor D,83
A02508,AI & ML,Competitor B,0
A02508,Security,Competitor D,29
A02509,Infrastructure,Competitor C,84
A02509,Applications,Competitor C,91
A02509,Integration,Competitor D,58
A02510,Applications,Competitor B,35
A02511,Applications,Competitor C,29
A02511,Integration,Competitor A,17
A02512,Infrastructure,Competitor B,82
A02512,Database,Competitor C,43
A02512,AI & ML,Competitor C,38
A02513,Analytics & Data,Competitor B,71
A02513,Applications,Competitor A,71
A02514,Security,Competitor D,60
A02514,Applications,Competitor C,71
A02515,Database,Competitor C,43
A02515,Applications,Competitor A,66
A02515,Integration,Competitor B,98
A02516,Analytics & Data,Competitor C,79
A02516,Security,Competitor D,0
A02517,Analytics & Data,Competitor B,66
A02518,Analytics & Data,Competitor D,20
A02518,Applications,Competitor D,38
A02519,Integration,Competitor B,15
A02520,Analytics & Data,Competitor B,32
A02521,Infrastructure,Competitor C,38
A02522,Analytics & Data,Competitor B,57
A02522,Integration,Competitor D,13
A02523,Infrastructure,Competitor B,84
A02523,Database,Competitor D,48
A02523,Security,Competitor D,78
A02523,Applications,Competitor D,39
A02524,AI & ML,Competitor B,89
A02525,Infrastructure,Competitor C,65
A02525,Analytics & Data,Competitor A,24
A02525,Security,Competitor C,29
A02525,Applications,Competitor A,95
A02525,Integration,Competitor A,33
A02526,AI & ML,Competitor C,28
A02526,Applications,Competitor A,54
A02526,Integration,Competitor C,100
A02527,Infrastructure,Competitor A,55
A02527,Applications,Competitor B,83
A02528,Database,Competitor C,31
A02528,Security,Competitor D,23
A02528,Applications,Competitor B,98
A02529,Infrastructure,Competitor B,43
A02529,Analytics & Data,Competitor C,68
A02529,Security,Competitor C,96
A02529,Applications,Competitor D,32
A02530,Infrastructure,Competitor B,81
A02530,Security,Competitor D,14
A02531,Analytics & Data,Competitor D,44
A02531,AI & ML,Competitor C,44
A02531,Applications,Competitor A,9
A02532,Analytics & Data,Competitor B,5
A02532,AI & ML,Competitor D,58
A02534,AI & ML,Competitor D,80
A02534,Security,Competitor B,61
A02534,Integration,Competitor A,78
A02535,Infrastructure,Competitor D,76
A02535,Database,Competitor C,28
A02535,AI & ML,Competitor B,41
A02535,Integration,Competitor B,62
A02536,Database,Competitor D,13
A02536,Analytics & Data,Competitor A,45
A02536,Integration,Competitor A,26
A02537,Analytics & Data,Competitor D,85
A02537,AI & ML,Competitor C,81
A02537,Security,Competitor A,26
A02537,Applications,Competitor B,10
A02537,Integration,Competitor C,33
A02540,AI & ML,Competitor D,53
A02541,Analytics & Data,Competitor B,84
A02541,AI & ML,Competitor D,62
A02541,Security,Competitor A,7
A02541,Applications,Competitor B,37
A02541,Integration,Competitor D,72
A02542,Infrastructure,Competitor B,49
A02542,Applications,Competitor B,88
A02544,Analytics & Data,Competitor A,61
A02544,AI & ML,Competitor B,38
A02544,Security,Competitor B,68
A02545,Infrastructure,Competitor D,51
A02545,Applications,Competitor D,48
A02546,Analytics & Data,Competitor D,35
A02546,AI & ML,Competitor B,49
A02546,Integration,Competitor C,11
A02547,Analytics & Data,Competitor D,42
A02547,AI & ML,Competitor D,76
A02548,Analytics & Data,Competitor A,36
A02548,AI & ML,Competitor B,20
A02549,Database,Competitor A,55
A02549,Security,Competitor D,49
A02550,Analytics & Data,Competitor B,47
A02550,Security,Competitor D,41
A02550,Applications,Competitor D,43
A02550,Integration,Competitor B,82
A02551,Infrastructure,Competitor C,21
A02552,Infrastructure,Competitor D,62
A02552,Database,Competitor C,26
A02552,Integration,Competitor D,83
A02553,Analytics & Data,Competitor C,43
A02553,Applications,Competitor D,30
A02554,AI & ML,Competitor A,28
A02554,Applications,Competitor A,84
A02554,Integration,Competitor D,57
A02556,AI & ML,Competitor C,16
A02556,Applications,Competitor B,88
A02557,Infrastructure,Competitor A,34
A02557,Security,Competitor A,61
A02558,Applications,Competitor B,48
A02558,Integration,Competitor A,13
A02559,Security,Competitor D,70
A02559,Applications,Competitor C,76
A02559,Integration,Competitor C,32
A02560,Applications,Competitor B,64
A02560,Integration,Competitor B,73
A02562,Infrastructure,Competitor C,77
A02562,AI & ML,Competitor D,32
A02562,Security,Competitor D,55
A02563,Infrastructure,Competitor A,29
A02563,Analytics & Data,Competitor D,100
A02563,AI & ML,Competitor C,36
A02563,Security,Competitor C,63
A02563,Applications,Competitor C,29
A02564,Infrastructure,Competitor C,64
A02564,AI & ML,Competitor A,98
A02565,Database,Competitor D,28
A02566,Analytics & Data,Competitor C,28
A02566,Security,Competitor C,89
A02566,Applications,Competitor A,36
A02567,Security,Competitor D,28
A02568,Analytics & Data,Competitor A,49
A02568,AI & ML,Competitor A,66
A02568,Security,Competitor A,12
A02568,Applications,Competitor B,24
A02569,AI & ML,Competitor C,0
A02570,Infrastructure,Competitor D,36
A02570,Applications,Competitor D,12
A02571,Analytics & Data,Competitor D,20
A02571,Applications,Competitor B,42
A02572,Database,Competitor C,51
A02572,Analytics & Data,Competitor C,88
A02572,Security,Competitor B,62
A02572,Applications,Competitor A,14
A02573,AI & ML,Competitor A,36
A02574,Database,Competitor D,85
A02574,Applications,Competitor D,37
A02575,Infrastructure,Competitor D,69
A02576,Infrastructure,Competitor B,38
A02576,Security,Competitor C,48
A02576,Applications,Competitor A,71
A02576,Integration,Competitor B,90
A02577,Database,Competitor B,35
A02577,AI & ML,Competitor C,76
A02578,Infrastructure,Competitor C,48
A02578,Database,Competitor B,46
A02578,Integration,Competitor B,24
A02579,Database,Competitor A,78
A02579,Applications,Competitor D,32
A02580,Integration,Competitor C,59
A02581,Analytics & Data,Competitor A,21
A02581,Security,Competitor D,86
A02581,Applications,Competitor D,6
A02582,Security,Competitor D,43
A02582,Integration,Competitor D,34
A02583,Infrastructure,Competitor D,73
A02583,Analytics & Data,Competitor C,100
A02583,AI & ML,Competitor C,26
A02584,Analytics & Data,Competitor C,31
A02584,AI & ML,Competitor B,11
A02584,Applications,Competitor A,59
A02585,Infrastructure,Competitor D,76
A02585,Integration,Competitor B,40
A02586,Analytics & Data,Competitor D,27
A02587,Database,Competitor B,62
A02587,Security,Competitor A,61
A02587,Applications,Competitor D,24
A02588,AI & ML,Competitor C,2
A02589,Analytics & Data,Competitor B,72
A02589,AI & ML,Competitor C,57
A02589,Security,Competitor A,18
A02590,Infrastructure,Competitor C,56
A02590,Database,Competitor C,53
A02590,Security,Competitor A,6
A02591,Infrastructure,Competitor D,17
A02591,Database,Competitor B,74
A02591,Analytics & Data,Competitor D,40
A02592,Database,Competitor C,92
A02593,Infrastructure,Competitor D,15
A02593,Security,Competitor A,35
A02593,Integration,Competitor C,90
A02594,Database,Competitor D,27
A02595,Database,Competitor B,31
A02595,Analytics & Data,Competitor A,10
A02595,Applications,Competitor B,67
A02595,Integration,Competitor C,54
A02596,Database,Competitor A,35
A02596,Analytics & Data,Competitor B,77
A02596,AI & ML,Competitor C,73
A02596,Security,Competitor D,16
A02596,Applications,Competitor A,19
A02596,Integration,Competitor C,10
A02597,Database,Competitor A,52
A02597,AI & ML,Competitor D,39
A02598,Applications,Competitor D,44
A02599,Database,Competitor B,90
A02599,Analytics & Data,Competitor C,27
A02599,Applications,Competitor A,44
A02600,AI & ML,Competitor A,82
A02600,Applications,Competitor D,49
A02601,Database,Competitor C,75
A02602,Infrastructure,Competitor B,40
A02602,Analytics & Data,Competitor A,25
A02602,Security,Competitor D,82
A02603,Analytics & Data,Competitor B,25
A02604,Database,Competitor B,32
A02604,AI & ML,Competitor A,76
A02605,Infrastructure,Competitor D,22
A02605,Database,Competitor B,37
A02605,Integration,Competitor D,22
A02606,Database,Competitor A,32
A02606,Security,Competitor D,17
A02607,Database,Competitor B,16
A02608,Database,Competitor B,34
A02608,Security,Competitor B,91
A02608,Integration,Competitor C,41
A02609,Infrastructure,Competitor C,34
A02610,Infrastructure,Competitor B,25
A02610,Analytics & Data,Competitor A,21
A02610,Applications,Competitor D,39
A02612,Infrastructure,Competitor D,51
A02612,Analytics & Data,Competitor D,31
A02612,Applications,Competitor B,37
A02612,Integration,Competitor A,61
A02613,Infrastructure,Competitor D,36
A02613,Analytics & Data,Competitor C,81
A02613,Integration,Competitor C,89
A02614,Infrastructure,Competitor A,33
A02614,AI & ML,Competitor C,38
A02614,Applications,Competitor B,28
A02615,Security,Competitor B,25
A02616,AI & ML,Competitor C,7
A02617,Infrastructure,Competitor D,50
A02617,AI & ML,Competitor D,58
A02617,Integration,Competitor D,23
A02618,Infrastructure,Competitor A,77
A02618,Database,Competitor B,94
A02618,Analytics & Data,Competitor C,74
A02618,AI & ML,Competitor D,68
A02619,Database,Competitor A,28
A02619,Analytics & Data,Competitor A,26
A02620,Infrastructure,Competitor B,50
A02620,Database,Competitor B,59
A02620,Analytics & Data,Competitor C,24
A02620,AI & ML,Competitor A,24
A02620,Applications,Competitor B,99
A02621,Infrastructure,Competitor B,15
A02621,Analytics & Data,Competitor C,13
A02621,AI & ML,Competitor B,57
A02622,Infrastructure,Competitor C,38
A02622,Security,Competitor D,34
A02622,Applications,Competitor A,84
A02623,Applications,Competitor A,26
A02624,Analytics & Data,Competitor C,75
A02624,AI & ML,Competitor D,78
A02624,Applications,Competitor B,54
A02624,Integration,Competitor A,66
A02625,Database,Competitor D,91
A02625,Integration,Competitor C,38
A02626,Security,Competitor D,31
A02627,Analytics & Data,Competitor B,62
A02627,AI & ML,Competitor C,48
A02628,Security,Competitor D,66
A02628,Applications,Competitor A,32
A02630,AI & ML,Competitor A,83
A02630,Security,Competitor A,20
A02631,Security,Competitor A,85
A02631,Applications,Competitor D,100
A02632,Infrastructure,Competitor A,38
A02632,Integration,Competitor B,27
A02633,Infrastructure,Competitor C,76
A02633,Analytics & Data,Competitor B,52
A02633,AI & ML,Competitor A,73
A02633,Security,Competitor D,83
A02634,Database,Competitor A,31
A02634,Security,Competitor D,75
A02635,Database,Competitor C,16
A02635,Security,Competitor D,64
A02635,Integration,Competitor A,74
A02636,Infrastructure,Competitor B,7
A02636,Database,Competitor A,55
A02636,Analytics & Data,Competitor B,87
A02636,Security,Competitor B,40
A02637,Applications,Competitor C,36
A02638,Database,Competitor D,24
A02638,AI & ML,Competitor C,68
A02638,Applications,Competitor B,79
A02640,Integration,Competitor A,12
A02641,Infrastructure,Competitor A,81
A02641,Database,Competitor C,0
A02641,Security,Competitor A,20
A02642,Applications,Competitor C,76
A02643,Infrastructure,Competitor A,23
A02643,AI & ML,Competitor B,77
A02643,Security,Competitor C,58
A02644,Database,Competitor C,31
A02645,Database,Competitor B,79
A02645,Analytics & Data,Competitor D,7
A02645,AI & ML,Competitor D,30
A02646,Infrastructure,Competitor D,100
A02647,Analytics & Data,Competitor A,81
A02647,Security,Competitor B,31
A02647,Applications,Competitor C,17
A02649,Database,Competitor A,14
A02649,Analytics & Data,Competitor D,75
A02649,Integration,Competitor C,82
A02650,Database,Competitor D,50
A02651,Infrastructure,Competitor B,82
A02651,Database,Competitor C,53
A02651,AI & ML,Competitor C,90
A02651,Applications,Competitor D,20
A02652,Analytics & Data,Competitor C,36
A02652,Security,Competitor D,26
A02652,Integration,Competitor A,51
A02653,AI & ML,Competitor B,85
A02654,Infrastructure,Competitor C,44
A02654,Analytics & Data,Competitor D,17
A02654,AI & ML,Competitor A,41
A02654,Integration,Competitor D,91
A02655,Infrastructure,Competitor B,59
A02655,Analytics & Data,Competitor A,27
A02655,AI & ML,Competitor D,48
A02655,Security,Competitor D,54
A02655,Integration,Competitor A,25
A02656,Analytics & Data,Competitor C,29
A02656,AI & ML,Competitor A,25
A02656,Applications,Competitor A,30
A02656,Integration,Competitor B,18
A02657,Infrastructure,Competitor D,100
A02657,Database,Competitor A,32
A02657,Analytics & Data,Competitor C,30
A02657,Integration,Competitor A,19
A02658,Infrastructure,Competitor A,82
A02658,AI & ML,Competitor C,81
A02658,Applications,Competitor C,75
A02659,Infrastructure,Competitor D,22
A02659,Database,Competitor A,88
A02659,Integration,Competitor B,25
A02660,Infrastructure,Competitor A,92
A02660,Database,Competitor D,33
A02660,Analytics & Data,Competitor C,52
A02660,AI & ML,Competitor D,14
A02661,Database,Competitor B,44
A02661,Analytics & Data,Competitor D,27
A02661,Integration,Competitor A,39
A02662,Analytics & Data,Competitor C,80
A02662,AI & ML,Competitor D,95
A02662,Applications,Competitor B,45
A02663,Infrastructure,Competitor B,23
A02663,Analytics & Data,Competitor A,35
A02663,Security,Competitor D,90
A02663,Applications,Competitor D,75
A02664,Infrastructure,Competitor A,80
A02664,Analytics & Data,Competitor C,51
A02664,AI & ML,Competitor C,24
A02664,Applications,Competitor A,98
A02664,Integration,Competitor B,20
A02665,Applications,Competitor C,35
A02665,Integration,Competitor B,14
A02666,Infrastructure,Competitor C,35
A02666,Analytics & Data,Competitor B,51
A02666,Integration,Competitor D,45
A02667,Infrastructure,Competitor C,28
A02667,Analytics & Data,Competitor D,98
A02667,Security,Competitor D,68
A02667,Applications,Competitor A,56
A02667,Integration,Competitor A,16
A02668,Infrastructure,Competitor D,54
A02668,AI & ML,Competitor A,25
A02669,Infrastructure,Competitor B,67
A02669,AI & ML,Competitor C,38
A02669,Security,Competitor A,48
A02669,Applications,Competitor C,25
A02670,Infrastructure,Competitor B,89
A02670,Database,Competitor B,49
A02670,Security,Competitor D,50
A02670,Integration,Competitor D,25
A02671,Analytics & Data,Competitor B,96
A02671,Security,Competitor C,34
A02671,Integration,Competitor C,17
A02672,AI & ML,Competitor B,77
A02673,Analytics & Data,Competitor C,33
A02674,Security,Competitor C,34
A02675,Analytics & Data,Competitor B,36
A02675,Security,Competitor A,37
A02676,Infrastructure,Competitor C,22
A02676,AI & ML,Competitor D,21
A02677,Database,Competitor A,76
A02677,Applications,Competitor C,76
A02678,Analytics & Data,Competitor B,86
A02678,AI & ML,Competitor D,28
A02678,Applications,Competitor A,53
A02678,Integration,Competitor B,35
A02679,Infrastructure,Competitor D,66
A02679,Security,Competitor A,57
A02680,Analytics & Data,Competitor D,64
A02680,AI & ML,Competitor B,31
A02681,Database,Competitor D,95
A02681,Applications,Competitor D,90
A02683,Infrastructure,Competitor D,48
A02683,Database,Competitor D,33
A02683,Applications,Competitor A,26
A02683,Integration,Competitor B,97
A02684,Infrastructure,Competitor B,72
A02685,Database,Competitor A,7
A02685,AI & ML,Competitor C,53
A02685,Security,Competitor B,39
A02686,Database,Competitor B,51
A02686,Security,Competitor A,18
A02686,Integration,Competitor D,17
A02687,Analytics & Data,Competitor D,80
A02687,Applications,Competitor C,93
A02688,Database,Competitor A,19
A02688,AI & ML,Competitor B,89
A02688,Applications,Competitor C,98
A02689,Analytics & Data,Competitor B,15
A02689,Applications,Competitor D,37
A02690,Database,Competitor C,51
A02690,Security,Competitor C,37
A02690,Applications,Competitor D,27
A02691,Analytics & Data,Competitor C,89
A02691,Security,Competitor B,51
A02691,Applications,Competitor D,88
A02692,Integration,Competitor A,22
A02693,AI & ML,Competitor A,47
A02693,Applications,Competitor C,24
A02693,Integration,Competitor C,41
A02694,Database,Competitor C,44
A02694,Analytics & Data,Competitor A,89
A02694,Security,Competitor D,62
A02695,Infrastructure,Competitor D,93
A02695,Analytics & Data,Competitor B,29
A02695,Applications,Competitor B,27
A02695,Integration,Competitor A,57
A02696,Database,Competitor C,7
A02697,Infrastructure,Competitor D,34
A02697,Database,Competitor D,98
A02697,Analytics & Data,Competitor C,20
A02697,Security,Competitor C,62
A02698,Infrastructure,Competitor B,34
A02698,Database,Competitor A,63
A02698,Security,Competitor A,78
A02698,Applications,Competitor C,67
A02699,Integration,Competitor C,96
A02700,Infrastructure,Competitor A,63
A02700,Applications,Competitor D,10
A02701,Analytics & Data,Competitor C,57
A02701,Integration,Competitor A,29
A02702,Infrastructure,Competitor B,91
A02702,Database,Competitor B,31
A02702,Analytics & Data,Competitor D,69
A02703,Analytics & Data,Competitor A,95
A02703,AI & ML,Competitor B,12
A02704,Infrastructure,Competitor B,23
A02704,Database,Competitor A,36
A02704,Analytics & Data,Competitor D,77
A02704,AI & ML,Competitor C,10
A02705,Infrastructure,Competitor D,57
A02705,Database,Competitor C,91
A02705,AI & ML,Competitor A,35
A02705,Security,Competitor C,52
A02705,Applications,Competitor B,65
A02705,Integration,Competitor B,23
A02706,AI & ML,Competitor A,26
A02706,Security,Competitor A,47
A02707,Database,Competitor C,49
A02707,Integration,Competitor C,36
A02708,Infrastructure,Competitor C,34
A02708,Security,Competitor B,51
A02709,Database,Competitor D,64
A02709,Analytics & Data,Competitor B,41
A02709,Applications,Competitor A,77
A02710,Analytics & Data,Competitor B,13
A02711,Database,Competitor D,41
A02711,Analytics & Data,Competitor D,39
A02713,Infrastructure,Competitor C,29
A02713,Database,Competitor C,34
A02713,Analytics & Data,Competitor C,86
A02713,Applications,Competitor C,86
A02713,Integration,Competitor A,100
A02714,Analytics & Data,Competitor D,69
A02715,Infrastructure,Competitor D,0
A02715,Database,Competitor C,90
A02715,AI & ML,Competitor B,14
A02715,Applications,Competitor B,38
A02715,Integration,Competitor A,43
A02716,Database,Competitor C,67
A02716,AI & ML,Competitor A,71
A02716,Security,Competitor A,40
A02716,Applications,Competitor B,44
A02716,Integration,Competitor D,27
A02717,Database,Competitor A,41
A02719,Analytics & Data,Competitor D,84
A02719,AI & ML,Competitor C,22
A02719,Integration,Competitor B,28
A02720,Analytics & Data,Competitor C,22
A02720,Integration,Competitor C,20
A02721,Infrastructure,Competitor C,67
A02721,Database,Competitor B,48
A02721,Security,Competitor C,8
A02721,Applications,Competitor A,89
A02721,Integration,Competitor A,28
A02722,AI & ML,Competitor A,49
A02722,Security,Competitor A,21
A02722,Applications,Competitor A,42
A02723,Database,Competitor D,22
A02724,Infrastructure,Competitor B,31
A02724,Database,Competitor D,29
A02725,AI & ML,Competitor C,12
A02725,Security,Competitor A,34
A02725,Applications,Competitor D,70
A02725,Integration,Competitor C,19
A02726,Infrastructure,Competitor A,39
A02727,Database,Competitor D,81
A02727,Analytics & Data,Competitor D,37
A02727,Applications,Competitor D,43
A02728,Database,Competitor D,40
A02728,Integration,Competitor B,73
A02729,Security,Competitor A,75
A02730,Database,Competitor C,59
A02731,Analytics & Data,Competitor A,48
A02731,AI & ML,Competitor B,21
A02731,Security,Competitor D,58
A02731,Integration,Competitor B,86
A02732,AI & ML,Competitor C,5
A02732,Security,Competitor C,73
A02732,Applications,Competitor A,100
A02732,Integration,Competitor B,86
A02733,Infrastructure,Competitor A,75
A02733,Applications,Competitor D,17
A02734,Database,Competitor D,56
A02734,Analytics & Data,Competitor C,29
A02734,AI & ML,Competitor C,31
A02735,AI & ML,Competitor A,29
A02735,Security,Competitor C,54
A02736,Infrastructure,Competitor D,55
A02736,Database,Competitor B,60
A02736,Applications,Competitor A,17
A02737,AI & ML,Competitor D,31
A02737,Security,Competitor A,35
A02737,Integration,Competitor C,40
A02738,Integration,Competitor A,99
A02739,Database,Competitor A,44
A02739,Security,Competitor B,20
A02740,Database,Competitor C,32
A02740,Analytics & Data,Competitor A,35
A02740,Security,Competitor B,29
A02742,Database,Competitor B,59
A02742,Analytics & Data,Competitor C,15
A02742,Applications,Competitor C,69
A02743,Integration,Competitor A,25
A02744,Infrastructure,Competitor D,88
A02744,Analytics & Data,Competitor C,47
A02744,Security,Competitor D,69
A02744,Applications,Competitor A,30
A02745,Database,Competitor A,70
A02745,Applications,Competitor B,14
A02746,Security,Competitor D,71
A02746,Applications,Competitor D,12
A02747,Security,Competitor B,59
A02748,Analytics & Data,Competitor D,44
A02748,Applications,Competitor D,45
A02748,Integration,Competitor D,28
A02749,AI & ML,Competitor C,41
A02749,Security,Competitor A,92
A02749,Integration,Competitor B,91
A02750,Analytics & Data,Competitor A,59
A02750,Security,Competitor D,66
A02750,Applications,Competitor B,49
A02750,Integration,Competitor C,22
A02751,Database,Competitor D,34
A02751,Analytics & Data,Competitor A,44
A02751,AI & ML,Competitor C,27
A02751,Security,Competitor C,40
A02751,Applications,Competitor D,50
A02751,Integration,Competitor B,76
A02752,Infrastructure,Competitor D,64
A02753,Infrastructure,Competitor B,46
A02753,Analytics & Data,Competitor D,55
A02753,AI & ML,Competitor B,23
A02753,Security,Competitor D,30
A02753,Applications,Competitor B,83
A02754,Infrastructure,Competitor B,17
A02754,Analytics & Data,Competitor D,51
A02754,Integration,Competitor D,11
A02755,Infrastructure,Competitor B,99
A02755,Database,Competitor D,98
A02755,Analytics & Data,Competitor B,12
A02755,Security,Competitor D,19
A02755,Applications,Competitor D,91
A02756,Infrastructure,Competitor D,24
A02756,Applications,Competitor A,36
A02757,Database,Competitor B,50
A02757,Analytics & Data,Competitor B,22
A02758,AI & ML,Competitor A,61
A02758,Integration,Competitor A,81
A02759,Analytics & Data,Competitor C,75
A02759,AI & ML,Competitor A,99
A02759,Security,Competitor C,100
A02760,Database,Competitor D,51
A02760,AI & ML,Competitor D,100
A02761,Infrastructure,Competitor B,88
A02761,Database,Competitor C,65
A02761,Analytics & Data,Competitor B,40
A02761,AI & ML,Competitor B,46
A02761,Applications,Competitor A,37
A02762,Database,Competitor B,82
A02762,Analytics & Data,Competitor C,66
A02763,Database,Competitor D,38
A02763,Applications,Competitor C,41
A02764,Infrastructure,Competitor D,16
A02764,Database,Competitor D,43
A02764,Security,Competitor D,81
A02765,Analytics & Data,Competitor B,71
A02765,Applications,Competitor B,62
A02765,Integration,Competitor C,78
A02766,Infrastructure,Competitor D,34
A02766,AI & ML,Competitor B,37
A02766,Security,Competitor B,30
A02766,Applications,Competitor B,84
A02767,Infrastructure,Competitor D,52
A02767,AI & ML,Competitor C,76
A02767,Applications,Competitor C,96
A02767,Integration,Competitor A,40
A02768,Security,Competitor C,30
A02770,Analytics & Data,Competitor A,38
A02771,Database,Competitor C,67
A02771,Analytics & Data,Competitor C,42
A02771,Applications,Competitor A,28
A02772,Database,Competitor C,74
A02772,Applications,Competitor C,40
A02773,AI & ML,Competitor A,17
A02773,Security,Competitor D,14
A02773,Applications,Competitor B,33
A02774,Infrastructure,Competitor C,43
A02774,Database,Competitor A,39
A02774,Security,Competitor C,87
A02774,Applications,Competitor D,48
A02774,Integration,Competitor A,25
A02775,AI & ML,Competitor A,20
A02775,Applications,Competitor D,66
A02776,Integration,Competitor A,65
A02777,Security,Competitor C,78
A02778,Infrastructure,Competitor A,73
A02778,AI & ML,Competitor D,68
A02778,Security,Competitor B,33
A02778,Integration,Competitor B,84
A02779,Database,Competitor A,25
A02779,AI & ML,Competitor A,28
A02779,Applications,Competitor D,2
A02779,Integration,Competitor C,24
A02780,Infrastructure,Competitor B,80
A02780,Analytics & Data,Competitor C,72
A02780,AI & ML,Competitor D,55
A02780,Applications,Competitor A,43
A02781,AI & ML,Competitor C,14
A02781,Security,Competitor B,94
A02781,Applications,Competitor A,86
A02781,Integration,Competitor A,53
A02782,Infrastructure,Competitor B,84
A02782,Analytics & Data,Competitor D,100
A02782,AI & ML,Competitor A,27
A02782,Security,Competitor A,54
A02782,Integration,Competitor D,35
A02784,Infrastructure,Competitor C,72
A02784,Database,Competitor A,30
A02784,Analytics & Data,Competitor D,65
A02784,AI & ML,Competitor C,77
A02784,Security,Competitor D,93
A02785,Infrastructure,Competitor C,76
A02785,Database,Competitor C,63
A02785,Analytics & Data,Competitor C,27
A02785,Integration,Competitor D,40
A02786,Database,Competitor A,92
A02786,Applications,Competitor A,58
A02787,Infrastructure,Competitor D,52
A02787,Database,Competitor A,22
A02787,AI & ML,Competitor A,69
A02787,Security,Competitor B,78
A02788,Database,Competitor C,33
A02788,AI & ML,Competitor A,39
A02788,Applications,Competitor A,26
A02789,Database,Competitor B,31
A02790,Analytics & Data,Competitor A,73
A02790,AI & ML,Competitor D,60
A02791,Infrastructure,Competitor D,23
A02791,Applications,Competitor C,100
A02792,Infrastructure,Competitor C,88
A02792,Database,Competitor A,100
A02793,Analytics & Data,Competitor D,48
A02793,Applications,Competitor C,0
A02794,Infrastructure,Competitor A,65
A02794,AI & ML,Competitor A,64
A02794,Security,Competitor C,81
A02794,Integration,Competitor C,14
A02795,Integration,Competitor C,33
A02796,Infrastructure,Competitor A,12
A02796,Security,Competitor C,21
A02797,Security,Competitor B,67
A02797,Applications,Competitor C,96
A02799,AI & ML,Competitor A,86
A02799,Integration,Competitor C,5
A02800,Analytics & Data,Competitor D,70
A02800,AI & ML,Competitor D,40
A02800,Applications,Competitor B,34
A02801,Database,Competitor B,84
A02801,AI & ML,Competitor C,29
A02802,Database,Competitor D,32
A02802,Security,Competitor D,15
A02802,Applications,Competitor D,60
A02803,AI & ML,Competitor D,37
A02804,Infrastructure,Competitor A,56
A02804,Security,Competitor B,24
A02804,Integration,Competitor A,47
A02805,Security,Competitor D,57
A02806,Database,Competitor B,24
A02807,Infrastructure,Competitor A,66
A02807,Database,Competitor D,100
A02807,AI & ML,Competitor D,33
A02807,Security,Competitor A,63
A02807,Integration,Competitor C,64
A02808,AI & ML,Competitor C,14
A02808,Integration,Competitor A,11
A02809,Infrastructure,Competitor D,58
A02809,Database,Competitor D,14
A02809,AI & ML,Competitor C,13
A02809,Security,Competitor D,66
A02809,Applications,Competitor B,86
A02810,Infrastructure,Competitor A,34
A02810,AI & ML,Competitor C,49
A02810,Integration,Competitor B,48
A02811,Infrastructure,Competitor C,57
A02811,Integration,Competitor D,43
A02812,Database,Competitor B,24
A02812,Analytics & Data,Competitor A,78
A02812,Security,Competitor C,84
A02813,Infrastructure,Competitor A,30
A02813,AI & ML,Competitor C,35
A02814,Database,Competitor A,19
A02814,Applications,Competitor C,54
A02814,Integration,Competitor D,97
A02815,Analytics & Data,Competitor C,76
A02815,AI & ML,Competitor D,28
A02815,Security,Competitor B,80
A02815,Applications,Competitor A,67
A02817,Database,Competitor A,34
A02817,Applications,Competitor A,74
A02818,Infrastructure,Competitor A,82
A02818,AI & ML,Competitor B,100
A02818,Security,Competitor A,69
A02818,Applications,Competitor B,9
A02818,Integration,Competitor B,67
A02819,Security,Competitor D,34
A02820,Infrastructure,Competitor B,51
A02820,Security,Competitor C,94
A02820,Applications,Competitor B,18
A02820,Integration,Competitor C,27
A02821,Database,Competitor B,100
A02821,Analytics & Data,Competitor A,88
A02821,Security,Competitor D,31
A02822,Infrastructure,Competitor D,71
A02822,Analytics & Data,Competitor B,46
A02822,Security,Competitor D,70
A02823,AI & ML,Competitor B,24
A02823,Applications,Competitor C,28
A02824,Infrastructure,Competitor D,38
A02824,Database,Competitor A,96
A02824,AI & ML,Competitor A,39
A02825,Database,Competitor A,84
A02825,Security,Competitor A,53
A02826,Infrastructure,Competitor A,42
A02826,Database,Competitor A,83
A02826,AI & ML,Competitor C,97
A02826,Integration,Competitor B,95
A02827,Database,Competitor C,35
A02828,AI & ML,Competitor C,33
A02828,Applications,Competitor B,54
A02829,Security,Competitor C,55
A02829,Integration,Competitor B,85
A02830,Analytics & Data,Competitor C,39
A02830,Integration,Competitor D,96
A02831,Database,Competitor A,49
A02831,Security,Competitor C,24
A02831,Integration,Competitor D,25
A02832,Analytics & Data,Competitor B,100
A02832,Security,Competitor B,35
A02832,Integration,Competitor C,25
A02833,Database,Competitor A,70
A02833,Analytics & Data,Competitor D,20
A02833,AI & ML,Competitor D,56
A02833,Integration,Competitor B,62
A02834,Database,Competitor A,36
A02834,Analytics & Data,Competitor C,35
A02834,Applications,Competitor B,28
A02835,Security,Competitor A,41
A02836,Applications,Competitor B,12
A02836,Integration,Competitor B,23
A02837,Infrastructure,Competitor B,30
A02837,AI & ML,Competitor C,67
A02837,Security,Competitor C,11
A02838,Infrastructure,Competitor C,86
A02838,Database,Competitor D,21
A02838,Analytics & Data,Competitor A,91
A02838,AI & ML,Competitor D,34
A02839,Analytics & Data,Competitor D,38
A02840,Applications,Competitor B,45
A02841,Infrastructure,Competitor A,54
A02843,Infrastructure,Competitor D,42
A02843,Database,Competitor A,26
A02843,Analytics & Data,Competitor B,20
A02844,Infrastructure,Competitor A,82
A02844,Database,Competitor C,25
A02844,AI & ML,Competitor A,93
A02845,Infrastructure,Competitor D,20
A02845,Analytics & Data,Competitor B,97
A02845,AI & ML,Competitor B,75
A02845,Applications,Competitor B,26
A02846,Applications,Competitor B,36
A02847,Infrastructure,Competitor A,30
A02847,Security,Competitor D,77
A02849,Security,Competitor C,25
A02850,Infrastructure,Competitor C,87
A02850,Database,Competitor C,79
A02850,Security,Competitor A,23
A02853,Infrastructure,Competitor C,44
A02853,Database,Competitor C,55
A02853,AI & ML,Competitor C,10
A02853,Security,Competitor D,27
A02854,Database,Competitor D,56
A02854,Integration,Competitor A,41
A02855,Infrastructure,Competitor D,28
A02855,Analytics & Data,Competitor A,60
A02855,AI & ML,Competitor A,78
A02855,Security,Competitor A,10
A02856,Infrastructure,Competitor C,55
A02856,Analytics & Data,Competitor A,11
A02856,Applications,Competitor D,21
A02856,Integration,Competitor A,70
A02857,Applications,Competitor C,21
A02858,Analytics & Data,Competitor C,93
A02858,AI & ML,Competitor A,73
A02858,Security,Competitor A,100
A02858,Applications,Competitor B,34
A02859,Infrastructure,Competitor C,28
A02859,Applications,Competitor C,29
A02859,Integration,Competitor D,12
A02860,Database,Competitor B,39
A02860,Analytics & Data,Competitor B,90
A02860,Security,Competitor A,9
A02860,Integration,Competitor C,26
A02861,Database,Competitor D,47
A02861,AI & ML,Competitor D,29
A02861,Applications,Competitor B,41
A02862,Infrastructure,Competitor A,81
A02862,Security,Competitor D,56
A02863,Analytics & Data,Competitor D,83
A02865,Analytics & Data,Competitor D,35
A02865,Security,Competitor A,46
A02866,Database,Competitor D,3
A02866,Applications,Competitor C,61
A02866,Integration,Competitor B,39
A02867,Infrastructure,Competitor A,83
A02867,Security,Competitor B,31
A02868,Security,Competitor A,79
A02868,Integration,Competitor B,22
A02869,Infrastructure,Competitor B,27
A02869,Database,Competitor D,23
A02869,Analytics & Data,Competitor A,32
A02870,AI & ML,Competitor B,65
A02870,Applications,Competitor D,46
A02871,Analytics & Data,Competitor C,39
A02871,AI & ML,Competitor C,93
A02872,Database,Competitor C,57
A02872,AI & ML,Competitor B,40
A02872,Security,Competitor A,38
A02872,Applications,Competitor D,46
A02872,Integration,Competitor D,41
A02873,Analytics & Data,Competitor B,29
A02873,AI & ML,Competitor D,61
A02873,Integration,Competitor B,50
A02874,Analytics & Data,Competitor D,56
A02874,Integration,Competitor A,60
A02875,AI & ML,Competitor A,45
A02875,Security,Competitor C,42
A02875,Applications,Competitor B,88
A02876,Security,Competitor A,39
A02877,Database,Competitor D,32
A02878,Infrastructure,Competitor A,26
A02878,AI & ML,Competitor D,65
A02878,Security,Competitor A,36
A02879,Database,Competitor A,50
A02879,Analytics & Data,Competitor D,26
A02879,Security,Competitor B,85
A02880,Infrastructure,Competitor C,73
A02880,Database,Competitor A,66
A02880,Analytics & Data,Competitor B,29
A02881,Integration,Competitor D,31
A02882,Infrastructure,Competitor D,64
A02882,Applications,Competitor B,85
A02883,Database,Competitor A,23
A02883,Applications,Competitor A,55
A02884,Database,Competitor B,40
A02884,Analytics & Data,Competitor A,11
A02885,Infrastructure,Competitor D,86
A02885,Database,Competitor D,92
A02885,Analytics & Data,Competitor C,77
A02885,Integration,Competitor B,22
A02886,Analytics & Data,Competitor A,37
A02887,Database,Competitor B,20
A02887,Security,Competitor C,14
A02887,Integration,Competitor A,97
A02888,Database,Competitor C,26
A02888,AI & ML,Competitor B,34
A02889,AI & ML,Competitor C,52
A02889,Integration,Competitor A,50
A02890,Analytics & Data,Competitor D,15
A02890,AI & ML,Competitor B,39
A02891,Analytics & Data,Competitor D,69
A02891,AI & ML,Competitor B,42
A02892,Infrastructure,Competitor D,48
A02894,Security,Competitor D,76
A02895,Database,Competitor C,59
A02895,Applications,Competitor C,63
A02895,Integration,Competitor A,38
A02896,Infrastructure,Competitor C,38
A02896,Database,Competitor B,27
A02896,Security,Competitor A,55
A02896,Applications,Competitor D,54
A02897,Database,Competitor A,32
A02897,AI & ML,Competitor D,32
A02898,Applications,Competitor A,36
A02898,Integration,Competitor C,31
A02899,Database,Competitor B,65
A02899,Analytics & Data,Competitor B,67
A02900,Infrastructure,Competitor A,33
A02900,Integration,Competitor C,28
A02901,Analytics & Data,Competitor A,26
A02902,Integration,Competitor B,49
A02903,Database,Competitor B,37
A02904,Analytics & Data,Competitor A,15
A02905,Analytics & Data,Competitor C,47
A02905,AI & ML,Competitor A,98
A02905,Security,Competitor B,99
A02905,Applications,Competitor B,77
A02905,Integration,Competitor B,29
A02906,Database,Competitor C,94
A02906,Analytics & Data,Competitor D,77
A02906,AI & ML,Competitor A,72
A02906,Security,Competitor C,19
A02906,Applications,Competitor C,91
A02907,Security,Competitor D,42
A02908,Infrastructure,Competitor D,8
A02908,Database,Competitor D,31
A02908,Security,Competitor B,41
A02908,Applications,Competitor A,93
A02908,Integration,Competitor B,17
A02910,Security,Competitor C,45
A02911,Database,Competitor C,48
A02911,Analytics & Data,Competitor D,22
A02911,Security,Competitor A,42
A02911,Integration,Competitor C,47
A02912,Infrastructure,Competitor A,94
A02912,Applications,Competitor C,91
A02912,Integration,Competitor B,13
A02913,AI & ML,Competitor A,55
A02913,Security,Competitor D,27
A02914,Infrastructure,Competitor D,67
A02914,Security,Competitor B,33
A02915,Database,Competitor B,30
A02915,Security,Competitor A,1
A02915,Applications,Competitor C,37
A02915,Integration,Competitor D,67
A02916,Infrastructure,Competitor D,79
A02916,AI & ML,Competitor D,62
A02916,Integration,Competitor C,20
A02917,Analytics & Data,Competitor A,5
A02917,Integration,Competitor A,25
A02918,Analytics & Data,Competitor A,59
A02918,AI & ML,Competitor B,64
A02918,Applications,Competitor B,65
A02919,Database,Competitor C,90
A02919,Security,Competitor C,76
A02919,Applications,Competitor D,66
A02920,AI & ML,Competitor B,64
A02920,Applications,Competitor A,29
A02921,Analytics & Data,Competitor D,78
A02922,Analytics & Data,Competitor A,45
A02922,AI & ML,Competitor B,24
A02923,Database,Competitor D,75
A02923,AI & ML,Competitor D,51
A02923,Integration,Competitor B,30
A02924,AI & ML,Competitor A,46
A02924,Security,Competitor C,91
A02924,Integration,Competitor B,11
A02925,Security,Competitor A,36
A02926,Infrastructure,Competitor B,74
A02926,Database,Competitor A,78
A02926,AI & ML,Competitor A,41
A02926,Integration,Competitor C,25
A02927,Analytics & Data,Competitor C,84
A02927,Applications,Competitor A,22
A02928,Applications,Competitor C,85
A02929,Infrastructure,Competitor C,25
A02929,Database,Competitor D,42
A02929,Analytics & Data,Competitor A,24
A02929,AI & ML,Competitor B,22
A02929,Security,Competitor D,95
A02930,AI & ML,Competitor D,56
A02931,Applications,Competitor A,53
A02931,Integration,Competitor A,62
A02932,Database,Competitor A,83
A02932,Security,Competitor B,58
A02933,Security,Competitor A,8
A02934,Infrastructure,Competitor C,16
A02934,Database,Competitor C,48
A02934,Integration,Competitor C,31
A02935,Infrastructure,Competitor A,36
A02935,Analytics & Data,Competitor C,78
A02936,Analytics & Data,Competitor C,30
A02937,Infrastructure,Competitor D,68
A02937,Analytics & Data,Competitor B,49
A02937,AI & ML,Competitor A,29
A02937,Applications,Competitor A,45
A02938,Infrastructure,Competitor B,98
A02938,Integration,Competitor B,96
A02939,Analytics & Data,Competitor A,97
A02939,Security,Competitor A,99
A02939,Integration,Competitor A,75
A02940,Analytics & Data,Competitor B,77
A02940,AI & ML,Competitor C,56
A02940,Security,Competitor A,87
A02941,Database,Competitor C,30
A02942,Security,Competitor A,94
A02943,Infrastructure,Competitor C,90
A02943,Analytics & Data,Competitor D,30
A02943,AI & ML,Competitor C,100
A02944,Infrastructure,Competitor B,19
A02944,AI & ML,Competitor A,100
A02944,Security,Competitor C,20
A02945,Infrastructure,Competitor B,51
A02945,Database,Competitor B,92
A02945,AI & ML,Competitor C,94
A02945,Applications,Competitor C,28
A02945,Integration,Competitor D,46
A02946,AI & ML,Competitor C,21
A02947,AI & ML,Competitor A,41
A02948,Security,Competitor A,23
A02948,Applications,Competitor C,71
A02948,Integration,Competitor A,32
A02949,Analytics & Data,Competitor A,26
A02949,AI & ML,Competitor B,33
A02949,Applications,Competitor B,33
A02949,Integration,Competitor C,64
A02950,Database,Competitor D,29
A02950,Security,Competitor B,29
A02951,Database,Competitor C,28
A02951,Analytics & Data,Competitor C,100
A02951,Security,Competitor B,32
A02951,Applications,Competitor C,72
A02951,Integration,Competitor C,14
A02952,Database,Competitor B,66
A02952,Security,Competitor D,29
A02954,Database,Competitor D,33
A02955,AI & ML,Competitor C,72
A02955,Security,Competitor C,88
A02955,Applications,Competitor D,26
A02957,AI & ML,Competitor C,57
A02957,Applications,Competitor C,48
A02958,Infrastructure,Competitor B,51
A02958,AI & ML,Competitor C,88
A02959,Infrastructure,Competitor C,21
A02959,Applications,Competitor D,72
A02960,Infrastructure,Competitor A,23
A02960,Analytics & Data,Competitor C,77
A02960,AI & ML,Competitor A,81
A02961,Infrastructure,Competitor D,59
A02961,Analytics & Data,Competitor B,65
A02961,Applications,Competitor C,61
A02962,Infrastructure,Competitor D,29
A02962,AI & ML,Competitor B,22
A02962,Integration,Competitor D,17
A02963,Database,Competitor A,89
A02963,Analytics & Data,Competitor C,33
A02963,AI & ML,Competitor D,57
A02964,Infrastructure,Competitor C,21
A02964,Database,Competitor C,36
A02964,Security,Competitor B,65
A02964,Applications,Competitor B,38
A02964,Integration,Competitor A,86
A02965,Analytics & Data,Competitor B,99
A02965,Applications,Competitor A,65
A02966,Analytics & Data,Competitor A,79
A02966,AI & ML,Competitor D,25
A02966,Integration,Competitor A,73
A02967,AI & ML,Competitor C,18
A02967,Applications,Competitor C,51
A02967,Integration,Competitor D,21
A02968,Database,Competitor A,61
A02968,Analytics & Data,Competitor A,37
A02968,AI & ML,Competitor C,100
A02969,Database,Competitor B,51
A02969,Analytics & Data,Competitor C,21
A02969,Security,Competitor B,24
A02969,Integration,Competitor C,48
A02970,Database,Competitor B,25
A02970,Analytics & Data,Competitor D,91
A02970,Security,Competitor B,8
A02971,Security,Competitor A,45
A02972,Infrastructure,Competitor B,49
A02972,Integration,Competitor C,34
A02973,Infrastructure,Competitor A,46
A02973,Security,Competitor C,68
A02974,Infrastructure,Competitor A,85
A02974,Security,Competitor D,29
A02974,Applications,Competitor C,48
A02974,Integration,Competitor C,33
A02975,Analytics & Data,Competitor C,59
A02975,Security,Competitor A,1
A02976,AI & ML,Competitor B,16
A02976,Security,Competitor C,57
A02976,Applications,Competitor A,44
A02977,Database,Competitor B,33
A02977,AI & ML,Competitor D,33
A02977,Security,Competitor B,31
A02977,Applications,Competitor D,41
A02977,Integration,Competitor B,67
A02978,Infrastructure,Competitor B,27
A02978,Analytics & Data,Competitor C,25
A02978,Security,Competitor D,29
A02978,Integration,Competitor D,83
A02979,AI & ML,Competitor B,25
A02979,Applications,Competitor D,77
A02980,Infrastructure,Competitor C,37
A02980,AI & ML,Competitor A,62
A02980,Security,Competitor B,44
A02980,Integration,Competitor C,72
A02981,Analytics & Data,Competitor B,43
A02982,AI & ML,Competitor B,14
A02982,Applications,Competitor C,64
A02982,Integration,Competitor C,45
A02983,AI & ML,Competitor D,6
A02983,Applications,Competitor C,74
A02983,Integration,Competitor B,91
A02984,Database,Competitor D,84
A02984,Analytics & Data,Competitor A,74
A02984,Applications,Competitor C,61
A02985,Database,Competitor A,47
A02985,Analytics & Data,Competitor A,78
A02985,AI & ML,Competitor D,100
A02985,Security,Competitor B,23
A02986,Infrastructure,Competitor C,47
A02986,Database,Competitor C,38
A02986,Analytics & Data,Competitor A,50
A02986,Applications,Competitor D,24
A02987,Infrastructure,Competitor A,73
A02987,AI & ML,Competitor B,59
A02989,Database,Competitor A,81
A02989,Integration,Competitor D,24
A02990,Infrastructure,Competitor C,70
A02990,Analytics & Data,Competitor C,42
A02990,Integration,Competitor C,36
A02991,AI & ML,Competitor A,70
A02991,Integration,Competitor C,60
A02992,AI & ML,Competitor D,75
A02994,Infrastructure,Competitor D,54
A02994,Database,Competitor B,34
A02994,Analytics & Data,Competitor B,51
A02994,AI & ML,Competitor A,76
A02994,Security,Competitor C,99
A02994,Applications,Competitor C,42
A02995,Database,Competitor D,44
A02997,Infrastructure,Competitor A,15
A02998,Database,Competitor C,42
A02998,Applications,Competitor A,28
A02998,Integration,Competitor C,19
A02999,AI & ML,Competitor C,20
A03000,Infrastructure,Competitor A,91
