account_id,channel,days_ago
A00001,Campaign,99
A00001,Webinar,227
A00001,Event,85
A00001,Webinar,1
A00001,Event,62
A00001,Website,72
A00001,Webinar,119
A00001,Webinar,139
A00001,Event,1
A00001,Product Page,9
A00001,Event,1
A00001,Product Page,1
A00001,Campaign,35
A00001,Product Page,96
A00001,Campaign,36
A00001,Webinar,130
A00001,Event,80
A00001,Website,1
A00001,Webinar,1
A00001,Webinar,2
A00001,Webinar,90
A00001,Webinar,42
A00001,Webinar,92
A00002,Campaign,162
A00002,Website,1
A00002,Webinar,53
A00002,Product Page,1
A00002,Event,151
A00002,Website,86
A00002,Campaign,160
A00003,Campaign,8
A00003,Campaign,232
A00003,Product Page,120
A00003,Campaign,121
A00003,Product Page,137
A00003,Product Page,126
A00003,Website,1
A00003,Webinar,81
A00004,Webinar,171
A00004,Webinar,122
A00004,Product Page,143
A00004,Event,222
A00004,Website,162
A00004,Webinar,106
A00004,Event,96
A00005,Website,43
A00005,Campaign,245
A00006,Website,69
A00006,Webinar,172
A00006,Product Page,215
A00006,Campaign,144
A00006,Website,1
A00006,Campaign,129
A00006,Campaign,159
A00006,Event,194
A00007,Campaign,1
A00007,Event,166
A00008,Website,15
A00008,Campaign,150
A00008,Campaign,160
A00008,Product Page,36
A00008,Webinar,105
A00009,Product Page,108
A00009,Product Page,185
A00009,Webinar,176
A00009,Product Page,13
A00009,Campaign,63
A00009,Website,94
A00009,Product Page,193
A00009,Webinar,242
A00009,Website,179
A00009,Product Page,1
A00009,Website,62
A00009,Product Page,214
A00009,Website,1
A00010,Campaign,94
A00010,Product Page,87
A00010,Website,129
A00010,Webinar,152
A00010,Event,73
A00011,Product Page,80
A00011,Webinar,85
A00011,Website,150
A00011,Website,133
A00011,Campaign,131
A00011,Website,114
A00011,Campaign,73
A00011,Webinar,183
A00011,Campaign,124
A00011,Product Page,197
A00012,Website,54
A00012,Webinar,1
A00012,Webinar,85
A00012,Event,89
A00012,Product Page,39
A00012,Campaign,75
A00012,Event,55
A00012,Website,1
A00012,Event,245
A00012,Product Page,127
A00012,Website,8
A00012,Product Page,73
A00013,Campaign,162
A00013,Website,58
A00013,Website,52
A00014,Webinar,180
A00014,Event,50
A00014,Campaign,117
A00014,Website,57
A00014,Webinar,166
A00014,Webinar,99
A00014,Product Page,157
A00014,Website,137
A00014,Website,70
A00014,Event,140
A00014,Event,164
A00014,Website,100
A00014,Website,162
A00015,Campaign,152
A00015,Webinar,79
A00015,Product Page,102
A00015,Website,160
A00015,Webinar,64
A00015,Event,118
A00015,Product Page,82
A00015,Website,137
A00015,Campaign,142
A00015,Campaign,145
A00016,Webinar,148
A00016,Webinar,165
A00016,Event,1
A00016,Event,71
A00016,Product Page,35
A00016,Event,105
A00016,Campaign,21
A00016,Event,130
A00016,Event,267
A00016,Event,228
A00016,Campaign,103
A00016,Website,1
A00016,Campaign,1
A00017,Webinar,155
A00017,Webinar,164
A00017,Event,220
A00017,Event,170
A00017,Event,189
A00017,Website,164
A00017,Product Page,83
A00017,Product Page,146
A00018,Website,100
A00018,Event,140
A00018,Webinar,145
A00019,Campaign,179
A00019,Webinar,1
A00019,Campaign,92
A00019,Event,37
A00019,Webinar,158
A00019,Product Page,176
A00019,Campaign,44
A00019,Event,21
A00019,Product Page,245
A00019,Webinar,75
A00019,Website,139
A00019,Campaign,38
A00020,Product Page,123
A00020,Website,242
A00020,Website,62
A00020,Product Page,177
A00020,Event,139
A00020,Webinar,219
A00020,Campaign,33
A00021,Event,59
A00021,Campaign,1
A00021,Webinar,126
A00021,Website,124
A00021,Webinar,117
A00021,Campaign,64
A00021,Event,104
A00021,Campaign,152
A00021,Event,137
A00021,Webinar,140
A00021,Website,63
A00021,Campaign,1
A00021,Event,81
A00021,Event,67
A00022,Campaign,71
A00022,Event,1
A00022,Campaign,143
A00022,Campaign,1
A00022,Campaign,1
A00022,Event,101
A00022,Event,44
A00022,Website,1
A00022,Product Page,81
A00022,Product Page,207
A00022,Campaign,33
A00022,Event,104
A00022,Campaign,147
A00022,Campaign,199
A00022,Event,157
A00023,Website,101
A00023,Product Page,93
A00023,Website,97
A00023,Product Page,1
A00023,Website,112
A00023,Event,142
A00024,Product Page,189
A00024,Webinar,144
A00024,Webinar,206
A00024,Webinar,134
A00024,Event,121
A00024,Product Page,65
A00025,Website,158
A00025,Campaign,199
A00025,Product Page,104
A00026,Website,129
A00026,Event,138
A00026,Event,222
A00026,Product Page,137
A00026,Campaign,72
A00026,Website,175
A00026,Website,76
A00026,Event,85
A00026,Website,83
A00027,Website,114
A00027,Product Page,139
A00027,Event,107
A00027,Campaign,86
A00027,Event,134
A00027,Event,147
A00027,Event,141
A00027,Event,99
A00028,Product Page,1
A00028,Website,1
A00028,Campaign,1
A00028,Product Page,48
A00028,Event,39
A00028,Webinar,229
A00028,Website,81
A00028,Webinar,196
A00028,Website,211
A00028,Product Page,156
A00028,Campaign,140
A00028,Event,66
A00029,Website,51
A00029,Webinar,164
A00029,Product Page,25
A00029,Campaign,197
A00029,Campaign,1
A00029,Campaign,134
A00029,Product Page,152
A00029,Campaign,320
A00029,Webinar,47
A00029,Product Page,77
A00029,Webinar,132
A00029,Campaign,34
A00029,Event,191
A00029,Website,53
A00030,Event,173
A00030,Campaign,169
A00030,Webinar,205
A00030,Product Page,97
A00030,Website,302
A00030,Event,130
A00030,Product Page,145
A00030,Website,104
A00031,Campaign,118
A00031,Webinar,170
A00031,Website,214
A00031,Event,33
A00031,Campaign,31
A00031,Website,153
A00031,Campaign,106
A00031,Product Page,184
A00031,Webinar,94
A00032,Website,124
A00032,Event,147
A00032,Product Page,154
A00032,Webinar,231
A00032,Website,167
A00032,Website,155
A00032,Campaign,228
A00032,Webinar,131
A00033,Product Page,138
A00033,Website,166
A00033,Campaign,193
A00033,Product Page,214
A00033,Campaign,141
A00033,Event,61
A00033,Campaign,54
A00033,Website,2
A00033,Event,126
A00033,Product Page,162
A00033,Webinar,20
A00033,Product Page,140
A00033,Campaign,78
A00033,Event,93
A00034,Event,168
A00034,Campaign,155
A00034,Event,177
A00034,Campaign,235
A00034,Event,179
A00034,Website,176
A00034,Campaign,151
A00034,Website,229
A00034,Product Page,229
A00034,Website,129
A00034,Website,223
A00034,Campaign,164
A00035,Webinar,53
A00035,Campaign,155
A00035,Webinar,1
A00035,Product Page,115
A00035,Event,114
A00035,Webinar,145
A00035,Website,100
A00035,Product Page,237
A00035,Product Page,82
A00035,Event,1
A00036,Website,132
A00036,Event,92
A00036,Product Page,201
A00036,Event,249
A00036,Webinar,123
A00037,Campaign,152
A00037,Campaign,54
A00037,Webinar,145
A00037,Webinar,177
A00037,Event,183
A00037,Campaign,15
A00037,Product Page,186
A00037,Webinar,221
A00037,Webinar,183
A00037,Event,136
A00037,Event,39
A00037,Website,137
A00037,Campaign,98
A00037,Website,19
A00038,Event,139
A00038,Webinar,275
A00038,Product Page,70
A00038,Product Page,3
A00038,Event,241
A00038,Webinar,39
A00038,Product Page,170
A00038,Event,49
A00038,Website,253
A00038,Event,216
A00038,Website,106
A00038,Website,1
A00038,Website,190
A00038,Event,152
A00039,Event,39
A00039,Campaign,116
A00039,Webinar,81
A00039,Webinar,8
A00039,Campaign,94
A00039,Webinar,177
A00039,Event,75
A00039,Website,40
A00039,Campaign,64
A00039,Event,1
A00039,Webinar,89
A00039,Website,30
A00039,Campaign,127
A00039,Event,1
A00039,Event,75
A00040,Campaign,126
A00040,Campaign,122
A00040,Product Page,21
A00040,Product Page,98
A00040,Product Page,109
A00040,Campaign,57
A00040,Event,123
A00040,Website,1
A00040,Event,136
A00040,Webinar,92
A00040,Website,125
A00040,Product Page,150
A00040,Website,121
A00041,Campaign,59
A00041,Campaign,124
A00041,Website,103
A00041,Website,93
A00041,Website,105
A00041,Event,148
A00041,Webinar,243
A00041,Event,61
A00041,Event,172
A00041,Event,184
A00041,Campaign,205
A00041,Campaign,170
A00042,Event,171
A00042,Website,64
A00042,Campaign,37
A00042,Website,211
A00042,Website,67
A00043,Website,14
A00043,Website,118
A00043,Product Page,147
A00043,Webinar,203
A00043,Product Page,159
A00043,Website,169
A00043,Webinar,172
A00044,Webinar,245
A00044,Website,110
A00044,Campaign,55
A00044,Campaign,218
A00044,Campaign,106
A00045,Event,56
A00045,Webinar,6
A00045,Event,79
A00045,Campaign,157
A00045,Webinar,121
A00045,Product Page,86
A00045,Event,60
A00045,Event,11
A00046,Product Page,9
A00046,Campaign,115
A00046,Product Page,69
A00046,Website,143
A00046,Product Page,235
A00046,Product Page,120
A00046,Webinar,83
A00046,Website,1
A00046,Campaign,40
A00046,Webinar,85
A00046,Event,228
A00046,Campaign,248
A00046,Product Page,18
A00046,Event,20
A00046,Product Page,26
A00046,Website,131
A00046,Product Page,155
A00046,Product Page,104
A00046,Webinar,25
A00047,Webinar,11
A00047,Campaign,244
A00047,Webinar,78
A00048,Event,98
A00048,Campaign,46
A00048,Website,18
A00048,Website,65
A00048,Campaign,258
A00048,Product Page,104
A00048,Website,105
A00048,Campaign,184
A00048,Product Page,113
A00049,Campaign,153
A00049,Webinar,1
A00049,Webinar,132
A00049,Product Page,150
A00049,Event,207
A00049,Event,95
A00049,Event,143
A00049,Website,21
A00049,Product Page,181
A00049,Product Page,242
A00049,Website,37
A00049,Website,50
A00049,Product Page,77
A00049,Product Page,141
A00049,Webinar,1
A00049,Website,137
A00049,Campaign,122
A00050,Campaign,74
A00050,Product Page,112
A00050,Product Page,135
A00050,Website,259
A00051,Campaign,106
A00051,Campaign,150
A00051,Campaign,69
A00051,Product Page,13
A00051,Webinar,161
A00051,Campaign,187
A00051,Webinar,142
A00052,Webinar,150
A00052,Event,72
A00052,Product Page,1
A00052,Event,105
A00052,Webinar,214
A00052,Product Page,182
A00052,Product Page,259
A00052,Webinar,225
A00052,Product Page,230
A00052,Webinar,130
A00052,Webinar,99
A00053,Event,127
A00053,Webinar,132
A00053,Website,274
A00053,Webinar,127
A00053,Campaign,174
A00053,Campaign,109
A00054,Event,106
A00054,Website,212
A00054,Website,277
A00054,Event,63
A00055,Website,34
A00055,Webinar,1
A00055,Webinar,1
A00055,Event,14
A00055,Campaign,134
A00055,Product Page,106
A00055,Product Page,15
A00055,Webinar,150
A00055,Product Page,74
A00055,Webinar,134
A00055,Webinar,147
A00055,Event,20
A00056,Product Page,197
A00056,Event,75
A00056,Webinar,1
A00056,Webinar,156
A00056,Product Page,75
A00056,Event,209
A00056,Product Page,11
A00056,Website,137
A00056,Website,22
A00056,Product Page,86
A00056,Campaign,190
A00056,Event,80
A00056,Event,22
A00056,Campaign,82
A00056,Website,95
A00057,Event,82
A00057,Event,1
A00057,Website,106
A00057,Webinar,259
A00057,Campaign,1
A00057,Website,63
A00057,Product Page,182
A00057,Event,126
A00057,Event,54
A00057,Event,22
A00058,Event,215
A00058,Webinar,41
A00058,Webinar,287
A00058,Website,165
A00058,Webinar,210
A00059,Campaign,82
A00059,Product Page,190
A00059,Campaign,75
A00059,Product Page,41
A00059,Webinar,264
A00059,Webinar,181
A00059,Website,168
A00059,Website,73
A00059,Campaign,187
A00059,Website,198
A00060,Product Page,100
A00060,Webinar,192
A00060,Website,340
A00060,Product Page,113
A00060,Website,120
A00060,Website,155
A00060,Website,54
A00060,Campaign,4
A00061,Product Page,76
A00061,Event,45
A00061,Campaign,1
A00061,Event,33
A00061,Campaign,96
A00061,Webinar,64
A00061,Webinar,166
A00061,Campaign,73
A00061,Website,131
A00061,Website,143
A00061,Webinar,17
A00061,Campaign,74
A00061,Website,160
A00061,Event,64
A00062,Webinar,86
A00062,Event,79
A00062,Campaign,142
A00062,Campaign,136
A00062,Product Page,190
A00062,Website,124
A00062,Event,44
A00062,Product Page,55
A00062,Product Page,163
A00062,Campaign,79
A00062,Product Page,43
A00062,Webinar,53
A00062,Product Page,143
A00062,Website,115
A00063,Webinar,159
A00063,Product Page,40
A00063,Webinar,168
A00063,Product Page,2
A00063,Website,122
A00063,Webinar,102
A00063,Webinar,164
A00063,Event,149
A00064,Webinar,123
A00064,Event,169
A00064,Product Page,189
A00064,Event,147
A00064,Campaign,165
A00064,Product Page,144
A00064,Webinar,118
A00064,Website,163
A00064,Product Page,24
A00064,Website,132
A00064,Product Page,179
A00064,Product Page,196
A00065,Webinar,126
A00065,Webinar,116
A00065,Webinar,27
A00065,Event,109
A00065,Event,197
A00065,Event,211
A00065,Event,85
A00065,Product Page,38
A00066,Website,55
A00066,Campaign,60
A00066,Event,18
A00066,Campaign,81
A00066,Campaign,126
A00066,Campaign,171
A00066,Campaign,16
A00066,Event,1
A00066,Webinar,1
A00066,Campaign,90
A00066,Website,54
A00066,Webinar,1
A00066,Event,82
A00067,Campaign,188
A00067,Website,1
A00067,Product Page,69
A00067,Campaign,244
A00067,Event,198
A00067,Website,21
A00067,Event,137
A00068,Webinar,113
A00068,Website,63
A00068,Website,254
A00068,Event,154
A00068,Webinar,245
A00068,Webinar,102
A00068,Website,77
A00068,Website,181
A00068,Event,158
A00068,Product Page,101
A00069,Event,138
A00069,Webinar,146
A00069,Event,174
A00069,Webinar,179
A00069,Product Page,45
A00069,Website,129
A00069,Event,78
A00069,Website,84
A00069,Product Page,211
A00069,Website,197
A00069,Webinar,181
A00070,Product Page,228
A00070,Webinar,12
A00070,Website,120
A00070,Webinar,132
A00070,Event,86
A00070,Webinar,163
A00071,Product Page,120
A00071,Event,184
A00071,Event,188
A00071,Event,83
A00071,Website,130
A00071,Event,14
A00071,Campaign,137
A00071,Website,97
A00071,Campaign,56
A00071,Webinar,186
A00071,Product Page,90
A00071,Website,183
A00071,Campaign,59
A00071,Event,211
A00072,Website,83
A00072,Campaign,61
A00072,Event,120
A00072,Product Page,212
A00072,Event,89
A00073,Website,11
A00073,Webinar,55
A00073,Webinar,32
A00073,Campaign,97
A00073,Campaign,206
A00073,Campaign,122
A00073,Event,1
A00073,Event,2
A00073,Campaign,71
A00074,Event,77
A00074,Product Page,109
A00074,Event,125
A00074,Product Page,47
A00074,Event,69
A00074,Webinar,211
A00074,Event,55
A00074,Webinar,200
A00074,Event,24
A00074,Website,154
A00074,Webinar,21
A00074,Website,80
A00075,Product Page,44
A00075,Webinar,200
A00075,Event,110
A00075,Campaign,164
A00075,Product Page,96
A00075,Product Page,133
A00076,Website,38
A00076,Product Page,94
A00076,Product Page,1
A00076,Webinar,117
A00076,Website,38
A00076,Campaign,1
A00076,Product Page,113
A00076,Event,14
A00076,Campaign,45
A00076,Website,20
A00077,Website,142
A00077,Campaign,234
A00077,Product Page,211
A00077,Event,84
A00077,Campaign,97
A00077,Campaign,57
A00077,Event,55
A00077,Website,98
A00077,Webinar,156
A00077,Product Page,206
A00078,Event,62
A00078,Webinar,61
A00078,Webinar,187
A00078,Webinar,182
A00078,Webinar,204
A00078,Campaign,235
A00078,Product Page,5
A00078,Website,38
A00078,Product Page,189
A00078,Webinar,121
A00078,Campaign,167
A00078,Product Page,129
A00078,Campaign,64
A00078,Webinar,62
A00079,Campaign,90
A00079,Event,53
A00079,Product Page,128
A00079,Event,133
A00079,Product Page,45
A00079,Website,187
A00079,Website,1
A00079,Event,119
A00079,Webinar,70
A00079,Product Page,1
A00079,Webinar,1
A00079,Webinar,63
A00079,Webinar,13
A00079,Campaign,1
A00079,Product Page,56
A00079,Website,1
A00079,Website,82
A00079,Product Page,3
A00079,Website,39
A00079,Event,78
A00080,Webinar,76
A00080,Website,164
A00080,Webinar,79
A00080,Webinar,88
A00080,Event,185
A00080,Product Page,176
A00080,Event,228
A00080,Event,123
A00080,Webinar,32
A00080,Event,136
A00080,Product Page,227
A00080,Website,101
A00080,Webinar,23
A00081,Webinar,8
A00081,Website,44
A00081,Webinar,60
A00081,Event,120
A00081,Product Page,275
A00081,Webinar,103
A00082,Website,105
A00082,Webinar,230
A00082,Webinar,97
A00082,Campaign,116
A00082,Event,180
A00082,Webinar,66
A00082,Event,80
A00082,Website,168
A00083,Webinar,117
A00083,Product Page,182
A00083,Product Page,83
A00083,Event,174
A00083,Website,233
A00083,Webinar,1
A00083,Product Page,91
A00083,Webinar,33
A00084,Campaign,51
A00084,Website,135
A00084,Website,114
A00084,Event,1
A00084,Campaign,134
A00084,Product Page,206
A00084,Campaign,71
A00084,Campaign,168
A00085,Campaign,193
A00085,Product Page,259
A00086,Webinar,115
A00086,Event,171
A00086,Event,196
A00086,Webinar,126
A00086,Webinar,116
A00086,Campaign,113
A00086,Product Page,95
A00086,Product Page,165
A00086,Campaign,186
A00086,Event,305
A00087,Website,38
A00087,Product Page,21
A00087,Campaign,159
A00087,Campaign,125
A00087,Product Page,57
A00087,Product Page,125
A00088,Event,1
A00088,Event,132
A00088,Webinar,153
A00088,Product Page,179
A00088,Product Page,247
A00088,Event,1
A00088,Website,65
A00088,Product Page,97
A00088,Website,4
A00088,Campaign,181
A00088,Campaign,187
A00088,Product Page,239
A00088,Webinar,42
A00088,Website,119
A00088,Product Page,205
A00088,Product Page,225
A00089,Campaign,120
A00089,Website,75
A00089,Event,83
A00089,Event,108
A00089,Campaign,133
A00089,Webinar,98
A00089,Campaign,200
A00089,Website,98
A00089,Product Page,1
A00089,Product Page,81
A00090,Webinar,109
A00090,Product Page,238
A00090,Event,172
A00090,Webinar,20
A00090,Webinar,114
A00090,Website,172
A00090,Product Page,105
A00090,Webinar,225
A00091,Event,141
A00091,Event,84
A00091,Webinar,114
A00091,Product Page,142
A00091,Event,191
A00091,Campaign,171
A00091,Campaign,79
A00091,Website,238
A00091,Campaign,13
A00091,Webinar,184
A00091,Website,184
A00091,Product Page,219
A00091,Website,79
A00091,Product Page,189
A00091,Campaign,173
A00091,Product Page,148
A00091,Product Page,190
A00092,Event,173
A00093,Campaign,130
A00093,Event,78
A00093,Website,132
A00093,Product Page,112
A00094,Event,74
A00094,Webinar,183
A00094,Webinar,215
A00094,Webinar,124
A00094,Campaign,182
A00094,Website,81
A00095,Campaign,5
A00095,Campaign,21
A00095,Webinar,7
A00095,Product Page,226
A00095,Product Page,116
A00095,Webinar,63
A00095,Website,117
A00095,Website,166
A00095,Website,38
A00095,Campaign,85
A00095,Webinar,86
A00095,Campaign,85
A00095,Product Page,70
A00095,Website,75
A00096,Webinar,79
A00096,Product Page,184
A00096,Product Page,70
A00096,Campaign,111
A00096,Campaign,79
A00097,Website,174
A00097,Campaign,163
A00097,Campaign,202
A00097,Product Page,122
A00097,Campaign,191
A00097,Product Page,183
A00097,Website,194
A00098,Product Page,88
A00098,Website,1
A00098,Event,1
A00098,Campaign,1
A00098,Campaign,143
A00098,Product Page,81
A00098,Webinar,68
A00098,Website,131
A00098,Product Page,86
A00098,Event,136
A00098,Website,179
A00098,Campaign,1
A00098,Event,16
A00098,Campaign,1
A00098,Event,88
A00098,Product Page,169
A00098,Product Page,179
A00098,Webinar,2
A00098,Campaign,5
A00098,Product Page,158
A00098,Campaign,69
A00098,Event,166
A00098,Webinar,156
A00099,Website,31
A00099,Webinar,61
A00099,Event,45
A00099,Website,176
A00099,Website,160
A00099,Website,61
A00099,Website,339
A00099,Event,134
A00099,Event,161
A00099,Website,86
A00099,Website,157
A00099,Event,102
A00099,Product Page,108
A00099,Website,120
A00099,Product Page,17
A00100,Event,257
A00100,Campaign,166
A00100,Website,16
A00100,Event,25
A00100,Website,124
A00100,Website,204
A00100,Webinar,134
A00100,Product Page,68
A00100,Website,88
A00100,Webinar,107
A00100,Event,1
A00100,Campaign,142
A00100,Website,118
A00100,Event,27
A00100,Campaign,92
A00100,Webinar,279
A00101,Product Page,39
A00101,Event,228
A00101,Website,166
A00101,Webinar,93
A00101,Webinar,119
A00101,Event,19
A00102,Website,77
A00102,Campaign,246
A00102,Webinar,171
A00102,Event,58
A00102,Webinar,217
A00102,Campaign,236
A00103,Event,101
A00103,Website,164
A00103,Webinar,229
A00103,Product Page,78
A00103,Campaign,122
A00103,Product Page,57
A00103,Webinar,60
A00103,Website,159
A00103,Product Page,22
A00103,Website,137
A00103,Website,233
A00103,Event,157
A00103,Product Page,54
A00104,Event,111
A00104,Event,103
A00104,Website,61
A00104,Webinar,112
A00104,Event,144
A00104,Event,102
A00104,Webinar,127
A00104,Event,127
A00104,Website,105
A00104,Event,95
A00104,Event,78
A00104,Product Page,1
A00104,Campaign,58
A00105,Website,108
A00105,Product Page,138
A00105,Event,168
A00105,Webinar,119
A00105,Website,75
A00105,Campaign,220
A00105,Event,177
A00105,Website,168
A00106,Event,198
A00106,Event,1
A00106,Product Page,83
A00106,Product Page,119
A00106,Website,260
A00106,Campaign,145
A00106,Website,152
A00106,Event,1
A00106,Product Page,155
A00106,Webinar,94
A00106,Event,1
A00106,Campaign,108
A00106,Product Page,34
A00106,Campaign,90
A00106,Event,138
A00106,Event,88
A00107,Campaign,118
A00107,Website,167
A00107,Webinar,239
A00107,Webinar,152
A00107,Website,129
A00107,Event,111
A00107,Event,86
A00108,Product Page,33
A00108,Product Page,137
A00108,Campaign,23
A00108,Webinar,90
A00108,Product Page,103
A00108,Event,9
A00108,Product Page,136
A00108,Website,285
A00108,Website,189
A00108,Website,153
A00108,Website,71
A00108,Product Page,138
A00109,Webinar,137
A00109,Product Page,96
A00109,Campaign,109
A00109,Campaign,160
A00109,Webinar,151
A00109,Product Page,198
A00109,Event,81
A00109,Campaign,54
A00109,Website,143
A00109,Webinar,242
A00110,Website,1
A00110,Campaign,1
A00110,Campaign,127
A00110,Product Page,1
A00110,Webinar,1
A00110,Product Page,1
A00110,Webinar,1
A00110,Campaign,43
A00110,Event,201
A00110,Event,52
A00110,Product Page,15
A00110,Campaign,1
A00110,Webinar,1
A00110,Product Page,7
A00110,Website,38
A00111,Event,1
A00111,Webinar,16
A00111,Campaign,87
A00111,Webinar,82
A00111,Product Page,119
A00111,Campaign,94
A00111,Event,1
A00111,Webinar,25
A00111,Event,79
A00111,Product Page,79
A00111,Event,82
A00111,Event,75
A00111,Website,98
A00111,Website,23
A00112,Event,159
A00112,Campaign,276
A00112,Product Page,192
A00112,Campaign,42
A00112,Campaign,174
A00113,Product Page,114
A00113,Product Page,1
A00113,Product Page,1
A00113,Campaign,1
A00113,Website,5
A00113,Event,68
A00113,Campaign,125
A00113,Campaign,77
A00113,Event,76
A00114,Event,70
A00114,Webinar,68
A00114,Website,130
A00114,Campaign,97
A00115,Website,143
A00115,Campaign,250
A00115,Event,70
A00115,Product Page,133
A00115,Website,120
A00115,Event,138
A00115,Website,159
A00115,Campaign,212
A00115,Campaign,28
A00116,Product Page,9
A00116,Webinar,26
A00116,Webinar,120
A00116,Webinar,130
A00116,Product Page,193
A00116,Product Page,169
A00117,Campaign,1
A00117,Product Page,36
A00117,Campaign,65
A00117,Webinar,85
A00117,Website,31
A00117,Webinar,86
A00117,Website,43
A00117,Campaign,152
A00117,Product Page,62
A00118,Product Page,254
A00118,Product Page,241
A00118,Webinar,165
A00118,Product Page,183
A00118,Product Page,181
A00118,Webinar,157
A00118,Website,176
A00118,Campaign,134
A00118,Event,75
A00118,Event,262
A00119,Campaign,117
A00119,Website,161
A00119,Event,1
A00119,Webinar,85
A00119,Website,25
A00119,Event,106
A00119,Campaign,153
A00120,Product Page,174
A00120,Product Page,164
A00120,Event,138
A00120,Website,132
A00120,Website,17
A00120,Webinar,38
A00121,Event,142
A00121,Webinar,182
A00121,Webinar,182
A00121,Campaign,58
A00121,Event,105
A00121,Product Page,103
A00121,Campaign,10
A00121,Webinar,1
A00121,Webinar,36
A00122,Event,154
A00122,Webinar,120
A00122,Website,170
A00122,Website,146
A00122,Website,154
A00122,Campaign,67
A00122,Product Page,1
A00122,Webinar,77
A00122,Product Page,116
A00122,Website,236
A00122,Event,201
A00122,Product Page,109
A00122,Webinar,113
A00122,Event,101
A00122,Campaign,48
A00122,Website,76
A00122,Website,194
A00123,Website,190
A00123,Webinar,150
A00123,Campaign,153
A00123,Webinar,52
A00123,Website,235
A00124,Campaign,73
A00124,Campaign,60
A00124,Campaign,58
A00124,Product Page,99
A00124,Product Page,111
A00124,Website,159
A00124,Website,246
A00124,Campaign,67
A00124,Product Page,134
A00124,Website,68
A00124,Campaign,98
A00124,Campaign,189
A00124,Webinar,127
A00124,Product Page,51
A00124,Webinar,53
A00125,Event,71
A00125,Webinar,282
A00125,Website,1
A00125,Website,1
A00125,Product Page,115
A00125,Website,88
A00125,Event,174
A00125,Campaign,163
A00126,Event,103
A00126,Product Page,126
A00126,Campaign,28
A00126,Webinar,51
A00126,Webinar,121
A00127,Website,110
A00127,Event,139
A00127,Campaign,90
A00127,Event,113
A00127,Product Page,232
A00127,Webinar,31
A00127,Campaign,150
A00128,Website,93
A00128,Product Page,99
A00128,Website,94
A00128,Event,54
A00128,Campaign,60
A00129,Event,156
A00129,Product Page,136
A00129,Product Page,65
A00129,Webinar,129
A00129,Event,177
A00129,Webinar,152
A00129,Event,66
A00129,Product Page,48
A00130,Event,91
A00130,Campaign,209
A00130,Webinar,279
A00130,Webinar,105
A00130,Event,138
A00130,Campaign,1
A00130,Event,297
A00130,Website,132
A00130,Website,147
A00130,Campaign,104
A00131,Website,1
A00131,Webinar,1
A00131,Website,4
A00131,Product Page,122
A00131,Campaign,12
A00131,Website,75
A00131,Event,99
A00131,Campaign,229
A00131,Website,184
A00131,Product Page,132
A00132,Campaign,181
A00132,Product Page,134
A00132,Event,139
A00132,Campaign,98
A00133,Website,247
A00133,Website,179
A00133,Website,160
A00133,Event,161
A00134,Webinar,169
A00134,Website,66
A00134,Webinar,173
A00134,Event,140
A00134,Website,83
A00134,Webinar,80
A00134,Event,1
A00134,Webinar,56
A00134,Product Page,21
A00134,Product Page,84
A00135,Webinar,113
A00135,Website,65
A00135,Event,183
A00135,Webinar,124
A00135,Event,131
A00135,Website,187
A00135,Website,243
A00135,Product Page,149
A00135,Website,114
A00135,Campaign,1
A00135,Product Page,87
A00135,Website,198
A00136,Webinar,238
A00136,Webinar,28
A00136,Event,137
A00136,Webinar,180
A00136,Product Page,217
A00136,Product Page,146
A00136,Event,93
A00136,Campaign,96
A00136,Campaign,159
A00136,Event,184
A00136,Event,118
A00137,Campaign,77
A00137,Webinar,148
A00137,Product Page,172
A00137,Event,239
A00137,Campaign,160
A00137,Product Page,173
A00137,Campaign,117
A00137,Product Page,84
A00138,Product Page,161
A00138,Webinar,141
A00138,Campaign,103
A00138,Webinar,135
A00138,Website,113
A00138,Website,237
A00138,Webinar,50
A00138,Product Page,117
A00138,Product Page,219
A00138,Website,148
A00138,Website,131
A00138,Webinar,179
A00139,Campaign,145
A00139,Website,97
A00139,Website,17
A00139,Product Page,25
A00139,Product Page,81
A00139,Webinar,31
A00139,Event,90
A00139,Website,209
A00139,Product Page,104
A00139,Webinar,208
A00140,Product Page,1
A00140,Website,10
A00140,Webinar,151
A00140,Campaign,78
A00140,Campaign,98
A00140,Event,83
A00140,Webinar,75
A00140,Event,189
A00140,Website,81
A00140,Event,113
A00140,Webinar,230
A00140,Event,1
A00141,Product Page,101
A00141,Website,109
A00141,Website,5
A00141,Website,97
A00141,Product Page,198
A00141,Product Page,67
A00141,Website,265
A00141,Website,145
A00141,Event,83
A00142,Webinar,78
A00142,Website,246
A00142,Campaign,258
A00142,Event,181
A00142,Campaign,149
A00142,Campaign,86
A00142,Event,218
A00142,Product Page,113
A00143,Campaign,129
A00143,Product Page,79
A00143,Product Page,107
A00143,Website,134
A00143,Campaign,93
A00143,Website,128
A00143,Event,125
A00143,Webinar,229
A00143,Event,210
A00144,Webinar,1
A00144,Product Page,73
A00144,Event,88
A00144,Product Page,109
A00144,Event,86
A00144,Product Page,231
A00144,Webinar,32
A00144,Webinar,14
A00145,Campaign,100
A00145,Campaign,214
A00145,Campaign,51
A00145,Campaign,192
A00145,Webinar,48
A00145,Campaign,59
A00145,Website,69
A00145,Product Page,66
A00145,Campaign,5
A00146,Webinar,97
A00146,Campaign,6
A00146,Campaign,1
A00146,Website,199
A00146,Webinar,189
A00146,Webinar,24
A00146,Campaign,46
A00146,Campaign,69
A00146,Product Page,111
A00146,Campaign,98
A00146,Campaign,153
A00146,Product Page,155
A00146,Website,98
A00146,Campaign,1
A00146,Campaign,151
A00146,Webinar,51
A00147,Event,229
A00147,Campaign,175
A00147,Product Page,174
A00147,Webinar,224
A00148,Event,59
A00148,Product Page,171
A00148,Webinar,163
A00148,Event,86
A00148,Campaign,197
A00148,Event,105
A00148,Product Page,115
A00148,Campaign,96
A00148,Product Page,154
A00149,Campaign,137
A00149,Product Page,89
A00150,Website,39
A00150,Event,161
A00150,Webinar,1
A00150,Webinar,24
A00150,Webinar,1
A00150,Website,1
A00150,Webinar,30
A00150,Website,20
A00150,Webinar,62
A00150,Campaign,181
A00151,Website,142
A00151,Event,211
A00151,Event,112
A00151,Website,152
A00151,Product Page,192
A00151,Event,128
A00151,Product Page,193
A00151,Website,207
A00151,Product Page,102
A00152,Product Page,217
A00152,Event,35
A00152,Webinar,58
A00152,Website,258
A00152,Product Page,145
A00152,Product Page,54
A00152,Campaign,95
A00153,Product Page,246
A00153,Website,204
A00153,Event,189
A00153,Product Page,139
A00153,Event,208
A00154,Website,48
A00154,Website,156
A00154,Product Page,112
A00154,Campaign,54
A00154,Website,140
A00154,Campaign,78
A00154,Website,32
A00155,Website,181
A00155,Campaign,61
A00155,Campaign,93
A00155,Campaign,27
A00155,Product Page,174
A00155,Website,54
A00155,Website,97
A00155,Website,186
A00155,Product Page,20
A00155,Website,137
A00155,Website,77
A00155,Event,91
A00155,Webinar,18
A00155,Event,159
A00155,Webinar,193
A00155,Webinar,135
A00156,Website,61
A00156,Product Page,147
A00156,Website,95
A00156,Webinar,15
A00156,Campaign,112
A00156,Product Page,1
A00156,Webinar,186
A00156,Event,5
A00156,Event,1
A00156,Event,152
A00156,Webinar,8
A00156,Product Page,186
A00156,Event,119
A00156,Product Page,161
A00156,Event,89
A00157,Product Page,137
A00157,Product Page,86
A00157,Campaign,208
A00157,Website,169
A00157,Event,174
A00157,Website,1
A00157,Webinar,160
A00157,Webinar,234
A00157,Product Page,60
A00157,Product Page,17
A00157,Event,122
A00157,Webinar,81
A00158,Campaign,165
A00158,Webinar,236
A00158,Campaign,198
A00158,Website,96
A00158,Campaign,178
A00158,Website,31
A00158,Event,135
A00158,Website,141
A00158,Webinar,170
A00158,Event,224
A00158,Website,151
A00158,Campaign,144
A00159,Product Page,2
A00159,Product Page,249
A00159,Website,180
A00159,Website,111
A00159,Product Page,169
A00159,Webinar,178
A00159,Campaign,204
A00159,Webinar,215
A00160,Website,244
A00160,Event,110
A00160,Campaign,87
A00160,Event,50
A00160,Event,283
A00160,Product Page,1
A00160,Campaign,111
A00160,Webinar,106
A00160,Webinar,168
A00160,Event,117
A00161,Webinar,117
A00161,Webinar,2
A00161,Campaign,139
A00161,Webinar,116
A00161,Website,194
A00161,Product Page,86
A00161,Event,131
A00161,Campaign,215
A00162,Webinar,159
A00162,Event,183
A00162,Webinar,10
A00162,Webinar,48
A00162,Event,121
A00162,Event,148
A00163,Webinar,144
A00163,Campaign,290
A00163,Event,215
A00163,Website,183
A00163,Webinar,195
A00163,Product Page,179
A00163,Event,82
A00163,Website,29
A00163,Product Page,63
A00163,Product Page,135
A00163,Webinar,156
A00163,Webinar,176
A00163,Campaign,158
A00163,Product Page,125
A00163,Webinar,280
A00164,Webinar,122
A00164,Webinar,211
A00164,Campaign,63
A00164,Product Page,132
A00164,Event,160
A00164,Webinar,151
A00164,Campaign,20
A00164,Product Page,90
A00164,Webinar,182
A00164,Event,87
A00165,Webinar,121
A00165,Webinar,1
A00165,Webinar,101
A00165,Webinar,94
A00165,Webinar,168
A00165,Event,39
A00165,Campaign,152
A00165,Product Page,181
A00165,Campaign,186
A00165,Campaign,1
A00166,Event,148
A00166,Website,45
A00166,Campaign,192
A00167,Campaign,158
A00167,Product Page,98
A00167,Campaign,83
A00167,Product Page,177
A00167,Product Page,162
A00167,Product Page,50
A00167,Webinar,188
A00167,Website,248
A00167,Event,86
A00168,Website,194
A00168,Webinar,104
A00168,Event,111
A00168,Webinar,141
A00168,Product Page,165
A00168,Event,99
A00169,Campaign,45
A00169,Website,37
A00169,Website,65
A00169,Website,112
A00169,Product Page,197
A00170,Event,233
A00170,Event,204
A00170,Website,163
A00170,Website,96
A00170,Website,276
A00170,Webinar,244
A00170,Product Page,126
A00170,Product Page,254
A00170,Event,74
A00171,Campaign,170
A00171,Website,103
A00171,Campaign,66
A00171,Campaign,133
A00171,Webinar,132
A00171,Event,207
A00171,Webinar,272
A00171,Webinar,1
A00171,Product Page,229
A00171,Product Page,204
A00171,Website,139
A00172,Product Page,190
A00172,Website,76
A00172,Campaign,170
A00172,Website,50
A00172,Event,35
A00172,Product Page,115
A00172,Product Page,188
A00172,Event,27
A00172,Webinar,123
A00172,Campaign,177
A00172,Webinar,152
A00172,Website,225
A00172,Product Page,25
A00172,Event,130
A00172,Campaign,163
A00172,Webinar,98
A00173,Webinar,167
A00173,Website,11
A00173,Website,58
A00173,Webinar,1
A00173,Product Page,76
A00173,Event,65
A00173,Product Page,144
A00173,Website,151
A00173,Campaign,19
A00173,Event,7
A00173,Webinar,11
A00173,Webinar,138
A00174,Website,39
A00174,Website,135
A00174,Event,44
A00174,Website,55
A00174,Campaign,148
A00174,Product Page,50
A00174,Website,184
A00174,Event,13
A00174,Website,1
A00174,Event,39
A00175,Webinar,179
A00176,Campaign,86
A00176,Product Page,21
A00176,Event,26
A00176,Campaign,164
A00176,Product Page,163
A00176,Webinar,1
A00176,Website,67
A00176,Product Page,118
A00176,Product Page,104
A00176,Webinar,197
A00176,Campaign,48
A00176,Webinar,1
A00176,Event,1
A00176,Website,1
A00176,Event,58
A00177,Product Page,93
A00177,Webinar,194
A00177,Campaign,236
A00177,Product Page,153
A00177,Webinar,174
A00178,Website,7
A00178,Website,7
A00178,Website,175
A00178,Event,81
A00178,Webinar,191
A00178,Webinar,132
A00178,Campaign,51
A00178,Event,245
A00178,Product Page,88
A00178,Event,143
A00179,Event,133
A00179,Product Page,92
A00179,Campaign,196
A00179,Campaign,58
A00179,Website,175
A00179,Webinar,163
A00179,Website,1
A00179,Event,138
A00179,Campaign,144
A00179,Product Page,148
A00180,Product Page,149
A00180,Webinar,137
A00180,Website,166
A00180,Event,25
A00180,Product Page,141
A00180,Event,164
A00180,Campaign,139
A00180,Webinar,69
A00181,Webinar,1
A00181,Product Page,131
A00181,Campaign,16
A00181,Website,123
A00181,Webinar,124
A00181,Webinar,162
A00181,Webinar,80
A00182,Product Page,83
A00182,Event,89
A00182,Event,116
A00182,Campaign,75
A00182,Product Page,151
A00182,Webinar,127
A00182,Product Page,105
A00182,Event,24
A00182,Product Page,216
A00183,Webinar,52
A00183,Website,125
A00184,Product Page,134
A00184,Campaign,217
A00184,Event,136
A00184,Campaign,107
A00184,Campaign,69
A00184,Website,136
A00184,Website,144
A00184,Webinar,68
A00184,Campaign,13
A00184,Event,37
A00184,Product Page,53
A00185,Event,125
A00185,Product Page,16
A00185,Campaign,142
A00185,Website,81
A00185,Campaign,23
A00185,Campaign,1
A00185,Website,33
A00185,Event,107
A00185,Event,116
A00185,Event,214
A00185,Event,73
A00185,Webinar,36
A00186,Campaign,252
A00186,Product Page,58
A00186,Campaign,35
A00186,Event,240
A00186,Webinar,79
A00186,Webinar,14
A00186,Campaign,178
A00186,Event,53
A00186,Website,51
A00186,Website,128
A00186,Website,139
A00187,Website,10
A00187,Webinar,125
A00187,Campaign,234
A00187,Website,1
A00187,Event,1
A00187,Campaign,228
A00187,Webinar,196
A00187,Website,157
A00187,Event,24
A00187,Campaign,135
A00187,Campaign,212
A00188,Webinar,134
A00188,Product Page,115
A00188,Product Page,10
A00188,Website,85
A00188,Website,52
A00188,Website,153
A00188,Webinar,63
A00188,Product Page,217
A00188,Campaign,55
A00188,Event,139
A00188,Campaign,1
A00188,Event,37
A00188,Website,76
A00188,Website,136
A00188,Product Page,1
A00188,Event,38
A00189,Website,26
A00189,Product Page,184
A00189,Event,1
A00189,Event,166
A00189,Campaign,180
A00189,Campaign,10
A00190,Website,216
A00190,Event,76
A00190,Product Page,209
A00190,Website,110
A00190,Event,44
A00190,Webinar,1
A00190,Event,7
A00191,Product Page,132
A00191,Event,21
A00191,Event,162
A00191,Website,158
A00191,Event,220
A00191,Campaign,179
A00191,Campaign,58
A00191,Campaign,119
A00191,Event,141
A00191,Webinar,193
A00191,Event,44
A00191,Product Page,284
A00191,Event,244
A00191,Event,205
A00192,Event,148
A00192,Event,155
A00192,Website,94
A00192,Campaign,207
A00192,Campaign,94
A00192,Campaign,111
A00192,Website,64
A00192,Campaign,74
A00192,Website,1
A00192,Webinar,63
A00192,Product Page,189
A00192,Website,108
A00192,Event,142
A00192,Product Page,116
A00193,Website,154
A00193,Webinar,63
A00193,Webinar,143
A00193,Website,70
A00193,Product Page,45
A00193,Webinar,72
A00193,Product Page,70
A00193,Website,1
A00193,Campaign,186
A00193,Website,157
A00193,Webinar,83
A00194,Campaign,113
A00194,Event,137
A00194,Product Page,192
A00194,Website,171
A00194,Event,233
A00194,Webinar,142
A00195,Webinar,224
A00195,Event,74
A00195,Campaign,72
A00195,Website,113
A00195,Product Page,147
A00195,Event,21
A00195,Campaign,11
A00195,Website,223
A00196,Product Page,1
A00196,Product Page,116
A00196,Product Page,77
A00196,Product Page,167
A00196,Website,130
A00196,Campaign,108
A00196,Campaign,104
A00197,Campaign,132
A00197,Event,13
A00197,Webinar,192
A00197,Campaign,26
A00197,Webinar,49
A00197,Campaign,153
A00198,Event,44
A00198,Website,275
A00198,Campaign,178
A00198,Event,81
A00198,Website,94
A00198,Campaign,11
A00198,Website,1
A00198,Product Page,1
A00198,Website,1
A00198,Website,57
A00198,Website,1
A00198,Event,152
A00199,Webinar,199
A00199,Event,32
A00199,Campaign,94
A00200,Website,39
A00200,Website,13
A00200,Product Page,1
A00200,Campaign,131
A00200,Event,1
A00200,Website,78
A00200,Webinar,1
A00200,Event,4
A00200,Webinar,1
A00200,Product Page,18
A00200,Website,37
A00201,Event,172
A00201,Webinar,108
A00201,Event,157
A00201,Campaign,221
A00201,Website,154
A00201,Webinar,77
A00201,Product Page,67
A00201,Website,126
A00201,Website,365
A00201,Webinar,7
A00201,Product Page,219
A00201,Product Page,191
A00202,Product Page,90
A00202,Event,80
A00202,Campaign,1
A00202,Product Page,127
A00202,Campaign,54
A00202,Campaign,133
A00202,Webinar,54
A00202,Website,76
A00202,Website,281
A00202,Campaign,86
A00202,Website,88
A00202,Website,115
A00202,Campaign,193
A00202,Product Page,55
A00202,Webinar,56
A00202,Product Page,160
A00203,Webinar,97
A00203,Product Page,62
A00203,Campaign,238
A00203,Event,82
A00203,Product Page,1
A00203,Event,145
A00203,Event,120
A00203,Webinar,122
A00203,Webinar,85
A00203,Event,113
A00203,Campaign,51
A00203,Website,116
A00203,Campaign,53
A00204,Event,45
A00204,Campaign,45
A00204,Product Page,93
A00204,Webinar,82
A00204,Product Page,122
A00204,Website,9
A00204,Campaign,37
A00204,Webinar,81
A00204,Event,91
A00204,Campaign,191
A00204,Event,69
A00204,Event,75
A00204,Campaign,94
A00204,Website,213
A00204,Event,134
A00205,Website,250
A00205,Website,221
A00205,Website,148
A00205,Product Page,72
A00205,Product Page,81
A00205,Event,265
A00205,Campaign,96
A00205,Campaign,129
A00205,Product Page,104
A00206,Product Page,106
A00206,Campaign,162
A00206,Product Page,1
A00206,Event,88
A00206,Webinar,85
A00206,Webinar,1
A00206,Campaign,65
A00206,Event,61
A00206,Event,1
A00206,Event,118
A00206,Webinar,78
A00206,Campaign,1
A00206,Campaign,61
A00206,Website,21
A00206,Website,1
A00206,Event,154
A00207,Event,34
A00207,Product Page,10
A00207,Website,171
A00207,Product Page,128
A00207,Website,125
A00207,Webinar,90
A00207,Webinar,84
A00207,Product Page,15
A00207,Website,30
A00207,Campaign,283
A00207,Campaign,99
A00207,Product Page,110
A00207,Webinar,203
A00207,Campaign,120
A00207,Webinar,89
A00207,Event,215
A00207,Webinar,1
A00207,Webinar,140
A00207,Product Page,1
A00208,Campaign,206
A00208,Campaign,101
A00208,Website,88
A00208,Webinar,134
A00208,Webinar,121
A00208,Product Page,97
A00208,Campaign,115
A00208,Website,151
A00208,Webinar,142
A00208,Website,1
A00208,Webinar,66
A00208,Campaign,8
A00209,Event,192
A00209,Event,165
A00209,Website,56
A00209,Product Page,231
A00209,Website,217
A00209,Campaign,146
A00209,Event,197
A00209,Webinar,126
A00209,Website,206
A00209,Website,95
A00209,Product Page,55
A00209,Campaign,231
A00210,Campaign,92
A00210,Webinar,125
A00210,Webinar,153
A00210,Event,1
A00210,Website,150
A00210,Campaign,179
A00210,Webinar,133
A00210,Campaign,191
A00210,Event,139
A00211,Campaign,52
A00211,Campaign,187
A00211,Website,148
A00211,Product Page,104
A00211,Campaign,201
A00211,Campaign,179
A00211,Website,4
A00211,Webinar,77
A00212,Product Page,67
A00212,Website,274
A00212,Event,153
A00212,Campaign,10
A00212,Event,131
A00213,Product Page,140
A00213,Event,49
A00213,Website,107
A00213,Website,166
A00213,Event,199
A00213,Webinar,101
A00213,Product Page,151
A00213,Website,93
A00213,Product Page,165
A00213,Event,35
A00213,Webinar,88
A00213,Campaign,115
A00213,Product Page,221
A00213,Product Page,35
A00213,Event,22
A00213,Webinar,198
A00213,Product Page,102
A00214,Event,107
A00214,Website,202
A00214,Product Page,43
A00214,Event,1
A00214,Website,178
A00215,Campaign,80
A00215,Product Page,114
A00215,Product Page,32
A00215,Event,1
A00215,Webinar,115
A00215,Campaign,43
A00215,Website,1
A00215,Event,60
A00215,Campaign,1
A00216,Webinar,99
A00216,Product Page,173
A00216,Product Page,31
A00216,Webinar,139
A00216,Website,102
A00216,Website,107
A00216,Webinar,125
A00216,Webinar,195
A00216,Campaign,216
A00216,Product Page,168
A00216,Webinar,175
A00217,Event,206
A00217,Website,30
A00217,Website,159
A00217,Website,29
A00217,Event,128
A00217,Product Page,147
A00217,Campaign,164
A00217,Website,103
A00217,Product Page,176
A00217,Webinar,97
A00218,Event,43
A00218,Campaign,53
A00218,Website,61
A00218,Website,103
A00218,Webinar,1
A00218,Event,168
A00219,Event,141
A00219,Webinar,151
A00219,Campaign,150
A00219,Campaign,121
A00220,Event,133
A00220,Campaign,83
A00220,Campaign,53
A00220,Website,119
A00220,Event,101
A00220,Product Page,116
A00220,Webinar,277
A00220,Webinar,90
A00220,Campaign,109
A00220,Website,128
A00220,Event,41
A00220,Event,43
A00221,Product Page,241
A00221,Product Page,128
A00221,Webinar,169
A00221,Event,116
A00221,Product Page,25
A00222,Webinar,48
A00222,Product Page,85
A00222,Webinar,87
A00222,Webinar,1
A00222,Event,73
A00222,Webinar,29
A00222,Website,87
A00222,Event,93
A00222,Webinar,90
A00222,Event,197
A00222,Webinar,97
A00222,Webinar,98
A00222,Product Page,207
A00222,Website,130
A00223,Campaign,184
A00223,Product Page,114
A00223,Product Page,1
A00223,Campaign,22
A00223,Event,131
A00223,Product Page,68
A00223,Event,104
A00223,Website,35
A00224,Campaign,178
A00224,Website,106
A00224,Webinar,1
A00224,Product Page,144
A00224,Product Page,26
A00224,Product Page,111
A00224,Product Page,125
A00224,Webinar,189
A00224,Product Page,40
A00225,Website,177
A00225,Product Page,188
A00225,Campaign,302
A00225,Event,178
A00226,Product Page,84
A00226,Event,90
A00226,Event,184
A00226,Website,79
A00226,Webinar,48
A00226,Campaign,128
A00226,Campaign,70
A00226,Webinar,84
A00226,Product Page,182
A00226,Product Page,150
A00227,Product Page,117
A00227,Event,141
A00227,Product Page,247
A00227,Event,266
A00227,Website,130
A00227,Website,52
A00227,Campaign,178
A00227,Webinar,65
A00227,Campaign,69
A00228,Website,127
A00228,Product Page,257
A00228,Campaign,115
A00228,Campaign,125
A00228,Website,93
A00229,Event,207
A00229,Webinar,48
A00229,Campaign,85
A00229,Campaign,100
A00229,Campaign,73
A00229,Webinar,163
A00229,Webinar,1
A00229,Campaign,4
A00229,Campaign,179
A00229,Event,47
A00229,Webinar,117
A00229,Product Page,61
A00230,Product Page,47
A00230,Campaign,79
A00231,Webinar,134
A00231,Website,99
A00231,Website,132
A00231,Website,1
A00231,Website,75
A00231,Webinar,77
A00232,Website,92
A00232,Product Page,135
A00232,Product Page,113
A00232,Campaign,180
A00232,Event,111
A00232,Campaign,64
A00232,Campaign,50
A00232,Product Page,89
A00232,Webinar,174
A00232,Website,88
A00232,Webinar,145
A00232,Website,64
A00233,Event,72
A00233,Event,137
A00233,Event,97
A00233,Website,203
A00233,Product Page,116
A00233,Webinar,176
A00233,Event,155
A00233,Campaign,212
A00233,Event,107
A00234,Product Page,197
A00234,Product Page,150
A00234,Product Page,152
A00234,Event,39
A00234,Product Page,39
A00234,Website,98
A00234,Website,88
A00234,Event,304
A00234,Webinar,116
A00235,Campaign,168
A00235,Website,83
A00235,Campaign,165
A00235,Campaign,36
A00235,Event,96
A00235,Website,78
A00235,Website,50
A00235,Campaign,176
A00235,Website,1
A00235,Event,170
A00235,Website,106
A00235,Website,91
A00236,Event,177
A00236,Website,243
A00236,Website,48
A00236,Webinar,279
A00236,Webinar,104
A00236,Event,130
A00237,Website,1
A00237,Product Page,160
A00237,Website,64
A00237,Event,154
A00237,Event,91
A00237,Campaign,97
A00237,Website,88
A00237,Website,56
A00237,Event,60
A00237,Webinar,109
A00237,Product Page,14
A00237,Event,185
A00237,Campaign,184
A00237,Product Page,108
A00238,Website,1
A00238,Campaign,129
A00238,Campaign,83
A00238,Campaign,230
A00238,Product Page,133
A00238,Webinar,70
A00238,Webinar,59
A00238,Website,193
A00238,Website,137
A00239,Website,13
A00239,Webinar,171
A00239,Campaign,123
A00239,Event,14
A00239,Event,138
A00239,Webinar,244
A00239,Product Page,227
A00239,Campaign,104
A00239,Product Page,9
A00239,Product Page,167
A00239,Event,52
A00239,Campaign,38
A00239,Product Page,160
A00239,Product Page,107
A00239,Campaign,99
A00239,Campaign,16
A00239,Webinar,114
A00240,Campaign,203
A00240,Product Page,47
A00241,Webinar,129
A00241,Website,189
A00241,Webinar,99
A00242,Event,32
A00243,Webinar,181
A00243,Webinar,176
A00243,Product Page,161
A00243,Website,54
A00243,Webinar,1
A00243,Webinar,39
A00243,Website,87
A00244,Webinar,214
A00244,Campaign,75
A00244,Webinar,1
A00244,Webinar,132
A00244,Webinar,155
A00244,Event,49
A00244,Website,253
A00244,Website,172
A00244,Product Page,20
A00245,Event,1
A00245,Website,134
A00245,Webinar,144
A00245,Product Page,79
A00245,Website,75
A00245,Event,114
A00245,Campaign,71
A00245,Webinar,120
A00245,Webinar,175
A00245,Event,87
A00246,Campaign,153
A00246,Campaign,257
A00247,Campaign,93
A00247,Campaign,130
A00247,Campaign,2
A00247,Product Page,88
A00247,Campaign,1
A00247,Website,55
A00247,Product Page,29
A00247,Product Page,77
A00247,Website,144
A00247,Product Page,52
A00247,Webinar,193
A00247,Event,127
A00247,Product Page,137
A00248,Event,155
A00248,Product Page,253
A00248,Event,135
A00248,Website,151
A00249,Event,32
A00249,Event,296
A00249,Webinar,156
A00249,Campaign,194
A00249,Campaign,123
A00250,Webinar,77
A00250,Campaign,61
A00250,Event,61
A00250,Event,99
A00250,Event,22
A00250,Webinar,66
A00250,Event,2
A00250,Event,125
A00250,Webinar,102
A00250,Product Page,1
A00250,Webinar,1
A00250,Webinar,100
A00250,Website,159
A00250,Website,1
A00250,Campaign,96
A00251,Campaign,110
A00251,Product Page,109
A00251,Campaign,138
A00251,Webinar,236
A00251,Website,154
A00251,Webinar,196
A00251,Campaign,222
A00252,Product Page,252
A00252,Campaign,79
A00252,Campaign,138
A00252,Webinar,105
A00252,Webinar,8
A00252,Webinar,70
A00252,Webinar,201
A00252,Event,261
A00252,Webinar,97
A00253,Webinar,125
A00253,Website,180
A00253,Campaign,130
A00253,Product Page,99
A00253,Product Page,183
A00253,Webinar,66
A00254,Product Page,145
A00254,Product Page,1
A00254,Website,240
A00254,Campaign,212
A00254,Webinar,166
A00254,Event,132
A00254,Event,137
A00254,Webinar,77
A00254,Product Page,136
A00254,Event,14
A00254,Product Page,113
A00254,Product Page,135
A00255,Campaign,140
A00255,Event,1
A00255,Event,88
A00255,Campaign,148
A00255,Product Page,52
A00255,Website,104
A00255,Website,78
A00255,Webinar,4
A00255,Campaign,122
A00255,Campaign,28
A00255,Event,142
A00255,Product Page,78
A00255,Product Page,271
A00255,Webinar,71
A00255,Event,14
A00256,Event,67
A00256,Event,180
A00256,Event,137
A00256,Product Page,202
A00256,Webinar,47
A00256,Website,116
A00256,Product Page,65
A00257,Product Page,125
A00257,Website,259
A00257,Campaign,23
A00257,Website,190
A00257,Webinar,212
A00257,Website,145
A00257,Product Page,66
A00257,Product Page,275
A00257,Event,68
A00258,Event,206
A00258,Campaign,130
A00258,Campaign,127
A00258,Website,238
A00258,Website,26
A00258,Webinar,199
A00259,Event,182
A00259,Product Page,237
A00259,Event,157
A00259,Website,157
A00259,Event,4
A00259,Campaign,87
A00259,Website,92
A00259,Website,197
A00259,Event,71
A00259,Event,210
A00259,Webinar,109
A00260,Product Page,65
A00260,Product Page,81
A00260,Product Page,138
A00260,Campaign,134
A00260,Website,70
A00260,Webinar,98
A00260,Website,62
A00260,Product Page,80
A00261,Campaign,203
A00261,Product Page,1
A00261,Product Page,40
A00261,Product Page,32
A00261,Website,13
A00261,Event,1
A00261,Event,23
A00262,Event,39
A00262,Event,204
A00262,Event,119
A00262,Event,123
A00263,Campaign,205
A00263,Website,235
A00263,Website,103
A00263,Event,119
A00263,Website,179
A00263,Product Page,136
A00263,Product Page,108
A00263,Product Page,179
A00263,Website,101
A00263,Event,73
A00264,Webinar,221
A00264,Campaign,100
A00264,Website,126
A00264,Product Page,154
A00264,Campaign,204
A00264,Campaign,6
A00264,Product Page,113
A00264,Event,59
A00264,Website,132
A00265,Webinar,239
A00265,Event,72
A00265,Webinar,125
A00265,Campaign,183
A00265,Event,134
A00265,Event,126
A00265,Campaign,138
A00265,Event,61
A00265,Campaign,1
A00265,Product Page,94
A00265,Campaign,11
A00265,Website,149
A00266,Campaign,127
A00266,Webinar,93
A00266,Website,20
A00266,Webinar,32
A00266,Webinar,48
A00266,Event,94
A00266,Website,137
A00266,Product Page,68
A00266,Campaign,152
A00266,Campaign,120
A00266,Campaign,1
A00266,Campaign,166
A00266,Product Page,109
A00266,Website,7
A00267,Event,22
A00267,Event,95
A00267,Campaign,15
A00267,Campaign,52
A00267,Website,27
A00267,Webinar,90
A00267,Product Page,1
A00267,Event,1
A00267,Webinar,57
A00267,Website,220
A00267,Event,163
A00267,Webinar,25
A00268,Campaign,275
A00268,Website,1
A00268,Website,205
A00268,Event,177
A00268,Campaign,87
A00268,Webinar,210
A00268,Website,69
A00268,Website,86
A00268,Webinar,132
A00269,Product Page,1
A00269,Product Page,167
A00269,Website,115
A00269,Campaign,115
A00269,Event,132
A00269,Product Page,1
A00269,Event,67
A00269,Website,263
A00269,Product Page,194
A00269,Campaign,108
A00269,Product Page,251
A00269,Event,165
A00269,Website,116
A00269,Product Page,157
A00269,Webinar,144
A00269,Product Page,9
A00270,Website,254
A00270,Campaign,269
A00270,Product Page,113
A00270,Webinar,307
A00270,Campaign,150
A00270,Product Page,41
A00270,Website,80
A00270,Product Page,121
A00271,Website,71
A00271,Product Page,141
A00271,Event,113
A00271,Event,1
A00271,Event,121
A00271,Webinar,109
A00271,Event,13
A00271,Webinar,113
A00271,Webinar,172
A00271,Webinar,100
A00271,Product Page,73
A00271,Website,215
A00271,Webinar,1
A00272,Product Page,127
A00272,Campaign,135
A00272,Campaign,100
A00272,Website,192
A00272,Product Page,89
A00273,Event,173
A00273,Website,245
A00273,Event,285
A00273,Campaign,192
A00273,Webinar,136
A00273,Product Page,320
A00273,Event,131
A00273,Webinar,183
A00274,Event,95
A00274,Event,92
A00274,Campaign,87
A00274,Webinar,163
A00274,Campaign,167
A00274,Product Page,1
A00274,Campaign,186
A00274,Product Page,147
A00274,Product Page,36
A00274,Product Page,183
A00275,Campaign,260
A00275,Product Page,194
A00275,Event,112
A00275,Product Page,233
A00275,Product Page,213
A00275,Event,361
A00275,Event,100
A00276,Event,1
A00276,Campaign,1
A00276,Event,236
A00276,Webinar,123
A00276,Webinar,183
A00276,Campaign,107
A00276,Event,219
A00276,Campaign,182
A00276,Campaign,296
A00276,Product Page,260
A00276,Event,202
A00276,Product Page,28
A00276,Event,63
A00276,Webinar,149
A00277,Product Page,295
A00277,Product Page,174
A00277,Product Page,153
A00277,Website,87
A00277,Campaign,112
A00277,Website,187
A00277,Campaign,61
A00277,Product Page,167
A00277,Website,135
A00277,Website,168
A00278,Webinar,239
A00278,Website,194
A00278,Webinar,194
A00278,Product Page,131
A00278,Webinar,179
A00278,Product Page,173
A00278,Event,196
A00278,Event,197
A00278,Event,158
A00279,Campaign,120
A00279,Webinar,82
A00279,Campaign,1
A00279,Campaign,174
A00279,Campaign,93
A00279,Campaign,67
A00279,Product Page,169
A00280,Webinar,135
A00280,Campaign,25
A00280,Campaign,219
A00280,Event,130
A00281,Product Page,185
A00281,Webinar,79
A00281,Campaign,112
A00281,Event,180
A00281,Webinar,72
A00282,Webinar,87
A00282,Campaign,65
A00282,Webinar,43
A00282,Campaign,31
A00282,Campaign,135
A00282,Event,23
A00282,Webinar,83
A00282,Campaign,135
A00282,Campaign,58
A00282,Webinar,230
A00282,Campaign,107
A00282,Webinar,154
A00283,Campaign,97
A00283,Website,1
A00283,Product Page,148
A00283,Webinar,1
A00283,Event,74
A00283,Webinar,95
A00283,Event,69
A00283,Event,34
A00283,Product Page,135
A00283,Product Page,71
A00284,Webinar,164
A00284,Website,200
A00284,Webinar,1
A00284,Campaign,111
A00284,Product Page,168
A00284,Product Page,80
A00284,Campaign,152
A00284,Product Page,186
A00284,Website,132
A00284,Webinar,140
A00284,Product Page,83
A00284,Campaign,232
A00284,Campaign,133
A00285,Product Page,71
A00285,Product Page,142
A00285,Product Page,185
A00285,Event,152
A00285,Campaign,78
A00285,Event,60
A00285,Event,80
A00285,Website,34
A00285,Webinar,211
A00285,Event,129
A00285,Webinar,10
A00285,Website,198
A00285,Webinar,136
A00285,Webinar,121
A00285,Webinar,59
A00285,Website,133
A00285,Event,93
A00285,Campaign,44
A00286,Product Page,190
A00286,Event,88
A00286,Website,114
A00286,Campaign,203
A00286,Website,333
A00286,Website,103
A00286,Website,148
A00286,Event,265
A00287,Campaign,36
A00287,Product Page,146
A00287,Website,178
A00287,Webinar,1
A00288,Campaign,113
A00288,Product Page,46
A00288,Website,28
A00288,Webinar,23
A00288,Product Page,1
A00288,Campaign,95
A00288,Event,126
A00288,Website,45
A00288,Product Page,102
A00288,Event,63
A00288,Product Page,331
A00288,Website,15
A00288,Event,139
A00289,Website,11
A00289,Product Page,8
A00289,Webinar,170
A00289,Campaign,38
A00289,Website,45
A00289,Webinar,224
A00289,Event,11
A00289,Webinar,97
A00289,Campaign,197
A00289,Product Page,1
A00289,Event,21
A00289,Product Page,107
A00289,Product Page,58
A00289,Campaign,124
A00289,Event,9
A00289,Product Page,22
A00289,Campaign,93
A00290,Webinar,160
A00290,Website,99
A00290,Website,74
A00290,Campaign,250
A00290,Event,83
A00290,Campaign,36
A00290,Event,99
A00290,Website,48
A00290,Webinar,148
A00290,Website,203
A00290,Event,120
A00290,Campaign,129
A00290,Event,118
A00290,Webinar,1
A00291,Event,90
A00291,Campaign,59
A00291,Campaign,21
A00291,Campaign,104
A00291,Webinar,168
A00291,Website,38
A00291,Product Page,144
A00291,Webinar,135
A00291,Campaign,249
A00292,Product Page,200
A00292,Website,112
A00292,Event,131
A00292,Website,155
A00292,Campaign,121
A00292,Website,89
A00292,Webinar,121
A00292,Website,175
A00293,Campaign,176
A00293,Product Page,52
A00293,Product Page,165
A00293,Product Page,125
A00293,Webinar,90
A00293,Webinar,80
A00293,Webinar,43
A00293,Webinar,159
A00294,Event,172
A00294,Campaign,1
A00294,Webinar,66
A00294,Event,122
A00294,Event,115
A00294,Webinar,203
A00294,Campaign,231
A00294,Event,168
A00294,Website,152
A00294,Event,74
A00294,Event,149
A00294,Event,163
A00294,Webinar,77
A00294,Product Page,111
A00294,Campaign,138
A00294,Campaign,136
A00294,Event,66
A00294,Product Page,20
A00294,Campaign,1
A00294,Product Page,157
A00294,Campaign,43
A00295,Website,95
A00295,Webinar,191
A00295,Event,253
A00295,Webinar,136
A00295,Event,228
A00295,Campaign,95
A00295,Webinar,191
A00295,Website,240
A00295,Event,84
A00295,Website,100
A00295,Product Page,84
A00296,Event,58
A00296,Campaign,209
A00296,Campaign,124
A00296,Website,139
A00296,Campaign,79
A00296,Webinar,259
A00296,Campaign,238
A00296,Campaign,132
A00296,Product Page,182
A00296,Product Page,220
A00296,Product Page,236
A00296,Event,209
A00296,Product Page,118
A00296,Campaign,223
A00296,Webinar,157
A00297,Website,71
A00297,Website,109
A00297,Website,67
A00297,Event,175
A00297,Product Page,182
A00297,Event,161
A00298,Product Page,196
A00298,Event,142
A00298,Webinar,120
A00299,Campaign,150
A00299,Webinar,63
A00299,Website,96
A00299,Campaign,213
A00299,Event,100
A00299,Webinar,45
A00300,Website,177
A00300,Event,247
A00300,Website,28
A00300,Product Page,133
A00300,Webinar,38
A00300,Product Page,83
A00300,Product Page,105
A00300,Product Page,92
A00301,Product Page,175
A00301,Webinar,112
A00301,Campaign,1
A00301,Website,176
A00301,Webinar,112
A00301,Campaign,68
A00301,Webinar,56
A00301,Event,111
A00301,Event,1
A00301,Campaign,1
A00301,Event,50
A00302,Product Page,97
A00302,Website,75
A00302,Webinar,91
A00302,Webinar,60
A00302,Webinar,58
A00302,Campaign,85
A00302,Webinar,164
A00303,Campaign,95
A00303,Website,82
A00303,Product Page,170
A00303,Webinar,158
A00303,Campaign,175
A00303,Webinar,85
A00303,Campaign,119
A00303,Product Page,42
A00303,Campaign,36
A00303,Campaign,101
A00303,Website,102
A00303,Product Page,21
A00304,Webinar,101
A00304,Product Page,113
A00304,Product Page,173
A00304,Product Page,130
A00304,Campaign,1
A00304,Website,90
A00304,Website,114
A00304,Website,37
A00304,Website,52
A00304,Webinar,50
A00304,Product Page,1
A00304,Webinar,137
A00305,Event,170
A00305,Event,25
A00305,Webinar,100
A00305,Webinar,277
A00305,Website,236
A00305,Campaign,170
A00305,Event,265
A00305,Product Page,88
A00305,Product Page,135
A00305,Product Page,33
A00305,Webinar,276
A00305,Event,189
A00306,Campaign,177
A00306,Event,204
A00306,Webinar,55
A00306,Campaign,50
A00306,Campaign,226
A00306,Webinar,1
A00306,Product Page,35
A00306,Product Page,99
A00306,Product Page,215
A00307,Website,198
A00307,Webinar,235
A00307,Website,149
A00307,Webinar,23
A00308,Webinar,120
A00308,Campaign,154
A00308,Product Page,84
A00308,Webinar,155
A00308,Website,95
A00308,Campaign,120
A00308,Campaign,8
A00309,Product Page,1
A00309,Webinar,1
A00309,Website,107
A00309,Product Page,1
A00309,Webinar,74
A00309,Product Page,153
A00309,Event,72
A00309,Website,18
A00309,Webinar,46
A00309,Product Page,156
A00309,Campaign,144
A00309,Webinar,147
A00309,Webinar,1
A00309,Event,61
A00309,Event,112
A00309,Webinar,144
A00309,Webinar,57
A00309,Campaign,122
A00310,Campaign,205
A00310,Webinar,238
A00310,Event,80
A00310,Product Page,190
A00310,Product Page,185
A00310,Event,200
A00310,Webinar,81
A00310,Website,117
A00310,Product Page,96
A00310,Webinar,134
A00310,Campaign,156
A00311,Website,79
A00311,Product Page,227
A00311,Webinar,127
A00311,Website,1
A00311,Event,30
A00311,Campaign,124
A00311,Campaign,149
A00311,Campaign,10
A00311,Event,133
A00311,Product Page,1
A00311,Website,95
A00311,Webinar,73
A00311,Website,66
A00312,Webinar,122
A00312,Product Page,62
A00312,Product Page,74
A00312,Event,215
A00312,Website,217
A00312,Event,37
A00312,Website,11
A00312,Website,1
A00312,Website,66
A00312,Product Page,90
A00312,Product Page,52
A00312,Product Page,1
A00312,Webinar,267
A00313,Event,117
A00313,Event,34
A00313,Website,110
A00313,Campaign,120
A00313,Product Page,152
A00314,Event,78
A00314,Product Page,1
A00314,Product Page,163
A00314,Webinar,209
A00314,Campaign,204
A00314,Event,128
A00315,Event,195
A00315,Campaign,109
A00315,Website,167
A00315,Webinar,258
A00315,Event,192
A00316,Event,181
A00316,Webinar,194
A00316,Campaign,81
A00316,Campaign,72
A00316,Event,98
A00317,Website,185
A00317,Campaign,126
A00317,Event,27
A00317,Webinar,226
A00317,Webinar,31
A00317,Website,143
A00317,Event,143
A00317,Campaign,183
A00318,Event,64
A00318,Campaign,53
A00318,Webinar,17
A00318,Webinar,64
A00319,Event,111
A00319,Webinar,152
A00319,Product Page,78
A00319,Website,158
A00319,Website,60
A00319,Website,145
A00319,Event,73
A00320,Webinar,199
A00320,Product Page,142
A00320,Campaign,149
A00320,Webinar,47
A00320,Website,154
A00320,Product Page,183
A00320,Product Page,77
A00320,Webinar,235
A00320,Product Page,38
A00321,Campaign,25
A00321,Event,106
A00321,Website,1
A00321,Webinar,169
A00321,Campaign,38
A00321,Event,82
A00321,Campaign,37
A00322,Website,152
A00322,Product Page,87
A00322,Product Page,15
A00322,Campaign,74
A00322,Event,88
A00322,Event,48
A00322,Campaign,169
A00322,Webinar,75
A00322,Campaign,72
A00322,Website,107
A00322,Product Page,145
A00322,Event,16
A00322,Product Page,30
A00322,Website,73
A00322,Website,42
A00322,Product Page,1
A00322,Product Page,82
A00322,Webinar,30
A00323,Campaign,86
A00323,Product Page,44
A00323,Product Page,175
A00323,Website,115
A00323,Website,114
A00323,Webinar,32
A00324,Webinar,140
A00324,Webinar,132
A00324,Campaign,114
A00324,Campaign,166
A00324,Product Page,176
A00325,Website,85
A00325,Webinar,29
A00325,Event,17
A00325,Webinar,130
A00325,Product Page,1
A00325,Webinar,1
A00325,Event,14
A00325,Website,68
A00325,Product Page,212
A00326,Product Page,13
A00326,Webinar,105
A00326,Product Page,183
A00326,Website,96
A00326,Campaign,74
A00326,Webinar,123
A00326,Webinar,163
A00326,Webinar,145
A00326,Product Page,44
A00326,Website,82
A00326,Webinar,13
A00327,Website,182
A00327,Website,1
A00327,Product Page,21
A00327,Campaign,190
A00327,Webinar,36
A00327,Webinar,52
A00327,Website,47
A00327,Campaign,97
A00327,Event,27
A00327,Event,51
A00327,Campaign,123
A00328,Campaign,102
A00328,Product Page,67
A00328,Product Page,121
A00328,Product Page,212
A00328,Product Page,173
A00328,Website,115
A00328,Product Page,232
A00329,Event,3
A00329,Product Page,109
A00329,Webinar,8
A00329,Webinar,145
A00329,Webinar,80
A00329,Event,99
A00329,Webinar,132
A00329,Event,1
A00329,Event,33
A00329,Campaign,81
A00329,Product Page,1
A00329,Website,100
A00329,Event,88
A00329,Webinar,179
A00329,Product Page,40
A00329,Campaign,238
A00329,Webinar,168
A00330,Event,193
A00330,Campaign,183
A00330,Campaign,71
A00330,Product Page,115
A00330,Webinar,284
A00330,Product Page,218
A00330,Campaign,76
A00330,Product Page,177
A00330,Webinar,108
A00331,Event,50
A00331,Website,46
A00331,Event,142
A00331,Webinar,1
A00331,Event,107
A00331,Website,60
A00331,Event,39
A00332,Webinar,185
A00332,Website,272
A00332,Website,136
A00332,Webinar,100
A00332,Campaign,271
A00333,Event,20
A00333,Event,198
A00333,Product Page,142
A00333,Product Page,97
A00333,Product Page,78
A00333,Product Page,1
A00333,Product Page,1
A00333,Product Page,161
A00333,Website,15
A00333,Website,75
A00333,Website,107
A00333,Campaign,123
A00333,Event,43
A00333,Webinar,17
A00333,Campaign,1
A00333,Product Page,1
A00334,Product Page,189
A00334,Website,59
A00334,Event,37
A00334,Product Page,103
A00334,Campaign,106
A00334,Webinar,188
A00334,Website,73
A00334,Campaign,128
A00334,Webinar,86
A00334,Event,7
A00335,Website,92
A00335,Website,76
A00335,Website,91
A00335,Webinar,48
A00335,Website,121
A00335,Event,217
A00335,Campaign,66
A00335,Event,60
A00335,Webinar,1
A00335,Event,1
A00335,Campaign,23
A00335,Webinar,85
A00336,Webinar,13
A00336,Product Page,61
A00336,Campaign,137
A00336,Website,149
A00336,Website,39
A00336,Campaign,116
A00336,Product Page,125
A00336,Campaign,183
A00336,Event,178
A00336,Event,277
A00336,Event,167
A00337,Campaign,108
A00337,Product Page,179
A00337,Webinar,208
A00337,Webinar,239
A00337,Event,163
A00337,Campaign,216
A00337,Campaign,59
A00337,Website,101
A00337,Webinar,149
A00337,Campaign,178
A00337,Event,25
A00337,Website,108
A00337,Product Page,51
A00338,Website,217
A00338,Product Page,184
A00338,Product Page,265
A00338,Campaign,226
A00338,Website,156
A00338,Product Page,221
A00339,Product Page,200
A00339,Webinar,33
A00339,Event,25
A00339,Webinar,59
A00339,Campaign,150
A00339,Campaign,137
A00339,Webinar,108
A00339,Campaign,97
A00339,Campaign,126
A00339,Event,82
A00339,Webinar,1
A00340,Campaign,62
A00340,Campaign,149
A00340,Campaign,110
A00340,Product Page,148
A00340,Campaign,116
A00340,Campaign,30
A00340,Product Page,10
A00340,Campaign,93
A00340,Campaign,52
A00340,Campaign,55
A00340,Website,57
A00340,Website,21
A00340,Product Page,3
A00341,Webinar,137
A00341,Webinar,30
A00341,Website,114
A00341,Campaign,186
A00341,Product Page,85
A00341,Website,243
A00341,Event,42
A00341,Webinar,147
A00341,Event,34
A00341,Website,211
A00341,Event,115
A00341,Product Page,230
A00341,Campaign,85
A00341,Website,26
A00341,Product Page,160
A00341,Event,98
A00342,Website,23
A00342,Product Page,168
A00342,Product Page,13
A00342,Campaign,141
A00342,Event,134
A00342,Webinar,122
A00342,Website,13
A00342,Event,1
A00342,Website,82
A00342,Webinar,32
A00343,Website,173
A00343,Product Page,112
A00343,Campaign,126
A00343,Website,287
A00343,Event,208
A00343,Website,190
A00343,Product Page,229
A00343,Product Page,178
A00344,Campaign,92
A00344,Webinar,181
A00344,Campaign,33
A00344,Event,165
A00344,Website,100
A00344,Webinar,116
A00344,Webinar,20
A00344,Campaign,34
A00344,Website,1
A00344,Product Page,48
A00344,Website,73
A00344,Event,1
A00344,Event,103
A00344,Campaign,2
A00345,Campaign,81
A00345,Event,114
A00345,Website,110
A00345,Product Page,263
A00345,Product Page,155
A00345,Event,111
A00345,Website,65
A00345,Campaign,114
A00345,Webinar,39
A00346,Campaign,154
A00346,Campaign,161
A00346,Campaign,126
A00346,Website,116
A00346,Website,188
A00346,Event,10
A00346,Website,97
A00346,Webinar,1
A00346,Product Page,139
A00346,Event,45
A00347,Webinar,229
A00347,Website,144
A00347,Website,130
A00347,Campaign,23
A00347,Event,158
A00347,Campaign,38
A00347,Website,193
A00347,Webinar,219
A00347,Event,210
A00348,Event,67
A00348,Webinar,33
A00348,Webinar,1
A00348,Website,169
A00348,Campaign,165
A00348,Webinar,205
A00348,Webinar,159
A00349,Product Page,168
A00349,Event,89
A00349,Webinar,211
A00349,Campaign,243
A00349,Product Page,133
A00349,Event,202
A00349,Webinar,177
A00349,Campaign,55
A00350,Campaign,32
A00350,Event,83
A00350,Product Page,145
A00350,Website,131
A00350,Event,1
A00350,Website,18
A00350,Webinar,88
A00350,Product Page,7
A00350,Campaign,143
A00350,Campaign,88
A00350,Website,63
A00350,Website,106
A00350,Website,65
A00350,Product Page,45
A00350,Webinar,1
A00351,Website,223
A00351,Website,146
A00351,Campaign,46
A00351,Product Page,249
A00351,Product Page,155
A00352,Product Page,46
A00352,Event,26
A00352,Event,142
A00352,Webinar,85
A00352,Website,79
A00352,Product Page,102
A00353,Campaign,175
A00353,Event,68
A00353,Product Page,95
A00353,Product Page,229
A00354,Event,98
A00354,Webinar,160
A00354,Product Page,173
A00354,Website,179
A00354,Product Page,155
A00355,Webinar,28
A00355,Event,164
A00355,Campaign,113
A00355,Product Page,302
A00355,Webinar,146
A00355,Product Page,53
A00355,Product Page,259
A00355,Website,188
A00356,Campaign,126
A00356,Event,54
A00356,Webinar,168
A00356,Webinar,103
A00356,Website,91
A00356,Campaign,86
A00356,Website,118
A00356,Website,64
A00356,Website,110
A00356,Event,253
A00356,Product Page,63
A00356,Website,45
A00357,Campaign,9
A00357,Event,1
A00357,Event,1
A00357,Event,121
A00357,Campaign,19
A00357,Webinar,31
A00357,Webinar,131
A00357,Event,7
A00357,Event,117
A00357,Website,107
A00358,Campaign,106
A00358,Campaign,157
A00359,Product Page,1
A00359,Website,92
A00359,Webinar,74
A00359,Website,49
A00359,Event,100
A00359,Webinar,21
A00359,Website,175
A00359,Event,1
A00359,Campaign,202
A00359,Campaign,131
A00360,Event,73
A00360,Event,98
A00360,Product Page,99
A00360,Product Page,102
A00360,Website,43
A00360,Campaign,163
A00360,Event,101
A00360,Product Page,114
A00360,Campaign,130
A00360,Website,193
A00360,Campaign,39
A00361,Event,136
A00361,Event,220
A00361,Webinar,108
A00361,Website,83
A00361,Product Page,124
A00361,Webinar,84
A00361,Event,63
A00361,Product Page,66
A00361,Product Page,29
A00362,Campaign,225
A00362,Campaign,80
A00362,Product Page,161
A00362,Website,1
A00362,Product Page,229
A00362,Event,30
A00362,Website,120
A00362,Event,146
A00362,Website,43
A00362,Product Page,134
A00363,Event,114
A00363,Product Page,98
A00363,Campaign,60
A00363,Event,23
A00363,Campaign,28
A00363,Webinar,1
A00363,Website,1
A00363,Campaign,111
A00363,Campaign,56
A00363,Website,123
A00363,Campaign,146
A00364,Event,54
A00364,Website,107
A00364,Event,266
A00364,Campaign,209
A00365,Event,192
A00365,Event,130
A00365,Website,1
A00365,Product Page,1
A00365,Event,132
A00365,Event,24
A00365,Campaign,11
A00365,Product Page,116
A00366,Product Page,111
A00366,Webinar,92
A00366,Event,136
A00366,Campaign,254
A00366,Event,1
A00366,Campaign,191
A00366,Campaign,134
A00366,Website,112
A00366,Event,172
A00366,Campaign,69
A00367,Webinar,99
A00367,Webinar,164
A00367,Webinar,41
A00367,Event,12
A00367,Website,71
A00367,Website,157
A00367,Product Page,1
A00368,Product Page,42
A00368,Product Page,141
A00368,Event,115
A00368,Webinar,60
A00368,Campaign,183
A00368,Event,184
A00368,Website,1
A00368,Webinar,104
A00368,Campaign,37
A00369,Event,183
A00369,Product Page,88
A00369,Event,149
A00369,Website,75
A00369,Product Page,150
A00369,Event,159
A00369,Product Page,71
A00369,Website,34
A00370,Campaign,122
A00370,Campaign,75
A00370,Campaign,181
A00370,Website,170
A00370,Event,141
A00370,Webinar,87
A00370,Campaign,113
A00370,Webinar,67
A00370,Event,122
A00370,Website,150
A00371,Webinar,144
A00371,Website,207
A00371,Event,78
A00371,Website,175
A00371,Campaign,102
A00371,Campaign,139
A00371,Webinar,280
A00371,Webinar,204
A00371,Webinar,259
A00372,Campaign,1
A00372,Event,246
A00372,Webinar,153
A00372,Event,103
A00372,Webinar,137
A00373,Webinar,144
A00373,Product Page,89
A00373,Event,100
A00373,Webinar,127
A00373,Website,316
A00373,Product Page,62
A00373,Campaign,242
A00373,Product Page,119
A00373,Campaign,109
A00373,Website,177
A00373,Campaign,216
A00374,Website,10
A00374,Webinar,105
A00374,Website,29
A00374,Webinar,121
A00374,Website,170
A00374,Product Page,1
A00374,Webinar,149
A00374,Webinar,100
A00374,Event,134
A00374,Product Page,71
A00374,Event,29
A00374,Event,1
A00374,Webinar,170
A00375,Campaign,31
A00375,Webinar,57
A00375,Website,137
A00375,Campaign,1
A00375,Website,145
A00375,Product Page,61
A00375,Campaign,50
A00375,Website,24
A00375,Campaign,152
A00375,Website,126
A00375,Product Page,131
A00375,Campaign,84
A00375,Campaign,87
A00375,Campaign,55
A00376,Event,66
A00376,Event,80
A00376,Campaign,1
A00376,Webinar,207
A00376,Product Page,216
A00376,Campaign,131
A00376,Event,81
A00377,Webinar,192
A00377,Event,56
A00377,Webinar,1
A00377,Event,19
A00377,Product Page,58
A00377,Event,16
A00378,Website,151
A00378,Product Page,165
A00378,Event,51
A00378,Product Page,161
A00378,Product Page,97
A00378,Website,95
A00378,Event,140
A00379,Webinar,78
A00379,Website,264
A00379,Product Page,87
A00379,Campaign,118
A00380,Event,166
A00380,Product Page,157
A00380,Product Page,60
A00380,Event,1
A00380,Webinar,116
A00380,Website,35
A00380,Event,73
A00380,Webinar,120
A00380,Webinar,12
A00380,Product Page,1
A00380,Event,85
A00380,Campaign,194
A00381,Campaign,90
A00381,Event,253
A00381,Event,44
A00381,Product Page,1
A00381,Event,21
A00381,Website,173
A00381,Webinar,67
A00381,Product Page,20
A00381,Product Page,26
A00381,Event,75
A00381,Campaign,102
A00381,Website,41
A00381,Product Page,61
A00381,Campaign,98
A00381,Webinar,55
A00381,Website,58
A00382,Website,62
A00382,Campaign,56
A00382,Product Page,273
A00382,Webinar,40
A00382,Webinar,1
A00382,Website,237
A00382,Webinar,199
A00382,Webinar,109
A00382,Website,59
A00382,Webinar,199
A00382,Webinar,49
A00383,Product Page,227
A00383,Product Page,115
A00383,Product Page,232
A00383,Campaign,179
A00383,Event,221
A00383,Product Page,244
A00383,Event,154
A00383,Website,87
A00384,Event,132
A00384,Webinar,106
A00384,Event,278
A00384,Product Page,69
A00384,Campaign,118
A00384,Webinar,134
A00384,Webinar,172
A00384,Website,198
A00384,Campaign,28
A00385,Event,40
A00385,Event,117
A00385,Webinar,28
A00385,Webinar,68
A00385,Campaign,128
A00385,Webinar,59
A00385,Campaign,147
A00386,Webinar,94
A00386,Product Page,118
A00386,Product Page,1
A00386,Website,180
A00386,Product Page,115
A00386,Product Page,1
A00386,Product Page,61
A00387,Campaign,97
A00387,Campaign,213
A00387,Website,200
A00387,Event,88
A00387,Event,99
A00387,Event,204
A00387,Event,56
A00387,Event,131
A00387,Webinar,189
A00388,Webinar,1
A00388,Campaign,93
A00388,Product Page,88
A00388,Campaign,117
A00388,Event,156
A00388,Product Page,80
A00388,Website,157
A00388,Campaign,156
A00388,Event,109
A00388,Event,37
A00388,Product Page,16
A00388,Website,78
A00389,Campaign,102
A00389,Website,98
A00389,Campaign,145
A00389,Event,158
A00389,Product Page,138
A00389,Event,138
A00389,Product Page,284
A00389,Event,252
A00390,Webinar,186
A00390,Website,84
A00390,Webinar,23
A00391,Event,249
A00391,Webinar,19
A00391,Event,167
A00391,Webinar,179
A00391,Campaign,97
A00391,Product Page,150
A00391,Webinar,213
A00391,Event,219
A00391,Product Page,156
A00392,Campaign,93
A00392,Webinar,60
A00392,Webinar,90
A00392,Webinar,75
A00392,Campaign,161
A00392,Website,140
A00392,Product Page,224
A00392,Product Page,18
A00392,Webinar,1
A00392,Campaign,24
A00392,Product Page,179
A00392,Webinar,206
A00392,Website,176
A00392,Product Page,143
A00392,Website,1
A00393,Campaign,1
A00393,Product Page,201
A00393,Event,198
A00393,Product Page,103
A00393,Product Page,129
A00393,Event,62
A00393,Webinar,167
A00393,Event,44
A00393,Webinar,123
A00394,Webinar,106
A00394,Product Page,152
A00394,Webinar,211
A00394,Event,141
A00394,Product Page,58
A00394,Campaign,89
A00394,Campaign,76
A00394,Webinar,39
A00394,Webinar,109
A00394,Website,20
A00395,Product Page,99
A00395,Website,128
A00395,Product Page,22
A00395,Event,33
A00395,Event,59
A00395,Event,73
A00395,Event,1
A00395,Webinar,83
A00395,Event,72
A00395,Webinar,115
A00395,Website,104
A00395,Event,149
A00395,Website,104
A00395,Product Page,49
A00395,Campaign,112
A00395,Webinar,131
A00395,Event,1
A00395,Product Page,1
A00395,Product Page,1
A00395,Webinar,196
A00395,Campaign,93
A00395,Campaign,145
A00395,Product Page,54
A00395,Product Page,18
A00395,Product Page,1
A00396,Campaign,71
A00396,Campaign,132
A00396,Webinar,59
A00396,Event,1
A00396,Website,66
A00396,Website,46
A00396,Webinar,109
A00396,Campaign,25
A00396,Product Page,191
A00396,Event,82
A00396,Product Page,16
A00396,Product Page,61
A00396,Product Page,77
A00396,Event,40
A00396,Product Page,264
A00396,Product Page,89
A00396,Webinar,109
A00396,Website,53
A00397,Website,232
A00397,Website,77
A00397,Product Page,208
A00397,Product Page,135
A00397,Event,145
A00397,Event,91
A00397,Website,205
A00397,Product Page,69
A00397,Event,131
A00398,Product Page,197
A00398,Website,80
A00398,Website,273
A00398,Product Page,49
A00398,Event,187
A00398,Website,122
A00398,Campaign,76
A00398,Product Page,141
A00399,Product Page,202
A00399,Product Page,79
A00399,Product Page,87
A00399,Event,121
A00399,Product Page,97
A00400,Product Page,149
A00400,Product Page,61
A00400,Website,133
A00400,Website,17
A00400,Webinar,165
A00400,Website,155
A00400,Product Page,109
A00400,Webinar,12
A00400,Campaign,36
A00400,Website,106
A00400,Event,23
A00401,Website,240
A00401,Product Page,140
A00401,Event,210
A00402,Webinar,98
A00402,Website,210
A00402,Campaign,88
A00402,Event,119
A00402,Event,212
A00402,Event,141
A00402,Campaign,65
A00403,Webinar,235
A00403,Product Page,168
A00403,Event,137
A00403,Webinar,237
A00403,Product Page,96
A00403,Campaign,192
A00403,Event,192
A00403,Product Page,147
A00403,Website,145
A00403,Website,112
A00404,Event,110
A00404,Website,224
A00404,Website,148
A00404,Website,100
A00404,Campaign,46
A00404,Webinar,114
A00404,Event,29
A00405,Event,55
A00405,Website,60
A00405,Event,126
A00405,Campaign,143
A00405,Campaign,183
A00405,Event,193
A00406,Campaign,70
A00406,Event,91
A00406,Event,37
A00406,Product Page,247
A00407,Event,188
A00407,Product Page,218
A00407,Campaign,151
A00408,Product Page,1
A00408,Website,177
A00408,Event,142
A00408,Campaign,6
A00408,Event,249
A00408,Webinar,217
A00409,Website,211
A00409,Product Page,159
A00409,Campaign,247
A00409,Campaign,205
A00409,Event,153
A00409,Campaign,229
A00409,Website,22
A00409,Webinar,49
A00409,Webinar,133
A00409,Event,11
A00409,Campaign,204
A00410,Website,43
A00410,Website,208
A00410,Campaign,138
A00411,Website,365
A00411,Event,110
A00411,Product Page,133
A00411,Product Page,233
A00411,Website,192
A00411,Webinar,78
A00411,Product Page,125
A00411,Webinar,43
A00411,Event,124
A00411,Campaign,120
A00412,Product Page,62
A00412,Webinar,77
A00412,Event,101
A00412,Product Page,166
A00413,Event,209
A00413,Website,126
A00413,Website,102
A00413,Campaign,33
A00413,Campaign,1
A00413,Event,196
A00414,Product Page,156
A00414,Webinar,218
A00414,Website,98
A00414,Event,68
A00414,Product Page,65
A00414,Product Page,243
A00414,Webinar,1
A00414,Event,170
A00414,Website,108
A00415,Product Page,119
A00415,Campaign,178
A00415,Campaign,151
A00415,Event,63
A00415,Product Page,168
A00415,Product Page,94
A00415,Product Page,140
A00415,Campaign,93
A00415,Webinar,86
A00415,Webinar,80
A00415,Webinar,61
A00415,Product Page,171
A00415,Campaign,85
A00415,Product Page,100
A00416,Event,253
A00416,Webinar,6
A00416,Campaign,144
A00416,Webinar,130
A00416,Product Page,80
A00416,Campaign,90
A00416,Webinar,117
A00416,Website,201
A00416,Event,47
A00416,Webinar,90
A00416,Webinar,213
A00416,Event,28
A00416,Product Page,95
A00416,Webinar,138
A00416,Product Page,174
A00417,Campaign,29
A00417,Webinar,109
A00417,Product Page,209
A00418,Website,64
A00418,Campaign,1
A00418,Product Page,122
A00418,Website,66
A00418,Webinar,152
A00418,Campaign,32
A00418,Event,105
A00418,Website,168
A00418,Webinar,112
A00418,Website,222
A00418,Product Page,180
A00418,Event,179
A00419,Event,177
A00419,Website,137
A00419,Website,199
A00419,Product Page,104
A00419,Campaign,149
A00419,Product Page,76
A00419,Event,176
A00419,Webinar,196
A00420,Website,65
A00420,Event,99
A00420,Product Page,81
A00420,Website,169
A00420,Campaign,247
A00420,Campaign,103
A00420,Webinar,65
A00421,Event,137
A00421,Campaign,52
A00421,Event,17
A00421,Product Page,180
A00421,Product Page,97
A00421,Campaign,52
A00422,Event,83
A00422,Product Page,169
A00422,Webinar,20
A00422,Event,200
A00422,Website,222
A00422,Campaign,23
A00422,Webinar,134
A00422,Campaign,206
A00422,Campaign,58
A00423,Webinar,245
A00423,Event,82
A00423,Event,89
A00423,Campaign,17
A00423,Campaign,68
A00423,Event,92
A00423,Product Page,171
A00423,Product Page,89
A00423,Webinar,66
A00423,Website,126
A00423,Event,1
A00423,Product Page,135
A00424,Event,21
A00424,Product Page,1
A00424,Event,93
A00424,Campaign,244
A00425,Website,44
A00425,Website,11
A00425,Event,41
A00425,Event,125
A00425,Event,191
A00425,Event,108
A00425,Event,143
A00426,Product Page,191
A00426,Campaign,150
A00426,Event,150
A00426,Webinar,255
A00426,Event,172
A00427,Product Page,59
A00427,Webinar,82
A00427,Webinar,110
A00427,Website,211
A00427,Website,85
A00427,Campaign,75
A00427,Website,125
A00427,Website,133
A00427,Webinar,38
A00427,Event,52
A00427,Campaign,147
A00427,Product Page,107
A00428,Website,52
A00428,Product Page,24
A00428,Product Page,246
A00428,Event,44
A00428,Campaign,1
A00428,Website,42
A00428,Webinar,111
A00428,Event,29
A00428,Event,46
A00428,Campaign,173
A00428,Product Page,180
A00428,Event,85
A00429,Campaign,193
A00429,Product Page,62
A00429,Website,150
A00429,Website,23
A00430,Website,128
A00430,Webinar,29
A00430,Campaign,9
A00430,Website,1
A00430,Campaign,153
A00430,Product Page,112
A00430,Product Page,75
A00430,Product Page,177
A00430,Campaign,1
A00430,Event,150
A00430,Product Page,56
A00430,Event,1
A00430,Webinar,11
A00430,Event,79
A00431,Event,170
A00431,Product Page,162
A00431,Website,199
A00431,Product Page,117
A00431,Website,96
A00431,Webinar,138
A00432,Website,58
A00432,Website,17
A00433,Product Page,234
A00433,Webinar,1
A00433,Campaign,119
A00433,Campaign,101
A00434,Webinar,1
A00434,Webinar,203
A00434,Webinar,61
A00434,Product Page,1
A00434,Website,262
A00434,Event,187
A00434,Website,133
A00434,Campaign,230
A00434,Website,148
A00435,Campaign,109
A00435,Product Page,170
A00435,Webinar,194
A00435,Website,220
A00435,Campaign,206
A00435,Event,260
A00435,Event,177
A00435,Webinar,226
A00435,Campaign,55
A00435,Product Page,135
A00435,Product Page,192
A00436,Product Page,70
A00436,Webinar,132
A00436,Product Page,72
A00436,Campaign,205
A00436,Website,43
A00436,Webinar,116
A00437,Webinar,133
A00437,Webinar,76
A00437,Campaign,4
A00437,Event,115
A00437,Webinar,1
A00437,Product Page,50
A00438,Campaign,173
A00439,Event,136
A00439,Event,59
A00439,Event,190
A00439,Event,103
A00439,Event,45
A00439,Webinar,132
A00439,Website,49
A00439,Website,186
A00440,Product Page,171
A00440,Website,114
A00440,Campaign,71
A00440,Campaign,198
A00440,Product Page,141
A00440,Campaign,262
A00440,Campaign,200
A00441,Website,62
A00441,Campaign,181
A00441,Webinar,77
A00441,Event,35
A00441,Webinar,151
A00441,Campaign,108
A00441,Campaign,80
A00441,Website,33
A00441,Website,134
A00441,Website,235
A00442,Campaign,89
A00442,Product Page,103
A00442,Product Page,135
A00442,Product Page,111
A00442,Product Page,142
A00443,Campaign,65
A00443,Product Page,75
A00443,Product Page,292
A00444,Website,121
A00444,Product Page,19
A00444,Website,79
A00444,Webinar,78
A00444,Website,275
A00444,Website,1
A00444,Product Page,105
A00444,Event,1
A00444,Event,20
A00445,Event,150
A00445,Event,148
A00445,Campaign,122
A00445,Event,170
A00445,Event,144
A00446,Event,249
A00446,Campaign,130
A00446,Campaign,212
A00446,Event,85
A00446,Campaign,124
A00447,Campaign,46
A00447,Event,147
A00447,Campaign,144
A00447,Website,1
A00447,Event,95
A00447,Website,148
A00447,Webinar,103
A00447,Campaign,3
A00447,Event,175
A00447,Event,100
A00447,Product Page,18
A00447,Product Page,75
A00447,Campaign,52
A00447,Campaign,85
A00447,Website,160
A00447,Event,158
A00447,Product Page,143
A00447,Product Page,117
A00447,Campaign,23
A00448,Webinar,1
A00448,Webinar,162
A00448,Website,238
A00448,Event,42
A00448,Event,161
A00448,Campaign,234
A00448,Campaign,2
A00448,Website,105
A00449,Webinar,156
A00449,Event,109
A00449,Campaign,174
A00449,Webinar,141
A00449,Webinar,187
A00450,Event,115
A00450,Webinar,207
A00450,Website,113
A00450,Webinar,106
A00450,Webinar,202
A00450,Campaign,179
A00450,Event,121
A00451,Webinar,135
A00451,Webinar,129
A00451,Event,1
A00451,Product Page,289
A00451,Webinar,180
A00451,Product Page,132
A00451,Product Page,133
A00451,Webinar,89
A00451,Webinar,191
A00451,Product Page,224
A00451,Website,266
A00451,Event,176
A00451,Website,170
A00451,Webinar,223
A00452,Website,169
A00452,Product Page,155
A00452,Website,230
A00452,Event,57
A00452,Product Page,210
A00452,Product Page,183
A00452,Product Page,136
A00452,Event,263
A00453,Campaign,62
A00453,Product Page,34
A00453,Campaign,47
A00453,Webinar,1
A00453,Product Page,128
A00453,Product Page,2
A00453,Product Page,12
A00453,Webinar,142
A00453,Campaign,64
A00453,Event,37
A00453,Event,169
A00453,Product Page,70
A00453,Website,75
A00453,Website,1
A00453,Campaign,86
A00453,Campaign,12
A00454,Event,80
A00454,Webinar,169
A00454,Product Page,39
A00454,Website,82
A00454,Webinar,116
A00454,Event,203
A00454,Website,212
A00454,Event,157
A00454,Webinar,102
A00454,Event,214
A00454,Product Page,106
A00455,Event,137
A00455,Website,227
A00455,Event,204
A00455,Campaign,176
A00455,Product Page,124
A00456,Event,161
A00456,Product Page,138
A00456,Webinar,1
A00456,Webinar,15
A00456,Product Page,23
A00456,Product Page,120
A00456,Website,184
A00456,Website,1
A00457,Campaign,1
A00457,Product Page,1
A00457,Webinar,130
A00457,Product Page,1
A00457,Website,43
A00457,Campaign,44
A00457,Webinar,1
A00457,Event,108
A00457,Product Page,12
A00457,Campaign,51
A00457,Product Page,16
A00457,Event,5
A00457,Product Page,1
A00457,Campaign,170
A00458,Website,146
A00458,Webinar,113
A00458,Website,169
A00458,Event,194
A00458,Product Page,89
A00458,Webinar,186
A00458,Webinar,28
A00458,Webinar,45
A00458,Website,78
A00458,Event,29
A00458,Event,81
A00458,Campaign,94
A00458,Event,150
A00459,Product Page,174
A00459,Event,73
A00459,Website,97
A00459,Campaign,187
A00459,Product Page,149
A00459,Webinar,34
A00459,Webinar,66
A00459,Website,178
A00459,Product Page,39
A00459,Product Page,121
A00460,Website,77
A00460,Product Page,71
A00460,Webinar,65
A00460,Product Page,94
A00460,Product Page,50
A00460,Website,128
A00460,Website,1
A00460,Campaign,21
A00461,Product Page,108
A00461,Webinar,124
A00461,Webinar,290
A00461,Website,88
A00461,Event,282
A00462,Event,193
A00462,Website,123
A00462,Event,200
A00462,Webinar,328
A00462,Campaign,7
A00463,Website,219
A00463,Website,95
A00463,Campaign,56
A00463,Event,20
A00463,Website,210
A00463,Event,37
A00463,Campaign,90
A00463,Webinar,67
A00463,Website,98
A00463,Webinar,189
A00463,Event,1
A00464,Event,112
A00465,Campaign,75
A00465,Campaign,158
A00465,Event,139
A00465,Product Page,1
A00465,Product Page,67
A00465,Campaign,65
A00465,Campaign,71
A00465,Product Page,40
A00465,Webinar,83
A00465,Website,86
A00466,Event,1
A00466,Website,33
A00466,Website,7
A00466,Event,76
A00466,Website,97
A00466,Webinar,87
A00466,Event,145
A00466,Webinar,24
A00466,Webinar,72
A00466,Website,1
A00466,Product Page,69
A00466,Product Page,46
A00466,Webinar,20
A00466,Webinar,91
A00466,Campaign,1
A00467,Campaign,254
A00467,Website,87
A00467,Product Page,217
A00468,Website,138
A00468,Webinar,174
A00468,Webinar,339
A00468,Webinar,75
A00468,Website,117
A00469,Event,26
A00469,Event,147
A00469,Product Page,120
A00469,Webinar,83
A00469,Webinar,133
A00469,Product Page,119
A00469,Campaign,284
A00469,Event,168
A00469,Product Page,47
A00470,Event,199
A00470,Campaign,95
A00470,Event,164
A00470,Website,43
A00470,Website,101
A00470,Product Page,182
A00470,Website,111
A00470,Campaign,173
A00470,Product Page,170
A00471,Event,202
A00471,Webinar,87
A00471,Event,159
A00471,Event,203
A00471,Event,134
A00471,Campaign,142
A00471,Product Page,101
A00471,Webinar,68
A00471,Website,164
A00471,Event,1
A00471,Webinar,188
A00471,Product Page,135
A00471,Campaign,209
A00472,Webinar,115
A00472,Campaign,10
A00472,Event,100
A00472,Webinar,42
A00472,Website,61
A00472,Website,71
A00472,Event,186
A00472,Website,29
A00472,Event,72
A00473,Website,93
A00473,Website,13
A00473,Product Page,182
A00473,Product Page,1
A00473,Website,31
A00473,Campaign,1
A00473,Campaign,1
A00473,Webinar,97
A00473,Event,29
A00473,Webinar,212
A00473,Event,163
A00473,Event,149
A00473,Event,1
A00473,Website,1
A00473,Webinar,55
A00474,Webinar,125
A00474,Webinar,170
A00474,Campaign,288
A00474,Webinar,1
A00474,Product Page,157
A00474,Webinar,194
A00474,Product Page,188
A00474,Event,147
A00474,Website,192
A00474,Product Page,55
A00474,Campaign,166
A00474,Webinar,49
A00475,Webinar,132
A00475,Website,73
A00475,Event,97
A00475,Website,127
A00475,Webinar,94
A00475,Webinar,30
A00475,Campaign,176
A00475,Website,125
A00475,Campaign,1
A00476,Webinar,168
A00476,Webinar,183
A00476,Website,147
A00476,Event,20
A00476,Product Page,158
A00476,Campaign,153
A00476,Campaign,240
A00476,Product Page,142
A00476,Campaign,184
A00477,Webinar,191
A00477,Website,212
A00477,Website,189
A00477,Webinar,196
A00477,Website,209
A00477,Campaign,218
A00477,Webinar,152
A00477,Campaign,233
A00477,Website,189
A00478,Product Page,166
A00478,Product Page,200
A00478,Website,168
A00478,Campaign,128
A00478,Event,201
A00479,Event,41
A00479,Webinar,17
A00479,Campaign,1
A00479,Webinar,1
A00479,Webinar,131
A00479,Event,25
A00479,Webinar,37
A00479,Product Page,65
A00480,Product Page,188
A00480,Product Page,182
A00480,Product Page,99
A00480,Website,209
A00480,Event,43
A00480,Product Page,184
A00481,Website,146
A00481,Website,4
A00481,Webinar,108
A00482,Product Page,83
A00482,Campaign,195
A00482,Webinar,114
A00482,Product Page,200
A00482,Campaign,144
A00482,Campaign,205
A00483,Campaign,125
A00483,Event,197
A00483,Website,138
A00483,Product Page,192
A00484,Product Page,110
A00484,Website,147
A00484,Website,183
A00484,Campaign,105
A00484,Website,114
A00484,Event,124
A00484,Webinar,201
A00484,Event,40
A00484,Campaign,79
A00485,Webinar,47
A00485,Event,99
A00485,Website,89
A00485,Campaign,134
A00485,Product Page,149
A00485,Product Page,38
A00485,Campaign,40
A00485,Event,87
A00485,Webinar,1
A00485,Event,102
A00485,Campaign,1
A00485,Campaign,175
A00485,Product Page,174
A00485,Product Page,148
A00486,Product Page,1
A00486,Website,131
A00486,Product Page,182
A00486,Event,227
A00486,Campaign,129
A00486,Product Page,130
A00486,Campaign,148
A00487,Webinar,31
A00487,Event,50
A00487,Webinar,152
A00487,Campaign,137
A00487,Campaign,307
A00487,Campaign,84
A00487,Website,113
A00487,Product Page,140
A00488,Website,311
A00488,Campaign,205
A00488,Campaign,258
A00488,Webinar,200
A00488,Product Page,154
A00488,Website,229
A00489,Campaign,1
A00489,Event,177
A00489,Website,149
A00489,Product Page,221
A00489,Campaign,221
A00489,Website,158
A00489,Website,127
A00489,Product Page,135
A00490,Webinar,102
A00490,Product Page,238
A00490,Website,127
A00490,Webinar,211
A00490,Webinar,78
A00490,Webinar,193
A00490,Campaign,60
A00490,Campaign,106
A00490,Event,92
A00491,Webinar,119
A00491,Webinar,205
A00491,Website,119
A00491,Campaign,79
A00491,Campaign,58
A00491,Website,114
A00491,Webinar,151
A00491,Product Page,80
A00492,Website,160
A00492,Campaign,25
A00492,Product Page,139
A00492,Webinar,17
A00492,Event,106
A00492,Webinar,107
A00492,Website,106
A00492,Webinar,153
A00492,Website,83
A00492,Product Page,34
A00492,Website,42
A00492,Website,143
A00492,Website,41
A00492,Product Page,1
A00492,Product Page,1
A00493,Campaign,51
A00493,Campaign,198
A00493,Event,45
A00493,Product Page,1
A00494,Campaign,137
A00494,Campaign,26
A00494,Event,128
A00494,Website,43
A00494,Product Page,167
A00494,Webinar,207
A00495,Product Page,148
A00495,Website,58
A00495,Event,96
A00495,Product Page,1
A00495,Campaign,147
A00495,Event,214
A00495,Website,54
A00495,Campaign,219
A00496,Event,201
A00496,Product Page,167
A00496,Campaign,201
A00496,Campaign,152
A00496,Product Page,179
A00496,Webinar,114
A00496,Event,53
A00496,Event,144
A00496,Website,148
A00497,Product Page,266
A00497,Website,150
A00497,Event,138
A00497,Campaign,238
A00498,Event,206
A00498,Website,179
A00498,Webinar,121
A00498,Campaign,70
A00498,Event,233
A00498,Product Page,219
A00499,Campaign,69
A00499,Product Page,1
A00499,Event,129
A00499,Campaign,125
A00499,Webinar,70
A00500,Website,162
A00500,Campaign,125
A00500,Webinar,205
A00500,Event,187
A00500,Product Page,35
A00500,Webinar,5
A00500,Product Page,203
A00500,Website,169
A00500,Campaign,36
A00501,Event,234
A00501,Webinar,96
A00501,Website,69
A00501,Product Page,63
A00501,Product Page,182
A00501,Event,107
A00501,Product Page,88
A00501,Event,46
A00501,Product Page,53
A00501,Webinar,64
A00501,Webinar,56
A00501,Webinar,11
A00501,Product Page,1
A00502,Campaign,70
A00502,Product Page,176
A00502,Product Page,93
A00502,Product Page,171
A00502,Event,186
A00502,Webinar,86
A00503,Campaign,146
A00503,Website,164
A00503,Website,214
A00503,Webinar,118
A00503,Campaign,162
A00503,Event,2
A00503,Campaign,81
A00503,Event,81
A00503,Website,1
A00503,Website,161
A00503,Campaign,188
A00503,Webinar,64
A00504,Webinar,56
A00504,Webinar,123
A00504,Product Page,247
A00504,Campaign,99
A00504,Product Page,66
A00504,Webinar,147
A00504,Event,298
A00504,Campaign,183
A00504,Website,134
A00505,Website,80
A00505,Webinar,97
A00505,Product Page,154
A00505,Product Page,137
A00505,Campaign,251
A00505,Event,111
A00505,Product Page,1
A00505,Product Page,95
A00505,Website,113
A00506,Campaign,88
A00506,Webinar,141
A00506,Event,29
A00506,Campaign,140
A00506,Campaign,89
A00506,Campaign,16
A00506,Product Page,121
A00506,Webinar,73
A00506,Campaign,104
A00506,Campaign,16
A00506,Webinar,178
A00506,Webinar,164
A00507,Event,93
A00507,Product Page,101
A00507,Campaign,117
A00507,Website,129
A00507,Event,194
A00507,Event,188
A00507,Event,162
A00507,Event,223
A00507,Event,280
A00508,Product Page,48
A00508,Product Page,126
A00508,Campaign,46
A00508,Campaign,167
A00508,Website,15
A00508,Event,152
A00508,Event,17
A00508,Event,39
A00508,Campaign,130
A00508,Campaign,181
A00508,Website,72
A00508,Campaign,103
A00508,Website,93
A00508,Product Page,3
A00508,Website,84
A00509,Website,245
A00509,Website,146
A00509,Event,1
A00509,Product Page,71
A00509,Event,236
A00509,Campaign,72
A00509,Product Page,120
A00509,Campaign,5
A00509,Webinar,160
A00510,Product Page,1
A00510,Product Page,114
A00510,Webinar,242
A00510,Website,106
A00510,Product Page,37
A00510,Website,1
A00510,Website,22
A00510,Event,132
A00510,Product Page,45
A00510,Website,93
A00511,Webinar,182
A00511,Website,269
A00511,Campaign,69
A00511,Campaign,205
A00511,Event,199
A00511,Webinar,144
A00511,Product Page,131
A00511,Event,181
A00512,Product Page,42
A00512,Webinar,148
A00512,Product Page,50
A00512,Product Page,43
A00512,Product Page,87
A00512,Webinar,4
A00512,Webinar,24
A00512,Event,61
A00512,Webinar,32
A00512,Webinar,123
A00512,Campaign,13
A00512,Website,82
A00512,Campaign,1
A00512,Website,157
A00512,Event,58
A00512,Event,117
A00513,Website,24
A00513,Campaign,132
A00513,Webinar,104
A00513,Webinar,89
A00513,Product Page,192
A00513,Website,182
A00513,Webinar,136
A00513,Event,206
A00513,Webinar,47
A00514,Campaign,155
A00514,Website,231
A00514,Website,31
A00514,Product Page,302
A00514,Product Page,313
A00514,Product Page,79
A00514,Website,45
A00515,Event,188
A00515,Campaign,182
A00515,Website,169
A00515,Webinar,205
A00516,Product Page,217
A00516,Product Page,161
A00516,Product Page,182
A00516,Event,51
A00517,Webinar,250
A00517,Product Page,62
A00517,Website,107
A00517,Website,175
A00517,Webinar,95
A00517,Product Page,221
A00517,Campaign,168
A00518,Campaign,252
A00518,Product Page,183
A00518,Event,16
A00518,Product Page,90
A00518,Webinar,169
A00518,Webinar,99
A00518,Product Page,144
A00518,Website,273
A00519,Campaign,56
A00519,Product Page,90
A00519,Webinar,120
A00519,Webinar,143
A00519,Campaign,1
A00519,Webinar,10
A00519,Website,169
A00519,Campaign,97
A00519,Webinar,83
A00519,Campaign,82
A00519,Product Page,159
A00519,Product Page,239
A00519,Event,94
A00520,Campaign,77
A00520,Webinar,1
A00520,Website,161
A00520,Webinar,123
A00520,Webinar,157
A00520,Webinar,113
A00521,Campaign,43
A00521,Product Page,228
A00521,Website,156
A00521,Webinar,130
A00521,Product Page,189
A00521,Campaign,151
A00521,Website,77
A00521,Webinar,61
A00521,Website,173
A00522,Webinar,138
A00522,Event,153
A00522,Campaign,26
A00522,Webinar,53
A00522,Website,193
A00522,Website,231
A00522,Website,58
A00522,Webinar,196
A00523,Product Page,184
A00523,Campaign,61
A00523,Webinar,131
A00523,Event,1
A00523,Event,21
A00523,Webinar,80
A00523,Campaign,142
A00523,Website,1
A00523,Website,1
A00524,Campaign,173
A00524,Website,22
A00524,Event,39
A00524,Webinar,210
A00524,Campaign,116
A00524,Product Page,60
A00524,Event,47
A00524,Product Page,31
A00525,Product Page,119
A00525,Event,217
A00525,Webinar,184
A00525,Website,100
A00525,Webinar,61
A00525,Event,169
A00525,Event,87
A00526,Event,149
A00526,Website,38
A00526,Product Page,196
A00526,Website,36
A00526,Website,239
A00526,Product Page,257
A00526,Webinar,252
A00526,Event,229
A00526,Product Page,183
A00527,Webinar,83
A00528,Product Page,195
A00528,Campaign,83
A00528,Website,103
A00528,Website,94
A00528,Webinar,119
A00529,Campaign,72
A00529,Product Page,180
A00529,Webinar,144
A00529,Website,211
A00529,Product Page,180
A00529,Campaign,1
A00529,Website,1
A00529,Webinar,45
A00530,Webinar,160
A00530,Product Page,83
A00530,Campaign,26
A00530,Event,88
A00530,Event,43
A00531,Product Page,155
A00531,Campaign,96
A00531,Event,131
A00531,Campaign,62
A00531,Website,64
A00531,Webinar,18
A00531,Campaign,49
A00531,Event,17
A00531,Event,71
A00531,Website,4
A00531,Event,229
A00532,Website,198
A00532,Webinar,1
A00532,Product Page,90
A00532,Campaign,185
A00532,Event,160
A00532,Webinar,72
A00532,Website,161
A00532,Product Page,128
A00533,Webinar,1
A00533,Event,100
A00533,Event,1
A00533,Website,1
A00533,Event,64
A00533,Event,129
A00533,Product Page,16
A00533,Product Page,14
A00533,Website,6
A00533,Product Page,127
A00533,Webinar,38
A00533,Campaign,86
A00533,Webinar,1
A00534,Webinar,119
A00534,Event,210
A00534,Webinar,207
A00534,Product Page,25
A00534,Website,165
A00534,Webinar,244
A00535,Website,97
A00535,Website,17
A00535,Product Page,90
A00535,Campaign,68
A00535,Webinar,82
A00535,Website,168
A00535,Website,108
A00535,Event,25
A00535,Campaign,132
A00535,Event,118
A00535,Website,149
A00535,Webinar,95
A00535,Campaign,18
A00535,Website,103
A00536,Webinar,28
A00536,Product Page,129
A00536,Product Page,1
A00536,Webinar,205
A00536,Event,72
A00536,Webinar,82
A00536,Campaign,1
A00536,Event,180
A00536,Webinar,91
A00536,Event,72
A00536,Event,1
A00536,Webinar,152
A00536,Campaign,211
A00536,Product Page,52
A00536,Webinar,1
A00536,Campaign,26
A00536,Event,36
A00536,Product Page,36
A00537,Product Page,211
A00537,Webinar,167
A00537,Event,131
A00537,Product Page,41
A00537,Website,178
A00537,Campaign,208
A00537,Event,76
A00537,Campaign,80
A00537,Webinar,111
A00537,Campaign,127
A00537,Campaign,239
A00537,Event,159
A00538,Webinar,245
A00538,Webinar,165
A00538,Webinar,193
A00538,Event,59
A00538,Event,168
A00538,Campaign,125
A00538,Webinar,186
A00539,Product Page,194
A00539,Website,1
A00539,Campaign,253
A00539,Event,144
A00539,Webinar,155
A00539,Event,74
A00539,Event,145
A00539,Webinar,116
A00539,Product Page,20
A00539,Campaign,217
A00539,Event,140
A00539,Campaign,217
A00539,Campaign,139
A00539,Product Page,30
A00539,Campaign,131
A00540,Product Page,96
A00540,Campaign,76
A00540,Campaign,69
A00540,Webinar,112
A00540,Campaign,1
A00540,Campaign,1
A00540,Campaign,49
A00541,Campaign,216
A00541,Webinar,74
A00541,Product Page,264
A00541,Product Page,76
A00541,Website,125
A00541,Product Page,95
A00541,Campaign,125
A00541,Campaign,172
A00542,Website,283
A00542,Webinar,214
A00542,Event,309
A00542,Product Page,92
A00542,Product Page,207
A00542,Campaign,1
A00542,Website,147
A00543,Campaign,275
A00543,Website,76
A00544,Website,34
A00544,Website,131
A00544,Campaign,179
A00544,Website,61
A00544,Event,205
A00544,Website,136
A00544,Website,277
A00545,Website,140
A00545,Website,146
A00545,Product Page,228
A00545,Website,37
A00545,Product Page,100
A00545,Event,43
A00546,Campaign,171
A00546,Webinar,192
A00546,Event,219
A00547,Event,93
A00547,Website,17
A00547,Product Page,59
A00547,Event,45
A00547,Product Page,94
A00547,Event,111
A00548,Product Page,40
A00548,Webinar,56
A00548,Product Page,7
A00548,Website,286
A00548,Campaign,34
A00548,Webinar,175
A00548,Campaign,47
A00548,Campaign,167
A00548,Product Page,101
A00548,Event,87
A00548,Campaign,98
A00548,Webinar,101
A00548,Product Page,135
A00548,Website,65
A00549,Campaign,1
A00549,Event,30
A00549,Event,93
A00549,Product Page,115
A00549,Webinar,141
A00549,Campaign,37
A00549,Webinar,26
A00549,Event,30
A00549,Website,89
A00550,Webinar,103
A00550,Event,61
A00550,Website,71
A00550,Webinar,126
A00550,Website,223
A00550,Website,233
A00550,Website,160
A00551,Website,76
A00551,Campaign,77
A00551,Event,72
A00551,Event,203
A00551,Product Page,51
A00551,Website,120
A00551,Webinar,180
A00551,Website,256
A00552,Event,104
A00552,Product Page,123
A00552,Website,60
A00552,Website,128
A00552,Webinar,88
A00552,Webinar,139
A00552,Website,47
A00552,Campaign,124
A00552,Campaign,195
A00552,Website,102
A00552,Website,94
A00552,Product Page,247
A00553,Website,54
A00553,Webinar,202
A00553,Event,30
A00553,Webinar,89
A00553,Event,107
A00553,Website,105
A00553,Webinar,166
A00553,Website,187
A00554,Website,138
A00554,Campaign,55
A00554,Webinar,58
A00554,Website,201
A00554,Event,57
A00554,Event,136
A00554,Event,91
A00554,Webinar,123
A00554,Event,40
A00554,Webinar,64
A00554,Campaign,2
A00554,Event,1
A00554,Website,1
A00554,Website,49
A00555,Webinar,9
A00555,Webinar,141
A00555,Product Page,194
A00555,Campaign,186
A00555,Campaign,150
A00555,Event,132
A00556,Website,184
A00556,Event,159
A00556,Campaign,1
A00556,Webinar,152
A00556,Webinar,84
A00556,Webinar,86
A00556,Product Page,11
A00556,Website,4
A00556,Webinar,118
A00556,Product Page,98
A00556,Campaign,1
A00556,Product Page,1
A00556,Campaign,92
A00557,Webinar,108
A00557,Website,120
A00557,Webinar,144
A00557,Website,23
A00557,Campaign,103
A00557,Product Page,235
A00557,Campaign,83
A00557,Product Page,266
A00557,Website,81
A00558,Product Page,262
A00558,Campaign,162
A00558,Webinar,158
A00558,Event,116
A00558,Campaign,206
A00558,Website,151
A00559,Website,222
A00559,Product Page,113
A00559,Campaign,85
A00559,Campaign,88
A00559,Webinar,163
A00559,Product Page,151
A00559,Webinar,269
A00559,Event,175
A00559,Webinar,59
A00559,Website,161
A00560,Webinar,1
A00560,Campaign,126
A00560,Campaign,84
A00560,Webinar,81
A00561,Event,291
A00561,Webinar,23
A00561,Event,52
A00561,Webinar,86
A00561,Campaign,83
A00561,Website,123
A00561,Event,40
A00561,Webinar,176
A00561,Product Page,51
A00561,Website,193
A00561,Product Page,12
A00561,Campaign,1
A00562,Webinar,1
A00562,Website,168
A00562,Website,200
A00562,Website,160
A00562,Campaign,299
A00562,Campaign,76
A00562,Webinar,99
A00562,Event,121
A00563,Webinar,81
A00563,Webinar,19
A00563,Product Page,159
A00563,Webinar,66
A00563,Website,18
A00563,Webinar,48
A00563,Website,133
A00563,Campaign,124
A00563,Website,43
A00563,Product Page,1
A00563,Product Page,68
A00563,Webinar,35
A00563,Website,29
A00563,Product Page,1
A00563,Event,32
A00563,Campaign,111
A00563,Campaign,69
A00563,Webinar,1
A00564,Campaign,159
A00564,Website,129
A00564,Event,135
A00564,Website,174
A00564,Website,155
A00564,Campaign,190
A00564,Campaign,143
A00564,Webinar,108
A00565,Product Page,218
A00565,Product Page,66
A00565,Webinar,65
A00565,Website,108
A00565,Website,206
A00565,Campaign,49
A00565,Event,133
A00565,Webinar,155
A00566,Website,25
A00566,Campaign,1
A00566,Event,81
A00566,Event,128
A00566,Event,49
A00566,Product Page,205
A00566,Product Page,61
A00566,Webinar,127
A00566,Website,137
A00566,Website,70
A00566,Webinar,1
A00566,Webinar,26
A00566,Product Page,64
A00566,Event,56
A00567,Website,97
A00567,Product Page,143
A00567,Event,255
A00567,Event,79
A00567,Website,115
A00567,Website,50
A00567,Campaign,51
A00567,Webinar,182
A00568,Campaign,53
A00568,Webinar,84
A00568,Webinar,84
A00568,Product Page,181
A00569,Product Page,129
A00569,Webinar,1
A00570,Product Page,206
A00570,Product Page,33
A00570,Webinar,124
A00570,Product Page,112
A00570,Website,67
A00570,Campaign,160
A00570,Website,63
A00570,Event,81
A00570,Event,91
A00570,Webinar,93
A00570,Website,42
A00570,Event,103
A00570,Event,105
A00570,Webinar,1
A00570,Product Page,220
A00570,Website,74
A00570,Product Page,109
A00570,Product Page,125
A00570,Campaign,134
A00570,Event,64
A00571,Event,84
A00571,Website,124
A00571,Webinar,94
A00571,Product Page,126
A00571,Campaign,174
A00571,Event,131
A00571,Campaign,167
A00572,Event,64
A00572,Event,185
A00572,Campaign,124
A00572,Webinar,75
A00572,Event,1
A00572,Product Page,70
A00572,Webinar,122
A00572,Website,189
A00572,Product Page,219
A00572,Webinar,38
A00572,Campaign,1
A00572,Campaign,124
A00572,Campaign,80
A00572,Campaign,41
A00573,Event,116
A00573,Product Page,249
A00573,Campaign,105
A00573,Webinar,142
A00573,Webinar,116
A00573,Webinar,127
A00573,Webinar,1
A00573,Product Page,196
A00573,Event,112
A00573,Website,127
A00573,Website,54
A00573,Webinar,54
A00573,Campaign,97
A00573,Webinar,166
A00573,Webinar,1
A00573,Product Page,70
A00573,Product Page,59
A00573,Campaign,184
A00573,Campaign,128
A00573,Product Page,40
A00574,Campaign,50
A00574,Website,1
A00574,Webinar,12
A00574,Product Page,94
A00574,Product Page,132
A00574,Website,1
A00575,Product Page,238
A00575,Event,281
A00575,Product Page,27
A00575,Event,156
A00575,Webinar,155
A00575,Product Page,110
A00575,Webinar,154
A00576,Event,81
A00576,Campaign,123
A00576,Website,135
A00577,Event,125
A00577,Event,49
A00577,Event,235
A00577,Website,12
A00577,Event,116
A00577,Webinar,135
A00577,Product Page,141
A00578,Campaign,178
A00578,Product Page,150
A00578,Website,65
A00578,Product Page,108
A00578,Campaign,154
A00579,Event,103
A00579,Event,213
A00579,Website,102
A00580,Website,103
A00580,Product Page,100
A00580,Product Page,69
A00580,Product Page,63
A00580,Webinar,29
A00580,Campaign,213
A00580,Webinar,37
A00580,Campaign,178
A00580,Webinar,169
A00580,Campaign,12
A00581,Webinar,327
A00581,Website,227
A00581,Event,118
A00581,Website,188
A00581,Event,276
A00581,Website,140
A00581,Website,143
A00582,Webinar,136
A00582,Product Page,211
A00582,Campaign,1
A00582,Campaign,1
A00582,Product Page,83
A00582,Product Page,134
A00582,Event,103
A00582,Webinar,215
A00582,Product Page,152
A00582,Campaign,56
A00582,Webinar,180
A00582,Product Page,1
A00582,Event,177
A00583,Product Page,37
A00583,Website,25
A00583,Webinar,159
A00583,Campaign,169
A00584,Webinar,234
A00584,Webinar,123
A00584,Event,76
A00584,Product Page,116
A00584,Event,133
A00584,Product Page,176
A00584,Product Page,132
A00584,Campaign,94
A00584,Website,135
A00584,Event,136
A00585,Event,289
A00585,Campaign,57
A00585,Product Page,112
A00585,Campaign,83
A00585,Webinar,34
A00585,Webinar,268
A00585,Campaign,130
A00585,Webinar,277
A00585,Event,99
A00586,Webinar,35
A00586,Campaign,199
A00586,Campaign,116
A00586,Website,159
A00586,Product Page,178
A00586,Website,116
A00587,Website,66
A00587,Campaign,52
A00587,Product Page,29
A00587,Event,120
A00587,Website,134
A00587,Webinar,22
A00587,Event,26
A00587,Product Page,58
A00587,Website,79
A00587,Website,159
A00587,Campaign,97
A00587,Event,111
A00587,Product Page,195
A00587,Event,43
A00587,Event,109
A00587,Event,132
A00587,Campaign,109
A00587,Product Page,166
A00587,Webinar,1
A00588,Webinar,112
A00588,Product Page,160
A00588,Campaign,73
A00588,Product Page,167
A00588,Product Page,159
A00588,Product Page,210
A00588,Event,222
A00588,Product Page,155
A00588,Event,93
A00588,Event,170
A00588,Campaign,203
A00588,Campaign,11
A00588,Product Page,111
A00588,Website,138
A00588,Campaign,1
A00588,Event,198
A00588,Webinar,147
A00588,Event,5
A00589,Campaign,64
A00589,Website,34
A00589,Product Page,68
A00589,Website,60
A00589,Website,103
A00589,Website,134
A00589,Website,16
A00589,Campaign,167
A00589,Campaign,61
A00589,Event,20
A00589,Event,25
A00589,Event,7
A00589,Event,1
A00589,Event,155
A00589,Event,66
A00589,Webinar,98
A00589,Campaign,1
A00589,Webinar,1
A00590,Event,222
A00590,Campaign,192
A00590,Website,173
A00590,Webinar,219
A00590,Website,88
A00590,Website,189
A00590,Campaign,187
A00590,Product Page,245
A00591,Webinar,143
A00591,Campaign,252
A00591,Webinar,169
A00591,Campaign,67
A00591,Webinar,245
A00591,Product Page,250
A00591,Website,230
A00592,Product Page,42
A00592,Event,144
A00592,Webinar,110
A00592,Campaign,192
A00592,Website,180
A00593,Webinar,207
A00593,Website,84
A00593,Webinar,200
A00593,Campaign,214
A00593,Website,223
A00593,Campaign,206
A00594,Event,98
A00594,Product Page,40
A00594,Campaign,247
A00594,Webinar,123
A00594,Event,106
A00594,Campaign,137
A00594,Campaign,171
A00594,Campaign,136
A00594,Campaign,1
A00594,Campaign,75
A00594,Product Page,216
A00594,Campaign,98
A00594,Product Page,155
A00595,Website,77
A00595,Website,171
A00595,Campaign,240
A00595,Webinar,26
A00595,Website,164
A00595,Event,67
A00595,Webinar,147
A00595,Product Page,166
A00595,Campaign,101
A00595,Website,79
A00595,Webinar,103
A00596,Website,152
A00596,Campaign,80
A00596,Website,231
A00596,Product Page,9
A00596,Website,168
A00596,Webinar,1
A00596,Event,129
A00596,Website,27
A00596,Webinar,34
A00596,Product Page,247
A00597,Campaign,88
A00597,Webinar,96
A00597,Webinar,176
A00598,Website,55
A00598,Event,25
A00598,Campaign,167
A00598,Event,157
A00598,Website,182
A00598,Campaign,1
A00598,Webinar,33
A00598,Website,19
A00598,Campaign,1
A00598,Product Page,230
A00598,Webinar,1
A00598,Product Page,17
A00598,Product Page,175
A00598,Event,8
A00598,Campaign,88
A00599,Campaign,148
A00599,Campaign,126
A00599,Event,125
A00599,Campaign,181
A00599,Event,79
A00599,Campaign,139
A00599,Product Page,163
A00599,Webinar,113
A00599,Website,111
A00599,Product Page,152
A00599,Webinar,58
A00600,Webinar,178
A00600,Webinar,36
A00600,Product Page,32
A00600,Webinar,81
A00600,Event,209
A00600,Website,173
A00600,Product Page,124
A00600,Campaign,99
A00601,Campaign,140
A00601,Webinar,76
A00601,Product Page,25
A00601,Event,49
A00601,Event,75
A00601,Website,35
A00601,Webinar,133
A00601,Event,102
A00601,Webinar,96
A00601,Event,154
A00601,Event,38
A00601,Campaign,110
A00602,Campaign,165
A00602,Website,175
A00602,Campaign,120
A00602,Event,1
A00602,Website,16
A00602,Website,206
A00602,Webinar,254
A00602,Campaign,134
A00602,Event,93
A00602,Webinar,211
A00603,Event,180
A00603,Event,200
A00603,Website,175
A00603,Webinar,44
A00603,Campaign,67
A00603,Event,42
A00603,Campaign,59
A00603,Website,48
A00603,Product Page,31
A00603,Event,1
A00603,Campaign,55
A00604,Event,231
A00604,Product Page,45
A00604,Event,137
A00604,Product Page,129
A00604,Website,84
A00604,Webinar,69
A00604,Event,164
A00604,Event,48
A00604,Website,128
A00604,Campaign,114
A00604,Website,85
A00604,Website,41
A00605,Product Page,164
A00605,Event,85
A00605,Product Page,111
A00605,Campaign,243
A00605,Event,211
A00605,Website,150
A00605,Webinar,93
A00605,Campaign,166
A00605,Campaign,188
A00606,Event,135
A00606,Event,89
A00606,Webinar,159
A00606,Event,167
A00606,Campaign,103
A00606,Website,34
A00606,Webinar,97
A00606,Event,1
A00607,Campaign,32
A00607,Product Page,67
A00607,Webinar,36
A00607,Campaign,48
A00607,Product Page,103
A00607,Event,157
A00607,Event,112
A00607,Campaign,71
A00608,Event,167
A00608,Campaign,75
A00608,Campaign,132
A00608,Website,1
A00608,Product Page,166
A00608,Website,198
A00608,Campaign,155
A00609,Website,131
A00609,Campaign,151
A00609,Event,85
A00610,Webinar,121
A00610,Webinar,73
A00610,Website,16
A00610,Product Page,125
A00610,Campaign,38
A00610,Campaign,13
A00610,Website,51
A00611,Event,188
A00611,Website,169
A00612,Website,133
A00612,Campaign,42
A00612,Product Page,133
A00612,Product Page,171
A00612,Campaign,180
A00612,Campaign,155
A00612,Event,241
A00612,Campaign,115
A00612,Webinar,102
A00613,Webinar,170
A00613,Product Page,61
A00613,Website,1
A00613,Campaign,76
A00613,Event,127
A00613,Website,67
A00613,Webinar,84
A00613,Product Page,3
A00613,Event,83
A00613,Product Page,175
A00614,Product Page,59
A00614,Webinar,166
A00614,Campaign,130
A00614,Campaign,116
A00614,Webinar,43
A00614,Product Page,96
A00615,Website,66
A00615,Website,85
A00615,Event,50
A00615,Webinar,59
A00615,Website,101
A00615,Event,211
A00615,Webinar,4
A00615,Website,151
A00616,Event,140
A00616,Webinar,168
A00616,Product Page,257
A00616,Product Page,223
A00616,Product Page,143
A00616,Campaign,168
A00617,Event,189
A00617,Product Page,224
A00617,Webinar,109
A00617,Event,199
A00617,Event,108
A00617,Event,125
A00617,Product Page,91
A00618,Product Page,188
A00618,Campaign,132
A00618,Website,140
A00618,Campaign,126
A00618,Campaign,256
A00618,Campaign,220
A00618,Event,130
A00618,Product Page,169
A00618,Product Page,79
A00619,Webinar,150
A00619,Campaign,49
A00619,Product Page,8
A00619,Product Page,141
A00619,Product Page,129
A00619,Event,1
A00619,Webinar,145
A00619,Campaign,130
A00619,Product Page,89
A00620,Event,221
A00620,Event,50
A00620,Product Page,166
A00620,Webinar,67
A00620,Webinar,152
A00620,Product Page,1
A00621,Website,182
A00621,Product Page,55
A00621,Campaign,126
A00621,Campaign,38
A00621,Campaign,1
A00621,Event,1
A00621,Product Page,241
A00622,Event,71
A00622,Webinar,127
A00622,Campaign,13
A00622,Webinar,5
A00622,Campaign,8
A00622,Product Page,49
A00622,Webinar,151
A00622,Product Page,116
A00623,Product Page,102
A00624,Product Page,181
A00624,Campaign,115
A00624,Website,163
A00624,Event,91
A00624,Website,89
A00624,Website,167
A00624,Event,141
A00624,Campaign,171
A00624,Campaign,1
A00624,Event,66
A00624,Webinar,120
A00625,Webinar,177
A00625,Event,136
A00625,Product Page,21
A00625,Webinar,140
A00625,Product Page,121
A00625,Event,66
A00625,Event,147
A00625,Product Page,4
A00625,Campaign,130
A00625,Webinar,37
A00625,Webinar,144
A00625,Webinar,138
A00625,Campaign,150
A00625,Webinar,46
A00625,Campaign,98
A00626,Product Page,31
A00626,Event,158
A00626,Campaign,16
A00626,Website,61
A00626,Event,154
A00626,Campaign,1
A00626,Product Page,58
A00627,Website,103
A00627,Event,17
A00627,Website,249
A00627,Product Page,190
A00627,Product Page,64
A00627,Product Page,230
A00628,Product Page,95
A00628,Webinar,248
A00628,Website,41
A00628,Event,198
A00628,Campaign,1
A00628,Product Page,136
A00628,Website,74
A00628,Product Page,114
A00628,Event,38
A00628,Event,88
A00628,Website,59
A00628,Campaign,112
A00628,Product Page,146
A00628,Campaign,185
A00628,Campaign,91
A00628,Product Page,166
A00628,Campaign,161
A00628,Campaign,11
A00629,Campaign,1
A00629,Website,149
A00629,Event,117
A00629,Campaign,71
A00629,Webinar,38
A00629,Campaign,82
A00629,Product Page,1
A00629,Webinar,70
A00629,Campaign,70
A00629,Product Page,109
A00629,Webinar,156
A00629,Website,124
A00629,Campaign,67
A00629,Event,1
A00629,Campaign,146
A00630,Product Page,236
A00630,Product Page,1
A00630,Website,146
A00630,Website,151
A00630,Event,81
A00630,Event,165
A00630,Campaign,29
A00631,Webinar,365
A00631,Website,152
A00632,Webinar,91
A00632,Campaign,12
A00632,Webinar,103
A00632,Campaign,120
A00632,Product Page,148
A00632,Webinar,8
A00632,Webinar,148
A00632,Webinar,94
A00632,Webinar,219
A00632,Product Page,185
A00632,Webinar,185
A00632,Webinar,41
A00633,Campaign,123
A00633,Webinar,210
A00633,Campaign,138
A00633,Product Page,126
A00633,Webinar,111
A00633,Website,185
A00633,Campaign,129
A00633,Webinar,319
A00633,Event,168
A00633,Webinar,119
A00634,Event,50
A00634,Campaign,97
A00634,Website,179
A00634,Website,9
A00634,Event,54
A00634,Product Page,1
A00634,Website,130
A00635,Product Page,216
A00635,Event,217
A00635,Event,1
A00635,Event,133
A00635,Webinar,277
A00635,Webinar,69
A00635,Event,155
A00635,Product Page,69
A00635,Product Page,58
A00635,Website,186
A00635,Webinar,123
A00636,Website,169
A00636,Event,45
A00636,Campaign,129
A00636,Webinar,1
A00636,Product Page,192
A00636,Webinar,145
A00636,Product Page,144
A00636,Product Page,149
A00636,Product Page,1
A00636,Event,64
A00636,Event,131
A00636,Website,19
A00636,Event,70
A00636,Product Page,25
A00636,Product Page,206
A00636,Webinar,101
A00636,Webinar,125
A00637,Product Page,51
A00637,Event,148
A00637,Webinar,1
A00637,Webinar,1
A00638,Product Page,160
A00638,Webinar,1
A00638,Webinar,40
A00638,Campaign,79
A00638,Event,141
A00638,Campaign,61
A00638,Product Page,207
A00638,Website,59
A00638,Product Page,37
A00638,Webinar,113
A00638,Campaign,94
A00638,Webinar,63
A00638,Product Page,92
A00638,Webinar,161
A00638,Event,191
A00639,Website,40
A00639,Webinar,55
A00639,Website,34
A00639,Webinar,88
A00639,Website,54
A00639,Campaign,118
A00639,Webinar,62
A00639,Website,1
A00639,Website,14
A00639,Webinar,64
A00639,Website,49
A00639,Campaign,45
A00639,Campaign,39
A00639,Event,52
A00639,Webinar,1
A00639,Website,152
A00639,Event,63
A00639,Webinar,83
A00639,Webinar,15
A00639,Webinar,1
A00639,Product Page,88
A00640,Event,154
A00640,Campaign,231
A00640,Webinar,95
A00640,Event,23
A00640,Campaign,47
A00640,Campaign,3
A00640,Webinar,1
A00640,Website,162
A00640,Campaign,1
A00640,Campaign,1
A00640,Website,189
A00641,Webinar,167
A00641,Campaign,167
A00641,Campaign,96
A00641,Webinar,86
A00641,Campaign,196
A00641,Product Page,154
A00641,Webinar,224
A00641,Website,9
A00641,Product Page,149
A00641,Website,118
A00641,Campaign,88
A00641,Campaign,133
A00641,Event,89
A00642,Webinar,161
A00642,Webinar,200
A00642,Campaign,179
A00642,Webinar,183
A00642,Product Page,165
A00642,Webinar,162
A00643,Campaign,261
A00643,Webinar,40
A00643,Website,147
A00643,Campaign,17
A00643,Event,49
A00643,Event,144
A00643,Webinar,1
A00643,Webinar,145
A00643,Product Page,10
A00643,Event,65
A00644,Campaign,223
A00644,Campaign,164
A00644,Campaign,140
A00644,Website,41
A00644,Website,53
A00644,Website,117
A00644,Webinar,73
A00644,Event,46
A00644,Webinar,153
A00644,Event,71
A00644,Product Page,109
A00644,Campaign,77
A00644,Event,107
A00644,Event,126
A00644,Campaign,81
A00645,Campaign,146
A00645,Campaign,123
A00645,Website,153
A00645,Event,82
A00645,Event,153
A00645,Website,30
A00645,Event,185
A00645,Website,182
A00646,Campaign,106
A00646,Campaign,129
A00646,Campaign,170
A00646,Campaign,180
A00646,Event,163
A00646,Webinar,91
A00647,Product Page,75
A00647,Campaign,1
A00647,Event,1
A00647,Campaign,144
A00647,Event,11
A00647,Event,130
A00647,Product Page,1
A00647,Website,39
A00647,Product Page,298
A00647,Event,95
A00647,Product Page,44
A00647,Event,18
A00647,Campaign,18
A00647,Product Page,156
A00647,Website,16
A00647,Product Page,1
A00648,Webinar,66
A00648,Website,85
A00648,Product Page,195
A00648,Event,205
A00648,Website,227
A00648,Product Page,1
A00648,Webinar,115
A00648,Campaign,71
A00648,Event,237
A00648,Product Page,69
A00648,Campaign,143
A00648,Product Page,30
A00648,Event,1
A00649,Website,89
A00649,Website,101
A00649,Product Page,294
A00649,Product Page,148
A00649,Product Page,87
A00649,Website,204
A00649,Campaign,139
A00649,Campaign,99
A00649,Product Page,151
A00649,Event,50
A00649,Website,32
A00649,Campaign,100
A00649,Event,116
A00649,Event,77
A00649,Website,1
A00650,Webinar,50
A00650,Event,131
A00650,Website,128
A00650,Website,253
A00650,Campaign,218
A00650,Website,92
A00650,Webinar,1
A00650,Event,99
A00650,Webinar,1
A00650,Campaign,141
A00650,Campaign,110
A00650,Website,70
A00650,Website,133
A00651,Campaign,97
A00651,Product Page,212
A00651,Event,13
A00651,Campaign,149
A00651,Product Page,239
A00651,Event,114
A00651,Campaign,77
A00652,Event,56
A00652,Campaign,58
A00652,Campaign,145
A00652,Website,15
A00652,Product Page,163
A00652,Event,99
A00652,Product Page,28
A00653,Website,142
A00653,Campaign,1
A00653,Product Page,117
A00653,Webinar,46
A00653,Event,74
A00653,Webinar,190
A00653,Webinar,210
A00653,Webinar,124
A00653,Product Page,159
A00654,Campaign,58
A00654,Webinar,55
A00654,Webinar,235
A00654,Webinar,182
A00654,Website,204
A00654,Campaign,96
A00654,Webinar,209
A00655,Event,41
A00655,Campaign,39
A00655,Event,113
A00655,Event,72
A00655,Website,31
A00655,Webinar,365
A00655,Event,67
A00656,Campaign,197
A00656,Webinar,164
A00656,Product Page,153
A00656,Webinar,89
A00656,Website,171
A00656,Webinar,23
A00656,Webinar,11
A00656,Webinar,179
A00656,Event,72
A00656,Webinar,186
A00656,Campaign,159
A00656,Webinar,141
A00656,Campaign,247
A00656,Event,179
A00656,Webinar,187
A00656,Product Page,220
A00656,Campaign,28
A00656,Product Page,85
A00656,Campaign,155
A00657,Website,223
A00657,Website,193
A00657,Webinar,218
A00657,Website,190
A00657,Product Page,55
A00657,Website,165
A00657,Webinar,117
A00657,Webinar,73
A00657,Website,1
A00658,Event,31
A00658,Campaign,14
A00658,Campaign,1
A00658,Event,74
A00658,Website,48
A00658,Product Page,29
A00658,Website,36
A00658,Event,101
A00659,Product Page,246
A00659,Campaign,192
A00659,Event,38
A00659,Webinar,165
A00660,Website,126
A00660,Product Page,96
A00660,Event,128
A00660,Product Page,68
A00660,Event,133
A00660,Webinar,171
A00660,Campaign,140
A00660,Product Page,71
A00661,Product Page,142
A00661,Campaign,115
A00661,Webinar,76
A00661,Campaign,169
A00661,Website,1
A00661,Webinar,125
A00661,Event,259
A00661,Webinar,153
A00661,Website,247
A00661,Event,154
A00661,Product Page,113
A00661,Website,120
A00662,Campaign,253
A00662,Webinar,125
A00662,Webinar,106
A00662,Campaign,260
A00662,Event,141
A00662,Webinar,206
A00662,Event,104
A00662,Webinar,213
A00662,Event,158
A00662,Campaign,24
A00662,Webinar,264
A00663,Event,170
A00663,Webinar,134
A00663,Product Page,77
A00663,Event,110
A00663,Event,134
A00663,Event,134
A00663,Website,74
A00663,Website,108
A00663,Website,112
A00663,Webinar,225
A00663,Event,116
A00663,Website,138
A00663,Website,175
A00663,Website,14
A00663,Website,80
A00663,Event,39
A00664,Product Page,151
A00664,Event,245
A00664,Event,69
A00664,Webinar,74
A00664,Campaign,22
A00664,Campaign,216
A00664,Website,142
A00664,Campaign,188
A00664,Website,45
A00664,Campaign,18
A00664,Campaign,170
A00664,Website,167
A00664,Webinar,52
A00664,Product Page,135
A00665,Website,86
A00665,Product Page,54
A00665,Website,1
A00665,Campaign,169
A00665,Campaign,232
A00665,Webinar,53
A00665,Campaign,110
A00666,Campaign,247
A00666,Campaign,197
A00666,Webinar,42
A00666,Webinar,86
A00666,Webinar,130
A00666,Product Page,138
A00666,Campaign,71
A00666,Product Page,191
A00666,Event,116
A00667,Website,28
A00667,Product Page,186
A00667,Website,154
A00667,Event,285
A00667,Product Page,132
A00667,Webinar,215
A00668,Product Page,103
A00668,Event,118
A00668,Website,166
A00668,Product Page,61
A00668,Webinar,12
A00668,Event,63
A00668,Event,91
A00668,Campaign,153
A00668,Website,1
A00668,Website,105
A00668,Website,126
A00668,Campaign,180
A00668,Product Page,79
A00669,Campaign,145
A00669,Event,131
A00669,Product Page,16
A00669,Event,228
A00669,Campaign,69
A00669,Website,196
A00670,Website,125
A00670,Event,117
A00670,Product Page,84
A00670,Product Page,95
A00670,Campaign,179
A00670,Website,28
A00670,Product Page,120
A00670,Product Page,131
A00670,Product Page,192
A00670,Event,119
A00670,Product Page,47
A00671,Webinar,85
A00671,Product Page,71
A00671,Website,1
A00671,Website,64
A00671,Campaign,77
A00671,Event,146
A00671,Webinar,179
A00671,Product Page,125
A00671,Website,131
A00671,Campaign,10
A00671,Product Page,1
A00671,Website,97
A00671,Webinar,98
A00671,Product Page,96
A00671,Campaign,29
A00672,Website,4
A00672,Campaign,56
A00672,Event,131
A00672,Website,154
A00672,Product Page,144
A00672,Webinar,67
A00672,Product Page,108
A00672,Event,194
A00672,Webinar,203
A00673,Product Page,195
A00673,Event,303
A00673,Event,52
A00673,Product Page,144
A00673,Product Page,124
A00673,Product Page,122
A00673,Campaign,161
A00673,Webinar,212
A00673,Webinar,1
A00673,Webinar,71
A00673,Event,93
A00673,Event,82
A00674,Webinar,183
A00674,Product Page,133
A00674,Product Page,139
A00674,Product Page,132
A00674,Website,93
A00674,Campaign,26
A00674,Campaign,32
A00674,Product Page,15
A00674,Webinar,122
A00675,Website,91
A00675,Webinar,95
A00675,Product Page,133
A00675,Product Page,6
A00675,Product Page,147
A00675,Webinar,1
A00675,Campaign,179
A00675,Webinar,85
A00675,Campaign,1
A00675,Product Page,106
A00675,Event,120
A00675,Website,149
A00675,Webinar,164
A00675,Campaign,128
A00676,Webinar,111
A00676,Product Page,19
A00676,Campaign,157
A00676,Product Page,117
A00676,Product Page,118
A00676,Product Page,115
A00676,Campaign,116
A00676,Event,229
A00676,Website,183
A00677,Event,178
A00677,Product Page,173
A00677,Campaign,96
A00677,Website,177
A00677,Event,139
A00677,Event,354
A00677,Website,27
A00677,Campaign,122
A00677,Website,144
A00678,Campaign,223
A00678,Webinar,215
A00678,Product Page,196
A00678,Campaign,221
A00678,Webinar,187
A00679,Event,1
A00679,Product Page,12
A00679,Event,8
A00679,Website,6
A00679,Webinar,22
A00679,Event,52
A00679,Event,9
A00679,Webinar,80
A00679,Event,18
A00679,Product Page,38
A00679,Website,106
A00679,Webinar,93
A00679,Webinar,1
A00680,Webinar,12
A00680,Website,143
A00680,Event,141
A00681,Campaign,129
A00681,Website,153
A00681,Website,234
A00681,Event,28
A00681,Product Page,42
A00681,Website,46
A00681,Campaign,117
A00681,Webinar,114
A00681,Webinar,210
A00682,Product Page,1
A00682,Website,28
A00682,Event,167
A00682,Webinar,63
A00682,Event,1
A00682,Website,117
A00682,Product Page,152
A00682,Product Page,112
A00682,Website,28
A00682,Campaign,154
A00683,Event,94
A00683,Webinar,3
A00683,Event,130
A00683,Webinar,78
A00683,Webinar,212
A00683,Campaign,84
A00683,Website,319
A00683,Website,146
A00683,Webinar,14
A00683,Website,87
A00683,Webinar,65
A00683,Event,99
A00683,Event,127
A00683,Webinar,145
A00683,Product Page,323
A00683,Webinar,182
A00684,Website,62
A00684,Event,28
A00684,Campaign,118
A00684,Webinar,165
A00684,Product Page,71
A00684,Webinar,139
A00684,Event,74
A00684,Website,138
A00685,Campaign,144
A00685,Product Page,1
A00685,Webinar,1
A00685,Website,80
A00685,Webinar,29
A00685,Product Page,151
A00685,Event,27
A00685,Event,194
A00685,Product Page,71
A00685,Product Page,215
A00685,Campaign,13
A00686,Webinar,43
A00686,Webinar,197
A00686,Webinar,158
A00686,Event,77
A00686,Campaign,41
A00686,Campaign,10
A00686,Webinar,91
A00687,Campaign,92
A00687,Campaign,58
A00687,Webinar,29
A00687,Campaign,208
A00687,Campaign,139
A00687,Webinar,32
A00687,Product Page,96
A00687,Event,162
A00687,Product Page,231
A00687,Website,133
A00688,Product Page,76
A00688,Website,158
A00688,Campaign,99
A00688,Product Page,113
A00688,Webinar,129
A00688,Campaign,82
A00688,Website,82
A00689,Product Page,166
A00689,Website,145
A00689,Event,126
A00689,Campaign,55
A00689,Campaign,232
A00689,Webinar,153
A00689,Website,168
A00690,Event,85
A00690,Campaign,32
A00690,Product Page,56
A00690,Campaign,137
A00690,Campaign,221
A00691,Product Page,112
A00691,Product Page,221
A00691,Webinar,188
A00691,Webinar,206
A00691,Campaign,42
A00691,Webinar,104
A00691,Product Page,200
A00691,Webinar,236
A00692,Product Page,152
A00692,Website,184
A00692,Webinar,1
A00692,Campaign,1
A00692,Event,91
A00692,Website,100
A00692,Website,1
A00692,Event,84
A00692,Website,120
A00692,Product Page,24
A00692,Campaign,15
A00692,Webinar,187
A00692,Product Page,99
A00692,Product Page,187
A00693,Campaign,126
A00693,Webinar,106
A00693,Webinar,119
A00693,Website,32
A00693,Webinar,143
A00693,Campaign,10
A00693,Event,102
A00693,Webinar,1
A00693,Event,37
A00693,Event,19
A00693,Webinar,52
A00693,Website,76
A00693,Product Page,180
A00694,Webinar,82
A00694,Campaign,83
A00694,Event,8
A00694,Event,156
A00694,Website,1
A00694,Event,73
A00694,Product Page,115
A00694,Event,205
A00694,Website,59
A00694,Campaign,220
A00694,Product Page,172
A00695,Product Page,159
A00695,Event,87
A00695,Website,161
A00695,Website,189
A00695,Event,79
A00695,Product Page,135
A00695,Event,170
A00695,Product Page,112
A00695,Product Page,212
A00696,Campaign,109
A00696,Campaign,325
A00696,Webinar,105
A00696,Product Page,182
A00697,Campaign,98
A00697,Campaign,51
A00697,Website,1
A00697,Campaign,143
A00697,Event,30
A00697,Event,129
A00697,Event,1
A00697,Event,3
A00697,Product Page,207
A00698,Event,179
A00698,Campaign,233
A00698,Webinar,58
A00698,Product Page,93
A00698,Webinar,112
A00698,Event,124
A00698,Product Page,219
A00699,Product Page,177
A00699,Campaign,151
A00699,Campaign,106
A00699,Event,167
A00699,Event,177
A00699,Event,108
A00699,Website,246
A00699,Event,105
A00699,Webinar,205
A00699,Website,64
A00699,Website,163
A00700,Product Page,265
A00700,Webinar,160
A00700,Product Page,349
A00700,Campaign,69
A00700,Product Page,111
A00700,Product Page,148
A00700,Webinar,122
A00701,Campaign,133
A00701,Website,67
A00701,Website,1
A00701,Webinar,22
A00701,Product Page,111
A00701,Product Page,107
A00701,Webinar,16
A00701,Campaign,108
A00701,Event,113
A00701,Event,142
A00702,Website,43
A00702,Campaign,10
A00702,Webinar,52
A00702,Product Page,28
A00702,Campaign,122
A00702,Product Page,106
A00702,Product Page,48
A00703,Website,1
A00703,Campaign,45
A00703,Event,60
A00703,Webinar,99
A00703,Event,80
A00703,Campaign,23
A00703,Campaign,125
A00703,Website,98
A00703,Campaign,97
A00703,Campaign,9
A00703,Product Page,194
A00703,Webinar,122
A00703,Website,190
A00703,Event,132
A00703,Webinar,92
A00704,Campaign,99
A00704,Webinar,265
A00704,Product Page,1
A00704,Product Page,62
A00704,Website,161
A00704,Website,93
A00704,Webinar,44
A00705,Website,233
A00705,Website,65
A00705,Webinar,43
A00705,Event,164
A00705,Webinar,124
A00705,Event,89
A00706,Website,35
A00706,Product Page,114
A00706,Event,35
A00706,Event,84
A00706,Event,207
A00706,Campaign,172
A00706,Product Page,139
A00706,Event,70
A00706,Website,90
A00706,Campaign,170
A00706,Product Page,149
A00707,Website,190
A00707,Website,177
A00707,Webinar,157
A00707,Event,120
A00707,Event,138
A00707,Website,151
A00707,Product Page,145
A00707,Website,143
A00707,Product Page,272
A00707,Product Page,26
A00707,Event,48
A00708,Campaign,136
A00708,Webinar,105
A00709,Campaign,159
A00709,Campaign,191
A00709,Product Page,75
A00710,Website,325
A00710,Campaign,112
A00710,Event,71
A00711,Event,29
A00711,Campaign,108
A00711,Campaign,208
A00711,Campaign,144
A00711,Product Page,234
A00711,Webinar,95
A00712,Product Page,1
A00712,Product Page,124
A00712,Campaign,150
A00712,Campaign,129
A00712,Event,125
A00712,Product Page,125
A00712,Webinar,157
A00712,Campaign,84
A00712,Campaign,157
A00712,Campaign,61
A00712,Product Page,72
A00712,Event,90
A00713,Campaign,54
A00713,Website,103
A00713,Website,77
A00713,Webinar,158
A00713,Website,214
A00713,Product Page,168
A00713,Event,1
A00713,Website,180
A00713,Campaign,92
A00713,Webinar,159
A00713,Product Page,138
A00714,Event,109
A00714,Product Page,26
A00714,Event,12
A00714,Product Page,165
A00714,Product Page,132
A00714,Campaign,34
A00714,Website,218
A00714,Campaign,83
A00714,Website,109
A00714,Event,74
A00714,Product Page,92
A00714,Website,99
A00715,Product Page,1
A00715,Campaign,229
A00715,Campaign,26
A00715,Event,60
A00715,Event,40
A00715,Event,145
A00715,Product Page,70
A00715,Campaign,1
A00715,Event,64
A00715,Campaign,43
A00716,Webinar,68
A00716,Campaign,30
A00716,Webinar,252
A00716,Webinar,97
A00716,Campaign,143
A00716,Webinar,138
A00716,Website,244
A00716,Event,114
A00717,Webinar,35
A00717,Website,1
A00717,Webinar,40
A00717,Product Page,57
A00717,Event,115
A00717,Event,1
A00717,Webinar,48
A00717,Campaign,1
A00717,Webinar,109
A00718,Campaign,238
A00718,Website,353
A00718,Website,138
A00718,Website,230
A00719,Website,72
A00719,Webinar,54
A00719,Campaign,1
A00719,Website,114
A00719,Campaign,155
A00719,Website,216
A00720,Webinar,181
A00720,Webinar,117
A00720,Event,114
A00720,Campaign,140
A00720,Event,106
A00720,Event,207
A00720,Event,220
A00720,Website,146
A00721,Product Page,171
A00721,Website,158
A00721,Product Page,96
A00721,Website,147
A00721,Website,223
A00722,Webinar,178
A00722,Product Page,122
A00722,Website,47
A00722,Product Page,222
A00722,Webinar,114
A00722,Event,1
A00722,Website,90
A00722,Event,77
A00722,Event,113
A00723,Webinar,121
A00723,Campaign,115
A00723,Event,124
A00723,Product Page,229
A00723,Product Page,53
A00723,Website,120
A00723,Website,130
A00723,Product Page,29
A00723,Website,274
A00724,Webinar,216
A00724,Campaign,135
A00724,Website,251
A00724,Website,248
A00724,Campaign,134
A00724,Website,175
A00725,Campaign,88
A00725,Event,251
A00725,Event,185
A00725,Website,178
A00725,Webinar,180
A00725,Website,223
A00725,Webinar,187
A00726,Product Page,156
A00726,Product Page,105
A00726,Product Page,183
A00726,Event,40
A00726,Product Page,106
A00726,Website,140
A00726,Website,190
A00727,Event,197
A00727,Product Page,106
A00727,Product Page,41
A00727,Event,99
A00728,Product Page,58
A00728,Website,252
A00728,Product Page,321
A00728,Event,49
A00728,Webinar,175
A00728,Website,45
A00728,Campaign,1
A00729,Campaign,119
A00729,Webinar,28
A00729,Product Page,223
A00729,Webinar,193
A00729,Webinar,169
A00729,Product Page,251
A00729,Event,109
A00729,Product Page,158
A00729,Product Page,48
A00730,Product Page,125
A00730,Campaign,100
A00730,Event,170
A00730,Webinar,150
A00730,Webinar,207
A00730,Product Page,180
A00731,Website,1
A00731,Webinar,132
A00731,Campaign,1
A00731,Website,92
A00731,Event,141
A00731,Website,17
A00731,Campaign,147
A00732,Webinar,7
A00732,Event,122
A00732,Webinar,192
A00732,Product Page,228
A00732,Website,181
A00732,Product Page,185
A00732,Product Page,114
A00732,Webinar,171
A00732,Event,290
A00732,Product Page,133
A00732,Campaign,135
A00732,Campaign,66
A00732,Event,245
A00732,Website,19
A00733,Event,8
A00733,Event,191
A00733,Event,165
A00733,Product Page,17
A00733,Website,267
A00733,Event,157
A00733,Campaign,206
A00733,Webinar,134
A00733,Campaign,100
A00733,Webinar,185
A00733,Website,138
A00733,Campaign,111
A00733,Product Page,104
A00734,Webinar,153
A00734,Product Page,66
A00734,Website,69
A00734,Campaign,37
A00734,Product Page,93
A00734,Event,136
A00735,Product Page,125
A00735,Campaign,14
A00735,Campaign,167
A00735,Webinar,97
A00735,Campaign,24
A00735,Campaign,83
A00735,Campaign,219
A00736,Website,135
A00736,Event,163
A00736,Event,143
A00736,Campaign,133
A00736,Campaign,50
A00736,Product Page,82
A00736,Webinar,218
A00736,Website,27
A00737,Webinar,112
A00737,Website,94
A00737,Event,87
A00737,Product Page,78
A00737,Campaign,137
A00737,Event,1
A00737,Webinar,48
A00737,Webinar,24
A00737,Website,72
A00738,Website,71
A00738,Campaign,44
A00738,Product Page,240
A00738,Website,100
A00738,Webinar,228
A00738,Website,121
A00739,Product Page,165
A00739,Website,115
A00739,Webinar,61
A00740,Website,1
A00740,Product Page,1
A00740,Website,8
A00740,Event,135
A00740,Website,104
A00740,Webinar,1
A00740,Campaign,54
A00740,Event,31
A00740,Event,81
A00740,Product Page,107
A00740,Webinar,53
A00740,Product Page,54
A00740,Campaign,54
A00741,Campaign,90
A00741,Event,103
A00741,Campaign,78
A00741,Campaign,200
A00741,Event,1
A00741,Website,98
A00741,Event,1
A00742,Event,72
A00742,Webinar,186
A00742,Product Page,129
A00743,Campaign,253
A00743,Campaign,166
A00743,Website,209
A00743,Event,217
A00743,Website,78
A00743,Website,48
A00743,Campaign,114
A00743,Campaign,1
A00743,Event,260
A00743,Product Page,117
A00743,Webinar,183
A00744,Product Page,187
A00744,Campaign,246
A00744,Event,76
A00744,Campaign,49
A00744,Webinar,109
A00744,Product Page,123
A00744,Website,194
A00744,Webinar,99
A00744,Webinar,117
A00744,Website,173
A00744,Website,170
A00744,Event,57
A00744,Webinar,122
A00744,Webinar,15
A00744,Event,100
A00744,Website,38
A00745,Webinar,77
A00745,Webinar,19
A00745,Webinar,1
A00745,Webinar,113
A00745,Webinar,114
A00745,Webinar,151
A00745,Website,99
A00745,Product Page,32
A00746,Website,90
A00746,Campaign,100
A00746,Event,136
A00747,Webinar,185
A00747,Product Page,78
A00747,Event,213
A00747,Campaign,136
A00747,Campaign,184
A00747,Webinar,222
A00747,Webinar,152
A00747,Website,56
A00747,Campaign,74
A00748,Campaign,213
A00748,Campaign,137
A00748,Event,26
A00748,Event,39
A00748,Campaign,4
A00749,Campaign,143
A00749,Website,145
A00749,Event,215
A00749,Website,79
A00749,Product Page,160
A00749,Webinar,48
A00749,Product Page,133
A00749,Website,231
A00749,Website,47
A00749,Webinar,60
A00749,Product Page,224
A00749,Event,217
A00749,Campaign,160
A00749,Webinar,198
A00750,Campaign,72
A00750,Website,92
A00750,Campaign,1
A00750,Website,108
A00750,Product Page,1
A00750,Website,204
A00750,Campaign,154
A00750,Webinar,15
A00750,Website,63
A00750,Website,279
A00750,Event,156
A00750,Event,210
A00751,Campaign,137
A00751,Event,165
A00751,Website,192
A00751,Event,63
A00751,Event,129
A00751,Webinar,124
A00751,Website,243
A00751,Event,128
A00752,Webinar,88
A00752,Campaign,160
A00752,Campaign,60
A00752,Event,35
A00752,Event,115
A00752,Campaign,230
A00752,Webinar,123
A00752,Event,55
A00752,Event,242
A00752,Event,248
A00752,Event,1
A00752,Website,20
A00753,Campaign,141
A00753,Campaign,75
A00753,Webinar,74
A00753,Webinar,55
A00753,Webinar,32
A00753,Event,91
A00753,Event,84
A00753,Campaign,1
A00753,Campaign,124
A00753,Product Page,128
A00753,Webinar,181
A00753,Event,10
A00754,Campaign,238
A00754,Website,1
A00754,Event,171
A00754,Website,83
A00754,Website,41
A00754,Webinar,222
A00755,Event,120
A00755,Product Page,164
A00755,Campaign,140
A00755,Campaign,43
A00755,Event,159
A00755,Campaign,3
A00755,Product Page,1
A00755,Website,1
A00755,Event,156
A00755,Webinar,114
A00755,Website,189
A00755,Event,172
A00756,Website,1
A00756,Website,1
A00756,Event,81
A00756,Event,1
A00756,Webinar,150
A00756,Webinar,1
A00756,Webinar,6
A00756,Campaign,170
A00756,Webinar,81
A00756,Campaign,187
A00756,Event,237
A00756,Webinar,171
A00756,Event,113
A00756,Product Page,144
A00756,Product Page,60
A00757,Event,148
A00757,Website,107
A00757,Product Page,157
A00757,Product Page,201
A00758,Campaign,208
A00758,Website,42
A00758,Website,151
A00758,Webinar,190
A00758,Campaign,117
A00758,Event,26
A00758,Webinar,86
A00758,Webinar,295
A00758,Event,78
A00758,Webinar,1
A00758,Webinar,223
A00758,Campaign,142
A00759,Event,162
A00759,Campaign,1
A00759,Campaign,30
A00759,Product Page,77
A00759,Webinar,113
A00759,Event,152
A00759,Campaign,146
A00759,Campaign,194
A00759,Webinar,188
A00759,Campaign,1
A00759,Campaign,224
A00759,Event,65
A00760,Website,265
A00760,Website,173
A00760,Campaign,137
A00760,Website,135
A00760,Campaign,149
A00761,Campaign,56
A00761,Webinar,1
A00761,Webinar,149
A00761,Campaign,1
A00761,Website,107
A00761,Campaign,26
A00761,Product Page,130
A00762,Event,229
A00762,Product Page,132
A00762,Campaign,127
A00762,Event,156
A00762,Webinar,89
A00762,Webinar,121
A00762,Website,143
A00763,Website,61
A00763,Webinar,10
A00763,Website,167
A00763,Product Page,137
A00763,Website,94
A00763,Event,32
A00763,Webinar,106
A00763,Event,60
A00763,Product Page,174
A00763,Webinar,218
A00763,Product Page,12
A00763,Event,136
A00763,Campaign,60
A00764,Product Page,162
A00764,Product Page,1
A00764,Campaign,96
A00764,Webinar,257
A00765,Website,113
A00765,Event,122
A00765,Campaign,1
A00765,Product Page,157
A00765,Product Page,226
A00765,Event,22
A00765,Campaign,18
A00765,Product Page,140
A00765,Product Page,187
A00765,Website,102
A00765,Product Page,45
A00765,Product Page,49
A00765,Webinar,14
A00766,Event,155
A00766,Campaign,72
A00766,Website,63
A00766,Campaign,167
A00766,Product Page,8
A00766,Campaign,84
A00767,Product Page,96
A00767,Webinar,172
A00767,Event,95
A00767,Campaign,149
A00767,Webinar,214
A00767,Webinar,97
A00767,Campaign,179
A00767,Webinar,31
A00768,Campaign,104
A00768,Event,164
A00768,Product Page,131
A00768,Webinar,193
A00768,Product Page,73
A00768,Campaign,77
A00769,Event,35
A00769,Website,233
A00769,Website,191
A00769,Campaign,120
A00770,Website,144
A00770,Campaign,108
A00770,Website,149
A00770,Website,128
A00770,Webinar,111
A00770,Website,76
A00770,Webinar,199
A00770,Webinar,216
A00770,Product Page,29
A00771,Webinar,39
A00771,Website,157
A00771,Webinar,261
A00771,Event,178
A00771,Website,259
A00772,Product Page,59
A00772,Webinar,71
A00772,Webinar,54
A00772,Webinar,108
A00773,Event,113
A00773,Event,99
A00773,Product Page,163
A00773,Product Page,39
A00773,Campaign,104
A00773,Product Page,21
A00773,Website,47
A00773,Campaign,73
A00773,Website,34
A00773,Campaign,91
A00773,Webinar,1
A00773,Website,1
A00773,Website,3
A00773,Webinar,73
A00773,Product Page,188
A00773,Event,150
A00774,Website,171
A00774,Website,172
A00774,Product Page,205
A00774,Event,96
A00774,Event,230
A00774,Website,31
A00774,Event,1
A00774,Event,133
A00775,Webinar,126
A00775,Event,1
A00775,Website,116
A00775,Campaign,118
A00775,Webinar,1
A00775,Product Page,137
A00775,Webinar,212
A00775,Event,48
A00775,Campaign,144
A00775,Product Page,140
A00775,Product Page,93
A00775,Website,181
A00775,Campaign,143
A00776,Webinar,145
A00776,Website,130
A00776,Campaign,190
A00776,Product Page,184
A00776,Website,153
A00776,Webinar,155
A00776,Product Page,55
A00776,Campaign,76
A00776,Webinar,95
A00776,Campaign,172
A00776,Event,243
A00776,Event,74
A00776,Webinar,14
A00776,Website,56
A00777,Website,152
A00777,Webinar,54
A00777,Event,185
A00777,Product Page,96
A00777,Campaign,155
A00777,Website,93
A00778,Webinar,180
A00778,Product Page,123
A00778,Event,146
A00778,Campaign,211
A00778,Webinar,154
A00778,Event,145
A00778,Product Page,138
A00778,Webinar,142
A00778,Webinar,73
A00779,Product Page,65
A00779,Campaign,149
A00779,Webinar,16
A00779,Webinar,64
A00779,Website,43
A00779,Campaign,1
A00779,Campaign,55
A00779,Event,31
A00779,Campaign,1
A00779,Website,100
A00779,Product Page,46
A00779,Product Page,72
A00779,Website,60
A00780,Website,234
A00781,Event,131
A00781,Event,107
A00781,Webinar,84
A00781,Campaign,56
A00781,Webinar,81
A00782,Event,127
A00782,Webinar,112
A00782,Website,1
A00782,Event,85
A00782,Campaign,69
A00782,Website,79
A00782,Product Page,52
A00782,Product Page,1
A00782,Campaign,69
A00782,Event,88
A00782,Product Page,182
A00782,Product Page,132
A00783,Campaign,56
A00783,Campaign,178
A00783,Website,135
A00783,Webinar,33
A00783,Event,81
A00783,Webinar,184
A00783,Event,187
A00783,Website,203
A00783,Website,66
A00783,Website,118
A00783,Website,160
A00784,Website,128
A00784,Webinar,96
A00784,Webinar,86
A00784,Event,138
A00784,Event,147
A00784,Product Page,182
A00784,Product Page,97
A00785,Event,137
A00785,Campaign,161
A00785,Webinar,53
A00785,Campaign,125
A00785,Product Page,89
A00785,Campaign,134
A00785,Campaign,87
A00785,Website,68
A00785,Webinar,7
A00785,Product Page,107
A00785,Event,1
A00785,Product Page,141
A00786,Campaign,70
A00786,Webinar,5
A00786,Event,204
A00786,Campaign,1
A00786,Webinar,89
A00786,Webinar,233
A00787,Campaign,103
A00787,Webinar,1
A00787,Webinar,1
A00787,Campaign,128
A00787,Website,54
A00787,Campaign,114
A00787,Webinar,110
A00787,Webinar,110
A00787,Product Page,64
A00787,Webinar,74
A00787,Event,95
A00787,Event,22
A00787,Webinar,140
A00787,Campaign,16
A00787,Campaign,1
A00787,Event,72
A00787,Website,61
A00787,Event,94
A00787,Campaign,68
A00788,Website,140
A00789,Website,116
A00789,Website,104
A00789,Product Page,183
A00789,Event,146
A00789,Product Page,139
A00789,Campaign,1
A00789,Campaign,79
A00789,Campaign,212
A00790,Product Page,149
A00790,Campaign,149
A00790,Product Page,177
A00790,Product Page,173
A00790,Event,135
A00790,Event,43
A00790,Webinar,166
A00790,Website,182
A00790,Campaign,151
A00791,Product Page,150
A00791,Campaign,96
A00791,Website,132
A00791,Campaign,36
A00791,Campaign,89
A00792,Campaign,172
A00792,Event,107
A00792,Webinar,212
A00792,Website,1
A00792,Website,97
A00792,Webinar,217
A00792,Webinar,226
A00792,Product Page,143
A00793,Website,123
A00793,Website,24
A00793,Website,81
A00793,Website,196
A00793,Website,58
A00793,Webinar,34
A00793,Website,129
A00793,Campaign,176
A00794,Product Page,247
A00794,Event,176
A00794,Event,193
A00794,Webinar,172
A00795,Website,85
A00795,Website,217
A00795,Campaign,99
A00795,Webinar,275
A00795,Event,146
A00795,Product Page,322
A00795,Campaign,187
A00795,Campaign,123
A00795,Event,142
A00795,Product Page,167
A00796,Product Page,122
A00796,Webinar,147
A00796,Website,90
A00796,Campaign,119
A00796,Product Page,220
A00796,Webinar,220
A00796,Website,252
A00796,Campaign,245
A00796,Campaign,158
A00796,Webinar,290
A00796,Campaign,239
A00796,Website,119
A00796,Webinar,56
A00797,Product Page,141
A00797,Webinar,40
A00797,Campaign,1
A00797,Product Page,1
A00797,Product Page,69
A00797,Campaign,58
A00797,Website,160
A00798,Product Page,109
A00798,Event,84
A00798,Website,130
A00798,Campaign,87
A00798,Website,123
A00798,Event,170
A00798,Event,178
A00798,Website,107
A00799,Webinar,26
A00799,Campaign,23
A00799,Website,117
A00799,Webinar,130
A00799,Website,279
A00799,Product Page,185
A00799,Website,95
A00799,Website,78
A00799,Campaign,51
A00799,Product Page,137
A00799,Webinar,51
A00800,Campaign,217
A00800,Campaign,79
A00800,Event,295
A00800,Webinar,296
A00800,Website,95
A00800,Product Page,133
A00800,Webinar,159
A00801,Website,1
A00801,Website,56
A00801,Webinar,1
A00801,Product Page,95
A00801,Webinar,21
A00801,Product Page,50
A00801,Campaign,153
A00801,Webinar,144
A00801,Product Page,145
A00801,Website,100
A00801,Event,107
A00802,Webinar,1
A00802,Webinar,1
A00802,Campaign,1
A00802,Event,171
A00802,Event,1
A00802,Event,188
A00802,Event,62
A00803,Campaign,109
A00803,Website,150
A00803,Campaign,1
A00803,Event,79
A00803,Website,14
A00803,Webinar,216
A00804,Campaign,227
A00804,Campaign,87
A00804,Event,83
A00804,Product Page,1
A00804,Product Page,97
A00804,Campaign,230
A00804,Website,205
A00804,Campaign,127
A00804,Website,180
A00804,Webinar,174
A00804,Product Page,130
A00804,Event,143
A00804,Campaign,135
A00804,Webinar,79
A00804,Event,29
A00805,Webinar,191
A00805,Product Page,10
A00805,Product Page,1
A00805,Event,220
A00805,Webinar,21
A00805,Product Page,272
A00805,Webinar,133
A00805,Campaign,1
A00805,Website,151
A00805,Product Page,7
A00805,Website,197
A00805,Event,58
A00806,Website,182
A00806,Website,106
A00806,Product Page,110
A00806,Campaign,1
A00806,Webinar,149
A00806,Product Page,112
A00806,Product Page,23
A00806,Website,14
A00807,Event,148
A00807,Event,126
A00807,Product Page,1
A00807,Event,6
A00807,Website,134
A00807,Webinar,89
A00807,Webinar,135
A00808,Event,74
A00808,Webinar,224
A00808,Product Page,57
A00808,Campaign,120
A00808,Website,122
A00808,Website,141
A00808,Event,127
A00808,Webinar,150
A00809,Website,114
A00809,Event,50
A00809,Campaign,131
A00809,Website,223
A00809,Website,1
A00809,Event,160
A00809,Webinar,1
A00809,Event,146
A00810,Product Page,72
A00810,Website,139
A00810,Event,31
A00810,Website,120
A00810,Campaign,202
A00810,Event,79
A00810,Product Page,135
A00810,Event,165
A00810,Product Page,4
A00810,Product Page,177
A00810,Event,21
A00810,Website,147
A00810,Webinar,169
A00810,Campaign,138
A00810,Product Page,188
A00810,Webinar,117
A00810,Webinar,132
A00810,Product Page,215
A00810,Website,9
A00811,Event,19
A00811,Event,92
A00811,Event,141
A00811,Event,107
A00811,Campaign,1
A00811,Product Page,102
A00811,Product Page,59
A00811,Campaign,161
A00811,Website,1
A00811,Website,28
A00811,Website,23
A00811,Event,141
A00812,Campaign,104
A00812,Website,78
A00812,Website,159
A00812,Event,93
A00812,Webinar,1
A00812,Event,53
A00812,Website,15
A00812,Product Page,53
A00812,Campaign,143
A00812,Webinar,84
A00812,Product Page,63
A00812,Product Page,113
A00812,Campaign,74
A00812,Website,190
A00812,Product Page,240
A00812,Website,100
A00812,Webinar,75
A00812,Event,193
A00812,Webinar,95
A00812,Event,91
A00813,Website,166
A00813,Event,94
A00813,Product Page,204
A00813,Website,147
A00813,Product Page,169
A00813,Webinar,78
A00813,Website,92
A00813,Product Page,204
A00813,Webinar,123
A00814,Website,147
A00814,Product Page,122
A00814,Website,262
A00814,Campaign,194
A00814,Product Page,182
A00814,Campaign,26
A00814,Product Page,114
A00814,Webinar,103
A00814,Webinar,137
A00814,Website,77
A00814,Website,62
A00814,Campaign,36
A00814,Website,61
A00815,Campaign,1
A00815,Product Page,142
A00815,Website,142
A00815,Campaign,200
A00815,Product Page,35
A00816,Product Page,100
A00816,Campaign,71
A00816,Event,146
A00816,Website,148
A00816,Event,237
A00816,Event,136
A00816,Website,149
A00816,Product Page,157
A00817,Webinar,104
A00817,Website,158
A00817,Product Page,155
A00817,Product Page,68
A00817,Website,135
A00817,Product Page,127
A00817,Webinar,131
A00817,Product Page,121
A00817,Campaign,163
A00817,Campaign,111
A00817,Product Page,130
A00818,Webinar,98
A00818,Webinar,156
A00818,Event,165
A00818,Product Page,118
A00818,Product Page,312
A00818,Website,73
A00818,Webinar,158
A00818,Website,175
A00818,Campaign,166
A00818,Product Page,40
A00819,Product Page,130
A00819,Webinar,43
A00819,Website,44
A00819,Webinar,102
A00819,Product Page,135
A00820,Website,141
A00820,Campaign,233
A00820,Webinar,193
A00820,Event,162
A00820,Event,1
A00820,Campaign,116
A00820,Event,104
A00821,Product Page,179
A00821,Campaign,75
A00821,Event,212
A00821,Webinar,96
A00821,Campaign,188
A00822,Webinar,121
A00822,Campaign,262
A00823,Campaign,199
A00823,Event,131
A00823,Website,126
A00824,Campaign,126
A00824,Product Page,155
A00824,Campaign,100
A00824,Website,146
A00824,Website,133
A00824,Product Page,167
A00824,Event,185
A00824,Webinar,201
A00824,Webinar,61
A00824,Event,221
A00824,Website,70
A00825,Product Page,91
A00825,Product Page,170
A00825,Webinar,200
A00825,Webinar,136
A00825,Website,69
A00825,Event,139
A00825,Campaign,89
A00825,Event,186
A00825,Event,173
A00825,Product Page,197
A00826,Product Page,219
A00826,Webinar,261
A00826,Webinar,146
A00826,Event,156
A00826,Event,208
A00826,Website,189
A00826,Webinar,258
A00827,Website,109
A00827,Webinar,49
A00827,Webinar,78
A00827,Website,106
A00827,Event,171
A00827,Website,110
A00827,Product Page,153
A00827,Campaign,129
A00828,Website,193
A00828,Event,195
A00828,Product Page,92
A00828,Event,87
A00828,Product Page,277
A00828,Campaign,170
A00829,Product Page,153
A00829,Event,123
A00829,Website,142
A00829,Event,64
A00830,Webinar,35
A00830,Website,68
A00830,Product Page,201
A00830,Webinar,169
A00830,Campaign,181
A00830,Website,155
A00830,Webinar,186
A00830,Product Page,148
A00830,Webinar,44
A00830,Campaign,95
A00830,Product Page,22
A00830,Event,145
A00830,Webinar,105
A00830,Website,129
A00830,Website,207
A00830,Website,129
A00830,Event,90
A00830,Campaign,135
A00831,Website,124
A00831,Website,1
A00831,Campaign,47
A00831,Product Page,1
A00831,Website,84
A00831,Event,165
A00831,Campaign,83
A00831,Event,39
A00831,Event,142
A00831,Event,92
A00831,Webinar,69
A00832,Website,125
A00832,Event,161
A00832,Event,169
A00832,Webinar,134
A00832,Webinar,120
A00832,Event,93
A00832,Webinar,40
A00832,Webinar,142
A00833,Website,122
A00833,Webinar,121
A00833,Webinar,263
A00833,Webinar,1
A00833,Webinar,7
A00833,Website,86
A00833,Event,165
A00833,Website,86
A00833,Product Page,1
A00833,Event,115
A00833,Event,55
A00833,Campaign,143
A00833,Campaign,140
A00833,Website,20
A00833,Campaign,9
A00834,Event,228
A00834,Webinar,1
A00834,Event,112
A00834,Campaign,145
A00834,Webinar,247
A00834,Event,36
A00835,Product Page,105
A00835,Website,36
A00835,Website,283
A00835,Webinar,102
A00835,Campaign,114
A00835,Campaign,87
A00835,Webinar,4
A00835,Event,101
A00835,Campaign,79
A00835,Product Page,1
A00835,Campaign,95
A00835,Website,147
A00835,Webinar,52
A00835,Campaign,123
A00835,Event,162
A00835,Campaign,61
A00835,Campaign,104
A00836,Event,87
A00836,Webinar,87
A00836,Event,119
A00836,Webinar,214
A00836,Webinar,155
A00836,Webinar,149
A00836,Event,205
A00836,Product Page,111
A00837,Website,41
A00837,Website,1
A00837,Event,157
A00837,Campaign,121
A00837,Website,179
A00837,Website,125
A00837,Webinar,232
A00837,Webinar,81
A00837,Event,50
A00837,Website,219
A00838,Webinar,46
A00838,Webinar,1
A00838,Webinar,80
A00838,Website,71
A00838,Campaign,127
A00838,Product Page,66
A00838,Campaign,116
A00838,Website,72
A00839,Website,166
A00839,Webinar,61
A00839,Campaign,164
A00839,Event,185
A00839,Product Page,135
A00839,Event,365
A00839,Webinar,140
A00839,Event,50
A00839,Product Page,54
A00839,Webinar,151
A00839,Website,122
A00839,Website,238
A00840,Event,1
A00840,Product Page,22
A00840,Webinar,1
A00840,Campaign,97
A00840,Campaign,41
A00840,Website,115
A00840,Event,250
A00840,Campaign,67
A00840,Website,39
A00840,Webinar,211
A00840,Product Page,77
A00840,Event,304
A00840,Product Page,164
A00841,Product Page,25
A00841,Webinar,133
A00841,Website,50
A00841,Website,161
A00841,Campaign,40
A00841,Campaign,55
A00841,Webinar,38
A00841,Event,153
A00842,Website,1
A00842,Website,145
A00842,Event,64
A00842,Campaign,38
A00842,Webinar,1
A00842,Website,3
A00842,Product Page,1
A00842,Campaign,23
A00842,Event,48
A00842,Product Page,1
A00842,Product Page,18
A00842,Event,98
A00842,Webinar,84
A00843,Campaign,329
A00843,Webinar,168
A00843,Product Page,159
A00843,Event,26
A00843,Webinar,109
A00843,Website,83
A00843,Website,207
A00843,Website,54
A00843,Product Page,105
A00843,Event,234
A00843,Website,284
A00843,Campaign,62
A00843,Campaign,103
A00843,Product Page,105
A00844,Event,159
A00844,Campaign,218
A00844,Product Page,269
A00844,Event,115
A00844,Campaign,211
A00845,Website,66
A00845,Website,102
A00845,Product Page,141
A00845,Product Page,189
A00845,Webinar,89
A00845,Campaign,96
A00845,Campaign,269
A00846,Website,158
A00846,Webinar,171
A00846,Webinar,99
A00846,Webinar,49
A00846,Event,81
A00846,Webinar,108
A00846,Webinar,216
A00846,Website,48
A00846,Event,110
A00847,Website,64
A00847,Event,201
A00847,Website,194
A00847,Campaign,224
A00847,Website,192
A00847,Campaign,221
A00847,Webinar,265
A00847,Product Page,159
A00847,Website,50
A00847,Webinar,239
A00847,Website,153
A00847,Product Page,19
A00847,Campaign,1
A00848,Campaign,59
A00848,Webinar,93
A00848,Webinar,110
A00848,Webinar,200
A00848,Webinar,1
A00848,Webinar,123
A00848,Webinar,59
A00848,Product Page,150
A00848,Product Page,212
A00848,Product Page,94
A00848,Campaign,115
A00849,Website,145
A00849,Event,98
A00849,Website,50
A00849,Event,151
A00849,Event,187
A00849,Campaign,35
A00849,Event,52
A00849,Event,53
A00849,Webinar,119
A00849,Product Page,53
A00849,Webinar,182
A00850,Website,1
A00850,Campaign,228
A00850,Event,132
A00850,Event,213
A00850,Campaign,167
A00850,Webinar,88
A00850,Webinar,126
A00851,Website,115
A00851,Product Page,167
A00851,Product Page,102
A00851,Event,183
A00851,Product Page,67
A00851,Website,83
A00851,Product Page,104
A00851,Webinar,1
A00851,Webinar,208
A00851,Campaign,94
A00851,Product Page,67
A00851,Product Page,227
A00851,Product Page,19
A00851,Event,60
A00852,Website,113
A00852,Webinar,43
A00852,Event,1
A00852,Event,149
A00852,Product Page,1
A00852,Product Page,99
A00852,Webinar,154
A00852,Website,106
A00853,Product Page,45
A00853,Event,137
A00853,Event,95
A00853,Campaign,73
A00853,Website,68
A00854,Campaign,97
A00854,Website,122
A00854,Campaign,1
A00854,Campaign,208
A00854,Product Page,122
A00854,Event,91
A00855,Campaign,156
A00855,Campaign,50
A00855,Product Page,110
A00855,Product Page,80
A00855,Product Page,125
A00855,Event,42
A00855,Event,68
A00855,Product Page,106
A00855,Campaign,252
A00855,Website,92
A00855,Webinar,1
A00855,Event,122
A00856,Campaign,110
A00856,Website,135
A00856,Event,193
A00856,Campaign,209
A00856,Campaign,173
A00856,Webinar,179
A00856,Website,113
A00856,Website,79
A00857,Event,140
A00857,Webinar,139
A00857,Product Page,93
A00857,Website,85
A00857,Product Page,100
A00857,Website,60
A00857,Event,155
A00857,Event,185
A00857,Event,180
A00857,Webinar,180
A00857,Event,206
A00857,Campaign,175
A00858,Website,41
A00858,Campaign,79
A00858,Product Page,113
A00858,Website,1
A00858,Webinar,21
A00858,Event,116
A00858,Website,1
A00858,Website,142
A00858,Campaign,6
A00858,Webinar,1
A00858,Event,41
A00858,Product Page,67
A00858,Product Page,1
A00858,Website,38
A00858,Product Page,97
A00858,Product Page,49
A00859,Campaign,138
A00859,Product Page,108
A00859,Event,111
A00859,Product Page,88
A00859,Campaign,151
A00859,Website,202
A00859,Webinar,82
A00859,Webinar,70
A00859,Website,154
A00860,Website,1
A00860,Product Page,44
A00860,Campaign,136
A00860,Website,72
A00860,Webinar,31
A00860,Event,77
A00860,Website,111
A00860,Event,102
A00860,Website,212
A00861,Product Page,133
A00861,Website,53
A00861,Website,1
A00861,Campaign,1
A00861,Product Page,81
A00861,Campaign,127
A00861,Webinar,108
A00861,Campaign,46
A00861,Product Page,1
A00861,Webinar,68
A00861,Website,31
A00861,Website,96
A00861,Product Page,1
A00861,Webinar,65
A00861,Webinar,28
A00861,Website,94
A00862,Campaign,105
A00862,Website,1
A00862,Event,96
A00862,Webinar,106
A00862,Product Page,26
A00862,Product Page,2
A00863,Webinar,45
A00863,Webinar,111
A00863,Webinar,128
A00863,Campaign,54
A00863,Website,95
A00863,Website,1
A00864,Campaign,142
A00864,Product Page,77
A00864,Campaign,138
A00864,Product Page,262
A00864,Website,182
A00864,Webinar,116
A00864,Event,60
A00865,Product Page,3
A00865,Product Page,130
A00865,Website,113
A00865,Product Page,137
A00865,Campaign,92
A00865,Webinar,168
A00865,Campaign,43
A00865,Website,148
A00865,Webinar,118
A00865,Product Page,73
A00866,Product Page,180
A00866,Product Page,129
A00866,Website,144
A00866,Campaign,89
A00866,Campaign,53
A00866,Product Page,92
A00866,Event,171
A00866,Campaign,47
A00866,Campaign,106
A00866,Webinar,74
A00866,Webinar,127
A00866,Product Page,125
A00866,Webinar,26
A00867,Event,42
A00867,Website,1
A00867,Product Page,139
A00867,Website,52
A00867,Website,229
A00868,Event,109
A00868,Event,142
A00868,Product Page,55
A00868,Campaign,93
A00868,Website,125
A00868,Campaign,184
A00868,Website,88
A00868,Product Page,228
A00868,Website,131
A00869,Webinar,247
A00869,Webinar,200
A00870,Website,163
A00870,Product Page,1
A00870,Campaign,152
A00870,Webinar,64
A00870,Webinar,104
A00870,Product Page,158
A00870,Campaign,164
A00870,Event,70
A00870,Webinar,93
A00870,Product Page,131
A00870,Event,4
A00870,Event,144
A00870,Event,151
A00870,Webinar,145
A00871,Product Page,136
A00871,Product Page,1
A00871,Webinar,173
A00871,Event,45
A00871,Event,181
A00871,Campaign,140
A00871,Website,65
A00871,Webinar,125
A00871,Webinar,94
A00871,Webinar,119
A00871,Campaign,199
A00871,Webinar,188
A00871,Webinar,79
A00872,Webinar,90
A00872,Event,175
A00872,Webinar,158
A00872,Product Page,75
A00872,Campaign,129
A00872,Event,200
A00872,Event,74
A00872,Campaign,36
A00873,Event,130
A00873,Website,226
A00873,Product Page,255
A00873,Webinar,142
A00873,Campaign,1
A00873,Campaign,142
A00873,Website,148
A00873,Website,202
A00873,Product Page,39
A00873,Event,49
A00873,Webinar,175
A00873,Website,1
A00874,Campaign,173
A00874,Product Page,127
A00874,Webinar,88
A00874,Event,288
A00874,Campaign,97
A00874,Webinar,1
A00874,Website,81
A00874,Website,221
A00874,Product Page,67
A00875,Product Page,162
A00875,Campaign,91
A00875,Website,160
A00875,Webinar,78
A00875,Event,112
A00875,Campaign,119
A00875,Product Page,1
A00875,Campaign,100
A00875,Website,179
A00875,Product Page,141
A00875,Event,180
A00875,Website,115
A00876,Product Page,65
A00876,Event,76
A00876,Campaign,4
A00876,Campaign,120
A00876,Event,194
A00876,Webinar,52
A00876,Website,27
A00876,Website,38
A00876,Webinar,71
A00876,Webinar,59
A00876,Campaign,1
A00876,Webinar,257
A00876,Webinar,186
A00876,Campaign,91
A00876,Website,70
A00876,Webinar,1
A00876,Event,88
A00877,Product Page,153
A00877,Product Page,125
A00877,Webinar,69
A00877,Webinar,186
A00877,Webinar,178
A00877,Campaign,120
A00877,Webinar,79
A00877,Event,121
A00877,Webinar,177
A00877,Product Page,23
A00877,Webinar,78
A00877,Website,15
A00878,Website,133
A00878,Event,114
A00878,Website,271
A00878,Event,17
A00878,Product Page,166
A00878,Product Page,1
A00878,Product Page,44
A00878,Webinar,26
A00878,Campaign,177
A00878,Webinar,15
A00878,Webinar,187
A00878,Product Page,65
A00879,Event,185
A00879,Product Page,120
A00879,Website,102
A00879,Product Page,240
A00879,Webinar,294
A00879,Website,126
A00879,Event,214
A00880,Product Page,1
A00880,Product Page,99
A00880,Event,133
A00880,Product Page,17
A00880,Campaign,146
A00880,Website,113
A00881,Event,64
A00881,Campaign,84
A00881,Campaign,27
A00881,Campaign,171
A00881,Website,53
A00881,Campaign,124
A00882,Campaign,14
A00882,Webinar,1
A00882,Event,48
A00882,Campaign,1
A00882,Event,91
A00882,Product Page,84
A00882,Website,86
A00882,Campaign,1
A00882,Product Page,69
A00883,Campaign,245
A00883,Product Page,118
A00883,Campaign,242
A00883,Event,197
A00883,Webinar,208
A00883,Campaign,49
A00883,Webinar,122
A00883,Product Page,62
A00883,Product Page,182
A00884,Event,209
A00884,Website,49
A00884,Webinar,238
A00884,Product Page,176
A00884,Campaign,1
A00884,Website,1
A00884,Event,1
A00884,Website,3
A00884,Product Page,97
A00884,Event,2
A00884,Webinar,183
A00884,Webinar,1
A00884,Website,124
A00884,Product Page,145
A00884,Webinar,1
A00884,Product Page,48
A00884,Website,178
A00885,Webinar,103
A00885,Website,1
A00885,Website,43
A00885,Product Page,185
A00885,Product Page,114
A00885,Event,106
A00885,Event,128
A00885,Webinar,38
A00885,Campaign,102
A00885,Webinar,122
A00885,Campaign,126
A00885,Website,23
A00885,Product Page,51
A00885,Campaign,148
A00885,Event,66
A00886,Product Page,113
A00886,Website,101
A00886,Webinar,204
A00886,Website,189
A00886,Campaign,75
A00886,Website,43
A00886,Campaign,47
A00886,Webinar,22
A00886,Webinar,123
A00886,Campaign,153
A00886,Product Page,117
A00886,Website,291
A00886,Event,206
A00886,Webinar,203
A00886,Website,154
A00886,Website,180
A00886,Webinar,289
A00887,Event,24
A00887,Campaign,78
A00887,Product Page,107
A00887,Campaign,1
A00887,Event,117
A00887,Product Page,23
A00887,Website,1
A00887,Product Page,52
A00887,Webinar,126
A00887,Campaign,192
A00887,Campaign,6
A00887,Product Page,92
A00887,Webinar,60
A00887,Product Page,55
A00887,Webinar,169
A00888,Website,79
A00888,Website,96
A00888,Webinar,152
A00888,Campaign,200
A00888,Webinar,62
A00888,Website,178
A00888,Website,143
A00888,Event,21
A00888,Product Page,158
A00888,Website,158
A00888,Website,116
A00888,Event,41
A00889,Webinar,1
A00889,Event,94
A00889,Campaign,18
A00889,Website,64
A00889,Webinar,175
A00889,Website,154
A00889,Website,1
A00889,Campaign,1
A00889,Event,121
A00889,Campaign,1
A00889,Product Page,1
A00889,Campaign,90
A00890,Event,190
A00890,Product Page,65
A00890,Product Page,165
A00890,Product Page,107
A00890,Campaign,140
A00890,Product Page,51
A00890,Campaign,188
A00890,Campaign,167
A00890,Webinar,147
A00890,Website,104
A00890,Event,242
A00891,Product Page,183
A00891,Webinar,121
A00891,Event,132
A00891,Website,252
A00892,Event,133
A00892,Campaign,52
A00892,Website,172
A00892,Event,171
A00892,Campaign,154
A00892,Webinar,28
A00892,Website,126
A00892,Campaign,86
A00892,Product Page,1
A00892,Product Page,114
A00892,Event,108
A00893,Event,61
A00893,Campaign,78
A00893,Website,143
A00893,Event,91
A00893,Product Page,110
A00893,Event,54
A00893,Event,151
A00893,Event,277
A00893,Webinar,49
A00893,Webinar,96
A00893,Website,103
A00893,Webinar,180
A00894,Event,162
A00894,Event,107
A00894,Webinar,62
A00894,Webinar,56
A00895,Product Page,75
A00895,Event,220
A00895,Event,152
A00895,Product Page,161
A00895,Event,41
A00895,Campaign,80
A00895,Webinar,168
A00895,Website,42
A00895,Product Page,127
A00895,Product Page,50
A00895,Campaign,77
A00895,Event,154
A00895,Website,59
A00896,Website,69
A00896,Campaign,2
A00896,Event,35
A00896,Event,78
A00896,Webinar,53
A00896,Campaign,1
A00896,Webinar,1
A00896,Event,1
A00896,Webinar,47
A00896,Webinar,138
A00896,Webinar,44
A00896,Event,98
A00896,Webinar,42
A00896,Campaign,81
A00896,Product Page,81
A00897,Event,76
A00897,Event,130
A00897,Product Page,174
A00897,Webinar,69
A00897,Product Page,207
A00897,Campaign,110
A00897,Event,80
A00898,Campaign,139
A00898,Webinar,1
A00898,Webinar,256
A00898,Website,207
A00898,Event,153
A00898,Product Page,151
A00899,Website,29
A00899,Website,90
A00899,Website,226
A00899,Campaign,270
A00899,Campaign,78
A00899,Campaign,32
A00899,Event,77
A00900,Campaign,80
A00900,Campaign,61
A00900,Product Page,45
A00900,Campaign,57
A00900,Product Page,1
A00900,Webinar,106
A00900,Product Page,143
A00900,Product Page,64
A00900,Website,1
A00900,Website,82
A00900,Website,89
A00900,Event,38
A00900,Webinar,183
A00901,Product Page,165
A00901,Product Page,160
A00901,Product Page,49
A00901,Product Page,128
A00901,Campaign,113
A00901,Website,200
A00901,Website,25
A00901,Event,89
A00901,Webinar,178
A00901,Product Page,150
A00901,Website,185
A00902,Webinar,47
A00902,Campaign,84
A00902,Webinar,110
A00902,Website,59
A00902,Campaign,42
A00902,Webinar,106
A00902,Campaign,12
A00902,Website,68
A00902,Event,100
A00902,Campaign,78
A00902,Campaign,72
A00902,Event,5
A00902,Website,1
A00902,Event,36
A00902,Webinar,59
A00902,Event,101
A00903,Campaign,38
A00903,Webinar,84
A00903,Campaign,115
A00903,Campaign,94
A00903,Webinar,46
A00903,Website,1
A00903,Website,49
A00903,Event,255
A00903,Product Page,79
A00903,Webinar,234
A00904,Event,81
A00904,Event,49
A00904,Event,191
A00904,Webinar,168
A00904,Webinar,70
A00904,Campaign,136
A00904,Website,1
A00904,Campaign,230
A00904,Product Page,28
A00905,Event,225
A00905,Event,146
A00905,Website,197
A00905,Event,335
A00905,Website,285
A00905,Event,89
A00905,Event,217
A00905,Event,123
A00906,Website,186
A00906,Website,180
A00906,Webinar,135
A00906,Webinar,115
A00906,Website,74
A00906,Website,38
A00906,Webinar,124
A00907,Campaign,146
A00907,Webinar,164
A00907,Webinar,151
A00907,Campaign,78
A00907,Product Page,78
A00907,Website,62
A00907,Website,16
A00907,Webinar,232
A00907,Campaign,163
A00907,Event,63
A00908,Webinar,57
A00908,Website,172
A00908,Campaign,113
A00908,Website,27
A00908,Webinar,58
A00908,Event,149
A00908,Webinar,35
A00908,Webinar,187
A00908,Campaign,163
A00908,Product Page,289
A00908,Product Page,1
A00909,Campaign,133
A00909,Product Page,120
A00909,Webinar,181
A00909,Event,187
A00909,Webinar,58
A00909,Event,159
A00909,Website,154
A00910,Product Page,68
A00910,Webinar,90
A00910,Webinar,299
A00911,Webinar,155
A00911,Event,170
A00911,Campaign,102
A00911,Website,158
A00911,Product Page,192
A00911,Campaign,314
A00912,Website,110
A00912,Product Page,168
A00912,Product Page,247
A00912,Product Page,166
A00912,Campaign,104
A00912,Campaign,94
A00912,Event,83
A00912,Webinar,64
A00913,Webinar,232
A00913,Website,231
A00913,Webinar,50
A00913,Website,249
A00913,Webinar,111
A00913,Website,54
A00913,Event,226
A00914,Event,188
A00914,Product Page,225
A00914,Webinar,112
A00914,Webinar,63
A00914,Product Page,110
A00914,Website,178
A00914,Webinar,141
A00915,Product Page,92
A00915,Event,150
A00915,Event,124
A00915,Product Page,34
A00915,Campaign,1
A00915,Campaign,191
A00915,Webinar,31
A00915,Website,1
A00915,Product Page,5
A00915,Event,161
A00915,Event,98
A00915,Campaign,85
A00915,Campaign,1
A00915,Campaign,59
A00915,Webinar,97
A00915,Product Page,1
A00916,Event,160
A00916,Webinar,105
A00916,Product Page,125
A00916,Event,100
A00917,Campaign,178
A00917,Website,196
A00917,Event,6
A00917,Event,130
A00917,Webinar,98
A00917,Website,195
A00917,Event,268
A00917,Product Page,59
A00918,Event,92
A00918,Event,216
A00918,Product Page,237
A00918,Webinar,226
A00919,Webinar,243
A00919,Product Page,99
A00919,Webinar,53
A00920,Product Page,134
A00920,Website,186
A00920,Webinar,215
A00920,Product Page,160
A00920,Webinar,81
A00921,Website,53
A00921,Website,292
A00921,Product Page,175
A00921,Event,84
A00921,Webinar,61
A00921,Campaign,92
A00921,Product Page,119
A00922,Website,107
A00922,Webinar,142
A00922,Event,1
A00922,Website,89
A00922,Campaign,137
A00922,Event,1
A00922,Website,79
A00922,Product Page,48
A00922,Event,55
A00922,Website,33
A00922,Webinar,172
A00922,Website,1
A00922,Website,60
A00922,Webinar,160
A00923,Product Page,92
A00923,Campaign,146
A00923,Website,85
A00923,Webinar,227
A00923,Webinar,66
A00923,Website,215
A00923,Campaign,189
A00923,Webinar,154
A00923,Webinar,1
A00923,Campaign,186
A00923,Event,179
A00923,Event,137
A00923,Event,33
A00923,Webinar,23
A00924,Webinar,218
A00924,Event,86
A00924,Webinar,178
A00924,Product Page,109
A00924,Campaign,33
A00924,Product Page,32
A00924,Event,172
A00924,Website,239
A00924,Campaign,77
A00924,Website,29
A00924,Event,151
A00925,Website,54
A00925,Campaign,86
A00925,Campaign,29
A00925,Event,10
A00925,Event,1
A00925,Website,87
A00925,Product Page,1
A00925,Website,62
A00925,Campaign,47
A00925,Event,61
A00925,Event,97
A00925,Webinar,118
A00925,Event,86
A00925,Webinar,40
A00925,Product Page,103
A00925,Webinar,26
A00925,Website,27
A00925,Event,196
A00926,Product Page,4
A00926,Website,56
A00927,Webinar,110
A00927,Product Page,122
A00927,Website,190
A00928,Webinar,228
A00928,Event,301
A00928,Website,186
A00928,Event,109
A00928,Campaign,123
A00929,Webinar,143
A00929,Webinar,66
A00929,Webinar,84
A00929,Product Page,18
A00929,Website,98
A00929,Campaign,240
A00929,Website,231
A00929,Campaign,1
A00929,Webinar,74
A00930,Event,32
A00930,Product Page,67
A00930,Product Page,44
A00930,Website,118
A00930,Campaign,57
A00930,Webinar,129
A00930,Product Page,100
A00930,Product Page,147
A00930,Campaign,108
A00930,Campaign,132
A00930,Webinar,81
A00930,Campaign,48
A00931,Campaign,1
A00931,Webinar,137
A00931,Website,144
A00931,Website,86
A00931,Product Page,248
A00931,Campaign,137
A00931,Event,175
A00931,Webinar,128
A00931,Campaign,133
A00931,Campaign,99
A00931,Campaign,91
A00931,Website,209
A00931,Webinar,176
A00931,Website,49
A00932,Webinar,10
A00932,Webinar,221
A00932,Campaign,120
A00932,Website,47
A00932,Product Page,153
A00932,Campaign,133
A00932,Webinar,159
A00933,Website,61
A00933,Webinar,151
A00933,Campaign,45
A00933,Event,148
A00933,Event,63
A00933,Product Page,132
A00933,Event,178
A00933,Product Page,30
A00933,Campaign,101
A00933,Product Page,59
A00933,Webinar,55
A00933,Campaign,1
A00933,Event,104
A00934,Website,133
A00934,Website,77
A00934,Website,67
A00934,Campaign,1
A00934,Website,92
A00934,Website,152
A00935,Event,35
A00935,Product Page,97
A00935,Campaign,149
A00935,Event,1
A00935,Event,112
A00935,Website,34
A00935,Webinar,181
A00935,Event,23
A00935,Website,76
A00935,Product Page,72
A00935,Campaign,100
A00936,Campaign,104
A00936,Event,74
A00936,Campaign,172
A00936,Webinar,228
A00936,Event,44
A00936,Event,182
A00936,Product Page,190
A00936,Product Page,169
A00937,Website,76
A00937,Event,1
A00937,Webinar,55
A00937,Event,9
A00937,Campaign,58
A00937,Website,153
A00937,Campaign,82
A00938,Event,132
A00938,Campaign,124
A00938,Webinar,87
A00938,Product Page,232
A00938,Campaign,77
A00938,Webinar,11
A00938,Website,55
A00938,Product Page,126
A00938,Webinar,156
A00938,Website,126
A00938,Event,163
A00938,Event,177
A00938,Campaign,34
A00938,Website,153
A00938,Website,130
A00938,Product Page,105
A00938,Event,47
A00938,Website,141
A00938,Webinar,10
A00938,Product Page,47
A00939,Webinar,122
A00939,Campaign,174
A00939,Product Page,158
A00939,Campaign,226
A00939,Website,71
A00939,Product Page,76
A00939,Website,1
A00940,Campaign,142
A00940,Product Page,264
A00940,Website,39
A00940,Webinar,250
A00940,Product Page,24
A00940,Webinar,47
A00941,Product Page,33
A00941,Website,202
A00941,Website,116
A00941,Event,73
A00941,Product Page,152
A00941,Website,88
A00941,Campaign,93
A00941,Website,127
A00941,Website,81
A00941,Webinar,117
A00941,Event,94
A00941,Event,27
A00941,Product Page,61
A00941,Event,120
A00942,Webinar,67
A00942,Website,177
A00942,Webinar,81
A00942,Product Page,73
A00942,Webinar,269
A00942,Webinar,1
A00942,Website,40
A00942,Product Page,98
A00942,Product Page,113
A00942,Product Page,1
A00942,Webinar,71
A00943,Campaign,211
A00943,Website,177
A00943,Website,178
A00943,Product Page,7
A00943,Campaign,149
A00943,Product Page,111
A00943,Webinar,129
A00943,Webinar,1
A00943,Campaign,1
A00943,Campaign,139
A00944,Product Page,66
A00944,Product Page,75
A00944,Webinar,82
A00944,Product Page,57
A00944,Campaign,108
A00944,Product Page,49
A00944,Campaign,81
A00944,Event,75
A00944,Campaign,66
A00944,Product Page,1
A00945,Product Page,58
A00945,Event,90
A00945,Event,169
A00945,Campaign,65
A00945,Product Page,70
A00945,Website,121
A00945,Product Page,54
A00945,Campaign,147
A00945,Campaign,164
A00945,Webinar,173
A00945,Product Page,68
A00945,Website,123
A00946,Product Page,297
A00946,Product Page,128
A00946,Campaign,255
A00946,Campaign,122
A00947,Product Page,225
A00947,Website,208
A00947,Campaign,51
A00947,Event,18
A00947,Event,176
A00947,Event,148
A00948,Product Page,99
A00948,Webinar,72
A00948,Event,221
A00948,Webinar,175
A00948,Campaign,29
A00948,Website,107
A00948,Website,124
A00948,Event,168
A00948,Event,68
A00948,Webinar,1
A00949,Campaign,192
A00949,Campaign,186
A00949,Product Page,265
A00949,Webinar,74
A00949,Campaign,146
A00949,Product Page,188
A00949,Campaign,44
A00949,Webinar,43
A00950,Webinar,166
A00950,Webinar,117
A00950,Product Page,112
A00950,Campaign,193
A00951,Event,99
A00951,Website,100
A00951,Website,107
A00951,Campaign,151
A00951,Website,101
A00951,Webinar,156
A00951,Campaign,223
A00952,Website,37
A00952,Website,63
A00952,Event,179
A00952,Webinar,155
A00952,Website,111
A00952,Webinar,139
A00952,Event,1
A00952,Campaign,132
A00952,Event,120
A00952,Campaign,34
A00952,Event,34
A00953,Product Page,28
A00953,Event,69
A00953,Campaign,143
A00953,Website,105
A00953,Website,82
A00953,Webinar,110
A00953,Webinar,57
A00953,Webinar,102
A00953,Product Page,55
A00953,Campaign,220
A00953,Event,83
A00953,Webinar,171
A00953,Product Page,176
A00953,Website,185
A00953,Event,104
A00953,Website,47
A00953,Webinar,137
A00953,Website,92
A00953,Campaign,42
A00953,Website,87
A00954,Website,183
A00954,Webinar,69
A00954,Website,33
A00954,Webinar,166
A00954,Product Page,173
A00954,Website,183
A00954,Campaign,18
A00954,Website,150
A00954,Campaign,5
A00954,Webinar,120
A00954,Campaign,105
A00954,Product Page,111
A00954,Event,16
A00954,Event,119
A00954,Website,128
A00954,Event,48
A00954,Campaign,20
A00954,Campaign,177
A00954,Website,1
A00954,Webinar,110
A00954,Website,1
A00954,Event,27
A00954,Webinar,137
A00954,Campaign,89
A00954,Website,139
A00954,Event,182
A00954,Webinar,38
A00955,Webinar,281
A00955,Campaign,83
A00955,Event,157
A00955,Campaign,177
A00956,Product Page,156
A00956,Webinar,101
A00956,Product Page,61
A00956,Campaign,184
A00956,Webinar,144
A00956,Product Page,135
A00957,Product Page,97
A00957,Webinar,154
A00957,Campaign,161
A00957,Website,199
A00958,Product Page,148
A00958,Campaign,209
A00958,Event,143
A00958,Campaign,115
A00958,Campaign,74
A00958,Event,120
A00958,Webinar,138
A00958,Website,293
A00958,Campaign,117
A00958,Event,73
A00958,Webinar,94
A00958,Website,55
A00959,Webinar,101
A00959,Campaign,144
A00959,Event,58
A00959,Website,162
A00959,Webinar,175
A00959,Website,126
A00959,Event,148
A00959,Website,102
A00959,Product Page,1
A00959,Webinar,3
A00960,Event,1
A00960,Event,55
A00960,Event,105
A00960,Webinar,85
A00960,Website,1
A00960,Event,132
A00960,Product Page,93
A00960,Campaign,182
A00960,Product Page,80
A00960,Campaign,100
A00960,Event,1
A00960,Event,124
A00960,Webinar,43
A00960,Webinar,167
A00961,Webinar,110
A00961,Event,120
A00961,Event,166
A00961,Website,144
A00961,Product Page,123
A00961,Webinar,24
A00962,Product Page,75
A00962,Product Page,190
A00962,Webinar,79
A00962,Event,123
A00962,Campaign,84
A00962,Webinar,142
A00962,Website,266
A00962,Event,160
A00962,Website,66
A00962,Event,61
A00963,Webinar,62
A00963,Campaign,81
A00963,Product Page,54
A00963,Webinar,195
A00963,Product Page,181
A00963,Product Page,1
A00963,Webinar,27
A00963,Event,1
A00963,Website,309
A00963,Campaign,214
A00963,Product Page,5
A00963,Website,1
A00963,Website,1
A00963,Event,155
A00963,Product Page,151
A00963,Website,140
A00963,Webinar,38
A00963,Webinar,12
A00963,Event,26
A00963,Webinar,1
A00963,Campaign,161
A00963,Product Page,87
A00963,Website,5
A00963,Website,67
A00963,Webinar,86
A00963,Product Page,140
A00963,Webinar,22
A00963,Webinar,19
A00964,Product Page,212
A00964,Website,43
A00964,Product Page,96
A00964,Website,131
A00964,Event,136
A00964,Campaign,66
A00964,Webinar,135
A00965,Product Page,100
A00965,Campaign,116
A00965,Product Page,148
A00965,Campaign,153
A00965,Website,202
A00965,Product Page,153
A00965,Product Page,7
A00966,Campaign,63
A00966,Website,110
A00966,Webinar,165
A00966,Event,120
A00966,Website,23
A00966,Website,95
A00966,Campaign,103
A00967,Campaign,153
A00967,Event,78
A00967,Webinar,129
A00967,Campaign,211
A00967,Product Page,165
A00967,Website,235
A00967,Product Page,131
A00968,Campaign,103
A00968,Website,70
A00968,Website,146
A00968,Website,139
A00968,Campaign,99
A00968,Event,59
A00968,Product Page,177
A00968,Campaign,75
A00968,Webinar,23
A00968,Website,225
A00968,Website,162
A00969,Campaign,115
A00969,Event,117
A00969,Event,156
A00969,Event,104
A00969,Event,53
A00969,Event,297
A00969,Event,175
A00970,Product Page,1
A00970,Website,148
A00970,Event,90
A00970,Product Page,93
A00970,Campaign,39
A00970,Campaign,7
A00970,Webinar,211
A00970,Webinar,119
A00970,Event,147
A00970,Webinar,82
A00970,Product Page,31
A00971,Website,316
A00971,Product Page,176
A00971,Product Page,166
A00972,Event,188
A00972,Event,127
A00972,Webinar,116
A00972,Event,34
A00972,Campaign,45
A00972,Campaign,4
A00972,Campaign,146
A00972,Event,57
A00972,Event,1
A00972,Event,118
A00972,Campaign,1
A00972,Campaign,95
A00972,Campaign,160
A00973,Campaign,191
A00973,Product Page,93
A00973,Website,90
A00973,Campaign,179
A00973,Campaign,175
A00973,Webinar,51
A00973,Website,39
A00973,Product Page,145
A00973,Webinar,129
A00973,Webinar,117
A00973,Webinar,1
A00974,Event,33
A00974,Product Page,89
A00974,Website,171
A00974,Webinar,67
A00974,Product Page,202
A00974,Campaign,261
A00974,Product Page,258
A00974,Webinar,62
A00974,Event,141
A00974,Webinar,116
A00974,Event,89
A00974,Event,206
A00974,Website,149
A00974,Event,125
A00975,Event,7
A00975,Event,41
A00975,Campaign,13
A00975,Event,217
A00975,Website,192
A00975,Campaign,88
A00975,Webinar,58
A00975,Website,117
A00975,Event,93
A00975,Campaign,129
A00975,Product Page,18
A00976,Event,113
A00976,Event,3
A00976,Event,16
A00976,Event,231
A00976,Webinar,73
A00976,Webinar,49
A00976,Product Page,114
A00976,Website,110
A00977,Website,109
A00977,Campaign,214
A00977,Campaign,126
A00977,Webinar,64
A00977,Event,130
A00977,Event,174
A00977,Webinar,155
A00977,Campaign,108
A00978,Website,171
A00978,Event,242
A00978,Event,179
A00978,Event,182
A00979,Website,147
A00979,Event,87
A00979,Product Page,181
A00979,Webinar,252
A00979,Product Page,196
A00979,Campaign,1
A00979,Event,143
A00979,Webinar,342
A00979,Product Page,201
A00980,Campaign,97
A00980,Campaign,76
A00980,Event,116
A00980,Website,22
A00980,Webinar,169
A00980,Campaign,104
A00980,Event,1
A00980,Webinar,33
A00980,Event,121
A00981,Product Page,134
A00981,Event,114
A00981,Webinar,261
A00981,Event,138
A00981,Webinar,19
A00981,Webinar,71
A00981,Event,144
A00981,Campaign,170
A00981,Website,91
A00981,Product Page,70
A00981,Product Page,206
A00982,Event,106
A00982,Product Page,75
A00982,Product Page,117
A00982,Campaign,88
A00982,Website,116
A00982,Webinar,33
A00982,Product Page,81
A00982,Product Page,1
A00982,Campaign,121
A00982,Campaign,249
A00982,Campaign,234
A00982,Website,6
A00982,Campaign,160
A00983,Webinar,42
A00983,Webinar,1
A00983,Product Page,163
A00983,Campaign,108
A00983,Product Page,46
A00983,Product Page,1
A00983,Event,75
A00983,Website,1
A00983,Event,55
A00983,Product Page,1
A00983,Product Page,73
A00983,Website,26
A00983,Website,17
A00983,Webinar,102
A00983,Event,127
A00983,Event,37
A00983,Website,184
A00983,Website,1
A00983,Website,57
A00983,Website,72
A00984,Event,106
A00984,Webinar,218
A00984,Event,159
A00984,Website,193
A00984,Website,184
A00984,Product Page,132
A00984,Campaign,150
A00984,Event,109
A00984,Product Page,52
A00984,Webinar,12
A00984,Website,114
A00984,Product Page,181
A00985,Campaign,99
A00985,Website,104
A00985,Product Page,1
A00985,Product Page,223
A00985,Webinar,57
A00985,Event,200
A00985,Webinar,1
A00985,Campaign,164
A00985,Website,1
A00985,Website,58
A00985,Webinar,110
A00985,Event,39
A00985,Product Page,17
A00986,Website,64
A00986,Website,173
A00986,Webinar,100
A00986,Webinar,1
A00986,Website,110
A00986,Product Page,127
A00987,Product Page,207
A00987,Webinar,143
A00987,Product Page,185
A00987,Website,1
A00987,Product Page,142
A00988,Webinar,57
A00988,Campaign,1
A00988,Campaign,44
A00988,Website,38
A00988,Webinar,275
A00988,Campaign,173
A00988,Webinar,156
A00988,Product Page,57
A00988,Product Page,152
A00989,Campaign,119
A00989,Campaign,123
A00989,Event,190
A00989,Product Page,20
A00989,Event,197
A00989,Campaign,2
A00989,Product Page,113
A00989,Campaign,1
A00990,Website,270
A00990,Event,119
A00990,Campaign,248
A00990,Website,206
A00990,Product Page,177
A00990,Event,124
A00991,Event,151
A00991,Event,151
A00991,Event,89
A00991,Campaign,108
A00991,Campaign,48
A00991,Product Page,351
A00992,Event,67
A00992,Product Page,178
A00992,Website,171
A00992,Event,115
A00992,Website,175
A00992,Webinar,284
A00993,Website,70
A00993,Campaign,133
A00993,Event,180
A00993,Product Page,111
A00993,Website,68
A00993,Webinar,114
A00993,Event,115
A00993,Campaign,86
A00993,Event,12
A00993,Event,28
A00993,Event,112
A00993,Product Page,31
A00993,Product Page,181
A00993,Website,162
A00993,Webinar,87
A00993,Event,81
A00993,Campaign,55
A00994,Event,86
A00994,Event,89
A00994,Product Page,55
A00994,Website,1
A00994,Event,147
A00994,Event,41
A00994,Product Page,116
A00994,Website,80
A00994,Campaign,152
A00995,Website,120
A00995,Event,24
A00995,Product Page,62
A00995,Website,31
A00995,Webinar,1
A00995,Website,1
A00995,Webinar,99
A00995,Webinar,20
A00995,Event,72
A00995,Event,175
A00995,Event,15
A00995,Webinar,40
A00995,Website,63
A00995,Website,1
A00995,Product Page,58
A00996,Event,3
A00996,Product Page,130
A00996,Website,106
A00996,Campaign,1
A00996,Product Page,87
A00996,Event,58
A00997,Product Page,296
A00997,Campaign,150
A00997,Product Page,171
A00997,Campaign,175
A00997,Webinar,242
A00998,Website,1
A00998,Event,54
A00998,Product Page,14
A00998,Campaign,112
A00998,Campaign,71
A00998,Product Page,82
A00998,Webinar,172
A00998,Website,49
A00998,Website,1
A00998,Campaign,11
A00998,Event,1
A00998,Product Page,114
A00998,Event,158
A00998,Webinar,42
A00998,Webinar,1
A00998,Campaign,1
A00998,Webinar,92
A00998,Event,33
A00998,Website,1
A00998,Campaign,26
A00998,Event,34
A00998,Campaign,116
A00998,Product Page,99
A00998,Product Page,25
A00998,Campaign,19
A00998,Website,73
A00999,Product Page,33
A00999,Webinar,69
A00999,Event,121
A00999,Webinar,110
A00999,Product Page,1
A00999,Product Page,107
A00999,Campaign,11
A00999,Campaign,84
A00999,Event,120
A00999,Website,88
A00999,Product Page,169
A00999,Product Page,51
A00999,Product Page,50
A00999,Webinar,83
A01000,Website,119
A01000,Event,48
A01000,Webinar,41
A01000,Webinar,163
A01000,Website,173
A01000,Webinar,121
A01000,Product Page,146
A01000,Webinar,131
A01000,Website,64
A01000,Event,97
A01000,Event,78
A01000,Campaign,94
A01001,Campaign,168
A01001,Webinar,232
A01001,Campaign,150
A01002,Event,251
A01002,Webinar,97
A01002,Event,1
A01002,Campaign,130
A01002,Campaign,51
A01002,Webinar,123
A01002,Webinar,35
A01002,Event,1
A01002,Campaign,40
A01002,Campaign,53
A01003,Webinar,95
A01003,Product Page,217
A01003,Website,131
A01003,Event,141
A01003,Website,82
A01003,Website,136
A01003,Campaign,74
A01003,Website,123
A01004,Webinar,135
A01004,Website,195
A01004,Website,145
A01005,Event,144
A01005,Campaign,123
A01005,Event,1
A01005,Product Page,53
A01005,Product Page,136
A01005,Campaign,134
A01005,Campaign,149
A01005,Product Page,90
A01005,Campaign,129
A01006,Webinar,43
A01006,Campaign,108
A01006,Product Page,91
A01006,Product Page,103
A01006,Event,62
A01007,Campaign,164
A01007,Website,65
A01007,Webinar,197
A01007,Website,24
A01007,Campaign,124
A01007,Event,24
A01007,Website,3
A01007,Event,50
A01007,Website,113
A01007,Campaign,51
A01007,Website,116
A01008,Webinar,152
A01008,Campaign,63
A01008,Campaign,83
A01008,Product Page,74
A01008,Product Page,73
A01008,Webinar,60
A01008,Campaign,158
A01008,Website,197
A01008,Webinar,171
A01008,Event,225
A01008,Webinar,171
A01009,Webinar,168
A01009,Campaign,117
A01009,Website,219
A01009,Webinar,59
A01009,Event,60
A01009,Campaign,130
A01009,Product Page,234
A01010,Product Page,97
A01011,Product Page,60
A01011,Product Page,46
A01011,Webinar,1
A01011,Event,161
A01011,Campaign,190
A01011,Event,130
A01011,Campaign,289
A01012,Product Page,190
A01012,Website,87
A01012,Website,87
A01012,Webinar,126
A01012,Campaign,191
A01012,Campaign,81
A01012,Product Page,75
A01012,Product Page,32
A01013,Product Page,20
A01013,Event,1
A01013,Campaign,1
A01013,Product Page,34
A01013,Webinar,1
A01013,Campaign,118
A01013,Campaign,134
A01013,Event,97
A01014,Website,63
A01014,Campaign,17
A01014,Event,271
A01014,Event,37
A01014,Product Page,131
A01014,Webinar,53
A01014,Product Page,87
A01014,Product Page,30
A01014,Webinar,90
A01014,Event,34
A01014,Webinar,82
A01014,Product Page,93
A01014,Website,104
A01015,Campaign,130
A01015,Event,185
A01015,Webinar,173
A01015,Website,22
A01015,Product Page,82
A01015,Product Page,100
A01015,Product Page,21
A01015,Product Page,166
A01015,Campaign,213
A01015,Event,193
A01015,Product Page,264
A01016,Website,27
A01016,Event,108
A01016,Campaign,166
A01016,Website,1
A01016,Product Page,120
A01016,Event,166
A01016,Campaign,38
A01016,Campaign,187
A01016,Event,41
A01016,Event,146
A01016,Product Page,200
A01016,Event,202
A01016,Product Page,150
A01016,Campaign,181
A01017,Event,85
A01017,Website,240
A01017,Event,90
A01017,Campaign,76
A01017,Campaign,187
A01017,Product Page,35
A01017,Website,70
A01017,Campaign,241
A01017,Product Page,99
A01017,Event,240
A01017,Website,1
A01017,Website,1
A01018,Campaign,181
A01018,Product Page,137
A01018,Event,66
A01018,Product Page,21
A01018,Campaign,100
A01018,Event,186
A01018,Webinar,112
A01018,Website,93
A01018,Webinar,94
A01018,Product Page,71
A01018,Campaign,92
A01018,Webinar,81
A01018,Product Page,54
A01018,Webinar,72
A01018,Product Page,237
A01018,Website,30
A01018,Website,49
A01019,Campaign,145
A01019,Campaign,98
A01019,Webinar,97
A01019,Campaign,94
A01020,Campaign,110
A01020,Product Page,104
A01020,Website,71
A01020,Website,78
A01020,Campaign,54
A01020,Campaign,200
A01020,Website,1
A01020,Campaign,209
A01020,Event,107
A01020,Event,128
A01021,Campaign,101
A01021,Campaign,220
A01021,Product Page,230
A01021,Campaign,116
A01021,Campaign,191
A01021,Webinar,157
A01021,Campaign,108
A01022,Webinar,106
A01022,Webinar,160
A01022,Campaign,56
A01022,Website,42
A01022,Website,49
A01022,Website,190
A01022,Campaign,299
A01023,Webinar,242
A01023,Webinar,66
A01023,Event,106
A01023,Campaign,191
A01023,Webinar,34
A01023,Campaign,1
A01023,Event,114
A01023,Event,101
A01024,Event,169
A01024,Product Page,1
A01024,Event,209
A01024,Website,68
A01024,Product Page,209
A01024,Campaign,159
A01024,Event,164
A01024,Website,20
A01024,Product Page,135
A01024,Webinar,70
A01025,Product Page,245
A01025,Event,1
A01025,Product Page,160
A01026,Product Page,220
A01026,Webinar,97
A01026,Product Page,170
A01026,Campaign,183
A01026,Webinar,83
A01027,Campaign,242
A01027,Event,12
A01027,Website,144
A01027,Campaign,121
A01027,Event,169
A01028,Event,257
A01028,Website,110
A01028,Website,1
A01028,Webinar,234
A01028,Campaign,111
A01028,Campaign,48
A01029,Webinar,215
A01029,Webinar,160
A01029,Product Page,180
A01029,Product Page,152
A01029,Campaign,1
A01029,Campaign,166
A01029,Event,152
A01029,Event,24
A01029,Campaign,46
A01029,Website,88
A01029,Website,67
A01029,Event,57
A01029,Product Page,222
A01029,Campaign,43
A01030,Website,68
A01030,Campaign,303
A01030,Product Page,202
A01030,Website,1
A01030,Event,95
A01030,Product Page,29
A01031,Event,239
A01031,Campaign,158
A01031,Webinar,205
A01031,Product Page,258
A01031,Webinar,46
A01031,Product Page,178
A01031,Webinar,90
A01031,Event,65
A01031,Event,232
A01032,Event,70
A01032,Website,21
A01032,Product Page,82
A01032,Webinar,168
A01032,Campaign,5
A01032,Event,116
A01032,Event,96
A01032,Webinar,48
A01032,Website,22
A01032,Event,1
A01032,Webinar,163
A01033,Campaign,110
A01033,Product Page,1
A01033,Campaign,126
A01033,Website,57
A01033,Website,35
A01033,Campaign,52
A01033,Website,55
A01033,Campaign,97
A01033,Event,132
A01034,Product Page,178
A01034,Campaign,175
A01034,Product Page,150
A01034,Website,1
A01034,Webinar,196
A01034,Product Page,259
A01034,Webinar,224
A01035,Website,115
A01035,Webinar,101
A01035,Event,66
A01035,Campaign,110
A01035,Product Page,239
A01035,Website,20
A01035,Product Page,139
A01036,Product Page,127
A01036,Event,153
A01036,Website,111
A01036,Webinar,137
A01036,Event,57
A01036,Webinar,100
A01036,Campaign,85
A01036,Webinar,68
A01036,Product Page,129
A01036,Event,165
A01037,Event,238
A01037,Product Page,222
A01037,Event,173
A01037,Campaign,111
A01037,Website,116
A01037,Webinar,122
A01037,Campaign,148
A01038,Webinar,65
A01038,Product Page,147
A01038,Product Page,155
A01038,Campaign,96
A01038,Website,139
A01038,Event,66
A01039,Campaign,210
A01039,Webinar,48
A01039,Campaign,143
A01039,Event,196
A01039,Website,129
A01040,Campaign,129
A01040,Website,198
A01040,Event,68
A01040,Webinar,269
A01040,Event,139
A01040,Product Page,133
A01040,Event,174
A01040,Webinar,1
A01040,Product Page,230
A01040,Event,56
A01040,Event,282
A01041,Product Page,188
A01041,Event,51
A01041,Event,53
A01041,Webinar,146
A01041,Product Page,160
A01041,Product Page,76
A01041,Website,183
A01041,Website,173
A01041,Campaign,121
A01041,Website,130
A01042,Website,19
A01043,Webinar,214
A01043,Event,107
A01043,Website,128
A01043,Website,200
A01043,Event,107
A01043,Webinar,134
A01044,Event,87
A01044,Event,110
A01044,Website,1
A01044,Campaign,21
A01044,Event,1
A01044,Webinar,145
A01044,Webinar,134
A01044,Website,282
A01044,Webinar,127
A01044,Webinar,120
A01044,Campaign,224
A01044,Campaign,69
A01044,Webinar,132
A01044,Webinar,200
A01045,Product Page,176
A01045,Event,106
A01045,Website,13
A01045,Product Page,179
A01045,Campaign,95
A01045,Product Page,103
A01045,Webinar,272
A01045,Product Page,60
A01045,Website,60
A01045,Event,57
A01045,Product Page,117
A01045,Event,79
A01045,Event,89
A01046,Product Page,133
A01046,Campaign,115
A01046,Webinar,90
A01046,Website,94
A01046,Webinar,68
A01046,Webinar,71
A01046,Website,74
A01046,Event,63
A01046,Campaign,214
A01046,Product Page,127
A01047,Website,89
A01048,Event,83
A01048,Campaign,50
A01048,Campaign,1
A01048,Webinar,28
A01048,Product Page,29
A01049,Product Page,178
A01049,Product Page,181
A01049,Website,181
A01049,Campaign,118
A01049,Webinar,137
A01049,Webinar,63
A01049,Webinar,115
A01049,Campaign,101
A01049,Website,1
A01050,Campaign,128
A01050,Webinar,107
A01050,Event,187
A01050,Event,96
A01050,Campaign,53
A01050,Campaign,82
A01050,Event,90
A01050,Event,85
A01050,Campaign,52
A01050,Website,180
A01050,Event,79
A01050,Webinar,59
A01050,Event,78
A01050,Product Page,73
A01050,Product Page,2
A01051,Event,118
A01051,Webinar,81
A01051,Webinar,129
A01051,Webinar,37
A01051,Campaign,84
A01051,Product Page,144
A01051,Event,158
A01051,Webinar,211
A01051,Product Page,220
A01051,Webinar,160
A01052,Campaign,152
A01052,Product Page,130
A01052,Webinar,58
A01052,Website,52
A01052,Website,193
A01052,Campaign,65
A01052,Campaign,158
A01052,Webinar,81
A01052,Product Page,144
A01052,Product Page,196
A01052,Website,220
A01053,Webinar,144
A01053,Event,52
A01053,Website,166
A01053,Webinar,152
A01053,Webinar,28
A01053,Event,1
A01053,Campaign,88
A01053,Product Page,5
A01053,Campaign,151
A01053,Campaign,131
A01053,Event,70
A01053,Webinar,3
A01053,Product Page,81
A01053,Webinar,176
A01053,Website,9
A01054,Campaign,193
A01054,Event,59
A01054,Website,28
A01054,Product Page,171
A01054,Campaign,153
A01054,Event,49
A01054,Campaign,34
A01054,Event,54
A01054,Website,99
A01054,Webinar,75
A01054,Webinar,216
A01055,Webinar,1
A01055,Campaign,9
A01055,Campaign,64
A01055,Event,167
A01055,Website,69
A01055,Webinar,29
A01055,Website,142
A01055,Website,82
A01055,Campaign,68
A01055,Event,1
A01055,Event,153
A01056,Campaign,78
A01056,Event,137
A01056,Product Page,114
A01056,Website,147
A01056,Event,61
A01056,Event,247
A01056,Webinar,125
A01056,Event,316
A01056,Webinar,38
A01056,Website,154
A01056,Event,236
A01056,Campaign,166
A01057,Product Page,126
A01057,Product Page,283
A01057,Product Page,55
A01057,Event,12
A01057,Campaign,113
A01057,Event,62
A01057,Webinar,130
A01057,Event,220
A01057,Event,178
A01057,Event,164
A01057,Campaign,67
A01058,Webinar,167
A01058,Event,146
A01058,Webinar,89
A01058,Website,171
A01058,Webinar,135
A01058,Website,139
A01058,Webinar,160
A01058,Webinar,158
A01058,Webinar,65
A01059,Campaign,178
A01059,Product Page,116
A01059,Event,69
A01059,Webinar,81
A01059,Webinar,80
A01059,Campaign,103
A01059,Campaign,136
A01059,Event,88
A01059,Website,191
A01060,Webinar,161
A01060,Product Page,25
A01060,Webinar,206
A01060,Campaign,40
A01060,Product Page,142
A01060,Event,82
A01060,Webinar,213
A01060,Event,1
A01060,Webinar,4
A01060,Product Page,9
A01060,Product Page,146
A01060,Webinar,60
A01060,Website,90
A01060,Product Page,135
A01061,Event,107
A01061,Event,183
A01061,Webinar,244
A01061,Event,82
A01062,Campaign,1
A01062,Campaign,137
A01062,Webinar,222
A01063,Campaign,211
A01063,Campaign,210
A01063,Campaign,205
A01063,Campaign,210
A01063,Website,202
A01063,Webinar,211
A01063,Event,87
A01063,Product Page,122
A01064,Website,365
A01064,Webinar,110
A01065,Campaign,341
A01065,Event,256
A01065,Website,190
A01066,Event,49
A01066,Campaign,2
A01066,Webinar,142
A01066,Website,88
A01066,Campaign,83
A01066,Product Page,74
A01066,Website,1
A01066,Webinar,162
A01066,Webinar,223
A01066,Webinar,1
A01066,Webinar,46
A01066,Product Page,64
A01066,Product Page,1
A01067,Product Page,142
A01067,Webinar,153
A01067,Webinar,23
A01067,Event,55
A01067,Website,84
A01067,Event,164
A01067,Product Page,127
A01067,Campaign,171
A01067,Product Page,184
A01068,Campaign,11
A01068,Product Page,1
A01068,Website,35
A01068,Product Page,74
A01068,Webinar,167
A01068,Website,103
A01068,Event,174
A01068,Event,187
A01068,Campaign,241
A01068,Webinar,81
A01069,Webinar,167
A01069,Product Page,40
A01069,Website,134
A01069,Product Page,113
A01069,Webinar,152
A01069,Event,3
A01069,Webinar,220
A01069,Website,120
A01069,Website,1
A01070,Event,74
A01070,Webinar,175
A01070,Webinar,198
A01070,Event,123
A01070,Product Page,121
A01070,Webinar,99
A01070,Webinar,173
A01070,Webinar,94
A01070,Website,73
A01070,Event,228
A01070,Campaign,139
A01071,Website,124
A01071,Website,174
A01071,Campaign,203
A01071,Campaign,158
A01071,Campaign,233
A01071,Webinar,134
A01071,Website,197
A01071,Webinar,154
A01071,Website,87
A01072,Campaign,145
A01072,Webinar,60
A01072,Campaign,54
A01072,Event,6
A01072,Product Page,79
A01072,Product Page,58
A01072,Event,209
A01072,Campaign,43
A01072,Webinar,119
A01072,Campaign,101
A01072,Event,80
A01072,Webinar,201
A01072,Product Page,183
A01073,Product Page,180
A01073,Campaign,111
A01073,Webinar,186
A01073,Campaign,119
A01073,Webinar,192
A01073,Event,80
A01073,Event,204
A01073,Event,193
A01073,Event,3
A01073,Campaign,212
A01074,Product Page,1
A01074,Event,216
A01074,Campaign,73
A01074,Event,51
A01074,Webinar,126
A01074,Product Page,103
A01074,Webinar,43
A01074,Event,25
A01074,Website,1
A01075,Website,74
A01075,Webinar,226
A01075,Website,140
A01075,Event,211
A01075,Campaign,46
A01075,Product Page,65
A01075,Campaign,172
A01076,Campaign,92
A01076,Product Page,174
A01076,Webinar,223
A01076,Webinar,224
A01076,Campaign,149
A01076,Webinar,183
A01077,Campaign,39
A01077,Website,110
A01077,Campaign,171
A01077,Product Page,111
A01077,Website,1
A01077,Webinar,50
A01077,Website,129
A01077,Event,52
A01077,Website,172
A01077,Event,94
A01077,Webinar,71
A01077,Website,1
A01077,Event,122
A01077,Product Page,71
A01078,Campaign,209
A01078,Website,52
A01078,Website,114
A01078,Campaign,181
A01078,Event,104
A01078,Event,150
A01078,Product Page,200
A01078,Product Page,180
A01078,Website,55
A01079,Website,32
A01079,Website,88
A01079,Product Page,244
A01079,Campaign,123
A01079,Webinar,146
A01079,Product Page,236
A01079,Product Page,45
A01079,Event,47
A01079,Website,44
A01079,Campaign,107
A01079,Campaign,197
A01079,Event,109
A01079,Website,37
A01080,Campaign,103
A01080,Website,153
A01080,Website,67
A01080,Event,122
A01080,Campaign,85
A01080,Event,1
A01080,Webinar,16
A01080,Product Page,72
A01080,Campaign,1
A01080,Webinar,92
A01080,Event,245
A01080,Product Page,158
A01080,Webinar,126
A01081,Webinar,113
A01081,Website,155
A01081,Product Page,54
A01081,Campaign,181
A01081,Event,167
A01081,Event,94
A01081,Event,108
A01081,Event,137
A01081,Product Page,158
A01081,Website,103
A01081,Product Page,187
A01082,Webinar,45
A01082,Campaign,58
A01082,Event,128
A01082,Campaign,183
A01082,Product Page,113
A01083,Product Page,165
A01083,Campaign,19
A01083,Website,89
A01083,Event,244
A01083,Campaign,184
A01083,Campaign,84
A01083,Website,170
A01084,Campaign,56
A01084,Website,13
A01084,Event,184
A01084,Event,196
A01084,Campaign,128
A01084,Website,166
A01084,Product Page,129
A01084,Campaign,46
A01084,Campaign,15
A01084,Product Page,218
A01084,Product Page,1
A01084,Event,86
A01084,Campaign,15
A01084,Website,137
A01084,Event,108
A01084,Event,1
A01084,Website,51
A01085,Product Page,45
A01085,Website,62
A01085,Webinar,67
A01085,Campaign,22
A01085,Webinar,135
A01085,Product Page,107
A01085,Event,131
A01085,Webinar,1
A01085,Campaign,231
A01085,Campaign,128
A01085,Event,160
A01085,Campaign,14
A01085,Event,76
A01085,Product Page,1
A01086,Webinar,123
A01086,Product Page,79
A01086,Product Page,144
A01086,Product Page,74
A01086,Campaign,226
A01086,Website,91
A01086,Product Page,61
A01086,Event,335
A01086,Product Page,25
A01087,Webinar,50
A01087,Campaign,96
A01087,Campaign,115
A01087,Event,76
A01087,Webinar,188
A01087,Product Page,86
A01087,Webinar,94
A01087,Campaign,90
A01087,Webinar,128
A01088,Event,159
A01088,Webinar,4
A01088,Website,210
A01088,Event,134
A01088,Campaign,106
A01088,Product Page,1
A01088,Product Page,49
A01088,Campaign,171
A01088,Campaign,150
A01088,Webinar,164
A01088,Campaign,100
A01088,Campaign,46
A01088,Website,164
A01089,Website,159
A01089,Website,93
A01089,Webinar,160
A01089,Campaign,160
A01089,Campaign,99
A01089,Product Page,97
A01089,Website,204
A01089,Website,110
A01089,Product Page,99
A01089,Product Page,89
A01089,Product Page,1
A01089,Product Page,165
A01089,Event,53
A01090,Event,140
A01090,Product Page,24
A01090,Event,199
A01090,Product Page,1
A01090,Event,221
A01091,Campaign,88
A01091,Campaign,38
A01091,Campaign,49
A01091,Product Page,6
A01091,Campaign,17
A01091,Event,185
A01091,Website,102
A01091,Website,162
A01091,Website,140
A01091,Event,51
A01092,Website,160
A01092,Product Page,139
A01092,Event,132
A01092,Event,144
A01092,Product Page,182
A01093,Product Page,82
A01093,Product Page,217
A01093,Campaign,110
A01093,Campaign,18
A01093,Webinar,184
A01093,Product Page,148
A01093,Campaign,74
A01093,Webinar,20
A01093,Product Page,24
A01094,Event,230
A01094,Webinar,94
A01094,Event,151
A01094,Webinar,71
A01094,Campaign,141
A01094,Webinar,48
A01095,Campaign,137
A01096,Webinar,217
A01096,Product Page,317
A01096,Website,225
A01096,Event,158
A01096,Event,153
A01096,Campaign,148
A01097,Product Page,260
A01097,Webinar,234
A01097,Event,49
A01097,Product Page,174
A01097,Website,277
A01098,Website,186
A01098,Product Page,144
A01098,Website,92
A01098,Event,241
A01098,Product Page,231
A01098,Event,204
A01098,Event,253
A01099,Webinar,45
A01099,Product Page,102
A01099,Product Page,99
A01099,Campaign,1
A01099,Campaign,10
A01099,Campaign,41
A01099,Product Page,8
A01099,Product Page,117
A01099,Event,87
A01099,Webinar,155
A01099,Event,124
A01099,Product Page,63
A01099,Website,5
A01100,Website,129
A01100,Website,96
A01100,Campaign,28
A01100,Event,111
A01100,Webinar,147
A01100,Website,116
A01100,Campaign,210
A01101,Campaign,1
A01101,Event,20
A01101,Event,81
A01101,Event,211
A01101,Webinar,41
A01101,Product Page,159
A01101,Campaign,203
A01102,Product Page,67
A01102,Campaign,214
A01102,Event,120
A01102,Event,114
A01102,Website,245
A01102,Event,177
A01102,Campaign,115
A01103,Website,6
A01103,Event,1
A01103,Webinar,1
A01103,Event,33
A01103,Product Page,68
A01103,Website,204
A01103,Webinar,1
A01103,Webinar,145
A01103,Event,76
A01103,Event,130
A01103,Website,127
A01103,Event,142
A01103,Website,151
A01103,Product Page,58
A01103,Product Page,142
A01103,Event,116
A01103,Webinar,21
A01103,Event,218
A01103,Campaign,132
A01103,Product Page,60
A01103,Campaign,37
A01103,Campaign,140
A01104,Product Page,215
A01104,Webinar,56
A01104,Campaign,141
A01104,Website,27
A01104,Event,214
A01104,Webinar,145
A01105,Website,142
A01105,Product Page,105
A01105,Campaign,94
A01105,Campaign,73
A01105,Event,132
A01105,Event,59
A01105,Webinar,90
A01105,Webinar,81
A01105,Website,50
A01105,Webinar,2
A01106,Webinar,196
A01106,Event,140
A01106,Campaign,11
A01106,Product Page,104
A01106,Website,289
A01106,Webinar,157
A01106,Website,28
A01107,Website,208
A01107,Webinar,47
A01107,Event,106
A01107,Event,1
A01107,Website,1
A01107,Campaign,86
A01107,Event,104
A01107,Campaign,1
A01107,Product Page,75
A01107,Event,124
A01107,Product Page,194
A01107,Product Page,80
A01107,Product Page,114
A01107,Website,64
A01107,Website,1
A01108,Campaign,130
A01108,Product Page,168
A01108,Webinar,80
A01109,Campaign,332
A01109,Webinar,80
A01109,Product Page,119
A01109,Product Page,240
A01109,Campaign,236
A01109,Website,153
A01110,Event,167
A01110,Product Page,1
A01110,Campaign,70
A01110,Website,133
A01110,Event,107
A01110,Product Page,40
A01110,Product Page,110
A01110,Campaign,149
A01110,Website,171
A01110,Webinar,201
A01110,Product Page,107
A01110,Campaign,62
A01111,Product Page,181
A01111,Campaign,95
A01111,Event,179
A01111,Campaign,56
A01111,Webinar,151
A01111,Webinar,105
A01111,Campaign,193
A01111,Webinar,104
A01111,Campaign,132
A01111,Campaign,45
A01111,Product Page,135
A01111,Webinar,93
A01111,Webinar,78
A01111,Product Page,34
A01111,Event,1
A01112,Product Page,23
A01112,Webinar,98
A01112,Product Page,50
A01112,Product Page,124
A01113,Website,64
A01113,Webinar,71
A01113,Website,82
A01113,Website,84
A01113,Website,184
A01113,Event,1
A01113,Campaign,118
A01114,Webinar,104
A01114,Website,155
A01114,Campaign,52
A01114,Webinar,249
A01114,Webinar,170
A01114,Product Page,62
A01114,Campaign,52
A01114,Event,238
A01114,Webinar,28
A01114,Website,6
A01114,Campaign,170
A01114,Campaign,58
A01115,Website,72
A01115,Product Page,141
A01115,Website,143
A01115,Product Page,141
A01115,Webinar,77
A01115,Campaign,163
A01115,Campaign,171
A01115,Webinar,153
A01115,Webinar,159
A01115,Campaign,161
A01115,Website,137
A01116,Event,93
A01116,Website,103
A01116,Product Page,34
A01117,Product Page,82
A01117,Website,52
A01117,Campaign,39
A01117,Campaign,75
A01117,Website,92
A01117,Webinar,107
A01117,Campaign,226
A01117,Webinar,35
A01117,Campaign,30
A01117,Webinar,173
A01118,Product Page,118
A01118,Webinar,119
A01118,Webinar,10
A01118,Webinar,47
A01118,Website,116
A01118,Product Page,142
A01118,Product Page,41
A01118,Campaign,95
A01118,Event,110
A01118,Website,137
A01118,Website,120
A01118,Website,240
A01118,Webinar,56
A01118,Campaign,193
A01119,Campaign,1
A01119,Event,1
A01119,Campaign,164
A01119,Event,82
A01119,Webinar,107
A01119,Website,106
A01120,Webinar,57
A01120,Product Page,146
A01120,Product Page,161
A01120,Event,62
A01120,Webinar,80
A01120,Webinar,59
A01120,Website,123
A01120,Event,67
A01120,Campaign,167
A01120,Webinar,119
A01120,Product Page,26
A01120,Webinar,18
A01121,Event,175
A01121,Event,365
A01121,Campaign,12
A01121,Campaign,78
A01121,Event,261
A01121,Event,179
A01121,Event,180
A01121,Webinar,157
A01121,Event,110
A01121,Event,81
A01121,Product Page,118
A01121,Event,48
A01122,Webinar,121
A01122,Webinar,129
A01122,Campaign,224
A01122,Webinar,165
A01122,Website,155
A01122,Website,141
A01123,Campaign,1
A01123,Webinar,31
A01123,Campaign,81
A01123,Event,104
A01123,Product Page,267
A01123,Campaign,130
A01123,Product Page,194
A01123,Campaign,13
A01123,Campaign,73
A01123,Website,158
A01124,Product Page,114
A01124,Webinar,85
A01124,Website,1
A01124,Product Page,42
A01124,Product Page,93
A01125,Campaign,166
A01125,Product Page,120
A01125,Webinar,212
A01125,Webinar,131
A01125,Website,118
A01125,Webinar,251
A01125,Product Page,61
A01125,Webinar,165
A01125,Campaign,50
A01125,Event,50
A01125,Product Page,78
A01125,Webinar,123
A01126,Webinar,45
A01126,Webinar,75
A01126,Product Page,173
A01126,Webinar,154
A01126,Website,73
A01126,Event,82
A01126,Website,32
A01126,Website,87
A01126,Product Page,76
A01127,Campaign,19
A01127,Event,72
A01127,Event,174
A01127,Campaign,121
A01127,Webinar,246
A01128,Event,156
A01128,Webinar,114
A01128,Product Page,66
A01128,Product Page,46
A01128,Campaign,192
A01128,Webinar,62
A01128,Website,212
A01128,Campaign,79
A01128,Webinar,43
A01128,Product Page,211
A01129,Event,85
A01129,Event,87
A01129,Campaign,80
A01129,Event,46
A01129,Product Page,92
A01130,Event,176
A01130,Campaign,24
A01130,Campaign,76
A01130,Campaign,65
A01130,Product Page,198
A01130,Website,25
A01130,Webinar,110
A01130,Event,1
A01130,Webinar,91
A01130,Webinar,181
A01130,Website,35
A01130,Product Page,55
A01130,Event,33
A01130,Event,1
A01130,Webinar,75
A01130,Event,118
A01131,Website,311
A01131,Event,109
A01131,Website,224
A01131,Product Page,190
A01131,Campaign,96
A01132,Event,91
A01132,Product Page,91
A01132,Campaign,95
A01132,Website,1
A01132,Product Page,156
A01132,Website,72
A01132,Product Page,167
A01132,Webinar,108
A01132,Webinar,91
A01132,Product Page,95
A01132,Website,145
A01133,Webinar,207
A01133,Website,174
A01133,Product Page,208
A01133,Campaign,120
A01133,Event,181
A01133,Webinar,70
A01133,Product Page,67
A01133,Product Page,77
A01133,Campaign,165
A01133,Event,149
A01133,Website,187
A01133,Website,94
A01133,Campaign,6
A01133,Webinar,27
A01133,Event,160
A01133,Product Page,32
A01134,Product Page,188
A01134,Campaign,106
A01135,Webinar,40
A01135,Event,64
A01135,Product Page,34
A01135,Campaign,1
A01135,Campaign,193
A01135,Webinar,54
A01135,Website,100
A01136,Event,104
A01136,Event,267
A01136,Product Page,140
A01136,Product Page,148
A01136,Website,160
A01136,Campaign,277
A01136,Webinar,294
A01136,Webinar,162
A01136,Webinar,157
A01136,Campaign,113
A01136,Event,225
A01136,Campaign,1
A01137,Website,164
A01137,Event,260
A01137,Campaign,221
A01137,Website,183
A01137,Event,210
A01137,Website,1
A01137,Website,14
A01137,Event,114
A01137,Website,121
A01137,Webinar,131
A01137,Product Page,132
A01137,Website,164
A01137,Event,15
A01138,Product Page,64
A01138,Website,1
A01138,Website,21
A01138,Website,234
A01138,Product Page,63
A01138,Event,60
A01138,Website,160
A01138,Campaign,262
A01139,Product Page,66
A01139,Campaign,101
A01139,Product Page,160
A01139,Webinar,50
A01139,Campaign,130
A01139,Webinar,136
A01139,Webinar,21
A01139,Website,1
A01139,Website,1
A01139,Event,1
A01140,Event,118
A01140,Product Page,60
A01140,Event,110
A01140,Campaign,33
A01140,Webinar,240
A01140,Event,62
A01140,Campaign,55
A01140,Product Page,140
A01140,Webinar,105
A01140,Website,183
A01141,Event,66
A01141,Event,104
A01141,Event,163
A01141,Product Page,128
A01141,Product Page,60
A01141,Event,116
A01141,Campaign,87
A01141,Event,27
A01141,Product Page,145
A01141,Event,199
A01142,Webinar,252
A01142,Website,161
A01142,Campaign,112
A01142,Product Page,232
A01142,Product Page,65
A01142,Product Page,116
A01142,Product Page,184
A01142,Event,80
A01142,Campaign,121
A01142,Event,220
A01142,Webinar,156
A01142,Campaign,1
A01142,Event,61
A01143,Campaign,131
A01143,Event,93
A01143,Webinar,23
A01143,Webinar,169
A01143,Website,280
A01143,Campaign,7
A01143,Campaign,99
A01143,Campaign,27
A01143,Event,123
A01143,Webinar,158
A01143,Event,180
A01143,Website,59
A01143,Campaign,90
A01143,Webinar,175
A01144,Product Page,12
A01144,Webinar,1
A01144,Product Page,107
A01144,Campaign,1
A01144,Product Page,55
A01144,Event,182
A01144,Campaign,37
A01144,Product Page,156
A01144,Webinar,92
A01145,Webinar,1
A01145,Event,180
A01145,Webinar,79
A01145,Product Page,36
A01145,Campaign,1
A01145,Campaign,33
A01145,Campaign,118
A01145,Product Page,86
A01146,Website,210
A01146,Website,43
A01146,Product Page,260
A01146,Product Page,74
A01147,Event,1
A01147,Campaign,148
A01147,Product Page,102
A01147,Campaign,1
A01147,Event,1
A01147,Event,186
A01147,Campaign,11
A01147,Campaign,117
A01147,Webinar,154
A01147,Website,1
A01147,Webinar,187
A01147,Product Page,1
A01148,Campaign,115
A01148,Campaign,158
A01148,Webinar,1
A01148,Webinar,12
A01148,Event,269
A01148,Product Page,86
A01148,Campaign,170
A01148,Website,65
A01148,Event,130
A01148,Website,48
A01149,Event,167
A01149,Product Page,263
A01149,Website,14
A01149,Product Page,58
A01149,Website,112
A01150,Webinar,128
A01150,Event,186
A01150,Event,298
A01150,Event,140
A01150,Campaign,185
A01150,Webinar,27
A01150,Product Page,108
A01150,Webinar,147
A01151,Event,83
A01151,Website,82
A01151,Webinar,217
A01151,Website,54
A01151,Website,96
A01151,Website,27
A01151,Event,49
A01151,Campaign,25
A01151,Website,128
A01151,Website,111
A01152,Product Page,34
A01152,Event,204
A01152,Website,266
A01152,Website,34
A01152,Website,130
A01152,Product Page,105
A01153,Webinar,95
A01153,Website,279
A01153,Campaign,120
A01153,Campaign,142
A01153,Website,313
A01153,Campaign,58
A01153,Campaign,187
A01153,Webinar,128
A01154,Event,42
A01154,Product Page,82
A01154,Webinar,119
A01154,Campaign,86
A01154,Product Page,72
A01154,Campaign,214
A01154,Website,203
A01154,Product Page,10
A01155,Campaign,163
A01155,Webinar,1
A01155,Product Page,91
A01155,Webinar,127
A01155,Event,45
A01155,Campaign,182
A01155,Event,48
A01155,Website,69
A01156,Campaign,156
A01156,Event,116
A01156,Webinar,44
A01156,Campaign,170
A01156,Event,7
A01157,Website,176
A01157,Webinar,139
A01157,Event,123
A01157,Webinar,188
A01157,Product Page,57
A01157,Website,60
A01157,Website,208
A01157,Campaign,100
A01157,Webinar,89
A01158,Event,64
A01158,Campaign,174
A01158,Product Page,219
A01158,Event,120
A01158,Campaign,74
A01158,Campaign,65
A01159,Product Page,6
A01159,Event,47
A01159,Webinar,109
A01159,Campaign,228
A01159,Product Page,216
A01159,Website,190
A01159,Event,13
A01159,Campaign,81
A01159,Product Page,195
A01159,Campaign,149
A01159,Website,158
A01159,Product Page,88
A01160,Event,76
A01160,Webinar,115
A01160,Website,78
A01160,Campaign,271
A01160,Product Page,102
A01160,Webinar,212
A01160,Website,182
A01160,Website,154
A01160,Webinar,77
A01161,Website,188
A01161,Webinar,120
A01161,Campaign,192
A01161,Campaign,248
A01161,Webinar,1
A01161,Campaign,1
A01161,Website,119
A01161,Event,24
A01161,Webinar,21
A01161,Product Page,118
A01161,Website,33
A01161,Event,98
A01161,Event,69
A01162,Webinar,165
A01162,Website,181
A01162,Event,195
A01162,Campaign,120
A01162,Product Page,246
A01162,Campaign,158
A01163,Campaign,116
A01163,Event,176
A01163,Event,175
A01164,Webinar,1
A01164,Campaign,173
A01164,Product Page,69
A01164,Website,206
A01164,Website,159
A01164,Website,126
A01164,Website,148
A01164,Product Page,280
A01164,Webinar,30
A01164,Campaign,1
A01164,Webinar,6
A01164,Product Page,162
A01164,Event,84
A01164,Webinar,116
A01164,Product Page,77
A01165,Campaign,38
A01165,Website,92
A01165,Event,63
A01165,Campaign,53
A01165,Website,57
A01166,Webinar,242
A01166,Website,1
A01166,Campaign,176
A01166,Campaign,8
A01167,Campaign,123
A01167,Campaign,1
A01167,Webinar,91
A01167,Campaign,84
A01167,Webinar,135
A01167,Campaign,7
A01167,Event,140
A01167,Event,100
A01167,Event,35
A01168,Webinar,49
A01168,Campaign,140
A01168,Campaign,50
A01168,Campaign,40
A01168,Product Page,130
A01168,Product Page,84
A01168,Webinar,33
A01168,Website,78
A01169,Event,80
A01169,Webinar,253
A01169,Event,159
A01169,Event,80
A01169,Website,73
A01169,Website,56
A01169,Webinar,199
A01169,Website,86
A01169,Webinar,98
A01169,Event,190
A01169,Campaign,209
A01169,Website,166
A01170,Event,74
A01170,Campaign,28
A01170,Event,174
A01170,Webinar,44
A01170,Website,151
A01170,Website,116
A01170,Webinar,182
A01171,Product Page,228
A01171,Webinar,221
A01171,Product Page,179
A01171,Product Page,129
A01171,Product Page,212
A01171,Webinar,61
A01171,Event,277
A01171,Product Page,231
A01171,Product Page,79
A01172,Product Page,78
A01172,Campaign,118
A01172,Campaign,216
A01172,Event,63
A01172,Campaign,69
A01172,Webinar,249
A01172,Webinar,158
A01172,Event,100
A01172,Event,40
A01172,Product Page,99
A01172,Website,102
A01172,Product Page,46
A01173,Event,198
A01173,Webinar,239
A01173,Webinar,202
A01173,Campaign,188
A01173,Webinar,136
A01173,Campaign,243
A01173,Campaign,153
A01174,Product Page,1
A01174,Website,55
A01174,Campaign,104
A01174,Campaign,1
A01174,Campaign,8
A01174,Website,28
A01174,Event,1
A01174,Event,1
A01174,Event,202
A01174,Event,1
A01174,Event,188
A01175,Product Page,181
A01175,Event,132
A01175,Website,215
A01175,Event,114
A01175,Product Page,2
A01176,Webinar,88
A01176,Website,4
A01176,Campaign,37
A01176,Event,60
A01176,Event,206
A01176,Event,19
A01176,Event,115
A01176,Product Page,123
A01176,Campaign,112
A01176,Webinar,1
A01176,Event,76
A01176,Product Page,137
A01176,Webinar,156
A01177,Event,195
A01177,Website,32
A01177,Event,130
A01177,Campaign,163
A01177,Website,203
A01177,Product Page,159
A01177,Webinar,103
A01177,Campaign,116
A01178,Campaign,268
A01178,Campaign,90
A01178,Campaign,116
A01178,Product Page,106
A01178,Campaign,123
A01178,Event,170
A01178,Product Page,172
A01178,Website,77
A01178,Campaign,105
A01178,Product Page,59
A01178,Website,204
A01178,Campaign,166
A01178,Website,67
A01178,Campaign,131
A01179,Event,147
A01179,Webinar,155
A01179,Event,207
A01179,Website,11
A01179,Campaign,9
A01179,Website,43
A01179,Webinar,39
A01179,Event,191
A01179,Webinar,125
A01180,Product Page,122
A01180,Product Page,215
A01180,Webinar,45
A01180,Event,145
A01180,Event,121
A01180,Campaign,1
A01180,Product Page,27
A01180,Event,91
A01180,Website,74
A01180,Event,202
A01181,Webinar,267
A01181,Website,56
A01181,Webinar,151
A01181,Event,1
A01181,Event,144
A01181,Webinar,102
A01181,Website,116
A01181,Webinar,153
A01181,Webinar,234
A01181,Event,156
A01182,Product Page,122
A01182,Website,2
A01182,Event,1
A01182,Campaign,189
A01182,Event,94
A01182,Webinar,114
A01182,Webinar,50
A01182,Website,99
A01183,Website,163
A01183,Product Page,35
A01183,Webinar,174
A01183,Webinar,1
A01183,Product Page,35
A01183,Event,98
A01184,Webinar,67
A01184,Webinar,98
A01184,Webinar,272
A01184,Product Page,209
A01184,Event,158
A01184,Webinar,209
A01184,Webinar,254
A01184,Webinar,94
A01184,Event,265
A01185,Campaign,164
A01185,Product Page,1
A01185,Webinar,157
A01185,Campaign,59
A01185,Website,23
A01185,Campaign,126
A01185,Event,116
A01185,Product Page,103
A01185,Event,105
A01185,Product Page,161
A01185,Product Page,185
A01185,Event,58
A01185,Website,160
A01186,Webinar,75
A01186,Campaign,122
A01186,Product Page,79
A01186,Campaign,185
A01186,Event,227
A01186,Product Page,39
A01186,Product Page,87
A01186,Campaign,4
A01186,Product Page,74
A01186,Webinar,146
A01186,Product Page,120
A01186,Website,106
A01187,Website,137
A01187,Website,186
A01187,Website,107
A01187,Product Page,129
A01187,Webinar,10
A01187,Campaign,2
A01187,Campaign,73
A01187,Website,1
A01187,Website,151
A01187,Product Page,59
A01188,Event,226
A01188,Campaign,113
A01188,Website,255
A01189,Website,221
A01189,Website,85
A01189,Website,205
A01189,Campaign,163
A01189,Product Page,138
A01189,Webinar,238
A01189,Website,148
A01189,Website,1
A01189,Product Page,112
A01190,Webinar,123
A01190,Event,95
A01190,Event,141
A01190,Campaign,180
A01190,Campaign,82
A01190,Website,201
A01191,Webinar,18
A01191,Campaign,90
A01191,Event,150
A01191,Product Page,104
A01191,Product Page,85
A01191,Campaign,127
A01191,Webinar,206
A01191,Webinar,55
A01191,Webinar,149
A01192,Campaign,120
A01192,Webinar,119
A01192,Event,90
A01192,Product Page,91
A01192,Website,246
A01192,Event,202
A01192,Event,149
A01192,Webinar,165
A01193,Event,75
A01193,Website,143
A01193,Website,150
A01193,Webinar,123
A01193,Webinar,78
A01194,Campaign,25
A01194,Website,51
A01194,Product Page,38
A01194,Webinar,59
A01194,Product Page,115
A01194,Website,108
A01194,Website,119
A01194,Event,114
A01194,Campaign,140
A01194,Product Page,74
A01194,Event,87
A01194,Event,9
A01194,Campaign,137
A01194,Campaign,22
A01194,Website,163
A01194,Website,68
A01194,Website,147
A01194,Webinar,1
A01195,Website,15
A01195,Campaign,256
A01195,Campaign,81
A01195,Product Page,243
A01195,Product Page,51
A01195,Campaign,76
A01195,Webinar,229
A01195,Webinar,184
A01195,Product Page,116
A01195,Event,127
A01196,Webinar,105
A01196,Campaign,131
A01196,Webinar,54
A01196,Webinar,158
A01196,Website,111
A01196,Product Page,191
A01196,Website,1
A01196,Product Page,33
A01196,Product Page,122
A01196,Campaign,155
A01197,Webinar,173
A01197,Webinar,85
A01197,Campaign,139
A01197,Campaign,1
A01197,Product Page,120
A01197,Campaign,156
A01197,Campaign,225
A01197,Website,1
A01197,Event,1
A01197,Campaign,172
A01197,Product Page,1
A01197,Product Page,194
A01197,Event,172
A01197,Event,1
A01197,Product Page,100
A01197,Website,133
A01197,Event,92
A01197,Campaign,59
A01198,Webinar,178
A01198,Product Page,84
A01198,Campaign,151
A01198,Campaign,60
A01198,Webinar,195
A01198,Website,110
A01198,Event,143
A01199,Product Page,97
A01199,Campaign,137
A01199,Product Page,170
A01199,Product Page,14
A01199,Event,64
A01199,Event,43
A01200,Campaign,63
A01200,Campaign,137
A01200,Webinar,1
A01200,Product Page,77
A01200,Website,227
A01200,Campaign,94
A01200,Campaign,194
A01200,Webinar,192
A01200,Website,272
A01200,Webinar,152
A01200,Event,188
A01201,Campaign,147
A01201,Website,111
A01201,Product Page,25
A01201,Product Page,80
A01201,Website,39
A01201,Website,102
A01201,Event,44
A01201,Webinar,28
A01201,Event,153
A01201,Product Page,202
A01201,Webinar,1
A01201,Campaign,63
A01202,Webinar,107
A01202,Website,181
A01202,Product Page,181
A01202,Product Page,184
A01202,Product Page,134
A01202,Campaign,56
A01202,Website,198
A01202,Website,144
A01202,Website,113
A01202,Webinar,65
A01202,Campaign,170
A01202,Product Page,192
A01202,Webinar,103
A01202,Campaign,102
A01203,Event,105
A01203,Website,67
A01203,Webinar,94
A01203,Event,66
A01203,Webinar,115
A01203,Webinar,85
A01203,Product Page,227
A01203,Website,176
A01204,Campaign,176
A01204,Campaign,174
A01204,Webinar,249
A01204,Product Page,92
A01204,Webinar,103
A01204,Webinar,165
A01204,Webinar,182
A01205,Webinar,26
A01205,Product Page,114
A01205,Website,158
A01205,Webinar,125
A01205,Website,93
A01205,Webinar,109
A01206,Webinar,96
A01206,Campaign,122
A01206,Website,96
A01206,Campaign,25
A01206,Webinar,200
A01206,Product Page,71
A01206,Event,85
A01207,Webinar,165
A01207,Product Page,61
A01207,Event,53
A01207,Event,67
A01207,Website,211
A01207,Website,185
A01207,Campaign,167
A01208,Campaign,37
A01208,Event,89
A01208,Campaign,153
A01208,Webinar,213
A01208,Product Page,78
A01208,Website,108
A01208,Campaign,92
A01208,Event,1
A01208,Website,195
A01208,Webinar,171
A01208,Product Page,67
A01208,Webinar,185
A01208,Product Page,79
A01208,Campaign,221
A01208,Webinar,123
A01209,Product Page,179
A01209,Event,135
A01209,Website,44
A01209,Campaign,223
A01209,Webinar,174
A01210,Website,226
A01210,Product Page,1
A01210,Product Page,65
A01210,Event,99
A01210,Product Page,191
A01210,Website,166
A01210,Event,211
A01210,Product Page,23
A01210,Event,32
A01210,Product Page,89
A01210,Product Page,112
A01211,Website,249
A01211,Event,51
A01211,Website,99
A01211,Webinar,254
A01211,Campaign,159
A01211,Website,1
A01211,Event,46
A01211,Campaign,37
A01212,Product Page,66
A01212,Event,164
A01212,Website,159
A01212,Product Page,139
A01212,Webinar,81
A01212,Event,128
A01213,Webinar,133
A01213,Event,87
A01213,Product Page,96
A01213,Event,146
A01213,Website,151
A01213,Event,104
A01213,Website,73
A01213,Event,82
A01213,Campaign,84
A01213,Webinar,145
A01213,Website,47
A01213,Website,85
A01213,Event,170
A01213,Website,1
A01213,Campaign,176
A01214,Website,100
A01214,Product Page,111
A01214,Webinar,59
A01214,Product Page,86
A01214,Campaign,128
A01214,Campaign,130
A01214,Webinar,32
A01214,Webinar,36
A01214,Product Page,105
A01215,Website,186
A01215,Website,164
A01215,Webinar,66
A01215,Event,101
A01215,Event,243
A01215,Website,136
A01215,Event,96
A01215,Campaign,180
A01216,Webinar,231
A01216,Campaign,123
A01216,Campaign,188
A01216,Product Page,138
A01216,Product Page,152
A01216,Product Page,43
A01217,Event,96
A01217,Campaign,129
A01217,Event,45
A01217,Webinar,40
A01217,Webinar,5
A01217,Campaign,169
A01217,Website,39
A01217,Product Page,99
A01217,Campaign,1
A01217,Campaign,55
A01218,Webinar,184
A01218,Campaign,167
A01218,Campaign,40
A01218,Event,152
A01218,Event,272
A01218,Product Page,48
A01218,Website,66
A01218,Product Page,150
A01218,Website,209
A01219,Webinar,1
A01219,Website,16
A01219,Website,217
A01219,Campaign,19
A01219,Product Page,108
A01219,Website,57
A01220,Website,160
A01220,Product Page,171
A01220,Webinar,153
A01220,Campaign,150
A01220,Event,205
A01220,Event,24
A01220,Product Page,85
A01220,Campaign,57
A01220,Website,221
A01220,Campaign,85
A01221,Campaign,17
A01221,Website,43
A01221,Event,87
A01221,Webinar,164
A01221,Event,1
A01221,Event,54
A01221,Event,99
A01221,Webinar,133
A01222,Product Page,116
A01222,Campaign,142
A01222,Website,64
A01222,Webinar,40
A01222,Website,54
A01222,Website,116
A01222,Webinar,102
A01222,Campaign,58
A01222,Event,109
A01222,Event,73
A01222,Website,151
A01222,Campaign,167
A01222,Webinar,130
A01223,Product Page,118
A01223,Campaign,208
A01223,Webinar,140
A01223,Website,215
A01223,Event,259
A01223,Event,356
A01223,Website,173
A01223,Product Page,65
A01223,Webinar,76
A01223,Product Page,184
A01223,Product Page,102
A01223,Product Page,102
A01224,Event,146
A01224,Campaign,172
A01224,Event,142
A01224,Website,90
A01225,Campaign,188
A01225,Product Page,64
A01225,Product Page,112
A01225,Campaign,169
A01225,Event,28
A01225,Website,142
A01225,Campaign,78
A01225,Website,1
A01225,Website,156
A01225,Event,1
A01225,Event,69
A01225,Event,27
A01225,Website,58
A01225,Event,48
A01226,Product Page,157
A01226,Product Page,58
A01226,Event,58
A01226,Website,236
A01226,Campaign,185
A01226,Webinar,110
A01226,Website,192
A01226,Website,141
A01227,Website,85
A01227,Webinar,150
A01227,Event,168
A01227,Product Page,145
A01227,Product Page,87
A01227,Product Page,291
A01227,Product Page,260
A01227,Campaign,1
A01227,Website,184
A01227,Event,52
A01227,Campaign,277
A01227,Product Page,31
A01227,Product Page,170
A01227,Website,217
A01227,Website,80
A01228,Campaign,112
A01228,Campaign,54
A01228,Webinar,347
A01228,Webinar,26
A01228,Campaign,88
A01228,Campaign,147
A01228,Website,123
A01228,Event,212
A01229,Product Page,182
A01229,Event,121
A01229,Campaign,97
A01229,Product Page,1
A01229,Product Page,102
A01229,Product Page,92
A01229,Product Page,245
A01229,Campaign,71
A01229,Website,42
A01229,Campaign,207
A01229,Webinar,49
A01229,Webinar,78
A01229,Webinar,130
A01229,Campaign,186
A01229,Product Page,161
A01229,Event,1
A01229,Event,103
A01229,Campaign,14
A01230,Campaign,303
A01230,Campaign,164
A01230,Event,104
A01230,Event,166
A01230,Website,58
A01230,Product Page,16
A01231,Webinar,170
A01231,Webinar,32
A01231,Event,1
A01231,Campaign,75
A01231,Event,1
A01231,Product Page,38
A01231,Product Page,44
A01231,Webinar,106
A01231,Event,4
A01231,Event,9
A01232,Product Page,95
A01232,Product Page,185
A01232,Website,48
A01232,Website,108
A01232,Webinar,26
A01232,Event,141
A01232,Product Page,222
A01232,Campaign,81
A01232,Webinar,1
A01232,Product Page,153
A01232,Product Page,122
A01232,Product Page,59
A01233,Event,185
A01233,Website,89
A01234,Event,154
A01234,Campaign,280
A01234,Event,79
A01234,Webinar,110
A01234,Website,1
A01234,Campaign,54
A01234,Event,150
A01234,Campaign,187
A01234,Campaign,67
A01235,Website,104
A01235,Product Page,53
A01235,Product Page,144
A01235,Webinar,27
A01235,Campaign,119
A01236,Campaign,117
A01236,Campaign,115
A01236,Product Page,261
A01236,Webinar,111
A01236,Webinar,52
A01237,Campaign,59
A01237,Event,101
A01237,Website,24
A01237,Website,128
A01237,Campaign,38
A01237,Webinar,112
A01237,Product Page,1
A01237,Product Page,144
A01237,Website,155
A01237,Event,1
A01237,Website,24
A01237,Campaign,108
A01237,Website,179
A01237,Webinar,100
A01238,Product Page,91
A01238,Webinar,114
A01238,Product Page,243
A01239,Campaign,174
A01239,Product Page,146
A01239,Event,53
A01239,Website,209
A01239,Campaign,118
A01239,Website,140
A01239,Event,133
A01239,Product Page,196
A01240,Product Page,58
A01240,Webinar,1
A01240,Website,30
A01240,Product Page,32
A01240,Campaign,64
A01240,Product Page,44
A01240,Event,46
A01240,Product Page,112
A01240,Website,48
A01240,Event,1
A01241,Website,47
A01241,Product Page,64
A01241,Product Page,51
A01241,Product Page,95
A01241,Website,106
A01241,Webinar,207
A01241,Website,162
A01241,Webinar,108
A01241,Website,121
A01241,Webinar,120
A01241,Website,79
A01242,Website,11
A01242,Event,1
A01242,Campaign,27
A01242,Webinar,120
A01242,Event,1
A01242,Event,36
A01242,Website,195
A01242,Website,149
A01242,Event,83
A01242,Campaign,1
A01242,Event,1
A01242,Webinar,1
A01242,Campaign,1
A01242,Campaign,132
A01242,Product Page,34
A01243,Product Page,111
A01243,Webinar,170
A01243,Product Page,112
A01243,Product Page,107
A01243,Event,121
A01243,Campaign,56
A01243,Webinar,14
A01243,Campaign,135
A01243,Campaign,138
A01243,Product Page,64
A01243,Website,109
A01243,Campaign,1
A01243,Webinar,176
A01243,Website,101
A01243,Campaign,96
A01244,Webinar,168
A01244,Product Page,41
A01244,Campaign,88
A01244,Product Page,35
A01244,Website,154
A01244,Campaign,56
A01244,Event,137
A01244,Webinar,33
A01244,Event,4
A01244,Webinar,17
A01244,Webinar,148
A01244,Product Page,124
A01244,Campaign,5
A01244,Website,118
A01245,Event,224
A01245,Website,53
A01245,Event,177
A01245,Product Page,156
A01245,Website,179
A01245,Webinar,116
A01245,Product Page,177
A01245,Event,80
A01245,Event,166
A01246,Product Page,4
A01246,Campaign,182
A01246,Website,100
A01246,Product Page,108
A01246,Webinar,198
A01246,Campaign,104
A01246,Website,68
A01247,Event,99
A01247,Webinar,125
A01247,Webinar,41
A01247,Event,157
A01247,Webinar,130
A01247,Campaign,69
A01247,Product Page,1
A01248,Campaign,146
A01248,Event,145
A01248,Product Page,60
A01248,Webinar,86
A01248,Campaign,110
A01248,Event,97
A01248,Event,139
A01248,Webinar,243
A01248,Product Page,171
A01249,Website,136
A01249,Event,125
A01249,Event,81
A01249,Product Page,90
A01249,Event,127
A01249,Event,85
A01249,Website,167
A01249,Webinar,51
A01249,Webinar,114
A01249,Campaign,136
A01249,Website,194
A01249,Product Page,214
A01249,Campaign,173
A01250,Product Page,75
A01250,Event,92
A01250,Webinar,103
A01250,Product Page,190
A01250,Website,92
A01250,Website,130
A01250,Webinar,109
A01250,Campaign,53
A01250,Website,65
A01250,Product Page,86
A01250,Event,127
A01250,Website,104
A01250,Product Page,147
A01250,Event,22
A01251,Website,194
A01251,Webinar,61
A01251,Event,170
A01251,Event,57
A01251,Webinar,277
A01251,Product Page,145
A01251,Event,93
A01251,Campaign,53
A01251,Product Page,2
A01251,Webinar,167
A01252,Product Page,240
A01252,Event,85
A01252,Product Page,59
A01252,Campaign,149
A01252,Campaign,318
A01253,Event,177
A01253,Event,116
A01253,Product Page,226
A01253,Product Page,107
A01253,Webinar,3
A01253,Event,224
A01253,Website,61
A01253,Webinar,75
A01253,Website,139
A01254,Webinar,136
A01254,Website,124
A01255,Product Page,108
A01255,Webinar,149
A01255,Event,180
A01256,Event,146
A01256,Campaign,169
A01256,Product Page,119
A01256,Website,216
A01256,Event,75
A01256,Product Page,103
A01256,Webinar,39
A01256,Campaign,72
A01256,Website,98
A01256,Campaign,14
A01257,Product Page,217
A01257,Product Page,99
A01257,Product Page,131
A01257,Webinar,172
A01257,Website,82
A01257,Product Page,163
A01257,Product Page,111
A01257,Website,164
A01258,Webinar,132
A01258,Website,50
A01258,Campaign,21
A01258,Event,17
A01258,Webinar,36
A01258,Campaign,104
A01258,Event,136
A01258,Event,1
A01258,Event,183
A01258,Website,31
A01258,Event,13
A01258,Event,64
A01258,Website,30
A01258,Webinar,90
A01258,Product Page,140
A01258,Campaign,19
A01258,Campaign,46
A01258,Campaign,1
A01259,Product Page,159
A01259,Campaign,232
A01259,Campaign,111
A01259,Product Page,177
A01259,Event,48
A01259,Webinar,115
A01259,Event,256
A01259,Product Page,81
A01260,Webinar,62
A01260,Webinar,1
A01260,Product Page,120
A01260,Product Page,150
A01260,Website,129
A01260,Campaign,83
A01260,Webinar,1
A01260,Event,94
A01261,Product Page,295
A01261,Event,65
A01261,Campaign,130
A01261,Webinar,173
A01261,Product Page,1
A01261,Product Page,146
A01261,Product Page,49
A01261,Event,75
A01261,Event,163
A01262,Event,170
A01262,Campaign,210
A01262,Campaign,34
A01262,Product Page,76
A01262,Webinar,114
A01262,Event,154
A01262,Campaign,162
A01262,Webinar,88
A01262,Event,114
A01262,Product Page,67
A01262,Product Page,190
A01262,Webinar,175
A01262,Campaign,127
A01262,Event,141
A01262,Webinar,128
A01263,Event,160
A01263,Campaign,139
A01263,Website,93
A01263,Event,93
A01263,Webinar,8
A01263,Event,255
A01263,Campaign,259
A01263,Product Page,282
A01264,Event,77
A01264,Webinar,8
A01264,Event,15
A01264,Webinar,72
A01264,Event,219
A01264,Product Page,51
A01264,Webinar,1
A01264,Website,148
A01264,Webinar,129
A01264,Event,139
A01264,Website,64
A01264,Product Page,122
A01265,Product Page,222
A01265,Webinar,140
A01265,Event,199
A01265,Campaign,73
A01265,Event,194
A01265,Event,94
A01265,Event,21
A01265,Product Page,127
A01266,Campaign,73
A01266,Webinar,86
A01266,Event,206
A01267,Webinar,121
A01267,Product Page,259
A01267,Webinar,162
A01267,Campaign,211
A01267,Webinar,77
A01267,Event,205
A01267,Campaign,185
A01267,Event,186
A01267,Campaign,241
A01268,Webinar,237
A01268,Website,222
A01268,Webinar,124
A01268,Webinar,73
A01268,Campaign,68
A01268,Event,218
A01268,Event,274
A01269,Event,147
A01269,Campaign,131
A01269,Product Page,153
A01269,Webinar,1
A01269,Website,248
A01269,Webinar,80
A01269,Event,34
A01269,Website,142
A01269,Website,183
A01269,Website,1
A01269,Webinar,95
A01269,Product Page,116
A01269,Campaign,28
A01269,Product Page,135
A01269,Product Page,136
A01269,Campaign,38
A01269,Event,1
A01270,Product Page,252
A01270,Product Page,48
A01270,Website,80
A01270,Campaign,46
A01270,Website,37
A01270,Event,84
A01270,Webinar,78
A01270,Website,65
A01270,Product Page,157
A01270,Product Page,210
A01270,Event,1
A01270,Event,12
A01270,Website,1
A01271,Product Page,117
A01271,Event,120
A01271,Event,139
A01271,Website,189
A01271,Webinar,146
A01271,Event,121
A01271,Website,25
A01271,Website,126
A01271,Product Page,100
A01272,Product Page,63
A01272,Event,130
A01272,Campaign,105
A01272,Campaign,237
A01272,Campaign,109
A01272,Website,73
A01272,Product Page,155
A01272,Campaign,104
A01272,Website,81
A01273,Webinar,55
A01273,Product Page,167
A01273,Product Page,120
A01273,Campaign,66
A01273,Event,100
A01273,Product Page,212
A01273,Campaign,132
A01273,Product Page,4
A01273,Product Page,114
A01273,Event,37
A01273,Campaign,113
A01273,Campaign,102
A01273,Webinar,124
A01273,Product Page,14
A01273,Product Page,2
A01273,Event,161
A01273,Campaign,45
A01273,Webinar,119
A01274,Product Page,73
A01274,Product Page,52
A01274,Website,82
A01274,Product Page,120
A01274,Webinar,33
A01274,Webinar,1
A01274,Product Page,235
A01275,Event,179
A01275,Campaign,200
A01275,Product Page,98
A01275,Website,101
A01275,Webinar,201
A01275,Event,219
A01275,Product Page,232
A01275,Campaign,80
A01275,Webinar,49
A01275,Campaign,174
A01275,Product Page,59
A01275,Webinar,138
A01275,Event,235
A01275,Event,160
A01275,Product Page,183
A01275,Webinar,221
A01276,Product Page,74
A01276,Event,1
A01276,Campaign,56
A01276,Event,97
A01276,Product Page,1
A01276,Event,162
A01276,Webinar,120
A01276,Webinar,120
A01276,Product Page,22
A01276,Product Page,89
A01277,Product Page,90
A01277,Website,6
A01277,Campaign,168
A01277,Website,136
A01277,Event,79
A01278,Website,95
A01278,Event,162
A01278,Webinar,159
A01278,Website,127
A01278,Product Page,66
A01279,Webinar,180
A01279,Product Page,194
A01279,Webinar,199
A01279,Event,97
A01279,Webinar,158
A01279,Event,83
A01279,Event,126
A01279,Campaign,33
A01279,Webinar,115
A01280,Webinar,159
A01280,Product Page,1
A01280,Website,140
A01280,Campaign,138
A01280,Product Page,73
A01280,Webinar,88
A01280,Campaign,200
A01280,Product Page,116
A01281,Campaign,1
A01281,Campaign,125
A01281,Product Page,251
A01281,Webinar,1
A01281,Product Page,79
A01281,Campaign,1
A01281,Webinar,1
A01281,Webinar,87
A01281,Campaign,1
A01281,Event,1
A01281,Website,145
A01281,Product Page,58
A01281,Product Page,83
A01281,Webinar,41
A01281,Website,101
A01282,Product Page,58
A01282,Website,174
A01282,Event,2
A01282,Product Page,1
A01282,Webinar,1
A01282,Website,79
A01282,Webinar,134
A01282,Website,66
A01282,Website,22
A01282,Website,84
A01282,Website,147
A01282,Website,51
A01282,Event,20
A01282,Campaign,11
A01282,Website,47
A01282,Event,1
A01283,Website,83
A01283,Campaign,21
A01283,Event,160
A01283,Event,168
A01283,Campaign,114
A01283,Event,46
A01283,Website,68
A01283,Website,1
A01283,Website,164
A01283,Webinar,129
A01283,Campaign,72
A01283,Event,36
A01283,Webinar,33
A01284,Product Page,193
A01284,Website,222
A01284,Product Page,199
A01284,Webinar,174
A01285,Product Page,161
A01285,Product Page,59
A01285,Product Page,78
A01285,Product Page,6
A01285,Event,268
A01285,Campaign,165
A01285,Event,60
A01285,Campaign,186
A01285,Website,168
A01285,Website,123
A01286,Campaign,55
A01286,Product Page,175
A01286,Webinar,223
A01286,Webinar,9
A01286,Website,131
A01286,Website,139
A01286,Event,164
A01286,Webinar,91
A01286,Product Page,88
A01286,Campaign,1
A01286,Campaign,79
A01286,Website,169
A01286,Webinar,225
A01286,Product Page,1
A01287,Webinar,174
A01287,Website,115
A01287,Event,61
A01287,Product Page,1
A01287,Website,181
A01287,Website,196
A01287,Campaign,188
A01287,Webinar,105
A01287,Website,150
A01288,Product Page,1
A01288,Webinar,70
A01288,Website,1
A01288,Website,75
A01288,Campaign,38
A01288,Website,108
A01288,Campaign,122
A01288,Event,204
A01288,Product Page,1
A01288,Website,1
A01288,Event,61
A01288,Campaign,60
A01288,Webinar,87
A01288,Product Page,245
A01288,Event,106
A01289,Website,1
A01289,Product Page,1
A01289,Webinar,66
A01289,Webinar,22
A01289,Webinar,82
A01289,Product Page,48
A01289,Event,179
A01289,Event,103
A01289,Event,1
A01289,Website,53
A01290,Event,96
A01290,Webinar,99
A01290,Campaign,147
A01291,Product Page,78
A01291,Webinar,64
A01291,Campaign,1
A01291,Event,205
A01291,Campaign,212
A01291,Webinar,1
A01291,Event,25
A01291,Event,19
A01291,Campaign,124
A01291,Product Page,95
A01291,Campaign,132
A01291,Website,213
A01292,Website,195
A01292,Event,157
A01292,Event,131
A01292,Campaign,229
A01292,Campaign,207
A01292,Event,187
A01292,Webinar,151
A01292,Product Page,67
A01292,Website,100
A01292,Website,109
A01292,Website,250
A01293,Event,153
A01293,Event,206
A01293,Webinar,79
A01293,Website,181
A01293,Webinar,248
A01293,Event,176
A01293,Website,262
A01293,Webinar,12
A01293,Campaign,108
A01293,Webinar,181
A01294,Campaign,98
A01294,Campaign,250
A01294,Product Page,26
A01294,Webinar,189
A01294,Campaign,169
A01294,Event,158
A01294,Webinar,102
A01294,Campaign,119
A01294,Event,19
A01294,Webinar,114
A01294,Campaign,1
A01294,Product Page,30
A01294,Website,1
A01294,Campaign,20
A01295,Website,81
A01295,Website,79
A01295,Campaign,181
A01295,Website,113
A01295,Webinar,161
A01295,Product Page,33
A01295,Product Page,120
A01295,Campaign,162
A01295,Webinar,218
A01295,Webinar,183
A01295,Webinar,111
A01295,Campaign,168
A01295,Website,17
A01295,Website,1
A01295,Campaign,120
A01295,Website,3
A01295,Campaign,128
A01295,Event,184
A01295,Campaign,66
A01295,Event,167
A01295,Campaign,146
A01295,Campaign,103
A01296,Website,124
A01296,Webinar,157
A01296,Webinar,68
A01296,Product Page,34
A01296,Product Page,82
A01296,Webinar,126
A01296,Website,80
A01296,Webinar,248
A01296,Event,249
A01296,Campaign,131
A01297,Event,108
A01297,Event,220
A01297,Campaign,6
A01297,Website,49
A01298,Campaign,1
A01298,Campaign,106
A01298,Website,1
A01298,Campaign,15
A01298,Product Page,68
A01298,Product Page,45
A01298,Website,88
A01298,Website,1
A01298,Campaign,52
A01298,Website,3
A01298,Website,116
A01298,Website,1
A01298,Webinar,132
A01298,Product Page,188
A01298,Event,109
A01299,Event,72
A01299,Product Page,101
A01299,Website,40
A01300,Product Page,139
A01300,Campaign,33
A01300,Product Page,181
A01300,Webinar,66
A01300,Webinar,227
A01300,Campaign,162
A01300,Campaign,28
A01300,Event,54
A01300,Product Page,21
A01300,Webinar,114
A01301,Website,1
A01301,Webinar,72
A01301,Event,110
A01301,Event,27
A01301,Campaign,74
A01301,Website,1
A01301,Website,54
A01301,Campaign,45
A01301,Event,137
A01301,Webinar,144
A01301,Event,1
A01301,Product Page,5
A01301,Website,1
A01301,Campaign,104
A01301,Event,1
A01302,Event,58
A01302,Campaign,117
A01302,Campaign,63
A01302,Website,309
A01302,Product Page,1
A01302,Event,28
A01302,Webinar,237
A01302,Website,175
A01303,Product Page,93
A01303,Campaign,174
A01303,Event,45
A01303,Product Page,109
A01303,Website,58
A01303,Website,233
A01303,Campaign,109
A01303,Website,146
A01303,Campaign,167
A01303,Website,89
A01303,Website,13
A01304,Event,13
A01304,Product Page,158
A01304,Webinar,81
A01304,Campaign,52
A01304,Website,100
A01304,Webinar,32
A01304,Website,31
A01305,Website,164
A01305,Webinar,96
A01305,Website,90
A01305,Webinar,235
A01305,Website,229
A01305,Event,91
A01305,Campaign,112
A01305,Campaign,137
A01305,Website,128
A01305,Campaign,303
A01305,Campaign,280
A01305,Product Page,176
A01305,Website,77
A01305,Webinar,83
A01305,Product Page,79
A01305,Website,162
A01306,Product Page,229
A01306,Product Page,49
A01306,Campaign,166
A01306,Website,170
A01306,Event,23
A01307,Campaign,132
A01307,Webinar,117
A01307,Webinar,274
A01307,Website,200
A01307,Campaign,229
A01307,Event,67
A01307,Product Page,85
A01307,Campaign,21
A01307,Campaign,135
A01308,Webinar,266
A01308,Webinar,138
A01308,Event,57
A01308,Event,198
A01308,Campaign,182
A01309,Product Page,100
A01309,Webinar,137
A01309,Webinar,143
A01309,Webinar,18
A01309,Website,189
A01309,Website,103
A01309,Product Page,168
A01310,Website,114
A01310,Webinar,70
A01310,Website,191
A01310,Website,162
A01311,Event,59
A01311,Event,75
A01311,Product Page,24
A01311,Campaign,89
A01311,Event,75
A01311,Campaign,146
A01311,Webinar,13
A01311,Webinar,98
A01311,Event,1
A01311,Website,141
A01311,Product Page,52
A01311,Webinar,75
A01311,Campaign,39
A01311,Campaign,34
A01311,Webinar,35
A01311,Webinar,87
A01311,Product Page,1
A01312,Webinar,123
A01312,Webinar,180
A01312,Event,234
A01312,Campaign,96
A01312,Webinar,288
A01312,Product Page,246
A01313,Event,209
A01313,Website,69
A01313,Campaign,261
A01313,Website,171
A01313,Product Page,55
A01313,Event,4
A01313,Event,107
A01313,Campaign,99
A01313,Event,1
A01314,Webinar,251
A01314,Campaign,96
A01314,Website,231
A01314,Event,93
A01314,Website,139
A01314,Webinar,184
A01314,Webinar,110
A01314,Website,50
A01314,Webinar,61
A01315,Campaign,172
A01315,Product Page,180
A01315,Website,178
A01315,Event,23
A01315,Campaign,66
A01315,Product Page,1
A01315,Event,50
A01316,Campaign,62
A01316,Product Page,106
A01316,Campaign,1
A01316,Webinar,106
A01316,Product Page,196
A01316,Website,1
A01316,Campaign,11
A01316,Webinar,211
A01316,Webinar,119
A01316,Event,55
A01317,Product Page,120
A01317,Website,17
A01317,Product Page,73
A01317,Campaign,148
A01317,Campaign,129
A01317,Website,95
A01317,Website,308
A01317,Website,38
A01317,Website,1
A01317,Website,83
A01318,Campaign,131
A01318,Webinar,75
A01318,Product Page,63
A01318,Website,125
A01318,Website,102
A01319,Website,124
A01319,Webinar,345
A01319,Website,221
A01319,Event,134
A01319,Campaign,118
A01319,Event,102
A01320,Website,1
A01320,Product Page,50
A01320,Webinar,1
A01320,Website,230
A01320,Product Page,193
A01320,Event,90
A01320,Campaign,101
A01320,Product Page,63
A01320,Webinar,172
A01320,Product Page,1
A01320,Webinar,210
A01321,Website,56
A01321,Product Page,210
A01321,Campaign,121
A01321,Website,188
A01321,Campaign,117
A01321,Website,231
A01321,Product Page,171
A01321,Event,86
A01321,Website,181
A01321,Event,51
A01322,Event,81
A01322,Website,157
A01322,Campaign,186
A01322,Website,53
A01322,Product Page,182
A01322,Campaign,281
A01322,Website,200
A01322,Product Page,171
A01322,Event,1
A01322,Product Page,95
A01323,Event,92
A01323,Product Page,146
A01323,Product Page,130
A01323,Website,217
A01323,Website,6
A01323,Campaign,111
A01323,Campaign,114
A01324,Event,94
A01324,Website,63
A01324,Campaign,1
A01324,Event,108
A01324,Website,1
A01324,Campaign,121
A01324,Website,113
A01324,Webinar,174
A01324,Event,201
A01324,Product Page,58
A01324,Campaign,71
A01324,Webinar,80
A01324,Campaign,4
A01324,Product Page,71
A01324,Webinar,7
A01324,Campaign,127
A01324,Website,122
A01324,Webinar,95
A01324,Website,108
A01324,Webinar,152
A01325,Product Page,31
A01325,Webinar,139
A01325,Event,112
A01325,Webinar,64
A01325,Webinar,167
A01325,Webinar,107
A01325,Event,70
A01325,Website,75
A01326,Product Page,60
A01326,Website,174
A01326,Product Page,57
A01326,Webinar,29
A01326,Product Page,71
A01326,Event,127
A01326,Product Page,14
A01326,Campaign,196
A01326,Event,48
A01326,Webinar,56
A01326,Event,103
A01326,Event,99
A01326,Product Page,3
A01327,Website,143
A01327,Event,168
A01327,Campaign,198
A01328,Product Page,122
A01328,Campaign,1
A01328,Campaign,36
A01328,Campaign,23
A01328,Event,146
A01328,Website,54
A01328,Website,50
A01328,Campaign,93
A01328,Event,163
A01328,Event,51
A01328,Product Page,223
A01329,Product Page,58
A01329,Campaign,148
A01329,Product Page,92
A01329,Campaign,139
A01329,Website,160
A01329,Product Page,107
A01329,Campaign,209
A01329,Webinar,161
A01329,Campaign,36
A01329,Campaign,143
A01329,Product Page,140
A01329,Campaign,330
A01329,Campaign,142
A01329,Campaign,245
A01329,Event,83
A01329,Website,180
A01329,Website,341
A01329,Webinar,134
A01330,Webinar,273
A01330,Product Page,84
A01330,Product Page,112
A01330,Webinar,169
A01330,Website,108
A01330,Website,135
A01330,Webinar,196
A01331,Website,1
A01331,Website,120
A01331,Webinar,31
A01331,Campaign,211
A01331,Event,79
A01331,Website,125
A01331,Campaign,138
A01331,Event,218
A01331,Event,138
A01331,Campaign,150
A01331,Event,97
A01331,Webinar,106
A01332,Webinar,103
A01332,Webinar,183
A01332,Webinar,200
A01332,Product Page,165
A01332,Website,210
A01332,Webinar,158
A01333,Product Page,78
A01333,Product Page,51
A01333,Website,258
A01333,Campaign,4
A01333,Event,96
A01333,Website,1
A01333,Website,175
A01333,Campaign,1
A01333,Website,113
A01333,Website,169
A01333,Website,97
A01333,Product Page,141
A01334,Event,156
A01334,Webinar,86
A01334,Website,178
A01334,Website,104
A01334,Event,1
A01335,Campaign,1
A01335,Campaign,1
A01335,Website,47
A01335,Product Page,128
A01335,Webinar,81
A01335,Website,163
A01335,Event,1
A01335,Website,38
A01335,Product Page,34
A01335,Website,107
A01335,Product Page,73
A01335,Product Page,201
A01335,Webinar,75
A01335,Website,1
A01335,Webinar,64
A01335,Webinar,102
A01335,Website,30
A01335,Webinar,2
A01335,Website,61
A01335,Campaign,134
A01335,Campaign,63
A01335,Event,28
A01336,Campaign,166
A01336,Website,181
A01336,Event,202
A01336,Product Page,22
A01336,Website,38
A01336,Event,275
A01336,Product Page,31
A01337,Event,40
A01337,Campaign,134
A01337,Product Page,241
A01337,Campaign,248
A01337,Product Page,255
A01337,Campaign,92
A01337,Webinar,124
A01338,Webinar,57
A01338,Website,131
A01338,Campaign,215
A01338,Event,179
A01338,Website,72
A01338,Webinar,76
A01338,Event,21
A01338,Website,39
A01338,Product Page,62
A01338,Product Page,72
A01338,Website,163
A01339,Campaign,147
A01339,Product Page,89
A01339,Campaign,108
A01340,Product Page,116
A01340,Campaign,117
A01340,Webinar,186
A01340,Webinar,194
A01340,Website,139
A01340,Event,153
A01340,Event,191
A01341,Event,167
A01341,Event,104
A01341,Website,86
A01341,Product Page,160
A01341,Event,262
A01342,Product Page,94
A01342,Webinar,76
A01342,Campaign,135
A01342,Webinar,94
A01342,Event,127
A01342,Event,131
A01342,Product Page,3
A01342,Product Page,88
A01342,Event,120
A01342,Campaign,21
A01343,Website,166
A01343,Campaign,189
A01343,Webinar,105
A01343,Website,116
A01343,Event,117
A01343,Campaign,40
A01343,Event,130
A01343,Product Page,71
A01344,Website,199
A01344,Campaign,127
A01344,Product Page,141
A01344,Campaign,130
A01344,Webinar,215
A01344,Event,27
A01344,Webinar,267
A01344,Event,129
A01345,Webinar,73
A01345,Campaign,82
A01345,Event,92
A01346,Product Page,76
A01346,Event,188
A01346,Website,200
A01346,Event,232
A01346,Website,98
A01346,Campaign,157
A01346,Website,171
A01346,Campaign,168
A01346,Campaign,289
A01347,Campaign,160
A01347,Campaign,169
A01347,Campaign,283
A01347,Campaign,57
A01347,Event,93
A01347,Campaign,86
A01347,Campaign,74
A01347,Event,211
A01348,Event,174
A01348,Campaign,218
A01348,Event,153
A01348,Website,231
A01348,Webinar,116
A01348,Campaign,110
A01348,Product Page,90
A01348,Event,130
A01349,Product Page,235
A01349,Webinar,120
A01349,Campaign,139
A01350,Campaign,82
A01350,Webinar,71
A01350,Webinar,152
A01350,Webinar,127
A01350,Campaign,221
A01350,Event,146
A01350,Website,118
A01350,Campaign,168
A01350,Event,71
A01350,Campaign,116
A01350,Webinar,79
A01351,Event,143
A01351,Website,23
A01351,Webinar,101
A01351,Website,1
A01351,Website,105
A01351,Event,65
A01351,Webinar,35
A01351,Webinar,154
A01351,Campaign,173
A01351,Webinar,140
A01351,Event,150
A01352,Event,232
A01352,Event,167
A01352,Product Page,66
A01352,Product Page,255
A01352,Webinar,127
A01352,Website,147
A01352,Webinar,110
A01352,Website,194
A01352,Website,97
A01353,Website,229
A01353,Event,1
A01353,Webinar,94
A01353,Webinar,13
A01353,Webinar,261
A01353,Event,218
A01353,Webinar,75
A01353,Webinar,223
A01353,Website,80
A01353,Product Page,85
A01353,Website,1
A01353,Webinar,180
A01353,Product Page,1
A01354,Product Page,80
A01354,Product Page,87
A01354,Website,104
A01354,Campaign,75
A01354,Webinar,159
A01354,Product Page,83
A01354,Product Page,1
A01354,Website,16
A01354,Campaign,39
A01354,Product Page,22
A01354,Campaign,73
A01354,Event,100
A01355,Webinar,54
A01355,Product Page,120
A01355,Campaign,62
A01355,Event,63
A01355,Event,60
A01355,Webinar,100
A01355,Webinar,108
A01355,Product Page,19
A01355,Product Page,99
A01355,Product Page,1
A01355,Product Page,79
A01355,Event,142
A01355,Campaign,61
A01355,Product Page,37
A01355,Website,15
A01355,Event,113
A01355,Campaign,12
A01355,Product Page,190
A01356,Event,53
A01356,Campaign,93
A01356,Event,1
A01356,Product Page,131
A01356,Website,145
A01356,Event,30
A01356,Product Page,125
A01356,Website,207
A01356,Website,2
A01356,Event,19
A01356,Campaign,70
A01356,Webinar,1
A01356,Campaign,154
A01356,Campaign,125
A01356,Webinar,47
A01356,Website,45
A01356,Campaign,148
A01357,Event,33
A01357,Webinar,92
A01357,Website,1
A01357,Webinar,162
A01357,Website,1
A01357,Campaign,150
A01357,Website,119
A01357,Website,83
A01357,Event,70
A01357,Campaign,97
A01358,Webinar,56
A01358,Webinar,170
A01358,Campaign,208
A01358,Website,159
A01358,Webinar,145
A01358,Product Page,108
A01358,Product Page,215
A01359,Campaign,138
A01359,Product Page,42
A01359,Product Page,208
A01359,Product Page,143
A01359,Event,20
A01359,Campaign,167
A01360,Campaign,1
A01360,Webinar,124
A01360,Event,50
A01360,Website,45
A01360,Campaign,96
A01360,Product Page,61
A01360,Website,216
A01360,Campaign,82
A01360,Website,122
A01361,Webinar,148
A01361,Campaign,282
A01361,Website,64
A01361,Event,140
A01361,Product Page,87
A01361,Webinar,32
A01361,Product Page,163
A01361,Campaign,72
A01361,Campaign,157
A01361,Webinar,1
A01361,Campaign,1
A01361,Product Page,99
A01361,Webinar,105
A01361,Website,1
A01361,Webinar,77
A01361,Campaign,4
A01361,Event,108
A01361,Event,134
A01362,Campaign,189
A01362,Product Page,118
A01362,Event,54
A01362,Event,323
A01362,Event,146
A01362,Product Page,198
A01362,Campaign,71
A01362,Event,272
A01362,Webinar,46
A01363,Website,60
A01363,Product Page,221
A01363,Product Page,241
A01363,Product Page,198
A01363,Website,65
A01364,Website,136
A01364,Event,187
A01364,Website,169
A01364,Event,91
A01364,Event,164
A01364,Product Page,208
A01364,Campaign,116
A01365,Event,118
A01365,Webinar,230
A01365,Webinar,161
A01365,Website,61
A01365,Website,53
A01365,Event,158
A01366,Product Page,130
A01366,Webinar,144
A01366,Webinar,5
A01366,Website,1
A01366,Campaign,144
A01367,Campaign,13
A01367,Website,90
A01367,Website,50
A01367,Website,110
A01367,Event,93
A01367,Event,61
A01367,Webinar,169
A01367,Webinar,214
A01367,Event,145
A01367,Website,132
A01367,Event,17
A01367,Product Page,135
A01368,Webinar,63
A01368,Event,109
A01368,Webinar,106
A01368,Event,106
A01368,Event,74
A01368,Webinar,128
A01368,Event,164
A01368,Event,1
A01368,Webinar,176
A01368,Event,69
A01368,Campaign,38
A01368,Website,177
A01368,Event,52
A01368,Webinar,22
A01368,Event,237
A01368,Event,96
A01368,Webinar,106
A01368,Website,75
A01369,Webinar,130
A01369,Campaign,250
A01369,Event,113
A01369,Webinar,119
A01369,Product Page,111
A01369,Event,137
A01369,Product Page,84
A01369,Webinar,154
A01370,Campaign,25
A01371,Webinar,116
A01371,Website,193
A01371,Campaign,167
A01371,Campaign,116
A01372,Product Page,200
A01372,Webinar,122
A01372,Webinar,168
A01372,Event,92
A01372,Product Page,52
A01372,Website,62
A01373,Webinar,323
A01373,Website,101
A01373,Product Page,72
A01373,Campaign,59
A01373,Product Page,50
A01374,Product Page,89
A01374,Webinar,110
A01374,Event,48
A01374,Website,63
A01374,Campaign,174
A01374,Website,205
A01374,Webinar,71
A01374,Product Page,121
A01374,Website,161
A01374,Webinar,1
A01375,Webinar,155
A01375,Event,193
A01375,Website,169
A01375,Webinar,148
A01375,Campaign,105
A01375,Campaign,143
A01375,Event,126
A01375,Event,109
A01376,Webinar,64
A01376,Product Page,97
A01376,Campaign,167
A01376,Product Page,72
A01376,Webinar,97
A01376,Webinar,1
A01376,Product Page,68
A01376,Website,51
A01376,Event,88
A01376,Event,12
A01376,Event,102
A01376,Website,55
A01376,Campaign,67
A01376,Campaign,53
A01376,Event,21
A01376,Website,8
A01376,Webinar,39
A01376,Campaign,1
A01376,Campaign,76
A01376,Event,103
A01376,Event,27
A01376,Website,187
A01376,Event,173
A01377,Webinar,156
A01377,Webinar,143
A01377,Product Page,33
A01377,Website,197
A01377,Event,128
A01377,Campaign,142
A01377,Product Page,238
A01377,Product Page,13
A01377,Website,124
A01378,Event,124
A01378,Website,253
A01378,Webinar,126
A01378,Webinar,103
A01378,Campaign,144
A01379,Event,105
A01379,Website,160
A01379,Webinar,119
A01379,Website,121
A01379,Website,192
A01379,Campaign,176
A01379,Website,101
A01379,Event,178
A01380,Event,103
A01380,Campaign,181
A01380,Event,113
A01381,Campaign,80
A01381,Event,99
A01381,Product Page,97
A01381,Webinar,37
A01381,Webinar,158
A01381,Event,102
A01381,Webinar,93
A01381,Website,66
A01381,Campaign,144
A01381,Product Page,143
A01381,Webinar,15
A01381,Website,212
A01382,Campaign,1
A01382,Event,154
A01382,Campaign,1
A01382,Campaign,1
A01382,Product Page,44
A01382,Campaign,1
A01383,Website,173
A01383,Campaign,117
A01383,Website,138
A01383,Product Page,118
A01384,Webinar,85
A01384,Product Page,110
A01384,Webinar,243
A01384,Event,42
A01384,Webinar,255
A01384,Webinar,160
A01384,Campaign,30
A01384,Webinar,7
A01384,Webinar,265
A01384,Website,230
A01384,Campaign,231
A01385,Event,23
A01385,Product Page,86
A01385,Event,103
A01385,Campaign,225
A01385,Product Page,49
A01386,Campaign,307
A01386,Event,146
A01386,Webinar,211
A01386,Webinar,80
A01386,Webinar,206
A01387,Webinar,221
A01387,Webinar,111
A01387,Campaign,150
A01387,Webinar,192
A01387,Campaign,119
A01387,Webinar,219
A01387,Event,93
A01387,Website,129
A01387,Product Page,17
A01388,Webinar,170
A01388,Website,122
A01388,Campaign,134
A01388,Webinar,214
A01388,Website,107
A01388,Product Page,36
A01388,Webinar,102
A01388,Website,170
A01389,Product Page,128
A01389,Event,41
A01389,Campaign,65
A01389,Webinar,77
A01390,Webinar,115
A01390,Website,124
A01390,Website,78
A01390,Event,172
A01390,Product Page,232
A01390,Event,97
A01390,Product Page,127
A01391,Product Page,91
A01391,Webinar,167
A01391,Webinar,40
A01391,Campaign,116
A01391,Campaign,136
A01391,Event,55
A01391,Product Page,80
A01391,Product Page,148
A01391,Campaign,72
A01391,Product Page,207
A01391,Webinar,22
A01392,Website,75
A01392,Product Page,28
A01392,Webinar,30
A01392,Webinar,47
A01392,Website,40
A01392,Campaign,140
A01393,Event,18
A01393,Product Page,184
A01393,Product Page,36
A01393,Event,1
A01393,Campaign,85
A01393,Event,1
A01393,Campaign,83
A01393,Event,5
A01393,Product Page,51
A01393,Event,56
A01393,Campaign,1
A01393,Website,148
A01393,Event,1
A01393,Product Page,120
A01394,Product Page,205
A01394,Product Page,151
A01394,Website,199
A01395,Webinar,139
A01395,Webinar,90
A01395,Event,149
A01395,Website,220
A01395,Campaign,7
A01395,Campaign,133
A01396,Product Page,156
A01396,Event,187
A01396,Website,125
A01396,Website,81
A01396,Campaign,139
A01396,Campaign,229
A01396,Campaign,226
A01397,Webinar,142
A01397,Event,20
A01397,Webinar,39
A01397,Event,90
A01397,Campaign,69
A01397,Campaign,26
A01397,Webinar,57
A01397,Event,35
A01397,Webinar,12
A01397,Event,1
A01397,Product Page,75
A01397,Product Page,11
A01397,Webinar,79
A01397,Webinar,210
A01397,Website,102
A01397,Website,166
A01398,Campaign,172
A01398,Campaign,73
A01398,Website,39
A01398,Event,1
A01398,Event,134
A01398,Product Page,1
A01398,Event,138
A01399,Product Page,150
A01399,Website,299
A01399,Webinar,78
A01400,Product Page,249
A01400,Campaign,67
A01400,Product Page,85
A01400,Event,254
A01400,Product Page,66
A01400,Webinar,216
A01400,Event,228
A01400,Event,1
A01400,Event,147
A01400,Product Page,55
A01400,Website,170
A01400,Campaign,46
A01400,Campaign,1
A01400,Website,190
A01400,Website,144
A01400,Product Page,212
A01400,Event,244
A01400,Campaign,159
A01400,Product Page,167
A01400,Product Page,11
A01400,Website,84
A01401,Webinar,178
A01401,Event,223
A01401,Product Page,2
A01401,Website,107
A01401,Campaign,88
A01402,Campaign,158
A01402,Product Page,144
A01402,Event,143
A01402,Campaign,145
A01402,Product Page,72
A01402,Webinar,211
A01402,Event,96
A01402,Campaign,66
A01402,Event,120
A01403,Webinar,55
A01403,Product Page,217
A01403,Product Page,33
A01403,Event,165
A01403,Event,112
A01403,Webinar,76
A01403,Product Page,171
A01404,Product Page,102
A01404,Event,48
A01404,Event,285
A01404,Campaign,140
A01404,Campaign,179
A01404,Webinar,178
A01404,Event,119
A01404,Website,256
A01405,Campaign,55
A01405,Website,98
A01405,Event,135
A01405,Webinar,190
A01405,Product Page,144
A01405,Product Page,1
A01405,Event,1
A01405,Event,32
A01405,Campaign,48
A01405,Event,57
A01405,Event,72
A01406,Website,193
A01406,Webinar,190
A01406,Website,1
A01406,Event,1
A01406,Campaign,148
A01406,Webinar,86
A01406,Campaign,154
A01406,Website,263
A01406,Webinar,130
A01406,Product Page,283
A01406,Webinar,65
A01406,Campaign,10
A01407,Event,51
A01407,Campaign,122
A01407,Product Page,19
A01407,Website,185
A01407,Product Page,72
A01407,Website,81
A01407,Website,28
A01407,Webinar,126
A01407,Product Page,156
A01407,Campaign,142
A01407,Product Page,77
A01407,Campaign,132
A01407,Campaign,31
A01407,Event,88
A01408,Event,88
A01408,Event,124
A01408,Campaign,68
A01408,Product Page,250
A01408,Website,156
A01408,Product Page,166
A01408,Webinar,121
A01408,Event,115
A01408,Webinar,284
A01409,Campaign,160
A01409,Product Page,3
A01409,Website,55
A01409,Website,1
A01409,Event,23
A01409,Event,241
A01409,Website,1
A01409,Campaign,74
A01409,Campaign,1
A01409,Product Page,92
A01409,Website,1
A01409,Product Page,139
A01409,Event,117
A01409,Product Page,1
A01409,Webinar,1
A01409,Campaign,61
A01409,Webinar,106
A01409,Webinar,1
A01409,Product Page,65
A01409,Product Page,41
A01409,Webinar,107
A01409,Product Page,25
A01409,Webinar,62
A01410,Event,1
A01410,Website,86
A01410,Campaign,20
A01410,Event,15
A01410,Website,1
A01410,Webinar,118
A01410,Product Page,169
A01410,Product Page,109
A01410,Campaign,46
A01410,Event,188
A01410,Product Page,163
A01410,Product Page,126
A01411,Webinar,127
A01411,Campaign,89
A01411,Campaign,67
A01411,Campaign,113
A01411,Product Page,23
A01411,Product Page,266
A01411,Product Page,52
A01411,Event,76
A01412,Webinar,227
A01412,Webinar,20
A01412,Product Page,158
A01412,Product Page,72
A01412,Product Page,138
A01412,Event,145
A01412,Event,134
A01412,Website,258
A01413,Website,7
A01413,Event,200
A01413,Event,223
A01413,Webinar,74
A01413,Product Page,127
A01413,Website,124
A01413,Website,235
A01413,Webinar,112
A01413,Webinar,24
A01413,Product Page,1
A01413,Webinar,1
A01414,Campaign,278
A01414,Webinar,64
A01415,Event,93
A01415,Product Page,189
A01415,Product Page,80
A01415,Website,300
A01415,Event,9
A01415,Webinar,182
A01415,Campaign,221
A01415,Campaign,57
A01415,Webinar,106
A01415,Webinar,161
A01415,Webinar,175
A01415,Webinar,264
A01415,Campaign,64
A01415,Event,148
A01415,Website,147
A01416,Website,5
A01416,Webinar,171
A01416,Product Page,181
A01416,Website,116
A01416,Webinar,174
A01416,Website,158
A01416,Webinar,189
A01417,Webinar,200
A01417,Website,52
A01417,Campaign,177
A01417,Webinar,144
A01417,Product Page,258
A01417,Website,207
A01418,Product Page,130
A01418,Event,84
A01418,Webinar,25
A01418,Webinar,1
A01418,Campaign,36
A01418,Webinar,152
A01418,Event,78
A01418,Webinar,1
A01418,Webinar,139
A01418,Webinar,119
A01418,Website,1
A01418,Campaign,150
A01418,Event,34
A01418,Webinar,18
A01418,Event,139
A01418,Website,95
A01418,Website,27
A01419,Product Page,9
A01419,Website,81
A01419,Event,174
A01419,Campaign,238
A01419,Campaign,3
A01419,Campaign,30
A01419,Website,1
A01419,Campaign,157
A01419,Campaign,209
A01419,Website,104
A01420,Webinar,141
A01420,Website,79
A01420,Website,29
A01421,Campaign,117
A01421,Website,74
A01421,Product Page,75
A01421,Event,206
A01421,Webinar,36
A01421,Webinar,164
A01421,Event,141
A01421,Event,107
A01421,Website,159
A01421,Product Page,125
A01421,Campaign,118
A01421,Event,31
A01421,Event,188
A01421,Campaign,210
A01421,Webinar,98
A01422,Product Page,104
A01422,Webinar,212
A01422,Webinar,118
A01422,Product Page,172
A01422,Campaign,198
A01422,Product Page,80
A01422,Webinar,135
A01422,Product Page,164
A01423,Campaign,194
A01423,Webinar,116
A01423,Event,64
A01423,Webinar,175
A01423,Website,227
A01423,Webinar,1
A01423,Campaign,80
A01423,Campaign,143
A01424,Webinar,75
A01424,Product Page,87
A01424,Event,46
A01424,Campaign,81
A01424,Webinar,11
A01424,Event,187
A01424,Campaign,122
A01424,Product Page,57
A01424,Event,134
A01425,Campaign,55
A01425,Product Page,196
A01425,Campaign,202
A01425,Campaign,47
A01426,Event,69
A01426,Event,179
A01426,Product Page,134
A01426,Product Page,115
A01426,Campaign,347
A01426,Product Page,27
A01426,Webinar,144
A01426,Webinar,1
A01426,Webinar,247
A01426,Campaign,253
A01426,Event,198
A01426,Product Page,93
A01426,Webinar,57
A01427,Webinar,137
A01427,Campaign,50
A01427,Webinar,82
A01427,Webinar,86
A01427,Website,56
A01427,Webinar,63
A01427,Product Page,79
A01427,Event,152
A01427,Campaign,1
A01427,Campaign,99
A01427,Webinar,74
A01427,Product Page,139
A01427,Webinar,15
A01427,Campaign,54
A01427,Product Page,85
A01427,Campaign,132
A01427,Product Page,134
A01428,Website,4
A01428,Website,260
A01428,Website,155
A01428,Webinar,173
A01428,Campaign,105
A01428,Webinar,29
A01428,Product Page,56
A01428,Webinar,231
A01428,Product Page,79
A01428,Product Page,80
A01428,Product Page,86
A01428,Campaign,129
A01428,Campaign,146
A01429,Website,120
A01429,Website,44
A01429,Website,145
A01429,Event,140
A01429,Webinar,87
A01429,Product Page,216
A01429,Product Page,80
A01430,Event,58
A01430,Product Page,1
A01430,Campaign,93
A01430,Website,145
A01430,Campaign,46
A01430,Event,194
A01430,Campaign,182
A01430,Campaign,7
A01430,Event,104
A01430,Website,27
A01430,Webinar,185
A01430,Event,83
A01431,Webinar,106
A01431,Campaign,127
A01431,Event,173
A01431,Event,145
A01431,Event,184
A01431,Campaign,149
A01432,Website,109
A01432,Product Page,137
A01432,Event,97
A01432,Website,172
A01432,Webinar,1
A01432,Event,132
A01432,Website,129
A01432,Webinar,210
A01432,Product Page,30
A01432,Website,65
A01432,Campaign,180
A01433,Webinar,146
A01433,Product Page,177
A01433,Event,256
A01433,Campaign,145
A01433,Campaign,17
A01433,Product Page,305
A01433,Webinar,215
A01433,Webinar,1
A01433,Product Page,240
A01433,Campaign,166
A01434,Product Page,3
A01434,Website,141
A01434,Campaign,78
A01434,Product Page,137
A01434,Website,196
A01434,Event,94
A01434,Event,113
A01434,Webinar,96
A01434,Campaign,1
A01435,Webinar,1
A01435,Product Page,251
A01435,Website,64
A01435,Product Page,136
A01435,Event,231
A01435,Event,1
A01435,Product Page,161
A01435,Webinar,114
A01436,Webinar,146
A01436,Campaign,138
A01436,Webinar,49
A01436,Website,194
A01436,Webinar,110
A01436,Event,26
A01436,Event,115
A01436,Campaign,52
A01437,Product Page,38
A01437,Campaign,1
A01437,Campaign,1
A01437,Webinar,83
A01437,Product Page,63
A01437,Website,132
A01437,Product Page,1
A01437,Webinar,19
A01437,Event,66
A01437,Campaign,124
A01437,Website,216
A01437,Webinar,82
A01437,Website,16
A01438,Website,142
A01438,Campaign,205
A01438,Event,122
A01438,Website,182
A01438,Product Page,1
A01439,Event,100
A01439,Webinar,215
A01439,Campaign,33
A01439,Event,206
A01439,Product Page,180
A01439,Product Page,27
A01439,Webinar,166
A01440,Website,211
A01440,Webinar,206
A01440,Website,92
A01440,Product Page,184
A01440,Webinar,200
A01440,Webinar,177
A01440,Product Page,169
A01440,Campaign,173
A01440,Website,24
A01440,Event,120
A01440,Campaign,166
A01441,Webinar,63
A01441,Website,14
A01441,Event,43
A01441,Website,152
A01441,Website,100
A01441,Event,103
A01441,Website,125
A01441,Website,32
A01441,Website,28
A01441,Product Page,129
A01442,Webinar,170
A01442,Website,136
A01442,Event,128
A01442,Website,59
A01442,Product Page,83
A01443,Event,5
A01443,Product Page,72
A01443,Product Page,217
A01443,Event,97
A01443,Event,76
A01443,Webinar,77
A01444,Campaign,49
A01444,Webinar,26
A01444,Product Page,20
A01444,Campaign,123
A01444,Event,92
A01444,Website,106
A01444,Campaign,108
A01444,Event,26
A01445,Website,229
A01446,Campaign,53
A01446,Campaign,40
A01446,Website,114
A01446,Campaign,125
A01446,Campaign,1
A01446,Campaign,90
A01446,Website,48
A01446,Product Page,120
A01446,Webinar,116
A01446,Website,41
A01446,Product Page,133
A01446,Event,1
A01446,Event,1
A01447,Campaign,131
A01447,Campaign,57
A01447,Website,288
A01447,Product Page,210
A01447,Website,85
A01447,Webinar,171
A01448,Campaign,172
A01448,Event,149
A01448,Event,160
A01448,Campaign,70
A01448,Webinar,135
A01448,Campaign,77
A01448,Webinar,180
A01448,Product Page,62
A01448,Webinar,125
A01448,Event,86
A01448,Product Page,150
A01448,Product Page,68
A01448,Event,46
A01448,Event,181
A01449,Product Page,34
A01449,Event,11
A01449,Event,84
A01449,Product Page,1
A01449,Website,25
A01449,Event,131
A01449,Campaign,105
A01449,Webinar,100
A01449,Event,62
A01449,Campaign,232
A01449,Campaign,223
A01449,Webinar,71
A01449,Event,102
A01449,Webinar,46
A01449,Product Page,85
A01449,Campaign,186
A01449,Website,182
A01450,Product Page,172
A01450,Campaign,148
A01450,Campaign,31
A01451,Campaign,233
A01451,Website,116
A01451,Campaign,9
A01452,Product Page,89
A01452,Webinar,167
A01452,Product Page,227
A01453,Product Page,69
A01453,Website,166
A01453,Campaign,198
A01453,Event,108
A01453,Campaign,112
A01453,Webinar,150
A01453,Product Page,189
A01453,Website,120
A01454,Website,148
A01454,Website,168
A01454,Website,171
A01455,Website,152
A01455,Product Page,148
A01455,Website,41
A01455,Website,127
A01455,Webinar,165
A01455,Event,103
A01455,Event,63
A01456,Website,173
A01456,Webinar,183
A01456,Website,95
A01456,Website,92
A01456,Webinar,143
A01456,Website,2
A01456,Webinar,1
A01457,Webinar,192
A01457,Webinar,113
A01457,Webinar,173
A01457,Event,136
A01457,Webinar,113
A01457,Event,130
A01457,Product Page,78
A01458,Campaign,107
A01458,Campaign,103
A01458,Event,89
A01458,Product Page,46
A01458,Webinar,222
A01458,Website,1
A01458,Event,72
A01458,Product Page,147
A01458,Website,240
A01458,Event,133
A01458,Webinar,42
A01458,Webinar,1
A01458,Webinar,58
A01458,Campaign,40
A01458,Event,148
A01459,Webinar,220
A01459,Product Page,69
A01459,Event,135
A01459,Product Page,155
A01459,Website,112
A01459,Campaign,188
A01459,Webinar,134
A01459,Webinar,180
A01460,Product Page,26
A01460,Event,111
A01460,Event,1
A01460,Website,111
A01460,Product Page,28
A01461,Webinar,83
A01461,Webinar,179
A01462,Event,84
A01462,Event,142
A01462,Campaign,8
A01462,Website,184
A01462,Webinar,123
A01462,Webinar,176
A01463,Campaign,129
A01464,Event,136
A01464,Product Page,175
A01464,Event,94
A01464,Event,155
A01464,Website,288
A01464,Product Page,250
A01465,Webinar,92
A01465,Campaign,1
A01465,Event,176
A01465,Event,58
A01465,Product Page,72
A01465,Campaign,151
A01465,Event,221
A01465,Product Page,91
A01465,Website,108
A01465,Campaign,81
A01466,Campaign,152
A01466,Event,145
A01466,Product Page,1
A01466,Webinar,124
A01466,Website,203
A01466,Product Page,145
A01466,Website,96
A01467,Product Page,78
A01467,Website,1
A01467,Event,1
A01467,Website,160
A01467,Website,102
A01467,Website,170
A01467,Website,16
A01467,Event,102
A01467,Website,1
A01467,Campaign,68
A01467,Campaign,81
A01467,Campaign,127
A01467,Website,176
A01467,Event,136
A01468,Event,180
A01468,Webinar,1
A01468,Campaign,77
A01468,Webinar,26
A01468,Campaign,10
A01468,Website,135
A01468,Event,55
A01468,Webinar,200
A01468,Event,65
A01468,Website,45
A01468,Campaign,97
A01468,Campaign,46
A01468,Product Page,1
A01468,Webinar,42
A01469,Campaign,123
A01469,Website,161
A01469,Campaign,43
A01469,Webinar,226
A01469,Campaign,89
A01469,Event,174
A01469,Webinar,1
A01469,Website,88
A01469,Webinar,134
A01469,Webinar,81
A01469,Event,98
A01469,Event,189
A01470,Product Page,1
A01470,Campaign,35
A01470,Event,24
A01470,Webinar,182
A01470,Website,163
A01470,Event,127
A01470,Product Page,81
A01470,Campaign,206
A01470,Webinar,72
A01470,Website,107
A01470,Webinar,97
A01470,Event,173
A01471,Campaign,236
A01471,Webinar,232
A01471,Website,180
A01471,Website,67
A01471,Website,130
A01472,Campaign,190
A01472,Website,1
A01472,Website,135
A01472,Event,38
A01473,Campaign,189
A01473,Product Page,68
A01473,Campaign,126
A01473,Event,213
A01473,Website,1
A01473,Product Page,1
A01473,Event,121
A01473,Campaign,140
A01473,Event,214
A01473,Campaign,96
A01474,Website,55
A01474,Event,174
A01474,Campaign,186
A01474,Campaign,156
A01475,Product Page,115
A01475,Webinar,136
A01475,Webinar,29
A01475,Website,170
A01475,Webinar,187
A01475,Product Page,51
A01476,Webinar,87
A01476,Campaign,150
A01476,Event,89
A01476,Website,100
A01476,Event,187
A01476,Event,96
A01477,Event,161
A01477,Campaign,171
A01477,Product Page,143
A01477,Website,46
A01477,Website,246
A01477,Campaign,249
A01478,Webinar,1
A01478,Website,192
A01478,Webinar,137
A01478,Event,229
A01478,Webinar,211
A01478,Event,269
A01478,Website,211
A01478,Product Page,194
A01478,Campaign,164
A01479,Website,167
A01479,Website,187
A01479,Campaign,141
A01479,Campaign,119
A01479,Webinar,122
A01479,Product Page,104
A01479,Campaign,186
A01480,Campaign,165
A01480,Website,115
A01480,Webinar,7
A01480,Campaign,100
A01480,Event,52
A01480,Webinar,138
A01480,Event,202
A01480,Website,143
A01480,Product Page,11
A01480,Event,71
A01481,Campaign,190
A01481,Webinar,129
A01481,Event,93
A01481,Website,137
A01481,Campaign,127
A01481,Website,153
A01481,Webinar,57
A01481,Product Page,183
A01481,Website,286
A01481,Event,23
A01481,Campaign,124
A01481,Event,189
A01482,Product Page,151
A01482,Website,157
A01482,Campaign,1
A01482,Campaign,210
A01482,Campaign,111
A01483,Product Page,140
A01483,Event,203
A01483,Website,132
A01483,Website,50
A01483,Event,147
A01483,Campaign,117
A01483,Product Page,143
A01483,Campaign,105
A01483,Website,126
A01483,Webinar,1
A01483,Product Page,58
A01483,Product Page,106
A01484,Website,124
A01484,Event,47
A01484,Product Page,139
A01484,Product Page,88
A01484,Webinar,169
A01484,Website,40
A01484,Webinar,108
A01484,Website,52
A01484,Event,111
A01484,Product Page,118
A01484,Webinar,129
A01484,Website,58
A01485,Webinar,55
A01485,Event,90
A01485,Website,137
A01485,Website,86
A01485,Campaign,79
A01485,Product Page,1
A01485,Product Page,1
A01485,Product Page,104
A01485,Product Page,92
A01485,Webinar,164
A01486,Event,193
A01486,Campaign,160
A01486,Event,117
A01486,Website,152
A01487,Product Page,91
A01487,Webinar,161
A01487,Campaign,62
A01487,Website,103
A01487,Product Page,170
A01487,Campaign,65
A01487,Campaign,115
A01487,Event,70
A01487,Website,64
A01487,Campaign,1
A01488,Campaign,162
A01488,Event,124
A01488,Website,155
A01488,Website,203
A01488,Campaign,99
A01488,Website,241
A01489,Website,166
A01489,Product Page,148
A01489,Webinar,139
A01490,Campaign,153
A01490,Campaign,60
A01490,Website,123
A01490,Webinar,109
A01490,Event,91
A01490,Event,206
A01490,Campaign,135
A01490,Webinar,152
A01490,Event,87
A01490,Website,69
A01490,Webinar,54
A01490,Campaign,113
A01491,Campaign,1
A01491,Product Page,1
A01491,Campaign,1
A01491,Website,52
A01491,Website,46
A01491,Event,44
A01491,Webinar,1
A01491,Campaign,35
A01491,Campaign,66
A01491,Campaign,53
A01491,Event,51
A01491,Webinar,177
A01491,Event,141
A01491,Webinar,131
A01491,Webinar,130
A01491,Product Page,5
A01491,Product Page,128
A01492,Product Page,112
A01492,Event,15
A01492,Product Page,126
A01492,Website,94
A01492,Campaign,118
A01492,Website,161
A01492,Campaign,125
A01492,Webinar,71
A01492,Website,94
A01492,Event,168
A01492,Website,69
A01493,Campaign,204
A01493,Product Page,2
A01493,Website,69
A01493,Campaign,161
A01493,Event,20
A01493,Event,42
A01493,Webinar,78
A01493,Webinar,3
A01493,Event,1
A01493,Campaign,1
A01493,Webinar,117
A01493,Webinar,68
A01493,Website,68
A01493,Product Page,1
A01493,Product Page,58
A01493,Campaign,97
A01493,Website,114
A01493,Event,114
A01493,Event,168
A01493,Webinar,104
A01493,Webinar,145
A01493,Campaign,94
A01494,Campaign,250
A01494,Webinar,218
A01494,Product Page,60
A01494,Product Page,58
A01494,Product Page,95
A01494,Webinar,136
A01494,Campaign,120
A01494,Website,174
A01494,Campaign,158
A01495,Event,38
A01495,Campaign,158
A01495,Website,88
A01495,Event,51
A01495,Website,1
A01495,Campaign,73
A01495,Webinar,102
A01496,Event,147
A01496,Campaign,69
A01496,Event,217
A01496,Event,75
A01496,Campaign,278
A01496,Event,75
A01497,Event,57
A01497,Website,47
A01497,Event,96
A01497,Product Page,99
A01497,Product Page,184
A01497,Webinar,189
A01497,Product Page,145
A01497,Website,53
A01497,Event,168
A01497,Campaign,43
A01497,Product Page,256
A01497,Product Page,188
A01497,Webinar,75
A01497,Webinar,111
A01497,Webinar,194
A01498,Campaign,93
A01498,Webinar,59
A01498,Product Page,78
A01498,Product Page,137
A01498,Product Page,90
A01498,Product Page,142
A01499,Product Page,34
A01499,Webinar,90
A01499,Event,157
A01499,Webinar,116
A01499,Event,105
A01499,Product Page,15
A01499,Webinar,124
A01499,Campaign,1
A01499,Website,1
A01499,Campaign,43
A01499,Product Page,34
A01499,Product Page,148
A01500,Website,305
A01500,Campaign,99
A01500,Webinar,182
A01500,Product Page,220
A01500,Campaign,183
A01500,Website,123
A01500,Webinar,142
A01500,Website,38
A01501,Website,164
A01501,Event,21
A01501,Webinar,64
A01501,Campaign,220
A01501,Event,87
A01501,Event,89
A01502,Website,117
A01502,Webinar,54
A01502,Website,173
A01502,Website,180
A01502,Website,220
A01502,Product Page,112
A01503,Campaign,55
A01503,Product Page,147
A01503,Event,166
A01503,Campaign,138
A01503,Campaign,257
A01503,Webinar,188
A01503,Product Page,204
A01503,Campaign,130
A01503,Product Page,187
A01503,Webinar,228
A01503,Website,306
A01504,Campaign,64
A01504,Product Page,78
A01504,Webinar,186
A01504,Event,179
A01505,Campaign,16
A01505,Website,190
A01505,Event,29
A01505,Webinar,88
A01505,Website,44
A01506,Campaign,73
A01506,Product Page,215
A01506,Event,145
A01506,Campaign,54
A01506,Product Page,81
A01506,Webinar,58
A01506,Product Page,74
A01506,Product Page,53
A01506,Event,93
A01506,Event,21
A01507,Product Page,133
A01507,Webinar,170
A01507,Event,165
A01507,Website,186
A01507,Product Page,163
A01507,Website,60
A01507,Event,206
A01507,Product Page,86
A01508,Webinar,145
A01508,Event,169
A01508,Event,53
A01508,Website,138
A01508,Product Page,8
A01508,Website,81
A01508,Product Page,194
A01508,Product Page,236
A01508,Event,54
A01508,Campaign,1
A01509,Website,1
A01509,Website,154
A01509,Event,244
A01509,Website,135
A01509,Campaign,180
A01509,Website,44
A01509,Product Page,108
A01509,Event,143
A01509,Product Page,48
A01509,Campaign,93
A01509,Event,111
A01509,Event,29
A01509,Website,121
A01509,Product Page,1
A01509,Website,65
A01509,Product Page,97
A01509,Event,1
A01510,Website,106
A01510,Event,106
A01510,Website,197
A01510,Event,185
A01510,Product Page,203
A01510,Product Page,22
A01510,Campaign,92
A01511,Website,113
A01511,Website,179
A01511,Webinar,211
A01512,Website,1
A01512,Website,218
A01512,Campaign,75
A01512,Product Page,129
A01512,Event,1
A01512,Campaign,1
A01512,Campaign,167
A01512,Campaign,60
A01512,Webinar,96
A01513,Event,160
A01513,Website,108
A01514,Webinar,31
A01514,Website,25
A01514,Webinar,190
A01514,Webinar,130
A01514,Campaign,165
A01514,Website,109
A01514,Event,158
A01514,Website,114
A01514,Webinar,99
A01514,Website,139
A01515,Event,71
A01515,Event,59
A01515,Event,41
A01515,Event,153
A01515,Website,134
A01515,Campaign,72
A01515,Website,100
A01515,Webinar,228
A01515,Campaign,27
A01515,Event,33
A01515,Campaign,118
A01515,Website,157
A01515,Website,1
A01515,Webinar,154
A01515,Product Page,42
A01515,Product Page,113
A01515,Event,106
A01516,Webinar,8
A01516,Campaign,46
A01516,Website,196
A01516,Website,74
A01516,Campaign,35
A01516,Campaign,183
A01516,Webinar,173
A01516,Product Page,1
A01516,Event,149
A01516,Event,103
A01516,Event,81
A01517,Website,1
A01517,Event,87
A01517,Website,84
A01517,Campaign,76
A01517,Website,70
A01517,Product Page,61
A01517,Webinar,79
A01517,Website,70
A01518,Product Page,73
A01518,Campaign,202
A01518,Product Page,149
A01518,Campaign,6
A01518,Website,245
A01518,Event,89
A01518,Campaign,107
A01518,Website,85
A01518,Website,93
A01518,Event,4
A01519,Webinar,219
A01519,Webinar,1
A01519,Webinar,117
A01519,Event,66
A01519,Webinar,189
A01519,Campaign,36
A01519,Product Page,128
A01520,Webinar,1
A01520,Event,84
A01520,Website,21
A01520,Website,173
A01520,Campaign,187
A01520,Website,30
A01520,Product Page,118
A01520,Website,1
A01520,Campaign,136
A01520,Product Page,103
A01520,Website,1
A01520,Campaign,1
A01520,Webinar,6
A01520,Event,1
A01520,Product Page,1
A01520,Webinar,144
A01520,Campaign,121
A01520,Product Page,1
A01520,Product Page,123
A01521,Campaign,181
A01521,Webinar,159
A01521,Webinar,90
A01521,Product Page,198
A01521,Event,98
A01521,Website,193
A01521,Webinar,88
A01522,Campaign,194
A01522,Webinar,28
A01522,Webinar,45
A01522,Website,149
A01522,Webinar,188
A01522,Event,112
A01522,Website,56
A01522,Website,45
A01522,Campaign,112
A01522,Product Page,108
A01522,Product Page,182
A01523,Webinar,95
A01523,Event,19
A01523,Website,136
A01523,Product Page,141
A01523,Website,1
A01523,Webinar,64
A01523,Product Page,218
A01523,Event,45
A01524,Website,152
A01524,Webinar,237
A01524,Webinar,79
A01524,Campaign,145
A01524,Webinar,114
A01525,Campaign,134
A01525,Website,92
A01525,Event,165
A01525,Product Page,235
A01525,Webinar,142
A01525,Website,174
A01525,Event,148
A01525,Event,111
A01525,Campaign,130
A01526,Product Page,231
A01526,Campaign,54
A01526,Campaign,196
A01526,Webinar,215
A01526,Webinar,67
A01526,Website,187
A01526,Product Page,93
A01527,Campaign,129
A01527,Campaign,90
A01527,Product Page,59
A01527,Website,157
A01527,Website,52
A01527,Webinar,270
A01527,Website,82
A01527,Product Page,201
A01527,Product Page,138
A01527,Webinar,72
A01528,Event,22
A01528,Event,150
A01528,Product Page,98
A01528,Website,167
A01528,Webinar,203
A01528,Webinar,126
A01528,Product Page,175
A01528,Webinar,189
A01528,Event,108
A01529,Event,108
A01529,Campaign,61
A01529,Website,125
A01529,Product Page,159
A01529,Campaign,187
A01529,Event,66
A01529,Product Page,120
A01529,Product Page,109
A01529,Campaign,190
A01529,Campaign,61
A01529,Website,182
A01530,Webinar,34
A01530,Campaign,89
A01530,Webinar,198
A01530,Event,130
A01530,Event,253
A01530,Campaign,9
A01530,Event,316
A01531,Event,145
A01531,Campaign,131
A01531,Event,285
A01531,Website,56
A01531,Webinar,95
A01531,Website,202
A01532,Product Page,75
A01532,Webinar,159
A01532,Event,65
A01532,Website,227
A01532,Website,173
A01532,Campaign,46
A01532,Webinar,250
A01533,Product Page,46
A01533,Product Page,37
A01533,Campaign,133
A01533,Campaign,152
A01533,Website,29
A01533,Campaign,75
A01533,Product Page,138
A01533,Campaign,164
A01533,Campaign,93
A01533,Webinar,122
A01533,Event,124
A01533,Website,148
A01533,Webinar,74
A01533,Product Page,150
A01533,Product Page,89
A01533,Product Page,1
A01534,Event,108
A01534,Webinar,100
A01534,Webinar,163
A01534,Website,128
A01534,Product Page,155
A01534,Product Page,191
A01534,Webinar,107
A01534,Webinar,169
A01534,Event,182
A01534,Campaign,182
A01534,Product Page,185
A01534,Product Page,63
A01534,Campaign,114
A01534,Webinar,111
A01534,Website,144
A01534,Product Page,128
A01534,Website,160
A01534,Event,102
A01534,Product Page,19
A01535,Website,28
A01535,Webinar,180
A01535,Campaign,226
A01535,Website,58
A01535,Event,65
A01535,Event,171
A01535,Product Page,102
A01535,Webinar,98
A01535,Webinar,44
A01535,Campaign,171
A01536,Website,57
A01536,Webinar,1
A01536,Webinar,147
A01536,Product Page,90
A01536,Website,199
A01536,Website,120
A01536,Website,204
A01536,Webinar,53
A01536,Product Page,242
A01536,Event,129
A01536,Event,61
A01536,Website,130
A01537,Website,138
A01537,Campaign,165
A01537,Event,134
A01537,Event,149
A01537,Website,206
A01537,Website,267
A01537,Event,52
A01537,Website,132
A01537,Webinar,56
A01537,Product Page,47
A01537,Product Page,163
A01538,Campaign,150
A01538,Event,218
A01538,Product Page,62
A01538,Campaign,124
A01538,Campaign,45
A01538,Event,197
A01539,Website,144
A01539,Event,254
A01539,Webinar,124
A01539,Webinar,201
A01539,Campaign,125
A01539,Website,115
A01539,Website,136
A01539,Website,164
A01539,Webinar,37
A01539,Campaign,151
A01539,Product Page,72
A01539,Webinar,210
A01539,Campaign,121
A01540,Webinar,105
A01540,Event,84
A01540,Website,176
A01540,Webinar,165
A01540,Event,159
A01541,Campaign,152
A01541,Product Page,229
A01541,Product Page,7
A01541,Campaign,164
A01542,Website,94
A01542,Event,157
A01542,Webinar,171
A01542,Product Page,97
A01542,Website,200
A01542,Event,104
A01542,Event,54
A01543,Webinar,18
A01543,Webinar,1
A01543,Website,150
A01543,Webinar,126
A01543,Campaign,137
A01543,Campaign,38
A01543,Website,175
A01544,Event,97
A01544,Product Page,153
A01544,Event,81
A01544,Webinar,150
A01544,Website,122
A01544,Website,208
A01544,Product Page,15
A01545,Webinar,174
A01545,Campaign,50
A01545,Event,45
A01545,Event,9
A01545,Campaign,146
A01545,Campaign,139
A01545,Event,37
A01545,Campaign,128
A01545,Webinar,138
A01545,Campaign,199
A01545,Event,141
A01545,Website,122
A01545,Event,45
A01546,Campaign,108
A01546,Campaign,100
A01546,Website,220
A01546,Campaign,189
A01546,Website,57
A01546,Website,116
A01546,Webinar,94
A01546,Webinar,234
A01546,Campaign,201
A01546,Product Page,95
A01546,Webinar,65
A01546,Campaign,136
A01546,Website,161
A01546,Product Page,134
A01546,Website,33
A01546,Campaign,153
A01546,Website,1
A01546,Webinar,43
A01546,Event,155
A01546,Event,39
A01546,Event,161
A01547,Webinar,119
A01547,Website,1
A01547,Campaign,137
A01547,Product Page,43
A01547,Webinar,21
A01547,Product Page,72
A01547,Campaign,174
A01547,Product Page,254
A01547,Event,1
A01547,Webinar,66
A01547,Website,1
A01547,Webinar,174
A01547,Webinar,118
A01547,Campaign,33
A01547,Product Page,129
A01548,Event,71
A01548,Campaign,243
A01548,Product Page,165
A01548,Webinar,149
A01548,Event,134
A01548,Product Page,117
A01549,Event,81
A01549,Product Page,10
A01549,Website,114
A01549,Campaign,244
A01549,Event,1
A01549,Product Page,1
A01550,Event,120
A01550,Event,101
A01550,Webinar,218
A01550,Website,139
A01550,Product Page,63
A01550,Campaign,1
A01550,Webinar,137
A01550,Webinar,155
A01550,Product Page,1
A01550,Product Page,85
A01550,Webinar,33
A01550,Event,146
A01550,Webinar,1
A01550,Product Page,166
A01551,Product Page,271
A01551,Product Page,248
A01551,Product Page,182
A01551,Website,116
A01551,Product Page,105
A01551,Campaign,161
A01551,Event,132
A01551,Event,180
A01552,Product Page,203
A01552,Event,1
A01552,Product Page,171
A01552,Event,166
A01552,Product Page,227
A01552,Event,159
A01552,Product Page,47
A01553,Product Page,62
A01553,Event,167
A01553,Campaign,44
A01553,Campaign,255
A01553,Website,70
A01553,Product Page,66
A01553,Webinar,102
A01553,Campaign,91
A01554,Webinar,82
A01554,Webinar,99
A01554,Event,93
A01554,Product Page,81
A01554,Event,68
A01554,Product Page,199
A01554,Webinar,106
A01555,Campaign,71
A01555,Webinar,288
A01555,Webinar,76
A01555,Campaign,166
A01556,Webinar,229
A01556,Website,125
A01556,Website,123
A01556,Webinar,156
A01556,Product Page,12
A01556,Webinar,1
A01556,Website,8
A01556,Webinar,3
A01556,Website,212
A01557,Event,1
A01557,Webinar,69
A01557,Website,154
A01557,Product Page,189
A01557,Webinar,40
A01557,Webinar,12
A01557,Campaign,133
A01557,Campaign,190
A01557,Webinar,118
A01557,Website,83
A01557,Campaign,109
A01557,Campaign,115
A01557,Website,104
A01557,Website,145
A01558,Website,59
A01558,Campaign,248
A01558,Website,76
A01558,Webinar,142
A01558,Website,160
A01558,Campaign,81
A01558,Website,62
A01558,Event,18
A01558,Event,302
A01558,Website,89
A01558,Website,70
A01558,Webinar,45
A01559,Product Page,19
A01559,Website,16
A01559,Webinar,51
A01559,Webinar,30
A01559,Webinar,86
A01559,Event,35
A01559,Website,1
A01559,Website,180
A01559,Webinar,71
A01559,Webinar,60
A01559,Webinar,47
A01559,Campaign,189
A01559,Campaign,126
A01559,Campaign,62
A01559,Webinar,127
A01560,Product Page,87
A01560,Event,178
A01560,Website,163
A01560,Website,127
A01560,Campaign,107
A01560,Campaign,53
A01560,Event,200
A01560,Event,1
A01560,Event,124
A01560,Campaign,198
A01560,Event,128
A01561,Website,6
A01561,Event,112
A01561,Campaign,1
A01561,Event,133
A01561,Product Page,77
A01561,Website,133
A01561,Product Page,92
A01561,Product Page,29
A01561,Website,49
A01562,Campaign,87
A01562,Webinar,20
A01562,Webinar,259
A01562,Campaign,181
A01562,Website,43
A01562,Product Page,47
A01562,Campaign,5
A01562,Webinar,1
A01562,Event,128
A01562,Webinar,87
A01562,Campaign,2
A01563,Product Page,123
A01563,Website,24
A01563,Webinar,101
A01563,Product Page,123
A01563,Webinar,73
A01563,Website,122
A01563,Campaign,196
A01563,Product Page,66
A01563,Website,69
A01564,Product Page,69
A01564,Product Page,133
A01564,Website,164
A01564,Event,83
A01564,Product Page,126
A01565,Campaign,95
A01565,Product Page,144
A01565,Website,123
A01565,Website,210
A01565,Website,186
A01565,Product Page,47
A01565,Webinar,217
A01565,Event,214
A01566,Webinar,116
A01566,Webinar,184
A01566,Website,72
A01566,Product Page,259
A01566,Product Page,212
A01566,Event,241
A01566,Website,146
A01566,Webinar,123
A01566,Campaign,194
A01566,Event,66
A01566,Campaign,116
A01566,Product Page,159
A01566,Webinar,111
A01566,Product Page,106
A01566,Campaign,90
A01567,Product Page,196
A01567,Event,18
A01567,Campaign,188
A01567,Website,1
A01567,Product Page,58
A01567,Event,85
A01567,Webinar,28
A01568,Event,107
A01568,Event,1
A01568,Product Page,59
A01568,Event,96
A01568,Webinar,93
A01568,Product Page,76
A01568,Webinar,84
A01568,Event,48
A01568,Event,1
A01568,Event,116
A01568,Product Page,182
A01569,Campaign,108
A01569,Product Page,24
A01569,Campaign,51
A01569,Webinar,48
A01569,Campaign,35
A01569,Campaign,132
A01570,Webinar,102
A01570,Campaign,7
A01570,Webinar,73
A01570,Campaign,168
A01570,Website,135
A01570,Webinar,92
A01570,Campaign,148
A01570,Product Page,178
A01570,Webinar,125
A01570,Campaign,1
A01570,Event,179
A01570,Campaign,130
A01570,Event,1
A01571,Webinar,150
A01571,Event,96
A01571,Product Page,177
A01571,Campaign,70
A01571,Event,35
A01571,Event,67
A01571,Product Page,70
A01571,Webinar,22
A01571,Product Page,120
A01571,Campaign,36
A01571,Campaign,249
A01571,Event,1
A01571,Campaign,92
A01572,Website,48
A01572,Product Page,22
A01572,Website,67
A01572,Product Page,81
A01572,Product Page,150
A01572,Event,61
A01572,Event,13
A01572,Website,66
A01572,Webinar,110
A01572,Event,153
A01572,Campaign,13
A01572,Webinar,84
A01573,Webinar,198
A01573,Website,112
A01573,Event,150
A01573,Website,94
A01573,Product Page,112
A01573,Campaign,209
A01573,Webinar,112
A01573,Webinar,22
A01573,Event,68
A01574,Webinar,121
A01574,Campaign,111
A01574,Website,157
A01574,Campaign,112
A01574,Website,192
A01574,Event,181
A01574,Product Page,154
A01574,Webinar,138
A01574,Webinar,180
A01574,Campaign,48
A01575,Campaign,195
A01575,Event,73
A01575,Website,1
A01575,Campaign,94
A01575,Product Page,84
A01575,Event,92
A01575,Event,196
A01575,Event,39
A01575,Website,158
A01575,Campaign,40
A01576,Campaign,101
A01576,Website,1
A01576,Product Page,125
A01576,Webinar,92
A01576,Campaign,138
A01576,Website,3
A01576,Campaign,1
A01576,Webinar,3
A01576,Product Page,90
A01576,Product Page,98
A01576,Product Page,61
A01577,Event,57
A01577,Event,28
A01577,Webinar,66
A01577,Campaign,39
A01577,Product Page,118
A01577,Campaign,62
A01577,Product Page,155
A01577,Webinar,116
A01577,Campaign,2
A01577,Website,49
A01577,Event,1
A01577,Campaign,1
A01577,Event,196
A01578,Campaign,15
A01578,Event,217
A01578,Campaign,68
A01578,Event,193
A01578,Product Page,1
A01578,Product Page,132
A01578,Webinar,10
A01578,Event,124
A01578,Webinar,147
A01578,Webinar,53
A01578,Campaign,3
A01578,Product Page,221
A01578,Product Page,162
A01579,Website,1
A01579,Campaign,141
A01579,Product Page,190
A01579,Product Page,166
A01579,Campaign,180
A01580,Website,85
A01580,Webinar,135
A01580,Product Page,88
A01580,Website,88
A01580,Event,38
A01580,Campaign,54
A01580,Product Page,1
A01580,Campaign,13
A01580,Campaign,97
A01580,Website,1
A01580,Product Page,1
A01580,Event,89
A01580,Event,1
A01580,Product Page,107
A01580,Website,101
A01580,Webinar,1
A01580,Campaign,67
A01580,Website,174
A01580,Event,42
A01581,Event,98
A01581,Product Page,6
A01581,Webinar,76
A01581,Webinar,89
A01581,Campaign,124
A01581,Website,1
A01581,Product Page,1
A01581,Website,113
A01581,Event,64
A01581,Event,32
A01581,Campaign,77
A01581,Campaign,128
A01581,Webinar,188
A01582,Event,162
A01582,Website,35
A01582,Website,132
A01582,Webinar,131
A01582,Product Page,101
A01582,Campaign,228
A01582,Campaign,226
A01582,Product Page,157
A01582,Website,109
A01583,Website,195
A01583,Event,148
A01583,Product Page,109
A01583,Campaign,123
A01583,Product Page,110
A01583,Webinar,72
A01583,Campaign,119
A01584,Webinar,66
A01584,Webinar,123
A01584,Event,206
A01584,Campaign,109
A01585,Product Page,43
A01585,Website,148
A01585,Campaign,69
A01585,Event,124
A01585,Website,36
A01585,Event,133
A01586,Website,242
A01586,Product Page,88
A01586,Webinar,176
A01586,Event,103
A01586,Campaign,280
A01586,Event,222
A01586,Webinar,164
A01587,Website,52
A01587,Website,45
A01587,Campaign,148
A01587,Campaign,81
A01587,Product Page,1
A01587,Webinar,72
A01587,Campaign,73
A01587,Campaign,66
A01587,Website,4
A01587,Webinar,61
A01587,Website,83
A01587,Website,100
A01587,Webinar,108
A01587,Website,73
A01587,Event,47
A01587,Website,56
A01587,Product Page,107
A01587,Campaign,85
A01588,Website,105
A01588,Product Page,232
A01589,Event,278
A01589,Website,127
A01590,Webinar,18
A01590,Product Page,174
A01590,Campaign,189
A01590,Website,117
A01590,Event,147
A01590,Campaign,153
A01590,Product Page,112
A01590,Webinar,238
A01590,Event,200
A01591,Campaign,2
A01591,Webinar,1
A01591,Webinar,82
A01591,Product Page,97
A01591,Website,70
A01591,Webinar,229
A01591,Webinar,89
A01591,Website,10
A01591,Campaign,95
A01591,Website,152
A01591,Website,62
A01591,Website,234
A01591,Event,1
A01592,Webinar,1
A01592,Campaign,41
A01592,Webinar,114
A01592,Campaign,1
A01592,Webinar,15
A01592,Website,91
A01593,Website,29
A01593,Webinar,113
A01593,Campaign,98
A01593,Event,30
A01593,Event,1
A01593,Webinar,91
A01593,Webinar,64
A01593,Webinar,142
A01593,Webinar,102
A01593,Website,84
A01593,Website,26
A01593,Event,35
A01593,Webinar,93
A01593,Event,1
A01593,Webinar,102
A01594,Website,152
A01594,Event,187
A01594,Campaign,207
A01594,Campaign,49
A01594,Product Page,242
A01594,Event,55
A01594,Campaign,22
A01594,Campaign,237
A01595,Webinar,136
A01595,Event,48
A01595,Product Page,145
A01595,Webinar,129
A01595,Webinar,156
A01595,Campaign,16
A01595,Campaign,172
A01595,Event,1
A01596,Campaign,196
A01596,Event,132
A01596,Website,143
A01596,Webinar,95
A01597,Webinar,27
A01597,Event,88
A01597,Campaign,111
A01597,Campaign,40
A01597,Product Page,205
A01597,Product Page,59
A01597,Website,77
A01598,Campaign,86
A01598,Product Page,139
A01598,Website,182
A01598,Campaign,73
A01598,Website,220
A01598,Website,266
A01598,Product Page,204
A01598,Campaign,190
A01598,Webinar,48
A01599,Webinar,140
A01599,Event,175
A01599,Webinar,204
A01599,Website,43
A01599,Webinar,1
A01599,Webinar,81
A01599,Campaign,29
A01599,Product Page,16
A01599,Website,48
A01599,Event,30
A01599,Campaign,137
A01599,Campaign,39
A01599,Website,187
A01599,Website,50
A01600,Website,114
A01600,Website,1
A01600,Website,178
A01600,Website,92
A01600,Product Page,107
A01600,Event,61
A01601,Website,106
A01601,Product Page,51
A01601,Webinar,221
A01601,Website,25
A01601,Webinar,161
A01601,Product Page,121
A01601,Product Page,174
A01601,Product Page,55
A01601,Product Page,97
A01601,Website,145
A01601,Campaign,124
A01601,Website,143
A01601,Webinar,129
A01602,Product Page,149
A01602,Campaign,52
A01602,Website,154
A01602,Webinar,246
A01602,Campaign,102
A01602,Website,107
A01603,Campaign,13
A01603,Product Page,121
A01603,Webinar,1
A01603,Event,119
A01603,Website,162
A01603,Webinar,8
A01603,Webinar,185
A01603,Campaign,101
A01603,Webinar,83
A01603,Event,108
A01603,Event,100
A01603,Website,31
A01603,Event,97
A01603,Campaign,109
A01604,Website,27
A01604,Event,45
A01604,Webinar,45
A01604,Website,57
A01604,Webinar,154
A01604,Product Page,110
A01604,Event,133
A01604,Webinar,122
A01604,Event,122
A01605,Product Page,152
A01605,Product Page,113
A01605,Event,150
A01605,Campaign,124
A01605,Webinar,214
A01605,Event,265
A01605,Event,114
A01605,Campaign,162
A01605,Product Page,1
A01606,Webinar,206
A01606,Campaign,1
A01606,Campaign,154
A01606,Website,61
A01606,Event,1
A01606,Product Page,101
A01606,Webinar,45
A01606,Campaign,30
A01606,Product Page,49
A01606,Event,110
A01606,Webinar,91
A01606,Campaign,99
A01606,Campaign,81
A01606,Webinar,118
A01607,Campaign,87
A01607,Webinar,252
A01607,Webinar,47
A01607,Website,101
A01607,Campaign,170
A01607,Webinar,203
A01607,Website,154
A01607,Product Page,172
A01607,Campaign,160
A01607,Campaign,116
A01607,Webinar,29
A01608,Campaign,99
A01608,Event,1
A01608,Campaign,159
A01608,Campaign,1
A01608,Website,29
A01608,Webinar,1
A01608,Website,86
A01608,Campaign,82
A01608,Campaign,195
A01608,Webinar,218
A01608,Event,187
A01608,Website,2
A01608,Campaign,187
A01608,Campaign,59
A01608,Website,80
A01609,Webinar,146
A01609,Product Page,114
A01609,Website,21
A01609,Product Page,1
A01609,Event,54
A01609,Webinar,44
A01609,Webinar,128
A01609,Campaign,153
A01609,Product Page,3
A01609,Product Page,137
A01610,Campaign,72
A01610,Event,59
A01610,Webinar,246
A01610,Product Page,114
A01610,Campaign,1
A01610,Webinar,70
A01610,Campaign,74
A01610,Product Page,1
A01610,Product Page,79
A01610,Product Page,23
A01610,Website,1
A01610,Webinar,107
A01610,Website,32
A01611,Product Page,234
A01611,Webinar,23
A01611,Webinar,50
A01611,Product Page,33
A01611,Event,2
A01611,Campaign,197
A01611,Campaign,37
A01611,Website,39
A01611,Website,1
A01611,Product Page,200
A01611,Website,223
A01611,Campaign,77
A01611,Campaign,1
A01611,Webinar,161
A01611,Product Page,120
A01612,Website,39
A01612,Webinar,49
A01612,Website,119
A01612,Website,106
A01612,Website,1
A01612,Campaign,137
A01612,Website,121
A01612,Campaign,106
A01612,Webinar,1
A01612,Campaign,69
A01613,Website,181
A01613,Event,85
A01613,Event,130
A01613,Campaign,234
A01613,Website,50
A01613,Event,1
A01613,Campaign,308
A01613,Website,107
A01613,Event,198
A01613,Product Page,137
A01614,Webinar,29
A01614,Campaign,68
A01614,Webinar,45
A01614,Campaign,1
A01614,Webinar,39
A01614,Campaign,126
A01614,Webinar,113
A01614,Event,87
A01614,Campaign,101
A01614,Webinar,69
A01614,Campaign,175
A01614,Website,1
A01614,Event,67
A01614,Webinar,234
A01614,Event,83
A01614,Campaign,48
A01614,Website,141
A01614,Product Page,80
A01614,Event,118
A01614,Product Page,37
A01614,Product Page,53
A01614,Website,41
A01614,Website,166
A01614,Event,143
A01614,Campaign,122
A01614,Webinar,182
A01614,Webinar,55
A01615,Event,85
A01615,Campaign,69
A01615,Event,135
A01616,Website,1
A01616,Campaign,157
A01616,Campaign,177
A01616,Webinar,12
A01616,Event,27
A01616,Event,1
A01616,Website,201
A01616,Website,109
A01617,Website,70
A01617,Webinar,57
A01617,Product Page,1
A01617,Product Page,227
A01617,Event,121
A01617,Webinar,135
A01617,Website,103
A01617,Webinar,313
A01617,Campaign,171
A01618,Webinar,201
A01618,Campaign,95
A01618,Webinar,101
A01618,Campaign,329
A01618,Product Page,119
A01618,Campaign,190
A01619,Campaign,3
A01619,Event,34
A01619,Website,108
A01619,Website,108
A01619,Event,59
A01619,Website,2
A01619,Website,118
A01619,Webinar,144
A01619,Product Page,156
A01619,Product Page,136
A01619,Event,1
A01620,Website,142
A01620,Webinar,200
A01620,Campaign,65
A01620,Webinar,182
A01620,Website,249
A01620,Webinar,1
A01621,Webinar,232
A01621,Website,194
A01621,Webinar,178
A01621,Webinar,87
A01621,Event,84
A01621,Event,65
A01621,Campaign,96
A01621,Campaign,153
A01622,Website,61
A01622,Event,91
A01622,Product Page,136
A01623,Webinar,77
A01623,Website,44
A01623,Event,86
A01623,Campaign,82
A01623,Webinar,1
A01623,Event,1
A01623,Webinar,127
A01623,Webinar,1
A01623,Website,127
A01623,Campaign,131
A01623,Product Page,79
A01623,Website,48
A01623,Campaign,1
A01623,Product Page,56
A01624,Event,82
A01624,Product Page,88
A01624,Product Page,179
A01624,Product Page,20
A01624,Webinar,70
A01624,Campaign,109
A01624,Webinar,79
A01624,Website,1
A01624,Webinar,95
A01624,Campaign,180
A01624,Website,151
A01624,Webinar,17
A01624,Campaign,105
A01624,Campaign,1
A01624,Product Page,138
A01624,Campaign,145
A01625,Webinar,72
A01625,Event,194
A01625,Website,1
A01625,Event,75
A01625,Webinar,129
A01625,Event,194
A01625,Product Page,315
A01625,Webinar,213
A01626,Event,53
A01626,Website,126
A01626,Website,127
A01626,Product Page,1
A01626,Webinar,103
A01626,Website,252
A01626,Campaign,63
A01626,Campaign,116
A01626,Campaign,149
A01626,Website,10
A01626,Campaign,22
A01626,Webinar,122
A01627,Event,199
A01627,Product Page,96
A01627,Webinar,247
A01627,Event,73
A01627,Website,164
A01627,Event,154
A01627,Campaign,170
A01627,Event,12
A01627,Website,177
A01627,Product Page,122
A01627,Product Page,49
A01627,Campaign,174
A01627,Webinar,170
A01627,Webinar,156
A01628,Website,73
A01628,Product Page,140
A01628,Campaign,26
A01628,Event,156
A01628,Event,64
A01628,Website,73
A01628,Campaign,173
A01628,Webinar,44
A01628,Webinar,138
A01628,Product Page,11
A01628,Webinar,20
A01628,Event,198
A01629,Webinar,100
A01629,Campaign,63
A01629,Website,1
A01629,Product Page,112
A01629,Event,11
A01629,Website,1
A01629,Event,1
A01630,Campaign,144
A01630,Website,88
A01630,Campaign,38
A01630,Campaign,128
A01631,Website,99
A01631,Website,56
A01631,Product Page,1
A01631,Webinar,1
A01631,Product Page,31
A01631,Campaign,57
A01631,Website,173
A01631,Product Page,126
A01631,Webinar,111
A01632,Webinar,146
A01632,Product Page,158
A01632,Product Page,283
A01632,Campaign,92
A01632,Event,81
A01632,Campaign,153
A01632,Website,193
A01633,Webinar,115
A01633,Website,31
A01633,Campaign,21
A01633,Webinar,26
A01633,Event,89
A01633,Campaign,185
A01633,Event,58
A01633,Webinar,15
A01634,Event,131
A01634,Webinar,66
A01634,Website,167
A01634,Campaign,95
A01635,Product Page,116
A01635,Webinar,109
A01635,Event,119
A01635,Website,215
A01635,Campaign,109
A01635,Event,74
A01635,Campaign,173
A01635,Product Page,146
A01635,Event,199
A01635,Event,130
A01635,Campaign,191
A01635,Webinar,133
A01636,Campaign,178
A01636,Website,147
A01637,Event,187
A01637,Website,75
A01637,Product Page,91
A01637,Campaign,105
A01638,Website,104
A01638,Webinar,119
A01638,Website,65
A01638,Website,62
A01638,Webinar,114
A01638,Webinar,185
A01639,Website,25
A01639,Webinar,86
A01639,Webinar,129
A01639,Product Page,52
A01639,Campaign,119
A01640,Campaign,1
A01640,Campaign,52
A01640,Website,1
A01640,Product Page,95
A01640,Event,87
A01640,Campaign,44
A01640,Product Page,90
A01640,Product Page,73
A01640,Campaign,122
A01640,Campaign,127
A01640,Campaign,10
A01640,Product Page,122
A01640,Product Page,119
A01640,Website,55
A01640,Product Page,51
A01641,Event,109
A01641,Campaign,172
A01641,Webinar,127
A01641,Product Page,1
A01641,Product Page,95
A01641,Campaign,186
A01641,Campaign,59
A01641,Website,1
A01641,Event,182
A01641,Product Page,206
A01641,Product Page,130
A01641,Product Page,66
A01641,Website,173
A01641,Website,148
A01641,Event,71
A01641,Product Page,95
A01641,Product Page,180
A01641,Webinar,1
A01641,Product Page,129
A01642,Website,72
A01642,Campaign,212
A01642,Webinar,17
A01642,Campaign,1
A01642,Website,190
A01642,Event,187
A01642,Website,158
A01642,Website,103
A01642,Campaign,119
A01642,Campaign,88
A01642,Website,62
A01642,Website,119
A01642,Product Page,168
A01642,Website,28
A01642,Campaign,130
A01642,Campaign,65
A01642,Campaign,32
A01643,Product Page,38
A01643,Website,224
A01643,Campaign,186
A01643,Event,298
A01643,Product Page,159
A01643,Campaign,205
A01643,Event,185
A01643,Product Page,150
A01644,Webinar,124
A01644,Website,1
A01644,Website,204
A01644,Event,52
A01644,Campaign,238
A01645,Campaign,43
A01645,Event,112
A01645,Website,253
A01645,Product Page,110
A01646,Campaign,134
A01646,Campaign,78
A01646,Product Page,1
A01646,Webinar,1
A01646,Website,197
A01646,Event,104
A01646,Website,220
A01646,Website,101
A01647,Website,139
A01647,Campaign,152
A01647,Product Page,221
A01647,Product Page,161
A01647,Product Page,76
A01647,Website,113
A01647,Webinar,93
A01647,Product Page,150
A01647,Campaign,235
A01647,Website,104
A01647,Webinar,66
A01648,Website,140
A01648,Campaign,164
A01648,Campaign,200
A01648,Product Page,42
A01648,Webinar,106
A01648,Product Page,199
A01649,Website,163
A01649,Event,69
A01649,Event,124
A01650,Website,195
A01650,Product Page,165
A01650,Webinar,30
A01650,Webinar,117
A01650,Campaign,216
A01651,Event,75
A01651,Product Page,48
A01651,Product Page,168
A01651,Webinar,123
A01651,Webinar,64
A01651,Webinar,164
A01651,Event,155
A01651,Product Page,143
A01651,Event,1
A01652,Website,221
A01652,Webinar,249
A01652,Event,77
A01652,Website,106
A01652,Webinar,147
A01652,Website,86
A01653,Campaign,56
A01653,Website,154
A01653,Website,37
A01653,Product Page,1
A01653,Website,37
A01653,Event,1
A01653,Event,10
A01653,Product Page,84
A01653,Product Page,136
A01653,Webinar,216
A01653,Webinar,1
A01653,Webinar,35
A01653,Product Page,1
A01653,Product Page,79
A01653,Product Page,25
A01653,Campaign,108
A01653,Event,72
A01653,Campaign,50
A01653,Webinar,51
A01654,Webinar,1
A01654,Event,51
A01654,Event,21
A01654,Website,86
A01654,Webinar,35
A01654,Event,84
A01654,Webinar,34
A01654,Webinar,218
A01654,Webinar,169
A01654,Event,44
A01654,Event,23
A01655,Product Page,97
A01655,Campaign,54
A01655,Webinar,167
A01655,Product Page,72
A01655,Product Page,1
A01655,Webinar,138
A01655,Webinar,96
A01655,Product Page,98
A01655,Event,150
A01655,Website,179
A01655,Product Page,1
A01655,Product Page,71
A01655,Event,45
A01655,Webinar,79
A01655,Campaign,116
A01655,Website,90
A01655,Product Page,66
A01656,Event,208
A01656,Webinar,104
A01656,Campaign,32
A01656,Campaign,13
A01656,Product Page,1
A01656,Product Page,110
A01656,Event,146
A01656,Website,1
A01656,Product Page,171
A01656,Product Page,154
A01656,Campaign,130
A01656,Website,239
A01656,Webinar,160
A01657,Product Page,75
A01657,Campaign,213
A01657,Webinar,117
A01657,Webinar,4
A01657,Event,87
A01657,Product Page,92
A01657,Website,183
A01657,Event,109
A01657,Event,225
A01658,Campaign,181
A01658,Campaign,108
A01658,Product Page,202
A01658,Event,114
A01658,Campaign,185
A01658,Event,33
A01659,Product Page,158
A01659,Event,167
A01659,Website,113
A01659,Website,216
A01659,Webinar,195
A01659,Campaign,143
A01659,Website,209
A01659,Website,1
A01659,Product Page,171
A01660,Webinar,99
A01660,Website,148
A01660,Event,152
A01661,Campaign,54
A01661,Campaign,99
A01661,Website,1
A01661,Website,21
A01661,Event,60
A01661,Event,101
A01661,Campaign,117
A01662,Webinar,85
A01662,Event,153
A01662,Campaign,79
A01662,Product Page,76
A01662,Product Page,116
A01662,Event,192
A01662,Website,109
A01662,Product Page,115
A01662,Campaign,205
A01662,Event,49
A01662,Event,178
A01662,Website,77
A01662,Webinar,55
A01662,Event,34
A01663,Website,152
A01663,Webinar,163
A01663,Website,60
A01663,Product Page,178
A01663,Website,175
A01663,Product Page,273
A01663,Website,104
A01664,Webinar,18
A01664,Campaign,62
A01664,Event,87
A01664,Campaign,78
A01664,Webinar,68
A01664,Event,197
A01664,Webinar,8
A01664,Event,39
A01664,Webinar,158
A01665,Website,7
A01665,Event,131
A01665,Webinar,235
A01665,Event,227
A01665,Campaign,51
A01665,Campaign,138
A01665,Product Page,160
A01665,Event,50
A01665,Website,149
A01665,Event,158
A01666,Product Page,1
A01666,Event,108
A01666,Website,123
A01666,Webinar,172
A01666,Campaign,144
A01667,Campaign,74
A01667,Webinar,96
A01667,Campaign,220
A01667,Product Page,170
A01667,Campaign,30
A01667,Product Page,99
A01667,Product Page,243
A01667,Event,119
A01667,Campaign,33
A01668,Event,123
A01668,Event,136
A01668,Webinar,54
A01668,Product Page,98
A01668,Event,92
A01668,Webinar,95
A01668,Webinar,119
A01668,Campaign,182
A01668,Webinar,107
A01668,Product Page,53
A01669,Website,182
A01669,Campaign,291
A01669,Product Page,340
A01669,Event,251
A01669,Event,151
A01669,Webinar,89
A01670,Website,37
A01670,Product Page,93
A01671,Product Page,103
A01671,Event,194
A01671,Product Page,80
A01671,Website,269
A01671,Event,92
A01671,Event,192
A01671,Event,237
A01671,Campaign,181
A01671,Webinar,89
A01671,Product Page,97
A01672,Webinar,2
A01672,Website,89
A01672,Campaign,88
A01672,Website,80
A01672,Product Page,8
A01672,Product Page,86
A01672,Event,223
A01672,Campaign,46
A01672,Event,26
A01672,Event,51
A01672,Product Page,74
A01672,Webinar,78
A01673,Campaign,210
A01673,Webinar,105
A01673,Event,223
A01673,Webinar,111
A01673,Website,198
A01674,Campaign,68
A01674,Website,315
A01674,Webinar,122
A01674,Product Page,127
A01674,Product Page,5
A01674,Campaign,96
A01674,Campaign,164
A01674,Event,55
A01674,Campaign,182
A01675,Product Page,26
A01675,Campaign,140
A01675,Product Page,100
A01675,Event,71
A01676,Event,208
A01676,Campaign,95
A01676,Campaign,203
A01676,Product Page,32
A01676,Website,95
A01676,Webinar,118
A01676,Website,96
A01676,Event,137
A01676,Webinar,109
A01676,Event,131
A01677,Campaign,63
A01677,Event,150
A01677,Website,170
A01677,Event,180
A01678,Event,141
A01678,Webinar,258
A01678,Campaign,135
A01678,Webinar,85
A01678,Event,60
A01678,Product Page,105
A01678,Product Page,127
A01679,Website,269
A01679,Event,237
A01679,Website,123
A01679,Website,86
A01679,Campaign,105
A01679,Website,247
A01679,Product Page,203
A01679,Website,17
A01679,Website,119
A01679,Website,48
A01679,Product Page,178
A01679,Product Page,19
A01679,Website,51
A01680,Event,175
A01680,Product Page,97
A01680,Webinar,131
A01680,Event,105
A01680,Campaign,68
A01680,Campaign,82
A01680,Event,172
A01681,Website,126
A01681,Campaign,66
A01681,Product Page,134
A01681,Event,17
A01681,Product Page,48
A01681,Webinar,67
A01681,Campaign,142
A01681,Event,1
A01681,Campaign,183
A01682,Campaign,21
A01682,Event,108
A01682,Product Page,107
A01682,Campaign,264
A01683,Product Page,68
A01683,Event,85
A01683,Campaign,20
A01683,Product Page,243
A01683,Webinar,153
A01683,Campaign,115
A01683,Website,164
A01683,Event,98
A01684,Webinar,123
A01684,Website,46
A01684,Product Page,1
A01684,Event,1
A01684,Website,129
A01684,Event,96
A01684,Campaign,79
A01684,Webinar,137
A01684,Product Page,125
A01684,Webinar,26
A01684,Webinar,59
A01684,Event,171
A01684,Campaign,87
A01684,Website,1
A01684,Website,18
A01684,Event,26
A01684,Event,138
A01684,Webinar,111
A01684,Product Page,1
A01684,Website,1
A01684,Event,94
A01684,Webinar,21
A01685,Product Page,123
A01685,Event,152
A01685,Product Page,114
A01685,Campaign,151
A01685,Event,149
A01685,Event,38
A01685,Product Page,3
A01685,Website,212
A01686,Product Page,12
A01686,Webinar,43
A01686,Product Page,122
A01686,Campaign,92
A01686,Website,241
A01686,Product Page,142
A01686,Webinar,55
A01686,Event,196
A01686,Product Page,90
A01686,Event,296
A01686,Webinar,134
A01687,Campaign,190
A01687,Event,97
A01687,Product Page,206
A01687,Product Page,101
A01688,Product Page,37
A01688,Website,118
A01688,Product Page,141
A01688,Webinar,121
A01688,Product Page,93
A01688,Website,42
A01688,Event,112
A01688,Website,79
A01688,Event,173
A01688,Webinar,9
A01689,Website,1
A01689,Website,81
A01689,Product Page,78
A01689,Event,8
A01690,Website,173
A01690,Product Page,154
A01690,Webinar,91
A01690,Product Page,165
A01690,Event,256
A01690,Webinar,172
A01690,Webinar,181
A01690,Webinar,142
A01691,Product Page,1
A01691,Product Page,86
A01691,Event,121
A01691,Campaign,114
A01691,Product Page,103
A01691,Campaign,123
A01691,Event,44
A01691,Campaign,3
A01691,Campaign,153
A01691,Event,161
A01692,Product Page,115
A01692,Campaign,159
A01692,Webinar,1
A01692,Product Page,36
A01692,Campaign,85
A01692,Campaign,174
A01692,Webinar,148
A01692,Campaign,152
A01693,Website,142
A01693,Website,144
A01693,Webinar,147
A01693,Website,70
A01694,Event,137
A01694,Campaign,49
A01694,Website,125
A01694,Product Page,141
A01694,Event,312
A01694,Event,111
A01694,Event,176
A01694,Webinar,45
A01694,Product Page,104
A01694,Campaign,242
A01695,Event,40
A01695,Webinar,147
A01695,Event,161
A01695,Campaign,120
A01695,Webinar,211
A01695,Event,182
A01695,Product Page,328
A01695,Website,91
A01695,Campaign,9
A01695,Webinar,80
A01695,Campaign,139
A01695,Product Page,221
A01695,Event,104
A01695,Campaign,118
A01695,Website,127
A01695,Event,96
A01695,Event,101
A01695,Website,194
A01695,Webinar,85
A01696,Webinar,173
A01696,Product Page,32
A01696,Website,195
A01696,Webinar,253
A01696,Product Page,140
A01697,Product Page,133
A01697,Product Page,97
A01697,Campaign,81
A01697,Website,158
A01697,Website,157
A01698,Campaign,99
A01698,Event,54
A01698,Product Page,108
A01698,Campaign,1
A01698,Event,1
A01698,Product Page,127
A01698,Webinar,192
A01699,Campaign,107
A01699,Event,53
A01699,Campaign,160
A01699,Product Page,31
A01699,Campaign,1
A01699,Campaign,48
A01699,Website,64
A01699,Campaign,1
A01700,Campaign,94
A01700,Webinar,41
A01700,Event,56
A01700,Product Page,132
A01701,Website,40
A01701,Event,128
A01701,Product Page,116
A01701,Website,44
A01701,Webinar,6
A01701,Product Page,71
A01701,Product Page,137
A01701,Campaign,65
A01701,Campaign,1
A01701,Website,127
A01702,Product Page,221
A01702,Website,284
A01702,Campaign,193
A01702,Campaign,45
A01702,Event,228
A01702,Event,105
A01702,Website,141
A01702,Campaign,188
A01702,Campaign,60
A01702,Webinar,161
A01703,Event,171
A01703,Product Page,233
A01704,Webinar,15
A01704,Product Page,128
A01704,Event,167
A01704,Website,155
A01704,Website,1
A01704,Webinar,238
A01704,Website,36
A01704,Website,76
A01705,Webinar,227
A01705,Website,15
A01705,Webinar,135
A01705,Webinar,165
A01705,Campaign,140
A01706,Event,141
A01706,Website,180
A01706,Product Page,56
A01706,Event,14
A01706,Event,199
A01706,Webinar,187
A01706,Website,100
A01706,Product Page,123
A01707,Event,100
A01707,Webinar,188
A01707,Product Page,85
A01707,Website,75
A01707,Campaign,181
A01707,Product Page,65
A01707,Product Page,146
A01707,Campaign,107
A01708,Website,265
A01708,Event,115
A01708,Campaign,177
A01708,Webinar,46
A01708,Product Page,109
A01708,Product Page,132
A01708,Event,120
A01708,Product Page,210
A01708,Webinar,3
A01708,Webinar,32
A01708,Website,119
A01708,Product Page,282
A01708,Event,161
A01708,Website,185
A01708,Product Page,212
A01709,Product Page,128
A01709,Product Page,178
A01709,Campaign,126
A01709,Campaign,140
A01709,Website,66
A01709,Event,105
A01709,Event,68
A01709,Event,14
A01709,Product Page,189
A01709,Campaign,60
A01709,Campaign,74
A01709,Campaign,195
A01709,Campaign,193
A01709,Website,64
A01710,Event,145
A01710,Event,68
A01710,Event,93
A01710,Webinar,19
A01710,Product Page,94
A01710,Campaign,52
A01710,Campaign,191
A01710,Product Page,129
A01710,Website,1
A01711,Website,117
A01711,Webinar,148
A01711,Campaign,137
A01711,Website,103
A01711,Webinar,210
A01712,Webinar,106
A01712,Website,65
A01712,Website,333
A01712,Event,1
A01712,Website,21
A01712,Campaign,148
A01712,Event,46
A01712,Website,1
A01713,Product Page,173
A01713,Webinar,73
A01713,Campaign,19
A01713,Campaign,80
A01713,Website,31
A01713,Website,49
A01713,Website,30
A01713,Website,45
A01714,Website,1
A01714,Website,72
A01714,Product Page,131
A01714,Product Page,167
A01714,Product Page,102
A01714,Product Page,236
A01714,Website,110
A01714,Webinar,195
A01714,Product Page,161
A01714,Event,138
A01715,Event,160
A01715,Website,123
A01715,Website,205
A01716,Campaign,35
A01716,Event,152
A01716,Website,96
A01716,Campaign,158
A01716,Webinar,197
A01716,Event,99
A01716,Event,145
A01716,Campaign,120
A01716,Product Page,163
A01717,Webinar,1
A01717,Product Page,144
A01717,Webinar,170
A01717,Website,175
A01717,Campaign,94
A01718,Product Page,17
A01718,Product Page,100
A01718,Product Page,80
A01718,Webinar,83
A01718,Webinar,51
A01718,Product Page,250
A01718,Campaign,141
A01718,Campaign,138
A01718,Campaign,9
A01718,Website,44
A01718,Product Page,122
A01718,Campaign,157
A01718,Campaign,1
A01719,Webinar,17
A01719,Product Page,180
A01719,Website,35
A01719,Website,102
A01719,Website,158
A01719,Webinar,158
A01719,Website,148
A01720,Event,124
A01720,Event,105
A01720,Webinar,131
A01720,Event,192
A01720,Website,118
A01720,Product Page,99
A01721,Campaign,113
A01721,Webinar,161
A01721,Webinar,145
A01721,Product Page,154
A01721,Campaign,122
A01721,Product Page,134
A01721,Product Page,225
A01722,Website,199
A01722,Webinar,237
A01722,Webinar,1
A01722,Webinar,190
A01722,Website,100
A01722,Campaign,158
A01722,Website,64
A01723,Event,337
A01723,Product Page,134
A01723,Product Page,94
A01723,Website,118
A01723,Event,116
A01723,Campaign,117
A01723,Product Page,165
A01723,Event,153
A01723,Website,175
A01723,Campaign,103
A01723,Event,265
A01723,Event,198
A01724,Event,25
A01724,Event,64
A01724,Event,236
A01724,Website,75
A01725,Product Page,115
A01725,Campaign,222
A01725,Webinar,202
A01725,Webinar,72
A01725,Campaign,249
A01725,Campaign,81
A01725,Webinar,5
A01726,Webinar,53
A01726,Campaign,171
A01726,Webinar,107
A01726,Campaign,56
A01726,Webinar,1
A01726,Website,29
A01726,Event,66
A01726,Webinar,141
A01726,Product Page,1
A01726,Webinar,114
A01726,Website,165
A01726,Campaign,1
A01727,Webinar,106
A01727,Product Page,134
A01727,Product Page,1
A01727,Website,134
A01727,Webinar,172
A01727,Website,81
A01727,Website,53
A01727,Website,22
A01727,Event,56
A01728,Website,113
A01728,Product Page,200
A01728,Webinar,115
A01728,Webinar,4
A01728,Event,125
A01728,Product Page,5
A01728,Webinar,90
A01728,Product Page,133
A01728,Event,230
A01728,Campaign,184
A01728,Event,139
A01729,Product Page,1
A01729,Website,121
A01729,Webinar,167
A01729,Webinar,161
A01729,Campaign,118
A01729,Website,194
A01729,Webinar,33
A01729,Webinar,94
A01729,Product Page,120
A01729,Webinar,51
A01729,Campaign,111
A01730,Webinar,76
A01730,Event,120
A01730,Event,131
A01731,Website,144
A01731,Webinar,136
A01731,Campaign,1
A01731,Website,134
A01731,Event,96
A01731,Webinar,174
A01731,Webinar,66
A01731,Event,144
A01731,Campaign,1
A01731,Website,268
A01732,Product Page,222
A01732,Webinar,219
A01732,Webinar,167
A01732,Campaign,178
A01732,Webinar,60
A01733,Product Page,18
A01733,Webinar,67
A01733,Campaign,105
A01733,Product Page,155
A01733,Campaign,196
A01734,Event,118
A01734,Event,245
A01734,Event,255
A01734,Event,84
A01734,Webinar,52
A01734,Website,168
A01734,Campaign,34
A01734,Product Page,173
A01734,Event,163
A01734,Webinar,246
A01734,Website,168
A01734,Campaign,136
A01735,Event,122
A01735,Campaign,118
A01735,Webinar,66
A01735,Webinar,154
A01735,Website,5
A01735,Website,126
A01735,Campaign,105
A01735,Product Page,88
A01735,Campaign,82
A01736,Webinar,253
A01736,Campaign,111
A01736,Event,42
A01736,Event,111
A01736,Website,287
A01736,Webinar,77
A01736,Campaign,94
A01736,Product Page,260
A01736,Product Page,91
A01736,Event,101
A01736,Event,231
A01736,Product Page,141
A01736,Event,114
A01736,Webinar,78
A01736,Product Page,53
A01736,Campaign,1
A01736,Product Page,1
A01736,Website,134
A01736,Product Page,1
A01736,Webinar,155
A01737,Product Page,110
A01737,Webinar,23
A01737,Product Page,165
A01737,Webinar,157
A01737,Product Page,130
A01737,Product Page,243
A01737,Website,141
A01738,Campaign,107
A01738,Event,105
A01738,Website,17
A01738,Event,1
A01738,Webinar,97
A01738,Website,173
A01738,Campaign,146
A01738,Website,104
A01738,Website,178
A01738,Webinar,1
A01739,Webinar,224
A01739,Campaign,175
A01739,Product Page,128
A01739,Website,72
A01739,Product Page,159
A01739,Event,112
A01739,Product Page,113
A01739,Event,1
A01739,Event,234
A01739,Website,102
A01739,Campaign,214
A01740,Website,52
A01740,Event,176
A01740,Event,181
A01740,Event,94
A01740,Website,138
A01740,Event,117
A01740,Event,98
A01740,Campaign,112
A01740,Webinar,96
A01740,Website,164
A01741,Event,113
A01741,Website,103
A01741,Product Page,140
A01741,Website,1
A01741,Webinar,142
A01741,Webinar,83
A01741,Website,128
A01741,Webinar,25
A01742,Event,226
A01742,Webinar,69
A01742,Product Page,107
A01742,Event,155
A01742,Campaign,1
A01742,Campaign,97
A01742,Product Page,157
A01742,Campaign,27
A01742,Event,72
A01742,Website,125
A01742,Webinar,81
A01743,Webinar,71
A01743,Product Page,143
A01743,Campaign,145
A01743,Website,63
A01743,Event,144
A01743,Campaign,136
A01743,Webinar,87
A01743,Campaign,200
A01743,Product Page,222
A01743,Webinar,79
A01743,Webinar,1
A01743,Campaign,1
A01743,Webinar,106
A01743,Event,213
A01744,Campaign,99
A01744,Campaign,1
A01744,Campaign,217
A01744,Event,112
A01744,Event,120
A01744,Webinar,167
A01744,Product Page,203
A01744,Product Page,60
A01744,Product Page,88
A01744,Webinar,265
A01745,Webinar,170
A01745,Event,65
A01745,Website,187
A01745,Product Page,60
A01745,Event,196
A01745,Product Page,110
A01745,Event,118
A01745,Product Page,213
A01745,Product Page,220
A01745,Product Page,112
A01745,Product Page,128
A01746,Event,17
A01746,Webinar,85
A01746,Event,143
A01746,Product Page,65
A01746,Campaign,75
A01746,Website,132
A01746,Campaign,116
A01746,Webinar,65
A01746,Website,1
A01746,Website,21
A01746,Webinar,53
A01747,Product Page,174
A01747,Campaign,145
A01747,Website,141
A01747,Website,130
A01747,Event,172
A01747,Event,86
A01747,Campaign,32
A01747,Webinar,90
A01747,Product Page,131
A01747,Website,166
A01748,Website,1
A01748,Campaign,100
A01748,Webinar,136
A01748,Product Page,201
A01748,Product Page,166
A01748,Webinar,117
A01748,Website,56
A01749,Website,48
A01749,Website,59
A01749,Campaign,43
A01749,Campaign,118
A01749,Webinar,206
A01749,Event,115
A01749,Campaign,164
A01750,Webinar,87
A01750,Product Page,253
A01750,Product Page,144
A01750,Website,277
A01750,Campaign,165
A01750,Product Page,236
A01750,Event,106
A01751,Event,101
A01751,Product Page,314
A01751,Website,95
A01751,Product Page,65
A01751,Website,89
A01751,Website,3
A01751,Campaign,10
A01751,Product Page,126
A01751,Product Page,185
A01751,Webinar,155
A01751,Product Page,88
A01751,Website,109
A01751,Webinar,108
A01751,Product Page,1
A01751,Event,159
A01751,Event,21
A01751,Website,2
A01752,Event,273
A01752,Campaign,1
A01752,Campaign,149
A01753,Website,108
A01753,Campaign,156
A01753,Event,100
A01753,Webinar,74
A01753,Webinar,44
A01753,Campaign,136
A01753,Product Page,68
A01753,Event,56
A01753,Event,70
A01753,Event,44
A01754,Webinar,112
A01754,Campaign,113
A01754,Event,69
A01754,Website,150
A01754,Campaign,19
A01754,Website,132
A01754,Webinar,153
A01754,Campaign,102
A01754,Event,171
A01754,Product Page,1
A01754,Event,157
A01754,Webinar,51
A01754,Website,130
A01754,Event,28
A01754,Website,94
A01754,Campaign,246
A01754,Event,81
A01754,Event,2
A01754,Event,90
A01755,Event,33
A01755,Event,121
A01755,Webinar,105
A01755,Event,132
A01756,Website,76
A01756,Product Page,137
A01756,Product Page,1
A01756,Webinar,56
A01756,Webinar,96
A01756,Campaign,81
A01756,Product Page,12
A01756,Campaign,122
A01756,Campaign,1
A01756,Website,27
A01756,Event,91
A01756,Product Page,1
A01756,Event,88
A01756,Campaign,92
A01756,Product Page,77
A01756,Product Page,40
A01756,Event,46
A01756,Product Page,222
A01756,Website,88
A01756,Webinar,117
A01756,Campaign,12
A01757,Event,109
A01757,Product Page,145
A01758,Website,130
A01758,Website,262
A01758,Website,126
A01758,Website,109
A01758,Product Page,251
A01758,Website,88
A01758,Product Page,197
A01758,Website,193
A01758,Webinar,1
A01758,Webinar,180
A01758,Campaign,180
A01758,Webinar,42
A01758,Product Page,162
A01759,Event,113
A01759,Product Page,2
A01759,Product Page,60
A01759,Product Page,73
A01759,Product Page,43
A01759,Product Page,163
A01759,Webinar,77
A01759,Website,31
A01759,Event,1
A01759,Website,28
A01759,Event,101
A01759,Webinar,34
A01759,Website,26
A01759,Event,62
A01759,Website,34
A01760,Website,135
A01760,Campaign,74
A01760,Website,182
A01760,Product Page,266
A01760,Event,148
A01760,Product Page,46
A01760,Event,114
A01760,Campaign,122
A01760,Event,189
A01760,Website,210
A01760,Product Page,150
A01761,Campaign,76
A01761,Campaign,31
A01761,Campaign,269
A01761,Campaign,119
A01761,Event,211
A01761,Website,250
A01762,Campaign,93
A01762,Event,112
A01762,Event,33
A01762,Website,30
A01762,Campaign,193
A01762,Campaign,79
A01762,Webinar,90
A01763,Website,183
A01763,Campaign,87
A01763,Website,121
A01763,Campaign,113
A01763,Website,85
A01763,Product Page,130
A01763,Product Page,84
A01763,Website,52
A01763,Website,214
A01763,Product Page,56
A01764,Webinar,137
A01764,Product Page,6
A01764,Product Page,164
A01764,Event,93
A01764,Campaign,207
A01764,Website,73
A01764,Product Page,107
A01764,Event,143
A01764,Event,85
A01764,Product Page,60
A01764,Event,87
A01764,Webinar,202
A01765,Product Page,107
A01765,Campaign,44
A01765,Website,48
A01765,Product Page,71
A01765,Product Page,191
A01765,Webinar,164
A01765,Event,177
A01765,Webinar,1
A01765,Product Page,78
A01766,Campaign,171
A01766,Product Page,143
A01766,Event,220
A01766,Website,77
A01766,Product Page,276
A01766,Event,259
A01766,Website,52
A01767,Website,329
A01767,Webinar,229
A01767,Product Page,251
A01767,Website,142
A01767,Webinar,251
A01767,Webinar,153
A01768,Campaign,202
A01768,Event,164
A01768,Event,147
A01769,Webinar,138
A01769,Webinar,159
A01769,Campaign,19
A01769,Product Page,249
A01769,Website,69
A01769,Website,78
A01769,Campaign,206
A01769,Webinar,67
A01769,Event,325
A01769,Webinar,131
A01769,Product Page,142
A01769,Website,140
A01769,Webinar,100
A01770,Campaign,75
A01770,Product Page,40
A01770,Event,119
A01770,Product Page,143
A01771,Event,146
A01771,Campaign,1
A01771,Product Page,61
A01771,Product Page,100
A01771,Website,64
A01771,Event,6
A01771,Event,117
A01772,Product Page,231
A01772,Website,45
A01772,Campaign,149
A01772,Website,194
A01772,Webinar,129
A01772,Product Page,103
A01772,Campaign,218
A01773,Campaign,175
A01773,Event,1
A01773,Campaign,1
A01773,Website,24
A01774,Website,78
A01775,Product Page,138
A01775,Website,181
A01775,Campaign,215
A01775,Webinar,75
A01775,Product Page,161
A01775,Event,123
A01775,Campaign,185
A01775,Campaign,136
A01775,Event,171
A01776,Website,82
A01776,Website,179
A01776,Webinar,178
A01776,Campaign,66
A01776,Website,154
A01776,Product Page,183
A01776,Webinar,147
A01777,Campaign,242
A01777,Event,230
A01778,Product Page,92
A01778,Webinar,146
A01778,Event,104
A01778,Website,73
A01779,Webinar,16
A01779,Campaign,61
A01779,Product Page,189
A01779,Event,98
A01779,Event,130
A01779,Webinar,107
A01779,Event,290
A01779,Campaign,81
A01779,Website,178
A01779,Event,162
A01779,Campaign,133
A01779,Campaign,30
A01780,Event,189
A01780,Website,83
A01780,Webinar,123
A01780,Webinar,107
A01780,Product Page,158
A01780,Webinar,109
A01780,Campaign,166
A01781,Event,151
A01781,Campaign,53
A01781,Campaign,67
A01781,Campaign,155
A01781,Website,139
A01782,Campaign,59
A01782,Campaign,159
A01782,Website,1
A01782,Event,149
A01782,Campaign,121
A01782,Event,299
A01782,Event,1
A01782,Product Page,209
A01782,Webinar,81
A01782,Event,39
A01782,Campaign,1
A01782,Campaign,46
A01782,Website,234
A01782,Webinar,190
A01782,Webinar,60
A01783,Webinar,129
A01783,Event,129
A01783,Webinar,151
A01783,Event,27
A01783,Campaign,154
A01783,Product Page,46
A01783,Campaign,194
A01783,Webinar,186
A01783,Campaign,280
A01784,Website,132
A01784,Website,197
A01784,Website,181
A01784,Event,186
A01784,Product Page,109
A01784,Campaign,102
A01784,Website,166
A01784,Event,141
A01785,Webinar,238
A01785,Webinar,228
A01785,Campaign,143
A01785,Event,145
A01785,Webinar,41
A01785,Website,259
A01786,Event,134
A01786,Campaign,131
A01786,Website,213
A01786,Product Page,128
A01786,Webinar,178
A01786,Website,140
A01786,Website,109
A01786,Event,237
A01786,Product Page,175
A01786,Campaign,72
A01786,Website,180
A01786,Event,87
A01786,Product Page,132
A01786,Product Page,156
A01786,Campaign,186
A01786,Website,1
A01787,Product Page,159
A01787,Product Page,149
A01787,Campaign,115
A01787,Product Page,120
A01787,Website,1
A01787,Event,37
A01787,Event,199
A01787,Website,1
A01787,Website,184
A01787,Campaign,96
A01787,Event,81
A01787,Website,24
A01787,Website,103
A01788,Product Page,105
A01788,Website,112
A01788,Event,1
A01788,Product Page,152
A01788,Website,204
A01788,Product Page,1
A01788,Event,137
A01788,Campaign,31
A01788,Product Page,109
A01789,Website,309
A01789,Product Page,129
A01789,Product Page,52
A01789,Product Page,159
A01789,Product Page,253
A01789,Webinar,112
A01789,Website,15
A01789,Webinar,186
A01789,Campaign,40
A01790,Webinar,89
A01790,Webinar,55
A01790,Event,171
A01790,Webinar,55
A01790,Product Page,1
A01790,Campaign,67
A01790,Event,121
A01790,Website,131
A01790,Event,116
A01790,Webinar,54
A01790,Event,83
A01790,Website,52
A01790,Campaign,79
A01790,Event,178
A01790,Website,164
A01790,Webinar,152
A01790,Campaign,1
A01791,Webinar,129
A01791,Website,52
A01791,Website,84
A01791,Website,5
A01791,Campaign,1
A01791,Product Page,174
A01791,Webinar,8
A01791,Website,58
A01791,Campaign,53
A01791,Website,136
A01792,Campaign,118
A01792,Event,117
A01792,Campaign,27
A01792,Webinar,58
A01792,Event,224
A01792,Product Page,100
A01792,Campaign,110
A01792,Event,89
A01792,Webinar,93
A01792,Product Page,196
A01792,Product Page,1
A01792,Product Page,121
A01792,Product Page,85
A01792,Product Page,47
A01792,Product Page,38
A01792,Product Page,25
A01793,Campaign,43
A01793,Product Page,151
A01793,Event,160
A01793,Website,118
A01793,Webinar,151
A01793,Product Page,52
A01793,Event,150
A01793,Event,157
A01793,Website,105
A01793,Website,168
A01793,Event,121
A01793,Event,142
A01794,Website,117
A01794,Product Page,143
A01794,Product Page,157
A01794,Campaign,133
A01794,Website,135
A01794,Webinar,121
A01794,Campaign,177
A01794,Webinar,109
A01794,Event,46
A01794,Webinar,18
A01795,Product Page,241
A01795,Event,206
A01795,Event,179
A01795,Product Page,84
A01795,Campaign,284
A01796,Website,109
A01796,Product Page,179
A01796,Product Page,205
A01796,Campaign,26
A01796,Website,246
A01797,Webinar,133
A01797,Website,133
A01797,Website,52
A01797,Event,225
A01797,Campaign,138
A01797,Campaign,163
A01797,Campaign,1
A01798,Campaign,209
A01798,Campaign,151
A01798,Website,54
A01798,Product Page,94
A01798,Campaign,103
A01798,Event,120
A01798,Website,68
A01798,Event,207
A01798,Campaign,126
A01798,Campaign,171
A01798,Campaign,71
A01798,Website,65
A01798,Campaign,181
A01798,Website,114
A01798,Product Page,119
A01798,Event,179
A01798,Campaign,3
A01798,Website,196
A01798,Campaign,69
A01798,Webinar,117
A01798,Product Page,98
A01799,Campaign,177
A01799,Campaign,102
A01799,Event,126
A01799,Campaign,244
A01799,Website,52
A01799,Webinar,64
A01799,Campaign,196
A01799,Webinar,1
A01799,Website,79
A01799,Website,22
A01799,Product Page,202
A01799,Campaign,13
A01799,Event,174
A01799,Website,258
A01799,Event,139
A01799,Product Page,107
A01800,Website,124
A01800,Product Page,161
A01800,Product Page,111
A01800,Campaign,212
A01800,Website,210
A01800,Webinar,64
A01800,Website,123
A01800,Website,165
A01801,Webinar,107
A01801,Event,15
A01801,Campaign,99
A01801,Product Page,209
A01801,Campaign,282
A01801,Event,260
A01802,Product Page,35
A01802,Event,10
A01802,Event,1
A01802,Webinar,46
A01802,Webinar,6
A01802,Campaign,160
A01802,Campaign,1
A01802,Product Page,53
A01802,Webinar,79
A01802,Event,142
A01802,Campaign,81
A01802,Campaign,98
A01802,Product Page,180
A01802,Product Page,156
A01802,Webinar,114
A01802,Product Page,85
A01802,Event,200
A01802,Campaign,109
A01803,Website,125
A01803,Website,133
A01803,Event,145
A01803,Webinar,275
A01804,Webinar,130
A01804,Webinar,91
A01804,Campaign,39
A01804,Website,11
A01804,Product Page,120
A01804,Campaign,108
A01804,Event,56
A01804,Product Page,10
A01804,Website,34
A01804,Webinar,140
A01804,Event,151
A01805,Campaign,96
A01805,Product Page,198
A01805,Webinar,142
A01805,Campaign,104
A01805,Event,128
A01805,Event,155
A01806,Website,178
A01806,Product Page,109
A01806,Event,157
A01806,Campaign,152
A01806,Website,184
A01806,Website,132
A01806,Event,150
A01806,Website,178
A01806,Website,1
A01806,Campaign,1
A01806,Product Page,322
A01807,Product Page,98
A01807,Product Page,133
A01807,Product Page,69
A01807,Campaign,1
A01807,Campaign,67
A01807,Product Page,1
A01807,Webinar,126
A01807,Product Page,238
A01807,Webinar,146
A01807,Campaign,251
A01807,Campaign,140
A01807,Product Page,122
A01807,Webinar,72
A01807,Website,1
A01807,Campaign,199
A01807,Webinar,52
A01807,Event,175
A01807,Webinar,108
A01807,Product Page,100
A01808,Website,205
A01808,Campaign,165
A01809,Product Page,174
A01809,Event,134
A01809,Campaign,229
A01809,Webinar,91
A01809,Webinar,157
A01809,Website,188
A01810,Product Page,163
A01810,Webinar,160
A01810,Campaign,151
A01810,Product Page,159
A01810,Campaign,179
A01810,Campaign,210
A01810,Product Page,191
A01810,Website,74
A01811,Campaign,182
A01811,Webinar,91
A01811,Product Page,108
A01811,Campaign,291
A01811,Product Page,295
A01811,Product Page,141
A01811,Product Page,195
A01811,Product Page,41
A01811,Website,148
A01811,Webinar,130
A01811,Product Page,257
A01812,Campaign,148
A01812,Event,117
A01812,Website,97
A01812,Website,151
A01812,Webinar,129
A01812,Website,231
A01812,Website,135
A01813,Campaign,212
A01813,Website,196
A01813,Webinar,11
A01813,Webinar,79
A01814,Campaign,61
A01814,Campaign,88
A01814,Website,103
A01814,Website,181
A01814,Campaign,108
A01814,Campaign,38
A01815,Event,282
A01815,Event,100
A01815,Webinar,134
A01815,Product Page,85
A01815,Website,56
A01815,Website,118
A01815,Event,1
A01815,Campaign,91
A01815,Event,152
A01815,Campaign,71
A01815,Webinar,1
A01815,Website,139
A01816,Campaign,126
A01816,Website,42
A01816,Event,1
A01816,Product Page,227
A01816,Webinar,69
A01816,Webinar,26
A01816,Webinar,121
A01816,Website,50
A01816,Website,9
A01816,Event,161
A01817,Product Page,126
A01817,Website,269
A01817,Product Page,28
A01817,Website,243
A01817,Campaign,11
A01817,Webinar,110
A01817,Campaign,80
A01817,Event,189
A01818,Webinar,120
A01818,Campaign,176
A01818,Webinar,51
A01818,Webinar,120
A01818,Website,52
A01818,Product Page,205
A01818,Product Page,62
A01818,Campaign,50
A01818,Event,81
A01818,Campaign,22
A01818,Website,7
A01818,Campaign,3
A01818,Event,147
A01819,Campaign,47
A01819,Website,81
A01819,Event,131
A01819,Product Page,142
A01819,Webinar,81
A01820,Event,157
A01820,Webinar,34
A01820,Website,148
A01820,Product Page,179
A01820,Event,67
A01821,Website,51
A01821,Campaign,70
A01821,Webinar,80
A01821,Campaign,38
A01821,Website,5
A01821,Product Page,106
A01821,Event,109
A01821,Campaign,157
A01821,Website,62
A01821,Product Page,41
A01821,Campaign,23
A01821,Campaign,127
A01821,Product Page,49
A01821,Website,113
A01821,Event,1
A01821,Campaign,181
A01822,Product Page,76
A01822,Campaign,1
A01822,Product Page,145
A01822,Event,197
A01822,Product Page,102
A01822,Product Page,27
A01822,Product Page,72
A01822,Product Page,188
A01822,Webinar,158
A01822,Campaign,123
A01823,Webinar,24
A01823,Product Page,72
A01823,Product Page,122
A01823,Event,139
A01823,Website,148
A01823,Product Page,185
A01823,Product Page,111
A01823,Webinar,182
A01823,Website,99
A01823,Product Page,147
A01823,Campaign,21
A01823,Event,217
A01824,Webinar,76
A01824,Campaign,127
A01824,Product Page,90
A01824,Webinar,100
A01824,Event,82
A01824,Webinar,16
A01824,Event,36
A01824,Product Page,33
A01824,Campaign,211
A01824,Webinar,1
A01824,Product Page,114
A01824,Campaign,134
A01824,Website,112
A01824,Product Page,29
A01824,Event,1
A01825,Product Page,17
A01825,Campaign,180
A01825,Event,126
A01825,Event,19
A01825,Webinar,96
A01825,Event,145
A01825,Webinar,168
A01825,Product Page,62
A01825,Website,167
A01825,Product Page,28
A01825,Website,258
A01825,Campaign,150
A01825,Product Page,1
A01825,Website,200
A01825,Event,52
A01825,Campaign,228
A01826,Website,116
A01826,Webinar,155
A01826,Website,145
A01826,Website,62
A01826,Website,114
A01826,Campaign,135
A01826,Website,50
A01826,Webinar,123
A01826,Webinar,101
A01826,Campaign,95
A01826,Website,152
A01827,Product Page,175
A01827,Event,109
A01827,Website,227
A01827,Event,107
A01828,Website,135
A01828,Website,55
A01828,Campaign,191
A01828,Product Page,96
A01828,Webinar,218
A01828,Event,225
A01829,Website,119
A01829,Campaign,46
A01829,Event,95
A01829,Webinar,1
A01829,Product Page,49
A01829,Campaign,91
A01829,Website,186
A01829,Event,125
A01830,Website,204
A01830,Webinar,1
A01830,Event,44
A01830,Webinar,1
A01830,Website,108
A01830,Website,132
A01830,Webinar,134
A01830,Event,87
A01830,Product Page,15
A01830,Event,71
A01830,Event,104
A01830,Campaign,1
A01830,Webinar,16
A01830,Webinar,27
A01830,Product Page,56
A01830,Campaign,66
A01831,Event,83
A01831,Webinar,32
A01831,Product Page,132
A01831,Webinar,154
A01831,Webinar,100
A01831,Event,97
A01831,Event,162
A01831,Product Page,165
A01832,Website,112
A01832,Event,189
A01832,Event,83
A01832,Campaign,88
A01832,Campaign,101
A01833,Webinar,184
A01833,Webinar,141
A01833,Campaign,145
A01833,Website,60
A01833,Product Page,87
A01833,Campaign,1
A01833,Campaign,70
A01833,Webinar,190
A01833,Event,175
A01833,Event,165
A01833,Campaign,37
A01833,Event,244
A01834,Event,131
A01834,Webinar,1
A01834,Webinar,12
A01834,Campaign,84
A01834,Campaign,28
A01834,Website,46
A01834,Campaign,23
A01834,Product Page,5
A01834,Event,1
A01834,Webinar,41
A01834,Product Page,1
A01834,Product Page,85
A01834,Webinar,133
A01834,Website,91
A01834,Product Page,46
A01834,Webinar,118
A01834,Event,99
A01834,Webinar,105
A01835,Product Page,179
A01835,Product Page,52
A01835,Webinar,201
A01835,Website,125
A01835,Website,249
A01836,Webinar,107
A01836,Website,71
A01836,Webinar,1
A01836,Campaign,121
A01836,Campaign,115
A01836,Product Page,4
A01836,Website,217
A01836,Webinar,126
A01836,Event,79
A01836,Campaign,74
A01837,Product Page,275
A01837,Product Page,89
A01837,Campaign,98
A01837,Event,148
A01837,Campaign,129
A01838,Campaign,95
A01838,Website,1
A01838,Product Page,71
A01838,Website,1
A01838,Campaign,147
A01838,Event,86
A01838,Website,52
A01838,Website,136
A01838,Product Page,245
A01838,Campaign,127
A01839,Webinar,60
A01839,Website,1
A01839,Webinar,143
A01839,Website,33
A01839,Event,123
A01839,Campaign,87
A01839,Product Page,224
A01839,Website,88
A01839,Webinar,181
A01839,Webinar,1
A01839,Website,52
A01839,Campaign,174
A01839,Event,58
A01839,Product Page,121
A01839,Webinar,24
A01839,Campaign,169
A01839,Event,19
A01839,Event,12
A01839,Webinar,12
A01839,Campaign,60
A01840,Website,48
A01840,Product Page,46
A01840,Event,101
A01840,Campaign,1
A01840,Webinar,117
A01840,Website,111
A01840,Webinar,116
A01840,Product Page,63
A01840,Event,87
A01840,Webinar,79
A01840,Product Page,273
A01840,Campaign,21
A01840,Webinar,96
A01840,Website,93
A01840,Webinar,63
A01840,Website,365
A01840,Product Page,128
A01841,Webinar,113
A01841,Campaign,289
A01841,Website,161
A01841,Event,105
A01841,Campaign,207
A01841,Product Page,102
A01841,Campaign,1
A01841,Product Page,15
A01841,Campaign,81
A01841,Website,82
A01842,Webinar,194
A01842,Product Page,143
A01842,Webinar,153
A01842,Product Page,1
A01842,Campaign,51
A01842,Campaign,176
A01843,Event,245
A01843,Event,190
A01843,Website,161
A01843,Webinar,147
A01843,Campaign,1
A01843,Product Page,61
A01843,Product Page,203
A01843,Event,199
A01843,Event,189
A01843,Website,59
A01843,Campaign,108
A01843,Product Page,84
A01843,Product Page,36
A01843,Event,46
A01843,Event,201
A01843,Campaign,89
A01843,Campaign,77
A01843,Campaign,57
A01844,Campaign,135
A01844,Campaign,82
A01844,Campaign,107
A01844,Campaign,62
A01844,Product Page,43
A01845,Campaign,149
A01845,Website,171
A01845,Product Page,101
A01845,Webinar,144
A01845,Product Page,29
A01845,Event,73
A01845,Event,146
A01845,Webinar,82
A01846,Website,67
A01846,Product Page,1
A01846,Product Page,212
A01846,Event,11
A01846,Product Page,199
A01846,Webinar,183
A01846,Event,109
A01846,Website,235
A01847,Campaign,162
A01847,Event,171
A01847,Event,76
A01847,Campaign,225
A01847,Product Page,79
A01847,Website,206
A01847,Campaign,245
A01847,Website,147
A01847,Website,210
A01847,Website,85
A01847,Webinar,10
A01847,Webinar,182
A01847,Product Page,137
A01847,Website,46
A01847,Event,187
A01847,Webinar,119
A01848,Product Page,112
A01848,Event,97
A01848,Product Page,94
A01848,Webinar,5
A01848,Website,100
A01848,Website,191
A01848,Campaign,131
A01848,Campaign,94
A01848,Product Page,188
A01848,Campaign,219
A01848,Webinar,109
A01848,Event,1
A01849,Product Page,129
A01849,Website,221
A01849,Webinar,73
A01849,Webinar,1
A01849,Webinar,107
A01849,Webinar,78
A01849,Campaign,144
A01849,Event,189
A01849,Campaign,76
A01849,Campaign,106
A01849,Webinar,152
A01850,Website,150
A01850,Campaign,176
A01850,Product Page,224
A01850,Event,172
A01850,Product Page,105
A01850,Product Page,125
A01851,Campaign,101
A01851,Website,95
A01851,Website,66
A01851,Event,148
A01851,Product Page,145
A01852,Website,2
A01852,Campaign,47
A01852,Campaign,170
A01852,Website,221
A01853,Webinar,166
A01853,Campaign,365
A01853,Product Page,257
A01853,Webinar,67
A01853,Campaign,159
A01853,Product Page,143
A01853,Webinar,79
A01854,Webinar,229
A01854,Website,174
A01854,Campaign,184
A01854,Product Page,86
A01854,Product Page,261
A01854,Product Page,11
A01854,Product Page,180
A01854,Webinar,57
A01854,Webinar,117
A01854,Webinar,80
A01854,Website,105
A01855,Campaign,28
A01855,Webinar,178
A01855,Campaign,36
A01855,Website,212
A01855,Website,57
A01855,Website,87
A01855,Campaign,195
A01856,Webinar,41
A01856,Product Page,244
A01856,Product Page,150
A01856,Product Page,229
A01856,Webinar,42
A01856,Campaign,152
A01857,Event,258
A01857,Event,177
A01857,Webinar,186
A01857,Webinar,114
A01857,Event,33
A01857,Product Page,222
A01857,Campaign,338
A01857,Product Page,208
A01857,Website,61
A01857,Campaign,159
A01858,Webinar,95
A01858,Website,324
A01858,Product Page,202
A01858,Campaign,75
A01858,Webinar,65
A01858,Campaign,301
A01858,Product Page,67
A01859,Campaign,127
A01859,Event,166
A01859,Event,154
A01860,Website,1
A01860,Event,96
A01860,Webinar,1
A01860,Webinar,96
A01860,Event,107
A01860,Website,108
A01860,Campaign,102
A01860,Product Page,87
A01860,Event,158
A01861,Product Page,133
A01861,Product Page,1
A01861,Campaign,188
A01861,Product Page,110
A01861,Product Page,91
A01861,Campaign,227
A01861,Product Page,66
A01861,Webinar,64
A01861,Webinar,31
A01861,Campaign,45
A01862,Event,288
A01862,Webinar,263
A01862,Campaign,258
A01862,Webinar,128
A01862,Product Page,103
A01862,Product Page,158
A01862,Website,93
A01863,Campaign,120
A01863,Webinar,169
A01863,Event,212
A01863,Webinar,181
A01863,Event,147
A01863,Campaign,111
A01863,Website,137
A01863,Event,188
A01863,Campaign,196
A01863,Webinar,211
A01863,Product Page,63
A01864,Webinar,69
A01864,Event,60
A01864,Event,110
A01864,Website,47
A01864,Webinar,209
A01864,Event,67
A01864,Event,158
A01864,Webinar,53
A01864,Event,1
A01864,Event,242
A01864,Website,79
A01865,Product Page,152
A01865,Product Page,16
A01865,Webinar,143
A01865,Campaign,100
A01865,Website,170
A01865,Product Page,38
A01865,Webinar,183
A01865,Event,8
A01865,Website,1
A01865,Website,167
A01865,Event,1
A01865,Website,130
A01865,Product Page,138
A01865,Event,2
A01866,Webinar,214
A01866,Website,192
A01866,Website,114
A01866,Event,231
A01866,Website,162
A01866,Webinar,109
A01866,Campaign,105
A01866,Website,55
A01866,Campaign,123
A01866,Website,158
A01867,Event,177
A01867,Event,42
A01867,Webinar,117
A01867,Website,178
A01867,Campaign,116
A01867,Website,149
A01868,Event,1
A01868,Webinar,131
A01868,Campaign,23
A01868,Product Page,129
A01869,Campaign,215
A01869,Website,127
A01869,Website,145
A01869,Product Page,135
A01869,Product Page,283
A01869,Product Page,161
A01870,Webinar,82
A01870,Campaign,1
A01870,Product Page,186
A01870,Event,203
A01870,Product Page,165
A01870,Campaign,1
A01870,Webinar,17
A01871,Webinar,1
A01871,Product Page,93
A01871,Webinar,21
A01871,Webinar,153
A01871,Campaign,72
A01871,Campaign,94
A01871,Website,94
A01872,Webinar,241
A01872,Event,57
A01872,Website,148
A01872,Product Page,87
A01873,Campaign,120
A01873,Website,78
A01873,Campaign,192
A01873,Event,149
A01873,Event,220
A01873,Product Page,95
A01873,Website,159
A01873,Product Page,139
A01873,Webinar,233
A01874,Webinar,101
A01874,Webinar,44
A01874,Product Page,130
A01874,Website,66
A01874,Website,169
A01874,Campaign,77
A01874,Campaign,118
A01875,Event,113
A01875,Event,73
A01875,Campaign,203
A01875,Webinar,106
A01875,Webinar,138
A01875,Campaign,1
A01875,Product Page,194
A01875,Webinar,56
A01876,Website,242
A01876,Product Page,143
A01876,Website,204
A01876,Website,224
A01876,Product Page,146
A01876,Product Page,260
A01876,Webinar,96
A01876,Webinar,185
A01876,Webinar,201
A01877,Webinar,93
A01877,Campaign,1
A01877,Campaign,180
A01877,Website,78
A01877,Website,80
A01877,Event,16
A01877,Product Page,33
A01877,Webinar,96
A01877,Campaign,157
A01877,Website,108
A01877,Event,164
A01877,Campaign,95
A01877,Event,80
A01877,Campaign,49
A01877,Campaign,50
A01877,Website,1
A01877,Product Page,1
A01878,Product Page,182
A01878,Webinar,178
A01878,Event,169
A01878,Product Page,184
A01878,Product Page,165
A01878,Event,115
A01879,Website,71
A01879,Website,68
A01879,Campaign,223
A01879,Website,1
A01879,Event,76
A01879,Campaign,54
A01879,Campaign,33
A01879,Campaign,33
A01879,Website,100
A01880,Product Page,151
A01880,Event,229
A01880,Webinar,145
A01880,Campaign,191
A01880,Website,113
A01880,Product Page,238
A01880,Campaign,135
A01880,Website,155
A01880,Webinar,49
A01880,Website,137
A01880,Webinar,9
A01880,Campaign,217
A01880,Event,79
A01880,Website,173
A01881,Webinar,43
A01881,Event,111
A01881,Product Page,164
A01881,Webinar,234
A01881,Website,137
A01881,Campaign,105
A01881,Event,76
A01881,Webinar,87
A01881,Webinar,137
A01881,Website,21
A01881,Campaign,66
A01881,Event,103
A01881,Campaign,72
A01881,Campaign,147
A01881,Event,85
A01882,Webinar,245
A01882,Webinar,239
A01882,Campaign,115
A01882,Campaign,72
A01882,Campaign,262
A01882,Campaign,81
A01883,Event,157
A01883,Product Page,106
A01883,Product Page,92
A01883,Event,86
A01883,Event,171
A01883,Webinar,58
A01883,Webinar,33
A01883,Product Page,92
A01883,Event,262
A01883,Product Page,279
A01883,Website,252
A01884,Event,24
A01884,Website,124
A01884,Event,203
A01884,Product Page,253
A01884,Product Page,55
A01884,Event,241
A01884,Campaign,113
A01884,Product Page,71
A01884,Product Page,192
A01884,Webinar,76
A01884,Product Page,182
A01884,Event,117
A01885,Webinar,143
A01885,Event,41
A01885,Product Page,119
A01885,Campaign,174
A01885,Website,75
A01885,Event,197
A01885,Event,128
A01885,Event,222
A01885,Campaign,108
A01885,Campaign,244
A01885,Product Page,239
A01885,Webinar,114
A01885,Webinar,202
A01886,Website,197
A01886,Event,30
A01886,Campaign,211
A01886,Event,13
A01886,Campaign,74
A01886,Event,69
A01886,Product Page,81
A01887,Product Page,160
A01887,Event,48
A01887,Event,109
A01887,Webinar,87
A01887,Product Page,151
A01888,Campaign,115
A01888,Website,14
A01888,Product Page,90
A01888,Event,93
A01888,Event,54
A01888,Webinar,100
A01888,Event,109
A01888,Product Page,1
A01888,Event,104
A01888,Webinar,44
A01888,Webinar,91
A01888,Campaign,1
A01888,Campaign,147
A01888,Webinar,1
A01889,Website,125
A01889,Webinar,90
A01889,Website,155
A01889,Webinar,85
A01889,Campaign,74
A01889,Product Page,114
A01889,Campaign,303
A01890,Event,84
A01890,Website,136
A01890,Event,153
A01890,Website,107
A01890,Event,160
A01890,Website,65
A01890,Webinar,238
A01890,Webinar,126
A01890,Product Page,66
A01890,Product Page,98
A01890,Website,1
A01890,Website,90
A01890,Event,177
A01890,Website,282
A01890,Campaign,104
A01890,Event,120
A01890,Campaign,13
A01890,Website,189
A01891,Campaign,1
A01891,Campaign,130
A01891,Product Page,214
A01891,Product Page,1
A01891,Campaign,78
A01891,Product Page,1
A01891,Campaign,204
A01891,Event,44
A01891,Event,112
A01891,Campaign,81
A01891,Website,1
A01892,Campaign,118
A01892,Event,120
A01892,Product Page,96
A01892,Campaign,225
A01892,Event,173
A01892,Webinar,174
A01892,Webinar,61
A01892,Event,227
A01892,Product Page,119
A01892,Website,132
A01892,Website,159
A01893,Event,215
A01893,Campaign,148
A01893,Campaign,35
A01893,Product Page,158
A01893,Event,166
A01893,Product Page,4
A01893,Campaign,160
A01893,Website,107
A01893,Website,1
A01893,Event,204
A01894,Webinar,88
A01894,Campaign,260
A01894,Campaign,176
A01894,Product Page,105
A01894,Webinar,148
A01894,Webinar,251
A01894,Webinar,75
A01894,Website,46
A01895,Event,130
A01895,Campaign,66
A01895,Event,67
A01895,Webinar,106
A01895,Campaign,165
A01895,Product Page,27
A01895,Product Page,89
A01895,Product Page,156
A01895,Webinar,82
A01895,Product Page,1
A01895,Webinar,154
A01895,Event,88
A01895,Campaign,59
A01895,Website,174
A01895,Website,120
A01895,Product Page,152
A01896,Website,229
A01896,Product Page,1
A01896,Product Page,128
A01896,Campaign,80
A01896,Product Page,23
A01896,Website,130
A01896,Event,173
A01896,Event,1
A01896,Event,74
A01896,Website,174
A01896,Event,138
A01896,Event,134
A01897,Campaign,274
A01897,Event,20
A01897,Campaign,149
A01898,Product Page,92
A01898,Event,105
A01898,Campaign,15
A01898,Product Page,116
A01898,Webinar,51
A01898,Product Page,116
A01898,Event,86
A01898,Campaign,1
A01898,Website,1
A01898,Webinar,30
A01898,Campaign,92
A01898,Campaign,1
A01899,Webinar,126
A01899,Website,130
A01899,Event,105
A01899,Product Page,143
A01899,Campaign,97
A01899,Website,1
A01899,Event,1
A01899,Webinar,139
A01899,Event,170
A01899,Website,203
A01899,Webinar,1
A01899,Product Page,51
A01900,Event,123
A01900,Website,112
A01900,Website,93
A01900,Campaign,145
A01900,Website,133
A01900,Campaign,56
A01900,Product Page,54
A01901,Campaign,192
A01901,Event,120
A01901,Event,206
A01902,Website,1
A01902,Event,1
A01902,Product Page,193
A01902,Product Page,44
A01902,Event,1
A01902,Webinar,109
A01902,Event,179
A01902,Event,141
A01902,Webinar,39
A01903,Website,160
A01903,Website,170
A01904,Website,109
A01904,Webinar,88
A01904,Website,151
A01904,Product Page,336
A01904,Webinar,1
A01904,Webinar,291
A01904,Event,249
A01904,Website,156
A01904,Event,158
A01904,Website,288
A01905,Product Page,106
A01905,Website,195
A01905,Product Page,165
A01905,Product Page,103
A01905,Product Page,140
A01905,Event,135
A01905,Website,175
A01905,Campaign,85
A01905,Event,1
A01905,Product Page,154
A01905,Product Page,15
A01905,Event,12
A01905,Webinar,190
A01905,Website,227
A01905,Event,34
A01906,Campaign,159
A01906,Product Page,99
A01906,Product Page,90
A01906,Event,240
A01907,Event,39
A01907,Website,1
A01907,Webinar,111
A01907,Product Page,288
A01907,Website,231
A01907,Website,121
A01908,Event,162
A01908,Webinar,190
A01908,Webinar,139
A01908,Website,174
A01908,Product Page,197
A01908,Campaign,61
A01908,Product Page,174
A01908,Webinar,310
A01908,Product Page,160
A01908,Campaign,171
A01908,Webinar,91
A01908,Website,156
A01908,Product Page,240
A01908,Product Page,249
A01908,Event,131
A01909,Event,134
A01909,Event,177
A01909,Website,99
A01909,Event,194
A01909,Webinar,38
A01910,Website,4
A01910,Event,149
A01910,Event,291
A01910,Event,76
A01910,Webinar,142
A01910,Webinar,167
A01910,Website,153
A01910,Campaign,231
A01911,Campaign,252
A01911,Product Page,65
A01911,Product Page,131
A01911,Campaign,259
A01911,Event,313
A01911,Webinar,155
A01911,Product Page,1
A01911,Website,85
A01911,Campaign,88
A01911,Event,345
A01911,Campaign,144
A01911,Event,245
A01911,Product Page,89
A01911,Product Page,82
A01911,Campaign,228
A01911,Webinar,141
A01912,Campaign,159
A01912,Website,169
A01912,Campaign,89
A01912,Event,44
A01912,Campaign,270
A01912,Website,33
A01912,Website,2
A01912,Website,176
A01912,Event,72
A01912,Website,87
A01912,Event,174
A01912,Campaign,16
A01912,Product Page,52
A01912,Website,110
A01913,Webinar,130
A01913,Event,132
A01913,Product Page,156
A01913,Webinar,133
A01913,Event,116
A01913,Campaign,1
A01913,Event,152
A01913,Campaign,114
A01914,Event,134
A01914,Campaign,93
A01914,Webinar,134
A01914,Website,183
A01914,Campaign,78
A01914,Webinar,66
A01914,Product Page,1
A01914,Product Page,82
A01914,Webinar,126
A01914,Product Page,240
A01914,Campaign,83
A01914,Event,28
A01914,Webinar,132
A01914,Website,160
A01914,Webinar,67
A01914,Webinar,1
A01915,Product Page,1
A01915,Product Page,27
A01915,Product Page,65
A01915,Product Page,170
A01915,Campaign,62
A01915,Campaign,38
A01915,Webinar,135
A01915,Webinar,13
A01916,Webinar,125
A01916,Website,164
A01916,Event,157
A01916,Event,131
A01916,Product Page,72
A01916,Webinar,172
A01916,Product Page,82
A01916,Product Page,20
A01917,Website,48
A01917,Event,208
A01917,Webinar,179
A01917,Website,165
A01917,Product Page,216
A01917,Webinar,32
A01917,Product Page,25
A01917,Event,203
A01917,Event,108
A01917,Website,129
A01917,Campaign,142
A01918,Website,86
A01918,Event,165
A01918,Campaign,100
A01918,Event,196
A01918,Webinar,53
A01919,Event,223
A01919,Website,32
A01919,Webinar,105
A01919,Webinar,72
A01919,Event,44
A01919,Event,107
A01919,Event,83
A01919,Website,88
A01919,Product Page,206
A01919,Event,167
A01920,Product Page,150
A01920,Webinar,64
A01920,Webinar,1
A01920,Product Page,110
A01920,Campaign,115
A01920,Event,104
A01920,Campaign,33
A01920,Website,12
A01920,Campaign,166
A01920,Website,88
A01920,Product Page,83
A01921,Website,237
A01921,Webinar,135
A01921,Event,223
A01921,Webinar,160
A01921,Product Page,289
A01921,Website,262
A01921,Website,107
A01921,Website,135
A01921,Webinar,33
A01921,Event,166
A01922,Product Page,203
A01922,Website,105
A01922,Campaign,106
A01922,Website,1
A01922,Product Page,123
A01922,Event,131
A01923,Website,202
A01923,Webinar,151
A01923,Event,50
A01923,Product Page,162
A01924,Website,77
A01924,Webinar,155
A01924,Event,118
A01925,Product Page,170
A01925,Product Page,16
A01925,Webinar,271
A01925,Campaign,176
A01925,Webinar,96
A01925,Webinar,165
A01925,Campaign,146
A01925,Website,76
A01925,Campaign,167
A01925,Product Page,102
A01926,Product Page,1
A01926,Campaign,263
A01926,Campaign,193
A01926,Campaign,1
A01926,Campaign,34
A01926,Webinar,137
A01926,Event,47
A01926,Product Page,155
A01926,Webinar,12
A01926,Product Page,10
A01926,Campaign,22
A01926,Event,101
A01926,Campaign,67
A01926,Website,144
A01926,Product Page,149
A01927,Event,244
A01927,Product Page,119
A01927,Webinar,91
A01927,Webinar,190
A01927,Campaign,245
A01927,Website,249
A01927,Website,244
A01927,Campaign,81
A01927,Product Page,1
A01927,Website,67
A01927,Event,14
A01927,Product Page,92
A01927,Webinar,124
A01928,Website,106
A01928,Event,205
A01928,Website,109
A01928,Campaign,2
A01928,Webinar,1
A01928,Website,112
A01928,Webinar,74
A01929,Event,203
A01929,Webinar,165
A01929,Event,162
A01929,Campaign,114
A01930,Campaign,77
A01930,Website,160
A01930,Event,206
A01930,Event,157
A01930,Webinar,71
A01930,Website,178
A01930,Webinar,191
A01930,Product Page,104
A01930,Product Page,52
A01930,Webinar,155
A01931,Event,150
A01931,Event,308
A01931,Campaign,151
A01931,Product Page,100
A01932,Webinar,1
A01932,Event,95
A01932,Event,1
A01932,Website,138
A01932,Webinar,101
A01932,Event,100
A01932,Product Page,132
A01932,Product Page,56
A01932,Website,166
A01932,Campaign,219
A01932,Event,1
A01933,Product Page,112
A01933,Campaign,186
A01933,Webinar,146
A01933,Campaign,244
A01933,Webinar,112
A01933,Event,1
A01933,Website,280
A01933,Product Page,1
A01933,Webinar,49
A01933,Event,75
A01933,Campaign,182
A01933,Webinar,1
A01933,Event,96
A01933,Campaign,105
A01933,Product Page,149
A01933,Website,110
A01934,Event,192
A01934,Campaign,205
A01934,Product Page,141
A01934,Campaign,230
A01934,Campaign,96
A01934,Website,215
A01934,Event,145
A01934,Event,112
A01934,Webinar,178
A01934,Event,116
A01934,Campaign,119
A01935,Campaign,140
A01935,Event,143
A01935,Website,84
A01935,Campaign,194
A01935,Website,154
A01935,Webinar,299
A01935,Webinar,184
A01935,Website,130
A01935,Webinar,147
A01935,Webinar,121
A01935,Campaign,145
A01936,Campaign,148
A01936,Campaign,76
A01936,Event,90
A01936,Product Page,112
A01936,Campaign,34
A01936,Product Page,195
A01936,Website,236
A01937,Product Page,94
A01937,Campaign,87
A01937,Campaign,97
A01937,Campaign,1
A01937,Website,183
A01937,Product Page,246
A01937,Website,145
A01937,Webinar,316
A01937,Event,11
A01937,Webinar,152
A01938,Webinar,62
A01938,Website,67
A01938,Website,187
A01938,Webinar,183
A01938,Website,149
A01938,Campaign,36
A01939,Website,176
A01939,Event,70
A01939,Product Page,178
A01939,Webinar,150
A01939,Campaign,46
A01939,Event,7
A01939,Campaign,141
A01939,Product Page,160
A01939,Product Page,1
A01939,Webinar,93
A01939,Product Page,117
A01939,Website,107
A01940,Website,136
A01940,Webinar,68
A01940,Webinar,80
A01940,Event,128
A01940,Product Page,169
A01940,Website,90
A01941,Website,155
A01941,Website,129
A01941,Event,220
A01941,Event,198
A01942,Product Page,1
A01942,Event,113
A01942,Campaign,141
A01942,Webinar,89
A01942,Website,91
A01942,Webinar,229
A01942,Campaign,135
A01942,Event,21
A01942,Event,249
A01942,Webinar,64
A01942,Campaign,149
A01943,Campaign,97
A01944,Event,187
A01944,Website,168
A01944,Event,86
A01944,Event,161
A01944,Event,68
A01944,Product Page,128
A01944,Webinar,31
A01944,Campaign,73
A01944,Product Page,88
A01944,Event,1
A01945,Website,69
A01945,Website,53
A01945,Event,1
A01945,Website,50
A01945,Campaign,47
A01945,Product Page,95
A01945,Website,102
A01945,Webinar,160
A01946,Website,61
A01946,Website,171
A01946,Event,142
A01946,Product Page,78
A01946,Website,203
A01947,Webinar,200
A01947,Website,169
A01948,Website,116
A01948,Website,253
A01948,Webinar,48
A01948,Webinar,58
A01948,Product Page,82
A01949,Event,74
A01949,Campaign,73
A01949,Campaign,96
A01949,Website,66
A01949,Campaign,18
A01949,Webinar,145
A01949,Website,183
A01950,Website,163
A01950,Website,167
A01950,Website,6
A01950,Product Page,75
A01951,Webinar,147
A01951,Campaign,102
A01951,Webinar,161
A01951,Event,138
A01951,Website,240
A01951,Website,224
A01951,Webinar,293
A01951,Campaign,132
A01951,Website,127
A01951,Event,198
A01951,Product Page,164
A01951,Website,95
A01952,Webinar,120
A01952,Event,1
A01952,Event,19
A01952,Webinar,150
A01952,Webinar,109
A01952,Webinar,117
A01952,Webinar,152
A01952,Product Page,58
A01952,Website,31
A01953,Product Page,154
A01953,Product Page,192
A01953,Webinar,136
A01953,Event,243
A01953,Event,185
A01953,Product Page,177
A01954,Product Page,53
A01954,Website,47
A01954,Campaign,26
A01954,Webinar,66
A01954,Product Page,93
A01954,Campaign,38
A01954,Event,72
A01954,Campaign,82
A01954,Website,179
A01954,Campaign,58
A01954,Campaign,53
A01954,Webinar,57
A01954,Website,72
A01954,Campaign,69
A01954,Product Page,1
A01954,Product Page,88
A01955,Product Page,187
A01955,Webinar,108
A01955,Product Page,144
A01955,Campaign,112
A01955,Campaign,277
A01955,Product Page,157
A01955,Product Page,41
A01956,Campaign,163
A01956,Product Page,273
A01956,Campaign,198
A01956,Product Page,251
A01956,Webinar,95
A01956,Webinar,54
A01956,Webinar,149
A01956,Event,147
A01956,Website,63
A01956,Campaign,138
A01956,Product Page,249
A01956,Event,81
A01956,Product Page,154
A01956,Product Page,112
A01956,Campaign,99
A01957,Campaign,185
A01957,Webinar,50
A01957,Webinar,85
A01957,Website,82
A01957,Event,254
A01957,Product Page,80
A01957,Website,86
A01957,Webinar,138
A01957,Webinar,141
A01958,Website,94
A01958,Webinar,153
A01958,Event,152
A01958,Campaign,47
A01958,Webinar,165
A01958,Product Page,163
A01958,Product Page,110
A01959,Campaign,226
A01959,Website,146
A01959,Product Page,178
A01960,Website,178
A01960,Website,69
A01960,Website,24
A01960,Event,167
A01960,Website,140
A01960,Webinar,144
A01960,Event,129
A01960,Campaign,69
A01961,Product Page,179
A01961,Website,177
A01961,Webinar,142
A01961,Campaign,136
A01961,Webinar,35
A01961,Website,68
A01961,Website,76
A01961,Event,1
A01961,Campaign,124
A01961,Event,155
A01962,Website,64
A01962,Event,142
A01962,Campaign,89
A01962,Campaign,221
A01962,Event,23
A01962,Website,94
A01962,Webinar,136
A01962,Website,146
A01962,Event,185
A01962,Event,145
A01962,Campaign,142
A01962,Campaign,87
A01962,Website,107
A01962,Website,133
A01963,Product Page,45
A01963,Website,97
A01963,Website,49
A01963,Website,83
A01963,Campaign,103
A01963,Product Page,233
A01963,Website,178
A01963,Product Page,114
A01963,Campaign,171
A01963,Webinar,35
A01963,Product Page,145
A01964,Product Page,194
A01964,Website,86
A01964,Website,140
A01964,Product Page,122
A01964,Product Page,25
A01964,Product Page,146
A01964,Event,11
A01964,Campaign,151
A01964,Webinar,79
A01965,Website,156
A01965,Website,78
A01965,Campaign,198
A01965,Website,141
A01965,Website,207
A01965,Event,198
A01965,Campaign,145
A01966,Campaign,146
A01966,Webinar,118
A01966,Product Page,104
A01966,Product Page,178
A01966,Event,125
A01966,Product Page,220
A01966,Event,207
A01966,Product Page,127
A01966,Webinar,188
A01966,Event,103
A01966,Campaign,45
A01966,Webinar,42
A01967,Event,97
A01967,Website,172
A01967,Website,67
A01967,Webinar,197
A01967,Event,1
A01967,Webinar,61
A01967,Event,77
A01967,Website,76
A01967,Website,86
A01967,Webinar,77
A01967,Event,132
A01967,Event,57
A01967,Webinar,147
A01967,Website,1
A01967,Website,179
A01967,Webinar,142
A01967,Product Page,199
A01967,Website,194
A01967,Website,202
A01968,Event,1
A01968,Website,132
A01968,Webinar,158
A01968,Webinar,148
A01968,Campaign,249
A01968,Website,90
A01968,Website,1
A01968,Campaign,128
A01968,Event,113
A01968,Webinar,147
A01968,Product Page,25
A01968,Webinar,205
A01968,Website,39
A01968,Webinar,121
A01969,Website,131
A01969,Product Page,141
A01969,Website,133
A01969,Campaign,109
A01969,Product Page,78
A01969,Product Page,17
A01969,Product Page,188
A01969,Product Page,55
A01969,Event,125
A01969,Product Page,107
A01970,Product Page,212
A01970,Webinar,194
A01970,Event,36
A01970,Event,1
A01970,Webinar,232
A01970,Event,181
A01970,Webinar,174
A01970,Campaign,67
A01970,Webinar,200
A01970,Campaign,217
A01970,Event,141
A01971,Website,106
A01971,Website,1
A01971,Webinar,1
A01971,Webinar,128
A01971,Event,128
A01971,Event,215
A01971,Webinar,245
A01971,Product Page,82
A01971,Event,220
A01971,Event,33
A01971,Campaign,147
A01971,Product Page,15
A01972,Product Page,97
A01972,Website,207
A01972,Event,89
A01972,Campaign,104
A01972,Event,122
A01972,Campaign,65
A01972,Event,1
A01973,Campaign,94
A01973,Webinar,165
A01973,Webinar,80
A01973,Webinar,67
A01973,Product Page,75
A01974,Campaign,116
A01974,Event,189
A01974,Product Page,1
A01974,Product Page,1
A01974,Webinar,57
A01974,Campaign,186
A01974,Campaign,156
A01974,Webinar,168
A01974,Webinar,34
A01974,Campaign,90
A01974,Product Page,80
A01974,Event,159
A01974,Product Page,87
A01974,Event,121
A01974,Campaign,1
A01974,Website,176
A01974,Campaign,160
A01974,Webinar,132
A01975,Website,188
A01975,Product Page,1
A01975,Product Page,42
A01975,Webinar,131
A01975,Product Page,52
A01975,Webinar,88
A01975,Webinar,78
A01975,Website,280
A01975,Webinar,167
A01975,Campaign,109
A01975,Product Page,88
A01975,Website,112
A01975,Event,215
A01975,Website,178
A01975,Event,138
A01975,Website,136
A01975,Event,100
A01976,Event,194
A01976,Product Page,215
A01976,Product Page,13
A01976,Website,260
A01976,Webinar,172
A01976,Campaign,62
A01976,Website,72
A01977,Campaign,177
A01977,Event,125
A01977,Event,31
A01977,Website,329
A01977,Webinar,1
A01977,Webinar,93
A01977,Website,106
A01977,Webinar,3
A01977,Website,103
A01978,Webinar,4
A01978,Product Page,80
A01978,Event,197
A01978,Product Page,162
A01978,Product Page,1
A01979,Campaign,109
A01979,Campaign,1
A01979,Event,120
A01979,Webinar,223
A01979,Event,289
A01979,Website,102
A01979,Campaign,83
A01979,Product Page,217
A01979,Website,154
A01979,Event,61
A01979,Website,73
A01979,Website,118
A01979,Webinar,112
A01980,Website,29
A01980,Webinar,23
A01980,Webinar,17
A01980,Webinar,53
A01980,Webinar,10
A01980,Campaign,9
A01980,Event,132
A01980,Campaign,212
A01980,Campaign,86
A01980,Event,39
A01980,Website,1
A01981,Event,193
A01981,Event,99
A01981,Webinar,147
A01981,Event,92
A01982,Event,118
A01982,Webinar,116
A01982,Product Page,319
A01982,Website,50
A01982,Event,203
A01982,Product Page,160
A01982,Campaign,163
A01982,Event,76
A01982,Event,217
A01982,Webinar,239
A01982,Website,185
A01983,Webinar,131
A01983,Event,77
A01983,Event,174
A01983,Website,246
A01983,Webinar,111
A01983,Event,189
A01983,Campaign,85
A01983,Campaign,57
A01983,Product Page,1
A01983,Campaign,101
A01983,Website,231
A01984,Webinar,83
A01984,Website,34
A01984,Event,2
A01984,Webinar,11
A01984,Website,57
A01984,Product Page,136
A01984,Campaign,179
A01984,Website,137
A01984,Campaign,64
A01984,Campaign,68
A01984,Campaign,29
A01985,Event,48
A01985,Website,84
A01985,Event,60
A01985,Event,1
A01985,Event,137
A01985,Website,118
A01985,Event,36
A01985,Event,8
A01985,Website,77
A01985,Campaign,3
A01985,Campaign,116
A01985,Event,1
A01985,Product Page,5
A01985,Product Page,66
A01986,Webinar,72
A01986,Website,72
A01986,Campaign,109
A01986,Webinar,107
A01986,Webinar,63
A01986,Campaign,195
A01986,Campaign,22
A01986,Product Page,126
A01986,Event,146
A01986,Website,64
A01986,Website,147
A01986,Website,64
A01987,Webinar,1
A01987,Campaign,142
A01987,Product Page,1
A01987,Webinar,58
A01987,Webinar,135
A01987,Webinar,8
A01987,Website,1
A01987,Campaign,116
A01987,Product Page,1
A01988,Event,272
A01988,Campaign,105
A01989,Campaign,52
A01989,Product Page,212
A01989,Website,172
A01989,Campaign,219
A01989,Website,178
A01989,Product Page,38
A01990,Product Page,93
A01990,Website,98
A01990,Event,190
A01990,Product Page,282
A01990,Campaign,21
A01990,Campaign,135
A01990,Webinar,146
A01990,Webinar,141
A01990,Webinar,25
A01990,Campaign,87
A01990,Webinar,111
A01990,Event,129
A01990,Campaign,117
A01990,Campaign,1
A01991,Product Page,10
A01991,Campaign,159
A01991,Webinar,223
A01991,Product Page,1
A01991,Campaign,123
A01991,Product Page,1
A01991,Website,203
A01991,Webinar,62
A01991,Website,179
A01991,Webinar,95
A01991,Website,126
A01991,Campaign,76
A01991,Webinar,149
A01992,Event,51
A01992,Product Page,65
A01992,Event,161
A01992,Product Page,1
A01992,Website,11
A01992,Webinar,37
A01992,Campaign,125
A01992,Product Page,222
A01992,Event,1
A01993,Product Page,133
A01993,Website,161
A01993,Campaign,80
A01993,Webinar,168
A01993,Event,114
A01994,Campaign,113
A01994,Webinar,56
A01994,Event,107
A01994,Website,117
A01994,Webinar,128
A01994,Campaign,86
A01994,Website,1
A01994,Website,37
A01994,Webinar,59
A01994,Campaign,1
A01995,Webinar,71
A01995,Campaign,133
A01995,Campaign,80
A01995,Webinar,219
A01995,Campaign,78
A01995,Campaign,55
A01995,Campaign,144
A01995,Product Page,10
A01995,Event,47
A01995,Webinar,164
A01995,Campaign,145
A01995,Event,180
A01995,Event,55
A01995,Webinar,91
A01995,Website,167
A01996,Product Page,253
A01996,Event,147
A01996,Webinar,44
A01997,Campaign,145
A01997,Product Page,140
A01997,Webinar,125
A01997,Campaign,102
A01997,Campaign,216
A01998,Product Page,33
A01998,Webinar,86
A01998,Product Page,207
A01998,Product Page,113
A01999,Campaign,201
A01999,Product Page,1
A01999,Campaign,218
A01999,Event,117
A01999,Website,174
A01999,Campaign,174
A01999,Product Page,128
A01999,Product Page,80
A01999,Campaign,57
A01999,Webinar,166
A01999,Webinar,56
A02000,Webinar,173
A02000,Product Page,91
A02000,Website,27
A02000,Webinar,139
A02000,Product Page,194
A02000,Campaign,25
A02000,Campaign,134
A02000,Event,184
A02000,Website,211
A02000,Campaign,63
A02001,Webinar,140
A02001,Campaign,211
A02001,Campaign,306
A02001,Campaign,165
A02001,Webinar,187
A02002,Website,215
A02002,Event,101
A02003,Webinar,179
A02003,Webinar,38
A02003,Campaign,103
A02003,Website,166
A02003,Website,120
A02003,Webinar,97
A02003,Event,104
A02003,Product Page,169
A02004,Webinar,19
A02004,Campaign,27
A02004,Website,43
A02004,Event,104
A02004,Product Page,1
A02004,Event,96
A02004,Webinar,1
A02005,Webinar,2
A02005,Website,103
A02005,Website,125
A02005,Event,1
A02005,Event,73
A02005,Website,142
A02005,Website,33
A02006,Product Page,230
A02006,Event,4
A02006,Website,1
A02006,Event,90
A02006,Website,223
A02006,Campaign,56
A02006,Event,112
A02006,Website,215
A02006,Campaign,217
A02006,Product Page,228
A02007,Event,22
A02007,Product Page,135
A02007,Webinar,4
A02007,Webinar,60
A02007,Product Page,145
A02007,Webinar,119
A02007,Webinar,137
A02007,Event,112
A02008,Event,174
A02008,Website,25
A02008,Webinar,191
A02008,Campaign,191
A02008,Event,114
A02008,Campaign,121
A02009,Website,88
A02009,Event,46
A02009,Product Page,18
A02009,Website,63
A02009,Product Page,135
A02009,Website,106
A02009,Webinar,2
A02010,Event,132
A02010,Webinar,91
A02010,Website,58
A02010,Campaign,163
A02010,Event,259
A02010,Website,152
A02010,Campaign,17
A02010,Event,27
A02011,Event,141
A02011,Product Page,138
A02011,Event,159
A02011,Event,187
A02011,Product Page,184
A02011,Event,1
A02011,Product Page,1
A02011,Webinar,38
A02011,Event,38
A02011,Webinar,27
A02012,Event,102
A02012,Campaign,83
A02012,Event,139
A02012,Event,283
A02012,Campaign,66
A02012,Website,308
A02012,Product Page,44
A02012,Webinar,104
A02012,Webinar,79
A02012,Website,277
A02012,Product Page,91
A02012,Event,43
A02013,Campaign,114
A02013,Webinar,1
A02013,Event,42
A02013,Webinar,124
A02013,Website,23
A02013,Product Page,161
A02013,Event,62
A02014,Website,118
A02014,Event,95
A02014,Webinar,246
A02014,Webinar,178
A02014,Webinar,135
A02014,Campaign,50
A02014,Product Page,88
A02014,Campaign,86
A02014,Webinar,225
A02015,Website,150
A02015,Webinar,73
A02015,Event,119
A02015,Campaign,55
A02015,Product Page,126
A02015,Webinar,144
A02015,Product Page,45
A02015,Campaign,54
A02015,Event,183
A02015,Campaign,173
A02016,Website,51
A02016,Campaign,53
A02016,Campaign,183
A02016,Webinar,70
A02016,Product Page,266
A02016,Website,79
A02016,Campaign,128
A02016,Event,152
A02016,Event,84
A02016,Website,110
A02016,Campaign,191
A02017,Campaign,186
A02017,Webinar,121
A02017,Campaign,168
A02017,Campaign,43
A02018,Website,63
A02018,Campaign,116
A02018,Webinar,46
A02018,Webinar,112
A02018,Event,132
A02018,Campaign,53
A02018,Product Page,1
A02018,Product Page,48
A02018,Webinar,127
A02018,Campaign,18
A02018,Product Page,175
A02018,Campaign,39
A02018,Event,94
A02018,Event,229
A02018,Campaign,56
A02018,Event,60
A02018,Webinar,140
A02019,Campaign,132
A02019,Campaign,169
A02019,Event,232
A02019,Campaign,94
A02019,Event,91
A02019,Event,196
A02019,Website,228
A02020,Event,96
A02020,Campaign,189
A02020,Campaign,236
A02020,Website,6
A02020,Product Page,83
A02020,Campaign,190
A02021,Campaign,122
A02021,Product Page,63
A02021,Campaign,43
A02021,Product Page,278
A02021,Campaign,52
A02021,Webinar,170
A02021,Campaign,193
A02021,Event,120
A02021,Website,206
A02021,Event,91
A02021,Campaign,25
A02021,Event,198
A02022,Website,32
A02022,Event,1
A02022,Product Page,39
A02022,Product Page,76
A02022,Product Page,31
A02022,Event,11
A02022,Event,237
A02022,Event,48
A02022,Website,91
A02022,Event,162
A02022,Product Page,72
A02022,Event,1
A02022,Product Page,151
A02023,Campaign,37
A02023,Product Page,202
A02023,Event,69
A02023,Website,162
A02023,Webinar,239
A02023,Campaign,9
A02023,Campaign,145
A02023,Webinar,157
A02023,Campaign,244
A02024,Product Page,80
A02024,Webinar,1
A02024,Campaign,66
A02024,Product Page,122
A02024,Webinar,162
A02024,Campaign,43
A02024,Campaign,1
A02024,Website,53
A02024,Campaign,103
A02024,Webinar,158
A02024,Website,130
A02024,Campaign,29
A02024,Website,83
A02024,Campaign,1
A02024,Campaign,128
A02024,Campaign,143
A02025,Campaign,112
A02025,Campaign,87
A02025,Webinar,160
A02025,Campaign,1
A02025,Campaign,42
A02025,Event,113
A02025,Webinar,164
A02026,Website,122
A02026,Website,138
A02026,Campaign,204
A02026,Webinar,20
A02026,Event,95
A02026,Webinar,168
A02026,Event,58
A02026,Website,74
A02026,Event,91
A02026,Webinar,65
A02026,Product Page,196
A02026,Campaign,92
A02026,Product Page,151
A02026,Event,78
A02026,Campaign,1
A02026,Website,182
A02026,Campaign,46
A02026,Event,27
A02027,Webinar,63
A02027,Website,63
A02027,Website,63
A02027,Website,163
A02027,Campaign,1
A02027,Event,29
A02027,Product Page,151
A02027,Campaign,1
A02027,Webinar,4
A02027,Webinar,173
A02028,Website,149
A02028,Webinar,164
A02028,Website,108
A02028,Product Page,104
A02028,Webinar,70
A02028,Event,85
A02028,Website,159
A02028,Event,72
A02028,Event,166
A02029,Event,93
A02029,Campaign,122
A02029,Event,62
A02029,Webinar,147
A02029,Product Page,12
A02029,Website,93
A02029,Campaign,60
A02029,Event,104
A02030,Webinar,256
A02030,Webinar,271
A02030,Event,110
A02030,Event,123
A02030,Webinar,110
A02030,Product Page,1
A02031,Product Page,198
A02031,Campaign,156
A02031,Website,64
A02031,Website,19
A02031,Website,117
A02031,Campaign,152
A02031,Campaign,82
A02031,Campaign,36
A02031,Product Page,36
A02031,Event,85
A02032,Product Page,24
A02032,Event,53
A02032,Campaign,179
A02032,Campaign,88
A02032,Product Page,107
A02032,Website,44
A02032,Product Page,1
A02032,Event,125
A02032,Campaign,136
A02032,Webinar,50
A02032,Webinar,29
A02032,Event,1
A02032,Website,97
A02032,Event,119
A02032,Product Page,140
A02032,Product Page,125
A02032,Webinar,222
A02032,Product Page,88
A02033,Webinar,95
A02033,Event,55
A02033,Webinar,111
A02033,Product Page,70
A02033,Product Page,180
A02033,Website,246
A02034,Campaign,59
A02034,Product Page,1
A02034,Webinar,198
A02034,Website,135
A02034,Website,173
A02034,Campaign,252
A02034,Event,49
A02034,Campaign,24
A02035,Event,154
A02035,Product Page,164
A02035,Campaign,49
A02035,Event,117
A02035,Campaign,165
A02036,Event,81
A02036,Event,46
A02036,Webinar,1
A02036,Event,33
A02036,Product Page,1
A02036,Product Page,48
A02036,Campaign,82
A02036,Event,3
A02036,Product Page,8
A02036,Campaign,38
A02036,Product Page,93
A02036,Campaign,62
A02036,Event,1
A02036,Campaign,17
A02037,Product Page,184
A02037,Event,106
A02037,Website,48
A02037,Webinar,102
A02037,Campaign,160
A02037,Product Page,32
A02037,Website,23
A02037,Product Page,51
A02037,Website,140
A02038,Product Page,43
A02038,Event,80
A02038,Campaign,124
A02038,Product Page,69
A02038,Campaign,119
A02038,Campaign,1
A02038,Product Page,104
A02038,Event,1
A02038,Webinar,1
A02038,Website,136
A02038,Product Page,35
A02038,Product Page,1
A02038,Website,123
A02038,Webinar,52
A02039,Campaign,140
A02039,Website,212
A02039,Product Page,137
A02039,Webinar,145
A02039,Webinar,191
A02040,Campaign,252
A02040,Website,99
A02040,Webinar,23
A02040,Webinar,172
A02040,Product Page,1
A02040,Event,68
A02040,Webinar,20
A02040,Campaign,181
A02040,Webinar,185
A02040,Campaign,113
A02041,Webinar,35
A02041,Campaign,141
A02041,Event,104
A02041,Webinar,1
A02041,Product Page,74
A02041,Website,75
A02041,Webinar,98
A02041,Event,99
A02041,Webinar,179
A02041,Campaign,91
A02042,Product Page,192
A02042,Webinar,1
A02042,Product Page,217
A02042,Campaign,49
A02042,Campaign,81
A02042,Product Page,172
A02042,Campaign,193
A02042,Event,120
A02042,Campaign,110
A02042,Product Page,31
A02042,Website,116
A02043,Website,68
A02043,Campaign,83
A02043,Campaign,170
A02043,Event,109
A02043,Webinar,63
A02043,Event,64
A02043,Website,88
A02043,Product Page,65
A02043,Product Page,37
A02043,Webinar,33
A02043,Webinar,91
A02043,Product Page,173
A02043,Campaign,49
A02044,Event,51
A02044,Webinar,128
A02044,Event,111
A02044,Event,195
A02044,Website,49
A02044,Product Page,78
A02044,Campaign,306
A02044,Event,159
A02044,Event,101
A02044,Campaign,31
A02045,Website,33
A02045,Event,47
A02045,Campaign,1
A02045,Website,39
A02045,Product Page,55
A02046,Event,114
A02046,Product Page,109
A02046,Website,54
A02047,Website,79
A02047,Webinar,89
A02047,Product Page,83
A02047,Webinar,287
A02047,Product Page,242
A02047,Product Page,117
A02047,Campaign,102
A02047,Product Page,113
A02048,Campaign,130
A02048,Website,111
A02048,Campaign,120
A02048,Event,186
A02048,Website,119
A02048,Campaign,195
A02048,Campaign,184
A02048,Webinar,154
A02048,Product Page,164
A02048,Campaign,1
A02049,Website,122
A02049,Campaign,128
A02049,Campaign,273
A02049,Event,201
A02049,Website,38
A02049,Product Page,150
A02049,Webinar,208
A02049,Webinar,164
A02049,Product Page,53
A02050,Product Page,1
A02050,Website,13
A02050,Event,122
A02050,Campaign,212
A02050,Website,110
A02050,Website,1
A02050,Event,49
A02050,Product Page,55
A02050,Website,6
A02050,Product Page,25
A02050,Event,1
A02050,Webinar,146
A02050,Event,59
A02050,Event,126
A02050,Campaign,174
A02050,Campaign,57
A02050,Event,123
A02050,Event,174
A02050,Product Page,154
A02051,Campaign,200
A02051,Campaign,78
A02051,Webinar,250
A02051,Campaign,192
A02051,Website,61
A02051,Webinar,141
A02051,Product Page,222
A02052,Product Page,155
A02052,Product Page,1
A02052,Event,59
A02052,Campaign,1
A02052,Website,55
A02052,Campaign,149
A02052,Website,24
A02052,Webinar,41
A02052,Website,65
A02052,Webinar,154
A02052,Campaign,1
A02052,Event,121
A02052,Event,1
A02052,Event,77
A02052,Product Page,146
A02052,Campaign,108
A02052,Product Page,93
A02052,Campaign,71
A02053,Campaign,100
A02053,Event,315
A02053,Webinar,202
A02053,Campaign,99
A02053,Webinar,82
A02053,Product Page,132
A02053,Webinar,170
A02053,Product Page,124
A02053,Website,134
A02054,Webinar,202
A02054,Event,109
A02054,Product Page,174
A02054,Webinar,127
A02054,Website,249
A02055,Product Page,61
A02055,Product Page,198
A02055,Event,24
A02055,Product Page,138
A02055,Event,53
A02055,Event,17
A02055,Event,121
A02055,Website,61
A02055,Webinar,116
A02055,Webinar,191
A02056,Webinar,1
A02056,Product Page,21
A02056,Product Page,86
A02056,Event,1
A02056,Campaign,99
A02056,Campaign,1
A02056,Campaign,57
A02056,Website,156
A02056,Product Page,36
A02056,Product Page,1
A02057,Webinar,220
A02057,Website,54
A02057,Webinar,130
A02057,Product Page,137
A02057,Webinar,105
A02057,Website,39
A02057,Webinar,179
A02057,Website,110
A02057,Campaign,148
A02057,Webinar,117
A02057,Product Page,172
A02058,Campaign,95
A02058,Website,50
A02058,Website,205
A02058,Webinar,188
A02058,Campaign,81
A02058,Product Page,90
A02058,Campaign,40
A02059,Website,11
A02059,Product Page,124
A02059,Event,24
A02059,Campaign,3
A02059,Website,46
A02059,Product Page,99
A02059,Event,1
A02059,Campaign,46
A02060,Website,64
A02060,Webinar,119
A02060,Webinar,71
A02060,Product Page,28
A02060,Website,171
A02060,Product Page,56
A02060,Product Page,80
A02060,Webinar,146
A02060,Campaign,132
A02061,Event,134
A02061,Product Page,225
A02061,Website,112
A02061,Website,306
A02061,Product Page,135
A02061,Campaign,326
A02061,Webinar,50
A02061,Campaign,185
A02061,Webinar,37
A02061,Event,115
A02061,Event,118
A02061,Website,45
A02062,Webinar,211
A02062,Website,112
A02062,Product Page,319
A02062,Event,93
A02062,Webinar,274
A02062,Campaign,130
A02063,Website,69
A02063,Webinar,149
A02063,Website,264
A02063,Website,197
A02063,Event,234
A02063,Webinar,126
A02063,Campaign,164
A02064,Product Page,188
A02065,Webinar,238
A02065,Campaign,149
A02065,Product Page,111
A02065,Webinar,109
A02065,Event,100
A02065,Webinar,108
A02065,Product Page,152
A02065,Website,121
A02066,Webinar,175
A02067,Webinar,202
A02067,Webinar,218
A02067,Website,209
A02067,Event,141
A02068,Event,162
A02068,Event,236
A02068,Product Page,250
A02068,Event,201
A02068,Website,124
A02069,Product Page,102
A02069,Event,93
A02069,Webinar,70
A02069,Product Page,184
A02069,Product Page,99
A02069,Event,228
A02069,Campaign,191
A02070,Event,206
A02070,Webinar,241
A02070,Campaign,29
A02070,Webinar,121
A02070,Campaign,163
A02070,Webinar,164
A02070,Webinar,222
A02070,Product Page,74
A02070,Event,129
A02071,Webinar,55
A02071,Product Page,1
A02071,Webinar,127
A02071,Campaign,132
A02071,Campaign,24
A02072,Product Page,165
A02072,Campaign,155
A02072,Product Page,172
A02072,Campaign,92
A02073,Website,38
A02073,Campaign,94
A02073,Webinar,92
A02073,Website,205
A02073,Product Page,16
A02073,Webinar,81
A02073,Event,158
A02073,Campaign,10
A02073,Campaign,183
A02073,Website,63
A02074,Webinar,187
A02074,Webinar,145
A02074,Website,139
A02074,Webinar,158
A02074,Website,63
A02074,Campaign,65
A02074,Event,114
A02075,Product Page,59
A02075,Website,100
A02075,Campaign,162
A02075,Website,11
A02075,Event,46
A02076,Webinar,106
A02076,Webinar,173
A02076,Product Page,202
A02076,Webinar,176
A02076,Campaign,90
A02076,Campaign,90
A02076,Event,101
A02076,Event,99
A02076,Website,105
A02076,Website,128
A02076,Webinar,47
A02077,Webinar,145
A02077,Website,185
A02077,Campaign,103
A02077,Webinar,153
A02077,Product Page,250
A02077,Event,186
A02077,Campaign,240
A02078,Event,150
A02078,Campaign,29
A02078,Webinar,104
A02078,Webinar,134
A02078,Webinar,92
A02078,Event,25
A02078,Event,116
A02078,Campaign,157
A02078,Website,194
A02078,Website,97
A02079,Webinar,6
A02079,Product Page,262
A02079,Campaign,46
A02079,Event,24
A02079,Website,265
A02080,Webinar,197
A02080,Webinar,31
A02080,Event,50
A02080,Event,190
A02080,Event,115
A02080,Campaign,166
A02080,Event,133
A02081,Website,167
A02081,Webinar,67
A02081,Website,208
A02081,Webinar,54
A02081,Event,169
A02081,Product Page,59
A02081,Product Page,8
A02081,Campaign,193
A02081,Campaign,53
A02081,Product Page,148
A02082,Product Page,1
A02082,Website,293
A02082,Event,175
A02082,Webinar,93
A02082,Product Page,131
A02082,Webinar,92
A02082,Campaign,50
A02083,Website,118
A02083,Product Page,122
A02083,Webinar,121
A02083,Website,100
A02083,Website,95
A02083,Website,64
A02084,Website,95
A02084,Product Page,106
A02084,Website,117
A02084,Webinar,118
A02084,Website,110
A02084,Website,26
A02084,Website,148
A02084,Product Page,232
A02084,Webinar,63
A02085,Website,121
A02085,Product Page,132
A02085,Webinar,125
A02085,Campaign,234
A02085,Webinar,136
A02085,Webinar,140
A02085,Website,170
A02085,Product Page,98
A02085,Webinar,130
A02085,Webinar,66
A02085,Product Page,330
A02085,Campaign,139
A02085,Event,166
A02086,Campaign,102
A02086,Product Page,3
A02086,Product Page,155
A02086,Product Page,48
A02086,Event,128
A02086,Webinar,191
A02086,Event,92
A02086,Website,127
A02086,Website,99
A02086,Product Page,147
A02086,Event,232
A02086,Webinar,36
A02086,Event,169
A02086,Event,45
A02086,Product Page,133
A02086,Website,78
A02087,Product Page,145
A02087,Webinar,161
A02087,Webinar,73
A02087,Event,108
A02087,Event,220
A02088,Product Page,59
A02088,Product Page,289
A02088,Campaign,270
A02088,Webinar,194
A02088,Webinar,216
A02088,Website,78
A02089,Campaign,85
A02089,Campaign,113
A02089,Website,84
A02089,Event,49
A02089,Webinar,1
A02089,Product Page,224
A02089,Event,156
A02089,Event,135
A02089,Campaign,43
A02089,Product Page,120
A02090,Product Page,126
A02090,Website,103
A02090,Webinar,204
A02090,Product Page,136
A02090,Campaign,100
A02091,Campaign,47
A02091,Campaign,79
A02091,Campaign,14
A02091,Webinar,27
A02091,Product Page,1
A02091,Campaign,1
A02091,Campaign,33
A02091,Campaign,61
A02091,Webinar,69
A02092,Product Page,154
A02092,Webinar,183
A02092,Website,97
A02092,Campaign,134
A02092,Website,193
A02092,Campaign,57
A02092,Product Page,37
A02092,Event,141
A02092,Website,8
A02092,Product Page,88
A02092,Webinar,197
A02092,Event,78
A02092,Product Page,176
A02092,Website,157
A02092,Webinar,194
A02092,Product Page,117
A02092,Website,158
A02092,Campaign,79
A02092,Event,22
A02092,Product Page,96
A02093,Product Page,43
A02093,Webinar,107
A02093,Event,129
A02093,Website,131
A02093,Campaign,150
A02093,Product Page,153
A02093,Event,226
A02093,Event,217
A02093,Campaign,214
A02094,Webinar,64
A02094,Webinar,85
A02094,Campaign,100
A02094,Event,166
A02094,Event,272
A02094,Campaign,174
A02095,Campaign,41
A02095,Webinar,14
A02095,Event,95
A02095,Product Page,114
A02095,Product Page,141
A02095,Webinar,82
A02095,Campaign,60
A02095,Website,70
A02095,Website,63
A02095,Website,24
A02095,Event,1
A02095,Website,215
A02095,Webinar,47
A02095,Webinar,169
A02095,Webinar,49
A02095,Campaign,1
A02095,Product Page,178
A02095,Event,103
A02095,Webinar,61
A02095,Product Page,184
A02096,Product Page,97
A02096,Campaign,108
A02096,Product Page,89
A02096,Event,133
A02096,Website,115
A02096,Product Page,67
A02096,Product Page,109
A02096,Product Page,55
A02097,Event,177
A02097,Product Page,181
A02097,Product Page,31
A02097,Event,1
A02097,Campaign,123
A02097,Webinar,125
A02097,Campaign,81
A02097,Website,94
A02097,Website,139
A02097,Event,52
A02097,Website,51
A02097,Product Page,91
A02097,Event,181
A02097,Product Page,158
A02097,Website,121
A02098,Campaign,190
A02098,Product Page,256
A02098,Campaign,167
A02098,Event,195
A02098,Product Page,147
A02098,Webinar,181
A02099,Website,120
A02099,Website,168
A02099,Webinar,1
A02099,Product Page,123
A02099,Website,142
A02099,Product Page,37
A02099,Website,147
A02100,Product Page,155
A02100,Campaign,85
A02100,Campaign,198
A02100,Product Page,20
A02100,Campaign,142
A02100,Campaign,3
A02100,Campaign,62
A02101,Event,233
A02101,Webinar,178
A02101,Campaign,160
A02101,Website,191
A02101,Campaign,164
A02101,Webinar,114
A02101,Website,109
A02101,Event,46
A02102,Campaign,157
A02102,Product Page,104
A02102,Campaign,45
A02102,Webinar,78
A02102,Event,51
A02102,Event,1
A02102,Webinar,7
A02102,Event,64
A02102,Website,228
A02102,Campaign,50
A02102,Website,145
A02102,Product Page,65
A02102,Webinar,165
A02102,Event,1
A02103,Event,217
A02103,Website,196
A02103,Webinar,66
A02103,Campaign,159
A02103,Website,91
A02104,Campaign,108
A02104,Webinar,89
A02104,Product Page,275
A02104,Event,47
A02104,Campaign,194
A02104,Product Page,112
A02104,Event,156
A02104,Campaign,165
A02104,Campaign,139
A02104,Product Page,46
A02104,Webinar,189
A02105,Webinar,90
A02105,Event,287
A02105,Product Page,283
A02105,Webinar,290
A02106,Website,1
A02106,Website,36
A02106,Product Page,28
A02106,Event,35
A02107,Campaign,60
A02107,Event,47
A02107,Campaign,20
A02107,Campaign,1
A02107,Website,152
A02107,Campaign,19
A02107,Product Page,98
A02107,Webinar,121
A02108,Webinar,124
A02108,Campaign,205
A02108,Campaign,40
A02108,Product Page,96
A02108,Website,1
A02108,Campaign,111
A02108,Webinar,154
A02108,Event,123
A02108,Webinar,112
A02108,Website,57
A02108,Product Page,1
A02109,Website,171
A02109,Product Page,63
A02109,Event,12
A02109,Product Page,135
A02109,Webinar,72
A02109,Product Page,247
A02109,Product Page,1
A02109,Webinar,1
A02109,Product Page,136
A02109,Product Page,95
A02109,Event,166
A02109,Product Page,43
A02109,Product Page,96
A02109,Campaign,181
A02110,Campaign,117
A02110,Product Page,157
A02110,Product Page,101
A02110,Product Page,116
A02110,Webinar,74
A02110,Event,26
A02110,Product Page,55
A02110,Campaign,90
A02110,Campaign,108
A02110,Event,1
A02110,Campaign,162
A02110,Product Page,75
A02110,Website,1
A02110,Website,154
A02111,Campaign,162
A02111,Webinar,69
A02111,Product Page,36
A02111,Webinar,1
A02111,Webinar,1
A02111,Campaign,176
A02111,Campaign,177
A02111,Webinar,26
A02111,Campaign,85
A02111,Event,181
A02111,Event,68
A02111,Product Page,102
A02111,Campaign,195
A02111,Event,1
A02112,Website,143
A02112,Product Page,73
A02112,Campaign,9
A02112,Product Page,1
A02112,Product Page,125
A02112,Product Page,88
A02113,Campaign,144
A02113,Website,118
A02113,Event,131
A02113,Event,168
A02113,Website,262
A02113,Website,161
A02113,Webinar,64
A02113,Website,130
A02113,Website,198
A02114,Event,150
A02114,Product Page,1
A02114,Product Page,110
A02114,Product Page,276
A02114,Product Page,22
A02114,Website,102
A02114,Campaign,132
A02114,Webinar,66
A02114,Campaign,143
A02114,Webinar,86
A02114,Product Page,1
A02114,Event,6
A02114,Product Page,148
A02114,Webinar,127
A02114,Website,139
A02114,Website,128
A02114,Event,77
A02115,Product Page,82
A02115,Campaign,172
A02115,Product Page,154
A02115,Webinar,39
A02115,Website,78
A02115,Website,120
A02115,Website,137
A02115,Campaign,76
A02115,Webinar,81
A02115,Product Page,37
A02115,Webinar,97
A02115,Product Page,192
A02115,Product Page,99
A02115,Campaign,94
A02116,Campaign,204
A02116,Product Page,171
A02116,Event,143
A02116,Webinar,76
A02116,Product Page,223
A02116,Campaign,103
A02116,Campaign,217
A02117,Webinar,104
A02117,Website,1
A02117,Website,165
A02117,Campaign,63
A02117,Product Page,16
A02117,Product Page,365
A02117,Website,110
A02117,Event,63
A02117,Website,174
A02117,Campaign,1
A02117,Event,120
A02117,Campaign,25
A02118,Campaign,220
A02118,Event,211
A02118,Campaign,179
A02118,Product Page,268
A02118,Campaign,274
A02118,Campaign,236
A02118,Webinar,112
A02118,Website,197
A02118,Website,97
A02119,Product Page,96
A02119,Website,82
A02119,Website,178
A02119,Campaign,71
A02119,Webinar,116
A02119,Product Page,176
A02119,Product Page,1
A02119,Campaign,174
A02119,Webinar,56
A02119,Campaign,144
A02119,Website,146
A02120,Website,127
A02120,Product Page,34
A02120,Event,125
A02120,Event,155
A02120,Website,96
A02120,Event,250
A02120,Product Page,24
A02120,Campaign,153
A02121,Website,111
A02121,Website,87
A02121,Webinar,221
A02121,Website,166
A02121,Webinar,134
A02122,Website,44
A02122,Product Page,1
A02122,Webinar,12
A02122,Campaign,76
A02122,Webinar,66
A02122,Event,94
A02122,Website,178
A02122,Webinar,96
A02122,Campaign,53
A02122,Campaign,132
A02122,Campaign,1
A02122,Product Page,76
A02123,Event,209
A02123,Campaign,1
A02123,Website,95
A02123,Product Page,148
A02123,Website,185
A02123,Event,98
A02123,Product Page,163
A02124,Campaign,158
A02124,Product Page,226
A02124,Campaign,37
A02124,Product Page,85
A02124,Product Page,199
A02124,Website,134
A02124,Event,32
A02124,Webinar,48
A02124,Webinar,42
A02124,Webinar,209
A02124,Webinar,124
A02124,Webinar,159
A02125,Campaign,140
A02125,Product Page,94
A02125,Website,188
A02125,Product Page,85
A02125,Campaign,87
A02125,Product Page,67
A02125,Webinar,77
A02125,Website,45
A02125,Campaign,133
A02125,Website,1
A02125,Webinar,101
A02125,Product Page,271
A02125,Webinar,113
A02125,Campaign,79
A02126,Product Page,64
A02126,Webinar,166
A02126,Product Page,73
A02126,Event,1
A02126,Event,198
A02126,Webinar,112
A02126,Webinar,71
A02126,Product Page,1
A02126,Campaign,110
A02126,Webinar,22
A02126,Webinar,146
A02126,Product Page,188
A02127,Event,166
A02127,Campaign,51
A02127,Campaign,162
A02127,Webinar,115
A02127,Event,109
A02127,Campaign,53
A02127,Event,204
A02127,Product Page,1
A02127,Webinar,48
A02127,Website,1
A02127,Event,3
A02127,Product Page,38
A02127,Website,208
A02127,Event,71
A02128,Event,131
A02128,Webinar,93
A02128,Webinar,111
A02128,Product Page,129
A02128,Product Page,123
A02128,Event,20
A02128,Campaign,180
A02128,Campaign,123
A02128,Event,66
A02128,Website,27
A02128,Website,57
A02129,Product Page,81
A02129,Event,153
A02129,Website,1
A02129,Website,79
A02129,Event,113
A02129,Campaign,187
A02129,Campaign,132
A02129,Webinar,186
A02129,Product Page,139
A02129,Webinar,14
A02129,Event,161
A02129,Website,103
A02130,Product Page,153
A02130,Event,199
A02130,Event,106
A02130,Website,257
A02130,Webinar,156
A02130,Campaign,188
A02130,Website,205
A02131,Product Page,183
A02131,Webinar,233
A02131,Campaign,199
A02131,Product Page,62
A02131,Website,92
A02131,Website,49
A02131,Webinar,141
A02131,Webinar,20
A02131,Event,84
A02131,Webinar,116
A02131,Product Page,52
A02132,Product Page,129
A02132,Website,197
A02132,Event,185
A02132,Campaign,169
A02132,Webinar,174
A02132,Webinar,241
A02132,Website,120
A02132,Webinar,217
A02132,Campaign,212
A02133,Product Page,129
A02133,Webinar,183
A02133,Product Page,165
A02133,Webinar,89
A02133,Product Page,124
A02133,Website,214
A02133,Event,185
A02134,Webinar,81
A02134,Campaign,81
A02134,Event,172
A02134,Website,90
A02134,Webinar,95
A02134,Website,146
A02134,Webinar,100
A02134,Webinar,195
A02134,Campaign,76
A02135,Event,118
A02135,Webinar,152
A02135,Event,71
A02135,Event,121
A02135,Campaign,103
A02135,Product Page,158
A02135,Event,88
A02135,Product Page,188
A02135,Event,171
A02136,Website,202
A02136,Campaign,16
A02136,Event,91
A02136,Campaign,79
A02136,Website,135
A02136,Event,91
A02137,Event,148
A02137,Website,145
A02137,Website,75
A02137,Event,83
A02137,Webinar,156
A02138,Webinar,203
A02138,Product Page,270
A02138,Event,13
A02138,Event,217
A02138,Product Page,164
A02138,Event,179
A02138,Website,91
A02138,Webinar,122
A02138,Product Page,95
A02138,Website,15
A02138,Webinar,273
A02139,Event,20
A02139,Event,190
A02139,Webinar,1
A02139,Campaign,26
A02139,Webinar,9
A02139,Webinar,89
A02139,Event,1
A02139,Website,67
A02139,Event,110
A02139,Webinar,38
A02139,Website,74
A02140,Webinar,116
A02140,Event,177
A02140,Website,72
A02140,Campaign,92
A02140,Campaign,223
A02140,Event,108
A02140,Webinar,1
A02141,Product Page,91
A02141,Website,210
A02141,Event,78
A02141,Product Page,173
A02141,Website,40
A02141,Webinar,212
A02141,Website,1
A02141,Product Page,89
A02141,Product Page,114
A02141,Website,9
A02142,Event,83
A02142,Product Page,20
A02142,Website,109
A02142,Product Page,1
A02142,Website,198
A02142,Webinar,99
A02142,Webinar,109
A02142,Product Page,204
A02142,Event,1
A02142,Product Page,1
A02143,Event,233
A02143,Campaign,121
A02143,Event,237
A02143,Webinar,88
A02143,Campaign,99
A02143,Webinar,115
A02143,Website,186
A02143,Product Page,133
A02144,Webinar,107
A02144,Website,35
A02144,Event,64
A02144,Product Page,138
A02144,Event,100
A02144,Product Page,66
A02144,Website,83
A02144,Webinar,24
A02144,Campaign,82
A02144,Website,37
A02144,Website,347
A02145,Event,65
A02145,Event,112
A02145,Webinar,175
A02146,Campaign,127
A02146,Event,131
A02146,Product Page,216
A02146,Website,89
A02146,Campaign,151
A02146,Product Page,1
A02146,Product Page,164
A02146,Webinar,127
A02146,Campaign,215
A02146,Event,152
A02146,Website,157
A02146,Event,114
A02146,Website,95
A02146,Event,88
A02147,Website,84
A02147,Webinar,151
A02147,Webinar,114
A02147,Event,83
A02147,Website,1
A02147,Website,60
A02147,Event,170
A02147,Webinar,70
A02147,Webinar,110
A02147,Website,83
A02147,Website,1
A02147,Webinar,152
A02147,Campaign,207
A02147,Campaign,3
A02148,Product Page,75
A02148,Product Page,20
A02148,Event,128
A02148,Campaign,89
A02148,Website,242
A02148,Campaign,95
A02148,Event,28
A02148,Campaign,9
A02148,Webinar,186
A02148,Website,76
A02148,Product Page,125
A02148,Campaign,56
A02148,Website,126
A02148,Webinar,216
A02148,Webinar,100
A02148,Webinar,1
A02148,Campaign,101
A02149,Campaign,320
A02149,Event,137
A02149,Webinar,116
A02149,Website,34
A02149,Website,71
A02149,Product Page,138
A02149,Website,121
A02149,Product Page,1
A02149,Campaign,96
A02149,Campaign,37
A02150,Product Page,200
A02150,Event,110
A02150,Website,145
A02150,Campaign,126
A02150,Product Page,231
A02150,Product Page,226
A02150,Website,137
A02150,Website,197
A02150,Campaign,1
A02151,Website,98
A02151,Website,200
A02151,Website,163
A02151,Product Page,191
A02151,Product Page,104
A02152,Website,30
A02152,Campaign,239
A02152,Website,142
A02152,Product Page,123
A02152,Campaign,130
A02153,Website,86
A02153,Campaign,13
A02153,Website,114
A02153,Campaign,192
A02153,Webinar,94
A02153,Website,162
A02153,Event,126
A02153,Event,76
A02153,Campaign,21
A02153,Campaign,108
A02153,Event,196
A02154,Webinar,253
A02154,Product Page,59
A02154,Event,5
A02155,Product Page,68
A02155,Event,71
A02155,Product Page,100
A02155,Event,72
A02155,Website,121
A02155,Event,136
A02155,Campaign,173
A02155,Campaign,83
A02155,Campaign,81
A02155,Webinar,166
A02155,Webinar,1
A02155,Campaign,212
A02155,Website,171
A02155,Campaign,181
A02155,Product Page,92
A02156,Event,325
A02156,Campaign,200
A02157,Product Page,168
A02157,Campaign,102
A02157,Campaign,64
A02157,Product Page,176
A02157,Website,206
A02157,Webinar,109
A02157,Website,252
A02157,Website,146
A02157,Website,126
A02158,Event,98
A02158,Webinar,58
A02158,Product Page,34
A02158,Product Page,170
A02158,Event,34
A02158,Website,94
A02158,Product Page,137
A02158,Event,115
A02159,Webinar,1
A02159,Website,50
A02159,Website,167
A02160,Product Page,81
A02160,Webinar,114
A02161,Webinar,150
A02161,Campaign,84
A02161,Event,1
A02161,Product Page,267
A02161,Campaign,130
A02161,Campaign,1
A02161,Event,194
A02161,Product Page,111
A02161,Product Page,99
A02161,Event,68
A02161,Campaign,176
A02161,Campaign,161
A02162,Webinar,224
A02162,Webinar,204
A02162,Event,98
A02162,Event,65
A02162,Webinar,245
A02163,Event,69
A02163,Website,84
A02163,Website,130
A02163,Website,162
A02163,Event,126
A02163,Event,133
A02163,Event,150
A02163,Webinar,145
A02163,Campaign,174
A02163,Campaign,74
A02164,Webinar,106
A02164,Campaign,115
A02164,Webinar,1
A02164,Website,133
A02164,Event,180
A02164,Product Page,146
A02164,Webinar,18
A02164,Website,56
A02164,Product Page,107
A02164,Event,213
A02165,Webinar,148
A02165,Campaign,122
A02165,Product Page,3
A02165,Event,135
A02165,Product Page,91
A02165,Campaign,45
A02165,Webinar,65
A02165,Event,1
A02165,Website,133
A02165,Event,83
A02165,Website,110
A02166,Website,138
A02166,Website,1
A02166,Product Page,165
A02166,Product Page,230
A02166,Event,132
A02166,Product Page,2
A02166,Webinar,6
A02166,Webinar,1
A02166,Product Page,90
A02166,Webinar,85
A02166,Website,230
A02166,Campaign,156
A02166,Website,104
A02167,Webinar,82
A02167,Webinar,137
A02167,Webinar,1
A02167,Product Page,167
A02167,Webinar,136
A02167,Website,166
A02167,Webinar,86
A02167,Webinar,1
A02167,Event,111
A02167,Campaign,83
A02167,Product Page,129
A02167,Event,55
A02167,Campaign,133
A02167,Campaign,61
A02168,Event,95
A02168,Website,191
A02168,Product Page,61
A02168,Webinar,104
A02168,Webinar,57
A02168,Campaign,180
A02168,Webinar,67
A02169,Webinar,238
A02169,Event,183
A02169,Campaign,105
A02169,Product Page,145
A02169,Webinar,137
A02169,Website,101
A02169,Webinar,114
A02169,Campaign,36
A02169,Website,114
A02169,Webinar,86
A02169,Product Page,210
A02169,Webinar,220
A02169,Product Page,99
A02170,Event,204
A02170,Webinar,187
A02170,Campaign,129
A02170,Website,192
A02171,Website,195
A02171,Event,206
A02171,Product Page,92
A02171,Product Page,107
A02171,Event,71
A02171,Webinar,81
A02171,Product Page,109
A02172,Event,3
A02172,Event,23
A02172,Campaign,355
A02172,Website,129
A02172,Website,74
A02172,Product Page,66
A02172,Event,30
A02172,Webinar,132
A02172,Website,196
A02172,Campaign,46
A02173,Campaign,110
A02173,Webinar,19
A02173,Website,4
A02173,Product Page,47
A02173,Website,138
A02173,Event,131
A02173,Webinar,107
A02173,Event,48
A02173,Website,110
A02173,Campaign,90
A02173,Website,170
A02174,Event,1
A02174,Website,113
A02174,Campaign,26
A02174,Product Page,126
A02174,Product Page,52
A02174,Webinar,133
A02174,Website,1
A02174,Event,1
A02174,Webinar,53
A02174,Webinar,1
A02174,Website,86
A02174,Campaign,65
A02174,Webinar,46
A02174,Product Page,72
A02174,Product Page,62
A02175,Campaign,144
A02175,Event,37
A02175,Website,23
A02175,Website,1
A02175,Campaign,186
A02175,Product Page,225
A02175,Product Page,59
A02175,Webinar,159
A02176,Event,118
A02176,Webinar,42
A02176,Webinar,113
A02177,Campaign,57
A02177,Product Page,261
A02177,Webinar,172
A02177,Webinar,194
A02177,Webinar,186
A02177,Webinar,153
A02177,Event,58
A02177,Product Page,72
A02177,Webinar,100
A02177,Event,89
A02177,Webinar,1
A02178,Website,25
A02178,Webinar,72
A02178,Campaign,143
A02178,Website,1
A02178,Event,134
A02179,Event,64
A02179,Event,45
A02180,Webinar,215
A02180,Webinar,69
A02180,Campaign,182
A02180,Product Page,137
A02180,Product Page,136
A02180,Webinar,94
A02180,Event,43
A02180,Webinar,242
A02180,Product Page,183
A02181,Event,177
A02181,Webinar,119
A02181,Website,116
A02181,Event,99
A02182,Website,237
A02182,Event,71
A02182,Product Page,190
A02182,Product Page,219
A02182,Product Page,140
A02182,Website,143
A02182,Webinar,1
A02182,Product Page,57
A02183,Website,54
A02183,Product Page,143
A02183,Webinar,39
A02183,Website,109
A02183,Website,124
A02183,Campaign,142
A02183,Campaign,128
A02183,Website,103
A02183,Product Page,128
A02184,Product Page,120
A02185,Product Page,215
A02186,Webinar,141
A02186,Event,180
A02186,Campaign,217
A02186,Webinar,227
A02187,Webinar,50
A02187,Campaign,85
A02187,Campaign,210
A02187,Webinar,163
A02187,Product Page,157
A02187,Campaign,184
A02188,Campaign,13
A02188,Campaign,79
A02188,Website,33
A02188,Website,103
A02188,Event,118
A02188,Event,48
A02188,Webinar,104
A02188,Webinar,72
A02188,Campaign,164
A02189,Website,148
A02189,Webinar,73
A02189,Event,15
A02189,Website,191
A02189,Webinar,138
A02189,Website,181
A02189,Campaign,55
A02189,Event,118
A02190,Event,50
A02190,Event,20
A02190,Website,78
A02190,Product Page,108
A02190,Campaign,130
A02190,Webinar,116
A02190,Event,1
A02190,Webinar,134
A02190,Product Page,155
A02190,Campaign,106
A02190,Event,66
A02191,Webinar,94
A02191,Campaign,105
A02191,Product Page,50
A02191,Product Page,80
A02191,Product Page,163
A02191,Product Page,221
A02192,Website,163
A02192,Website,198
A02192,Webinar,165
A02192,Webinar,229
A02192,Event,50
A02192,Product Page,26
A02192,Event,236
A02192,Campaign,185
A02192,Website,190
A02192,Website,242
A02192,Event,182
A02192,Campaign,130
A02192,Webinar,124
A02192,Website,178
A02192,Campaign,76
A02192,Website,172
A02192,Webinar,173
A02192,Campaign,42
A02192,Webinar,84
A02192,Webinar,103
A02192,Webinar,188
A02192,Webinar,146
A02193,Campaign,1
A02193,Event,62
A02193,Website,1
A02193,Website,137
A02193,Campaign,98
A02193,Webinar,42
A02193,Webinar,163
A02193,Product Page,88
A02193,Event,1
A02194,Campaign,244
A02194,Campaign,49
A02194,Product Page,41
A02194,Webinar,170
A02194,Webinar,1
A02194,Event,116
A02194,Campaign,139
A02194,Event,67
A02194,Product Page,1
A02194,Product Page,57
A02194,Event,74
A02194,Product Page,70
A02195,Campaign,12
A02195,Event,54
A02195,Webinar,106
A02195,Webinar,93
A02195,Website,1
A02195,Webinar,1
A02195,Event,149
A02195,Campaign,104
A02195,Product Page,134
A02195,Website,1
A02195,Event,197
A02196,Website,65
A02196,Campaign,130
A02196,Event,190
A02197,Product Page,1
A02197,Website,137
A02197,Website,66
A02197,Campaign,1
A02197,Website,1
A02197,Website,98
A02197,Campaign,239
A02197,Webinar,166
A02197,Webinar,274
A02197,Website,144
A02197,Product Page,18
A02197,Event,20
A02197,Product Page,117
A02197,Product Page,158
A02197,Product Page,105
A02197,Product Page,73
A02198,Website,90
A02198,Product Page,318
A02198,Webinar,151
A02198,Webinar,310
A02198,Website,15
A02198,Event,123
A02198,Event,76
A02198,Event,158
A02198,Product Page,139
A02199,Website,149
A02199,Product Page,113
A02199,Website,97
A02199,Product Page,99
A02199,Product Page,90
A02199,Website,131
A02199,Webinar,215
A02199,Campaign,224
A02199,Website,45
A02199,Product Page,365
A02199,Website,59
A02199,Webinar,18
A02199,Product Page,118
A02199,Campaign,114
A02200,Website,78
A02200,Campaign,22
A02200,Event,132
A02200,Product Page,132
A02200,Product Page,195
A02200,Product Page,69
A02200,Website,212
A02200,Webinar,85
A02201,Campaign,23
A02201,Webinar,131
A02201,Event,110
A02201,Campaign,28
A02202,Product Page,91
A02202,Product Page,58
A02202,Event,1
A02202,Website,1
A02202,Event,48
A02202,Campaign,172
A02202,Product Page,33
A02202,Webinar,184
A02202,Campaign,119
A02203,Webinar,13
A02203,Webinar,30
A02203,Product Page,212
A02203,Website,92
A02203,Webinar,192
A02204,Webinar,28
A02204,Product Page,148
A02204,Product Page,128
A02204,Campaign,181
A02204,Campaign,307
A02204,Campaign,78
A02204,Website,118
A02204,Campaign,217
A02204,Event,128
A02204,Event,38
A02205,Website,189
A02205,Event,57
A02205,Website,70
A02205,Event,165
A02205,Product Page,104
A02205,Product Page,205
A02205,Website,63
A02205,Event,117
A02205,Event,33
A02205,Product Page,145
A02205,Webinar,154
A02205,Campaign,64
A02206,Webinar,117
A02206,Webinar,83
A02206,Website,177
A02206,Event,136
A02206,Event,44
A02206,Webinar,96
A02206,Website,32
A02206,Website,134
A02206,Webinar,79
A02206,Webinar,90
A02206,Website,162
A02206,Campaign,12
A02206,Website,51
A02206,Campaign,76
A02207,Product Page,94
A02207,Campaign,87
A02207,Event,3
A02207,Webinar,141
A02207,Event,119
A02207,Campaign,160
A02207,Campaign,183
A02207,Campaign,235
A02207,Webinar,102
A02207,Campaign,126
A02207,Event,182
A02207,Event,130
A02208,Webinar,92
A02208,Event,115
A02208,Product Page,9
A02208,Event,129
A02208,Webinar,123
A02208,Website,153
A02208,Website,165
A02208,Webinar,100
A02208,Webinar,121
A02209,Event,202
A02209,Website,158
A02209,Webinar,204
A02209,Event,116
A02209,Webinar,53
A02209,Campaign,155
A02209,Webinar,57
A02209,Website,105
A02209,Webinar,122
A02209,Campaign,109
A02209,Website,240
A02209,Webinar,132
A02209,Website,83
A02209,Website,150
A02210,Website,47
A02210,Event,180
A02210,Webinar,74
A02210,Event,11
A02210,Event,67
A02210,Website,1
A02210,Product Page,69
A02210,Product Page,140
A02210,Product Page,83
A02210,Website,90
A02210,Product Page,77
A02210,Event,57
A02210,Website,41
A02210,Event,39
A02210,Webinar,96
A02211,Webinar,172
A02211,Event,95
A02211,Event,98
A02211,Event,60
A02211,Webinar,58
A02211,Event,86
A02212,Webinar,22
A02212,Product Page,56
A02212,Website,98
A02212,Campaign,121
A02212,Product Page,153
A02212,Campaign,1
A02212,Campaign,81
A02212,Event,132
A02212,Website,45
A02212,Webinar,45
A02212,Product Page,112
A02213,Campaign,152
A02213,Event,118
A02213,Website,127
A02213,Campaign,105
A02213,Product Page,146
A02213,Website,70
A02213,Campaign,104
A02213,Event,54
A02213,Campaign,90
A02213,Product Page,248
A02214,Event,108
A02214,Website,160
A02214,Product Page,67
A02214,Campaign,15
A02214,Campaign,93
A02214,Event,278
A02214,Webinar,58
A02214,Campaign,123
A02214,Campaign,94
A02214,Webinar,85
A02214,Website,40
A02214,Webinar,142
A02214,Website,30
A02214,Webinar,147
A02214,Event,1
A02214,Event,109
A02214,Webinar,174
A02214,Campaign,1
A02215,Event,121
A02215,Webinar,201
A02215,Product Page,264
A02215,Campaign,59
A02215,Product Page,181
A02216,Event,3
A02216,Campaign,10
A02216,Website,9
A02216,Campaign,144
A02216,Event,31
A02216,Campaign,122
A02216,Website,84
A02216,Campaign,68
A02216,Webinar,1
A02216,Website,99
A02216,Webinar,9
A02216,Webinar,129
A02216,Product Page,1
A02216,Webinar,11
A02216,Website,39
A02216,Campaign,72
A02216,Website,107
A02217,Website,263
A02217,Event,238
A02217,Product Page,172
A02217,Webinar,65
A02217,Website,200
A02217,Webinar,1
A02218,Website,129
A02218,Product Page,76
A02218,Webinar,170
A02218,Webinar,226
A02218,Webinar,93
A02218,Webinar,84
A02218,Campaign,1
A02218,Product Page,52
A02218,Webinar,42
A02218,Campaign,123
A02218,Campaign,53
A02218,Campaign,104
A02218,Webinar,1
A02218,Webinar,141
A02218,Event,118
A02219,Website,197
A02219,Webinar,272
A02219,Webinar,303
A02220,Event,160
A02220,Webinar,177
A02220,Event,262
A02220,Webinar,154
A02220,Website,132
A02220,Product Page,86
A02220,Webinar,228
A02220,Event,78
A02220,Product Page,54
A02221,Webinar,108
A02221,Webinar,226
A02221,Webinar,140
A02221,Website,1
A02221,Webinar,1
A02221,Webinar,89
A02221,Webinar,71
A02221,Website,161
A02221,Product Page,103
A02221,Campaign,23
A02221,Campaign,42
A02221,Campaign,63
A02222,Event,15
A02222,Event,95
A02222,Event,135
A02222,Webinar,100
A02222,Event,90
A02222,Webinar,34
A02222,Webinar,184
A02222,Product Page,15
A02222,Event,79
A02222,Webinar,132
A02223,Website,127
A02223,Product Page,107
A02223,Campaign,86
A02223,Website,150
A02223,Product Page,110
A02223,Product Page,92
A02223,Campaign,188
A02223,Campaign,1
A02224,Event,243
A02224,Campaign,171
A02224,Event,45
A02224,Campaign,171
A02224,Product Page,66
A02224,Product Page,192
A02224,Event,76
A02224,Campaign,203
A02224,Product Page,79
A02224,Webinar,68
A02224,Event,85
A02224,Campaign,82
A02225,Event,91
A02225,Website,114
A02225,Campaign,197
A02225,Product Page,143
A02225,Product Page,165
A02225,Product Page,176
A02226,Website,159
A02226,Product Page,93
A02226,Product Page,202
A02226,Webinar,84
A02226,Campaign,176
A02226,Product Page,121
A02226,Product Page,225
A02227,Event,69
A02227,Product Page,87
A02227,Event,48
A02227,Event,190
A02227,Product Page,88
A02227,Campaign,116
A02228,Website,245
A02228,Webinar,51
A02228,Webinar,238
A02228,Event,65
A02228,Event,220
A02228,Webinar,164
A02229,Webinar,85
A02229,Event,68
A02229,Product Page,86
A02229,Event,18
A02229,Product Page,98
A02229,Campaign,79
A02230,Website,159
A02230,Event,74
A02230,Webinar,1
A02230,Product Page,88
A02230,Event,112
A02230,Event,142
A02230,Product Page,1
A02230,Webinar,135
A02231,Webinar,4
A02231,Campaign,1
A02231,Website,121
A02231,Website,112
A02231,Webinar,138
A02231,Campaign,159
A02231,Event,2
A02231,Product Page,119
A02231,Product Page,66
A02231,Campaign,101
A02231,Event,135
A02231,Website,19
A02231,Website,22
A02232,Website,173
A02232,Product Page,38
A02232,Event,167
A02232,Product Page,78
A02232,Event,56
A02232,Event,77
A02232,Event,71
A02232,Webinar,17
A02233,Event,107
A02234,Campaign,127
A02234,Webinar,84
A02234,Webinar,245
A02234,Event,194
A02234,Campaign,1
A02234,Website,29
A02234,Product Page,68
A02234,Webinar,59
A02234,Product Page,146
A02235,Campaign,106
A02235,Website,140
A02235,Website,195
A02235,Event,89
A02235,Website,151
A02235,Website,129
A02236,Event,138
A02236,Product Page,187
A02236,Website,102
A02236,Product Page,107
A02236,Webinar,120
A02236,Product Page,34
A02236,Website,89
A02236,Campaign,194
A02236,Product Page,118
A02236,Website,97
A02236,Event,90
A02236,Webinar,118
A02236,Product Page,45
A02236,Product Page,154
A02237,Product Page,102
A02237,Website,49
A02237,Product Page,118
A02237,Website,167
A02237,Webinar,91
A02237,Product Page,1
A02237,Campaign,132
A02237,Website,55
A02237,Product Page,194
A02237,Campaign,102
A02237,Product Page,58
A02237,Webinar,162
A02237,Website,147
A02237,Campaign,1
A02237,Website,105
A02238,Event,216
A02238,Campaign,184
A02238,Product Page,148
A02238,Website,173
A02238,Campaign,153
A02239,Webinar,166
A02239,Product Page,240
A02239,Campaign,232
A02239,Product Page,96
A02239,Webinar,32
A02239,Website,129
A02239,Event,261
A02239,Website,196
A02239,Product Page,45
A02240,Campaign,109
A02240,Product Page,32
A02240,Webinar,108
A02240,Website,102
A02240,Campaign,173
A02240,Product Page,217
A02240,Product Page,94
A02240,Website,186
A02240,Event,102
A02240,Website,98
A02241,Campaign,161
A02241,Campaign,169
A02241,Website,97
A02241,Product Page,225
A02241,Campaign,356
A02242,Website,178
A02242,Campaign,97
A02242,Website,108
A02242,Website,25
A02242,Webinar,70
A02242,Webinar,37
A02242,Product Page,135
A02242,Webinar,173
A02242,Product Page,82
A02242,Webinar,72
A02243,Website,222
A02243,Website,2
A02243,Webinar,174
A02243,Event,115
A02243,Campaign,99
A02243,Event,44
A02243,Product Page,188
A02243,Webinar,67
A02243,Campaign,165
A02243,Website,316
A02243,Webinar,224
A02243,Product Page,132
A02243,Product Page,232
A02243,Website,218
A02243,Website,43
A02244,Campaign,40
A02244,Website,187
A02244,Product Page,182
A02244,Event,95
A02244,Campaign,245
A02244,Campaign,110
A02244,Website,73
A02244,Campaign,1
A02244,Event,29
A02244,Website,151
A02244,Website,124
A02244,Webinar,182
A02244,Product Page,203
A02245,Product Page,75
A02245,Campaign,1
A02245,Campaign,70
A02245,Website,140
A02245,Event,109
A02245,Webinar,79
A02245,Event,170
A02246,Product Page,28
A02246,Website,150
A02246,Product Page,149
A02246,Website,256
A02246,Webinar,94
A02246,Website,136
A02246,Website,14
A02246,Webinar,131
A02246,Webinar,93
A02246,Campaign,144
A02246,Webinar,172
A02247,Event,115
A02247,Event,31
A02247,Campaign,1
A02247,Product Page,65
A02247,Campaign,233
A02247,Event,158
A02247,Campaign,96
A02247,Product Page,157
A02247,Website,140
A02248,Campaign,288
A02248,Webinar,96
A02248,Webinar,179
A02248,Website,16
A02248,Product Page,115
A02248,Product Page,148
A02248,Product Page,102
A02248,Website,74
A02248,Webinar,145
A02248,Event,26
A02248,Website,130
A02248,Campaign,128
A02249,Campaign,151
A02249,Website,252
A02250,Event,185
A02250,Website,59
A02250,Product Page,102
A02250,Webinar,110
A02250,Website,55
A02250,Campaign,108
A02250,Website,10
A02250,Campaign,157
A02250,Product Page,29
A02250,Webinar,21
A02250,Product Page,88
A02250,Webinar,168
A02250,Website,78
A02251,Product Page,104
A02251,Event,60
A02251,Campaign,220
A02251,Product Page,162
A02251,Website,157
A02251,Product Page,131
A02251,Event,62
A02251,Webinar,97
A02251,Campaign,197
A02251,Website,71
A02251,Product Page,249
A02252,Campaign,133
A02252,Product Page,123
A02252,Website,11
A02252,Product Page,3
A02252,Website,43
A02252,Webinar,129
A02252,Product Page,198
A02253,Webinar,60
A02253,Event,33
A02253,Product Page,117
A02253,Campaign,1
A02253,Website,136
A02253,Event,198
A02253,Event,14
A02254,Product Page,38
A02254,Website,188
A02254,Campaign,112
A02254,Event,64
A02254,Product Page,69
A02254,Event,159
A02254,Website,151
A02254,Event,159
A02254,Campaign,20
A02254,Website,159
A02254,Website,83
A02254,Product Page,173
A02254,Website,172
A02254,Campaign,228
A02254,Campaign,20
A02254,Webinar,167
A02255,Website,209
A02255,Product Page,146
A02255,Webinar,182
A02255,Campaign,138
A02255,Website,151
A02255,Website,108
A02255,Website,125
A02255,Campaign,126
A02256,Event,79
A02256,Product Page,103
A02256,Website,1
A02256,Product Page,257
A02256,Product Page,133
A02256,Website,185
A02256,Campaign,93
A02256,Product Page,208
A02257,Campaign,113
A02257,Product Page,173
A02257,Event,173
A02257,Event,172
A02258,Product Page,66
A02258,Product Page,102
A02258,Product Page,140
A02258,Website,151
A02258,Product Page,56
A02258,Webinar,46
A02258,Event,185
A02258,Webinar,108
A02259,Event,15
A02259,Campaign,176
A02259,Webinar,18
A02259,Campaign,134
A02259,Event,91
A02260,Campaign,154
A02260,Campaign,94
A02260,Event,170
A02260,Webinar,59
A02260,Campaign,126
A02260,Webinar,179
A02260,Website,122
A02260,Event,23
A02260,Webinar,101
A02260,Webinar,243
A02260,Website,183
A02261,Event,184
A02261,Event,201
A02261,Webinar,38
A02261,Product Page,175
A02261,Event,222
A02261,Product Page,99
A02262,Website,1
A02262,Product Page,164
A02262,Event,163
A02263,Webinar,37
A02263,Webinar,76
A02263,Product Page,182
A02263,Website,146
A02263,Campaign,4
A02263,Event,1
A02263,Campaign,49
A02263,Webinar,19
A02263,Website,12
A02263,Campaign,32
A02263,Event,30
A02263,Website,106
A02263,Product Page,35
A02263,Website,38
A02263,Webinar,65
A02263,Campaign,69
A02264,Webinar,50
A02264,Website,149
A02264,Event,156
A02264,Website,114
A02265,Webinar,125
A02265,Product Page,126
A02265,Product Page,95
A02265,Event,198
A02265,Product Page,98
A02265,Event,184
A02265,Campaign,1
A02265,Website,66
A02265,Webinar,109
A02265,Webinar,104
A02265,Website,117
A02266,Webinar,31
A02266,Website,181
A02266,Webinar,226
A02266,Event,69
A02266,Product Page,156
A02266,Campaign,135
A02266,Webinar,112
A02267,Campaign,129
A02267,Webinar,245
A02267,Webinar,245
A02267,Webinar,261
A02267,Event,241
A02268,Webinar,244
A02268,Product Page,9
A02268,Website,61
A02268,Product Page,42
A02268,Product Page,47
A02268,Campaign,160
A02268,Event,75
A02268,Event,148
A02269,Event,80
A02269,Campaign,191
A02269,Website,242
A02269,Product Page,153
A02269,Event,17
A02269,Campaign,174
A02269,Campaign,134
A02269,Campaign,95
A02269,Event,27
A02269,Product Page,304
A02269,Website,125
A02269,Campaign,127
A02269,Campaign,48
A02270,Campaign,117
A02270,Webinar,60
A02270,Website,175
A02271,Product Page,265
A02271,Webinar,11
A02271,Webinar,9
A02271,Webinar,58
A02271,Campaign,42
A02272,Product Page,128
A02272,Campaign,97
A02272,Webinar,120
A02272,Webinar,97
A02272,Webinar,1
A02272,Website,87
A02272,Event,220
A02272,Webinar,254
A02272,Webinar,123
A02272,Event,77
A02272,Event,75
A02273,Campaign,84
A02273,Event,21
A02273,Campaign,130
A02273,Website,140
A02273,Campaign,1
A02273,Event,86
A02273,Website,42
A02273,Campaign,68
A02273,Webinar,109
A02274,Webinar,147
A02274,Webinar,204
A02274,Product Page,113
A02274,Product Page,152
A02274,Website,223
A02274,Website,346
A02274,Website,201
A02275,Webinar,21
A02275,Website,161
A02275,Campaign,72
A02275,Website,1
A02275,Website,139
A02275,Event,7
A02275,Product Page,77
A02275,Event,1
A02275,Campaign,136
A02275,Webinar,1
A02275,Website,3
A02275,Website,159
A02276,Event,180
A02276,Website,259
A02276,Campaign,107
A02277,Event,65
A02277,Website,23
A02277,Event,117
A02277,Webinar,43
A02277,Product Page,56
A02277,Website,202
A02277,Webinar,118
A02277,Webinar,98
A02277,Website,46
A02277,Product Page,127
A02277,Website,169
A02277,Campaign,38
A02277,Product Page,157
A02278,Product Page,107
A02278,Product Page,166
A02278,Event,108
A02278,Website,133
A02278,Product Page,41
A02278,Webinar,149
A02279,Product Page,137
A02279,Product Page,121
A02279,Product Page,105
A02279,Event,226
A02279,Campaign,117
A02279,Webinar,140
A02279,Product Page,171
A02279,Campaign,151
A02279,Campaign,176
A02279,Event,53
A02280,Website,180
A02280,Product Page,146
A02280,Product Page,122
A02280,Campaign,127
A02280,Event,129
A02280,Product Page,238
A02280,Event,135
A02280,Website,112
A02280,Website,85
A02281,Website,113
A02281,Website,176
A02281,Product Page,63
A02281,Campaign,181
A02281,Webinar,202
A02281,Campaign,129
A02281,Event,178
A02281,Product Page,132
A02281,Product Page,153
A02281,Website,118
A02281,Website,150
A02282,Event,83
A02282,Product Page,53
A02282,Event,1
A02282,Website,38
A02282,Event,93
A02282,Product Page,145
A02282,Webinar,123
A02282,Webinar,96
A02283,Webinar,110
A02283,Website,103
A02283,Event,118
A02283,Campaign,150
A02283,Webinar,73
A02283,Website,1
A02284,Event,90
A02284,Campaign,134
A02284,Event,153
A02284,Campaign,130
A02284,Event,178
A02284,Campaign,186
A02284,Event,199
A02284,Webinar,169
A02284,Event,14
A02284,Website,186
A02284,Webinar,207
A02284,Event,72
A02284,Campaign,117
A02284,Campaign,2
A02284,Product Page,137
A02284,Campaign,99
A02285,Website,70
A02285,Webinar,56
A02285,Campaign,246
A02285,Webinar,134
A02285,Product Page,90
A02286,Event,97
A02286,Product Page,156
A02286,Campaign,104
A02286,Campaign,59
A02286,Product Page,25
A02286,Product Page,198
A02286,Website,139
A02286,Event,65
A02286,Product Page,205
A02286,Webinar,177
A02286,Campaign,146
A02286,Website,123
A02286,Event,56
A02286,Event,131
A02286,Webinar,159
A02286,Campaign,22
A02287,Website,156
A02287,Webinar,130
A02287,Campaign,138
A02287,Campaign,284
A02287,Event,218
A02287,Website,145
A02287,Webinar,161
A02287,Campaign,204
A02287,Event,64
A02287,Webinar,150
A02287,Product Page,42
A02287,Campaign,123
A02287,Website,126
A02287,Product Page,194
A02287,Product Page,165
A02288,Event,111
A02288,Product Page,54
A02288,Website,157
A02288,Webinar,28
A02288,Website,92
A02288,Webinar,131
A02288,Product Page,106
A02288,Campaign,82
A02288,Webinar,241
A02288,Product Page,121
A02288,Webinar,140
A02289,Event,179
A02289,Webinar,83
A02289,Campaign,162
A02289,Webinar,1
A02289,Webinar,33
A02289,Webinar,229
A02289,Website,77
A02290,Campaign,48
A02290,Webinar,120
A02290,Campaign,140
A02290,Campaign,191
A02290,Webinar,191
A02290,Event,175
A02290,Campaign,157
A02290,Campaign,154
A02290,Product Page,71
A02290,Webinar,54
A02290,Website,190
A02291,Campaign,126
A02291,Website,175
A02291,Event,96
A02291,Website,135
A02291,Product Page,98
A02291,Website,365
A02291,Product Page,27
A02291,Website,63
A02291,Webinar,282
A02291,Website,66
A02292,Website,152
A02292,Product Page,1
A02292,Event,248
A02292,Product Page,66
A02292,Campaign,106
A02292,Website,135
A02293,Product Page,79
A02293,Webinar,170
A02293,Campaign,72
A02293,Event,58
A02293,Campaign,107
A02293,Event,146
A02293,Product Page,184
A02294,Campaign,75
A02294,Event,12
A02294,Campaign,157
A02294,Campaign,172
A02294,Campaign,5
A02294,Product Page,84
A02294,Campaign,164
A02295,Website,149
A02295,Campaign,263
A02295,Event,117
A02295,Product Page,92
A02295,Website,171
A02295,Campaign,217
A02295,Event,115
A02295,Website,150
A02296,Product Page,92
A02296,Event,125
A02296,Product Page,208
A02296,Webinar,193
A02296,Webinar,149
A02296,Webinar,165
A02296,Webinar,128
A02296,Website,51
A02296,Webinar,120
A02296,Product Page,1
A02296,Campaign,211
A02297,Website,59
A02297,Campaign,129
A02297,Product Page,36
A02297,Event,7
A02297,Event,4
A02297,Campaign,53
A02297,Product Page,20
A02297,Campaign,59
A02297,Website,82
A02297,Campaign,142
A02297,Event,175
A02297,Website,85
A02297,Campaign,95
A02297,Webinar,80
A02297,Webinar,190
A02297,Product Page,221
A02298,Website,143
A02298,Webinar,72
A02298,Website,92
A02298,Campaign,69
A02298,Website,237
A02299,Webinar,199
A02299,Website,296
A02299,Webinar,277
A02300,Product Page,218
A02300,Website,128
A02300,Product Page,97
A02300,Event,118
A02300,Website,1
A02300,Event,145
A02300,Webinar,103
A02300,Product Page,116
A02300,Website,101
A02300,Event,126
A02300,Product Page,33
A02301,Campaign,123
A02301,Website,92
A02301,Website,23
A02301,Campaign,103
A02301,Campaign,277
A02301,Event,96
A02301,Webinar,44
A02301,Campaign,110
A02301,Website,35
A02301,Product Page,92
A02302,Campaign,166
A02302,Webinar,118
A02302,Product Page,228
A02302,Product Page,194
A02303,Campaign,116
A02303,Webinar,23
A02303,Webinar,104
A02303,Website,127
A02303,Product Page,94
A02303,Event,116
A02304,Website,266
A02304,Campaign,52
A02304,Campaign,112
A02304,Product Page,230
A02304,Event,93
A02305,Webinar,87
A02305,Product Page,65
A02305,Webinar,1
A02305,Website,29
A02305,Webinar,104
A02305,Website,129
A02305,Website,66
A02305,Event,54
A02305,Webinar,74
A02305,Campaign,13
A02305,Campaign,1
A02305,Campaign,71
A02305,Campaign,21
A02305,Campaign,111
A02305,Webinar,22
A02305,Website,117
A02305,Campaign,72
A02305,Product Page,28
A02305,Website,132
A02305,Event,1
A02306,Event,174
A02306,Campaign,248
A02306,Product Page,146
A02306,Campaign,58
A02306,Webinar,56
A02306,Product Page,121
A02306,Website,89
A02306,Product Page,184
A02306,Event,214
A02306,Product Page,133
A02306,Product Page,255
A02306,Event,144
A02306,Webinar,122
A02306,Event,126
A02306,Event,216
A02306,Event,133
A02307,Webinar,85
A02307,Website,138
A02307,Website,274
A02307,Website,111
A02307,Website,26
A02307,Campaign,28
A02307,Webinar,73
A02307,Website,163
A02307,Webinar,78
A02308,Event,105
A02308,Event,42
A02308,Website,313
A02308,Product Page,131
A02308,Campaign,42
A02308,Webinar,154
A02308,Event,46
A02309,Product Page,167
A02309,Website,10
A02309,Campaign,97
A02309,Webinar,126
A02309,Website,83
A02309,Event,108
A02309,Webinar,23
A02309,Website,34
A02309,Product Page,4
A02309,Event,62
A02309,Campaign,76
A02309,Webinar,84
A02309,Product Page,177
A02310,Website,148
A02310,Product Page,52
A02310,Website,15
A02310,Product Page,184
A02310,Website,141
A02310,Event,73
A02310,Event,147
A02310,Product Page,136
A02310,Event,67
A02310,Event,1
A02310,Campaign,100
A02310,Webinar,80
A02310,Campaign,1
A02311,Event,2
A02311,Website,6
A02311,Website,1
A02311,Product Page,1
A02311,Webinar,80
A02311,Campaign,121
A02311,Product Page,141
A02311,Website,151
A02311,Event,77
A02311,Campaign,139
A02311,Webinar,29
A02312,Webinar,154
A02312,Website,144
A02312,Webinar,52
A02312,Product Page,31
A02312,Event,26
A02312,Webinar,149
A02312,Event,160
A02313,Product Page,95
A02313,Event,105
A02313,Webinar,113
A02313,Website,135
A02313,Event,14
A02313,Campaign,158
A02313,Event,44
A02314,Website,141
A02314,Campaign,167
A02314,Event,149
A02315,Campaign,73
A02315,Event,109
A02315,Website,145
A02315,Product Page,164
A02315,Product Page,156
A02315,Webinar,1
A02315,Website,122
A02315,Event,96
A02315,Website,68
A02315,Product Page,118
A02315,Campaign,38
A02315,Webinar,133
A02315,Event,1
A02315,Event,126
A02315,Event,72
A02315,Webinar,1
A02315,Event,149
A02315,Webinar,132
A02316,Product Page,1
A02316,Event,218
A02316,Website,1
A02316,Product Page,136
A02316,Webinar,181
A02316,Product Page,26
A02316,Event,156
A02317,Event,192
A02317,Product Page,174
A02317,Webinar,62
A02317,Website,133
A02317,Website,158
A02317,Campaign,86
A02317,Campaign,52
A02317,Campaign,203
A02317,Event,220
A02317,Event,132
A02317,Webinar,96
A02317,Website,25
A02317,Product Page,21
A02318,Webinar,121
A02318,Product Page,1
A02318,Website,134
A02318,Event,99
A02318,Website,127
A02318,Webinar,95
A02318,Webinar,69
A02318,Website,68
A02318,Product Page,153
A02318,Website,161
A02319,Campaign,243
A02319,Campaign,139
A02319,Webinar,180
A02319,Campaign,88
A02319,Product Page,59
A02319,Campaign,20
A02319,Product Page,147
A02320,Webinar,176
A02320,Campaign,189
A02320,Product Page,186
A02320,Campaign,273
A02320,Campaign,252
A02321,Product Page,91
A02321,Webinar,204
A02321,Product Page,143
A02321,Webinar,155
A02321,Webinar,126
A02321,Event,189
A02321,Webinar,190
A02321,Webinar,72
A02321,Event,114
A02322,Product Page,192
A02322,Webinar,53
A02322,Event,84
A02322,Product Page,80
A02322,Product Page,249
A02323,Campaign,99
A02323,Campaign,1
A02323,Event,148
A02323,Webinar,1
A02323,Product Page,166
A02323,Campaign,48
A02323,Event,73
A02323,Campaign,166
A02323,Webinar,80
A02323,Campaign,73
A02324,Webinar,39
A02324,Webinar,160
A02324,Campaign,1
A02324,Campaign,21
A02324,Campaign,55
A02324,Product Page,1
A02324,Event,104
A02324,Product Page,157
A02324,Event,103
A02324,Webinar,1
A02324,Event,96
A02324,Product Page,25
A02324,Event,35
A02324,Campaign,116
A02324,Campaign,132
A02324,Product Page,14
A02324,Product Page,168
A02324,Website,65
A02324,Product Page,15
A02324,Product Page,74
A02325,Webinar,25
A02325,Webinar,174
A02325,Webinar,166
A02325,Webinar,101
A02325,Campaign,74
A02325,Product Page,98
A02325,Website,172
A02325,Product Page,174
A02325,Event,162
A02325,Product Page,104
A02325,Campaign,165
A02325,Campaign,78
A02325,Webinar,91
A02325,Webinar,189
A02325,Webinar,159
A02326,Product Page,199
A02326,Event,262
A02326,Webinar,244
A02326,Campaign,68
A02326,Event,211
A02326,Product Page,181
A02326,Event,182
A02326,Product Page,216
A02326,Product Page,143
A02327,Website,117
A02327,Webinar,11
A02327,Product Page,213
A02327,Product Page,193
A02327,Event,198
A02327,Website,144
A02328,Webinar,1
A02328,Website,103
A02328,Webinar,136
A02328,Webinar,155
A02328,Event,146
A02328,Product Page,46
A02328,Website,103
A02328,Product Page,15
A02328,Product Page,135
A02328,Website,1
A02328,Campaign,77
A02328,Campaign,200
A02328,Campaign,202
A02329,Event,164
A02329,Event,101
A02329,Website,153
A02329,Webinar,97
A02329,Product Page,143
A02329,Product Page,89
A02329,Webinar,42
A02329,Event,146
A02329,Product Page,13
A02329,Webinar,135
A02330,Website,79
A02330,Product Page,139
A02331,Website,82
A02331,Campaign,75
A02331,Webinar,123
A02331,Product Page,31
A02331,Website,201
A02331,Webinar,100
A02331,Campaign,153
A02331,Website,179
A02331,Event,222
A02332,Webinar,119
A02332,Product Page,64
A02332,Campaign,1
A02332,Campaign,192
A02332,Webinar,1
A02332,Event,1
A02332,Event,104
A02332,Website,66
A02332,Webinar,58
A02333,Campaign,1
A02333,Webinar,224
A02333,Website,236
A02333,Campaign,58
A02333,Event,205
A02333,Webinar,137
A02333,Campaign,99
A02333,Event,35
A02333,Campaign,13
A02333,Campaign,199
A02333,Event,70
A02333,Website,157
A02333,Website,78
A02334,Product Page,81
A02334,Website,147
A02334,Product Page,124
A02334,Event,156
A02335,Event,78
A02335,Event,103
A02335,Webinar,111
A02335,Website,74
A02335,Webinar,162
A02335,Event,23
A02336,Website,92
A02336,Event,30
A02336,Product Page,19
A02336,Website,145
A02336,Website,43
A02336,Website,71
A02336,Website,129
A02336,Event,104
A02336,Event,66
A02336,Website,110
A02337,Campaign,114
A02337,Campaign,170
A02337,Website,104
A02337,Webinar,144
A02337,Product Page,138
A02337,Campaign,157
A02337,Webinar,148
A02337,Campaign,25
A02337,Website,75
A02337,Campaign,64
A02337,Website,1
A02337,Event,72
A02337,Product Page,160
A02338,Product Page,7
A02338,Event,173
A02338,Website,141
A02338,Event,105
A02338,Event,64
A02338,Event,199
A02338,Product Page,86
A02338,Event,76
A02339,Webinar,173
A02339,Event,134
A02339,Event,25
A02339,Product Page,22
A02339,Product Page,110
A02339,Event,110
A02339,Webinar,32
A02339,Event,100
A02339,Website,85
A02339,Product Page,30
A02339,Website,71
A02340,Campaign,97
A02340,Event,125
A02340,Website,211
A02340,Webinar,82
A02340,Product Page,88
A02340,Event,181
A02340,Event,184
A02341,Product Page,240
A02341,Event,228
A02342,Webinar,162
A02342,Website,271
A02342,Webinar,183
A02343,Webinar,81
A02343,Webinar,76
A02343,Website,4
A02343,Event,70
A02343,Website,61
A02343,Product Page,108
A02344,Event,72
A02344,Webinar,84
A02344,Event,164
A02344,Webinar,82
A02344,Campaign,195
A02344,Event,70
A02344,Website,23
A02344,Product Page,159
A02344,Event,118
A02344,Website,57
A02344,Product Page,16
A02344,Webinar,256
A02345,Product Page,143
A02345,Event,22
A02345,Product Page,301
A02345,Webinar,48
A02345,Event,153
A02345,Campaign,19
A02345,Website,46
A02345,Event,125
A02345,Webinar,196
A02345,Campaign,132
A02345,Campaign,99
A02345,Website,1
A02345,Website,107
A02345,Campaign,113
A02345,Product Page,168
A02346,Campaign,172
A02346,Product Page,135
A02346,Webinar,173
A02346,Product Page,139
A02346,Product Page,115
A02346,Website,214
A02346,Campaign,10
A02346,Campaign,101
A02346,Campaign,116
A02346,Product Page,156
A02346,Website,152
A02346,Website,57
A02347,Product Page,184
A02347,Event,143
A02347,Product Page,218
A02347,Webinar,198
A02347,Webinar,293
A02347,Campaign,1
A02348,Product Page,1
A02348,Website,83
A02348,Webinar,194
A02348,Website,14
A02348,Product Page,133
A02348,Website,97
A02348,Webinar,136
A02348,Event,251
A02348,Product Page,84
A02348,Webinar,64
A02348,Product Page,40
A02348,Campaign,94
A02348,Campaign,143
A02349,Event,22
A02349,Event,54
A02349,Event,57
A02349,Website,88
A02349,Campaign,27
A02349,Webinar,51
A02349,Product Page,98
A02349,Product Page,101
A02349,Product Page,35
A02349,Product Page,76
A02349,Webinar,211
A02349,Campaign,8
A02349,Webinar,25
A02349,Product Page,1
A02350,Event,111
A02350,Event,121
A02350,Webinar,54
A02350,Product Page,180
A02350,Webinar,169
A02350,Campaign,128
A02350,Product Page,1
A02350,Webinar,212
A02350,Webinar,51
A02350,Webinar,120
A02350,Website,132
A02350,Website,149
A02350,Campaign,112
A02350,Webinar,1
A02350,Campaign,27
A02350,Campaign,122
A02351,Product Page,83
A02351,Website,107
A02351,Campaign,116
A02351,Product Page,1
A02351,Campaign,115
A02351,Event,73
A02351,Product Page,32
A02351,Website,94
A02352,Webinar,66
A02352,Event,123
A02352,Campaign,39
A02352,Website,72
A02352,Campaign,57
A02352,Webinar,110
A02352,Event,29
A02352,Campaign,1
A02352,Website,49
A02352,Webinar,130
A02353,Product Page,1
A02353,Event,37
A02353,Campaign,159
A02353,Website,97
A02353,Event,147
A02353,Campaign,41
A02353,Product Page,1
A02353,Website,108
A02353,Event,1
A02353,Campaign,60
A02353,Event,164
A02353,Product Page,24
A02353,Product Page,129
A02353,Webinar,19
A02354,Event,164
A02354,Webinar,101
A02354,Website,188
A02354,Website,170
A02354,Website,125
A02354,Webinar,82
A02354,Event,1
A02354,Campaign,93
A02354,Event,137
A02354,Product Page,194
A02354,Event,150
A02354,Website,248
A02354,Website,73
A02354,Product Page,68
A02355,Product Page,80
A02355,Event,62
A02355,Webinar,201
A02355,Website,107
A02355,Product Page,82
A02355,Event,253
A02355,Event,194
A02355,Campaign,183
A02355,Product Page,206
A02355,Product Page,62
A02355,Website,177
A02356,Campaign,101
A02356,Website,116
A02356,Event,172
A02356,Webinar,180
A02356,Event,112
A02356,Product Page,109
A02356,Product Page,160
A02356,Website,1
A02357,Campaign,137
A02357,Webinar,43
A02357,Campaign,210
A02357,Event,78
A02357,Campaign,129
A02357,Campaign,60
A02357,Webinar,130
A02357,Product Page,81
A02357,Event,198
A02357,Website,145
A02358,Product Page,166
A02358,Webinar,1
A02358,Campaign,91
A02359,Product Page,173
A02359,Website,206
A02359,Product Page,108
A02359,Product Page,4
A02359,Product Page,194
A02359,Webinar,1
A02359,Product Page,9
A02359,Campaign,220
A02359,Campaign,85
A02360,Webinar,129
A02360,Event,142
A02360,Product Page,90
A02360,Event,153
A02360,Webinar,150
A02360,Product Page,1
A02360,Website,183
A02360,Webinar,142
A02360,Website,65
A02360,Event,127
A02360,Website,182
A02360,Website,101
A02360,Event,101
A02361,Product Page,57
A02361,Campaign,134
A02361,Campaign,1
A02361,Campaign,9
A02361,Campaign,1
A02361,Campaign,43
A02361,Campaign,12
A02361,Event,48
A02361,Webinar,57
A02362,Product Page,83
A02362,Event,107
A02362,Website,110
A02362,Webinar,160
A02362,Campaign,89
A02362,Event,222
A02363,Product Page,67
A02363,Event,33
A02363,Webinar,125
A02363,Event,103
A02363,Event,48
A02363,Campaign,177
A02364,Website,95
A02364,Webinar,228
A02364,Product Page,1
A02364,Website,1
A02364,Product Page,152
A02364,Webinar,76
A02364,Event,125
A02364,Event,64
A02365,Product Page,70
A02365,Campaign,234
A02365,Webinar,143
A02365,Event,30
A02365,Webinar,138
A02365,Campaign,200
A02365,Website,196
A02366,Webinar,55
A02366,Website,6
A02366,Campaign,109
A02366,Event,75
A02366,Website,140
A02366,Event,208
A02366,Event,29
A02367,Event,80
A02367,Event,204
A02367,Product Page,67
A02367,Webinar,124
A02367,Campaign,113
A02367,Webinar,1
A02367,Website,1
A02367,Webinar,89
A02367,Product Page,33
A02367,Webinar,166
A02367,Website,148
A02367,Product Page,190
A02367,Campaign,63
A02367,Website,34
A02367,Webinar,135
A02367,Website,1
A02367,Webinar,45
A02368,Campaign,161
A02368,Campaign,13
A02368,Webinar,55
A02368,Product Page,118
A02368,Product Page,10
A02368,Website,147
A02368,Website,36
A02368,Campaign,37
A02368,Product Page,1
A02368,Event,1
A02368,Event,145
A02368,Event,126
A02368,Product Page,136
A02368,Campaign,188
A02368,Website,1
A02369,Event,122
A02369,Website,56
A02369,Campaign,163
A02369,Website,141
A02369,Campaign,246
A02369,Webinar,57
A02370,Campaign,88
A02370,Webinar,240
A02370,Webinar,192
A02370,Webinar,8
A02370,Product Page,81
A02370,Webinar,161
A02370,Event,156
A02370,Event,35
A02370,Event,152
A02370,Event,183
A02370,Website,125
A02370,Event,229
A02370,Webinar,212
A02370,Campaign,216
A02371,Event,1
A02371,Product Page,1
A02371,Product Page,78
A02371,Webinar,27
A02371,Website,1
A02371,Website,66
A02371,Product Page,49
A02371,Event,22
A02371,Website,121
A02371,Product Page,161
A02371,Campaign,33
A02371,Webinar,134
A02371,Webinar,116
A02371,Event,68
A02371,Product Page,45
A02371,Product Page,54
A02371,Product Page,92
A02371,Webinar,187
A02371,Product Page,78
A02371,Product Page,102
A02371,Webinar,1
A02371,Website,1
A02371,Website,166
A02371,Campaign,125
A02371,Product Page,9
A02371,Event,81
A02372,Webinar,7
A02372,Website,95
A02372,Webinar,80
A02372,Webinar,21
A02372,Webinar,61
A02372,Event,40
A02372,Campaign,108
A02372,Campaign,222
A02372,Website,193
A02372,Webinar,129
A02372,Product Page,1
A02373,Campaign,94
A02373,Website,84
A02373,Campaign,87
A02373,Event,131
A02373,Event,47
A02373,Webinar,114
A02374,Event,154
A02374,Webinar,42
A02374,Website,134
A02374,Product Page,149
A02374,Event,45
A02374,Website,47
A02374,Event,123
A02374,Product Page,158
A02375,Product Page,29
A02375,Campaign,112
A02375,Event,141
A02375,Website,12
A02375,Website,4
A02375,Campaign,73
A02375,Campaign,1
A02376,Webinar,1
A02376,Webinar,187
A02376,Website,117
A02376,Website,73
A02376,Webinar,66
A02376,Campaign,206
A02376,Website,40
A02376,Campaign,95
A02376,Product Page,1
A02377,Product Page,231
A02377,Campaign,93
A02377,Event,223
A02377,Webinar,95
A02377,Website,162
A02377,Event,122
A02378,Website,1
A02378,Website,48
A02378,Product Page,143
A02378,Event,58
A02378,Website,139
A02378,Website,47
A02378,Product Page,51
A02378,Website,153
A02379,Webinar,105
A02379,Webinar,55
A02379,Campaign,66
A02379,Webinar,1
A02379,Event,134
A02379,Webinar,103
A02379,Product Page,5
A02380,Website,131
A02380,Website,164
A02380,Website,236
A02380,Website,142
A02380,Webinar,276
A02380,Product Page,232
A02380,Campaign,185
A02380,Product Page,181
A02380,Website,138
A02380,Webinar,113
A02380,Event,245
A02381,Website,123
A02381,Webinar,138
A02381,Website,117
A02381,Campaign,184
A02381,Website,295
A02381,Webinar,188
A02381,Event,152
A02381,Product Page,147
A02381,Webinar,173
A02381,Event,168
A02381,Website,155
A02381,Event,92
A02382,Campaign,40
A02382,Campaign,59
A02382,Product Page,188
A02382,Product Page,1
A02382,Campaign,18
A02382,Website,1
A02382,Webinar,80
A02382,Website,127
A02383,Product Page,194
A02383,Campaign,238
A02383,Campaign,146
A02383,Campaign,272
A02383,Webinar,162
A02383,Product Page,46
A02383,Webinar,88
A02383,Campaign,309
A02383,Website,92
A02384,Website,32
A02384,Webinar,104
A02384,Website,149
A02384,Product Page,192
A02384,Webinar,96
A02384,Product Page,134
A02384,Event,39
A02384,Event,223
A02384,Event,159
A02384,Webinar,138
A02385,Website,4
A02385,Website,146
A02385,Campaign,155
A02385,Product Page,1
A02385,Website,90
A02385,Campaign,76
A02385,Website,158
A02385,Product Page,45
A02385,Event,179
A02385,Website,134
A02386,Event,174
A02386,Website,63
A02386,Website,149
A02386,Campaign,174
A02386,Website,98
A02387,Webinar,80
A02387,Webinar,215
A02388,Event,187
A02388,Website,186
A02388,Product Page,51
A02388,Product Page,177
A02388,Campaign,186
A02388,Product Page,121
A02389,Product Page,1
A02389,Webinar,30
A02389,Product Page,57
A02389,Campaign,1
A02389,Event,1
A02389,Website,153
A02389,Website,171
A02389,Website,97
A02389,Event,1
A02389,Webinar,77
A02389,Campaign,145
A02389,Website,28
A02390,Webinar,4
A02390,Event,66
A02390,Product Page,153
A02390,Webinar,240
A02390,Website,168
A02390,Webinar,1
A02390,Product Page,90
A02390,Website,267
A02390,Campaign,78
A02390,Product Page,187
A02391,Webinar,46
A02391,Event,147
A02391,Website,119
A02391,Website,68
A02391,Webinar,17
A02391,Campaign,88
A02391,Campaign,199
A02391,Product Page,91
A02391,Event,149
A02392,Campaign,134
A02392,Webinar,101
A02392,Campaign,143
A02392,Webinar,197
A02392,Campaign,292
A02392,Webinar,212
A02392,Website,236
A02392,Website,226
A02392,Product Page,202
A02392,Webinar,186
A02392,Webinar,166
A02392,Campaign,286
A02392,Event,58
A02392,Campaign,155
A02393,Campaign,213
A02393,Webinar,123
A02393,Webinar,74
A02393,Website,150
A02393,Website,134
A02393,Campaign,87
A02393,Product Page,136
A02393,Product Page,103
A02393,Event,243
A02393,Website,55
A02393,Campaign,118
A02393,Event,110
A02393,Campaign,225
A02393,Campaign,210
A02393,Webinar,62
A02394,Event,1
A02394,Website,116
A02394,Webinar,90
A02394,Webinar,117
A02394,Website,218
A02394,Website,56
A02394,Campaign,57
A02394,Campaign,80
A02394,Event,63
A02394,Webinar,33
A02394,Product Page,41
A02395,Event,188
A02395,Event,1
A02395,Product Page,210
A02395,Product Page,49
A02395,Product Page,138
A02395,Campaign,197
A02395,Website,165
A02395,Webinar,256
A02395,Website,223
A02395,Webinar,230
A02395,Product Page,1
A02396,Webinar,106
A02396,Event,91
A02396,Event,106
A02396,Webinar,134
A02396,Event,145
A02396,Webinar,170
A02396,Campaign,15
A02396,Product Page,145
A02396,Webinar,79
A02397,Campaign,82
A02397,Campaign,1
A02397,Event,134
A02397,Website,81
A02397,Webinar,234
A02398,Campaign,162
A02398,Webinar,97
A02398,Event,82
A02398,Website,142
A02398,Webinar,87
A02398,Product Page,207
A02398,Product Page,39
A02398,Campaign,121
A02399,Webinar,105
A02399,Webinar,198
A02399,Campaign,95
A02399,Website,135
A02399,Product Page,186
A02399,Product Page,186
A02399,Website,136
A02399,Campaign,129
A02400,Campaign,6
A02400,Webinar,73
A02400,Event,147
A02400,Event,1
A02400,Product Page,93
A02401,Product Page,141
A02401,Event,156
A02401,Event,197
A02401,Website,103
A02402,Campaign,79
A02402,Webinar,202
A02402,Website,166
A02402,Event,140
A02402,Event,111
A02402,Event,105
A02402,Product Page,122
A02402,Product Page,176
A02402,Event,64
A02403,Product Page,233
A02403,Webinar,1
A02403,Webinar,246
A02403,Webinar,119
A02403,Website,138
A02403,Product Page,135
A02403,Website,151
A02403,Website,123
A02403,Campaign,289
A02403,Campaign,79
A02404,Webinar,81
A02404,Webinar,133
A02404,Website,49
A02404,Website,90
A02404,Website,180
A02404,Event,84
A02404,Event,189
A02404,Campaign,211
A02404,Event,248
A02404,Event,136
A02405,Product Page,75
A02405,Product Page,75
A02405,Webinar,152
A02405,Product Page,149
A02405,Campaign,151
A02405,Website,270
A02405,Website,213
A02405,Webinar,105
A02405,Event,251
A02405,Website,195
A02405,Campaign,32
A02405,Campaign,122
A02406,Campaign,29
A02406,Event,120
A02406,Website,230
A02406,Campaign,213
A02406,Webinar,39
A02406,Product Page,53
A02406,Webinar,103
A02406,Product Page,1
A02407,Website,219
A02407,Webinar,153
A02407,Product Page,104
A02407,Website,138
A02407,Event,97
A02407,Webinar,54
A02407,Website,81
A02407,Campaign,85
A02407,Product Page,195
A02407,Event,133
A02407,Website,152
A02408,Product Page,112
A02408,Campaign,161
A02408,Product Page,1
A02408,Website,199
A02409,Website,30
A02409,Campaign,204
A02409,Product Page,251
A02409,Event,143
A02410,Event,196
A02410,Webinar,90
A02410,Event,63
A02410,Webinar,150
A02410,Campaign,191
A02410,Product Page,259
A02410,Campaign,257
A02410,Webinar,88
A02410,Website,15
A02410,Webinar,162
A02411,Website,95
A02411,Website,143
A02411,Campaign,230
A02411,Product Page,40
A02411,Event,171
A02411,Webinar,19
A02411,Website,221
A02411,Webinar,168
A02412,Webinar,95
A02412,Event,65
A02412,Campaign,115
A02412,Campaign,36
A02412,Website,7
A02412,Campaign,64
A02412,Event,164
A02412,Website,144
A02412,Website,45
A02412,Webinar,85
A02412,Campaign,58
A02412,Product Page,3
A02413,Product Page,73
A02413,Campaign,148
A02413,Website,277
A02413,Event,50
A02413,Webinar,134
A02413,Campaign,140
A02413,Webinar,190
A02413,Product Page,186
A02413,Campaign,166
A02413,Product Page,214
A02413,Campaign,133
A02413,Product Page,96
A02413,Webinar,97
A02413,Product Page,239
A02414,Campaign,74
A02414,Webinar,86
A02414,Website,129
A02414,Event,171
A02414,Campaign,177
A02414,Product Page,53
A02414,Product Page,127
A02414,Product Page,74
A02414,Webinar,319
A02415,Campaign,164
A02415,Webinar,133
A02415,Product Page,10
A02415,Webinar,49
A02415,Product Page,144
A02415,Campaign,105
A02415,Event,165
A02415,Webinar,91
A02415,Event,238
A02415,Campaign,77
A02415,Product Page,93
A02415,Product Page,124
A02416,Event,126
A02416,Event,202
A02416,Website,44
A02416,Campaign,103
A02416,Webinar,1
A02416,Product Page,50
A02416,Event,145
A02416,Event,122
A02416,Website,1
A02416,Campaign,190
A02416,Website,30
A02416,Webinar,154
A02417,Event,88
A02417,Webinar,87
A02417,Website,1
A02417,Campaign,91
A02417,Webinar,13
A02417,Campaign,127
A02417,Campaign,155
A02417,Campaign,114
A02417,Event,174
A02417,Event,1
A02417,Product Page,82
A02417,Product Page,1
A02417,Product Page,150
A02417,Product Page,59
A02417,Webinar,137
A02417,Campaign,92
A02417,Event,1
A02418,Product Page,85
A02418,Campaign,245
A02418,Product Page,116
A02418,Event,100
A02418,Campaign,181
A02418,Product Page,194
A02419,Webinar,27
A02419,Event,17
A02419,Webinar,162
A02419,Event,41
A02419,Event,69
A02419,Webinar,172
A02419,Event,101
A02419,Webinar,76
A02419,Website,88
A02419,Campaign,27
A02420,Campaign,138
A02420,Campaign,98
A02420,Website,150
A02420,Webinar,156
A02420,Website,45
A02420,Campaign,151
A02420,Event,29
A02420,Event,163
A02421,Website,28
A02421,Website,111
A02421,Website,76
A02421,Event,241
A02421,Campaign,149
A02421,Campaign,52
A02422,Webinar,1
A02422,Webinar,40
A02422,Webinar,193
A02422,Webinar,37
A02422,Campaign,30
A02422,Event,1
A02422,Event,220
A02422,Product Page,80
A02422,Product Page,121
A02422,Website,127
A02422,Website,27
A02422,Webinar,82
A02422,Website,153
A02422,Product Page,37
A02422,Product Page,55
A02422,Campaign,49
A02422,Campaign,92
A02423,Event,1
A02423,Webinar,125
A02423,Campaign,1
A02423,Webinar,129
A02423,Event,1
A02423,Event,1
A02423,Product Page,186
A02424,Campaign,1
A02424,Campaign,160
A02424,Campaign,22
A02424,Event,52
A02424,Webinar,199
A02424,Webinar,92
A02424,Product Page,1
A02424,Webinar,1
A02424,Website,56
A02424,Webinar,162
A02424,Website,114
A02424,Website,44
A02424,Product Page,136
A02424,Product Page,131
A02425,Website,182
A02425,Product Page,87
A02425,Product Page,109
A02425,Campaign,121
A02425,Product Page,114
A02425,Product Page,138
A02425,Website,168
A02425,Webinar,98
A02425,Product Page,82
A02425,Product Page,112
A02425,Website,129
A02425,Campaign,88
A02425,Webinar,45
A02425,Webinar,116
A02425,Webinar,267
A02425,Website,110
A02425,Event,1
A02425,Event,225
A02426,Webinar,276
A02426,Product Page,69
A02426,Product Page,112
A02426,Product Page,26
A02426,Event,186
A02427,Webinar,82
A02427,Campaign,148
A02427,Webinar,125
A02427,Webinar,67
A02427,Campaign,242
A02427,Website,132
A02427,Webinar,100
A02427,Product Page,1
A02427,Website,109
A02427,Event,20
A02427,Webinar,257
A02427,Webinar,113
A02427,Webinar,144
A02427,Product Page,252
A02428,Website,282
A02428,Product Page,88
A02428,Campaign,117
A02429,Webinar,34
A02429,Campaign,1
A02429,Website,124
A02429,Event,61
A02429,Campaign,111
A02429,Website,98
A02429,Campaign,111
A02429,Website,11
A02429,Website,62
A02429,Event,44
A02429,Campaign,100
A02430,Event,124
A02430,Event,90
A02430,Website,79
A02430,Website,33
A02430,Website,1
A02430,Webinar,98
A02430,Website,127
A02430,Webinar,81
A02431,Product Page,157
A02431,Product Page,130
A02431,Website,149
A02431,Campaign,198
A02431,Campaign,173
A02431,Website,88
A02431,Webinar,149
A02431,Website,129
A02431,Campaign,36
A02432,Product Page,119
A02432,Website,155
A02432,Event,189
A02432,Website,56
A02432,Product Page,200
A02432,Event,77
A02432,Campaign,130
A02432,Event,159
A02432,Campaign,92
A02432,Product Page,100
A02432,Website,154
A02432,Website,45
A02433,Campaign,113
A02433,Event,1
A02433,Campaign,160
A02433,Website,33
A02433,Event,94
A02433,Event,62
A02433,Product Page,156
A02433,Event,151
A02433,Webinar,1
A02433,Campaign,129
A02433,Event,117
A02433,Campaign,151
A02434,Event,121
A02434,Webinar,225
A02434,Website,1
A02434,Campaign,1
A02434,Webinar,36
A02434,Webinar,1
A02434,Event,152
A02434,Webinar,140
A02434,Webinar,1
A02434,Webinar,10
A02434,Webinar,54
A02434,Campaign,1
A02435,Campaign,95
A02435,Website,151
A02435,Webinar,174
A02435,Product Page,40
A02435,Campaign,241
A02435,Product Page,80
A02435,Event,171
A02435,Webinar,204
A02435,Event,144
A02435,Product Page,120
A02435,Webinar,175
A02435,Webinar,191
A02435,Website,137
A02436,Campaign,17
A02436,Campaign,116
A02436,Campaign,137
A02436,Webinar,93
A02436,Event,14
A02436,Event,1
A02436,Webinar,1
A02436,Website,20
A02436,Campaign,142
A02437,Event,104
A02437,Webinar,118
A02437,Product Page,70
A02437,Website,176
A02437,Product Page,117
A02437,Event,94
A02437,Webinar,230
A02437,Webinar,168
A02437,Campaign,246
A02437,Campaign,187
A02437,Webinar,141
A02438,Product Page,103
A02438,Campaign,43
A02438,Event,111
A02438,Product Page,173
A02438,Campaign,216
A02438,Website,200
A02439,Event,243
A02439,Website,136
A02439,Webinar,85
A02439,Webinar,137
A02439,Event,264
A02439,Website,158
A02439,Website,168
A02439,Event,67
A02439,Event,195
A02439,Website,136
A02440,Website,73
A02440,Campaign,1
A02440,Website,50
A02440,Event,1
A02440,Webinar,1
A02440,Event,165
A02440,Website,1
A02440,Product Page,104
A02441,Webinar,130
A02441,Webinar,244
A02441,Product Page,249
A02441,Website,159
A02441,Webinar,250
A02441,Event,181
A02442,Product Page,131
A02442,Event,171
A02442,Website,70
A02442,Campaign,72
A02442,Product Page,200
A02442,Product Page,155
A02442,Event,1
A02442,Website,11
A02442,Event,156
A02442,Webinar,34
A02443,Event,136
A02443,Product Page,72
A02443,Website,206
A02443,Webinar,61
A02443,Campaign,185
A02443,Website,94
A02443,Webinar,103
A02443,Website,143
A02443,Campaign,180
A02443,Campaign,73
A02443,Website,117
A02444,Event,140
A02444,Website,100
A02444,Product Page,131
A02444,Event,57
A02444,Website,218
A02444,Product Page,1
A02444,Campaign,123
A02445,Product Page,141
A02445,Product Page,1
A02445,Webinar,109
A02445,Campaign,48
A02445,Website,1
A02445,Product Page,105
A02445,Campaign,93
A02446,Website,185
A02446,Webinar,64
A02446,Event,39
A02446,Website,101
A02446,Event,159
A02446,Webinar,104
A02446,Website,66
A02446,Webinar,161
A02447,Webinar,155
A02447,Campaign,174
A02447,Event,243
A02447,Campaign,57
A02447,Campaign,61
A02447,Website,165
A02447,Campaign,225
A02447,Event,141
A02447,Webinar,128
A02448,Website,261
A02448,Campaign,126
A02448,Webinar,216
A02448,Event,173
A02448,Webinar,142
A02448,Website,151
A02448,Product Page,82
A02448,Webinar,12
A02448,Product Page,247
A02448,Product Page,178
A02449,Website,143
A02449,Webinar,136
A02449,Event,51
A02449,Event,2
A02449,Webinar,233
A02449,Event,172
A02449,Event,105
A02449,Website,224
A02450,Product Page,176
A02450,Website,100
A02450,Event,205
A02450,Event,108
A02450,Event,140
A02450,Campaign,55
A02450,Product Page,224
A02450,Product Page,128
A02450,Campaign,142
A02450,Product Page,187
A02450,Website,4
A02450,Webinar,89
A02451,Campaign,112
A02451,Website,139
A02451,Webinar,17
A02451,Product Page,94
A02451,Webinar,224
A02451,Event,91
A02451,Event,86
A02451,Product Page,55
A02451,Webinar,103
A02451,Campaign,149
A02451,Event,52
A02451,Event,120
A02451,Product Page,160
A02452,Campaign,95
A02452,Event,184
A02453,Campaign,40
A02453,Event,156
A02453,Campaign,189
A02453,Event,70
A02453,Product Page,84
A02453,Event,170
A02453,Event,119
A02453,Website,93
A02453,Campaign,128
A02453,Event,163
A02453,Event,111
A02453,Event,192
A02454,Campaign,131
A02454,Event,74
A02454,Webinar,122
A02454,Product Page,81
A02454,Product Page,41
A02454,Website,110
A02454,Campaign,207
A02454,Website,131
A02455,Event,140
A02455,Event,97
A02455,Product Page,162
A02455,Product Page,165
A02455,Webinar,79
A02455,Event,92
A02455,Website,182
A02455,Website,168
A02455,Event,33
A02455,Product Page,1
A02456,Event,1
A02456,Product Page,212
A02456,Website,127
A02456,Webinar,173
A02456,Campaign,1
A02456,Product Page,189
A02457,Website,174
A02457,Campaign,196
A02457,Website,216
A02457,Webinar,159
A02457,Webinar,123
A02457,Campaign,181
A02457,Campaign,173
A02457,Product Page,21
A02457,Campaign,146
A02458,Website,205
A02458,Webinar,172
A02458,Webinar,65
A02458,Webinar,51
A02458,Webinar,105
A02458,Product Page,211
A02458,Website,116
A02458,Campaign,98
A02458,Event,108
A02458,Website,149
A02459,Product Page,161
A02459,Event,222
A02459,Product Page,149
A02459,Webinar,98
A02459,Webinar,137
A02459,Website,218
A02460,Product Page,67
A02460,Campaign,76
A02460,Webinar,55
A02460,Event,67
A02460,Website,122
A02460,Website,80
A02460,Event,177
A02460,Webinar,85
A02460,Webinar,122
A02460,Webinar,142
A02460,Webinar,109
A02460,Product Page,138
A02460,Product Page,171
A02460,Event,197
A02461,Event,65
A02461,Website,83
A02461,Campaign,162
A02461,Campaign,134
A02461,Webinar,179
A02461,Event,82
A02461,Campaign,129
A02461,Website,108
A02461,Campaign,127
A02461,Product Page,271
A02461,Webinar,85
A02461,Webinar,60
A02461,Product Page,172
A02461,Product Page,91
A02462,Webinar,86
A02462,Product Page,160
A02462,Campaign,168
A02462,Webinar,223
A02462,Campaign,71
A02462,Product Page,156
A02462,Website,95
A02462,Campaign,155
A02463,Webinar,151
A02463,Product Page,239
A02463,Website,259
A02463,Webinar,238
A02463,Product Page,195
A02463,Product Page,267
A02463,Website,178
A02463,Event,131
A02463,Webinar,126
A02463,Product Page,155
A02463,Campaign,203
A02463,Website,87
A02464,Campaign,55
A02464,Webinar,71
A02464,Event,1
A02464,Campaign,13
A02464,Webinar,154
A02464,Website,132
A02464,Webinar,1
A02464,Product Page,5
A02464,Campaign,160
A02464,Campaign,1
A02464,Webinar,67
A02465,Campaign,74
A02465,Event,175
A02465,Webinar,76
A02465,Website,124
A02465,Campaign,199
A02465,Event,1
A02465,Webinar,96
A02465,Website,140
A02465,Product Page,221
A02466,Website,173
A02466,Campaign,132
A02466,Campaign,156
A02466,Campaign,220
A02466,Webinar,62
A02467,Webinar,46
A02467,Website,101
A02467,Webinar,140
A02467,Product Page,212
A02467,Webinar,192
A02467,Product Page,60
A02467,Webinar,211
A02467,Webinar,181
A02467,Campaign,135
A02467,Webinar,101
A02467,Product Page,96
A02468,Campaign,195
A02468,Product Page,123
A02468,Webinar,144
A02468,Website,42
A02468,Website,55
A02468,Product Page,228
A02468,Webinar,64
A02468,Webinar,97
A02468,Campaign,70
A02468,Website,63
A02468,Website,15
A02469,Campaign,90
A02469,Webinar,158
A02469,Campaign,80
A02469,Event,95
A02469,Event,128
A02469,Event,190
A02469,Product Page,92
A02469,Webinar,294
A02469,Event,169
A02469,Event,173
A02469,Product Page,132
A02469,Campaign,172
A02469,Product Page,214
A02469,Product Page,123
A02469,Website,120
A02469,Event,120
A02469,Webinar,96
A02470,Campaign,232
A02470,Campaign,89
A02470,Website,183
A02470,Event,271
A02470,Campaign,273
A02471,Website,149
A02471,Website,4
A02471,Website,80
A02471,Product Page,147
A02471,Website,115
A02471,Event,75
A02471,Event,214
A02471,Product Page,149
A02472,Website,62
A02472,Product Page,177
A02472,Webinar,136
A02472,Campaign,21
A02472,Product Page,177
A02472,Event,102
A02472,Campaign,76
A02473,Website,186
A02473,Webinar,183
A02473,Webinar,205
A02473,Campaign,44
A02473,Webinar,157
A02473,Campaign,206
A02473,Website,131
A02473,Webinar,93
A02474,Website,146
A02474,Website,63
A02474,Website,193
A02474,Campaign,139
A02475,Event,42
A02475,Event,154
A02475,Website,129
A02475,Campaign,187
A02475,Event,51
A02476,Event,164
A02476,Website,20
A02476,Website,56
A02476,Website,69
A02476,Campaign,182
A02476,Webinar,285
A02476,Campaign,61
A02476,Product Page,173
A02477,Webinar,197
A02477,Website,17
A02477,Website,120
A02477,Event,24
A02477,Product Page,60
A02477,Product Page,13
A02477,Website,166
A02477,Campaign,109
A02477,Product Page,49
A02477,Website,208
A02478,Webinar,60
A02478,Website,52
A02478,Product Page,123
A02478,Webinar,1
A02478,Product Page,213
A02478,Event,115
A02478,Product Page,4
A02478,Campaign,60
A02478,Product Page,10
A02478,Event,126
A02478,Website,73
A02478,Event,90
A02479,Campaign,197
A02479,Website,131
A02479,Webinar,32
A02479,Event,54
A02479,Webinar,1
A02479,Campaign,66
A02479,Product Page,1
A02479,Product Page,110
A02479,Event,200
A02479,Campaign,153
A02479,Website,28
A02479,Event,207
A02479,Event,169
A02480,Product Page,1
A02480,Webinar,31
A02480,Event,253
A02480,Webinar,34
A02480,Event,135
A02480,Campaign,121
A02480,Website,95
A02480,Website,1
A02480,Product Page,168
A02480,Product Page,70
A02481,Website,153
A02481,Campaign,190
A02481,Webinar,178
A02481,Event,293
A02481,Webinar,175
A02481,Website,227
A02482,Event,93
A02482,Website,103
A02482,Product Page,6
A02482,Event,1
A02482,Campaign,51
A02482,Webinar,95
A02482,Webinar,128
A02482,Product Page,151
A02482,Product Page,29
A02482,Website,57
A02482,Webinar,191
A02482,Campaign,97
A02483,Product Page,43
A02483,Campaign,66
A02483,Event,189
A02483,Event,123
A02483,Event,34
A02484,Campaign,235
A02484,Website,143
A02484,Product Page,187
A02484,Webinar,159
A02484,Webinar,148
A02484,Product Page,36
A02484,Campaign,95
A02484,Event,132
A02484,Event,18
A02485,Event,1
A02485,Campaign,61
A02485,Webinar,224
A02485,Website,111
A02485,Product Page,53
A02485,Campaign,136
A02485,Website,121
A02485,Product Page,249
A02486,Webinar,157
A02486,Webinar,53
A02486,Event,52
A02486,Campaign,108
A02486,Event,111
A02486,Product Page,85
A02486,Website,120
A02487,Event,24
A02488,Webinar,214
A02488,Product Page,224
A02488,Website,14
A02488,Campaign,174
A02488,Event,36
A02488,Webinar,148
A02488,Event,127
A02488,Event,123
A02488,Product Page,120
A02488,Webinar,221
A02488,Campaign,1
A02488,Product Page,153
A02488,Product Page,19
A02489,Campaign,93
A02489,Product Page,80
A02489,Event,252
A02489,Website,63
A02490,Webinar,71
A02490,Product Page,223
A02490,Website,150
A02490,Product Page,78
A02490,Website,53
A02490,Webinar,2
A02490,Product Page,61
A02490,Website,101
A02490,Webinar,117
A02490,Webinar,112
A02491,Website,71
A02491,Website,75
A02491,Campaign,111
A02492,Event,1
A02492,Product Page,1
A02492,Website,203
A02492,Product Page,141
A02492,Website,1
A02492,Event,70
A02492,Product Page,64
A02492,Webinar,1
A02492,Campaign,33
A02492,Product Page,4
A02493,Website,254
A02493,Product Page,257
A02493,Website,112
A02493,Website,191
A02493,Product Page,136
A02493,Website,114
A02493,Event,209
A02493,Campaign,261
A02493,Product Page,75
A02493,Product Page,142
A02494,Campaign,83
A02494,Webinar,80
A02494,Event,159
A02494,Event,54
A02494,Event,64
A02494,Event,17
A02494,Product Page,21
A02494,Campaign,7
A02494,Webinar,1
A02494,Website,108
A02494,Event,15
A02494,Product Page,184
A02495,Product Page,98
A02495,Website,63
A02495,Product Page,150
A02495,Campaign,106
A02495,Website,80
A02495,Event,142
A02496,Product Page,179
A02496,Website,139
A02496,Webinar,105
A02496,Event,221
A02496,Product Page,28
A02496,Campaign,157
A02496,Event,193
A02496,Product Page,149
A02496,Website,101
A02497,Event,132
A02497,Event,170
A02497,Website,118
A02497,Website,102
A02497,Website,219
A02497,Campaign,179
A02497,Webinar,141
A02497,Event,16
A02497,Campaign,87
A02497,Webinar,1
A02497,Website,6
A02498,Product Page,173
A02498,Webinar,89
A02498,Campaign,90
A02498,Product Page,109
A02498,Event,193
A02498,Webinar,157
A02499,Event,167
A02499,Webinar,26
A02499,Webinar,158
A02499,Website,63
A02499,Webinar,1
A02499,Event,56
A02500,Website,169
A02500,Product Page,67
A02500,Event,49
A02500,Product Page,106
A02500,Event,56
A02500,Product Page,221
A02500,Product Page,151
A02500,Webinar,75
A02500,Product Page,164
A02500,Event,1
A02501,Campaign,167
A02501,Campaign,201
A02501,Campaign,128
A02501,Product Page,106
A02502,Campaign,153
A02502,Event,1
A02502,Website,159
A02502,Website,172
A02502,Website,185
A02502,Campaign,96
A02502,Webinar,174
A02503,Website,92
A02503,Product Page,57
A02503,Website,128
A02503,Product Page,239
A02503,Campaign,43
A02503,Campaign,176
A02503,Campaign,108
A02504,Website,104
A02504,Product Page,23
A02504,Product Page,124
A02504,Event,4
A02504,Product Page,94
A02504,Event,146
A02504,Event,61
A02504,Website,70
A02504,Event,145
A02504,Campaign,97
A02504,Campaign,1
A02504,Product Page,114
A02504,Website,164
A02504,Campaign,54
A02504,Campaign,112
A02504,Campaign,164
A02504,Website,161
A02504,Event,172
A02504,Campaign,84
A02504,Event,90
A02504,Campaign,137
A02505,Webinar,125
A02505,Event,118
A02505,Event,1
A02505,Website,49
A02505,Website,93
A02505,Campaign,147
A02505,Website,236
A02505,Event,32
A02506,Website,125
A02506,Website,146
A02506,Campaign,25
A02506,Event,145
A02506,Product Page,145
A02506,Product Page,189
A02506,Event,68
A02507,Website,182
A02507,Campaign,96
A02507,Product Page,115
A02507,Website,85
A02507,Product Page,59
A02507,Webinar,70
A02507,Campaign,313
A02507,Event,136
A02508,Webinar,59
A02508,Event,175
A02508,Website,199
A02508,Webinar,215
A02508,Product Page,112
A02508,Campaign,113
A02508,Website,187
A02508,Campaign,20
A02508,Product Page,106
A02508,Campaign,163
A02508,Event,187
A02508,Product Page,57
A02508,Website,83
A02508,Campaign,95
A02509,Webinar,113
A02509,Website,113
A02509,Event,223
A02509,Webinar,141
A02510,Event,116
A02510,Campaign,106
A02510,Webinar,101
A02510,Campaign,145
A02510,Event,169
A02510,Website,131
A02510,Website,249
A02510,Product Page,161
A02510,Product Page,70
A02510,Website,194
A02510,Webinar,74
A02511,Product Page,194
A02511,Product Page,163
A02511,Campaign,202
A02511,Website,143
A02511,Webinar,315
A02511,Webinar,198
A02511,Product Page,31
A02512,Campaign,112
A02512,Event,73
A02512,Event,305
A02512,Product Page,78
A02512,Event,124
A02513,Event,98
A02513,Product Page,120
A02513,Event,98
A02513,Website,48
A02513,Campaign,98
A02514,Webinar,190
A02514,Webinar,140
A02514,Product Page,49
A02514,Event,126
A02514,Event,206
A02514,Event,167
A02514,Website,20
A02514,Webinar,152
A02514,Event,192
A02514,Event,41
A02514,Campaign,236
A02514,Website,5
A02514,Webinar,207
A02515,Event,200
A02515,Webinar,92
A02515,Campaign,182
A02515,Event,54
A02515,Event,288
A02515,Product Page,92
A02515,Website,232
A02516,Event,259
A02516,Product Page,199
A02516,Campaign,180
A02516,Webinar,33
A02516,Webinar,170
A02516,Campaign,192
A02516,Event,238
A02516,Campaign,181
A02516,Campaign,35
A02516,Campaign,141
A02516,Campaign,174
A02517,Product Page,53
A02517,Event,116
A02517,Website,116
A02517,Campaign,185
A02517,Website,4
A02517,Website,183
A02517,Website,141
A02517,Campaign,138
A02517,Campaign,93
A02518,Product Page,22
A02518,Website,102
A02518,Campaign,40
A02518,Campaign,121
A02518,Product Page,109
A02518,Product Page,144
A02518,Campaign,175
A02518,Campaign,118
A02518,Webinar,147
A02519,Event,174
A02519,Webinar,24
A02519,Event,157
A02519,Webinar,48
A02519,Webinar,104
A02519,Webinar,88
A02519,Event,170
A02519,Webinar,172
A02520,Webinar,178
A02520,Event,310
A02520,Product Page,228
A02520,Product Page,115
A02520,Product Page,145
A02520,Event,209
A02520,Event,38
A02521,Event,65
A02521,Website,54
A02521,Website,1
A02521,Product Page,139
A02521,Event,1
A02521,Product Page,68
A02521,Product Page,16
A02521,Website,171
A02521,Website,103
A02522,Webinar,146
A02522,Website,113
A02522,Webinar,59
A02522,Webinar,48
A02522,Event,108
A02522,Website,140
A02522,Product Page,29
A02522,Product Page,36
A02522,Event,16
A02522,Website,157
A02522,Product Page,66
A02523,Webinar,59
A02523,Webinar,2
A02523,Campaign,62
A02523,Campaign,90
A02523,Event,129
A02523,Website,87
A02523,Website,59
A02523,Webinar,3
A02523,Website,75
A02523,Campaign,131
A02523,Webinar,68
A02523,Campaign,75
A02523,Campaign,96
A02523,Product Page,125
A02523,Event,1
A02523,Campaign,71
A02523,Event,113
A02523,Product Page,57
A02524,Product Page,133
A02524,Webinar,150
A02524,Event,56
A02525,Product Page,140
A02525,Event,216
A02525,Webinar,46
A02525,Event,103
A02525,Website,224
A02525,Event,138
A02525,Event,16
A02525,Webinar,60
A02525,Event,193
A02525,Website,87
A02525,Event,112
A02525,Website,71
A02526,Website,30
A02526,Product Page,50
A02526,Product Page,201
A02527,Webinar,166
A02527,Campaign,165
A02527,Website,36
A02527,Website,55
A02527,Website,5
A02527,Product Page,138
A02527,Website,230
A02527,Website,1
A02528,Product Page,22
A02528,Event,38
A02528,Event,55
A02528,Campaign,100
A02528,Product Page,136
A02528,Website,85
A02528,Webinar,18
A02529,Product Page,34
A02529,Webinar,46
A02529,Website,89
A02529,Campaign,49
A02529,Campaign,1
A02529,Product Page,1
A02529,Campaign,122
A02529,Event,1
A02529,Product Page,2
A02529,Webinar,1
A02529,Event,115
A02529,Webinar,1
A02530,Product Page,1
A02530,Product Page,73
A02531,Event,17
A02531,Product Page,135
A02531,Webinar,62
A02531,Product Page,146
A02531,Event,96
A02531,Product Page,30
A02531,Campaign,136
A02531,Event,95
A02531,Campaign,1
A02532,Product Page,110
A02532,Webinar,25
A02532,Campaign,104
A02532,Campaign,163
A02532,Webinar,79
A02532,Event,67
A02532,Webinar,112
A02532,Event,180
A02532,Product Page,1
A02532,Campaign,50
A02532,Campaign,167
A02532,Product Page,68
A02532,Campaign,17
A02533,Product Page,319
A02533,Campaign,247
A02533,Campaign,329
A02533,Event,228
A02533,Webinar,181
A02533,Campaign,71
A02533,Event,80
A02534,Event,85
A02534,Event,69
A02534,Event,130
A02534,Website,39
A02534,Event,1
A02534,Website,94
A02534,Website,61
A02534,Website,105
A02534,Product Page,1
A02534,Product Page,79
A02534,Website,91
A02534,Campaign,168
A02534,Event,110
A02534,Event,148
A02534,Website,146
A02534,Event,83
A02534,Website,121
A02534,Campaign,30
A02534,Campaign,124
A02534,Campaign,1
A02535,Product Page,95
A02535,Webinar,83
A02535,Website,88
A02535,Webinar,78
A02535,Product Page,89
A02535,Website,73
A02535,Event,100
A02535,Webinar,214
A02535,Campaign,114
A02535,Webinar,205
A02535,Campaign,62
A02535,Campaign,142
A02535,Website,22
A02535,Product Page,1
A02535,Campaign,1
A02535,Campaign,213
A02535,Webinar,48
A02535,Webinar,158
A02535,Product Page,102
A02536,Event,191
A02536,Event,170
A02536,Webinar,117
A02536,Campaign,122
A02536,Campaign,154
A02537,Product Page,33
A02537,Website,115
A02537,Product Page,238
A02537,Website,37
A02537,Website,122
A02537,Webinar,49
A02537,Website,144
A02538,Campaign,132
A02538,Website,136
A02538,Product Page,55
A02538,Webinar,149
A02538,Website,244
A02538,Campaign,146
A02539,Website,123
A02539,Product Page,38
A02539,Product Page,148
A02539,Webinar,148
A02539,Product Page,125
A02539,Product Page,123
A02539,Campaign,113
A02539,Website,42
A02540,Event,75
A02540,Campaign,24
A02540,Product Page,109
A02540,Webinar,93
A02540,Webinar,41
A02540,Campaign,1
A02540,Event,85
A02540,Event,270
A02540,Campaign,1
A02540,Campaign,78
A02540,Website,70
A02540,Website,145
A02540,Event,164
A02540,Product Page,156
A02540,Campaign,110
A02540,Website,108
A02541,Website,49
A02541,Webinar,150
A02541,Product Page,121
A02541,Webinar,14
A02541,Website,66
A02541,Webinar,43
A02541,Campaign,30
A02541,Website,113
A02541,Website,99
A02541,Website,96
A02541,Webinar,211
A02541,Webinar,128
A02541,Webinar,207
A02541,Product Page,40
A02541,Website,61
A02541,Website,234
A02541,Webinar,82
A02541,Webinar,194
A02541,Webinar,167
A02541,Webinar,128
A02541,Webinar,1
A02541,Webinar,125
A02541,Campaign,139
A02542,Campaign,165
A02542,Campaign,79
A02542,Website,42
A02542,Product Page,199
A02542,Campaign,145
A02542,Campaign,180
A02543,Campaign,160
A02543,Event,158
A02543,Webinar,96
A02543,Website,6
A02543,Product Page,1
A02543,Product Page,30
A02543,Campaign,153
A02543,Webinar,174
A02544,Website,155
A02544,Webinar,97
A02544,Product Page,199
A02544,Webinar,64
A02544,Product Page,108
A02544,Product Page,193
A02544,Event,172
A02544,Event,13
A02544,Campaign,326
A02544,Website,260
A02545,Website,140
A02545,Product Page,28
A02545,Website,223
A02545,Event,154
A02545,Event,21
A02545,Website,110
A02545,Product Page,190
A02545,Webinar,152
A02545,Webinar,171
A02546,Product Page,201
A02546,Website,179
A02546,Webinar,87
A02546,Website,201
A02546,Website,130
A02546,Campaign,123
A02547,Event,142
A02547,Website,56
A02547,Campaign,90
A02547,Campaign,54
A02548,Event,293
A02548,Webinar,165
A02548,Website,191
A02548,Campaign,85
A02548,Product Page,14
A02548,Event,245
A02548,Event,285
A02548,Campaign,45
A02548,Webinar,1
A02548,Event,120
A02548,Event,63
A02548,Event,1
A02548,Website,1
A02548,Website,11
A02548,Website,139
A02549,Product Page,36
A02549,Website,45
A02549,Webinar,45
A02549,Webinar,83
A02549,Website,227
A02549,Product Page,1
A02549,Campaign,219
A02549,Website,89
A02549,Campaign,60
A02549,Webinar,152
A02549,Product Page,133
A02550,Event,146
A02550,Webinar,55
A02550,Event,208
A02550,Campaign,40
A02550,Event,43
A02550,Event,93
A02550,Website,1
A02550,Website,186
A02550,Website,3
A02550,Webinar,127
A02551,Campaign,1
A02551,Webinar,171
A02551,Event,96
A02551,Website,129
A02551,Website,124
A02552,Campaign,61
A02552,Campaign,130
A02552,Product Page,87
A02552,Product Page,96
A02552,Product Page,103
A02552,Event,93
A02552,Campaign,58
A02552,Campaign,202
A02552,Event,128
A02552,Event,57
A02553,Website,79
A02553,Webinar,170
A02553,Webinar,141
A02553,Website,115
A02553,Campaign,101
A02553,Campaign,214
A02553,Webinar,135
A02553,Website,150
A02553,Webinar,28
A02554,Event,29
A02554,Campaign,68
A02554,Event,191
A02554,Campaign,148
A02554,Event,78
A02554,Website,149
A02554,Event,248
A02554,Event,289
A02555,Campaign,87
A02555,Campaign,150
A02555,Website,35
A02555,Product Page,73
A02555,Event,5
A02555,Website,84
A02555,Website,53
A02555,Event,207
A02555,Event,194
A02555,Product Page,39
A02555,Webinar,1
A02555,Campaign,1
A02555,Webinar,57
A02555,Event,69
A02556,Website,144
A02556,Product Page,40
A02556,Website,126
A02556,Website,229
A02556,Product Page,184
A02556,Webinar,105
A02556,Campaign,115
A02556,Event,147
A02556,Product Page,116
A02557,Event,111
A02557,Campaign,79
A02557,Product Page,71
A02557,Campaign,207
A02557,Campaign,61
A02557,Campaign,84
A02557,Product Page,116
A02557,Webinar,142
A02558,Website,87
A02558,Website,1
A02558,Event,172
A02558,Website,69
A02558,Product Page,157
A02558,Campaign,65
A02558,Webinar,73
A02558,Product Page,1
A02558,Webinar,1
A02558,Webinar,38
A02558,Product Page,1
A02558,Webinar,26
A02558,Webinar,1
A02559,Campaign,142
A02559,Website,10
A02559,Webinar,84
A02559,Event,53
A02559,Campaign,1
A02559,Website,112
A02560,Product Page,123
A02560,Website,103
A02560,Website,1
A02560,Product Page,168
A02560,Campaign,136
A02560,Webinar,60
A02560,Website,88
A02561,Product Page,113
A02561,Event,207
A02561,Event,232
A02561,Campaign,235
A02561,Event,160
A02561,Campaign,162
A02561,Product Page,174
A02561,Website,91
A02561,Website,50
A02561,Website,111
A02562,Website,146
A02562,Event,51
A02562,Webinar,1
A02562,Event,31
A02562,Campaign,73
A02562,Webinar,207
A02562,Webinar,181
A02562,Campaign,242
A02562,Website,200
A02562,Webinar,8
A02562,Product Page,185
A02562,Campaign,106
A02562,Campaign,73
A02563,Website,53
A02563,Webinar,193
A02563,Webinar,1
A02563,Website,252
A02563,Event,46
A02563,Webinar,60
A02564,Campaign,19
A02564,Campaign,83
A02564,Event,42
A02564,Product Page,129
A02564,Campaign,259
A02564,Product Page,236
A02564,Product Page,152
A02564,Campaign,31
A02564,Product Page,106
A02565,Campaign,24
A02565,Website,77
A02565,Webinar,160
A02565,Product Page,58
A02565,Product Page,166
A02565,Event,75
A02566,Campaign,164
A02566,Product Page,189
A02566,Event,74
A02566,Product Page,42
A02566,Website,102
A02566,Website,57
A02566,Event,10
A02566,Product Page,5
A02566,Event,1
A02566,Product Page,211
A02566,Website,70
A02566,Webinar,1
A02566,Product Page,1
A02566,Website,120
A02566,Website,167
A02566,Product Page,2
A02567,Event,109
A02567,Event,107
A02567,Event,185
A02567,Campaign,127
A02567,Webinar,114
A02567,Product Page,130
A02567,Website,104
A02567,Website,119
A02567,Product Page,99
A02567,Event,247
A02567,Event,289
A02567,Webinar,43
A02567,Campaign,72
A02567,Event,119
A02567,Webinar,59
A02568,Campaign,125
A02568,Website,119
A02568,Product Page,179
A02568,Product Page,131
A02568,Website,154
A02568,Website,121
A02568,Event,146
A02568,Webinar,111
A02568,Webinar,110
A02569,Webinar,245
A02569,Event,192
A02569,Campaign,128
A02569,Event,255
A02569,Event,218
A02569,Event,1
A02569,Website,57
A02569,Website,174
A02570,Campaign,152
A02570,Product Page,143
A02570,Website,276
A02570,Webinar,208
A02570,Website,52
A02570,Event,257
A02570,Webinar,184
A02570,Event,115
A02570,Webinar,125
A02570,Product Page,184
A02570,Campaign,159
A02570,Website,9
A02570,Event,250
A02570,Campaign,170
A02570,Product Page,239
A02571,Website,245
A02571,Product Page,164
A02571,Event,167
A02571,Webinar,133
A02571,Webinar,240
A02571,Product Page,197
A02571,Website,148
A02572,Product Page,172
A02572,Campaign,197
A02572,Website,107
A02572,Product Page,104
A02572,Campaign,151
A02572,Event,272
A02572,Website,91
A02572,Website,111
A02572,Event,101
A02572,Event,183
A02572,Event,1
A02572,Webinar,1
A02572,Campaign,104
A02572,Campaign,16
A02572,Campaign,19
A02573,Campaign,142
A02573,Webinar,152
A02573,Campaign,186
A02573,Webinar,146
A02573,Campaign,80
A02573,Webinar,67
A02573,Webinar,89
A02573,Product Page,166
A02573,Webinar,84
A02574,Website,198
A02574,Webinar,158
A02574,Event,104
A02574,Webinar,153
A02574,Webinar,161
A02574,Product Page,116
A02574,Webinar,274
A02574,Product Page,116
A02574,Campaign,32
A02574,Webinar,132
A02574,Webinar,114
A02574,Product Page,205
A02575,Website,223
A02575,Webinar,113
A02575,Campaign,94
A02575,Webinar,264
A02575,Website,253
A02575,Event,241
A02575,Product Page,205
A02575,Product Page,219
A02575,Event,239
A02575,Webinar,97
A02576,Product Page,186
A02576,Campaign,219
A02576,Webinar,205
A02576,Event,143
A02576,Campaign,152
A02576,Website,91
A02576,Webinar,67
A02576,Website,203
A02576,Website,137
A02576,Event,139
A02576,Website,114
A02576,Product Page,99
A02576,Webinar,132
A02576,Website,141
A02576,Product Page,43
A02576,Campaign,176
A02577,Product Page,130
A02577,Webinar,140
A02577,Campaign,53
A02577,Website,25
A02577,Website,49
A02577,Product Page,71
A02577,Webinar,126
A02577,Webinar,190
A02577,Webinar,70
A02577,Product Page,121
A02578,Event,163
A02578,Product Page,39
A02578,Website,40
A02578,Webinar,73
A02578,Webinar,147
A02578,Product Page,79
A02578,Webinar,187
A02578,Website,1
A02578,Webinar,130
A02579,Campaign,223
A02579,Event,238
A02579,Campaign,204
A02579,Event,120
A02579,Website,191
A02579,Event,14
A02580,Event,88
A02580,Product Page,136
A02580,Campaign,212
A02580,Product Page,76
A02580,Webinar,206
A02580,Website,63
A02580,Campaign,42
A02580,Product Page,152
A02580,Webinar,157
A02580,Campaign,140
A02580,Campaign,29
A02580,Webinar,199
A02580,Website,149
A02581,Product Page,166
A02581,Campaign,157
A02581,Webinar,249
A02581,Product Page,146
A02581,Event,24
A02581,Website,8
A02582,Campaign,139
A02582,Website,108
A02582,Website,136
A02582,Website,34
A02582,Product Page,141
A02582,Webinar,102
A02582,Campaign,183
A02582,Event,206
A02582,Webinar,107
A02582,Webinar,270
A02582,Product Page,50
A02582,Webinar,138
A02583,Webinar,177
A02583,Event,139
A02583,Event,44
A02583,Campaign,134
A02583,Website,187
A02583,Webinar,92
A02583,Product Page,80
A02583,Product Page,178
A02583,Campaign,227
A02583,Website,168
A02583,Event,1
A02583,Product Page,155
A02583,Webinar,161
A02584,Website,33
A02584,Product Page,151
A02584,Product Page,164
A02584,Event,226
A02584,Campaign,129
A02584,Product Page,219
A02584,Event,161
A02584,Event,117
A02585,Webinar,117
A02585,Website,166
A02585,Product Page,188
A02585,Event,116
A02585,Campaign,202
A02585,Website,79
A02585,Website,204
A02585,Webinar,1
A02585,Webinar,164
A02585,Campaign,121
A02585,Campaign,92
A02585,Product Page,74
A02585,Event,115
A02585,Website,1
A02585,Product Page,163
A02585,Event,60
A02586,Event,105
A02586,Webinar,189
A02586,Event,228
A02586,Event,129
A02586,Website,107
A02586,Campaign,177
A02587,Website,38
A02587,Event,53
A02587,Webinar,118
A02587,Website,120
A02587,Event,154
A02587,Product Page,154
A02588,Website,246
A02588,Website,123
A02588,Campaign,121
A02588,Webinar,217
A02588,Webinar,110
A02589,Campaign,18
A02589,Campaign,56
A02589,Website,45
A02589,Campaign,63
A02589,Webinar,44
A02589,Webinar,143
A02589,Product Page,106
A02589,Campaign,95
A02590,Campaign,241
A02590,Campaign,161
A02590,Event,165
A02590,Website,220
A02590,Event,187
A02590,Campaign,91
A02590,Product Page,174
A02590,Product Page,228
A02590,Webinar,97
A02590,Website,128
A02591,Event,1
A02591,Product Page,43
A02591,Webinar,214
A02591,Product Page,55
A02591,Product Page,127
A02591,Event,57
A02592,Campaign,140
A02593,Website,164
A02593,Event,174
A02593,Product Page,174
A02594,Product Page,169
A02594,Campaign,100
A02594,Website,182
A02594,Product Page,155
A02595,Website,104
A02595,Website,20
A02595,Website,162
A02595,Campaign,189
A02595,Website,165
A02595,Website,165
A02596,Webinar,63
A02596,Product Page,157
A02596,Product Page,150
A02596,Campaign,114
A02596,Product Page,191
A02596,Product Page,88
A02596,Product Page,76
A02597,Event,173
A02597,Webinar,99
A02597,Campaign,144
A02597,Campaign,10
A02597,Website,66
A02597,Website,204
A02597,Webinar,20
A02597,Product Page,188
A02597,Webinar,158
A02598,Event,50
A02598,Webinar,235
A02598,Product Page,178
A02598,Product Page,164
A02598,Website,135
A02598,Website,71
A02598,Product Page,63
A02598,Website,334
A02598,Campaign,225
A02599,Campaign,250
A02599,Webinar,105
A02599,Website,176
A02600,Website,145
A02600,Campaign,210
A02600,Campaign,186
A02600,Website,50
A02600,Event,205
A02600,Product Page,145
A02600,Event,310
A02601,Campaign,116
A02601,Website,133
A02601,Website,99
A02601,Webinar,74
A02601,Webinar,139
A02601,Event,47
A02601,Webinar,25
A02601,Campaign,129
A02601,Website,1
A02601,Event,121
A02601,Campaign,140
A02601,Website,86
A02601,Product Page,106
A02601,Website,113
A02601,Campaign,29
A02601,Product Page,140
A02601,Campaign,86
A02602,Webinar,5
A02602,Webinar,149
A02602,Campaign,1
A02602,Product Page,91
A02602,Product Page,1
A02602,Product Page,145
A02602,Product Page,54
A02602,Product Page,123
A02602,Product Page,81
A02602,Product Page,178
A02602,Event,45
A02602,Webinar,21
A02602,Event,125
A02602,Event,233
A02602,Event,135
A02602,Webinar,90
A02602,Webinar,73
A02602,Webinar,82
A02603,Product Page,132
A02603,Website,181
A02603,Product Page,82
A02603,Event,93
A02604,Website,128
A02604,Webinar,105
A02605,Campaign,131
A02605,Website,1
A02605,Product Page,1
A02605,Webinar,146
A02605,Webinar,130
A02605,Website,1
A02605,Website,1
A02605,Event,60
A02605,Event,9
A02605,Webinar,3
A02605,Event,152
A02605,Website,145
A02605,Website,12
A02605,Product Page,34
A02606,Product Page,196
A02606,Webinar,81
A02606,Product Page,1
A02606,Campaign,42
A02606,Event,1
A02606,Website,170
A02606,Website,1
A02606,Campaign,118
A02606,Event,15
A02606,Website,132
A02606,Webinar,86
A02606,Product Page,1
A02606,Product Page,1
A02606,Event,117
A02606,Product Page,203
A02606,Event,67
A02606,Event,165
A02607,Website,222
A02607,Event,158
A02607,Campaign,104
A02607,Campaign,178
A02607,Event,77
A02607,Event,187
A02607,Event,77
A02607,Website,228
A02608,Event,203
A02608,Product Page,128
A02608,Event,48
A02608,Event,285
A02608,Event,107
A02608,Campaign,286
A02608,Product Page,126
A02608,Website,25
A02608,Webinar,128
A02608,Event,236
A02608,Campaign,162
A02608,Webinar,288
A02608,Webinar,17
A02608,Website,130
A02608,Website,142
A02608,Event,303
A02608,Campaign,96
A02609,Website,228
A02609,Webinar,162
A02609,Product Page,320
A02609,Product Page,290
A02609,Product Page,211
A02609,Product Page,120
A02609,Website,182
A02609,Website,209
A02609,Campaign,168
A02610,Campaign,217
A02610,Campaign,191
A02610,Website,46
A02610,Webinar,70
A02610,Campaign,1
A02610,Campaign,202
A02610,Campaign,221
A02610,Campaign,97
A02611,Website,128
A02611,Webinar,65
A02611,Product Page,105
A02611,Website,80
A02611,Campaign,229
A02611,Website,98
A02611,Event,110
A02611,Website,110
A02611,Campaign,69
A02612,Product Page,109
A02612,Webinar,102
A02612,Webinar,33
A02612,Event,62
A02612,Webinar,52
A02612,Website,26
A02612,Webinar,176
A02612,Event,154
A02612,Product Page,44
A02612,Event,1
A02612,Product Page,115
A02612,Event,98
A02613,Event,113
A02613,Product Page,77
A02613,Webinar,100
A02613,Website,156
A02613,Campaign,104
A02613,Event,70
A02614,Product Page,103
A02614,Campaign,82
A02614,Event,81
A02615,Event,143
A02615,Campaign,107
A02615,Event,100
A02615,Campaign,260
A02615,Product Page,114
A02615,Webinar,122
A02615,Event,70
A02615,Campaign,201
A02615,Product Page,215
A02616,Campaign,255
A02616,Event,319
A02616,Webinar,140
A02616,Campaign,155
A02617,Campaign,64
A02617,Event,98
A02617,Product Page,128
A02617,Event,156
A02617,Product Page,134
A02617,Product Page,84
A02617,Event,138
A02617,Website,151
A02617,Website,48
A02617,Website,179
A02617,Product Page,70
A02617,Product Page,148
A02617,Event,133
A02617,Product Page,47
A02617,Campaign,130
A02617,Product Page,75
A02617,Website,114
A02618,Event,117
A02618,Campaign,195
A02619,Campaign,90
A02619,Product Page,127
A02619,Product Page,182
A02619,Product Page,124
A02620,Event,127
A02620,Website,139
A02620,Event,112
A02620,Webinar,113
A02620,Event,59
A02620,Webinar,201
A02620,Event,218
A02620,Product Page,128
A02621,Event,262
A02621,Webinar,150
A02621,Campaign,127
A02621,Event,70
A02621,Campaign,1
A02621,Product Page,82
A02621,Event,175
A02621,Website,175
A02621,Webinar,113
A02621,Product Page,80
A02621,Website,82
A02621,Product Page,185
A02621,Product Page,50
A02622,Webinar,21
A02622,Product Page,1
A02622,Website,130
A02622,Webinar,33
A02622,Webinar,41
A02622,Event,159
A02622,Event,123
A02622,Product Page,1
A02622,Webinar,56
A02622,Website,129
A02622,Webinar,131
A02622,Website,46
A02622,Webinar,53
A02623,Webinar,120
A02623,Website,231
A02623,Webinar,183
A02623,Product Page,236
A02623,Event,89
A02624,Website,158
A02624,Campaign,95
A02624,Product Page,48
A02624,Event,156
A02624,Website,120
A02624,Event,64
A02624,Webinar,26
A02624,Campaign,1
A02624,Product Page,44
A02624,Product Page,69
A02624,Event,55
A02624,Product Page,45
A02624,Campaign,127
A02624,Campaign,34
A02624,Event,109
A02624,Product Page,84
A02625,Webinar,239
A02625,Event,74
A02625,Event,68
A02625,Website,136
A02625,Website,81
A02625,Campaign,174
A02625,Webinar,150
A02625,Event,171
A02625,Webinar,163
A02625,Campaign,107
A02626,Product Page,221
A02626,Campaign,129
A02626,Website,145
A02627,Product Page,158
A02627,Website,150
A02627,Product Page,197
A02627,Event,33
A02627,Product Page,64
A02627,Product Page,70
A02627,Event,230
A02627,Campaign,80
A02627,Product Page,8
A02628,Website,107
A02628,Website,148
A02628,Webinar,102
A02628,Webinar,136
A02628,Product Page,49
A02628,Website,254
A02628,Campaign,75
A02629,Webinar,198
A02629,Event,178
A02629,Webinar,142
A02629,Webinar,226
A02629,Campaign,117
A02629,Product Page,113
A02629,Event,1
A02629,Webinar,115
A02629,Product Page,51
A02630,Campaign,211
A02630,Product Page,95
A02630,Event,1
A02630,Website,50
A02630,Product Page,92
A02630,Product Page,167
A02630,Product Page,81
A02630,Webinar,181
A02630,Campaign,184
A02630,Webinar,145
A02630,Product Page,19
A02630,Product Page,49
A02630,Website,103
A02630,Event,225
A02631,Webinar,184
A02631,Event,25
A02631,Event,188
A02631,Product Page,125
A02632,Website,98
A02632,Event,5
A02632,Website,48
A02632,Webinar,109
A02632,Product Page,135
A02632,Webinar,1
A02632,Product Page,184
A02632,Website,23
A02633,Event,1
A02633,Event,5
A02633,Website,70
A02633,Campaign,113
A02633,Website,1
A02633,Campaign,1
A02633,Campaign,118
A02633,Event,129
A02633,Website,138
A02633,Event,6
A02633,Website,133
A02633,Event,1
A02633,Product Page,139
A02634,Website,210
A02635,Campaign,116
A02635,Campaign,1
A02635,Website,62
A02635,Product Page,51
A02635,Event,45
A02635,Website,21
A02635,Event,1
A02635,Website,51
A02635,Campaign,235
A02635,Website,146
A02635,Event,87
A02635,Webinar,46
A02635,Event,81
A02635,Campaign,93
A02635,Campaign,3
A02635,Website,170
A02635,Campaign,117
A02636,Webinar,233
A02636,Campaign,106
A02636,Website,131
A02636,Product Page,122
A02636,Webinar,202
A02636,Website,146
A02637,Webinar,45
A02637,Website,1
A02637,Product Page,45
A02637,Website,90
A02637,Product Page,72
A02637,Product Page,133
A02637,Event,178
A02637,Webinar,124
A02637,Product Page,59
A02637,Webinar,62
A02637,Campaign,110
A02637,Product Page,78
A02637,Event,13
A02637,Product Page,173
A02638,Product Page,175
A02638,Event,174
A02638,Event,110
A02638,Webinar,163
A02638,Webinar,188
A02638,Event,78
A02638,Event,195
A02638,Product Page,42
A02639,Product Page,46
A02639,Product Page,89
A02639,Website,84
A02639,Campaign,45
A02639,Webinar,29
A02639,Event,147
A02639,Webinar,140
A02639,Campaign,105
A02640,Product Page,258
A02640,Webinar,186
A02641,Event,30
A02641,Webinar,42
A02641,Product Page,103
A02641,Website,233
A02641,Campaign,84
A02641,Campaign,194
A02642,Website,230
A02642,Campaign,144
A02642,Event,101
A02642,Campaign,267
A02642,Website,179
A02642,Event,163
A02642,Webinar,98
A02642,Webinar,167
A02642,Webinar,22
A02642,Product Page,20
A02642,Product Page,35
A02642,Product Page,170
A02642,Campaign,194
A02642,Product Page,100
A02643,Webinar,66
A02643,Event,76
A02643,Product Page,94
A02643,Webinar,131
A02643,Event,193
A02643,Campaign,114
A02644,Webinar,46
A02644,Website,33
A02644,Product Page,66
A02644,Campaign,1
A02644,Campaign,106
A02644,Event,117
A02645,Product Page,46
A02645,Event,208
A02645,Product Page,176
A02645,Campaign,173
A02645,Website,81
A02645,Website,195
A02645,Event,156
A02645,Website,123
A02645,Campaign,192
A02645,Product Page,261
A02646,Webinar,136
A02646,Product Page,154
A02646,Webinar,155
A02646,Campaign,74
A02646,Product Page,114
A02646,Webinar,40
A02646,Webinar,134
A02646,Campaign,117
A02646,Webinar,84
A02646,Website,121
A02647,Campaign,185
A02647,Website,180
A02647,Webinar,163
A02647,Webinar,190
A02647,Campaign,134
A02647,Webinar,97
A02648,Product Page,98
A02648,Campaign,118
A02648,Product Page,193
A02648,Event,149
A02648,Product Page,54
A02648,Webinar,82
A02648,Campaign,222
A02648,Event,75
A02648,Website,110
A02648,Product Page,183
A02648,Webinar,20
A02648,Website,136
A02648,Campaign,191
A02648,Campaign,213
A02649,Product Page,1
A02649,Website,143
A02649,Campaign,1
A02649,Event,19
A02649,Product Page,1
A02649,Product Page,63
A02650,Webinar,77
A02650,Website,196
A02650,Webinar,129
A02650,Website,38
A02650,Product Page,274
A02650,Website,102
A02650,Product Page,144
A02651,Product Page,89
A02651,Product Page,1
A02651,Event,161
A02651,Webinar,118
A02651,Website,1
A02651,Campaign,162
A02651,Event,39
A02651,Campaign,168
A02651,Website,54
A02651,Campaign,39
A02651,Campaign,11
A02651,Product Page,23
A02651,Product Page,173
A02652,Campaign,113
A02652,Website,103
A02652,Campaign,126
A02652,Campaign,121
A02652,Campaign,14
A02652,Campaign,160
A02652,Website,189
A02652,Webinar,113
A02652,Event,140
A02652,Website,42
A02652,Webinar,92
A02652,Event,195
A02652,Campaign,29
A02653,Product Page,178
A02653,Website,76
A02653,Website,215
A02653,Website,161
A02653,Product Page,27
A02653,Event,80
A02653,Website,105
A02653,Webinar,121
A02653,Webinar,176
A02653,Event,183
A02653,Campaign,211
A02653,Product Page,13
A02654,Website,177
A02654,Website,194
A02654,Website,101
A02654,Event,112
A02654,Product Page,48
A02654,Website,27
A02654,Webinar,154
A02654,Event,285
A02654,Product Page,1
A02655,Website,146
A02655,Website,140
A02655,Campaign,185
A02655,Product Page,129
A02655,Campaign,275
A02655,Product Page,81
A02656,Website,105
A02656,Campaign,158
A02656,Event,185
A02656,Website,2
A02656,Website,38
A02656,Campaign,34
A02656,Webinar,188
A02656,Event,1
A02656,Event,108
A02656,Website,173
A02656,Website,12
A02657,Webinar,73
A02657,Webinar,138
A02657,Campaign,89
A02658,Website,148
A02658,Campaign,169
A02658,Campaign,73
A02658,Product Page,151
A02658,Website,87
A02658,Campaign,1
A02658,Event,132
A02658,Website,178
A02658,Webinar,54
A02658,Webinar,113
A02658,Product Page,97
A02659,Website,15
A02659,Event,55
A02659,Webinar,83
A02659,Webinar,178
A02660,Webinar,160
A02660,Website,155
A02660,Event,134
A02660,Webinar,154
A02660,Campaign,52
A02660,Campaign,283
A02660,Webinar,225
A02660,Campaign,183
A02660,Webinar,290
A02660,Campaign,9
A02661,Product Page,1
A02661,Campaign,67
A02661,Campaign,1
A02661,Website,75
A02661,Event,233
A02661,Campaign,98
A02661,Campaign,5
A02661,Campaign,260
A02661,Event,228
A02661,Campaign,69
A02661,Event,1
A02662,Webinar,1
A02662,Website,1
A02662,Campaign,26
A02662,Campaign,60
A02662,Product Page,53
A02662,Event,50
A02662,Webinar,45
A02662,Event,68
A02662,Product Page,64
A02662,Event,76
A02662,Webinar,1
A02662,Website,1
A02662,Webinar,19
A02662,Webinar,1
A02662,Event,146
A02663,Event,181
A02663,Website,228
A02663,Event,120
A02663,Website,149
A02663,Event,231
A02663,Webinar,77
A02664,Product Page,144
A02664,Campaign,44
A02664,Website,53
A02664,Website,165
A02664,Webinar,139
A02664,Webinar,33
A02664,Campaign,97
A02664,Product Page,209
A02664,Event,1
A02664,Website,221
A02664,Campaign,206
A02664,Event,196
A02664,Product Page,138
A02664,Product Page,43
A02664,Campaign,142
A02665,Webinar,29
A02665,Webinar,134
A02665,Website,74
A02665,Campaign,153
A02665,Event,104
A02665,Website,153
A02665,Webinar,164
A02665,Product Page,127
A02665,Campaign,133
A02666,Webinar,1
A02666,Website,1
A02666,Webinar,143
A02666,Campaign,88
A02666,Website,95
A02666,Website,216
A02666,Product Page,1
A02666,Event,55
A02666,Campaign,88
A02667,Product Page,239
A02667,Product Page,92
A02667,Product Page,113
A02667,Webinar,56
A02667,Website,113
A02667,Product Page,74
A02667,Product Page,160
A02667,Campaign,44
A02668,Website,81
A02669,Webinar,63
A02669,Website,71
A02669,Campaign,152
A02669,Event,128
A02669,Event,125
A02669,Product Page,174
A02669,Product Page,154
A02669,Campaign,158
A02669,Website,68
A02670,Webinar,44
A02670,Website,92
A02670,Website,1
A02670,Campaign,134
A02670,Webinar,26
A02670,Campaign,42
A02670,Product Page,132
A02670,Event,154
A02670,Campaign,1
A02670,Event,15
A02670,Product Page,161
A02670,Website,1
A02670,Website,118
A02671,Webinar,1
A02671,Product Page,207
A02671,Webinar,140
A02671,Product Page,282
A02671,Event,196
A02671,Campaign,135
A02671,Webinar,146
A02671,Product Page,56
A02671,Event,21
A02671,Webinar,146
A02671,Product Page,1
A02671,Campaign,5
A02672,Webinar,3
A02672,Website,125
A02673,Product Page,160
A02673,Event,262
A02673,Website,246
A02673,Website,249
A02674,Website,148
A02674,Campaign,1
A02674,Product Page,1
A02674,Event,118
A02674,Campaign,60
A02674,Website,92
A02674,Product Page,49
A02674,Campaign,126
A02674,Product Page,94
A02674,Event,100
A02674,Webinar,34
A02674,Webinar,108
A02674,Product Page,170
A02674,Event,22
A02674,Webinar,339
A02674,Event,115
A02675,Campaign,76
A02675,Event,49
A02675,Webinar,77
A02675,Campaign,185
A02675,Website,131
A02675,Event,61
A02675,Webinar,24
A02675,Campaign,198
A02675,Product Page,83
A02676,Campaign,102
A02676,Website,129
A02676,Product Page,89
A02676,Campaign,212
A02676,Website,140
A02676,Product Page,1
A02677,Webinar,149
A02677,Website,169
A02677,Campaign,164
A02677,Campaign,247
A02677,Campaign,71
A02677,Event,104
A02677,Campaign,161
A02677,Campaign,32
A02678,Webinar,155
A02678,Website,139
A02678,Webinar,68
A02679,Webinar,165
A02679,Website,18
A02679,Webinar,1
A02679,Website,219
A02679,Webinar,82
A02679,Campaign,131
A02680,Product Page,168
A02680,Campaign,121
A02680,Webinar,122
A02680,Webinar,129
A02680,Webinar,256
A02680,Webinar,93
A02680,Webinar,168
A02681,Event,43
A02681,Website,118
A02682,Product Page,54
A02682,Product Page,74
A02682,Product Page,142
A02682,Website,19
A02682,Campaign,137
A02682,Product Page,233
A02682,Product Page,229
A02682,Event,291
A02683,Webinar,116
A02683,Event,1
A02683,Campaign,251
A02683,Website,119
A02683,Webinar,209
A02683,Campaign,165
A02683,Website,85
A02684,Website,90
A02684,Website,134
A02684,Webinar,121
A02684,Event,84
A02684,Event,260
A02684,Event,53
A02684,Webinar,108
A02684,Product Page,303
A02684,Webinar,1
A02685,Website,151
A02685,Website,42
A02685,Webinar,161
A02685,Event,45
A02685,Campaign,98
A02685,Webinar,67
A02685,Product Page,87
A02686,Webinar,55
A02686,Event,194
A02686,Campaign,73
A02686,Webinar,166
A02686,Event,125
A02686,Webinar,89
A02686,Event,14
A02686,Webinar,120
A02687,Campaign,35
A02687,Website,102
A02687,Product Page,14
A02687,Webinar,128
A02687,Product Page,51
A02687,Website,139
A02687,Event,62
A02687,Event,121
A02687,Webinar,103
A02687,Event,168
A02687,Campaign,81
A02687,Webinar,62
A02688,Website,316
A02688,Campaign,202
A02688,Campaign,133
A02688,Website,204
A02688,Product Page,170
A02689,Webinar,168
A02689,Webinar,158
A02689,Event,330
A02689,Webinar,139
A02689,Website,157
A02689,Product Page,206
A02689,Website,246
A02689,Webinar,161
A02690,Website,132
A02690,Website,117
A02690,Event,112
A02690,Campaign,85
A02690,Website,34
A02690,Webinar,88
A02691,Campaign,42
A02691,Campaign,126
A02691,Campaign,35
A02691,Product Page,1
A02691,Event,1
A02691,Webinar,1
A02691,Event,304
A02691,Product Page,140
A02692,Website,79
A02692,Campaign,119
A02692,Campaign,197
A02692,Webinar,156
A02692,Product Page,144
A02692,Event,46
A02692,Event,109
A02692,Campaign,167
A02693,Campaign,76
A02693,Webinar,208
A02693,Product Page,167
A02693,Event,22
A02693,Website,143
A02693,Webinar,143
A02693,Event,16
A02693,Event,1
A02693,Product Page,224
A02693,Webinar,130
A02694,Product Page,59
A02694,Product Page,36
A02694,Event,32
A02694,Campaign,88
A02694,Product Page,1
A02694,Website,2
A02694,Webinar,22
A02694,Product Page,169
A02694,Product Page,1
A02694,Event,3
A02694,Website,1
A02694,Campaign,102
A02694,Webinar,1
A02694,Website,203
A02694,Event,1
A02694,Webinar,213
A02695,Website,178
A02695,Event,114
A02695,Product Page,54
A02695,Website,93
A02695,Product Page,110
A02695,Campaign,26
A02695,Campaign,16
A02695,Webinar,94
A02695,Webinar,106
A02695,Webinar,102
A02695,Webinar,1
A02695,Product Page,1
A02695,Product Page,185
A02696,Webinar,1
A02696,Product Page,1
A02696,Website,111
A02696,Campaign,126
A02696,Campaign,95
A02696,Event,169
A02696,Event,146
A02696,Event,152
A02696,Website,74
A02696,Product Page,173
A02696,Event,279
A02697,Event,14
A02697,Website,120
A02697,Website,74
A02697,Webinar,107
A02697,Website,127
A02697,Webinar,147
A02697,Webinar,20
A02697,Product Page,134
A02697,Product Page,27
A02698,Campaign,105
A02698,Product Page,199
A02698,Campaign,123
A02698,Event,121
A02698,Product Page,210
A02698,Product Page,121
A02699,Campaign,205
A02699,Website,72
A02699,Webinar,90
A02699,Campaign,146
A02699,Website,33
A02699,Event,201
A02699,Event,60
A02700,Event,100
A02700,Campaign,114
A02700,Product Page,83
A02700,Campaign,167
A02700,Campaign,145
A02700,Event,139
A02700,Webinar,29
A02701,Product Page,141
A02701,Campaign,201
A02701,Website,183
A02701,Webinar,60
A02701,Product Page,22
A02701,Event,151
A02701,Event,66
A02702,Website,175
A02702,Campaign,148
A02702,Product Page,15
A02702,Website,135
A02702,Event,147
A02702,Event,52
A02702,Campaign,154
A02703,Website,146
A02703,Campaign,219
A02703,Website,210
A02704,Website,124
A02704,Webinar,145
A02704,Product Page,82
A02704,Website,141
A02704,Campaign,138
A02704,Webinar,136
A02704,Campaign,63
A02705,Product Page,118
A02705,Webinar,18
A02705,Webinar,156
A02705,Campaign,246
A02705,Website,1
A02705,Campaign,97
A02705,Product Page,122
A02705,Website,73
A02705,Campaign,82
A02705,Event,100
A02705,Website,265
A02705,Website,107
A02705,Product Page,52
A02706,Webinar,14
A02706,Website,163
A02706,Product Page,37
A02706,Product Page,72
A02706,Event,115
A02706,Event,40
A02707,Webinar,99
A02707,Website,190
A02707,Campaign,19
A02707,Campaign,147
A02707,Campaign,199
A02707,Webinar,75
A02708,Product Page,2
A02708,Event,83
A02708,Campaign,83
A02708,Campaign,1
A02708,Event,92
A02708,Product Page,69
A02708,Event,1
A02708,Website,151
A02708,Website,75
A02708,Product Page,1
A02708,Event,1
A02708,Event,11
A02708,Product Page,1
A02708,Webinar,105
A02708,Webinar,132
A02708,Event,105
A02708,Webinar,13
A02708,Webinar,59
A02709,Product Page,18
A02709,Product Page,22
A02709,Webinar,14
A02709,Product Page,1
A02709,Campaign,30
A02709,Webinar,82
A02709,Website,38
A02709,Product Page,95
A02709,Event,64
A02710,Event,192
A02710,Event,87
A02710,Website,109
A02710,Webinar,104
A02710,Webinar,34
A02710,Campaign,104
A02710,Webinar,53
A02711,Event,152
A02711,Webinar,77
A02711,Campaign,76
A02711,Event,156
A02711,Product Page,53
A02711,Product Page,169
A02711,Event,114
A02711,Website,59
A02711,Website,107
A02712,Product Page,89
A02712,Event,56
A02712,Campaign,89
A02712,Product Page,207
A02712,Product Page,168
A02712,Webinar,130
A02712,Website,206
A02713,Product Page,95
A02713,Product Page,166
A02713,Website,65
A02713,Campaign,31
A02713,Product Page,147
A02713,Campaign,98
A02713,Event,128
A02713,Event,31
A02713,Website,205
A02713,Event,84
A02713,Website,1
A02714,Webinar,215
A02714,Campaign,294
A02714,Webinar,111
A02714,Website,151
A02714,Campaign,162
A02715,Event,95
A02715,Campaign,194
A02715,Webinar,138
A02715,Webinar,48
A02715,Event,123
A02715,Campaign,141
A02715,Campaign,45
A02716,Website,123
A02716,Website,163
A02716,Event,115
A02716,Website,142
A02716,Webinar,250
A02716,Webinar,142
A02716,Website,148
A02716,Product Page,122
A02716,Website,166
A02717,Campaign,172
A02717,Event,17
A02717,Website,152
A02717,Website,173
A02717,Campaign,176
A02717,Product Page,1
A02717,Webinar,152
A02717,Website,191
A02718,Product Page,220
A02718,Campaign,54
A02718,Campaign,106
A02718,Campaign,118
A02718,Event,84
A02718,Webinar,92
A02718,Event,5
A02718,Product Page,223
A02718,Webinar,51
A02719,Event,84
A02719,Campaign,83
A02719,Product Page,70
A02719,Product Page,163
A02719,Event,295
A02719,Product Page,164
A02719,Webinar,269
A02719,Event,103
A02720,Webinar,145
A02720,Event,197
A02720,Webinar,152
A02720,Campaign,148
A02720,Event,257
A02720,Website,74
A02720,Webinar,162
A02721,Website,203
A02721,Webinar,172
A02721,Website,34
A02721,Campaign,76
A02721,Product Page,135
A02721,Product Page,97
A02721,Website,33
A02721,Event,62
A02721,Product Page,110
A02721,Webinar,42
A02721,Website,162
A02722,Webinar,116
A02722,Campaign,215
A02722,Product Page,127
A02722,Website,231
A02722,Event,241
A02722,Product Page,183
A02722,Campaign,98
A02722,Campaign,194
A02722,Webinar,172
A02722,Event,230
A02722,Product Page,284
A02723,Event,56
A02723,Event,1
A02723,Event,100
A02723,Webinar,125
A02723,Campaign,35
A02723,Product Page,146
A02723,Webinar,126
A02723,Product Page,35
A02723,Website,146
A02723,Website,106
A02723,Website,1
A02723,Campaign,48
A02723,Website,168
A02723,Website,87
A02723,Campaign,127
A02724,Webinar,161
A02724,Product Page,203
A02724,Campaign,92
A02724,Event,120
A02724,Website,30
A02724,Campaign,100
A02724,Event,139
A02724,Event,56
A02724,Webinar,146
A02724,Event,89
A02724,Campaign,146
A02725,Webinar,36
A02725,Event,241
A02725,Campaign,235
A02726,Website,349
A02726,Product Page,49
A02726,Campaign,256
A02726,Event,102
A02726,Product Page,214
A02726,Product Page,87
A02726,Webinar,73
A02726,Webinar,125
A02727,Product Page,55
A02727,Product Page,4
A02727,Event,147
A02727,Webinar,155
A02727,Campaign,66
A02727,Product Page,143
A02727,Product Page,72
A02727,Webinar,88
A02727,Campaign,146
A02728,Website,158
A02728,Campaign,140
A02728,Webinar,88
A02728,Product Page,232
A02728,Website,184
A02728,Product Page,51
A02728,Event,205
A02728,Campaign,281
A02729,Event,156
A02729,Product Page,1
A02729,Product Page,193
A02729,Webinar,62
A02729,Event,190
A02729,Campaign,68
A02729,Webinar,72
A02729,Campaign,79
A02729,Product Page,136
A02729,Webinar,160
A02729,Event,47
A02729,Website,24
A02729,Event,161
A02730,Webinar,12
A02730,Event,143
A02730,Campaign,54
A02730,Campaign,74
A02730,Event,141
A02730,Product Page,97
A02730,Campaign,42
A02730,Event,86
A02730,Product Page,42
A02730,Webinar,63
A02730,Webinar,125
A02730,Event,5
A02730,Webinar,53
A02730,Campaign,49
A02731,Event,190
A02731,Product Page,45
A02731,Website,112
A02731,Event,166
A02731,Website,153
A02731,Event,36
A02731,Event,141
A02731,Webinar,122
A02731,Website,190
A02731,Website,124
A02732,Event,165
A02732,Event,92
A02732,Webinar,63
A02732,Event,153
A02732,Webinar,27
A02732,Website,157
A02732,Website,89
A02732,Website,1
A02732,Campaign,1
A02732,Event,217
A02732,Product Page,57
A02732,Event,1
A02732,Campaign,1
A02732,Campaign,88
A02732,Event,141
A02732,Campaign,1
A02733,Webinar,1
A02733,Event,107
A02733,Event,25
A02733,Campaign,254
A02733,Product Page,143
A02733,Campaign,137
A02733,Website,8
A02733,Webinar,56
A02733,Website,59
A02733,Campaign,69
A02734,Event,148
A02734,Webinar,68
A02734,Campaign,60
A02734,Campaign,253
A02734,Website,88
A02734,Product Page,73
A02734,Website,249
A02735,Product Page,248
A02735,Webinar,18
A02735,Product Page,95
A02735,Event,1
A02735,Webinar,6
A02735,Webinar,230
A02735,Product Page,95
A02735,Event,103
A02735,Event,130
A02735,Event,71
A02735,Event,143
A02735,Website,1
A02735,Event,149
A02736,Webinar,240
A02736,Website,51
A02736,Event,20
A02736,Webinar,220
A02736,Campaign,184
A02736,Webinar,223
A02736,Campaign,170
A02736,Webinar,293
A02736,Event,219
A02736,Product Page,56
A02736,Website,25
A02737,Product Page,1
A02737,Product Page,106
A02737,Event,1
A02737,Website,26
A02737,Product Page,22
A02737,Webinar,149
A02737,Campaign,39
A02737,Campaign,66
A02737,Webinar,1
A02737,Product Page,116
A02737,Event,105
A02737,Website,127
A02737,Product Page,117
A02737,Campaign,165
A02737,Campaign,206
A02737,Webinar,109
A02737,Webinar,1
A02737,Event,20
A02738,Website,1
A02738,Product Page,94
A02738,Event,104
A02738,Website,166
A02738,Product Page,48
A02738,Product Page,220
A02738,Webinar,113
A02738,Website,20
A02738,Event,66
A02739,Webinar,83
A02739,Product Page,181
A02739,Product Page,101
A02739,Event,285
A02739,Product Page,182
A02739,Event,135
A02739,Event,130
A02739,Product Page,99
A02739,Product Page,206
A02739,Product Page,171
A02739,Product Page,86
A02739,Webinar,111
A02740,Campaign,161
A02740,Product Page,198
A02740,Product Page,101
A02740,Website,1
A02740,Event,63
A02740,Campaign,140
A02740,Webinar,150
A02740,Event,79
A02740,Campaign,155
A02740,Product Page,91
A02740,Website,179
A02741,Webinar,14
A02741,Webinar,162
A02741,Campaign,157
A02741,Event,120
A02741,Webinar,98
A02741,Product Page,59
A02742,Product Page,142
A02742,Website,47
A02742,Product Page,87
A02742,Product Page,109
A02742,Website,83
A02742,Product Page,61
A02742,Webinar,144
A02742,Website,85
A02742,Event,177
A02743,Webinar,140
A02743,Event,309
A02743,Event,104
A02743,Campaign,38
A02743,Event,108
A02743,Webinar,88
A02743,Product Page,109
A02743,Product Page,165
A02743,Website,150
A02744,Webinar,9
A02744,Webinar,152
A02744,Campaign,139
A02744,Event,122
A02744,Event,264
A02744,Website,163
A02745,Event,90
A02745,Event,203
A02745,Website,39
A02746,Product Page,129
A02746,Event,21
A02746,Website,60
A02746,Campaign,29
A02746,Product Page,1
A02746,Webinar,1
A02746,Website,121
A02746,Product Page,1
A02746,Campaign,88
A02746,Event,1
A02746,Product Page,40
A02746,Product Page,84
A02746,Campaign,137
A02746,Event,164
A02746,Event,104
A02746,Webinar,31
A02746,Campaign,155
A02746,Product Page,159
A02747,Website,179
A02748,Campaign,208
A02748,Webinar,160
A02748,Event,213
A02748,Webinar,94
A02748,Webinar,148
A02748,Product Page,154
A02748,Product Page,145
A02748,Product Page,19
A02748,Campaign,202
A02748,Event,1
A02748,Campaign,115
A02748,Website,180
A02748,Campaign,1
A02748,Event,131
A02748,Webinar,163
A02749,Website,38
A02749,Webinar,91
A02749,Event,48
A02749,Event,199
A02749,Webinar,143
A02749,Product Page,189
A02749,Product Page,144
A02749,Product Page,1
A02749,Webinar,18
A02749,Campaign,183
A02749,Event,95
A02749,Product Page,208
A02749,Event,70
A02750,Event,126
A02750,Webinar,1
A02750,Event,229
A02750,Product Page,19
A02750,Campaign,57
A02751,Event,60
A02751,Product Page,91
A02751,Campaign,8
A02751,Event,202
A02751,Event,136
A02751,Webinar,101
A02751,Campaign,120
A02751,Webinar,54
A02751,Webinar,125
A02751,Campaign,166
A02751,Website,87
A02751,Campaign,243
A02751,Campaign,146
A02751,Product Page,177
A02751,Webinar,113
A02752,Webinar,213
A02752,Website,223
A02752,Product Page,168
A02752,Product Page,145
A02753,Webinar,72
A02753,Product Page,74
A02753,Webinar,143
A02753,Webinar,148
A02753,Webinar,129
A02753,Product Page,170
A02753,Campaign,160
A02753,Event,150
A02753,Campaign,87
A02753,Website,185
A02754,Campaign,125
A02754,Website,214
A02754,Webinar,85
A02754,Product Page,157
A02754,Event,135
A02754,Campaign,91
A02754,Website,50
A02754,Event,130
A02754,Product Page,58
A02755,Event,83
A02755,Product Page,99
A02755,Product Page,138
A02755,Campaign,264
A02755,Website,98
A02755,Product Page,154
A02755,Product Page,98
A02755,Product Page,1
A02756,Event,279
A02757,Website,172
A02757,Website,149
A02757,Webinar,156
A02757,Product Page,109
A02757,Campaign,131
A02757,Webinar,194
A02757,Product Page,189
A02757,Webinar,158
A02757,Event,192
A02757,Event,121
A02757,Event,89
A02757,Webinar,119
A02758,Event,120
A02758,Campaign,93
A02758,Campaign,275
A02758,Webinar,148
A02758,Website,1
A02758,Webinar,109
A02758,Campaign,77
A02758,Campaign,254
A02758,Campaign,115
A02759,Event,195
A02759,Webinar,143
A02759,Webinar,167
A02759,Product Page,208
A02759,Event,82
A02759,Event,126
A02759,Webinar,121
A02760,Product Page,1
A02760,Product Page,273
A02761,Webinar,192
A02761,Event,158
A02761,Product Page,190
A02761,Campaign,49
A02761,Website,193
A02761,Website,63
A02761,Product Page,1
A02761,Webinar,175
A02761,Event,76
A02762,Product Page,203
A02762,Product Page,147
A02762,Event,102
A02762,Event,201
A02763,Webinar,1
A02763,Event,94
A02763,Website,167
A02763,Event,37
A02763,Website,4
A02763,Product Page,171
A02763,Website,47
A02763,Event,177
A02763,Website,37
A02763,Campaign,174
A02763,Event,41
A02763,Website,66
A02763,Webinar,222
A02763,Website,1
A02763,Product Page,1
A02763,Website,1
A02763,Product Page,92
A02764,Webinar,188
A02764,Product Page,220
A02764,Campaign,1
A02764,Event,30
A02764,Webinar,119
A02764,Event,20
A02764,Event,215
A02764,Campaign,156
A02765,Event,201
A02765,Event,94
A02765,Website,168
A02765,Webinar,104
A02765,Product Page,81
A02765,Campaign,1
A02765,Campaign,192
A02765,Webinar,145
A02766,Webinar,160
A02766,Website,115
A02766,Webinar,82
A02766,Webinar,73
A02766,Webinar,99
A02766,Campaign,115
A02766,Campaign,99
A02766,Website,17
A02767,Event,148
A02767,Webinar,89
A02767,Product Page,74
A02767,Product Page,1
A02767,Webinar,154
A02767,Event,170
A02767,Website,1
A02767,Campaign,122
A02767,Campaign,179
A02767,Website,47
A02767,Webinar,1
A02767,Webinar,40
A02767,Website,22
A02767,Product Page,150
A02767,Website,44
A02767,Website,193
A02767,Webinar,5
A02767,Product Page,1
A02767,Campaign,60
A02767,Website,78
A02768,Website,208
A02768,Event,63
A02768,Website,159
A02768,Event,152
A02768,Campaign,158
A02769,Event,188
A02769,Product Page,142
A02769,Event,3
A02769,Website,98
A02769,Webinar,54
A02769,Website,26
A02769,Website,157
A02769,Product Page,89
A02769,Product Page,1
A02769,Event,227
A02769,Webinar,185
A02769,Webinar,59
A02769,Event,81
A02769,Webinar,104
A02769,Webinar,39
A02770,Website,195
A02770,Webinar,168
A02770,Website,149
A02770,Product Page,179
A02770,Webinar,110
A02770,Campaign,223
A02771,Webinar,101
A02771,Webinar,96
A02771,Product Page,116
A02771,Product Page,129
A02771,Webinar,183
A02771,Website,127
A02771,Webinar,1
A02772,Website,38
A02772,Campaign,95
A02772,Campaign,241
A02772,Campaign,93
A02772,Product Page,134
A02773,Campaign,247
A02773,Website,175
A02773,Website,122
A02773,Event,172
A02773,Event,154
A02773,Product Page,19
A02773,Event,193
A02773,Website,157
A02774,Webinar,116
A02774,Website,152
A02774,Product Page,60
A02774,Campaign,233
A02774,Product Page,105
A02774,Webinar,82
A02774,Campaign,163
A02774,Website,1
A02774,Event,230
A02774,Event,139
A02774,Product Page,100
A02774,Event,91
A02774,Event,230
A02775,Event,93
A02775,Campaign,222
A02775,Website,131
A02775,Website,55
A02775,Campaign,95
A02776,Webinar,156
A02776,Website,153
A02776,Webinar,1
A02776,Webinar,97
A02776,Website,39
A02776,Event,95
A02777,Campaign,98
A02777,Webinar,175
A02777,Event,200
A02777,Product Page,166
A02777,Website,152
A02778,Webinar,226
A02778,Webinar,92
A02778,Campaign,101
A02778,Event,41
A02778,Website,138
A02778,Campaign,269
A02779,Webinar,78
A02779,Campaign,167
A02779,Website,98
A02779,Webinar,141
A02779,Product Page,69
A02779,Webinar,132
A02779,Product Page,161
A02779,Campaign,170
A02779,Campaign,108
A02779,Product Page,19
A02779,Website,187
A02779,Campaign,127
A02779,Event,259
A02780,Event,208
A02780,Webinar,152
A02780,Event,258
A02780,Product Page,85
A02780,Event,105
A02780,Website,36
A02780,Event,195
A02780,Campaign,230
A02780,Webinar,161
A02780,Website,232
A02780,Webinar,66
A02780,Campaign,60
A02781,Event,70
A02782,Product Page,209
A02782,Website,120
A02782,Website,219
A02782,Webinar,186
A02782,Event,294
A02782,Website,263
A02783,Event,1
A02783,Event,76
A02783,Event,77
A02783,Event,135
A02783,Website,191
A02783,Website,216
A02783,Webinar,214
A02783,Event,221
A02783,Webinar,118
A02783,Website,103
A02784,Event,101
A02784,Campaign,186
A02784,Website,82
A02784,Product Page,167
A02784,Campaign,1
A02784,Webinar,201
A02784,Webinar,132
A02784,Event,216
A02784,Webinar,40
A02785,Product Page,146
A02785,Webinar,64
A02785,Product Page,255
A02785,Product Page,156
A02785,Website,132
A02785,Event,1
A02785,Webinar,175
A02785,Product Page,212
A02785,Webinar,6
A02785,Webinar,16
A02785,Event,9
A02785,Webinar,121
A02785,Campaign,1
A02785,Event,191
A02786,Product Page,149
A02786,Website,37
A02786,Website,185
A02786,Product Page,49
A02786,Campaign,157
A02786,Product Page,105
A02786,Webinar,205
A02786,Campaign,22
A02786,Product Page,107
A02786,Product Page,236
A02786,Campaign,111
A02786,Website,55
A02786,Event,86
A02786,Event,48
A02786,Product Page,8
A02787,Website,151
A02787,Webinar,79
A02787,Campaign,35
A02787,Event,231
A02787,Product Page,172
A02788,Product Page,1
A02788,Webinar,126
A02788,Webinar,96
A02788,Webinar,135
A02788,Website,81
A02788,Product Page,1
A02788,Product Page,150
A02788,Website,1
A02789,Website,95
A02789,Event,3
A02789,Event,130
A02789,Campaign,286
A02789,Campaign,114
A02789,Product Page,90
A02789,Campaign,72
A02789,Webinar,106
A02790,Product Page,90
A02790,Webinar,181
A02790,Event,217
A02790,Campaign,200
A02790,Website,123
A02790,Event,88
A02790,Event,169
A02791,Event,1
A02791,Product Page,1
A02791,Event,26
A02791,Website,121
A02791,Webinar,1
A02791,Webinar,86
A02791,Webinar,11
A02791,Website,175
A02791,Website,26
A02791,Event,92
A02791,Product Page,1
A02791,Event,265
A02791,Event,57
A02791,Product Page,89
A02791,Product Page,67
A02791,Website,1
A02792,Campaign,128
A02792,Event,187
A02792,Product Page,259
A02792,Webinar,136
A02792,Product Page,67
A02792,Campaign,226
A02793,Website,94
A02793,Campaign,219
A02793,Webinar,295
A02793,Product Page,81
A02793,Product Page,76
A02793,Webinar,171
A02793,Campaign,223
A02793,Product Page,169
A02793,Website,128
A02793,Event,137
A02793,Webinar,76
A02794,Product Page,206
A02794,Webinar,42
A02794,Campaign,98
A02794,Webinar,211
A02794,Campaign,35
A02794,Event,172
A02794,Campaign,119
A02794,Event,145
A02794,Campaign,83
A02794,Campaign,90
A02794,Campaign,188
A02795,Website,29
A02795,Campaign,163
A02795,Event,129
A02795,Campaign,119
A02795,Website,149
A02795,Webinar,134
A02795,Campaign,77
A02795,Webinar,118
A02795,Event,39
A02795,Website,106
A02795,Webinar,132
A02795,Product Page,1
A02795,Campaign,190
A02795,Webinar,78
A02795,Website,75
A02795,Webinar,3
A02796,Product Page,189
A02796,Campaign,1
A02796,Product Page,249
A02796,Campaign,21
A02796,Campaign,140
A02796,Webinar,23
A02796,Product Page,115
A02797,Campaign,205
A02797,Website,58
A02797,Webinar,1
A02797,Event,103
A02797,Website,53
A02797,Campaign,120
A02797,Product Page,186
A02797,Website,1
A02797,Event,94
A02797,Webinar,152
A02797,Webinar,100
A02797,Event,90
A02797,Campaign,189
A02797,Event,184
A02798,Product Page,128
A02798,Product Page,62
A02798,Website,110
A02798,Webinar,89
A02798,Product Page,82
A02798,Campaign,91
A02798,Event,17
A02798,Event,256
A02798,Product Page,275
A02798,Event,52
A02799,Campaign,270
A02799,Website,127
A02799,Website,62
A02799,Website,201
A02799,Product Page,201
A02799,Campaign,174
A02799,Campaign,360
A02799,Product Page,246
A02800,Campaign,5
A02800,Website,66
A02800,Event,153
A02800,Website,135
A02801,Website,230
A02801,Webinar,34
A02801,Campaign,5
A02801,Website,63
A02801,Campaign,86
A02801,Campaign,71
A02801,Event,122
A02801,Event,216
A02801,Webinar,151
A02801,Website,58
A02801,Product Page,121
A02802,Product Page,106
A02802,Event,138
A02802,Event,25
A02802,Website,72
A02802,Webinar,120
A02802,Website,98
A02803,Webinar,118
A02803,Event,53
A02803,Event,1
A02803,Product Page,18
A02803,Event,1
A02803,Website,1
A02803,Event,9
A02803,Product Page,31
A02803,Product Page,118
A02803,Website,21
A02803,Campaign,131
A02803,Product Page,18
A02804,Campaign,57
A02804,Webinar,1
A02804,Campaign,149
A02804,Product Page,220
A02804,Campaign,88
A02804,Campaign,15
A02805,Website,13
A02805,Campaign,71
A02805,Website,159
A02805,Event,87
A02805,Website,180
A02805,Product Page,59
A02806,Event,133
A02806,Campaign,112
A02806,Product Page,137
A02806,Event,290
A02806,Website,186
A02806,Campaign,281
A02806,Product Page,177
A02807,Website,8
A02807,Event,49
A02807,Product Page,260
A02807,Webinar,6
A02807,Campaign,137
A02807,Event,116
A02807,Event,156
A02808,Campaign,184
A02808,Webinar,173
A02808,Website,187
A02808,Campaign,125
A02809,Campaign,63
A02809,Website,133
A02809,Event,240
A02809,Webinar,172
A02809,Product Page,113
A02809,Event,158
A02809,Event,206
A02810,Product Page,97
A02810,Event,1
A02810,Website,61
A02810,Webinar,192
A02810,Webinar,100
A02810,Event,41
A02810,Website,1
A02810,Webinar,14
A02811,Website,71
A02811,Webinar,1
A02811,Webinar,39
A02811,Webinar,109
A02811,Product Page,144
A02811,Campaign,135
A02811,Product Page,202
A02811,Product Page,90
A02812,Website,227
A02812,Website,117
A02812,Event,80
A02812,Product Page,52
A02812,Website,83
A02812,Product Page,107
A02812,Webinar,234
A02813,Website,15
A02813,Website,71
A02813,Event,241
A02813,Campaign,41
A02813,Webinar,70
A02813,Webinar,81
A02813,Website,162
A02813,Event,123
A02813,Event,88
A02813,Campaign,160
A02814,Website,29
A02814,Webinar,128
A02814,Product Page,109
A02814,Event,100
A02814,Webinar,105
A02814,Webinar,121
A02814,Website,33
A02814,Webinar,96
A02814,Website,65
A02814,Campaign,119
A02814,Campaign,153
A02815,Webinar,137
A02815,Webinar,117
A02815,Product Page,122
A02815,Event,184
A02815,Webinar,1
A02815,Campaign,114
A02815,Product Page,120
A02815,Webinar,198
A02815,Campaign,100
A02815,Webinar,136
A02815,Product Page,43
A02815,Product Page,157
A02815,Webinar,23
A02815,Event,259
A02816,Webinar,81
A02816,Website,40
A02816,Website,101
A02816,Event,60
A02817,Campaign,39
A02817,Event,166
A02817,Event,207
A02817,Event,122
A02817,Event,115
A02817,Campaign,86
A02817,Website,51
A02818,Event,136
A02818,Event,197
A02818,Website,3
A02818,Webinar,194
A02818,Event,257
A02819,Website,58
A02819,Event,236
A02819,Website,223
A02819,Webinar,101
A02819,Campaign,224
A02820,Product Page,107
A02820,Website,121
A02820,Product Page,79
A02820,Product Page,131
A02821,Webinar,74
A02821,Campaign,53
A02821,Webinar,25
A02821,Webinar,109
A02821,Webinar,1
A02821,Product Page,81
A02821,Campaign,27
A02821,Website,137
A02821,Website,45
A02822,Campaign,86
A02822,Product Page,14
A02822,Event,177
A02822,Product Page,167
A02822,Campaign,58
A02822,Campaign,85
A02822,Webinar,31
A02822,Campaign,1
A02823,Product Page,179
A02823,Event,175
A02823,Event,118
A02823,Event,184
A02823,Campaign,133
A02823,Webinar,109
A02823,Website,201
A02823,Campaign,154
A02823,Product Page,267
A02823,Website,149
A02823,Product Page,170
A02823,Webinar,1
A02823,Website,135
A02824,Product Page,179
A02824,Event,54
A02824,Product Page,67
A02824,Campaign,69
A02824,Product Page,65
A02824,Product Page,171
A02825,Product Page,176
A02825,Website,159
A02825,Product Page,177
A02825,Event,149
A02826,Event,232
A02826,Campaign,210
A02826,Event,140
A02826,Webinar,162
A02826,Product Page,155
A02827,Event,1
A02827,Product Page,62
A02827,Webinar,77
A02827,Website,174
A02827,Website,196
A02827,Webinar,139
A02827,Event,203
A02827,Campaign,117
A02827,Product Page,86
A02828,Event,47
A02828,Website,337
A02828,Webinar,186
A02828,Event,120
A02828,Product Page,83
A02828,Campaign,98
A02828,Website,146
A02828,Product Page,1
A02828,Website,140
A02828,Campaign,252
A02828,Website,119
A02828,Webinar,113
A02829,Product Page,188
A02829,Event,217
A02829,Event,4
A02829,Product Page,146
A02829,Webinar,71
A02830,Website,153
A02830,Website,249
A02830,Campaign,211
A02830,Website,46
A02830,Website,24
A02830,Website,203
A02830,Website,162
A02830,Campaign,83
A02830,Event,161
A02830,Event,147
A02831,Product Page,77
A02831,Webinar,133
A02831,Event,96
A02831,Campaign,115
A02831,Product Page,151
A02831,Event,188
A02831,Product Page,167
A02832,Product Page,123
A02832,Campaign,1
A02832,Webinar,1
A02832,Campaign,136
A02832,Event,121
A02832,Event,142
A02833,Product Page,39
A02833,Webinar,64
A02833,Event,9
A02833,Product Page,50
A02833,Event,73
A02833,Event,43
A02833,Campaign,95
A02833,Webinar,215
A02833,Website,21
A02833,Product Page,98
A02833,Webinar,34
A02834,Event,24
A02834,Webinar,105
A02834,Product Page,1
A02834,Event,75
A02834,Product Page,81
A02834,Product Page,1
A02834,Webinar,136
A02834,Website,1
A02834,Website,128
A02834,Webinar,198
A02834,Webinar,79
A02834,Website,168
A02835,Event,242
A02835,Webinar,185
A02835,Webinar,171
A02835,Product Page,3
A02835,Campaign,114
A02835,Product Page,43
A02835,Website,1
A02836,Webinar,89
A02836,Event,39
A02836,Product Page,77
A02836,Website,126
A02836,Campaign,137
A02836,Campaign,159
A02836,Website,102
A02836,Product Page,195
A02837,Webinar,36
A02837,Webinar,267
A02837,Webinar,58
A02837,Event,146
A02837,Product Page,124
A02837,Campaign,276
A02837,Product Page,115
A02837,Webinar,66
A02837,Webinar,99
A02837,Campaign,169
A02838,Webinar,188
A02838,Campaign,286
A02838,Webinar,130
A02839,Website,104
A02839,Webinar,149
A02839,Campaign,82
A02839,Campaign,172
A02839,Campaign,142
A02839,Event,25
A02839,Website,160
A02839,Campaign,110
A02839,Event,185
A02840,Webinar,120
A02840,Event,149
A02840,Event,108
A02840,Website,139
A02840,Product Page,206
A02840,Campaign,20
A02840,Website,155
A02840,Product Page,196
A02840,Website,166
A02840,Website,46
A02840,Event,80
A02840,Product Page,96
A02840,Campaign,84
A02841,Event,270
A02841,Webinar,180
A02841,Webinar,114
A02841,Campaign,207
A02841,Website,259
A02841,Event,178
A02841,Campaign,139
A02842,Webinar,48
A02842,Website,150
A02842,Product Page,26
A02842,Webinar,176
A02842,Campaign,221
A02842,Product Page,80
A02842,Website,212
A02843,Event,236
A02843,Event,1
A02843,Product Page,157
A02843,Campaign,42
A02843,Product Page,79
A02843,Event,1
A02843,Webinar,91
A02843,Product Page,74
A02843,Webinar,55
A02843,Webinar,67
A02843,Product Page,106
A02843,Website,115
A02843,Campaign,55
A02843,Campaign,63
A02844,Website,15
A02844,Webinar,152
A02844,Product Page,47
A02844,Product Page,47
A02844,Campaign,117
A02844,Website,45
A02844,Event,157
A02845,Event,1
A02845,Event,101
A02845,Event,24
A02845,Website,50
A02845,Website,21
A02845,Campaign,24
A02845,Website,1
A02845,Campaign,73
A02845,Event,129
A02845,Webinar,104
A02845,Event,67
A02846,Event,191
A02846,Campaign,123
A02846,Event,26
A02846,Product Page,20
A02846,Website,86
A02846,Event,79
A02846,Webinar,48
A02846,Website,158
A02846,Product Page,119
A02847,Campaign,1
A02847,Website,49
A02847,Product Page,29
A02847,Campaign,22
A02847,Product Page,74
A02847,Product Page,99
A02848,Product Page,115
A02848,Product Page,92
A02848,Product Page,1
A02848,Webinar,89
A02848,Campaign,110
A02848,Website,1
A02848,Campaign,54
A02848,Event,1
A02848,Webinar,142
A02848,Webinar,1
A02848,Website,1
A02848,Webinar,70
A02849,Webinar,117
A02849,Webinar,168
A02849,Webinar,138
A02849,Product Page,1
A02849,Webinar,5
A02849,Product Page,175
A02849,Product Page,106
A02849,Product Page,24
A02849,Product Page,77
A02849,Webinar,1
A02849,Event,123
A02849,Event,192
A02849,Product Page,3
A02849,Website,75
A02849,Website,58
A02849,Campaign,124
A02850,Event,22
A02850,Campaign,190
A02850,Webinar,101
A02850,Website,161
A02850,Website,161
A02850,Campaign,185
A02850,Product Page,253
A02850,Website,229
A02850,Product Page,132
A02850,Webinar,43
A02850,Product Page,335
A02851,Product Page,191
A02851,Product Page,33
A02851,Event,1
A02851,Product Page,47
A02851,Event,202
A02851,Event,2
A02851,Event,144
A02851,Campaign,1
A02851,Webinar,178
A02851,Product Page,113
A02851,Campaign,113
A02851,Product Page,1
A02851,Webinar,237
A02851,Webinar,76
A02851,Webinar,225
A02851,Event,47
A02851,Webinar,195
A02852,Event,69
A02852,Webinar,114
A02852,Website,76
A02852,Product Page,86
A02852,Website,85
A02852,Campaign,137
A02852,Campaign,166
A02852,Website,105
A02852,Website,1
A02852,Webinar,210
A02852,Event,62
A02852,Webinar,69
A02852,Website,163
A02852,Webinar,62
A02853,Product Page,164
A02853,Website,137
A02853,Event,222
A02853,Campaign,39
A02853,Event,191
A02853,Website,41
A02853,Website,59
A02853,Website,42
A02853,Event,87
A02853,Product Page,174
A02853,Product Page,257
A02853,Webinar,107
A02853,Product Page,61
A02854,Product Page,164
A02854,Webinar,164
A02854,Website,58
A02854,Product Page,107
A02854,Webinar,36
A02854,Campaign,158
A02854,Webinar,92
A02854,Product Page,163
A02854,Event,60
A02855,Webinar,186
A02855,Product Page,128
A02855,Product Page,82
A02855,Campaign,111
A02855,Product Page,192
A02855,Campaign,36
A02855,Product Page,233
A02855,Campaign,130
A02855,Event,123
A02856,Website,230
A02856,Product Page,48
A02856,Event,130
A02856,Campaign,164
A02856,Website,93
A02856,Website,213
A02856,Website,226
A02856,Product Page,134
A02856,Webinar,1
A02856,Website,111
A02856,Product Page,195
A02857,Event,63
A02857,Webinar,196
A02858,Webinar,256
A02858,Website,7
A02858,Webinar,178
A02858,Product Page,72
A02858,Event,88
A02858,Campaign,152
A02858,Website,96
A02858,Webinar,222
A02858,Website,183
A02859,Webinar,41
A02859,Website,80
A02859,Webinar,58
A02859,Website,181
A02859,Product Page,56
A02859,Website,22
A02859,Campaign,134
A02859,Campaign,1
A02859,Campaign,26
A02859,Product Page,44
A02859,Campaign,1
A02859,Webinar,123
A02860,Website,74
A02860,Product Page,265
A02860,Webinar,147
A02860,Event,105
A02861,Product Page,215
A02861,Product Page,234
A02861,Event,139
A02861,Website,66
A02862,Product Page,126
A02862,Event,1
A02862,Product Page,91
A02862,Webinar,225
A02862,Website,135
A02863,Product Page,163
A02863,Event,69
A02863,Product Page,1
A02863,Campaign,104
A02863,Website,33
A02863,Product Page,1
A02863,Event,24
A02863,Website,202
A02863,Campaign,1
A02863,Website,98
A02863,Event,87
A02863,Product Page,68
A02863,Webinar,65
A02863,Event,77
A02863,Event,172
A02863,Webinar,88
A02864,Website,95
A02864,Webinar,81
A02864,Event,76
A02864,Website,139
A02864,Website,238
A02864,Product Page,175
A02865,Webinar,163
A02865,Event,219
A02865,Webinar,158
A02865,Webinar,138
A02865,Webinar,54
A02865,Campaign,139
A02865,Campaign,185
A02865,Website,68
A02865,Product Page,65
A02865,Campaign,58
A02865,Product Page,89
A02865,Website,16
A02865,Event,174
A02865,Website,160
A02865,Website,200
A02865,Product Page,7
A02865,Product Page,169
A02865,Website,95
A02865,Event,118
A02865,Website,112
A02866,Website,49
A02866,Event,83
A02866,Event,113
A02866,Event,66
A02866,Product Page,72
A02866,Campaign,139
A02866,Product Page,81
A02866,Website,155
A02867,Event,102
A02867,Event,189
A02867,Product Page,70
A02867,Product Page,181
A02867,Event,182
A02867,Website,221
A02867,Campaign,224
A02867,Campaign,182
A02867,Product Page,32
A02867,Campaign,172
A02867,Campaign,228
A02868,Product Page,100
A02868,Event,98
A02868,Product Page,106
A02868,Webinar,64
A02868,Website,142
A02868,Product Page,11
A02868,Website,43
A02868,Webinar,150
A02868,Campaign,169
A02868,Website,264
A02868,Webinar,165
A02868,Product Page,120
A02868,Event,38
A02868,Event,97
A02868,Campaign,71
A02868,Event,144
A02868,Website,1
A02868,Webinar,123
A02869,Event,103
A02869,Event,89
A02869,Website,111
A02869,Product Page,99
A02869,Event,1
A02869,Campaign,1
A02869,Product Page,17
A02869,Campaign,108
A02869,Product Page,85
A02869,Webinar,37
A02869,Campaign,1
A02870,Event,71
A02870,Event,1
A02870,Campaign,1
A02870,Product Page,1
A02870,Website,107
A02870,Website,18
A02870,Webinar,62
A02870,Product Page,27
A02870,Product Page,52
A02870,Product Page,54
A02870,Event,72
A02870,Campaign,90
A02870,Website,18
A02871,Product Page,169
A02871,Product Page,107
A02871,Campaign,143
A02871,Campaign,174
A02871,Webinar,199
A02871,Event,191
A02871,Event,203
A02872,Product Page,60
A02872,Website,41
A02872,Webinar,135
A02872,Campaign,158
A02872,Website,172
A02872,Campaign,160
A02872,Campaign,218
A02872,Webinar,1
A02872,Product Page,83
A02872,Campaign,233
A02873,Webinar,165
A02873,Website,149
A02873,Website,100
A02873,Event,23
A02873,Campaign,148
A02873,Product Page,1
A02873,Webinar,117
A02873,Event,67
A02873,Webinar,97
A02873,Event,152
A02873,Event,158
A02873,Campaign,1
A02873,Campaign,67
A02874,Webinar,154
A02874,Product Page,162
A02874,Website,82
A02874,Webinar,246
A02875,Event,149
A02875,Campaign,200
A02875,Website,121
A02875,Event,11
A02875,Website,151
A02875,Webinar,1
A02875,Campaign,118
A02875,Event,15
A02875,Product Page,172
A02875,Product Page,165
A02875,Event,86
A02875,Website,69
A02876,Webinar,276
A02876,Website,1
A02876,Website,146
A02876,Event,109
A02876,Website,187
A02876,Campaign,134
A02876,Webinar,171
A02876,Webinar,195
A02877,Webinar,151
A02877,Webinar,113
A02877,Event,98
A02877,Webinar,118
A02877,Product Page,120
A02878,Campaign,59
A02878,Campaign,208
A02878,Webinar,167
A02878,Webinar,196
A02878,Event,47
A02878,Website,210
A02878,Product Page,123
A02878,Event,236
A02878,Product Page,1
A02878,Event,99
A02878,Webinar,195
A02879,Campaign,1
A02879,Campaign,118
A02879,Product Page,90
A02879,Webinar,81
A02879,Product Page,1
A02879,Event,215
A02879,Campaign,74
A02880,Campaign,118
A02880,Campaign,95
A02880,Product Page,187
A02880,Website,133
A02880,Campaign,332
A02880,Webinar,128
A02880,Product Page,180
A02880,Webinar,159
A02880,Website,46
A02880,Website,226
A02880,Product Page,62
A02880,Event,109
A02880,Website,181
A02880,Product Page,122
A02880,Product Page,78
A02881,Webinar,169
A02881,Website,196
A02881,Event,40
A02881,Product Page,79
A02881,Campaign,186
A02881,Product Page,114
A02881,Webinar,88
A02882,Product Page,20
A02882,Webinar,88
A02882,Event,61
A02882,Webinar,270
A02882,Website,47
A02883,Event,205
A02883,Event,159
A02883,Website,179
A02883,Product Page,201
A02883,Product Page,57
A02883,Event,81
A02883,Website,17
A02883,Website,227
A02883,Event,1
A02883,Webinar,1
A02883,Website,13
A02883,Product Page,21
A02884,Product Page,128
A02884,Event,229
A02884,Campaign,238
A02884,Campaign,139
A02884,Campaign,103
A02884,Campaign,23
A02884,Product Page,195
A02884,Webinar,179
A02884,Event,134
A02884,Event,152
A02884,Product Page,111
A02884,Campaign,88
A02884,Event,149
A02884,Product Page,174
A02884,Product Page,56
A02885,Webinar,269
A02885,Webinar,93
A02885,Webinar,135
A02885,Product Page,146
A02885,Event,61
A02885,Campaign,193
A02885,Event,243
A02886,Campaign,180
A02886,Campaign,279
A02886,Webinar,254
A02886,Website,164
A02886,Event,185
A02887,Event,35
A02887,Website,89
A02887,Campaign,14
A02887,Product Page,129
A02887,Website,72
A02887,Campaign,25
A02887,Event,8
A02887,Webinar,128
A02887,Campaign,150
A02887,Website,147
A02887,Campaign,43
A02888,Event,292
A02888,Webinar,196
A02888,Product Page,258
A02888,Website,137
A02889,Event,163
A02889,Website,84
A02889,Event,91
A02889,Campaign,98
A02889,Event,49
A02889,Webinar,31
A02889,Campaign,177
A02889,Product Page,89
A02889,Webinar,142
A02889,Event,62
A02889,Website,75
A02889,Webinar,206
A02889,Webinar,134
A02889,Campaign,98
A02890,Campaign,141
A02890,Product Page,151
A02890,Website,196
A02890,Website,197
A02890,Webinar,207
A02890,Product Page,134
A02890,Webinar,26
A02890,Campaign,197
A02890,Event,128
A02890,Campaign,233
A02890,Webinar,220
A02890,Campaign,129
A02891,Webinar,179
A02891,Website,202
A02891,Event,99
A02891,Campaign,286
A02891,Webinar,111
A02891,Product Page,122
A02891,Product Page,134
A02891,Event,106
A02891,Event,215
A02892,Event,100
A02892,Webinar,88
A02892,Website,98
A02892,Event,32
A02892,Campaign,52
A02892,Event,136
A02892,Webinar,66
A02892,Event,89
A02892,Event,7
A02893,Event,154
A02893,Website,127
A02893,Campaign,86
A02893,Campaign,88
A02893,Product Page,93
A02893,Campaign,88
A02894,Webinar,209
A02894,Campaign,275
A02894,Event,193
A02894,Webinar,193
A02894,Product Page,112
A02894,Campaign,114
A02894,Event,66
A02894,Website,177
A02895,Event,38
A02895,Event,69
A02895,Product Page,219
A02895,Campaign,88
A02896,Webinar,1
A02896,Website,35
A02896,Event,76
A02896,Campaign,92
A02896,Product Page,107
A02896,Webinar,97
A02896,Webinar,191
A02896,Campaign,73
A02897,Website,112
A02897,Campaign,142
A02897,Website,132
A02897,Webinar,12
A02897,Product Page,52
A02897,Event,196
A02897,Campaign,87
A02897,Webinar,119
A02898,Webinar,32
A02898,Website,160
A02898,Website,163
A02898,Website,1
A02899,Campaign,147
A02899,Website,229
A02899,Webinar,273
A02900,Product Page,139
A02900,Event,265
A02900,Webinar,77
A02900,Event,203
A02900,Product Page,101
A02900,Webinar,81
A02901,Campaign,1
A02901,Event,119
A02901,Event,1
A02901,Product Page,105
A02901,Campaign,132
A02901,Webinar,78
A02901,Event,1
A02901,Website,1
A02901,Campaign,95
A02901,Event,94
A02901,Webinar,98
A02901,Campaign,109
A02901,Webinar,1
A02901,Event,162
A02902,Website,181
A02902,Event,86
A02902,Event,264
A02902,Event,182
A02902,Product Page,128
A02902,Campaign,239
A02903,Event,28
A02903,Event,161
A02903,Webinar,90
A02903,Campaign,24
A02903,Event,240
A02903,Product Page,124
A02903,Website,88
A02903,Website,102
A02903,Website,15
A02903,Event,227
A02903,Product Page,242
A02904,Website,97
A02904,Website,1
A02904,Product Page,91
A02904,Website,217
A02904,Event,152
A02904,Webinar,139
A02904,Campaign,1
A02904,Campaign,51
A02904,Event,81
A02904,Website,57
A02904,Campaign,1
A02904,Website,171
A02904,Campaign,43
A02904,Website,133
A02904,Webinar,144
A02905,Campaign,239
A02905,Webinar,223
A02905,Website,68
A02905,Product Page,141
A02905,Event,216
A02905,Website,185
A02905,Event,45
A02905,Event,136
A02905,Campaign,102
A02905,Event,83
A02906,Campaign,84
A02906,Event,112
A02906,Campaign,5
A02906,Campaign,120
A02906,Event,1
A02906,Campaign,118
A02906,Campaign,178
A02907,Campaign,93
A02907,Event,183
A02907,Campaign,109
A02907,Product Page,1
A02907,Website,173
A02907,Campaign,193
A02907,Product Page,127
A02907,Campaign,180
A02908,Event,33
A02908,Website,152
A02908,Website,84
A02908,Webinar,70
A02908,Product Page,71
A02908,Event,89
A02908,Webinar,1
A02908,Webinar,58
A02908,Product Page,120
A02908,Website,34
A02908,Product Page,134
A02909,Campaign,1
A02909,Product Page,228
A02909,Campaign,200
A02910,Website,128
A02910,Website,266
A02910,Webinar,128
A02910,Website,210
A02910,Webinar,137
A02910,Event,147
A02910,Event,62
A02910,Campaign,145
A02910,Webinar,172
A02911,Campaign,234
A02911,Product Page,205
A02911,Website,164
A02911,Event,11
A02911,Event,125
A02911,Event,180
A02911,Campaign,1
A02911,Campaign,69
A02911,Product Page,78
A02911,Webinar,25
A02911,Event,106
A02911,Event,153
A02911,Campaign,150
A02911,Product Page,61
A02911,Product Page,105
A02911,Webinar,162
A02911,Campaign,103
A02911,Event,118
A02912,Webinar,60
A02912,Website,45
A02912,Website,142
A02912,Campaign,42
A02912,Webinar,131
A02912,Campaign,31
A02912,Product Page,14
A02912,Campaign,41
A02912,Webinar,184
A02912,Product Page,169
A02912,Campaign,17
A02912,Webinar,184
A02912,Event,34
A02913,Event,172
A02913,Website,1
A02913,Event,213
A02914,Webinar,155
A02914,Website,134
A02914,Website,143
A02914,Product Page,152
A02914,Website,91
A02914,Webinar,126
A02914,Webinar,140
A02914,Campaign,163
A02914,Website,184
A02914,Event,94
A02914,Event,136
A02915,Event,135
A02915,Product Page,15
A02915,Campaign,28
A02915,Product Page,143
A02915,Website,161
A02915,Campaign,101
A02915,Product Page,131
A02915,Webinar,17
A02915,Website,173
A02915,Webinar,1
A02915,Webinar,43
A02915,Product Page,95
A02916,Campaign,104
A02916,Website,161
A02916,Campaign,97
A02916,Product Page,7
A02916,Webinar,70
A02916,Campaign,199
A02916,Event,134
A02916,Product Page,141
A02917,Website,78
A02917,Product Page,264
A02917,Event,133
A02917,Webinar,53
A02917,Product Page,233
A02917,Website,162
A02917,Campaign,57
A02917,Webinar,156
A02917,Product Page,1
A02917,Website,68
A02918,Campaign,109
A02918,Campaign,180
A02918,Website,236
A02918,Event,125
A02918,Event,171
A02918,Webinar,187
A02918,Product Page,107
A02918,Website,124
A02918,Event,243
A02918,Product Page,189
A02918,Website,310
A02918,Event,118
A02918,Product Page,102
A02918,Event,70
A02919,Campaign,30
A02919,Webinar,111
A02919,Campaign,32
A02919,Webinar,127
A02919,Event,29
A02919,Event,190
A02919,Product Page,65
A02919,Product Page,44
A02919,Product Page,44
A02919,Campaign,1
A02919,Website,150
A02919,Website,113
A02919,Webinar,42
A02919,Event,1
A02920,Campaign,82
A02920,Event,141
A02920,Product Page,144
A02920,Event,125
A02920,Product Page,111
A02920,Campaign,304
A02920,Webinar,92
A02920,Event,177
A02921,Webinar,31
A02921,Website,91
A02921,Campaign,123
A02921,Product Page,106
A02921,Product Page,144
A02921,Event,106
A02921,Campaign,1
A02921,Webinar,29
A02921,Product Page,116
A02921,Product Page,45
A02921,Campaign,141
A02922,Webinar,1
A02922,Campaign,1
A02922,Product Page,1
A02922,Event,66
A02922,Campaign,106
A02922,Website,49
A02922,Product Page,28
A02922,Webinar,1
A02922,Website,1
A02922,Website,58
A02922,Event,56
A02923,Webinar,158
A02923,Website,108
A02923,Webinar,177
A02923,Product Page,50
A02923,Webinar,152
A02923,Campaign,175
A02923,Campaign,69
A02923,Campaign,139
A02923,Product Page,59
A02923,Webinar,150
A02923,Webinar,113
A02923,Event,301
A02923,Campaign,142
A02923,Campaign,58
A02924,Website,133
A02924,Campaign,54
A02924,Product Page,204
A02924,Website,167
A02924,Campaign,121
A02924,Event,91
A02924,Product Page,179
A02924,Event,146
A02924,Website,76
A02924,Webinar,80
A02924,Product Page,134
A02924,Product Page,236
A02924,Campaign,10
A02924,Product Page,52
A02924,Webinar,34
A02925,Webinar,238
A02925,Product Page,103
A02925,Event,43
A02925,Website,161
A02925,Event,255
A02925,Product Page,66
A02925,Website,159
A02925,Campaign,208
A02925,Webinar,73
A02925,Webinar,155
A02925,Event,57
A02926,Webinar,91
A02926,Event,81
A02926,Campaign,234
A02926,Webinar,65
A02926,Event,109
A02926,Event,169
A02926,Event,71
A02927,Event,147
A02927,Event,112
A02927,Product Page,77
A02927,Campaign,157
A02927,Campaign,65
A02927,Campaign,196
A02927,Campaign,45
A02928,Event,95
A02928,Campaign,169
A02928,Event,43
A02928,Webinar,89
A02928,Event,133
A02928,Campaign,109
A02928,Event,169
A02928,Website,132
A02928,Campaign,27
A02928,Event,21
A02928,Webinar,88
A02928,Campaign,11
A02928,Event,93
A02929,Product Page,127
A02929,Website,129
A02929,Event,30
A02929,Campaign,255
A02929,Event,133
A02929,Campaign,141
A02929,Product Page,162
A02929,Event,30
A02929,Campaign,223
A02929,Product Page,89
A02929,Webinar,73
A02929,Campaign,49
A02929,Product Page,221
A02930,Webinar,132
A02930,Website,168
A02930,Event,178
A02930,Campaign,115
A02930,Event,166
A02930,Campaign,210
A02930,Product Page,157
A02930,Website,164
A02930,Campaign,260
A02930,Webinar,85
A02930,Event,103
A02931,Campaign,87
A02931,Campaign,189
A02931,Campaign,186
A02931,Product Page,261
A02932,Product Page,149
A02932,Event,149
A02932,Campaign,81
A02932,Campaign,122
A02932,Webinar,119
A02932,Event,131
A02932,Webinar,94
A02932,Website,95
A02932,Website,134
A02932,Event,164
A02932,Campaign,165
A02932,Website,103
A02932,Webinar,16
A02932,Website,96
A02933,Webinar,1
A02933,Campaign,162
A02933,Product Page,93
A02933,Product Page,213
A02933,Webinar,272
A02934,Product Page,180
A02934,Website,47
A02934,Product Page,61
A02934,Webinar,100
A02934,Webinar,229
A02934,Campaign,194
A02934,Webinar,1
A02934,Product Page,161
A02934,Product Page,25
A02934,Product Page,354
A02934,Webinar,1
A02934,Webinar,278
A02934,Campaign,111
A02935,Event,96
A02935,Website,210
A02935,Product Page,155
A02935,Website,14
A02935,Campaign,138
A02935,Webinar,186
A02935,Product Page,92
A02935,Product Page,198
A02936,Website,166
A02936,Website,53
A02936,Campaign,5
A02936,Website,202
A02936,Website,147
A02936,Product Page,96
A02936,Product Page,182
A02936,Webinar,56
A02936,Product Page,120
A02936,Event,212
A02936,Campaign,112
A02936,Product Page,122
A02937,Website,98
A02937,Event,47
A02937,Event,177
A02937,Event,104
A02937,Product Page,98
A02937,Event,1
A02937,Event,114
A02937,Campaign,95
A02937,Event,78
A02937,Website,91
A02937,Campaign,1
A02938,Product Page,126
A02938,Webinar,105
A02938,Webinar,343
A02938,Webinar,198
A02938,Webinar,173
A02938,Event,116
A02938,Campaign,143
A02938,Campaign,107
A02939,Webinar,126
A02939,Campaign,111
A02939,Website,130
A02939,Event,139
A02939,Campaign,206
A02939,Website,98
A02940,Event,146
A02940,Event,48
A02940,Product Page,185
A02940,Webinar,206
A02940,Webinar,129
A02940,Event,20
A02940,Webinar,74
A02940,Website,166
A02940,Event,172
A02940,Product Page,244
A02940,Campaign,170
A02941,Event,50
A02941,Product Page,1
A02941,Event,261
A02941,Webinar,276
A02941,Website,1
A02941,Campaign,236
A02941,Campaign,78
A02941,Webinar,112
A02941,Webinar,90
A02941,Event,174
A02941,Event,1
A02941,Product Page,178
A02941,Campaign,191
A02941,Website,47
A02941,Website,4
A02941,Website,22
A02941,Product Page,119
A02942,Product Page,90
A02942,Product Page,98
A02942,Website,11
A02942,Product Page,1
A02942,Event,1
A02942,Webinar,153
A02942,Campaign,181
A02942,Event,37
A02942,Product Page,35
A02942,Product Page,52
A02942,Product Page,153
A02942,Webinar,1
A02943,Product Page,107
A02943,Campaign,149
A02943,Webinar,181
A02944,Webinar,59
A02944,Webinar,238
A02944,Event,116
A02944,Website,92
A02944,Webinar,217
A02944,Website,60
A02944,Campaign,119
A02945,Product Page,111
A02945,Webinar,45
A02945,Campaign,12
A02945,Event,148
A02945,Webinar,73
A02945,Webinar,213
A02945,Website,49
A02945,Event,83
A02945,Website,117
A02945,Event,124
A02945,Campaign,125
A02945,Product Page,94
A02945,Product Page,123
A02945,Event,132
A02945,Campaign,25
A02945,Campaign,55
A02945,Product Page,1
A02946,Event,101
A02946,Website,151
A02946,Webinar,248
A02946,Webinar,217
A02946,Campaign,157
A02946,Webinar,165
A02946,Webinar,339
A02946,Campaign,202
A02946,Product Page,181
A02946,Campaign,124
A02947,Webinar,112
A02947,Product Page,174
A02947,Website,171
A02947,Campaign,162
A02947,Product Page,77
A02948,Campaign,201
A02948,Website,176
A02948,Event,78
A02948,Webinar,282
A02948,Website,127
A02948,Webinar,1
A02948,Campaign,114
A02948,Webinar,18
A02948,Event,188
A02949,Event,1
A02949,Product Page,125
A02949,Campaign,92
A02949,Campaign,131
A02949,Product Page,157
A02949,Website,14
A02950,Event,277
A02950,Product Page,217
A02950,Website,278
A02950,Webinar,257
A02950,Campaign,41
A02951,Website,1
A02951,Product Page,123
A02951,Webinar,1
A02951,Campaign,1
A02951,Event,198
A02951,Event,95
A02951,Webinar,188
A02952,Product Page,214
A02952,Product Page,41
A02952,Product Page,115
A02952,Product Page,168
A02953,Campaign,65
A02953,Webinar,230
A02953,Website,162
A02953,Webinar,137
A02953,Webinar,143
A02954,Webinar,182
A02954,Product Page,129
A02954,Campaign,82
A02954,Website,224
A02955,Website,95
A02955,Website,1
A02955,Campaign,72
A02955,Event,7
A02955,Campaign,1
A02955,Product Page,132
A02955,Product Page,40
A02955,Webinar,169
A02955,Event,175
A02956,Website,115
A02956,Product Page,112
A02956,Campaign,98
A02956,Event,1
A02956,Product Page,54
A02956,Webinar,29
A02956,Product Page,111
A02956,Website,1
A02956,Product Page,1
A02957,Product Page,161
A02957,Website,106
A02957,Event,56
A02957,Webinar,100
A02957,Campaign,90
A02957,Webinar,224
A02957,Product Page,186
A02957,Event,110
A02957,Event,61
A02957,Website,234
A02957,Event,89
A02957,Webinar,184
A02957,Campaign,172
A02957,Website,237
A02957,Website,18
A02958,Campaign,148
A02958,Webinar,263
A02958,Campaign,113
A02958,Website,180
A02958,Event,133
A02958,Website,97
A02958,Event,95
A02958,Event,166
A02958,Webinar,182
A02958,Campaign,50
A02958,Website,6
A02958,Webinar,267
A02959,Campaign,87
A02959,Product Page,127
A02959,Event,149
A02959,Website,124
A02959,Product Page,83
A02960,Product Page,79
A02960,Website,88
A02960,Webinar,72
A02960,Campaign,1
A02960,Campaign,104
A02960,Website,119
A02960,Product Page,129
A02960,Campaign,51
A02961,Campaign,106
A02961,Webinar,19
A02961,Product Page,154
A02961,Product Page,96
A02961,Event,222
A02962,Product Page,47
A02962,Product Page,210
A02962,Campaign,150
A02962,Product Page,83
A02962,Product Page,150
A02962,Webinar,78
A02962,Event,92
A02962,Campaign,78
A02963,Campaign,114
A02963,Website,77
A02963,Website,178
A02963,Website,88
A02963,Campaign,6
A02963,Product Page,1
A02963,Webinar,10
A02963,Event,67
A02964,Event,60
A02964,Webinar,143
A02964,Campaign,133
A02964,Webinar,155
A02965,Website,133
A02965,Website,159
A02965,Website,109
A02965,Event,171
A02965,Webinar,1
A02965,Campaign,19
A02965,Webinar,208
A02966,Website,6
A02966,Event,93
A02966,Event,184
A02966,Campaign,86
A02966,Event,162
A02966,Website,82
A02967,Campaign,59
A02967,Event,127
A02967,Product Page,88
A02967,Webinar,46
A02967,Event,41
A02967,Event,82
A02967,Website,174
A02967,Event,264
A02967,Webinar,100
A02967,Campaign,155
A02967,Product Page,33
A02967,Webinar,87
A02968,Product Page,141
A02968,Webinar,1
A02968,Event,91
A02968,Campaign,22
A02968,Event,138
A02968,Website,164
A02968,Event,123
A02968,Event,72
A02968,Website,83
A02968,Event,185
A02968,Webinar,56
A02968,Website,1
A02968,Product Page,165
A02968,Event,149
A02969,Webinar,201
A02969,Campaign,87
A02969,Event,205
A02969,Website,163
A02969,Website,119
A02969,Campaign,189
A02969,Campaign,146
A02969,Product Page,129
A02970,Webinar,167
A02971,Website,192
A02971,Campaign,210
A02971,Event,110
A02971,Event,1
A02971,Campaign,207
A02971,Product Page,78
A02971,Product Page,183
A02971,Campaign,176
A02971,Website,1
A02971,Product Page,191
A02971,Website,73
A02972,Product Page,26
A02972,Event,158
A02972,Webinar,152
A02972,Product Page,132
A02972,Campaign,172
A02972,Event,213
A02972,Product Page,150
A02972,Website,147
A02972,Product Page,200
A02972,Webinar,141
A02972,Webinar,157
A02972,Campaign,291
A02972,Webinar,173
A02972,Product Page,120
A02972,Webinar,88
A02972,Webinar,8
A02972,Campaign,126
A02972,Product Page,185
A02972,Webinar,56
A02973,Event,232
A02973,Webinar,162
A02973,Webinar,161
A02973,Website,23
A02973,Event,31
A02973,Website,87
A02973,Webinar,132
A02973,Product Page,64
A02973,Campaign,159
A02973,Product Page,129
A02973,Website,129
A02973,Product Page,66
A02973,Product Page,87
A02974,Product Page,97
A02974,Campaign,196
A02974,Product Page,153
A02974,Campaign,185
A02974,Webinar,154
A02974,Campaign,125
A02974,Product Page,158
A02974,Campaign,238
A02974,Product Page,269
A02974,Website,161
A02974,Product Page,147
A02974,Event,179
A02975,Event,105
A02975,Campaign,113
A02975,Webinar,198
A02975,Webinar,182
A02975,Event,52
A02975,Campaign,199
A02975,Product Page,174
A02976,Product Page,19
A02976,Website,65
A02976,Webinar,218
A02976,Event,95
A02976,Event,156
A02976,Event,236
A02976,Website,202
A02976,Event,114
A02976,Website,120
A02977,Website,208
A02977,Website,169
A02977,Website,192
A02977,Event,5
A02977,Product Page,94
A02978,Website,182
A02978,Website,159
A02978,Event,207
A02978,Event,152
A02978,Webinar,200
A02978,Campaign,191
A02978,Event,97
A02978,Event,40
A02978,Product Page,122
A02978,Event,215
A02978,Website,146
A02979,Webinar,1
A02979,Event,1
A02979,Product Page,127
A02979,Product Page,1
A02979,Webinar,34
A02979,Webinar,160
A02979,Product Page,15
A02979,Event,159
A02979,Product Page,47
A02979,Campaign,160
A02979,Webinar,63
A02979,Product Page,63
A02979,Product Page,4
A02980,Webinar,132
A02980,Website,74
A02980,Webinar,123
A02980,Website,31
A02980,Product Page,162
A02980,Event,1
A02980,Webinar,148
A02980,Product Page,34
A02981,Campaign,205
A02981,Campaign,105
A02981,Event,61
A02981,Campaign,90
A02981,Event,154
A02981,Webinar,88
A02982,Product Page,133
A02982,Product Page,120
A02982,Campaign,1
A02982,Event,87
A02982,Website,71
A02982,Product Page,163
A02982,Product Page,97
A02982,Website,58
A02982,Campaign,29
A02982,Website,119
A02983,Website,99
A02983,Campaign,118
A02983,Product Page,169
A02983,Product Page,77
A02983,Product Page,84
A02984,Webinar,129
A02984,Webinar,109
A02985,Campaign,69
A02985,Webinar,24
A02985,Webinar,50
A02985,Webinar,77
A02985,Website,88
A02985,Webinar,1
A02985,Campaign,47
A02986,Campaign,128
A02986,Webinar,136
A02986,Event,181
A02986,Website,226
A02986,Webinar,163
A02986,Event,127
A02986,Website,145
A02987,Webinar,1
A02987,Website,171
A02987,Event,184
A02987,Product Page,95
A02987,Product Page,107
A02987,Product Page,1
A02987,Campaign,138
A02987,Campaign,141
A02987,Campaign,141
A02987,Product Page,74
A02988,Webinar,83
A02988,Product Page,104
A02988,Product Page,189
A02988,Campaign,1
A02988,Campaign,119
A02988,Campaign,184
A02988,Product Page,27
A02988,Product Page,1
A02988,Event,50
A02988,Website,105
A02988,Event,91
A02988,Event,65
A02988,Website,66
A02988,Campaign,1
A02989,Webinar,113
A02989,Event,39
A02989,Campaign,59
A02989,Event,159
A02989,Webinar,35
A02989,Webinar,40
A02989,Webinar,203
A02989,Website,44
A02990,Webinar,129
A02990,Webinar,1
A02990,Webinar,17
A02990,Webinar,205
A02990,Campaign,111
A02990,Webinar,46
A02990,Website,248
A02990,Campaign,73
A02990,Webinar,1
A02990,Webinar,57
A02991,Website,237
A02991,Webinar,266
A02991,Event,144
A02991,Webinar,62
A02991,Website,63
A02992,Webinar,73
A02992,Campaign,87
A02992,Product Page,170
A02992,Website,171
A02992,Event,130
A02992,Website,1
A02992,Webinar,48
A02993,Campaign,102
A02993,Campaign,147
A02993,Product Page,75
A02993,Webinar,142
A02993,Campaign,5
A02993,Website,29
A02993,Webinar,131
A02994,Campaign,176
A02994,Webinar,69
A02994,Webinar,87
A02994,Event,104
A02994,Website,276
A02994,Website,267
A02994,Webinar,158
A02995,Product Page,241
A02995,Website,78
A02995,Webinar,199
A02995,Campaign,113
A02995,Event,203
A02995,Event,93
A02996,Event,221
A02996,Website,18
A02996,Campaign,58
A02996,Product Page,73
A02996,Event,96
A02996,Webinar,41
A02996,Website,81
A02996,Webinar,177
A02996,Event,97
A02996,Product Page,35
A02996,Product Page,1
A02996,Event,91
A02996,Webinar,85
A02996,Campaign,92
A02996,Campaign,147
A02996,Campaign,168
A02996,Website,44
A02997,Event,144
A02997,Website,111
A02997,Website,119
A02997,Product Page,85
A02997,Product Page,198
A02997,Website,229
A02997,Website,130
A02997,Website,123
A02997,Campaign,161
A02997,Webinar,243
A02997,Event,58
A02997,Webinar,129
A02997,Webinar,97
A02997,Event,193
A02998,Website,154
A02998,Website,168
A02998,Campaign,94
A02998,Webinar,139
A02998,Webinar,108
A02999,Campaign,167
A02999,Product Page,192
A02999,Website,163
A02999,Website,195
A02999,Webinar,250
A02999,Website,79
A02999,Website,112
A02999,Website,38
A02999,Campaign,89
A02999,Website,82
A03000,Event,183
A03000,Product Page,61
A03000,Website,36
A03000,Campaign,53
A03000,Event,16
A03000,Event,112
