account_id,product_family,amount,status,weighted_amount
A00001,Analytics & Data,402766,Open,302074.5
A00001,Security,773734,Open,580300.5
A00001,Applications,2618438,Open,1963828.5
A00002,Database,781219,Open,585914.25
A00002,Analytics & Data,1694623,Closed,0.0
A00003,Infrastructure,1768842,Open,1326631.5
A00003,AI & ML,3729150,Open,2796862.5
A00003,Security,1612103,Open,1209077.25
A00003,Applications,756139,Open,567104.25
A00004,Infrastructure,3087205,Open,2315403.75
A00004,Database,798178,Open,598633.5
A00004,Integration,1832731,Open,1374548.25
A00005,AI & ML,1378690,Closed,0.0
A00005,Integration,1305669,Open,979251.75
A00006,Infrastructure,1064866,Open,798649.5
A00006,Security,1739010,Won,0.0
A00007,Infrastructure,1140086,Open,855064.5
A00007,AI & ML,535009,Open,401256.75
A00007,Applications,1484569,Open,1113426.75
A00007,Integration,3706782,Lost,0.0
A00008,Database,444319,Open,333239.25
A00008,Analytics & Data,972797,Won,0.0
A00009,Analytics & Data,2558966,Lost,0.0
A00009,Security,341941,Open,256455.75
A00009,Integration,1175691,Open,881768.25
A00010,Analytics & Data,1592195,Open,1194146.25
A00010,AI & ML,1552744,Open,1164558.0
A00010,Applications,310364,Open,232773.0
A00011,AI & ML,2749490,Open,2062117.5
A00011,Security,3820858,Won,0.0
A00012,Analytics & Data,638335,Open,478751.25
A00012,Security,247138,Open,185353.5
A00012,Applications,1622614,Won,0.0
A00013,Analytics & Data,2171839,Lost,0.0
A00013,Security,719447,Open,539585.25
A00015,AI & ML,1025194,Open,768895.5
A00015,Integration,1416945,Open,1062708.75
A00016,Infrastructure,1534365,Closed,0.0
A00016,Database,279119,Won,0.0
A00016,AI & ML,691069,Open,518301.75
A00016,Integration,1456413,Open,1092309.75
A00017,Analytics & Data,875852,Open,656889.0
A00017,Applications,4458743,Open,3344057.25
A00018,Infrastructure,4450453,Closed,0.0
A00018,Database,609406,Won,0.0
A00018,AI & ML,791522,Open,593641.5
A00019,Analytics & Data,864445,Open,648333.75
A00019,Applications,1639742,Open,1229806.5
A00020,Analytics & Data,1998568,Open,1498926.0
A00020,Security,982826,Open,737119.5
A00020,Integration,2417572,Open,1813179.0
A00021,Infrastructure,409505,Open,307128.75
A00021,Security,6744384,Open,5058288.0
A00021,Applications,798801,Open,599100.75
A00022,Analytics & Data,2486637,Open,1864977.75
A00022,AI & ML,955169,Open,716376.75
A00022,Applications,908203,Open,681152.25
A00023,Analytics & Data,1651883,Won,0.0
A00023,AI & ML,2552398,Open,1914298.5
A00024,Analytics & Data,1426779,Open,1070084.25
A00025,Analytics & Data,985799,Open,739349.25
A00025,AI & ML,4304335,Lost,0.0
A00025,Applications,311363,Won,0.0
A00026,AI & ML,1913753,Open,1435314.75
A00026,Security,664340,Open,498255.0
A00026,Applications,974062,Won,0.0
A00026,Integration,726630,Open,544972.5
A00027,Database,1723065,Lost,0.0
A00027,Analytics & Data,1182439,Lost,0.0
A00027,Security,2159037,Lost,0.0
A00027,Applications,1536513,Lost,0.0
A00028,AI & ML,716685,Open,537513.75
A00028,Security,1825140,Open,1368855.0
A00028,Applications,2315182,Open,1736386.5
A00029,Security,387630,Open,290722.5
A00030,Analytics & Data,480540,Closed,0.0
A00030,Security,627519,Open,470639.25
A00030,Integration,346633,Open,259974.75
A00031,Analytics & Data,890427,Lost,0.0
A00031,Security,1368197,Open,1026147.75
A00031,Integration,1037014,Open,777760.5
A00032,Infrastructure,1085919,Won,0.0
A00032,Database,1685184,Open,1263888.0
A00032,AI & ML,551874,Open,413905.5
A00032,Applications,9337377,Open,7003032.75
A00033,Database,1987138,Won,0.0
A00034,Database,691631,Open,518723.25
A00034,AI & ML,981713,Open,736284.75
A00035,AI & ML,999160,Closed,0.0
A00035,Security,427910,Open,320932.5
A00035,Applications,3152299,Open,2364224.25
A00035,Integration,710080,Open,532560.0
A00036,Analytics & Data,3471732,Open,2603799.0
A00037,AI & ML,5763453,Open,4322589.75
A00037,Security,1653499,Open,1240124.25
A00038,Analytics & Data,1369197,Open,1026897.75
A00038,AI & ML,1006994,Open,755245.5
A00038,Integration,4545184,Won,0.0
A00039,Applications,1888048,Open,1416036.0
A00041,Infrastructure,4161454,Closed,0.0
A00041,Applications,538724,Won,0.0
A00042,Database,1029422,Open,772066.5
A00042,AI & ML,1360607,Won,0.0
A00042,Applications,1692060,Open,1269045.0
A00042,Integration,728587,Open,546440.25
A00043,Infrastructure,1245369,Open,934026.75
A00043,Applications,1594271,Open,1195703.25
A00044,AI & ML,1782072,Won,0.0
A00045,Analytics & Data,807315,Closed,0.0
A00045,AI & ML,2433643,Won,0.0
A00046,AI & ML,1662818,Open,1247113.5
A00047,Infrastructure,1612315,Closed,0.0
A00047,Security,1229285,Open,921963.75
A00047,Applications,1655095,Open,1241321.25
A00048,Analytics & Data,3125069,Open,2343801.75
A00048,AI & ML,702599,Open,526949.25
A00048,Integration,4282854,Won,0.0
A00049,Database,730848,Open,548136.0
A00049,AI & ML,1337490,Won,0.0
A00049,Security,1081294,Won,0.0
A00049,Integration,1130075,Won,0.0
A00050,Database,1999811,Lost,0.0
A00050,Security,5662718,Open,4247038.5
A00050,Applications,1932993,Open,1449744.75
A00050,Integration,2003026,Open,1502269.5
A00052,Database,2876955,Open,2157716.25
A00052,Analytics & Data,1346672,Closed,0.0
A00053,AI & ML,1157334,Closed,0.0
A00053,Security,2375732,Won,0.0
A00053,Applications,309821,Open,232365.75
A00054,Infrastructure,3642668,Won,0.0
A00054,Security,480284,Lost,0.0
A00054,Integration,2167223,Lost,0.0
A00055,Database,1875424,Open,1406568.0
A00055,Integration,1150740,Open,863055.0
A00056,Infrastructure,1336564,Closed,0.0
A00057,Database,2383333,Open,1787499.75
A00058,Infrastructure,2728214,Open,2046160.5
A00058,AI & ML,1042343,Won,0.0
A00058,Security,2412539,Open,1809404.25
A00058,Integration,1817867,Closed,0.0
A00059,AI & ML,2330470,Won,0.0
A00060,Infrastructure,215239,Open,161429.25
A00061,Infrastructure,1361117,Lost,0.0
A00061,Database,1297235,Open,972926.25
A00061,AI & ML,1304053,Open,978039.75
A00061,Security,898371,Open,673778.25
A00062,Analytics & Data,4358840,Open,3269130.0
A00062,Applications,2451357,Open,1838517.75
A00063,Analytics & Data,1635023,Open,1226267.25
A00063,Applications,1101760,Closed,0.0
A00063,Integration,953743,Open,715307.25
A00064,Database,2470094,Open,1852570.5
A00064,Integration,3629191,Open,2721893.25
A00065,Analytics & Data,2126822,Open,1595116.5
A00065,AI & ML,1220140,Lost,0.0
A00065,Applications,1488611,Open,1116458.25
A00065,Integration,803366,Closed,0.0
A00066,AI & ML,1564904,Open,1173678.0
A00066,Security,338270,Open,253702.5
A00067,Analytics & Data,878585,Lost,0.0
A00068,Infrastructure,1490937,Open,1118202.75
A00068,Database,609400,Closed,0.0
A00068,Security,315675,Open,236756.25
A00068,Applications,1093252,Closed,0.0
A00069,Infrastructure,1623142,Open,1217356.5
A00069,Analytics & Data,2247535,Open,1685651.25
A00070,Database,9502833,Open,7127124.75
A00070,AI & ML,1071642,Open,803731.5
A00070,Applications,1234377,Open,925782.75
A00071,Analytics & Data,561176,Open,420882.0
A00071,Applications,3187192,Lost,0.0
A00072,Infrastructure,3522851,Won,0.0
A00072,Integration,2105615,Open,1579211.25
A00073,AI & ML,924641,Open,693480.75
A00073,Applications,1382998,Lost,0.0
A00074,Infrastructure,484452,Open,363339.0
A00074,AI & ML,430041,Won,0.0
A00074,Applications,575415,Open,431561.25
A00075,Infrastructure,3090913,Open,2318184.75
A00075,Database,6058607,Open,4543955.25
A00075,Integration,1223282,Open,917461.5
A00076,Applications,899904,Open,674928.0
A00076,Integration,1892549,Lost,0.0
A00078,Database,1126281,Open,844710.75
A00079,Analytics & Data,415844,Lost,0.0
A00079,AI & ML,906858,Won,0.0
A00079,Integration,1269502,Lost,0.0
A00080,Infrastructure,2618754,Lost,0.0
A00080,AI & ML,754867,Open,566150.25
A00081,Database,1018701,Open,764025.75
A00082,Database,1245638,Open,934228.5
A00082,AI & ML,1967267,Open,1475450.25
A00083,Infrastructure,1180752,Open,885564.0
A00084,Infrastructure,2403245,Open,1802433.75
A00084,AI & ML,1070191,Won,0.0
A00084,Integration,1088011,Lost,0.0
A00085,Infrastructure,6167833,Won,0.0
A00085,Database,697220,Open,522915.0
A00085,Analytics & Data,5836556,Open,4377417.0
A00085,AI & ML,1185589,Open,889191.75
A00085,Applications,1252162,Open,939121.5
A00085,Integration,8437321,Open,6327990.75
A00086,Security,1352962,Open,1014721.5
A00086,Applications,398368,Open,298776.0
A00087,Database,1913864,Lost,0.0
A00088,Database,4243337,Won,0.0
A00088,Analytics & Data,1729346,Open,1297009.5
A00089,Infrastructure,3275038,Open,2456278.5
A00089,Analytics & Data,958303,Open,718727.25
A00089,Security,301793,Won,0.0
A00089,Integration,1628513,Won,0.0
A00090,Database,1876696,Won,0.0
A00090,Analytics & Data,1196444,Open,897333.0
A00090,Security,2194335,Open,1645751.25
A00091,Infrastructure,1171489,Open,878616.75
A00091,Security,2728791,Open,2046593.25
A00092,Database,2471685,Open,1853763.75
A00092,AI & ML,605117,Open,453837.75
A00092,Applications,844773,Open,633579.75
A00092,Integration,1974277,Open,1480707.75
A00093,Infrastructure,2524230,Won,0.0
A00093,Security,1013056,Open,759792.0
A00094,Infrastructure,534892,Open,401169.0
A00094,Database,336236,Won,0.0
A00094,Analytics & Data,2104877,Open,1578657.75
A00094,AI & ML,3143842,Lost,0.0
A00094,Applications,1557119,Open,1167839.25
A00095,AI & ML,883013,Open,662259.75
A00095,Security,1630719,Open,1223039.25
A00095,Applications,1359549,Open,1019661.75
A00096,Infrastructure,609108,Won,0.0
A00096,Analytics & Data,586059,Lost,0.0
A00096,Applications,2156348,Won,0.0
A00097,Analytics & Data,1041385,Open,781038.75
A00097,AI & ML,1893450,Open,1420087.5
A00097,Applications,655498,Open,491623.5
A00098,Infrastructure,920194,Open,690145.5
A00098,Database,2501052,Won,0.0
A00098,Applications,500020,Lost,0.0
A00098,Integration,2510844,Open,1883133.0
A00099,Infrastructure,998048,Open,748536.0
A00099,Database,4491522,Open,3368641.5
A00099,Analytics & Data,1362382,Open,1021786.5
A00099,AI & ML,993178,Won,0.0
A00099,Security,1649492,Open,1237119.0
A00099,Applications,2596733,Open,1947549.75
A00099,Integration,3044983,Lost,0.0
A00100,AI & ML,798532,Open,598899.0
A00100,Security,3645253,Closed,0.0
A00100,Applications,15494272,Open,11620704.0
A00101,Infrastructure,1748269,Open,1311201.75
A00101,Database,435140,Closed,0.0
A00101,Applications,621609,Open,466206.75
A00102,Infrastructure,772082,Closed,0.0
A00102,Database,866541,Open,649905.75
A00102,AI & ML,2284884,Open,1713663.0
A00102,Applications,662789,Open,497091.75
A00102,Integration,2017349,Lost,0.0
A00103,Database,539572,Won,0.0
A00103,Analytics & Data,2050690,Lost,0.0
A00104,Applications,1572754,Open,1179565.5
A00104,Integration,7237360,Open,5428020.0
A00105,Infrastructure,1741148,Open,1305861.0
A00105,AI & ML,282185,Open,211638.75
A00106,Infrastructure,4709017,Open,3531762.75
A00106,Database,818732,Open,614049.0
A00106,Analytics & Data,1182423,Open,886817.25
A00106,Integration,1185539,Lost,0.0
A00107,Analytics & Data,693012,Won,0.0
A00107,AI & ML,1809510,Open,1357132.5
A00107,Applications,2168184,Open,1626138.0
A00108,Analytics & Data,709603,Open,532202.25
A00108,AI & ML,4037393,Closed,0.0
A00108,Integration,1634711,Open,1226033.25
A00109,Database,1731505,Open,1298628.75
A00109,Security,3507494,Open,2630620.5
A00109,Applications,1203279,Open,902459.25
A00110,Security,584250,Lost,0.0
A00110,Applications,1797661,Open,1348245.75
A00111,Infrastructure,1143294,Open,857470.5
A00111,AI & ML,3549037,Open,2661777.75
A00111,Integration,8115854,Closed,0.0
A00112,Analytics & Data,1424520,Lost,0.0
A00112,AI & ML,356707,Won,0.0
A00113,Infrastructure,1186359,Open,889769.25
A00113,Database,1542604,Won,0.0
A00114,Infrastructure,621418,Open,466063.5
A00114,AI & ML,1880574,Open,1410430.5
A00114,Applications,1851675,Open,1388756.25
A00115,Integration,234585,Open,175938.75
A00116,Applications,481292,Won,0.0
A00116,Integration,1359323,Open,1019492.25
A00117,Infrastructure,2687363,Open,2015522.25
A00117,Integration,797303,Open,597977.25
A00118,Analytics & Data,1389182,Open,1041886.5
A00118,Security,3782077,Open,2836557.75
A00118,Integration,605371,Open,454028.25
A00119,Infrastructure,692247,Open,519185.25
A00119,Database,3378952,Open,2534214.0
A00119,Analytics & Data,1526711,Open,1145033.25
A00120,AI & ML,2557467,Lost,0.0
A00120,Security,2427554,Lost,0.0
A00120,Applications,1565369,Open,1174026.75
A00121,Infrastructure,1760923,Lost,0.0
A00121,Analytics & Data,2035782,Open,1526836.5
A00121,Security,388168,Open,291126.0
A00122,Database,3437272,Open,2577954.0
A00122,Integration,5155611,Open,3866708.25
A00123,AI & ML,10566237,Open,7924677.75
A00123,Applications,938459,Open,703844.25
A00123,Integration,8436142,Open,6327106.5
A00124,Security,842096,Open,631572.0
A00125,Security,567375,Open,425531.25
A00126,Database,373747,Lost,0.0
A00126,AI & ML,966437,Open,724827.75
A00126,Integration,2537957,Closed,0.0
A00127,Infrastructure,862786,Lost,0.0
A00127,Database,874148,Open,655611.0
A00128,Infrastructure,4655359,Open,3491519.25
A00128,Applications,1141483,Open,856112.25
A00129,AI & ML,582484,Won,0.0
A00131,AI & ML,1496060,Won,0.0
A00132,Analytics & Data,943256,Open,707442.0
A00132,AI & ML,3143102,Open,2357326.5
A00132,Security,648449,Open,486336.75
A00133,Database,2399302,Lost,0.0
A00133,Security,2446287,Won,0.0
A00133,Applications,1218909,Open,914181.75
A00134,Database,2051925,Open,1538943.75
A00134,Analytics & Data,2209989,Open,1657491.75
A00134,Security,2572158,Open,1929118.5
A00134,Applications,557845,Open,418383.75
A00135,Infrastructure,4528247,Open,3396185.25
A00135,Applications,1513495,Open,1135121.25
A00136,Infrastructure,1505038,Open,1128778.5
A00136,Database,2052711,Open,1539533.25
A00136,AI & ML,555327,Open,416495.25
A00137,Infrastructure,778449,Closed,0.0
A00138,Infrastructure,500992,Lost,0.0
A00138,Security,3817680,Open,2863260.0
A00139,Infrastructure,3145650,Open,2359237.5
A00139,Integration,467793,Lost,0.0
A00140,Applications,1683258,Open,1262443.5
A00140,Integration,1081503,Lost,0.0
A00141,AI & ML,738588,Lost,0.0
A00142,Infrastructure,1282091,Open,961568.25
A00142,Analytics & Data,2941128,Open,2205846.0
A00142,AI & ML,1457490,Open,1093117.5
A00142,Security,1607162,Open,1205371.5
A00142,Applications,2047078,Open,1535308.5
A00143,Infrastructure,750148,Closed,0.0
A00143,Database,605288,Lost,0.0
A00143,Analytics & Data,3937004,Open,2952753.0
A00143,Applications,443326,Open,332494.5
A00144,Database,903681,Open,677760.75
A00144,AI & ML,1166140,Open,874605.0
A00144,Applications,3094783,Open,2321087.25
A00146,Infrastructure,3055556,Lost,0.0
A00146,Analytics & Data,260415,Open,195311.25
A00146,AI & ML,1037597,Open,778197.75
A00146,Security,1924374,Open,1443280.5
A00146,Applications,1000022,Open,750016.5
A00147,AI & ML,2805332,Open,2103999.0
A00147,Security,1134615,Open,850961.25
A00147,Applications,433343,Open,325007.25
A00147,Integration,473563,Open,355172.25
A00148,Infrastructure,1122477,Open,841857.75
A00148,AI & ML,1912081,Open,1434060.75
A00149,Infrastructure,3075115,Lost,0.0
A00149,Applications,8789116,Open,6591837.0
A00151,Database,3285956,Open,2464467.0
A00151,Analytics & Data,4901835,Open,3676376.25
A00151,Security,2705072,Open,2028804.0
A00153,Integration,1286579,Open,964934.25
A00154,Security,2806347,Open,2104760.25
A00156,Database,4025670,Won,0.0
A00156,AI & ML,5015776,Open,3761832.0
A00157,Applications,1468859,Open,1101644.25
A00158,Infrastructure,1942369,Open,1456776.75
A00158,AI & ML,5704425,Open,4278318.75
A00159,AI & ML,982453,Won,0.0
A00159,Applications,1241086,Open,930814.5
A00160,Infrastructure,701486,Won,0.0
A00160,AI & ML,1359059,Won,0.0
A00160,Applications,864028,Open,648021.0
A00161,Security,736329,Lost,0.0
A00161,Applications,1549334,Won,0.0
A00162,Infrastructure,1273931,Open,955448.25
A00162,Database,2192602,Lost,0.0
A00162,Analytics & Data,2643724,Open,1982793.0
A00162,Security,747169,Open,560376.75
A00162,Applications,1608819,Open,1206614.25
A00163,Infrastructure,4855937,Open,3641952.75
A00163,Database,2535956,Lost,0.0
A00163,Integration,3508219,Won,0.0
A00164,Security,541250,Lost,0.0
A00165,Database,2379877,Open,1784907.75
A00165,Analytics & Data,222043,Open,166532.25
A00165,Security,1613520,Open,1210140.0
A00165,Applications,3068130,Lost,0.0
A00166,Infrastructure,3809109,Open,2856831.75
A00167,Analytics & Data,704461,Open,528345.75
A00167,AI & ML,663915,Open,497936.25
A00168,Security,1850403,Won,0.0
A00168,Integration,1164472,Open,873354.0
A00169,Applications,729025,Open,546768.75
A00170,AI & ML,473274,Won,0.0
A00170,Security,719342,Open,539506.5
A00170,Integration,2470412,Open,1852809.0
A00171,Infrastructure,1505856,Closed,0.0
A00171,Analytics & Data,993303,Lost,0.0
A00171,Applications,1978102,Open,1483576.5
A00172,Infrastructure,1222393,Open,916794.75
A00172,Analytics & Data,996027,Won,0.0
A00173,Integration,1920608,Open,1440456.0
A00174,Infrastructure,571369,Open,428526.75
A00174,Analytics & Data,693024,Won,0.0
A00174,AI & ML,2167286,Open,1625464.5
A00175,Database,4698846,Open,3524134.5
A00175,Applications,1075497,Open,806622.75
A00175,Integration,526706,Open,395029.5
A00176,AI & ML,750447,Lost,0.0
A00176,Applications,793076,Open,594807.0
A00177,Infrastructure,5122983,Open,3842237.25
A00177,Database,3252911,Open,2439683.25
A00177,AI & ML,1608715,Open,1206536.25
A00177,Integration,3432504,Open,2574378.0
A00178,Database,4094248,Won,0.0
A00179,Analytics & Data,1740684,Won,0.0
A00179,AI & ML,1049433,Won,0.0
A00180,Applications,2252309,Open,1689231.75
A00182,Infrastructure,1324003,Open,993002.25
A00182,Database,5859709,Open,4394781.75
A00182,AI & ML,1371662,Won,0.0
A00183,Infrastructure,3076564,Open,2307423.0
A00183,Database,1317729,Open,988296.75
A00183,AI & ML,4074876,Open,3056157.0
A00184,Infrastructure,1702335,Open,1276751.25
A00185,Applications,900337,Open,675252.75
A00185,Integration,837118,Open,627838.5
A00186,Integration,2608295,Lost,0.0
A00187,Infrastructure,888149,Open,666111.75
A00187,Analytics & Data,1209321,Lost,0.0
A00187,AI & ML,555894,Won,0.0
A00188,AI & ML,5830189,Open,4372641.75
A00189,AI & ML,2960220,Won,0.0
A00189,Security,789360,Open,592020.0
A00190,Analytics & Data,2236972,Open,1677729.0
A00190,Security,955041,Open,716280.75
A00191,Infrastructure,2833245,Open,2124933.75
A00191,Database,741812,Open,556359.0
A00191,Analytics & Data,545037,Lost,0.0
A00191,Security,1351994,Won,0.0
A00191,Integration,2706640,Open,2029980.0
A00192,Applications,1160040,Lost,0.0
A00192,Integration,1512661,Open,1134495.75
A00193,Database,1910969,Open,1433226.75
A00193,Analytics & Data,629738,Open,472303.5
A00194,AI & ML,1723115,Open,1292336.25
A00194,Security,2626602,Open,1969951.5
A00195,Analytics & Data,2346614,Lost,0.0
A00196,Security,1626610,Open,1219957.5
A00197,Infrastructure,1470708,Open,1103031.0
A00198,Infrastructure,400248,Won,0.0
A00199,Database,1103502,Open,827626.5
A00199,Analytics & Data,1676728,Closed,0.0
A00199,Security,1493375,Open,1120031.25
A00200,AI & ML,1159181,Won,0.0
A00201,Database,3972264,Open,2979198.0
A00201,Analytics & Data,2300082,Won,0.0
A00202,Database,3365403,Won,0.0
A00202,AI & ML,1007961,Open,755970.75
A00202,Integration,939573,Open,704679.75
A00203,Infrastructure,382407,Open,286805.25
A00203,Analytics & Data,7771803,Lost,0.0
A00204,Database,2007562,Open,1505671.5
A00204,Analytics & Data,3545464,Open,2659098.0
A00204,Applications,3022859,Open,2267144.25
A00205,Analytics & Data,3475109,Lost,0.0
A00205,Security,3407003,Open,2555252.25
A00205,Applications,1115942,Open,836956.5
A00206,Security,1223527,Open,917645.25
A00206,Applications,2670641,Lost,0.0
A00206,Integration,5687817,Open,4265862.75
A00207,AI & ML,306366,Lost,0.0
A00207,Security,432369,Open,324276.75
A00208,Database,1858666,Open,1393999.5
A00208,Analytics & Data,492332,Closed,0.0
A00208,Security,172880,Open,129660.0
A00208,Applications,1699663,Open,1274747.25
A00208,Integration,759403,Open,569552.25
A00209,Infrastructure,1529660,Open,1147245.0
A00209,Analytics & Data,4053707,Open,3040280.25
A00210,Database,1080207,Lost,0.0
A00210,AI & ML,1709062,Won,0.0
A00210,Security,831735,Open,623801.25
A00211,AI & ML,2609818,Open,1957363.5
A00211,Applications,503496,Open,377622.0
A00212,AI & ML,591927,Lost,0.0
A00212,Integration,1707083,Lost,0.0
A00213,Infrastructure,3845287,Open,2883965.25
A00213,Database,2642787,Open,1982090.25
A00213,AI & ML,4732638,Open,3549478.5
A00213,Security,1575160,Open,1181370.0
A00213,Integration,608414,Open,456310.5
A00214,Infrastructure,195464,Open,146598.0
A00214,Analytics & Data,5408017,Open,4056012.75
A00214,AI & ML,3096387,Open,2322290.25
A00214,Applications,1318640,Closed,0.0
A00215,Database,730504,Open,547878.0
A00215,Applications,828316,Open,621237.0
A00216,Database,1306293,Closed,0.0
A00217,Infrastructure,1167918,Open,875938.5
A00217,Analytics & Data,1992992,Closed,0.0
A00217,AI & ML,1368323,Closed,0.0
A00217,Applications,794645,Open,595983.75
A00217,Integration,515984,Open,386988.0
A00218,Analytics & Data,817248,Open,612936.0
A00219,Database,4078847,Open,3059135.25
A00219,Analytics & Data,1408132,Open,1056099.0
A00219,AI & ML,1316351,Open,987263.25
A00219,Integration,2270158,Open,1702618.5
A00220,Applications,1631051,Closed,0.0
A00221,Infrastructure,6153618,Won,0.0
A00221,Security,6170670,Open,4628002.5
A00221,Integration,1316276,Closed,0.0
A00222,Database,1843475,Lost,0.0
A00223,Infrastructure,1062275,Open,796706.25
A00223,Analytics & Data,910248,Open,682686.0
A00225,Database,2950590,Open,2212942.5
A00225,Analytics & Data,3563646,Open,2672734.5
A00225,AI & ML,5154578,Open,3865933.5
A00225,Applications,641059,Open,480794.25
A00226,Analytics & Data,3579585,Open,2684688.75
A00226,Security,1629722,Open,1222291.5
A00226,Integration,958112,Lost,0.0
A00227,Analytics & Data,2652247,Won,0.0
A00227,Security,2096508,Lost,0.0
A00227,Integration,766277,Lost,0.0
A00228,Infrastructure,2052691,Open,1539518.25
A00228,Applications,1261298,Open,945973.5
A00229,Database,1301730,Open,976297.5
A00229,Analytics & Data,350299,Open,262724.25
A00229,AI & ML,360948,Open,270711.0
A00230,Database,992219,Open,744164.25
A00230,Analytics & Data,2311028,Lost,0.0
A00230,AI & ML,482753,Won,0.0
A00230,Security,493860,Lost,0.0
A00231,Analytics & Data,1024004,Won,0.0
A00232,Database,1441338,Open,1081003.5
A00232,Analytics & Data,1043334,Open,782500.5
A00232,AI & ML,1438538,Lost,0.0
A00233,Analytics & Data,1786684,Open,1340013.0
A00233,Integration,1330528,Open,997896.0
A00234,Analytics & Data,1778467,Open,1333850.25
A00234,Security,850241,Lost,0.0
A00234,Applications,1743550,Open,1307662.5
A00234,Integration,1891659,Won,0.0
A00236,Security,834302,Lost,0.0
A00236,Applications,1659347,Open,1244510.25
A00236,Integration,1529488,Closed,0.0
A00237,AI & ML,1884095,Open,1413071.25
A00237,Integration,308369,Open,231276.75
A00238,AI & ML,1268292,Won,0.0
A00239,Database,4196815,Open,3147611.25
A00239,Security,1098830,Open,824122.5
A00239,Applications,908993,Won,0.0
A00240,Infrastructure,988971,Open,741728.25
A00240,Security,1994699,Open,1496024.25
A00241,Security,2919300,Closed,0.0
A00241,Applications,1964843,Open,1473632.25
A00242,AI & ML,1621552,Open,1216164.0
A00243,Database,750974,Open,563230.5
A00243,Security,1784543,Open,1338407.25
A00243,Integration,3011076,Open,2258307.0
A00244,Infrastructure,1329868,Open,997401.0
A00244,Applications,2300073,Closed,0.0
A00244,Integration,296974,Open,222730.5
A00245,Infrastructure,859452,Closed,0.0
A00245,AI & ML,5988477,Open,4491357.75
A00245,Applications,1311414,Lost,0.0
A00248,Infrastructure,1252335,Open,939251.25
A00248,Security,1285290,Open,963967.5
A00249,Infrastructure,3387949,Open,2540961.75
A00249,Database,694874,Open,521155.5
A00250,Database,2018940,Open,1514205.0
A00250,Applications,2933014,Lost,0.0
A00250,Integration,1248916,Open,936687.0
A00251,Database,1534748,Open,1151061.0
A00252,AI & ML,1190006,Won,0.0
A00252,Integration,2304187,Closed,0.0
A00253,Database,828744,Lost,0.0
A00253,Analytics & Data,3453410,Open,2590057.5
A00254,Security,983629,Open,737721.75
A00254,Applications,3626745,Won,0.0
A00255,Infrastructure,288603,Lost,0.0
A00255,Applications,3360140,Closed,0.0
A00256,Infrastructure,774164,Open,580623.0
A00256,Database,2276860,Lost,0.0
A00257,Infrastructure,1048614,Open,786460.5
A00257,Database,2301597,Closed,0.0
A00258,AI & ML,1116319,Lost,0.0
A00258,Security,701960,Open,526470.0
A00259,Infrastructure,806264,Won,0.0
A00259,Analytics & Data,4955635,Open,3716726.25
A00259,AI & ML,2398580,Open,1798935.0
A00259,Security,800334,Open,600250.5
A00260,Infrastructure,565407,Lost,0.0
A00260,Database,2232604,Closed,0.0
A00260,AI & ML,421150,Open,315862.5
A00260,Integration,457198,Open,342898.5
A00261,Analytics & Data,1119372,Open,839529.0
A00261,AI & ML,1472284,Won,0.0
A00261,Applications,362253,Won,0.0
A00262,Integration,1196759,Open,897569.25
A00263,AI & ML,1065950,Open,799462.5
A00263,Integration,1200264,Open,900198.0
A00264,Analytics & Data,537060,Lost,0.0
A00265,Database,1322619,Open,991964.25
A00265,AI & ML,3129400,Open,2347050.0
A00266,Database,1066589,Open,799941.75
A00266,Security,1344102,Open,1008076.5
A00266,Applications,4278194,Open,3208645.5
A00267,Infrastructure,1043005,Closed,0.0
A00267,Database,955928,Open,716946.0
A00267,Analytics & Data,550859,Open,413144.25
A00267,AI & ML,3561386,Won,0.0
A00267,Applications,660608,Open,495456.0
A00270,Integration,1434926,Open,1076194.5
A00271,Infrastructure,1593509,Open,1195131.75
A00271,Database,865809,Open,649356.75
A00271,Analytics & Data,2332794,Won,0.0
A00271,Applications,3458911,Open,2594183.25
A00272,Infrastructure,1371171,Open,1028378.25
A00273,Database,2325311,Open,1743983.25
A00273,Security,1588041,Open,1191030.75
A00273,Applications,1931300,Closed,0.0
A00274,Applications,407551,Open,305663.25
A00275,Applications,2033870,Open,1525402.5
A00275,Integration,3464919,Open,2598689.25
A00276,AI & ML,338660,Won,0.0
A00277,Analytics & Data,820193,Open,615144.75
A00278,Infrastructure,256534,Lost,0.0
A00278,Analytics & Data,864559,Open,648419.25
A00278,Applications,2840503,Open,2130377.25
A00279,Infrastructure,1168673,Open,876504.75
A00279,AI & ML,1519816,Open,1139862.0
A00279,Security,5124048,Open,3843036.0
A00280,Analytics & Data,738304,Open,553728.0
A00280,Security,394879,Closed,0.0
A00280,Integration,2282707,Open,1712030.25
A00281,Database,1375702,Open,1031776.5
A00281,Integration,982631,Open,736973.25
A00282,Security,787924,Lost,0.0
A00282,Integration,331483,Open,248612.25
A00283,Infrastructure,802085,Open,601563.75
A00283,Analytics & Data,4927934,Open,3695950.5
A00283,Security,790684,Open,593013.0
A00283,Applications,3504609,Open,2628456.75
A00284,Infrastructure,999460,Open,749595.0
A00284,Integration,1408846,Open,1056634.5
A00285,AI & ML,1296347,Lost,0.0
A00285,Applications,1268340,Open,951255.0
A00285,Integration,1775688,Open,1331766.0
A00286,Analytics & Data,446064,Open,334548.0
A00286,Applications,299333,Won,0.0
A00286,Integration,967681,Open,725760.75
A00287,Infrastructure,5166665,Open,3874998.75
A00287,AI & ML,1034531,Won,0.0
A00288,Database,371342,Won,0.0
A00288,Applications,1354054,Closed,0.0
A00289,Database,4561684,Lost,0.0
A00289,Analytics & Data,1617190,Open,1212892.5
A00289,AI & ML,1188889,Open,891666.75
A00289,Applications,449686,Open,337264.5
A00290,Database,374894,Open,281170.5
A00290,AI & ML,880628,Open,660471.0
A00290,Integration,1761908,Lost,0.0
A00291,AI & ML,4867444,Lost,0.0
A00291,Security,6593065,Open,4944798.75
A00292,AI & ML,893559,Won,0.0
A00292,Integration,1432163,Open,1074122.25
A00294,Analytics & Data,205053,Open,153789.75
A00294,Applications,1118466,Open,838849.5
A00295,Infrastructure,2070815,Open,1553111.25
A00295,Database,1597840,Closed,0.0
A00295,AI & ML,3728824,Closed,0.0
A00295,Security,406890,Open,305167.5
A00295,Integration,543609,Open,407706.75
A00296,Security,463320,Open,347490.0
A00296,Integration,614853,Open,461139.75
A00297,Infrastructure,998403,Open,748802.25
A00298,Database,8186156,Open,6139617.0
A00298,Applications,875829,Open,656871.75
A00299,Database,1721009,Won,0.0
A00299,Analytics & Data,1684877,Open,1263657.75
A00300,Infrastructure,1853770,Open,1390327.5
A00300,AI & ML,2313782,Open,1735336.5
A00300,Security,4425603,Lost,0.0
A00301,Infrastructure,1401930,Open,1051447.5
A00301,Analytics & Data,2144870,Open,1608652.5
A00301,Security,480264,Open,360198.0
A00301,Applications,636325,Open,477243.75
A00302,Security,189879,Open,142409.25
A00302,Applications,648607,Open,486455.25
A00303,Analytics & Data,1740155,Open,1305116.25
A00304,Database,2520146,Lost,0.0
A00304,Integration,963694,Open,722770.5
A00305,Analytics & Data,1262241,Open,946680.75
A00305,Security,1584735,Open,1188551.25
A00306,Database,6407445,Open,4805583.75
A00306,AI & ML,2031242,Open,1523431.5
A00306,Applications,3721793,Open,2791344.75
A00308,Analytics & Data,2679155,Open,2009366.25
A00309,Infrastructure,1672488,Open,1254366.0
A00309,AI & ML,772688,Open,579516.0
A00310,Infrastructure,886269,Lost,0.0
A00310,Database,478206,Open,358654.5
A00310,AI & ML,1323816,Closed,0.0
A00310,Applications,1232843,Open,924632.25
A00311,Analytics & Data,3336858,Closed,0.0
A00311,AI & ML,871602,Open,653701.5
A00311,Security,879669,Lost,0.0
A00311,Applications,2251648,Open,1688736.0
A00312,Database,901253,Open,675939.75
A00313,Analytics & Data,3299607,Open,2474705.25
A00313,Applications,2445065,Open,1833798.75
A00314,Analytics & Data,1351456,Open,1013592.0
A00314,Security,2868996,Open,2151747.0
A00315,Analytics & Data,1369380,Open,1027035.0
A00315,AI & ML,1067100,Open,800325.0
A00315,Integration,1076615,Lost,0.0
A00316,Infrastructure,1289515,Open,967136.25
A00316,Security,1853597,Open,1390197.75
A00317,Database,2540093,Open,1905069.75
A00317,Integration,1910719,Open,1433039.25
A00318,Infrastructure,3107109,Open,2330331.75
A00319,Infrastructure,3125402,Lost,0.0
A00319,Security,6060684,Open,4545513.0
A00320,Analytics & Data,463014,Won,0.0
A00320,Applications,1137104,Lost,0.0
A00321,Infrastructure,1569989,Open,1177491.75
A00321,Security,543750,Open,407812.5
A00321,Integration,6797750,Open,5098312.5
A00322,Database,1246038,Open,934528.5
A00322,Analytics & Data,849388,Open,637041.0
A00322,AI & ML,554456,Open,415842.0
A00322,Applications,750063,Open,562547.25
A00323,Infrastructure,1032087,Open,774065.25
A00323,Analytics & Data,1802267,Lost,0.0
A00323,AI & ML,1011747,Open,758810.25
A00323,Security,751599,Open,563699.25
A00324,Infrastructure,685304,Open,513978.0
A00324,Analytics & Data,2901627,Closed,0.0
A00324,Security,1910973,Open,1433229.75
A00326,Infrastructure,1859075,Open,1394306.25
A00326,Database,453480,Open,340110.0
A00326,Analytics & Data,2457891,Lost,0.0
A00326,AI & ML,1680381,Won,0.0
A00326,Applications,1384007,Open,1038005.25
A00327,Infrastructure,2010970,Closed,0.0
A00328,Infrastructure,1089202,Open,816901.5
A00328,Database,2472508,Open,1854381.0
A00329,Database,1192844,Open,894633.0
A00329,Analytics & Data,2111284,Won,0.0
A00329,Security,1383465,Open,1037598.75
A00329,Integration,1649175,Open,1236881.25
A00330,Database,2568006,Won,0.0
A00330,Security,489527,Open,367145.25
A00331,Infrastructure,5472861,Open,4104645.75
A00331,Database,1019144,Open,764358.0
A00331,Applications,909917,Lost,0.0
A00332,Analytics & Data,1210969,Open,908226.75
A00332,AI & ML,1021506,Open,766129.5
A00332,Security,6130606,Open,4597954.5
A00333,Database,3099900,Closed,0.0
A00333,AI & ML,2762213,Lost,0.0
A00334,Infrastructure,1193050,Lost,0.0
A00334,Applications,3209738,Closed,0.0
A00335,Infrastructure,4343112,Open,3257334.0
A00335,Database,1049490,Open,787117.5
A00335,Analytics & Data,8115363,Open,6086522.25
A00335,Security,2224580,Lost,0.0
A00335,Applications,548468,Open,411351.0
A00335,Integration,773120,Lost,0.0
A00336,Infrastructure,9933651,Open,7450238.25
A00336,AI & ML,3508780,Open,2631585.0
A00336,Security,1428134,Won,0.0
A00336,Applications,2278771,Won,0.0
A00336,Integration,2140212,Lost,0.0
A00337,Infrastructure,1150964,Won,0.0
A00337,Analytics & Data,4069814,Lost,0.0
A00337,Security,1420139,Open,1065104.25
A00337,Integration,552869,Lost,0.0
A00338,Applications,670800,Open,503100.0
A00339,Applications,725521,Open,544140.75
A00340,Infrastructure,580422,Open,435316.5
A00341,Database,679891,Lost,0.0
A00341,AI & ML,2140966,Open,1605724.5
A00342,Infrastructure,1690314,Closed,0.0
A00342,Database,1058036,Open,793527.0
A00342,AI & ML,349057,Lost,0.0
A00343,Database,312508,Open,234381.0
A00343,AI & ML,3439648,Lost,0.0
A00343,Integration,2318730,Closed,0.0
A00344,Infrastructure,1894007,Open,1420505.25
A00344,Analytics & Data,2231422,Open,1673566.5
A00344,AI & ML,1638666,Lost,0.0
A00345,Security,2453036,Won,0.0
A00346,Infrastructure,884782,Open,663586.5
A00346,Database,4952587,Open,3714440.25
A00346,Security,203195,Open,152396.25
A00347,Analytics & Data,1218480,Open,913860.0
A00347,AI & ML,1059402,Open,794551.5
A00347,Security,703769,Open,527826.75
A00347,Applications,539123,Closed,0.0
A00348,Infrastructure,2791322,Won,0.0
A00348,Analytics & Data,2164935,Won,0.0
A00348,AI & ML,1478419,Open,1108814.25
A00348,Security,939236,Open,704427.0
A00349,Database,1530850,Open,1148137.5
A00349,AI & ML,215388,Open,161541.0
A00349,Integration,399174,Won,0.0
A00350,Integration,2585746,Open,1939309.5
A00351,Database,2170018,Open,1627513.5
A00351,AI & ML,942120,Open,706590.0
A00353,Database,2433872,Open,1825404.0
A00353,AI & ML,2909800,Lost,0.0
A00353,Security,1512907,Open,1134680.25
A00353,Integration,2497821,Open,1873365.75
A00355,Analytics & Data,1070051,Open,802538.25
A00355,AI & ML,4238379,Open,3178784.25
A00356,Infrastructure,884210,Won,0.0
A00356,Security,350257,Open,262692.75
A00356,Integration,913038,Won,0.0
A00357,AI & ML,1201225,Open,900918.75
A00358,Infrastructure,1283408,Open,962556.0
A00359,Security,1036408,Open,777306.0
A00359,Applications,685019,Lost,0.0
A00361,Analytics & Data,690180,Won,0.0
A00361,AI & ML,1170089,Open,877566.75
A00361,Applications,930726,Open,698044.5
A00362,Infrastructure,1009256,Open,756942.0
A00362,Database,1658234,Closed,0.0
A00362,Analytics & Data,721014,Open,540760.5
A00362,Integration,457633,Open,343224.75
A00363,Database,3872389,Open,2904291.75
A00363,Security,1058566,Open,793924.5
A00363,Integration,556596,Open,417447.0
A00364,Infrastructure,980165,Won,0.0
A00364,Database,1501481,Lost,0.0
A00364,Integration,5581474,Open,4186105.5
A00365,Database,1314068,Open,985551.0
A00365,Analytics & Data,1027779,Open,770834.25
A00365,Security,2357456,Open,1768092.0
A00365,Integration,6877701,Open,5158275.75
A00366,Applications,4685397,Won,0.0
A00367,Database,1529770,Won,0.0
A00367,Analytics & Data,1943471,Open,1457603.25
A00367,AI & ML,1684149,Lost,0.0
A00368,Analytics & Data,1087638,Lost,0.0
A00368,AI & ML,1261669,Lost,0.0
A00368,Applications,772870,Open,579652.5
A00369,Analytics & Data,2350328,Open,1762746.0
A00369,Security,597071,Open,447803.25
A00369,Applications,168032,Open,126024.0
A00369,Integration,810681,Won,0.0
A00370,Infrastructure,1065964,Won,0.0
A00370,Database,598315,Lost,0.0
A00370,AI & ML,1475709,Open,1106781.75
A00371,Applications,1107030,Open,830272.5
A00372,AI & ML,728490,Open,546367.5
A00372,Security,2179954,Lost,0.0
A00372,Integration,593083,Open,444812.25
A00373,Applications,1404573,Won,0.0
A00374,AI & ML,3475303,Lost,0.0
A00374,Applications,377625,Open,283218.75
A00376,Analytics & Data,5234087,Open,3925565.25
A00376,Applications,4010730,Won,0.0
A00377,Database,2640284,Open,1980213.0
A00377,Security,2219751,Open,1664813.25
A00377,Applications,248822,Open,186616.5
A00378,Database,885429,Open,664071.75
A00378,Integration,2165963,Open,1624472.25
A00379,Database,1973955,Won,0.0
A00379,Security,570992,Open,428244.0
A00380,Infrastructure,1157015,Won,0.0
A00380,AI & ML,3351082,Open,2513311.5
A00381,Infrastructure,797708,Open,598281.0
A00381,Analytics & Data,1303216,Open,977412.0
A00381,AI & ML,2703794,Won,0.0
A00381,Security,636085,Open,477063.75
A00382,Analytics & Data,3266908,Open,2450181.0
A00382,AI & ML,977544,Won,0.0
A00382,Applications,1430554,Open,1072915.5
A00383,Database,507770,Open,380827.5
A00384,AI & ML,2623705,Open,1967778.75
A00384,Security,1090260,Open,817695.0
A00385,Infrastructure,1801525,Open,1351143.75
A00385,AI & ML,1350070,Won,0.0
A00386,Infrastructure,1633374,Open,1225030.5
A00386,Database,2469869,Open,1852401.75
A00386,Applications,2113544,Open,1585158.0
A00386,Integration,802094,Lost,0.0
A00387,Infrastructure,991172,Open,743379.0
A00387,Analytics & Data,1362932,Open,1022199.0
A00387,AI & ML,350706,Open,263029.5
A00387,Applications,4526153,Won,0.0
A00388,AI & ML,199410,Open,149557.5
A00389,Infrastructure,3256953,Open,2442714.75
A00389,Security,595310,Open,446482.5
A00390,Database,733556,Open,550167.0
A00390,Security,965181,Open,723885.75
A00391,Database,3389051,Closed,0.0
A00392,Infrastructure,1041499,Won,0.0
A00392,Analytics & Data,3411402,Lost,0.0
A00392,Applications,1140070,Open,855052.5
A00393,Analytics & Data,363330,Closed,0.0
A00393,Security,2231891,Open,1673918.25
A00394,Infrastructure,896564,Open,672423.0
A00394,Database,895174,Open,671380.5
A00394,AI & ML,1391105,Open,1043328.75
A00394,Integration,531954,Open,398965.5
A00395,Infrastructure,1061906,Open,796429.5
A00395,AI & ML,317073,Open,237804.75
A00395,Security,820159,Open,615119.25
A00396,Infrastructure,1389496,Lost,0.0
A00396,Analytics & Data,1763203,Open,1322402.25
A00396,Applications,1474182,Open,1105636.5
A00396,Integration,2159885,Open,1619913.75
A00397,Database,2780875,Open,2085656.25
A00397,Security,5030416,Open,3772812.0
A00397,Applications,4029120,Won,0.0
A00398,Database,843381,Open,632535.75
A00398,Security,1530516,Open,1147887.0
A00398,Applications,2199023,Open,1649267.25
A00399,Database,851015,Open,638261.25
A00399,AI & ML,2710479,Open,2032859.25
A00400,Infrastructure,938714,Open,704035.5
A00400,Analytics & Data,736990,Closed,0.0
A00400,Security,1283954,Open,962965.5
A00400,Applications,2097443,Lost,0.0
A00400,Integration,497681,Closed,0.0
A00401,Security,1524946,Open,1143709.5
A00402,Applications,1383029,Open,1037271.75
A00405,Infrastructure,1322502,Open,991876.5
A00405,Database,3400689,Won,0.0
A00405,Analytics & Data,2200462,Lost,0.0
A00405,AI & ML,1484134,Open,1113100.5
A00405,Applications,881295,Open,660971.25
A00406,Infrastructure,1151275,Open,863456.25
A00407,Analytics & Data,1812452,Lost,0.0
A00408,Infrastructure,686697,Open,515022.75
A00408,Integration,943873,Open,707904.75
A00409,Infrastructure,962284,Open,721713.0
A00409,Database,265277,Open,198957.75
A00409,Applications,2777070,Won,0.0
A00409,Integration,1246414,Closed,0.0
A00410,Infrastructure,347100,Open,260325.0
A00410,Integration,809768,Open,607326.0
A00411,Infrastructure,788893,Open,591669.75
A00411,Database,2165006,Open,1623754.5
A00412,AI & ML,1314768,Open,986076.0
A00412,Security,1512729,Open,1134546.75
A00412,Integration,1707250,Open,1280437.5
A00413,Database,2130908,Open,1598181.0
A00413,Security,1018244,Won,0.0
A00414,AI & ML,1142030,Closed,0.0
A00415,Infrastructure,1354689,Won,0.0
A00415,AI & ML,371839,Open,278879.25
A00416,Security,6374051,Open,4780538.25
A00417,Integration,1342392,Won,0.0
A00418,Integration,727076,Open,545307.0
A00419,Database,938044,Open,703533.0
A00419,Analytics & Data,1242711,Won,0.0
A00420,Infrastructure,400962,Open,300721.5
A00420,AI & ML,1024764,Open,768573.0
A00420,Integration,1036966,Lost,0.0
A00421,Infrastructure,1471311,Open,1103483.25
A00421,AI & ML,3635440,Open,2726580.0
A00421,Integration,1525764,Won,0.0
A00422,Analytics & Data,1815038,Open,1361278.5
A00423,Database,2035034,Open,1526275.5
A00423,Analytics & Data,453190,Open,339892.5
A00423,Security,3000915,Lost,0.0
A00423,Applications,1311127,Lost,0.0
A00424,Database,2663395,Open,1997546.25
A00424,Analytics & Data,537395,Lost,0.0
A00424,AI & ML,1055904,Open,791928.0
A00424,Security,1048188,Open,786141.0
A00425,AI & ML,326774,Open,245080.5
A00425,Applications,2151756,Lost,0.0
A00426,Security,1196853,Open,897639.75
A00426,Integration,937715,Open,703286.25
A00427,Integration,1781327,Open,1335995.25
A00428,Database,1984006,Open,1488004.5
A00428,Security,197359,Open,148019.25
A00428,Integration,1184985,Open,888738.75
A00429,Applications,1173276,Open,879957.0
A00430,Integration,1095230,Won,0.0
A00432,Database,690664,Open,517998.0
A00432,AI & ML,432194,Open,324145.5
A00432,Integration,1209278,Won,0.0
A00433,Applications,2366185,Open,1774638.75
A00434,AI & ML,973547,Won,0.0
A00434,Integration,985507,Open,739130.25
A00435,Security,1248039,Open,936029.25
A00436,Database,1274961,Closed,0.0
A00436,Analytics & Data,1417648,Open,1063236.0
A00436,AI & ML,625586,Lost,0.0
A00436,Applications,1327112,Open,995334.0
A00437,AI & ML,1611998,Lost,0.0
A00437,Security,685293,Open,513969.75
A00437,Applications,974284,Won,0.0
A00438,Analytics & Data,526665,Open,394998.75
A00438,Security,1696844,Won,0.0
A00438,Applications,1545286,Open,1158964.5
A00438,Integration,2988756,Open,2241567.0
A00439,Infrastructure,419106,Open,314329.5
A00439,Database,2926637,Open,2194977.75
A00439,Integration,607740,Open,455805.0
A00440,Analytics & Data,3992633,Open,2994474.75
A00440,AI & ML,1127319,Open,845489.25
A00440,Security,5819368,Open,4364526.0
A00440,Integration,1838107,Open,1378580.25
A00441,Database,519334,Open,389500.5
A00441,AI & ML,1474863,Won,0.0
A00441,Applications,1114584,Lost,0.0
A00442,Infrastructure,371127,Open,278345.25
A00442,Database,3168936,Open,2376702.0
A00442,AI & ML,791995,Won,0.0
A00445,Infrastructure,1101568,Open,826176.0
A00446,Database,2483906,Open,1862929.5
A00447,Applications,3565485,Open,2674113.75
A00447,Integration,2994916,Won,0.0
A00448,Infrastructure,2172461,Open,1629345.75
A00448,Database,1543074,Open,1157305.5
A00448,Security,377399,Open,283049.25
A00449,Analytics & Data,2112575,Open,1584431.25
A00450,Infrastructure,1484520,Open,1113390.0
A00450,Analytics & Data,1389354,Open,1042015.5
A00450,Integration,1238409,Open,928806.75
A00451,Infrastructure,834182,Open,625636.5
A00451,Database,910552,Open,682914.0
A00451,AI & ML,701601,Won,0.0
A00451,Security,3177437,Open,2383077.75
A00451,Integration,530989,Open,398241.75
A00453,Infrastructure,503213,Lost,0.0
A00453,Integration,1311767,Open,983825.25
A00454,Integration,1228575,Open,921431.25
A00455,Analytics & Data,1782908,Won,0.0
A00455,Integration,2784615,Lost,0.0
A00456,Infrastructure,752432,Open,564324.0
A00456,Applications,1426172,Won,0.0
A00458,Database,661327,Open,495995.25
A00458,Applications,2078234,Open,1558675.5
A00459,AI & ML,5231552,Lost,0.0
A00460,Infrastructure,3827633,Open,2870724.75
A00461,Security,619966,Open,464974.5
A00462,Database,1362007,Lost,0.0
A00462,Applications,1976113,Open,1482084.75
A00462,Integration,5512741,Open,4134555.75
A00464,Database,4770734,Open,3578050.5
A00464,Analytics & Data,2148961,Open,1611720.75
A00465,Database,5256803,Won,0.0
A00465,AI & ML,7373410,Open,5530057.5
A00465,Applications,754345,Open,565758.75
A00467,Integration,1711753,Open,1283814.75
A00468,Infrastructure,1336390,Open,1002292.5
A00468,Database,3596646,Open,2697484.5
A00468,Analytics & Data,678209,Lost,0.0
A00468,Security,3857795,Closed,0.0
A00468,Applications,1436315,Open,1077236.25
A00469,Analytics & Data,1272092,Open,954069.0
A00469,AI & ML,951209,Open,713406.75
A00469,Integration,1588934,Open,1191700.5
A00471,Infrastructure,2443473,Open,1832604.75
A00472,Infrastructure,626702,Won,0.0
A00472,Analytics & Data,2761200,Lost,0.0
A00472,Integration,3681663,Open,2761247.25
A00473,Infrastructure,3247966,Open,2435974.5
A00473,Analytics & Data,2135827,Open,1601870.25
A00473,AI & ML,2609426,Lost,0.0
A00473,Applications,2742873,Open,2057154.75
A00473,Integration,8746793,Won,0.0
A00474,Analytics & Data,1624195,Won,0.0
A00474,Integration,1598862,Open,1199146.5
A00475,Analytics & Data,2319538,Won,0.0
A00475,AI & ML,1707134,Open,1280350.5
A00476,Database,1819247,Open,1364435.25
A00476,Security,180668,Open,135501.0
A00477,Infrastructure,2052448,Closed,0.0
A00477,Database,1252742,Open,939556.5
A00477,AI & ML,648846,Open,486634.5
A00477,Applications,566218,Open,424663.5
A00478,Security,2817381,Open,2113035.75
A00479,Database,4216247,Open,3162185.25
A00479,Analytics & Data,620352,Open,465264.0
A00479,AI & ML,1157032,Won,0.0
A00479,Security,1241943,Open,931457.25
A00479,Applications,3760978,Won,0.0
A00479,Integration,498435,Closed,0.0
A00480,Analytics & Data,1156756,Open,867567.0
A00480,Integration,3264455,Lost,0.0
A00481,Database,4252818,Won,0.0
A00482,Security,676663,Lost,0.0
A00482,Applications,660581,Closed,0.0
A00483,Infrastructure,699754,Lost,0.0
A00483,Analytics & Data,3877013,Open,2907759.75
A00484,Applications,4116250,Open,3087187.5
A00486,Analytics & Data,2101544,Open,1576158.0
A00487,AI & ML,6498702,Open,4874026.5
A00487,Security,1359633,Won,0.0
A00487,Applications,2415011,Won,0.0
A00487,Integration,760079,Open,570059.25
A00488,Security,1481266,Open,1110949.5
A00489,Infrastructure,1139394,Won,0.0
A00489,AI & ML,627370,Open,470527.5
A00489,Integration,2433784,Open,1825338.0
A00490,Security,215017,Open,161262.75
A00490,Applications,1518656,Won,0.0
A00490,Integration,2558349,Open,1918761.75
A00491,Database,2425733,Open,1819299.75
A00491,Analytics & Data,2220334,Won,0.0
A00491,AI & ML,1222823,Won,0.0
A00492,Infrastructure,136021,Open,102015.75
A00492,Analytics & Data,2704732,Won,0.0
A00492,Security,607407,Closed,0.0
A00493,Database,5029614,Lost,0.0
A00493,AI & ML,2516854,Open,1887640.5
A00493,Applications,1538573,Open,1153929.75
A00493,Integration,1361895,Lost,0.0
A00494,Infrastructure,2160361,Open,1620270.75
A00494,Applications,239973,Won,0.0
A00495,Security,474778,Open,356083.5
A00495,Applications,1426068,Open,1069551.0
A00496,Infrastructure,2158535,Open,1618901.25
A00496,Applications,1164352,Open,873264.0
A00497,Analytics & Data,1288651,Open,966488.25
A00497,Security,1756743,Open,1317557.25
A00497,Applications,738272,Open,553704.0
A00498,Infrastructure,542896,Open,407172.0
A00498,Database,783613,Open,587709.75
A00499,Database,1234525,Open,925893.75
A00499,Analytics & Data,1144415,Open,858311.25
A00499,Integration,2241116,Open,1680837.0
A00500,Infrastructure,2069853,Open,1552389.75
A00500,Database,4551533,Won,0.0
A00501,Infrastructure,2997854,Closed,0.0
A00501,AI & ML,1156113,Won,0.0
A00501,Applications,1416675,Lost,0.0
A00501,Integration,724168,Open,543126.0
A00502,Infrastructure,1505446,Open,1129084.5
A00503,Database,782563,Lost,0.0
A00503,Applications,5968673,Open,4476504.75
A00503,Integration,339151,Open,254363.25
A00505,Applications,580147,Closed,0.0
A00506,Analytics & Data,2057930,Open,1543447.5
A00506,AI & ML,1853848,Open,1390386.0
A00506,Security,690633,Lost,0.0
A00507,AI & ML,854154,Lost,0.0
A00507,Applications,1593399,Open,1195049.25
A00507,Integration,841118,Open,630838.5
A00508,Database,2942331,Open,2206748.25
A00508,AI & ML,197543,Open,148157.25
A00508,Applications,2879760,Open,2159820.0
A00508,Integration,3532699,Open,2649524.25
A00509,Analytics & Data,1962989,Open,1472241.75
A00510,Database,774148,Won,0.0
A00510,AI & ML,1164030,Open,873022.5
A00510,Security,1715216,Lost,0.0
A00511,Analytics & Data,3153397,Open,2365047.75
A00511,Integration,1006512,Open,754884.0
A00512,Analytics & Data,1317775,Won,0.0
A00512,AI & ML,1178382,Open,883786.5
A00512,Security,2334187,Open,1750640.25
A00512,Integration,2554380,Open,1915785.0
A00513,Infrastructure,951368,Open,713526.0
A00513,Analytics & Data,2689026,Open,2016769.5
A00513,Security,1577419,Open,1183064.25
A00513,Applications,714917,Open,536187.75
A00514,Infrastructure,5101050,Open,3825787.5
A00514,Database,4027045,Open,3020283.75
A00514,Analytics & Data,1752636,Open,1314477.0
A00514,Applications,1696080,Won,0.0
A00515,Integration,12624256,Open,9468192.0
A00516,Infrastructure,764776,Open,573582.0
A00516,Database,2160980,Open,1620735.0
A00516,Analytics & Data,1948835,Won,0.0
A00516,AI & ML,536425,Open,402318.75
A00517,Infrastructure,1758367,Open,1318775.25
A00517,Analytics & Data,1745406,Closed,0.0
A00517,Security,556569,Won,0.0
A00518,AI & ML,3098115,Won,0.0
A00518,Integration,983752,Open,737814.0
A00519,Analytics & Data,1167933,Won,0.0
A00519,Security,1708152,Open,1281114.0
A00519,Integration,445711,Won,0.0
A00520,Infrastructure,2684585,Open,2013438.75
A00520,Database,1146994,Closed,0.0
A00520,AI & ML,575547,Open,431660.25
A00521,AI & ML,2569101,Open,1926825.75
A00521,Applications,2579133,Open,1934349.75
A00522,Infrastructure,4027441,Open,3020580.75
A00522,Database,702862,Closed,0.0
A00522,Integration,904237,Open,678177.75
A00523,Analytics & Data,1962036,Open,1471527.0
A00524,Database,4240556,Open,3180417.0
A00524,Analytics & Data,2024451,Open,1518338.25
A00524,Security,448274,Open,336205.5
A00524,Applications,938428,Open,703821.0
A00525,Database,1139557,Open,854667.75
A00525,Integration,1735244,Won,0.0
A00526,Analytics & Data,280428,Open,210321.0
A00527,AI & ML,801147,Won,0.0
A00527,Security,499107,Open,374330.25
A00528,Database,625932,Lost,0.0
A00528,Applications,961274,Won,0.0
A00529,Applications,1563226,Won,0.0
A00529,Integration,1455347,Open,1091510.25
A00530,Database,5259431,Lost,0.0
A00530,AI & ML,3481426,Open,2611069.5
A00530,Security,2524200,Open,1893150.0
A00531,Analytics & Data,742775,Won,0.0
A00531,Security,3053923,Open,2290442.25
A00531,Integration,3364406,Open,2523304.5
A00532,Database,821895,Open,616421.25
A00532,AI & ML,1057614,Open,793210.5
A00532,Security,1688182,Open,1266136.5
A00532,Applications,1084010,Open,813007.5
A00533,Analytics & Data,3534537,Open,2650902.75
A00533,AI & ML,1083456,Closed,0.0
A00533,Security,1477748,Lost,0.0
A00534,Infrastructure,1425431,Open,1069073.25
A00534,AI & ML,895349,Lost,0.0
A00535,Analytics & Data,2033141,Lost,0.0
A00535,Integration,877175,Open,657881.25
A00536,Infrastructure,1839818,Open,1379863.5
A00536,Analytics & Data,1229758,Open,922318.5
A00537,Analytics & Data,2384496,Open,1788372.0
A00537,Integration,601829,Open,451371.75
A00538,Infrastructure,2760304,Open,2070228.0
A00538,Analytics & Data,966519,Won,0.0
A00538,Security,564025,Lost,0.0
A00539,Analytics & Data,4749136,Lost,0.0
A00539,Applications,871722,Open,653791.5
A00539,Integration,331896,Open,248922.0
A00540,Infrastructure,1232839,Open,924629.25
A00540,Database,497343,Lost,0.0
A00540,Security,1303935,Open,977951.25
A00540,Applications,1816955,Open,1362716.25
A00541,Analytics & Data,1704671,Open,1278503.25
A00541,AI & ML,818312,Open,613734.0
A00542,Security,1203809,Open,902856.75
A00543,Infrastructure,263237,Open,197427.75
A00543,AI & ML,444393,Open,333294.75
A00543,Security,1415838,Open,1061878.5
A00543,Applications,1608228,Open,1206171.0
A00543,Integration,3271832,Open,2453874.0
A00544,Security,735364,Open,551523.0
A00545,Infrastructure,1225392,Lost,0.0
A00545,Database,1873096,Open,1404822.0
A00546,Analytics & Data,832886,Won,0.0
A00546,AI & ML,290743,Lost,0.0
A00546,Security,892006,Open,669004.5
A00547,Database,1359625,Open,1019718.75
A00547,AI & ML,813373,Open,610029.75
A00547,Security,414147,Lost,0.0
A00547,Applications,2100844,Open,1575633.0
A00547,Integration,1408905,Open,1056678.75
A00548,Infrastructure,3731085,Lost,0.0
A00548,Analytics & Data,1806972,Lost,0.0
A00548,AI & ML,1314512,Open,985884.0
A00548,Security,873589,Open,655191.75
A00549,Security,4863575,Open,3647681.25
A00549,Applications,869733,Open,652299.75
A00550,Infrastructure,1349476,Open,1012107.0
A00550,Applications,860164,Open,645123.0
A00551,Database,242393,Won,0.0
A00551,Analytics & Data,2104412,Open,1578309.0
A00552,Infrastructure,993949,Open,745461.75
A00553,Infrastructure,1808033,Open,1356024.75
A00553,Database,2935638,Won,0.0
A00553,Applications,5480024,Open,4110018.0
A00554,Security,4748595,Lost,0.0
A00554,Applications,984276,Open,738207.0
A00555,Database,2180675,Open,1635506.25
A00556,Analytics & Data,1428519,Open,1071389.25
A00556,AI & ML,1399632,Open,1049724.0
A00556,Security,2616952,Won,0.0
A00557,Database,3000822,Open,2250616.5
A00557,Applications,1442330,Open,1081747.5
A00558,Database,4728961,Lost,0.0
A00558,Analytics & Data,807203,Open,605402.25
A00558,AI & ML,386938,Open,290203.5
A00559,Security,892501,Closed,0.0
A00559,Applications,2239279,Lost,0.0
A00561,Infrastructure,1277109,Open,957831.75
A00561,Security,1093244,Won,0.0
A00563,Infrastructure,3338897,Open,2504172.75
A00563,Analytics & Data,2807295,Open,2105471.25
A00563,Integration,527391,Open,395543.25
A00564,Infrastructure,3170762,Won,0.0
A00565,Infrastructure,1126230,Lost,0.0
A00565,Database,1158450,Open,868837.5
A00565,Analytics & Data,2486809,Open,1865106.75
A00565,AI & ML,873638,Closed,0.0
A00565,Applications,1870231,Open,1402673.25
A00567,Infrastructure,729670,Open,547252.5
A00567,Security,3090909,Open,2318181.75
A00568,Infrastructure,2546892,Open,1910169.0
A00568,AI & ML,724609,Open,543456.75
A00568,Applications,1466604,Open,1099953.0
A00569,Database,2379292,Open,1784469.0
A00569,Security,7785950,Open,5839462.5
A00570,Analytics & Data,590409,Open,442806.75
A00570,AI & ML,106078,Open,79558.5
A00570,Security,362480,Open,271860.0
A00571,Infrastructure,1036947,Open,777710.25
A00571,Database,568789,Open,426591.75
A00571,AI & ML,1872464,Open,1404348.0
A00571,Applications,922790,Open,692092.5
A00572,AI & ML,4358313,Open,3268734.75
A00572,Applications,396107,Won,0.0
A00573,Analytics & Data,539975,Open,404981.25
A00573,AI & ML,1673299,Open,1254974.25
A00573,Integration,5433049,Open,4074786.75
A00574,Infrastructure,1695374,Open,1271530.5
A00574,Security,2120457,Won,0.0
A00574,Applications,848267,Won,0.0
A00575,Database,2553833,Won,0.0
A00576,Security,1131684,Lost,0.0
A00577,Applications,1409958,Open,1057468.5
A00578,AI & ML,2247506,Open,1685629.5
A00578,Integration,271410,Open,203557.5
A00579,AI & ML,2471570,Open,1853677.5
A00579,Security,744941,Open,558705.75
A00579,Integration,1277803,Open,958352.25
A00580,Infrastructure,1055281,Open,791460.75
A00580,Database,1464826,Won,0.0
A00581,Infrastructure,429477,Open,322107.75
A00581,Database,3490877,Open,2618157.75
A00581,Analytics & Data,788477,Open,591357.75
A00582,Database,1015357,Open,761517.75
A00582,Security,986654,Open,739990.5
A00583,Database,9192202,Open,6894151.5
A00584,Database,1536553,Lost,0.0
A00584,Security,1915927,Closed,0.0
A00585,AI & ML,3058520,Won,0.0
A00585,Applications,344774,Open,258580.5
A00585,Integration,7433276,Open,5574957.0
A00586,Infrastructure,1676047,Open,1257035.25
A00586,Database,1259165,Lost,0.0
A00586,Security,456299,Open,342224.25
A00587,Analytics & Data,1196849,Open,897636.75
A00587,AI & ML,1716480,Open,1287360.0
A00588,Analytics & Data,7104897,Open,5328672.75
A00589,Database,1194745,Open,896058.75
A00590,Applications,650894,Open,488170.5
A00591,Analytics & Data,422255,Won,0.0
A00591,Integration,2813367,Open,2110025.25
A00592,Database,3625963,Lost,0.0
A00593,Database,647034,Won,0.0
A00593,Integration,578811,Open,434108.25
A00594,Database,1869700,Open,1402275.0
A00594,AI & ML,3702600,Open,2776950.0
A00594,Applications,496226,Open,372169.5
A00594,Integration,936883,Open,702662.25
A00595,Applications,1088214,Lost,0.0
A00596,Database,1290756,Open,968067.0
A00596,Analytics & Data,904127,Lost,0.0
A00596,Integration,1119519,Open,839639.25
A00597,Analytics & Data,608229,Open,456171.75
A00598,Infrastructure,4024796,Closed,0.0
A00598,AI & ML,371722,Open,278791.5
A00598,Security,973370,Open,730027.5
A00598,Applications,4150496,Open,3112872.0
A00598,Integration,523229,Open,392421.75
A00599,Integration,1086615,Open,814961.25
A00600,Analytics & Data,2136879,Open,1602659.25
A00600,AI & ML,911742,Open,683806.5
A00601,Database,2667923,Lost,0.0
A00601,Security,5900506,Open,4425379.5
A00602,Database,1135476,Won,0.0
A00602,Integration,563555,Open,422666.25
A00603,AI & ML,4561802,Open,3421351.5
A00603,Security,5600770,Open,4200577.5
A00604,Database,1994830,Closed,0.0
A00605,Infrastructure,707989,Open,530991.75
A00605,Analytics & Data,1166545,Won,0.0
A00605,Security,2827833,Open,2120874.75
A00605,Integration,3696805,Lost,0.0
A00606,Infrastructure,5486454,Open,4114840.5
A00606,Database,992089,Open,744066.75
A00606,Security,701322,Open,525991.5
A00606,Applications,3294853,Lost,0.0
A00607,Database,1551736,Open,1163802.0
A00607,Integration,1804080,Lost,0.0
A00608,Security,1045690,Open,784267.5
A00609,Analytics & Data,1222475,Open,916856.25
A00609,Security,895921,Won,0.0
A00609,Integration,2204057,Open,1653042.75
A00610,Infrastructure,892216,Open,669162.0
A00610,AI & ML,1177679,Open,883259.25
A00610,Security,687009,Won,0.0
A00610,Applications,2612150,Open,1959112.5
A00611,Analytics & Data,6941374,Open,5206030.5
A00611,AI & ML,1363643,Open,1022732.25
A00612,Analytics & Data,2485613,Open,1864209.75
A00612,Applications,2539349,Open,1904511.75
A00613,Database,1352116,Won,0.0
A00613,Analytics & Data,779562,Open,584671.5
A00613,AI & ML,1480167,Open,1110125.25
A00613,Applications,4832271,Open,3624203.25
A00613,Integration,551847,Lost,0.0
A00614,Infrastructure,2972854,Open,2229640.5
A00615,Infrastructure,1295242,Open,971431.5
A00615,AI & ML,1486976,Open,1115232.0
A00616,Infrastructure,2903738,Open,2177803.5
A00616,Analytics & Data,7323540,Open,5492655.0
A00616,Integration,951921,Open,713940.75
A00617,AI & ML,1559771,Open,1169828.25
A00617,Security,2591172,Open,1943379.0
A00617,Integration,1380314,Open,1035235.5
A00618,Analytics & Data,1929457,Open,1447092.75
A00618,AI & ML,758296,Open,568722.0
A00619,Analytics & Data,1474583,Open,1105937.25
A00619,Security,804267,Open,603200.25
A00619,Applications,507011,Open,380258.25
A00620,Database,1911332,Open,1433499.0
A00620,AI & ML,963754,Open,722815.5
A00620,Integration,597286,Open,447964.5
A00621,Applications,1296238,Closed,0.0
A00622,Infrastructure,213891,Lost,0.0
A00622,Database,560792,Open,420594.0
A00623,AI & ML,4749865,Open,3562398.75
A00623,Applications,953113,Open,714834.75
A00624,AI & ML,1537147,Won,0.0
A00624,Integration,523044,Open,392283.0
A00625,Infrastructure,2333055,Open,1749791.25
A00625,Analytics & Data,1111680,Open,833760.0
A00625,Integration,1220108,Open,915081.0
A00626,Database,3264814,Open,2448610.5
A00627,Applications,6650142,Open,4987606.5
A00628,Infrastructure,2596847,Open,1947635.25
A00628,Database,2282872,Closed,0.0
A00628,Analytics & Data,2085540,Open,1564155.0
A00628,Security,10000593,Won,0.0
A00628,Applications,334100,Closed,0.0
A00628,Integration,731823,Open,548867.25
A00629,Analytics & Data,830450,Open,622837.5
A00629,Applications,1743907,Open,1307930.25
A00631,AI & ML,775813,Open,581859.75
A00631,Security,2510023,Lost,0.0
A00632,Database,714824,Open,536118.0
A00632,AI & ML,2118468,Open,1588851.0
A00633,Infrastructure,577383,Open,433037.25
A00633,Database,504905,Open,378678.75
A00633,Integration,800246,Closed,0.0
A00634,Infrastructure,2335176,Won,0.0
A00634,Analytics & Data,2893991,Open,2170493.25
A00635,Database,2531831,Open,1898873.25
A00635,Analytics & Data,1840511,Won,0.0
A00636,Database,1222481,Won,0.0
A00636,AI & ML,517474,Open,388105.5
A00638,Infrastructure,1111438,Open,833578.5
A00638,AI & ML,2457151,Open,1842863.25
A00638,Integration,607838,Open,455878.5
A00639,Analytics & Data,1347640,Open,1010730.0
A00640,Analytics & Data,988205,Closed,0.0
A00640,Integration,834796,Lost,0.0
A00641,Analytics & Data,3993891,Open,2995418.25
A00641,Security,1611996,Open,1208997.0
A00642,Analytics & Data,1617504,Open,1213128.0
A00642,Security,514498,Open,385873.5
A00642,Applications,798486,Won,0.0
A00643,Security,1140454,Open,855340.5
A00643,Applications,3375496,Open,2531622.0
A00644,Infrastructure,1140040,Open,855030.0
A00644,Analytics & Data,7436631,Lost,0.0
A00644,AI & ML,3313267,Lost,0.0
A00645,Applications,1502474,Open,1126855.5
A00645,Integration,318881,Lost,0.0
A00646,AI & ML,5016493,Open,3762369.75
A00647,Analytics & Data,2889003,Lost,0.0
A00647,AI & ML,1160213,Open,870159.75
A00647,Integration,1325809,Open,994356.75
A00648,Integration,565916,Open,424437.0
A00649,Database,2938625,Open,2203968.75
A00649,Applications,585629,Open,439221.75
A00649,Integration,2025735,Open,1519301.25
A00650,Database,2294088,Lost,0.0
A00650,Analytics & Data,743756,Closed,0.0
A00650,Applications,639879,Open,479909.25
A00651,Analytics & Data,1361788,Lost,0.0
A00653,Database,801115,Open,600836.25
A00653,Security,1976851,Open,1482638.25
A00653,Applications,2304827,Open,1728620.25
A00655,Infrastructure,2090747,Open,1568060.25
A00655,Analytics & Data,1664988,Open,1248741.0
A00655,Applications,938252,Open,703689.0
A00656,AI & ML,267874,Lost,0.0
A00656,Integration,416034,Lost,0.0
A00657,Integration,2055618,Open,1541713.5
A00658,Infrastructure,1160762,Open,870571.5
A00658,Analytics & Data,1524907,Open,1143680.25
A00659,Database,2206244,Open,1654683.0
A00659,Analytics & Data,593849,Open,445386.75
A00659,AI & ML,1440649,Open,1080486.75
A00660,Infrastructure,1035892,Open,776919.0
A00660,Database,2286342,Open,1714756.5
A00660,Security,612734,Open,459550.5
A00660,Applications,1077498,Open,808123.5
A00661,Infrastructure,1292780,Won,0.0
A00661,Database,606745,Open,455058.75
A00661,Analytics & Data,374525,Open,280893.75
A00661,Applications,642435,Open,481826.25
A00662,Database,2076727,Open,1557545.25
A00663,Infrastructure,3083793,Open,2312844.75
A00663,Analytics & Data,4030304,Open,3022728.0
A00663,AI & ML,2007234,Won,0.0
A00663,Security,3341410,Lost,0.0
A00663,Applications,3351787,Won,0.0
A00664,Applications,9273318,Closed,0.0
A00665,Infrastructure,2810911,Open,2108183.25
A00665,Database,1333515,Closed,0.0
A00665,Security,1855808,Won,0.0
A00666,Database,2301096,Open,1725822.0
A00666,Applications,2313128,Open,1734846.0
A00667,Infrastructure,1262354,Open,946765.5
A00667,Security,2903533,Open,2177649.75
A00668,Analytics & Data,1277782,Won,0.0
A00668,AI & ML,6462491,Open,4846868.25
A00668,Security,644616,Closed,0.0
A00668,Applications,1721213,Closed,0.0
A00669,Integration,957963,Open,718472.25
A00670,Infrastructure,1909786,Lost,0.0
A00671,Infrastructure,4474282,Open,3355711.5
A00671,AI & ML,1065307,Open,798980.25
A00671,Security,1832001,Lost,0.0
A00671,Integration,802293,Open,601719.75
A00672,Database,2373547,Open,1780160.25
A00672,Analytics & Data,648489,Lost,0.0
A00673,Applications,4034777,Open,3026082.75
A00674,Database,689460,Won,0.0
A00674,Applications,456905,Open,342678.75
A00675,Infrastructure,4376791,Open,3282593.25
A00675,AI & ML,4126187,Won,0.0
A00675,Integration,666224,Lost,0.0
A00676,Infrastructure,314445,Open,235833.75
A00676,Database,6459255,Open,4844441.25
A00676,Security,3276792,Open,2457594.0
A00677,Database,1661275,Open,1245956.25
A00677,Analytics & Data,248291,Closed,0.0
A00677,Security,1134003,Open,850502.25
A00678,Integration,5776846,Open,4332634.5
A00679,Applications,3349362,Open,2512021.5
A00679,Integration,1153462,Open,865096.5
A00681,Database,629256,Open,471942.0
A00681,Analytics & Data,908055,Open,681041.25
A00681,AI & ML,3363398,Open,2522548.5
A00681,Integration,2075913,Open,1556934.75
A00682,Security,1316112,Open,987084.0
A00682,Integration,1116864,Open,837648.0
A00683,Applications,1133444,Open,850083.0
A00685,Applications,2204980,Open,1653735.0
A00685,Integration,3594220,Open,2695665.0
A00686,Database,2404426,Open,1803319.5
A00686,AI & ML,420118,Open,315088.5
A00686,Applications,2044601,Lost,0.0
A00686,Integration,1110556,Open,832917.0
A00687,Integration,2345756,Closed,0.0
A00689,Infrastructure,957668,Won,0.0
A00689,Applications,1129701,Open,847275.75
A00690,Infrastructure,2166554,Open,1624915.5
A00690,Database,606885,Open,455163.75
A00690,Security,2209432,Open,1657074.0
A00690,Integration,4590128,Lost,0.0
A00691,Infrastructure,2211530,Lost,0.0
A00691,Analytics & Data,2060531,Lost,0.0
A00691,AI & ML,2035178,Open,1526383.5
A00691,Applications,532557,Open,399417.75
A00691,Integration,827619,Closed,0.0
A00693,Database,3871071,Open,2903303.25
A00693,AI & ML,1010468,Won,0.0
A00694,Database,2612443,Lost,0.0
A00694,Analytics & Data,1783998,Open,1337998.5
A00694,Applications,649531,Open,487148.25
A00695,Infrastructure,4089279,Open,3066959.25
A00695,Database,519276,Open,389457.0
A00695,AI & ML,8051582,Lost,0.0
A00695,Applications,3117820,Open,2338365.0
A00696,Applications,1139998,Open,854998.5
A00696,Integration,2051218,Open,1538413.5
A00697,Database,832994,Open,624745.5
A00697,AI & ML,5508305,Won,0.0
A00698,AI & ML,2435441,Won,0.0
A00698,Security,498250,Closed,0.0
A00699,Database,3088299,Open,2316224.25
A00699,Analytics & Data,3480928,Open,2610696.0
A00699,Applications,1811758,Closed,0.0
A00700,Database,1841041,Open,1380780.75
A00701,Infrastructure,274718,Lost,0.0
A00701,Database,1322595,Open,991946.25
A00701,Analytics & Data,660627,Lost,0.0
A00701,Applications,3515526,Lost,0.0
A00702,Analytics & Data,1321033,Lost,0.0
A00702,Integration,234334,Won,0.0
A00703,Database,768427,Open,576320.25
A00704,AI & ML,2843928,Lost,0.0
A00706,Infrastructure,905417,Open,679062.75
A00706,AI & ML,1398601,Lost,0.0
A00706,Applications,465428,Open,349071.0
A00707,Infrastructure,2151530,Won,0.0
A00707,Applications,1476635,Open,1107476.25
A00708,AI & ML,3386117,Open,2539587.75
A00708,Applications,721400,Open,541050.0
A00709,Security,1996224,Won,0.0
A00710,Applications,726147,Open,544610.25
A00711,Integration,432640,Open,324480.0
A00712,Infrastructure,1010965,Open,758223.75
A00712,Database,2432333,Open,1824249.75
A00713,Database,1753380,Open,1315035.0
A00713,Analytics & Data,2316965,Open,1737723.75
A00714,Infrastructure,1324988,Lost,0.0
A00714,Applications,3333664,Lost,0.0
A00714,Integration,3544622,Open,2658466.5
A00716,Analytics & Data,446030,Open,334522.5
A00716,Applications,1498853,Open,1124139.75
A00717,AI & ML,612787,Won,0.0
A00717,Applications,1078242,Open,808681.5
A00718,Infrastructure,6344726,Won,0.0
A00718,Database,4411952,Open,3308964.0
A00718,AI & ML,1737500,Lost,0.0
A00718,Security,786024,Won,0.0
A00718,Applications,3829400,Won,0.0
A00719,Infrastructure,852987,Open,639740.25
A00719,Analytics & Data,2864787,Open,2148590.25
A00719,AI & ML,1284550,Open,963412.5
A00719,Security,3142683,Open,2357012.25
A00719,Applications,225929,Open,169446.75
A00719,Integration,1258886,Open,944164.5
A00720,Analytics & Data,2585347,Lost,0.0
A00720,AI & ML,1336497,Lost,0.0
A00720,Integration,1100257,Open,825192.75
A00722,Security,2312009,Open,1734006.75
A00722,Integration,1812809,Open,1359606.75
A00723,Analytics & Data,1658537,Open,1243902.75
A00724,Infrastructure,3569417,Lost,0.0
A00724,Database,1546361,Open,1159770.75
A00725,Infrastructure,301097,Lost,0.0
A00725,Analytics & Data,861633,Won,0.0
A00726,Database,1483120,Open,1112340.0
A00726,AI & ML,2682577,Won,0.0
A00727,Infrastructure,2294721,Closed,0.0
A00727,Database,3714878,Open,2786158.5
A00727,Analytics & Data,2866558,Open,2149918.5
A00727,Applications,499860,Won,0.0
A00728,Database,4090125,Open,3067593.75
A00728,AI & ML,1212452,Won,0.0
A00729,Database,783235,Open,587426.25
A00729,Security,2276322,Open,1707241.5
A00730,Analytics & Data,649788,Open,487341.0
A00730,Applications,1252542,Open,939406.5
A00730,Integration,498903,Open,374177.25
A00731,Infrastructure,1145463,Won,0.0
A00731,Analytics & Data,5456231,Lost,0.0
A00731,AI & ML,290258,Won,0.0
A00731,Applications,1013409,Open,760056.75
A00731,Integration,4276740,Open,3207555.0
A00732,Infrastructure,1018936,Lost,0.0
A00732,Security,1942851,Open,1457138.25
A00733,Infrastructure,1231140,Open,923355.0
A00733,Database,1620244,Open,1215183.0
A00733,Analytics & Data,283135,Open,212351.25
A00733,Applications,1169030,Open,876772.5
A00733,Integration,2045352,Lost,0.0
A00734,Infrastructure,2968080,Open,2226060.0
A00734,Applications,704168,Open,528126.0
A00734,Integration,1975578,Open,1481683.5
A00735,Infrastructure,1344892,Open,1008669.0
A00735,Security,291750,Open,218812.5
A00736,Infrastructure,1789368,Closed,0.0
A00736,Database,3633655,Won,0.0
A00736,Applications,819389,Won,0.0
A00737,Database,2476536,Lost,0.0
A00738,Infrastructure,3828949,Lost,0.0
A00738,AI & ML,1557236,Open,1167927.0
A00739,Database,923556,Open,692667.0
A00739,AI & ML,2226721,Won,0.0
A00739,Applications,532670,Open,399502.5
A00740,Infrastructure,1571229,Lost,0.0
A00740,AI & ML,4260894,Open,3195670.5
A00741,Database,2241959,Open,1681469.25
A00743,Analytics & Data,1819312,Open,1364484.0
A00743,AI & ML,1811139,Closed,0.0
A00743,Security,1490642,Open,1117981.5
A00744,Database,2587647,Won,0.0
A00744,Applications,2669046,Lost,0.0
A00745,Database,3005146,Open,2253859.5
A00745,Analytics & Data,5218710,Open,3914032.5
A00745,AI & ML,1537492,Lost,0.0
A00746,Database,383691,Open,287768.25
A00746,Analytics & Data,1589399,Won,0.0
A00746,AI & ML,702805,Open,527103.75
A00746,Security,1055165,Open,791373.75
A00746,Applications,1364765,Open,1023573.75
A00746,Integration,2664580,Lost,0.0
A00747,Infrastructure,3833660,Open,2875245.0
A00747,Analytics & Data,2148476,Open,1611357.0
A00747,Security,4171177,Open,3128382.75
A00747,Applications,2555879,Open,1916909.25
A00747,Integration,1338597,Open,1003947.75
A00749,Database,493629,Open,370221.75
A00749,Analytics & Data,4870604,Open,3652953.0
A00749,Security,161701,Won,0.0
A00749,Applications,3717545,Open,2788158.75
A00750,AI & ML,806196,Closed,0.0
A00750,Applications,2942912,Open,2207184.0
A00750,Integration,2284525,Open,1713393.75
A00751,Applications,1183230,Open,887422.5
A00751,Integration,1025454,Lost,0.0
A00752,AI & ML,987076,Open,740307.0
A00754,Infrastructure,937568,Lost,0.0
A00754,Database,1249218,Closed,0.0
A00754,AI & ML,1654121,Open,1240590.75
A00755,AI & ML,727777,Lost,0.0
A00756,AI & ML,980259,Open,735194.25
A00756,Integration,4820298,Open,3615223.5
A00757,Security,2240796,Open,1680597.0
A00757,Applications,2503393,Open,1877544.75
A00758,Infrastructure,2476664,Open,1857498.0
A00758,Analytics & Data,4670471,Open,3502853.25
A00758,Applications,762030,Open,571522.5
A00759,Infrastructure,989089,Open,741816.75
A00759,Analytics & Data,1386640,Lost,0.0
A00760,Database,1394335,Lost,0.0
A00760,AI & ML,5574249,Won,0.0
A00760,Applications,919648,Open,689736.0
A00760,Integration,767052,Lost,0.0
A00761,Infrastructure,1054575,Open,790931.25
A00763,Database,4432369,Open,3324276.75
A00763,Integration,1559416,Lost,0.0
A00764,Infrastructure,1019802,Open,764851.5
A00765,Infrastructure,2407663,Open,1805747.25
A00765,Database,1517417,Open,1138062.75
A00765,Analytics & Data,1042469,Open,781851.75
A00765,Integration,934011,Won,0.0
A00766,Infrastructure,335238,Won,0.0
A00766,Database,1520335,Open,1140251.25
A00766,Analytics & Data,1200841,Open,900630.75
A00766,AI & ML,695713,Closed,0.0
A00766,Applications,2168603,Open,1626452.25
A00768,Security,2261474,Open,1696105.5
A00769,Infrastructure,918921,Won,0.0
A00769,Database,1283633,Open,962724.75
A00769,AI & ML,631881,Open,473910.75
A00769,Security,1368616,Open,1026462.0
A00770,Database,1781533,Open,1336149.75
A00770,AI & ML,1849188,Open,1386891.0
A00770,Integration,6432570,Open,4824427.5
A00771,Infrastructure,1242845,Open,932133.75
A00771,Analytics & Data,696833,Open,522624.75
A00772,AI & ML,1479597,Open,1109697.75
A00772,Security,370900,Closed,0.0
A00772,Integration,2247674,Open,1685755.5
A00773,Database,872910,Open,654682.5
A00773,Applications,1031515,Open,773636.25
A00774,AI & ML,1314638,Open,985978.5
A00774,Integration,741330,Lost,0.0
A00775,Infrastructure,641771,Open,481328.25
A00775,Analytics & Data,1756136,Open,1317102.0
A00776,Infrastructure,2410317,Lost,0.0
A00776,Analytics & Data,2116284,Won,0.0
A00776,AI & ML,1306168,Won,0.0
A00776,Applications,903006,Won,0.0
A00777,Infrastructure,1101665,Open,826248.75
A00777,Security,1129820,Won,0.0
A00778,Infrastructure,605193,Lost,0.0
A00778,Database,2471585,Open,1853688.75
A00778,AI & ML,3939703,Lost,0.0
A00778,Security,842559,Open,631919.25
A00779,Infrastructure,977333,Open,732999.75
A00780,Infrastructure,1656054,Won,0.0
A00780,Database,637167,Open,477875.25
A00780,Integration,1139405,Won,0.0
A00781,Infrastructure,2178390,Open,1633792.5
A00781,Database,2034287,Open,1525715.25
A00781,AI & ML,2248430,Lost,0.0
A00781,Integration,1870168,Open,1402626.0
A00782,Security,1045086,Open,783814.5
A00783,Infrastructure,1413439,Open,1060079.25
A00783,Security,3204689,Lost,0.0
A00783,Applications,2981542,Open,2236156.5
A00784,Infrastructure,1188885,Lost,0.0
A00785,Infrastructure,4668236,Open,3501177.0
A00785,Analytics & Data,1467999,Open,1100999.25
A00785,AI & ML,872685,Won,0.0
A00785,Security,1309562,Open,982171.5
A00785,Applications,1341816,Open,1006362.0
A00786,Integration,1248640,Won,0.0
A00787,Infrastructure,3329043,Open,2496782.25
A00787,Database,1221785,Open,916338.75
A00788,Database,3603896,Won,0.0
A00788,Analytics & Data,1731287,Lost,0.0
A00788,Applications,1178367,Open,883775.25
A00788,Integration,1553276,Open,1164957.0
A00789,Infrastructure,4190024,Open,3142518.0
A00789,Analytics & Data,7200842,Lost,0.0
A00789,AI & ML,910816,Open,683112.0
A00789,Security,496653,Lost,0.0
A00789,Applications,1880081,Won,0.0
A00790,Security,1881320,Open,1410990.0
A00790,Applications,1766364,Open,1324773.0
A00791,Infrastructure,8755341,Lost,0.0
A00791,Analytics & Data,1409915,Open,1057436.25
A00791,AI & ML,2053151,Closed,0.0
A00791,Security,3626118,Open,2719588.5
A00792,Analytics & Data,534664,Open,400998.0
A00792,Security,1735342,Open,1301506.5
A00792,Integration,397299,Won,0.0
A00793,Infrastructure,1118638,Open,838978.5
A00793,Database,2916157,Lost,0.0
A00795,AI & ML,5067793,Open,3800844.75
A00795,Integration,3013344,Open,2260008.0
A00797,Infrastructure,1977947,Open,1483460.25
A00797,Database,1688249,Closed,0.0
A00797,AI & ML,467028,Lost,0.0
A00798,Infrastructure,1545591,Open,1159193.25
A00798,Analytics & Data,208758,Open,156568.5
A00798,Security,1268698,Open,951523.5
A00799,Infrastructure,4608905,Closed,0.0
A00799,Applications,1118039,Won,0.0
A00799,Integration,1540095,Open,1155071.25
A00800,Applications,2333379,Open,1750034.25
A00801,Database,532310,Open,399232.5
A00801,AI & ML,578181,Open,433635.75
A00801,Applications,833570,Open,625177.5
A00802,Infrastructure,2953154,Open,2214865.5
A00802,Database,3905753,Open,2929314.75
A00802,AI & ML,1981835,Open,1486376.25
A00802,Security,411423,Open,308567.25
A00803,Infrastructure,3224527,Closed,0.0
A00803,Analytics & Data,1950809,Open,1463106.75
A00803,Security,431812,Open,323859.0
A00803,Integration,1464427,Open,1098320.25
A00805,Infrastructure,10036420,Open,7527315.0
A00805,Integration,867286,Open,650464.5
A00806,Infrastructure,2792795,Open,2094596.25
A00806,Analytics & Data,2017735,Open,1513301.25
A00806,Security,612868,Won,0.0
A00806,Integration,2370362,Open,1777771.5
A00807,Analytics & Data,3411878,Open,2558908.5
A00807,Applications,1376889,Open,1032666.75
A00807,Integration,713147,Open,534860.25
A00808,Infrastructure,2117176,Open,1587882.0
A00808,Database,2055992,Won,0.0
A00809,Database,2433319,Closed,0.0
A00809,Analytics & Data,824981,Open,618735.75
A00809,AI & ML,900329,Won,0.0
A00809,Security,1561714,Open,1171285.5
A00809,Integration,1060318,Open,795238.5
A00811,Applications,485570,Open,364177.5
A00813,AI & ML,843531,Lost,0.0
A00813,Security,264217,Lost,0.0
A00814,Infrastructure,3631962,Lost,0.0
A00814,Database,1347868,Open,1010901.0
A00814,Applications,627722,Open,470791.5
A00814,Integration,5095565,Won,0.0
A00815,Database,3026982,Won,0.0
A00815,Applications,265637,Open,199227.75
A00816,Database,3112938,Open,2334703.5
A00816,Analytics & Data,2637821,Open,1978365.75
A00817,Database,3534694,Open,2651020.5
A00817,Analytics & Data,1634715,Open,1226036.25
A00817,AI & ML,996389,Open,747291.75
A00817,Integration,1871535,Open,1403651.25
A00818,Database,1269097,Open,951822.75
A00818,Security,1248571,Open,936428.25
A00818,Integration,2688005,Won,0.0
A00819,Infrastructure,715397,Open,536547.75
A00819,Database,2049219,Open,1536914.25
A00819,Integration,3428281,Open,2571210.75
A00820,AI & ML,465668,Open,349251.0
A00820,Integration,1475592,Won,0.0
A00821,Infrastructure,898208,Open,673656.0
A00821,Database,2768731,Open,2076548.25
A00821,Applications,1900140,Open,1425105.0
A00822,Infrastructure,1230866,Open,923149.5
A00822,Analytics & Data,1794588,Lost,0.0
A00822,AI & ML,1258203,Open,943652.25
A00823,Database,2449951,Lost,0.0
A00824,Analytics & Data,1327704,Lost,0.0
A00824,Integration,6712972,Won,0.0
A00825,Infrastructure,386543,Open,289907.25
A00825,Analytics & Data,2129649,Open,1597236.75
A00825,Applications,521457,Open,391092.75
A00826,Infrastructure,1210086,Open,907564.5
A00826,Analytics & Data,1048776,Lost,0.0
A00827,Security,674774,Open,506080.5
A00828,Database,166883,Lost,0.0
A00828,Integration,3078035,Won,0.0
A00829,Infrastructure,2283817,Lost,0.0
A00829,Database,2541687,Won,0.0
A00829,Analytics & Data,699844,Open,524883.0
A00829,AI & ML,1136986,Lost,0.0
A00829,Security,546593,Open,409944.75
A00830,Infrastructure,1979335,Open,1484501.25
A00830,AI & ML,1582010,Open,1186507.5
A00830,Applications,675324,Open,506493.0
A00831,AI & ML,4031107,Open,3023330.25
A00831,Security,1144798,Open,858598.5
A00832,Infrastructure,740861,Open,555645.75
A00833,Security,3736867,Open,2802650.25
A00835,Database,1446172,Open,1084629.0
A00835,AI & ML,1086287,Won,0.0
A00836,Infrastructure,2232415,Open,1674311.25
A00836,Database,1082361,Open,811770.75
A00836,Integration,373256,Open,279942.0
A00837,Infrastructure,2042137,Open,1531602.75
A00838,Infrastructure,755841,Lost,0.0
A00838,Analytics & Data,1662791,Open,1247093.25
A00839,Infrastructure,3072959,Open,2304719.25
A00839,Database,4044533,Won,0.0
A00839,Analytics & Data,1448649,Open,1086486.75
A00840,Infrastructure,2214299,Won,0.0
A00840,AI & ML,544671,Open,408503.25
A00840,Applications,493185,Open,369888.75
A00841,Security,897381,Won,0.0
A00841,Integration,668465,Open,501348.75
A00842,AI & ML,1731211,Open,1298408.25
A00842,Security,1007177,Open,755382.75
A00842,Applications,649756,Open,487317.0
A00843,Infrastructure,3532167,Won,0.0
A00843,Database,552660,Closed,0.0
A00843,AI & ML,945145,Open,708858.75
A00843,Security,3127625,Open,2345718.75
A00843,Integration,334038,Open,250528.5
A00844,Infrastructure,1078058,Closed,0.0
A00844,AI & ML,2067681,Won,0.0
A00844,Applications,909276,Open,681957.0
A00845,Infrastructure,6011339,Open,4508504.25
A00845,Database,1110383,Open,832787.25
A00845,Analytics & Data,863275,Lost,0.0
A00845,AI & ML,514101,Open,385575.75
A00845,Applications,1471866,Open,1103899.5
A00846,Infrastructure,686263,Closed,0.0
A00846,Analytics & Data,5252167,Lost,0.0
A00846,AI & ML,753423,Won,0.0
A00847,Infrastructure,810631,Open,607973.25
A00847,Analytics & Data,1344431,Open,1008323.25
A00848,Database,418665,Won,0.0
A00848,AI & ML,2729507,Open,2047130.25
A00849,Infrastructure,601769,Open,451326.75
A00849,Database,745873,Lost,0.0
A00849,Security,674667,Open,506000.25
A00849,Integration,2807939,Open,2105954.25
A00850,Database,861508,Open,646131.0
A00850,Integration,1267885,Open,950913.75
A00851,Infrastructure,8800983,Open,6600737.25
A00851,AI & ML,3741902,Won,0.0
A00851,Security,778366,Lost,0.0
A00851,Applications,1893772,Won,0.0
A00852,Database,647745,Open,485808.75
A00852,Integration,1666471,Won,0.0
A00853,Security,2755716,Open,2066787.0
A00854,Analytics & Data,1446170,Open,1084627.5
A00854,Applications,555740,Won,0.0
A00855,Database,1295791,Lost,0.0
A00856,Applications,2032645,Won,0.0
A00857,Analytics & Data,2429387,Open,1822040.25
A00857,AI & ML,538300,Open,403725.0
A00857,Security,1685890,Open,1264417.5
A00858,Infrastructure,2300800,Open,1725600.0
A00858,Database,985019,Won,0.0
A00858,AI & ML,1315199,Open,986399.25
A00858,Security,2726693,Open,2045019.75
A00858,Applications,2028109,Closed,0.0
A00858,Integration,1492720,Open,1119540.0
A00859,Infrastructure,868310,Open,651232.5
A00859,Database,1452733,Closed,0.0
A00859,Applications,4115084,Open,3086313.0
A00860,Analytics & Data,4051800,Open,3038850.0
A00860,AI & ML,1259918,Open,944938.5
A00860,Applications,1599487,Won,0.0
A00860,Integration,674136,Open,505602.0
A00861,Security,624488,Open,468366.0
A00862,Infrastructure,622894,Lost,0.0
A00862,AI & ML,989222,Open,741916.5
A00862,Integration,1054915,Open,791186.25
A00863,Infrastructure,3585691,Open,2689268.25
A00863,Analytics & Data,2860961,Open,2145720.75
A00863,Applications,836850,Open,627637.5
A00864,Security,1413941,Closed,0.0
A00864,Integration,2290690,Open,1718017.5
A00865,Database,2785328,Lost,0.0
A00865,Integration,2395873,Won,0.0
A00866,Infrastructure,4159392,Open,3119544.0
A00866,Database,1082601,Lost,0.0
A00866,Analytics & Data,383605,Open,287703.75
A00866,AI & ML,1062295,Open,796721.25
A00866,Security,779965,Open,584973.75
A00866,Applications,1276870,Open,957652.5
A00866,Integration,1614567,Open,1210925.25
A00867,Database,2262062,Open,1696546.5
A00867,Analytics & Data,191173,Open,143379.75
A00867,Applications,1984477,Open,1488357.75
A00867,Integration,1353065,Open,1014798.75
A00868,Database,641718,Open,481288.5
A00868,Applications,1668461,Open,1251345.75
A00869,Database,1646693,Open,1235019.75
A00869,Security,190627,Open,142970.25
A00870,Database,2172831,Open,1629623.25
A00871,Infrastructure,2498179,Open,1873634.25
A00871,Database,1375536,Open,1031652.0
A00872,Infrastructure,163738,Lost,0.0
A00872,AI & ML,3023203,Lost,0.0
A00872,Integration,1734473,Open,1300854.75
A00873,Infrastructure,2009831,Lost,0.0
A00873,Integration,9575448,Closed,0.0
A00874,Analytics & Data,2872387,Open,2154290.25
A00874,Security,1650776,Open,1238082.0
A00875,AI & ML,627399,Open,470549.25
A00876,Infrastructure,1647625,Open,1235718.75
A00876,Analytics & Data,1184125,Closed,0.0
A00876,Integration,959606,Lost,0.0
A00877,AI & ML,810767,Open,608075.25
A00878,Analytics & Data,260110,Open,195082.5
A00879,Infrastructure,1466432,Open,1099824.0
A00879,Database,1671228,Open,1253421.0
A00880,Applications,1355203,Won,0.0
A00882,Infrastructure,507968,Closed,0.0
A00882,AI & ML,1980701,Lost,0.0
A00883,Database,588479,Won,0.0
A00883,Analytics & Data,2071677,Open,1553757.75
A00883,Integration,2412418,Open,1809313.5
A00884,Database,1714069,Won,0.0
A00884,Analytics & Data,4304541,Open,3228405.75
A00884,AI & ML,4458044,Open,3343533.0
A00884,Applications,1271492,Closed,0.0
A00885,Infrastructure,1008729,Open,756546.75
A00885,Database,500289,Open,375216.75
A00885,AI & ML,5397746,Open,4048309.5
A00885,Applications,561942,Won,0.0
A00886,Analytics & Data,894776,Open,671082.0
A00886,Security,1386426,Open,1039819.5
A00886,Integration,1475228,Open,1106421.0
A00887,Infrastructure,2192104,Open,1644078.0
A00887,AI & ML,1132492,Open,849369.0
A00887,Security,546957,Open,410217.75
A00888,AI & ML,1221730,Open,916297.5
A00888,Security,819751,Won,0.0
A00888,Integration,3398814,Open,2549110.5
A00889,AI & ML,1277318,Open,957988.5
A00890,Infrastructure,1078679,Open,809009.25
A00890,Database,1606422,Lost,0.0
A00891,Database,532577,Open,399432.75
A00891,Analytics & Data,1248294,Open,936220.5
A00891,AI & ML,170213,Open,127659.75
A00891,Integration,1587583,Open,1190687.25
A00892,Analytics & Data,1123545,Won,0.0
A00892,Security,786871,Open,590153.25
A00892,Applications,1806617,Open,1354962.75
A00893,Analytics & Data,894861,Open,671145.75
A00893,Security,2424668,Open,1818501.0
A00893,Applications,1278370,Open,958777.5
A00894,Analytics & Data,3906758,Open,2930068.5
A00894,Security,1768268,Open,1326201.0
A00894,Applications,1249653,Open,937239.75
A00895,Security,1430140,Lost,0.0
A00895,Applications,298482,Open,223861.5
A00896,Infrastructure,1001914,Open,751435.5
A00896,Analytics & Data,3728773,Won,0.0
A00896,Applications,1495175,Lost,0.0
A00896,Integration,990556,Open,742917.0
A00897,Database,5008871,Closed,0.0
A00897,Integration,878361,Open,658770.75
A00898,Applications,989167,Open,741875.25
A00898,Integration,1098889,Open,824166.75
A00899,Applications,498497,Open,373872.75
A00899,Integration,2374150,Open,1780612.5
A00900,Infrastructure,598450,Closed,0.0
A00900,Database,2435489,Open,1826616.75
A00900,AI & ML,945048,Won,0.0
A00901,Infrastructure,1658100,Open,1243575.0
A00901,AI & ML,464579,Closed,0.0
A00901,Integration,938083,Open,703562.25
A00902,Infrastructure,1121924,Lost,0.0
A00902,Applications,3888904,Open,2916678.0
A00902,Integration,2588506,Open,1941379.5
A00903,Applications,2491091,Lost,0.0
A00904,Infrastructure,2706257,Lost,0.0
A00904,Security,2677938,Open,2008453.5
A00905,Infrastructure,649989,Open,487491.75
A00905,AI & ML,2092880,Lost,0.0
A00906,Infrastructure,657700,Open,493275.0
A00906,Applications,1016305,Open,762228.75
A00906,Integration,840796,Open,630597.0
A00907,Infrastructure,2154239,Open,1615679.25
A00907,Analytics & Data,1710537,Lost,0.0
A00907,Integration,1035531,Open,776648.25
A00908,Infrastructure,1198249,Lost,0.0
A00908,Analytics & Data,2242130,Open,1681597.5
A00908,Applications,833767,Open,625325.25
A00908,Integration,1480380,Open,1110285.0
A00909,AI & ML,1106214,Open,829660.5
A00909,Applications,1772779,Open,1329584.25
A00909,Integration,1595766,Open,1196824.5
A00910,Security,9153105,Won,0.0
A00910,Applications,1952238,Closed,0.0
A00911,Integration,1422092,Open,1066569.0
A00912,Infrastructure,1656802,Open,1242601.5
A00912,Database,544656,Open,408492.0
A00912,Applications,816147,Open,612110.25
A00913,Integration,3582377,Open,2686782.75
A00914,Infrastructure,2367390,Open,1775542.5
A00914,Database,1286759,Open,965069.25
A00914,Analytics & Data,2676881,Open,2007660.75
A00915,Infrastructure,4219654,Open,3164740.5
A00915,AI & ML,3047098,Open,2285323.5
A00915,Applications,1097425,Closed,0.0
A00916,Infrastructure,645366,Lost,0.0
A00916,Security,1144009,Open,858006.75
A00916,Applications,1664841,Open,1248630.75
A00916,Integration,1766035,Open,1324526.25
A00917,Integration,775177,Open,581382.75
A00918,Infrastructure,993079,Open,744809.25
A00918,Security,1442075,Open,1081556.25
A00918,Applications,1644471,Won,0.0
A00918,Integration,2064088,Closed,0.0
A00919,Database,1514798,Open,1136098.5
A00919,Security,323853,Open,242889.75
A00920,Infrastructure,2424148,Lost,0.0
A00920,Database,3382962,Open,2537221.5
A00920,Security,347848,Open,260886.0
A00921,Database,556663,Open,417497.25
A00923,Infrastructure,1677391,Open,1258043.25
A00923,Database,609826,Closed,0.0
A00923,Analytics & Data,2090781,Closed,0.0
A00923,AI & ML,491818,Open,368863.5
A00923,Security,2667270,Open,2000452.5
A00924,Analytics & Data,2776975,Open,2082731.25
A00925,Infrastructure,204865,Open,153648.75
A00926,Security,2358958,Won,0.0
A00926,Integration,544661,Open,408495.75
A00927,AI & ML,806352,Won,0.0
A00927,Security,950241,Open,712680.75
A00928,Database,1410349,Open,1057761.75
A00928,Analytics & Data,678644,Open,508983.0
A00928,AI & ML,4422320,Won,0.0
A00928,Applications,691747,Open,518810.25
A00929,Applications,2342611,Open,1756958.25
A00929,Integration,1188964,Open,891723.0
A00930,Database,763116,Lost,0.0
A00930,Analytics & Data,659457,Won,0.0
A00931,Infrastructure,2960345,Lost,0.0
A00931,Security,6627259,Open,4970444.25
A00932,Database,1584646,Open,1188484.5
A00932,Analytics & Data,2602471,Open,1951853.25
A00933,Database,1760623,Won,0.0
A00933,Analytics & Data,4634658,Open,3475993.5
A00933,Integration,1309289,Lost,0.0
A00934,Infrastructure,707150,Open,530362.5
A00935,Database,1664350,Open,1248262.5
A00935,AI & ML,945575,Open,709181.25
A00935,Applications,857403,Open,643052.25
A00936,Analytics & Data,282051,Open,211538.25
A00936,Security,3632857,Open,2724642.75
A00936,Integration,2445086,Open,1833814.5
A00937,Database,1225257,Closed,0.0
A00937,Analytics & Data,1789034,Open,1341775.5
A00937,Applications,836335,Closed,0.0
A00938,Infrastructure,3709745,Open,2782308.75
A00938,Analytics & Data,2954328,Open,2215746.0
A00938,AI & ML,3445567,Open,2584175.25
A00939,Infrastructure,1693119,Open,1269839.25
A00939,Database,1077324,Open,807993.0
A00939,Security,988761,Open,741570.75
A00940,Infrastructure,1896852,Open,1422639.0
A00940,Analytics & Data,814301,Lost,0.0
A00941,Infrastructure,667471,Open,500603.25
A00941,Analytics & Data,1284074,Open,963055.5
A00941,AI & ML,799299,Won,0.0
A00941,Security,639254,Lost,0.0
A00942,Analytics & Data,1553747,Open,1165310.25
A00943,Database,1651067,Open,1238300.25
A00944,Analytics & Data,794150,Closed,0.0
A00944,Security,265654,Open,199240.5
A00945,Database,2435766,Open,1826824.5
A00945,Analytics & Data,2913847,Open,2185385.25
A00945,Applications,1008421,Closed,0.0
A00945,Integration,1434951,Won,0.0
A00946,Security,2372364,Won,0.0
A00946,Integration,5020873,Open,3765654.75
A00947,Infrastructure,1385383,Open,1039037.25
A00947,Security,297163,Open,222872.25
A00948,Infrastructure,1625956,Lost,0.0
A00948,Database,900834,Open,675625.5
A00948,Security,1117709,Open,838281.75
A00949,Applications,1517486,Open,1138114.5
A00951,Infrastructure,5738173,Open,4303629.75
A00951,Database,2322250,Open,1741687.5
A00952,AI & ML,2078829,Open,1559121.75
A00952,Security,700854,Open,525640.5
A00953,Security,3031756,Open,2273817.0
A00954,Infrastructure,1029974,Won,0.0
A00954,Analytics & Data,1741262,Open,1305946.5
A00955,AI & ML,2963319,Won,0.0
A00955,Security,1953836,Open,1465377.0
A00955,Applications,2141544,Open,1606158.0
A00955,Integration,1307481,Lost,0.0
A00956,Database,1111776,Open,833832.0
A00957,Database,465705,Closed,0.0
A00957,Analytics & Data,2506511,Open,1879883.25
A00957,Applications,363058,Won,0.0
A00957,Integration,439536,Open,329652.0
A00958,Applications,1259494,Open,944620.5
A00959,Analytics & Data,820100,Lost,0.0
A00959,AI & ML,1357075,Won,0.0
A00959,Applications,2380248,Open,1785186.0
A00960,Database,871323,Open,653492.25
A00960,Security,523013,Open,392259.75
A00960,Applications,3503584,Open,2627688.0
A00961,Infrastructure,527021,Open,395265.75
A00961,Analytics & Data,864697,Open,648522.75
A00961,Applications,2029120,Won,0.0
A00963,Database,986911,Open,740183.25
A00963,Analytics & Data,1088798,Lost,0.0
A00963,Security,1600073,Open,1200054.75
A00964,Analytics & Data,1313723,Open,985292.25
A00964,Security,817172,Won,0.0
A00965,Infrastructure,802307,Open,601730.25
A00965,Database,490296,Lost,0.0
A00965,Applications,2091135,Lost,0.0
A00966,AI & ML,639263,Open,479447.25
A00966,Security,3083830,Open,2312872.5
A00966,Integration,4139196,Won,0.0
A00967,Infrastructure,723383,Open,542537.25
A00967,Applications,3089601,Open,2317200.75
A00968,AI & ML,717859,Open,538394.25
A00968,Security,2722791,Open,2042093.25
A00968,Applications,1268321,Open,951240.75
A00969,Infrastructure,3303953,Open,2477964.75
A00970,Analytics & Data,7293535,Open,5470151.25
A00970,Applications,5269829,Lost,0.0
A00971,Security,3093037,Open,2319777.75
A00972,Infrastructure,2509168,Open,1881876.0
A00973,Infrastructure,2082434,Open,1561825.5
A00973,Security,2570588,Open,1927941.0
A00973,Applications,4861006,Closed,0.0
A00973,Integration,618247,Open,463685.25
A00974,Infrastructure,2344734,Open,1758550.5
A00974,Analytics & Data,4757752,Open,3568314.0
A00974,AI & ML,1439347,Lost,0.0
A00974,Applications,1519525,Won,0.0
A00975,Security,1996202,Open,1497151.5
A00975,Applications,1897305,Open,1422978.75
A00976,Database,1757715,Open,1318286.25
A00976,Applications,2174277,Open,1630707.75
A00977,Database,2478104,Open,1858578.0
A00977,Analytics & Data,1065269,Open,798951.75
A00977,AI & ML,2084644,Open,1563483.0
A00977,Integration,525370,Open,394027.5
A00978,Analytics & Data,433506,Open,325129.5
A00978,AI & ML,2380146,Open,1785109.5
A00979,Infrastructure,1470567,Won,0.0
A00979,Applications,1386633,Won,0.0
A00980,Applications,2278157,Lost,0.0
A00981,Infrastructure,1722191,Open,1291643.25
A00981,Database,1398980,Closed,0.0
A00981,Integration,1279400,Won,0.0
A00982,AI & ML,3332998,Open,2499748.5
A00982,Security,1343923,Won,0.0
A00983,AI & ML,1162877,Lost,0.0
A00984,Database,3407588,Lost,0.0
A00985,Analytics & Data,282550,Open,211912.5
A00985,AI & ML,1520800,Won,0.0
A00985,Security,499290,Open,374467.5
A00985,Integration,1801904,Open,1351428.0
A00986,Database,5501359,Open,4126019.25
A00986,Security,823129,Open,617346.75
A00987,Infrastructure,635361,Won,0.0
A00988,Applications,732988,Closed,0.0
A00989,Analytics & Data,1519369,Open,1139526.75
A00989,Applications,688662,Won,0.0
A00989,Integration,1455289,Open,1091466.75
A00990,Infrastructure,1342021,Open,1006515.75
A00990,AI & ML,2431776,Won,0.0
A00990,Applications,1354250,Open,1015687.5
A00991,AI & ML,710807,Lost,0.0
A00992,Security,933427,Closed,0.0
A00992,Integration,2238412,Open,1678809.0
A00993,Infrastructure,474448,Open,355836.0
A00993,Database,580380,Lost,0.0
A00993,Analytics & Data,1014639,Open,760979.25
A00993,Security,2405055,Open,1803791.25
A00993,Integration,6848047,Open,5136035.25
A00994,Applications,597836,Open,448377.0
A00995,Analytics & Data,465368,Won,0.0
A00995,Applications,1741722,Open,1306291.5
A00995,Integration,1737176,Open,1302882.0
A00996,Applications,1942116,Open,1456587.0
A00998,Database,1524828,Open,1143621.0
A00998,AI & ML,1029833,Open,772374.75
A00998,Applications,1835208,Open,1376406.0
A00998,Integration,703139,Open,527354.25
A00999,Integration,593201,Open,444900.75
A01001,Security,789549,Open,592161.75
A01001,Applications,1091051,Won,0.0
A01002,Database,4860106,Open,3645079.5
A01002,Analytics & Data,8196968,Lost,0.0
A01002,Security,1682766,Won,0.0
A01003,Analytics & Data,1784808,Open,1338606.0
A01003,AI & ML,1418033,Open,1063524.75
A01003,Applications,1506952,Open,1130214.0
A01005,AI & ML,2448613,Won,0.0
A01005,Integration,1783062,Open,1337296.5
A01006,AI & ML,474717,Lost,0.0
A01006,Security,1729572,Open,1297179.0
A01007,Infrastructure,527778,Open,395833.5
A01008,Database,4697762,Open,3523321.5
A01008,Applications,1281741,Open,961305.75
A01008,Integration,307398,Open,230548.5
A01009,Database,652656,Open,489492.0
A01009,Security,1511214,Open,1133410.5
A01009,Applications,3824164,Open,2868123.0
A01009,Integration,1061502,Open,796126.5
A01010,Analytics & Data,1892182,Open,1419136.5
A01010,AI & ML,1891071,Closed,0.0
A01010,Security,3691176,Open,2768382.0
A01011,Applications,4595567,Open,3446675.25
A01013,Infrastructure,5620157,Lost,0.0
A01013,Analytics & Data,504276,Won,0.0
A01014,Infrastructure,7817633,Open,5863224.75
A01014,Applications,769626,Open,577219.5
A01015,Database,857816,Open,643362.0
A01016,Database,674744,Open,506058.0
A01016,AI & ML,4490922,Open,3368191.5
A01016,Security,672743,Lost,0.0
A01016,Integration,2239891,Won,0.0
A01017,Infrastructure,716470,Open,537352.5
A01017,Applications,3653335,Open,2740001.25
A01017,Integration,2396365,Closed,0.0
A01018,Infrastructure,2368618,Lost,0.0
A01018,Integration,806608,Open,604956.0
A01019,Applications,740445,Open,555333.75
A01020,Applications,1173692,Open,880269.0
A01021,Database,839316,Open,629487.0
A01021,AI & ML,1061433,Open,796074.75
A01021,Security,272788,Open,204591.0
A01021,Integration,707254,Open,530440.5
A01023,AI & ML,1417763,Lost,0.0
A01024,Security,2080641,Open,1560480.75
A01025,Infrastructure,398058,Won,0.0
A01025,Database,547069,Open,410301.75
A01025,Applications,2537439,Open,1903079.25
A01025,Integration,1611560,Closed,0.0
A01026,Infrastructure,1570222,Open,1177666.5
A01026,Analytics & Data,1353595,Closed,0.0
A01026,Applications,1226229,Open,919671.75
A01027,Security,850260,Open,637695.0
A01027,Applications,886511,Lost,0.0
A01028,Infrastructure,1293878,Open,970408.5
A01028,Analytics & Data,1812362,Open,1359271.5
A01028,AI & ML,581694,Open,436270.5
A01028,Security,1044422,Open,783316.5
A01028,Integration,674372,Open,505779.0
A01029,Infrastructure,987350,Open,740512.5
A01029,AI & ML,709233,Closed,0.0
A01029,Security,623502,Open,467626.5
A01030,Applications,1075579,Lost,0.0
A01031,Database,1301960,Closed,0.0
A01033,Analytics & Data,632401,Open,474300.75
A01033,Applications,1829424,Open,1372068.0
A01034,Infrastructure,705495,Open,529121.25
A01034,AI & ML,2554762,Lost,0.0
A01034,Applications,2574006,Open,1930504.5
A01034,Integration,3042096,Lost,0.0
A01036,Applications,2106841,Open,1580130.75
A01036,Integration,1101155,Won,0.0
A01037,Infrastructure,740111,Lost,0.0
A01037,AI & ML,571011,Won,0.0
A01038,AI & ML,481018,Open,360763.5
A01038,Security,642187,Open,481640.25
A01038,Integration,1235861,Open,926895.75
A01039,Infrastructure,419433,Closed,0.0
A01039,Integration,390140,Open,292605.0
A01040,AI & ML,304414,Won,0.0
A01040,Integration,1470034,Closed,0.0
A01042,Database,2688674,Open,2016505.5
A01042,Analytics & Data,573227,Open,429920.25
A01042,Integration,4150999,Lost,0.0
A01043,Infrastructure,5183883,Open,3887912.25
A01043,Database,4445609,Lost,0.0
A01043,Analytics & Data,2141876,Open,1606407.0
A01043,Integration,847910,Open,635932.5
A01044,Infrastructure,3466046,Lost,0.0
A01044,Database,931347,Open,698510.25
A01044,Security,1173372,Open,880029.0
A01044,Applications,1885244,Won,0.0
A01044,Integration,828288,Open,621216.0
A01045,Analytics & Data,1113655,Open,835241.25
A01045,Security,977474,Open,733105.5
A01045,Applications,421334,Open,316000.5
A01045,Integration,687337,Open,515502.75
A01046,AI & ML,2051985,Open,1538988.75
A01046,Security,385820,Open,289365.0
A01046,Applications,650854,Open,488140.5
A01046,Integration,604825,Closed,0.0
A01048,Database,2065027,Open,1548770.25
A01048,Applications,3027471,Open,2270603.25
A01049,Database,931012,Open,698259.0
A01049,Integration,1438556,Open,1078917.0
A01050,Infrastructure,924215,Open,693161.25
A01050,Database,756063,Open,567047.25
A01050,Analytics & Data,1231561,Closed,0.0
A01050,Security,2301214,Open,1725910.5
A01051,Database,2247197,Open,1685397.75
A01051,Analytics & Data,4192124,Lost,0.0
A01051,AI & ML,501286,Open,375964.5
A01051,Applications,387425,Open,290568.75
A01052,Security,1871941,Open,1403955.75
A01053,AI & ML,1056493,Open,792369.75
A01054,Database,1577600,Open,1183200.0
A01054,Analytics & Data,2636574,Open,1977430.5
A01054,Applications,1727865,Open,1295898.75
A01054,Integration,800781,Open,600585.75
A01055,Infrastructure,1854026,Open,1390519.5
A01055,Database,614459,Won,0.0
A01055,Integration,2262698,Open,1697023.5
A01057,Infrastructure,1634771,Won,0.0
A01057,AI & ML,689324,Open,516993.0
A01058,Database,5242780,Lost,0.0
A01058,AI & ML,468345,Open,351258.75
A01060,Infrastructure,7224082,Won,0.0
A01060,Applications,415833,Closed,0.0
A01061,Analytics & Data,2880199,Open,2160149.25
A01062,Security,456823,Open,342617.25
A01063,Infrastructure,672459,Open,504344.25
A01063,Analytics & Data,7665339,Open,5749004.25
A01063,Applications,839589,Won,0.0
A01064,Analytics & Data,281996,Open,211497.0
A01064,Integration,2693790,Open,2020342.5
A01065,Database,1669734,Open,1252300.5
A01065,Analytics & Data,997621,Open,748215.75
A01065,AI & ML,7502007,Won,0.0
A01066,Infrastructure,1443819,Open,1082864.25
A01066,Analytics & Data,4395095,Open,3296321.25
A01066,Security,1236529,Won,0.0
A01066,Applications,264188,Open,198141.0
A01066,Integration,1346746,Lost,0.0
A01067,Infrastructure,1482526,Open,1111894.5
A01067,Database,2049891,Open,1537418.25
A01067,Analytics & Data,1807830,Open,1355872.5
A01068,Security,858672,Open,644004.0
A01068,Integration,1940502,Won,0.0
A01069,Infrastructure,1070573,Open,802929.75
A01070,Security,2181037,Lost,0.0
A01070,Applications,5370537,Open,4027902.75
A01071,Infrastructure,5281572,Open,3961179.0
A01071,Analytics & Data,647253,Open,485439.75
A01071,Security,4706085,Open,3529563.75
A01072,Analytics & Data,2344930,Closed,0.0
A01072,Security,1211975,Open,908981.25
A01073,Security,690131,Open,517598.25
A01073,Applications,687571,Won,0.0
A01073,Integration,3507030,Lost,0.0
A01074,Database,1032722,Open,774541.5
A01074,Analytics & Data,7201182,Open,5400886.5
A01074,Security,1199738,Open,899803.5
A01074,Applications,3265920,Open,2449440.0
A01074,Integration,1665968,Open,1249476.0
A01075,Infrastructure,1954369,Open,1465776.75
A01075,AI & ML,860313,Lost,0.0
A01076,Infrastructure,2928542,Open,2196406.5
A01076,AI & ML,1048616,Open,786462.0
A01077,Integration,2460522,Won,0.0
A01078,AI & ML,1562161,Open,1171620.75
A01078,Security,728613,Open,546459.75
A01079,Infrastructure,2985602,Lost,0.0
A01079,Analytics & Data,3031576,Open,2273682.0
A01079,Security,688046,Closed,0.0
A01079,Integration,841725,Open,631293.75
A01080,Infrastructure,2930255,Lost,0.0
A01080,Applications,1482071,Open,1111553.25
A01081,AI & ML,5374743,Open,4031057.25
A01081,Security,852770,Open,639577.5
A01082,Infrastructure,1033273,Won,0.0
A01082,AI & ML,1188584,Open,891438.0
A01083,Infrastructure,678308,Open,508731.0
A01083,Analytics & Data,2418474,Open,1813855.5
A01083,Security,1308434,Open,981325.5
A01084,Database,2586125,Lost,0.0
A01084,Security,1168700,Open,876525.0
A01084,Applications,1318494,Open,988870.5
A01085,Database,1173912,Closed,0.0
A01085,Security,1835185,Open,1376388.75
A01086,Infrastructure,1693800,Open,1270350.0
A01086,Database,2155800,Open,1616850.0
A01086,AI & ML,1566845,Open,1175133.75
A01087,Database,289926,Lost,0.0
A01087,AI & ML,1233051,Open,924788.25
A01088,Infrastructure,550652,Open,412989.0
A01088,Analytics & Data,641877,Open,481407.75
A01089,Infrastructure,758935,Open,569201.25
A01089,Applications,3577329,Open,2682996.75
A01090,Analytics & Data,3593028,Won,0.0
A01090,AI & ML,2729923,Open,2047442.25
A01090,Applications,795763,Open,596822.25
A01091,Integration,1964516,Open,1473387.0
A01093,Database,3074313,Open,2305734.75
A01093,AI & ML,5413526,Lost,0.0
A01094,Database,3167165,Open,2375373.75
A01095,Infrastructure,2514316,Open,1885737.0
A01095,Database,1742868,Open,1307151.0
A01095,Security,803678,Won,0.0
A01095,Applications,2989204,Open,2241903.0
A01095,Integration,1054788,Won,0.0
A01096,Database,706235,Open,529676.25
A01096,Analytics & Data,518023,Open,388517.25
A01096,Integration,4235519,Open,3176639.25
A01097,Infrastructure,8144739,Open,6108554.25
A01097,AI & ML,2144983,Lost,0.0
A01097,Security,3463805,Open,2597853.75
A01097,Applications,3086169,Open,2314626.75
A01097,Integration,1478987,Open,1109240.25
A01098,Analytics & Data,1420933,Open,1065699.75
A01098,Integration,819294,Open,614470.5
A01099,Infrastructure,2065572,Won,0.0
A01099,Applications,1711111,Closed,0.0
A01100,Infrastructure,747484,Open,560613.0
A01100,Database,2506191,Open,1879643.25
A01100,Analytics & Data,2643582,Open,1982686.5
A01100,Integration,2396825,Open,1797618.75
A01101,Database,663952,Won,0.0
A01101,Analytics & Data,969984,Open,727488.0
A01101,AI & ML,4713895,Won,0.0
A01102,Infrastructure,935452,Open,701589.0
A01102,Database,706566,Open,529924.5
A01102,AI & ML,4561732,Lost,0.0
A01102,Security,1471453,Closed,0.0
A01103,Infrastructure,1083490,Open,812617.5
A01103,Database,471040,Open,353280.0
A01103,Applications,824646,Lost,0.0
A01104,Security,5508416,Open,4131312.0
A01104,Integration,2218607,Open,1663955.25
A01105,Database,3183485,Open,2387613.75
A01105,AI & ML,480851,Open,360638.25
A01105,Integration,1221011,Open,915758.25
A01106,Analytics & Data,2341129,Open,1755846.75
A01107,Infrastructure,183836,Open,137877.0
A01107,Database,1262715,Open,947036.25
A01107,Analytics & Data,1933440,Open,1450080.0
A01107,Security,2026116,Lost,0.0
A01107,Applications,1501317,Open,1125987.75
A01107,Integration,1467775,Open,1100831.25
A01108,AI & ML,546461,Open,409845.75
A01109,Security,999572,Open,749679.0
A01109,Applications,2026237,Open,1519677.75
A01110,Database,886390,Open,664792.5
A01110,Analytics & Data,1252938,Open,939703.5
A01110,Integration,776514,Open,582385.5
A01111,Infrastructure,231398,Open,173548.5
A01111,Database,1497714,Open,1123285.5
A01111,AI & ML,298615,Open,223961.25
A01112,Database,1077349,Open,808011.75
A01112,Security,2797624,Open,2098218.0
A01112,Applications,826135,Open,619601.25
A01113,Analytics & Data,1167759,Open,875819.25
A01114,Infrastructure,4331636,Closed,0.0
A01114,Database,2109725,Open,1582293.75
A01114,Analytics & Data,1432734,Open,1074550.5
A01114,Security,3138824,Open,2354118.0
A01114,Applications,434704,Lost,0.0
A01115,Infrastructure,956864,Open,717648.0
A01115,Analytics & Data,3120658,Open,2340493.5
A01115,AI & ML,3644245,Closed,0.0
A01116,Infrastructure,1499688,Lost,0.0
A01116,Database,709140,Open,531855.0
A01117,Database,2291268,Open,1718451.0
A01117,Security,811051,Open,608288.25
A01118,Security,705206,Open,528904.5
A01119,Database,353484,Open,265113.0
A01120,Applications,5206879,Open,3905159.25
A01121,Database,904370,Open,678277.5
A01121,Analytics & Data,5138319,Open,3853739.25
A01121,Applications,5343735,Won,0.0
A01122,Database,2974829,Lost,0.0
A01122,AI & ML,5367103,Open,4025327.25
A01122,Integration,1445875,Won,0.0
A01123,Infrastructure,1028475,Lost,0.0
A01123,Database,666717,Won,0.0
A01123,Analytics & Data,1604858,Open,1203643.5
A01123,AI & ML,482753,Open,362064.75
A01123,Security,921138,Open,690853.5
A01123,Integration,408881,Open,306660.75
A01125,Database,576909,Won,0.0
A01126,Analytics & Data,1930124,Open,1447593.0
A01126,Integration,1473283,Won,0.0
A01127,Analytics & Data,584280,Lost,0.0
A01128,AI & ML,864489,Open,648366.75
A01128,Applications,1280138,Open,960103.5
A01128,Integration,1564688,Open,1173516.0
A01129,Security,1452648,Lost,0.0
A01130,Database,626075,Open,469556.25
A01130,Integration,1884139,Open,1413104.25
A01131,Security,932567,Open,699425.25
A01131,Applications,1351407,Open,1013555.25
A01132,Infrastructure,1329893,Lost,0.0
A01132,Security,250216,Open,187662.0
A01133,Security,1474344,Open,1105758.0
A01133,Applications,2016503,Closed,0.0
A01134,Security,1202096,Open,901572.0
A01134,Applications,1493067,Lost,0.0
A01135,Security,1035167,Won,0.0
A01135,Applications,1492432,Open,1119324.0
A01135,Integration,725756,Open,544317.0
A01136,AI & ML,616178,Open,462133.5
A01136,Security,564584,Open,423438.0
A01137,Applications,1927334,Open,1445500.5
A01137,Integration,452705,Lost,0.0
A01138,Security,848848,Open,636636.0
A01139,Analytics & Data,276119,Open,207089.25
A01139,AI & ML,801677,Open,601257.75
A01139,Integration,792599,Lost,0.0
A01140,Infrastructure,2345037,Open,1758777.75
A01140,Database,584850,Open,438637.5
A01140,AI & ML,986402,Open,739801.5
A01142,Security,1442268,Lost,0.0
A01142,Applications,1984007,Open,1488005.25
A01142,Integration,340935,Open,255701.25
A01144,AI & ML,6454697,Won,0.0
A01144,Integration,649130,Won,0.0
A01145,Database,1378245,Open,1033683.75
A01145,Integration,1667355,Open,1250516.25
A01146,Infrastructure,865071,Won,0.0
A01146,AI & ML,1109455,Open,832091.25
A01146,Integration,738103,Open,553577.25
A01147,AI & ML,537523,Lost,0.0
A01147,Applications,4503961,Won,0.0
A01147,Integration,971364,Open,728523.0
A01148,Infrastructure,735601,Open,551700.75
A01148,Analytics & Data,1355811,Lost,0.0
A01148,Security,1266736,Closed,0.0
A01148,Applications,675930,Open,506947.5
A01148,Integration,789861,Lost,0.0
A01149,Infrastructure,1926415,Open,1444811.25
A01149,AI & ML,1616997,Closed,0.0
A01149,Security,2750468,Open,2062851.0
A01150,Infrastructure,2100195,Open,1575146.25
A01150,Analytics & Data,915407,Open,686555.25
A01150,Security,990666,Open,742999.5
A01150,Integration,758545,Open,568908.75
A01151,Analytics & Data,449845,Open,337383.75
A01151,Integration,4191200,Open,3143400.0
A01152,Infrastructure,3349111,Open,2511833.25
A01152,AI & ML,1596661,Open,1197495.75
A01152,Security,594163,Open,445622.25
A01153,AI & ML,919201,Open,689400.75
A01153,Applications,810758,Lost,0.0
A01154,Infrastructure,1120816,Open,840612.0
A01154,Analytics & Data,2591389,Lost,0.0
A01154,AI & ML,302068,Open,226551.0
A01154,Security,4538216,Closed,0.0
A01155,Database,1953726,Closed,0.0
A01155,Security,1858704,Open,1394028.0
A01156,Analytics & Data,1004389,Open,753291.75
A01156,AI & ML,3176407,Lost,0.0
A01156,Security,541094,Open,405820.5
A01156,Integration,1238407,Open,928805.25
A01158,Infrastructure,2858103,Closed,0.0
A01158,Database,1318152,Open,988614.0
A01158,AI & ML,1711253,Open,1283439.75
A01159,Security,1771731,Lost,0.0
A01159,Applications,784696,Open,588522.0
A01160,AI & ML,3527793,Open,2645844.75
A01161,Infrastructure,5505476,Open,4129107.0
A01161,AI & ML,1282520,Open,961890.0
A01162,Database,2016424,Open,1512318.0
A01162,Analytics & Data,2234367,Open,1675775.25
A01163,Analytics & Data,406543,Open,304907.25
A01163,Security,461736,Open,346302.0
A01163,Applications,650322,Open,487741.5
A01163,Integration,3233982,Open,2425486.5
A01164,Analytics & Data,796838,Won,0.0
A01164,AI & ML,890899,Open,668174.25
A01165,Infrastructure,908929,Open,681696.75
A01165,AI & ML,1861471,Open,1396103.25
A01165,Integration,2460940,Open,1845705.0
A01166,Infrastructure,1086057,Open,814542.75
A01166,Analytics & Data,1471183,Open,1103387.25
A01167,Database,475668,Open,356751.0
A01167,Analytics & Data,2998210,Closed,0.0
A01167,Applications,656258,Open,492193.5
A01167,Integration,2959516,Open,2219637.0
A01168,Infrastructure,2783509,Open,2087631.75
A01168,Analytics & Data,1369848,Open,1027386.0
A01168,AI & ML,637154,Open,477865.5
A01168,Applications,2447632,Lost,0.0
A01169,AI & ML,2754861,Open,2066145.75
A01169,Security,1681511,Open,1261133.25
A01169,Applications,1320961,Won,0.0
A01170,Analytics & Data,534150,Open,400612.5
A01170,Applications,1488967,Open,1116725.25
A01171,AI & ML,373835,Open,280376.25
A01171,Security,439834,Open,329875.5
A01171,Applications,802532,Open,601899.0
A01172,Analytics & Data,1853781,Open,1390335.75
A01172,Applications,2570135,Open,1927601.25
A01173,Infrastructure,3988446,Lost,0.0
A01173,Analytics & Data,8413604,Open,6310203.0
A01173,Applications,1877856,Open,1408392.0
A01174,Infrastructure,3222451,Open,2416838.25
A01174,Analytics & Data,1640845,Won,0.0
A01175,Infrastructure,1295230,Open,971422.5
A01175,Analytics & Data,1241685,Lost,0.0
A01175,Applications,423444,Open,317583.0
A01176,Database,435666,Closed,0.0
A01176,Analytics & Data,3139131,Open,2354348.25
A01176,AI & ML,1092564,Open,819423.0
A01176,Security,1627274,Open,1220455.5
A01176,Applications,3113599,Open,2335199.25
A01177,Infrastructure,4154391,Won,0.0
A01177,Analytics & Data,2374382,Open,1780786.5
A01178,Database,621305,Open,465978.75
A01178,AI & ML,2750491,Open,2062868.25
A01181,Infrastructure,831820,Lost,0.0
A01181,Database,1448763,Closed,0.0
A01181,AI & ML,2305067,Open,1728800.25
A01181,Security,2697959,Lost,0.0
A01181,Integration,5141449,Open,3856086.75
A01182,Infrastructure,602941,Open,452205.75
A01182,AI & ML,464370,Won,0.0
A01182,Integration,557716,Open,418287.0
A01183,Security,4157392,Lost,0.0
A01183,Applications,1047554,Open,785665.5
A01183,Integration,1836153,Won,0.0
A01185,Database,866694,Open,650020.5
A01186,AI & ML,1148737,Open,861552.75
A01187,Infrastructure,5606166,Open,4204624.5
A01187,Analytics & Data,2369562,Open,1777171.5
A01187,Security,5369017,Won,0.0
A01187,Applications,2856699,Open,2142524.25
A01188,AI & ML,1970316,Lost,0.0
A01188,Security,720085,Open,540063.75
A01189,Database,1289377,Open,967032.75
A01189,Applications,2583695,Open,1937771.25
A01190,Infrastructure,4604530,Lost,0.0
A01190,Database,2155318,Open,1616488.5
A01190,AI & ML,548834,Closed,0.0
A01190,Applications,4097794,Open,3073345.5
A01191,Infrastructure,862980,Open,647235.0
A01191,Integration,2387849,Open,1790886.75
A01192,AI & ML,1813953,Won,0.0
A01192,Security,2335654,Open,1751740.5
A01193,AI & ML,2305255,Open,1728941.25
A01193,Security,9526955,Open,7145216.25
A01194,Analytics & Data,1728328,Lost,0.0
A01194,Security,3661273,Open,2745954.75
A01194,Integration,3528556,Lost,0.0
A01196,Infrastructure,1409305,Open,1056978.75
A01196,Database,2801553,Open,2101164.75
A01197,Database,1683534,Open,1262650.5
A01197,AI & ML,3769528,Won,0.0
A01197,Security,1075727,Open,806795.25
A01197,Applications,1740638,Open,1305478.5
A01198,AI & ML,5811796,Open,4358847.0
A01198,Security,756871,Open,567653.25
A01198,Integration,797463,Open,598097.25
A01199,Database,1688437,Open,1266327.75
A01199,Analytics & Data,1461864,Open,1096398.0
A01200,Infrastructure,641949,Open,481461.75
A01200,Security,1268064,Open,951048.0
A01201,Infrastructure,7342330,Lost,0.0
A01201,Analytics & Data,882203,Open,661652.25
A01201,Security,2682064,Open,2011548.0
A01201,Integration,1066554,Open,799915.5
A01202,Infrastructure,1716636,Open,1287477.0
A01202,Analytics & Data,1403847,Lost,0.0
A01202,AI & ML,3203621,Open,2402715.75
A01202,Security,6550969,Closed,0.0
A01202,Integration,2729519,Open,2047139.25
A01203,AI & ML,1590094,Won,0.0
A01203,Security,1683030,Open,1262272.5
A01203,Applications,1673403,Won,0.0
A01204,Database,1529670,Open,1147252.5
A01204,Analytics & Data,926872,Closed,0.0
A01204,AI & ML,2301882,Open,1726411.5
A01204,Security,844607,Open,633455.25
A01205,Infrastructure,820665,Open,615498.75
A01205,Database,1802870,Open,1352152.5
A01205,AI & ML,1189055,Closed,0.0
A01205,Applications,469031,Open,351773.25
A01206,Security,4203438,Won,0.0
A01206,Applications,196406,Open,147304.5
A01207,Database,1442147,Open,1081610.25
A01207,Analytics & Data,3588937,Lost,0.0
A01208,Infrastructure,3765980,Lost,0.0
A01208,Database,381428,Open,286071.0
A01208,Applications,3083638,Open,2312728.5
A01209,Database,1669893,Won,0.0
A01210,Infrastructure,1138187,Open,853640.25
A01210,Security,1517168,Open,1137876.0
A01211,AI & ML,1737244,Lost,0.0
A01211,Integration,781785,Open,586338.75
A01212,Database,1239555,Open,929666.25
A01212,Analytics & Data,855209,Open,641406.75
A01212,Applications,5620635,Open,4215476.25
A01213,Database,996518,Open,747388.5
A01214,Infrastructure,3160107,Open,2370080.25
A01214,Database,1103025,Open,827268.75
A01214,AI & ML,602520,Lost,0.0
A01215,Analytics & Data,2293518,Open,1720138.5
A01216,Infrastructure,2060438,Open,1545328.5
A01216,Analytics & Data,1957174,Open,1467880.5
A01216,Security,895004,Open,671253.0
A01216,Integration,153632,Lost,0.0
A01217,Integration,1274724,Closed,0.0
A01218,AI & ML,2695949,Open,2021961.75
A01219,Security,2416782,Open,1812586.5
A01219,Integration,513876,Open,385407.0
A01220,Analytics & Data,1141852,Open,856389.0
A01220,AI & ML,376556,Closed,0.0
A01220,Integration,1368366,Closed,0.0
A01221,Database,771815,Open,578861.25
A01221,Applications,1060106,Lost,0.0
A01222,Integration,910626,Lost,0.0
A01223,Infrastructure,566262,Closed,0.0
A01223,AI & ML,956234,Closed,0.0
A01223,Applications,2334091,Open,1750568.25
A01224,Infrastructure,685292,Open,513969.0
A01224,Security,431416,Open,323562.0
A01224,Applications,995035,Won,0.0
A01225,Infrastructure,1132687,Lost,0.0
A01225,Database,1813192,Lost,0.0
A01225,AI & ML,5255149,Open,3941361.75
A01225,Security,917507,Open,688130.25
A01225,Applications,2143132,Won,0.0
A01225,Integration,2536643,Open,1902482.25
A01226,Infrastructure,2776098,Open,2082073.5
A01226,AI & ML,2986258,Open,2239693.5
A01226,Applications,3253708,Open,2440281.0
A01226,Integration,739994,Closed,0.0
A01227,Infrastructure,1826995,Open,1370246.25
A01227,Database,250866,Open,188149.5
A01227,Integration,1692861,Won,0.0
A01228,Applications,2652237,Open,1989177.75
A01228,Integration,2492979,Open,1869734.25
A01229,Infrastructure,6319594,Open,4739695.5
A01229,Analytics & Data,1575797,Lost,0.0
A01230,AI & ML,1501354,Open,1126015.5
A01230,Applications,2421475,Open,1816106.25
A01231,Infrastructure,534690,Open,401017.5
A01231,Analytics & Data,1637308,Open,1227981.0
A01231,AI & ML,2027087,Open,1520315.25
A01232,Database,1001551,Open,751163.25
A01232,AI & ML,763420,Lost,0.0
A01233,Infrastructure,864195,Won,0.0
A01233,Database,1563837,Won,0.0
A01233,Analytics & Data,260184,Open,195138.0
A01233,Security,4888485,Open,3666363.75
A01233,Applications,1358669,Open,1019001.75
A01234,AI & ML,2496479,Open,1872359.25
A01235,Infrastructure,715960,Lost,0.0
A01235,Analytics & Data,1572796,Lost,0.0
A01235,Integration,1029615,Open,772211.25
A01236,Infrastructure,3218539,Open,2413904.25
A01237,Applications,1906106,Closed,0.0
A01237,Integration,609916,Open,457437.0
A01238,Analytics & Data,465790,Lost,0.0
A01239,Infrastructure,6491960,Open,4868970.0
A01239,Database,1308718,Won,0.0
A01240,Security,750419,Open,562814.25
A01240,Integration,2686145,Open,2014608.75
A01241,Security,1762486,Open,1321864.5
A01241,Applications,1930283,Won,0.0
A01241,Integration,1810674,Lost,0.0
A01242,Integration,2152239,Won,0.0
A01244,Infrastructure,1900372,Open,1425279.0
A01244,Integration,1138660,Closed,0.0
A01245,Infrastructure,1263896,Open,947922.0
A01245,AI & ML,2671259,Open,2003444.25
A01246,AI & ML,867574,Won,0.0
A01246,Integration,2456673,Open,1842504.75
A01247,Analytics & Data,2620224,Open,1965168.0
A01247,Security,1793594,Open,1345195.5
A01248,Database,6902295,Open,5176721.25
A01248,Analytics & Data,1105195,Open,828896.25
A01248,Applications,1781337,Open,1336002.75
A01249,Database,868634,Open,651475.5
A01249,Analytics & Data,1553686,Lost,0.0
A01249,Security,1076902,Open,807676.5
A01250,Infrastructure,1718141,Open,1288605.75
A01250,Analytics & Data,1902126,Lost,0.0
A01251,Applications,615806,Open,461854.5
A01251,Integration,5209404,Lost,0.0
A01252,Analytics & Data,3330726,Won,0.0
A01252,AI & ML,3651541,Open,2738655.75
A01253,Security,1292092,Open,969069.0
A01253,Applications,504617,Open,378462.75
A01254,Security,1096553,Open,822414.75
A01255,Database,373252,Lost,0.0
A01255,AI & ML,245736,Lost,0.0
A01256,Database,1682030,Open,1261522.5
A01256,Analytics & Data,1514474,Open,1135855.5
A01256,Security,775220,Won,0.0
A01257,Database,2248929,Lost,0.0
A01257,Security,574034,Open,430525.5
A01257,Applications,6370002,Open,4777501.5
A01258,Infrastructure,1277547,Open,958160.25
A01259,Infrastructure,2866387,Open,2149790.25
A01259,Security,1396158,Open,1047118.5
A01259,Applications,1324896,Won,0.0
A01259,Integration,1575816,Open,1181862.0
A01260,Database,400260,Lost,0.0
A01260,Applications,2842982,Open,2132236.5
A01261,AI & ML,1417560,Open,1063170.0
A01262,Infrastructure,3363859,Lost,0.0
A01263,Analytics & Data,1254065,Open,940548.75
A01263,AI & ML,1873004,Open,1404753.0
A01263,Security,5859216,Open,4394412.0
A01263,Applications,498014,Closed,0.0
A01264,Analytics & Data,1085517,Won,0.0
A01264,AI & ML,1561959,Open,1171469.25
A01264,Security,1818535,Lost,0.0
A01264,Integration,1107641,Open,830730.75
A01265,Analytics & Data,980334,Open,735250.5
A01265,AI & ML,2121205,Won,0.0
A01266,Security,712558,Open,534418.5
A01266,Applications,1313050,Won,0.0
A01267,Infrastructure,2620990,Open,1965742.5
A01267,Applications,3070860,Open,2303145.0
A01268,Database,865645,Open,649233.75
A01268,Analytics & Data,7731362,Won,0.0
A01268,AI & ML,811262,Open,608446.5
A01268,Security,2682970,Open,2012227.5
A01269,Analytics & Data,2032172,Open,1524129.0
A01269,Security,1268188,Lost,0.0
A01269,Applications,2964635,Open,2223476.25
A01269,Integration,2109890,Open,1582417.5
A01270,AI & ML,1878723,Open,1409042.25
A01270,Security,1190640,Open,892980.0
A01270,Applications,1778594,Open,1333945.5
A01271,Analytics & Data,4094238,Open,3070678.5
A01271,Applications,626057,Open,469542.75
A01272,Security,614590,Lost,0.0
A01273,Analytics & Data,776050,Open,582037.5
A01273,Security,2228529,Open,1671396.75
A01273,Applications,2353887,Won,0.0
A01273,Integration,490667,Lost,0.0
A01274,Security,724313,Won,0.0
A01274,Applications,923303,Lost,0.0
A01275,Infrastructure,6180903,Won,0.0
A01275,Database,1432069,Open,1074051.75
A01275,Analytics & Data,643268,Open,482451.0
A01275,Security,485388,Open,364041.0
A01275,Applications,689537,Lost,0.0
A01275,Integration,1506169,Open,1129626.75
A01276,Security,1873250,Open,1404937.5
A01276,Applications,757691,Lost,0.0
A01277,Database,3943738,Open,2957803.5
A01277,Analytics & Data,3377688,Open,2533266.0
A01277,Security,429606,Open,322204.5
A01277,Integration,471110,Open,353332.5
A01278,Infrastructure,2456563,Open,1842422.25
A01278,Applications,4304711,Open,3228533.25
A01278,Integration,899124,Closed,0.0
A01279,Database,901459,Open,676094.25
A01279,Analytics & Data,1990271,Open,1492703.25
A01279,AI & ML,946087,Open,709565.25
A01279,Security,1086912,Open,815184.0
A01280,Infrastructure,1459802,Open,1094851.5
A01280,AI & ML,495504,Closed,0.0
A01280,Applications,2739811,Open,2054858.25
A01281,Database,354700,Won,0.0
A01281,Analytics & Data,1811825,Closed,0.0
A01281,Applications,1387545,Open,1040658.75
A01281,Integration,391054,Open,293290.5
A01282,Database,1007553,Open,755664.75
A01282,Analytics & Data,1419095,Open,1064321.25
A01282,Security,3764310,Open,2823232.5
A01282,Applications,1989597,Open,1492197.75
A01282,Integration,629762,Open,472321.5
A01284,Analytics & Data,1147212,Open,860409.0
A01284,AI & ML,2508187,Open,1881140.25
A01285,Infrastructure,375060,Open,281295.0
A01285,Security,419862,Lost,0.0
A01286,Infrastructure,533316,Open,399987.0
A01286,Database,871666,Open,653749.5
A01286,AI & ML,432376,Lost,0.0
A01286,Integration,1103560,Open,827670.0
A01287,Analytics & Data,1035171,Open,776378.25
A01287,Applications,2685451,Open,2014088.25
A01287,Integration,3046870,Closed,0.0
A01288,Database,1500092,Open,1125069.0
A01288,Analytics & Data,1036821,Open,777615.75
A01289,Infrastructure,2627968,Open,1970976.0
A01289,Security,1088002,Open,816001.5
A01290,Database,2432401,Closed,0.0
A01290,Integration,1028741,Open,771555.75
A01291,Infrastructure,2806627,Lost,0.0
A01292,Database,1116945,Won,0.0
A01292,Security,2097694,Lost,0.0
A01292,Applications,985293,Open,738969.75
A01293,Infrastructure,2583893,Open,1937919.75
A01293,Analytics & Data,1644244,Won,0.0
A01293,AI & ML,1597108,Won,0.0
A01293,Security,874999,Open,656249.25
A01293,Integration,3370204,Open,2527653.0
A01294,Database,681228,Won,0.0
A01294,Security,439995,Closed,0.0
A01294,Integration,934267,Lost,0.0
A01295,Database,2429507,Open,1822130.25
A01295,AI & ML,1645755,Open,1234316.25
A01295,Applications,841633,Open,631224.75
A01295,Integration,3148096,Open,2361072.0
A01296,Infrastructure,2049987,Open,1537490.25
A01296,Database,2526250,Open,1894687.5
A01296,Applications,346580,Open,259935.0
A01296,Integration,823118,Open,617338.5
A01297,Infrastructure,2020847,Lost,0.0
A01297,Database,813339,Open,610004.25
A01297,Security,1285130,Open,963847.5
A01297,Integration,555647,Open,416735.25
A01298,Infrastructure,3688659,Won,0.0
A01298,Applications,1391468,Open,1043601.0
A01298,Integration,2379272,Open,1784454.0
A01299,Infrastructure,1422955,Open,1067216.25
A01299,Integration,1697641,Open,1273230.75
A01300,Applications,2426005,Won,0.0
A01300,Integration,522458,Won,0.0
A01301,Database,916896,Won,0.0
A01301,Integration,2652640,Open,1989480.0
A01302,AI & ML,1772870,Open,1329652.5
A01302,Applications,2508767,Open,1881575.25
A01303,Infrastructure,489929,Won,0.0
A01303,Analytics & Data,2310060,Open,1732545.0
A01304,Database,1093506,Open,820129.5
A01304,Security,2660964,Open,1995723.0
A01304,Applications,1462688,Open,1097016.0
A01305,Analytics & Data,2440556,Open,1830417.0
A01305,Applications,2134447,Open,1600835.25
A01306,Infrastructure,514481,Open,385860.75
A01306,Database,121518,Open,91138.5
A01306,Analytics & Data,1145831,Open,859373.25
A01306,AI & ML,2168022,Won,0.0
A01306,Security,2633370,Closed,0.0
A01307,Database,1162762,Open,872071.5
A01307,Analytics & Data,3671945,Open,2753958.75
A01308,Database,4733989,Open,3550491.75
A01308,AI & ML,4488351,Open,3366263.25
A01308,Applications,1197329,Open,897996.75
A01308,Integration,4431371,Open,3323528.25
A01309,Infrastructure,1554528,Open,1165896.0
A01309,Database,1917210,Open,1437907.5
A01309,Analytics & Data,3907950,Open,2930962.5
A01309,AI & ML,1027188,Open,770391.0
A01310,AI & ML,996235,Open,747176.25
A01310,Applications,714055,Won,0.0
A01312,Integration,1960476,Lost,0.0
A01313,Database,1583561,Open,1187670.75
A01313,Analytics & Data,851845,Open,638883.75
A01314,Infrastructure,1352102,Lost,0.0
A01314,Database,3791140,Lost,0.0
A01314,AI & ML,1825498,Won,0.0
A01314,Security,1292511,Open,969383.25
A01314,Applications,2022909,Open,1517181.75
A01315,Analytics & Data,2090836,Open,1568127.0
A01315,AI & ML,525159,Won,0.0
A01316,AI & ML,2004034,Open,1503025.5
A01316,Applications,1092621,Open,819465.75
A01316,Integration,1066316,Won,0.0
A01317,Infrastructure,773558,Open,580168.5
A01317,Security,2202634,Open,1651975.5
A01317,Applications,1088984,Open,816738.0
A01318,Analytics & Data,2536758,Open,1902568.5
A01319,Analytics & Data,345646,Closed,0.0
A01319,AI & ML,896384,Open,672288.0
A01319,Security,2005865,Open,1504398.75
A01320,AI & ML,1048007,Lost,0.0
A01321,Database,4282905,Lost,0.0
A01321,Analytics & Data,1036932,Open,777699.0
A01321,Security,3461869,Open,2596401.75
A01322,Security,514277,Open,385707.75
A01322,Integration,357675,Open,268256.25
A01323,Analytics & Data,1568226,Open,1176169.5
A01323,Integration,1665172,Won,0.0
A01324,Infrastructure,2514693,Open,1886019.75
A01324,Analytics & Data,2081686,Lost,0.0
A01324,Applications,971946,Open,728959.5
A01325,Database,535103,Open,401327.25
A01326,Applications,685267,Closed,0.0
A01326,Integration,4545914,Open,3409435.5
A01327,Infrastructure,1115375,Open,836531.25
A01327,Database,523327,Open,392495.25
A01327,Analytics & Data,1855706,Won,0.0
A01327,Security,1468675,Open,1101506.25
A01327,Integration,3235639,Closed,0.0
A01328,Infrastructure,1811416,Open,1358562.0
A01328,Analytics & Data,852715,Open,639536.25
A01328,Applications,1991392,Open,1493544.0
A01329,AI & ML,713103,Open,534827.25
A01329,Applications,6871525,Open,5153643.75
A01330,Infrastructure,983234,Open,737425.5
A01330,Database,1138796,Open,854097.0
A01330,Integration,1875455,Open,1406591.25
A01331,AI & ML,888975,Open,666731.25
A01331,Security,2071833,Open,1553874.75
A01331,Integration,3158790,Won,0.0
A01332,Infrastructure,2094516,Open,1570887.0
A01332,Analytics & Data,769318,Open,576988.5
A01333,Analytics & Data,1218565,Open,913923.75
A01333,AI & ML,1569344,Open,1177008.0
A01334,Database,5225592,Open,3919194.0
A01334,Analytics & Data,1801254,Open,1350940.5
A01334,AI & ML,1426159,Open,1069619.25
A01334,Security,3408298,Open,2556223.5
A01335,Infrastructure,1390919,Won,0.0
A01335,Database,1422479,Open,1066859.25
A01335,Applications,4903693,Open,3677769.75
A01336,AI & ML,6693777,Won,0.0
A01336,Applications,5191034,Open,3893275.5
A01337,Infrastructure,2888294,Lost,0.0
A01337,Integration,1126166,Open,844624.5
A01339,Analytics & Data,2817285,Open,2112963.75
A01339,AI & ML,2407749,Open,1805811.75
A01339,Security,2800901,Closed,0.0
A01340,Database,606389,Open,454791.75
A01340,Analytics & Data,1138264,Open,853698.0
A01340,AI & ML,546485,Open,409863.75
A01342,Analytics & Data,1459535,Lost,0.0
A01342,Integration,1553837,Open,1165377.75
A01343,Database,3294535,Won,0.0
A01343,Analytics & Data,1467261,Open,1100445.75
A01343,AI & ML,2892319,Open,2169239.25
A01343,Security,3079749,Open,2309811.75
A01344,Infrastructure,1572742,Won,0.0
A01344,AI & ML,1441858,Open,1081393.5
A01344,Security,1797206,Open,1347904.5
A01344,Integration,1909170,Open,1431877.5
A01345,Infrastructure,777003,Lost,0.0
A01345,Database,1314158,Open,985618.5
A01346,Infrastructure,644977,Open,483732.75
A01347,AI & ML,1013263,Open,759947.25
A01348,Database,492421,Open,369315.75
A01348,AI & ML,3478040,Open,2608530.0
A01349,Database,2488207,Open,1866155.25
A01350,Applications,3724270,Open,2793202.5
A01351,Security,1452638,Lost,0.0
A01352,Database,1376427,Lost,0.0
A01353,Infrastructure,908973,Open,681729.75
A01353,AI & ML,2648279,Open,1986209.25
A01353,Applications,2511128,Open,1883346.0
A01354,Database,4962620,Open,3721965.0
A01354,Applications,1270065,Closed,0.0
A01354,Integration,2040655,Closed,0.0
A01355,Analytics & Data,923341,Open,692505.75
A01357,Integration,2010376,Open,1507782.0
A01358,Infrastructure,1799040,Open,1349280.0
A01358,Analytics & Data,1105083,Open,828812.25
A01358,AI & ML,1705105,Open,1278828.75
A01358,Security,7785214,Won,0.0
A01358,Applications,3113669,Open,2335251.75
A01359,Infrastructure,1425534,Open,1069150.5
A01359,Database,743534,Open,557650.5
A01359,Analytics & Data,1305070,Open,978802.5
A01359,AI & ML,1134196,Open,850647.0
A01359,Security,513870,Open,385402.5
A01359,Integration,718963,Open,539222.25
A01360,Analytics & Data,974274,Closed,0.0
A01360,Integration,6078785,Open,4559088.75
A01361,Analytics & Data,723409,Open,542556.75
A01361,AI & ML,379733,Lost,0.0
A01361,Security,2304130,Open,1728097.5
A01361,Applications,321252,Won,0.0
A01362,Infrastructure,927779,Won,0.0
A01362,Analytics & Data,1202945,Open,902208.75
A01362,Integration,1463331,Open,1097498.25
A01363,Database,1420341,Open,1065255.75
A01364,AI & ML,889744,Open,667308.0
A01365,Database,4438523,Open,3328892.25
A01365,Analytics & Data,1929893,Open,1447419.75
A01366,Infrastructure,2441808,Open,1831356.0
A01366,Applications,716708,Open,537531.0
A01366,Integration,1293710,Closed,0.0
A01367,Analytics & Data,2501553,Open,1876164.75
A01367,AI & ML,2136945,Open,1602708.75
A01367,Applications,2896496,Open,2172372.0
A01368,Infrastructure,1110549,Open,832911.75
A01368,Analytics & Data,1959556,Closed,0.0
A01368,Applications,1358966,Open,1019224.5
A01369,Infrastructure,884364,Open,663273.0
A01369,Security,3669304,Open,2751978.0
A01370,Analytics & Data,1600032,Open,1200024.0
A01370,AI & ML,902821,Open,677115.75
A01370,Applications,1645748,Open,1234311.0
A01371,Applications,726377,Open,544782.75
A01372,Infrastructure,1191357,Won,0.0
A01372,Integration,1954584,Lost,0.0
A01373,Database,985962,Open,739471.5
A01373,Applications,389651,Open,292238.25
A01374,Database,1170820,Open,878115.0
A01376,Infrastructure,1940855,Open,1455641.25
A01376,AI & ML,883086,Open,662314.5
A01376,Security,4571240,Open,3428430.0
A01378,Infrastructure,868661,Won,0.0
A01378,Database,1816863,Open,1362647.25
A01378,Analytics & Data,1736828,Closed,0.0
A01378,AI & ML,1102386,Closed,0.0
A01378,Integration,2019611,Open,1514708.25
A01380,Infrastructure,1339350,Lost,0.0
A01380,AI & ML,6523501,Lost,0.0
A01380,Integration,4202112,Open,3151584.0
A01381,AI & ML,13356536,Open,10017402.0
A01382,Infrastructure,6218065,Open,4663548.75
A01382,Database,819620,Lost,0.0
A01382,Analytics & Data,1151452,Open,863589.0
A01382,AI & ML,1485501,Open,1114125.75
A01384,Infrastructure,1918551,Open,1438913.25
A01384,Database,2147654,Open,1610740.5
A01384,Analytics & Data,1555936,Open,1166952.0
A01385,Infrastructure,4577883,Open,3433412.25
A01385,Security,2010616,Open,1507962.0
A01386,Integration,557977,Open,418482.75
A01388,Integration,1042547,Open,781910.25
A01389,Database,2783346,Open,2087509.5
A01389,Analytics & Data,1617057,Open,1212792.75
A01390,Infrastructure,2021762,Lost,0.0
A01390,Database,2161067,Open,1620800.25
A01390,Analytics & Data,1390527,Open,1042895.25
A01390,Applications,2266883,Open,1700162.25
A01391,Analytics & Data,615463,Lost,0.0
A01391,Integration,695442,Closed,0.0
A01392,Analytics & Data,1762043,Open,1321532.25
A01393,Security,749452,Open,562089.0
A01393,Applications,931737,Open,698802.75
A01394,Infrastructure,357517,Open,268137.75
A01395,Database,1170257,Open,877692.75
A01395,Security,203461,Open,152595.75
A01395,Applications,868396,Open,651297.0
A01397,Infrastructure,1728327,Open,1296245.25
A01397,AI & ML,1966808,Won,0.0
A01398,AI & ML,694900,Won,0.0
A01399,Database,2332725,Open,1749543.75
A01399,Analytics & Data,515626,Open,386719.5
A01399,Integration,1759104,Open,1319328.0
A01400,Infrastructure,1393974,Open,1045480.5
A01400,Integration,3853550,Open,2890162.5
A01401,Security,1251456,Lost,0.0
A01401,Integration,1629200,Open,1221900.0
A01402,Security,657620,Open,493215.0
A01402,Integration,494810,Open,371107.5
A01403,Database,1124985,Open,843738.75
A01403,Security,5104188,Open,3828141.0
A01403,Applications,2489778,Open,1867333.5
A01403,Integration,2344714,Open,1758535.5
A01404,Database,1300539,Won,0.0
A01404,Integration,3266677,Lost,0.0
A01405,Infrastructure,665659,Open,499244.25
A01406,AI & ML,1056026,Open,792019.5
A01407,AI & ML,916731,Open,687548.25
A01408,Database,1652479,Won,0.0
A01408,AI & ML,1287734,Open,965800.5
A01408,Integration,956144,Open,717108.0
A01409,Infrastructure,3448368,Open,2586276.0
A01409,Database,1656059,Lost,0.0
A01409,Security,1952210,Lost,0.0
A01409,Applications,967874,Open,725905.5
A01410,Infrastructure,1167101,Open,875325.75
A01411,Analytics & Data,1751524,Open,1313643.0
A01411,AI & ML,983825,Open,737868.75
A01411,Integration,2989143,Open,2241857.25
A01412,Integration,283279,Open,212459.25
A01413,Infrastructure,1351129,Open,1013346.75
A01413,Database,953737,Open,715302.75
A01413,AI & ML,1734499,Lost,0.0
A01414,Database,566778,Open,425083.5
A01414,Security,466495,Open,349871.25
A01415,Infrastructure,2356393,Won,0.0
A01415,Security,1613452,Won,0.0
A01415,Applications,2373625,Open,1780218.75
A01416,Infrastructure,2620742,Open,1965556.5
A01417,Analytics & Data,1508157,Open,1131117.75
A01417,Security,2612279,Closed,0.0
A01417,Integration,433640,Lost,0.0
A01418,Analytics & Data,5213271,Open,3909953.25
A01418,Security,2678937,Open,2009202.75
A01418,Applications,1237418,Lost,0.0
A01418,Integration,1243254,Closed,0.0
A01419,Infrastructure,1037635,Open,778226.25
A01419,Applications,2676592,Open,2007444.0
A01420,Infrastructure,2023921,Open,1517940.75
A01420,Security,937213,Open,702909.75
A01420,Applications,1985686,Open,1489264.5
A01421,Infrastructure,751201,Open,563400.75
A01421,Database,3382364,Open,2536773.0
A01421,AI & ML,222313,Open,166734.75
A01421,Security,687249,Open,515436.75
A01421,Applications,638444,Closed,0.0
A01421,Integration,812148,Open,609111.0
A01422,Database,3026994,Open,2270245.5
A01422,AI & ML,1199013,Open,899259.75
A01423,Infrastructure,2577262,Open,1932946.5
A01424,Infrastructure,5311354,Won,0.0
A01424,Analytics & Data,1107471,Lost,0.0
A01424,AI & ML,714008,Open,535506.0
A01424,Security,527544,Open,395658.0
A01424,Integration,2443102,Won,0.0
A01425,Infrastructure,1382884,Open,1037163.0
A01425,Analytics & Data,1419792,Lost,0.0
A01425,Integration,1532300,Won,0.0
A01427,Database,1790063,Open,1342547.25
A01427,AI & ML,8422019,Open,6316514.25
A01427,Security,1568580,Lost,0.0
A01427,Integration,1519165,Open,1139373.75
A01428,Database,1814092,Closed,0.0
A01428,Analytics & Data,1618178,Open,1213633.5
A01428,Security,1599815,Open,1199861.25
A01428,Applications,4208257,Won,0.0
A01429,Security,1052521,Open,789390.75
A01430,Security,1822319,Open,1366739.25
A01430,Integration,2587000,Open,1940250.0
A01431,Analytics & Data,1111166,Won,0.0
A01431,Security,333190,Open,249892.5
A01432,Analytics & Data,1681355,Closed,0.0
A01432,Security,2013813,Open,1510359.75
A01432,Applications,712595,Open,534446.25
A01432,Integration,1733560,Open,1300170.0
A01434,Applications,883262,Open,662446.5
A01435,Applications,4092278,Open,3069208.5
A01435,Integration,318591,Open,238943.25
A01436,AI & ML,764963,Open,573722.25
A01436,Security,2503185,Open,1877388.75
A01437,Analytics & Data,1669474,Closed,0.0
A01437,AI & ML,668959,Open,501719.25
A01437,Applications,1957021,Open,1467765.75
A01438,Database,401650,Lost,0.0
A01438,Applications,910390,Open,682792.5
A01439,AI & ML,655089,Open,491316.75
A01439,Security,307762,Open,230821.5
A01441,Database,644243,Lost,0.0
A01441,Analytics & Data,3382910,Open,2537182.5
A01441,Integration,2003315,Open,1502486.25
A01442,Infrastructure,1031884,Open,773913.0
A01442,Database,381484,Open,286113.0
A01442,Analytics & Data,557051,Open,417788.25
A01442,Integration,1101710,Closed,0.0
A01443,Infrastructure,1594972,Won,0.0
A01443,AI & ML,1244286,Open,933214.5
A01443,Integration,1486227,Open,1114670.25
A01444,Security,807754,Open,605815.5
A01444,Applications,196808,Closed,0.0
A01445,Database,683442,Open,512581.5
A01445,Integration,1136973,Lost,0.0
A01446,Infrastructure,1670156,Open,1252617.0
A01446,Database,1323765,Open,992823.75
A01447,Database,919333,Won,0.0
A01447,Security,865135,Open,648851.25
A01448,Database,1449310,Won,0.0
A01448,Analytics & Data,1114965,Won,0.0
A01448,AI & ML,2541539,Open,1906154.25
A01448,Integration,865314,Lost,0.0
A01449,Infrastructure,733524,Open,550143.0
A01449,Analytics & Data,927908,Open,695931.0
A01449,Applications,2283680,Won,0.0
A01451,Database,3263132,Open,2447349.0
A01452,Database,2491432,Open,1868574.0
A01453,Database,1435163,Lost,0.0
A01453,Analytics & Data,1159680,Open,869760.0
A01453,AI & ML,2286081,Lost,0.0
A01453,Applications,2688054,Open,2016040.5
A01454,Database,3176483,Won,0.0
A01454,Security,3581291,Lost,0.0
A01454,Applications,2922214,Won,0.0
A01456,Infrastructure,380101,Won,0.0
A01456,Database,1504265,Open,1128198.75
A01456,AI & ML,615531,Closed,0.0
A01456,Security,905875,Open,679406.25
A01456,Integration,5632695,Lost,0.0
A01457,Infrastructure,395204,Won,0.0
A01457,Database,1068623,Lost,0.0
A01457,Security,4174797,Open,3131097.75
A01458,Applications,809695,Open,607271.25
A01459,Database,1017810,Closed,0.0
A01459,Applications,1298287,Open,973715.25
A01460,Database,1183258,Open,887443.5
A01461,Infrastructure,2345666,Open,1759249.5
A01461,Database,986392,Open,739794.0
A01461,Analytics & Data,726450,Open,544837.5
A01462,Infrastructure,1782131,Open,1336598.25
A01462,Database,1827865,Open,1370898.75
A01462,Analytics & Data,1752889,Open,1314666.75
A01462,Security,1099135,Lost,0.0
A01463,Infrastructure,1446838,Open,1085128.5
A01463,Analytics & Data,1420947,Open,1065710.25
A01464,Infrastructure,769866,Open,577399.5
A01464,Database,299760,Open,224820.0
A01464,AI & ML,2420385,Open,1815288.75
A01464,Applications,3123272,Lost,0.0
A01466,Analytics & Data,2928436,Open,2196327.0
A01466,Security,2185846,Closed,0.0
A01466,Integration,1386154,Open,1039615.5
A01467,Integration,913246,Open,684934.5
A01468,Security,1051715,Won,0.0
A01469,Infrastructure,1197051,Open,897788.25
A01469,Database,547543,Open,410657.25
A01470,Database,3402057,Open,2551542.75
A01470,Security,1698490,Lost,0.0
A01470,Applications,671806,Won,0.0
A01471,Infrastructure,1553522,Lost,0.0
A01471,AI & ML,1952980,Lost,0.0
A01471,Applications,782823,Open,587117.25
A01471,Integration,1271112,Open,953334.0
A01472,Security,1288602,Open,966451.5
A01473,Applications,1933992,Won,0.0
A01474,Infrastructure,1799359,Open,1349519.25
A01474,Integration,999580,Won,0.0
A01475,Infrastructure,3124781,Open,2343585.75
A01475,AI & ML,996079,Open,747059.25
A01475,Applications,1735677,Won,0.0
A01476,Infrastructure,11057960,Open,8293470.0
A01476,Security,3749142,Open,2811856.5
A01476,Applications,1179007,Open,884255.25
A01478,Infrastructure,2786921,Open,2090190.75
A01478,Integration,3004929,Lost,0.0
A01479,Analytics & Data,2739877,Open,2054907.75
A01479,Security,1495064,Lost,0.0
A01480,AI & ML,836141,Open,627105.75
A01480,Integration,642827,Open,482120.25
A01481,Security,1998802,Open,1499101.5
A01482,Infrastructure,390892,Won,0.0
A01482,AI & ML,2878483,Open,2158862.25
A01482,Applications,2857436,Closed,0.0
A01483,Infrastructure,2059438,Closed,0.0
A01483,Analytics & Data,2514825,Closed,0.0
A01483,AI & ML,992891,Open,744668.25
A01484,Infrastructure,874971,Lost,0.0
A01484,Database,5522710,Open,4142032.5
A01484,Applications,1301589,Open,976191.75
A01485,Database,2619588,Open,1964691.0
A01485,Analytics & Data,4633111,Open,3474833.25
A01485,AI & ML,1973545,Won,0.0
A01485,Integration,611076,Open,458307.0
A01486,Infrastructure,3512409,Open,2634306.75
A01486,Analytics & Data,404831,Open,303623.25
A01487,Infrastructure,982941,Won,0.0
A01487,Database,1520657,Open,1140492.75
A01487,Security,2217997,Open,1663497.75
A01488,Infrastructure,2625287,Won,0.0
A01488,Applications,387726,Open,290794.5
A01490,Infrastructure,2498279,Lost,0.0
A01490,Database,1919332,Open,1439499.0
A01490,Analytics & Data,1211893,Open,908919.75
A01491,Database,1740444,Open,1305333.0
A01491,Security,680342,Open,510256.5
A01491,Integration,3447243,Open,2585432.25
A01494,Database,1098654,Open,823990.5
A01494,Analytics & Data,5540642,Closed,0.0
A01494,Integration,501357,Open,376017.75
A01495,AI & ML,2801451,Won,0.0
A01495,Integration,2138257,Open,1603692.75
A01496,Integration,1510945,Open,1133208.75
A01497,Database,696129,Lost,0.0
A01497,Analytics & Data,593483,Open,445112.25
A01497,Security,1050473,Open,787854.75
A01498,AI & ML,1502491,Lost,0.0
A01498,Security,683712,Open,512784.0
A01499,Infrastructure,419598,Open,314698.5
A01499,Applications,1500000,Won,0.0
A01499,Integration,6870999,Open,5153249.25
A01500,Database,726158,Open,544618.5
A01500,AI & ML,964371,Open,723278.25
A01500,Applications,1828696,Open,1371522.0
A01501,Database,788246,Open,591184.5
A01501,Applications,575750,Lost,0.0
A01502,Infrastructure,1049825,Open,787368.75
A01502,Analytics & Data,1240828,Lost,0.0
A01502,Applications,1049080,Open,786810.0
A01503,Security,905465,Lost,0.0
A01503,Applications,766533,Open,574899.75
A01503,Integration,579201,Open,434400.75
A01504,Infrastructure,2384533,Won,0.0
A01504,Security,1027717,Open,770787.75
A01504,Applications,816644,Open,612483.0
A01504,Integration,1640580,Open,1230435.0
A01505,Applications,1128424,Open,846318.0
A01505,Integration,3614165,Open,2710623.75
A01506,Analytics & Data,1571667,Open,1178750.25
A01506,AI & ML,280479,Open,210359.25
A01506,Security,475590,Won,0.0
A01506,Applications,4000119,Open,3000089.25
A01506,Integration,1772266,Open,1329199.5
A01507,Infrastructure,924545,Lost,0.0
A01507,Security,1096078,Open,822058.5
A01507,Integration,268431,Open,201323.25
A01508,Infrastructure,517304,Open,387978.0
A01508,Analytics & Data,498264,Open,373698.0
A01508,AI & ML,930563,Won,0.0
A01508,Applications,1952193,Open,1464144.75
A01509,Database,1379826,Open,1034869.5
A01509,AI & ML,1256162,Open,942121.5
A01509,Security,436038,Open,327028.5
A01510,Analytics & Data,940463,Open,705347.25
A01511,Infrastructure,1143802,Open,857851.5
A01511,Database,4373194,Open,3279895.5
A01511,AI & ML,1708163,Lost,0.0
A01511,Security,2074576,Open,1555932.0
A01512,Infrastructure,581321,Open,435990.75
A01512,Analytics & Data,2115168,Open,1586376.0
A01512,AI & ML,1993337,Open,1495002.75
A01512,Applications,2702146,Open,2026609.5
A01514,Infrastructure,1910080,Lost,0.0
A01514,Database,972014,Closed,0.0
A01514,Analytics & Data,2143231,Open,1607423.25
A01515,Infrastructure,1977161,Open,1482870.75
A01515,Database,1188138,Lost,0.0
A01515,AI & ML,3093085,Open,2319813.75
A01516,Database,1489971,Open,1117478.25
A01517,Infrastructure,396172,Open,297129.0
A01517,Database,606925,Open,455193.75
A01517,Applications,1194736,Open,896052.0
A01518,Infrastructure,2094267,Open,1570700.25
A01518,Database,996996,Won,0.0
A01518,Analytics & Data,1734731,Lost,0.0
A01518,AI & ML,507901,Lost,0.0
A01519,Integration,872309,Open,654231.75
A01520,Database,3669047,Lost,0.0
A01520,AI & ML,2016394,Won,0.0
A01520,Applications,4333093,Open,3249819.75
A01520,Integration,2823165,Open,2117373.75
A01521,Analytics & Data,2461268,Closed,0.0
A01521,Integration,538267,Open,403700.25
A01522,Database,1525825,Won,0.0
A01522,Applications,1007430,Lost,0.0
A01523,Infrastructure,822315,Open,616736.25
A01523,Database,4843769,Open,3632826.75
A01523,Analytics & Data,6231250,Open,4673437.5
A01523,Applications,2088705,Open,1566528.75
A01523,Integration,3827654,Lost,0.0
A01525,Analytics & Data,2861412,Open,2146059.0
A01525,Integration,2450261,Won,0.0
A01526,Security,1572976,Open,1179732.0
A01526,Integration,518681,Open,389010.75
A01527,AI & ML,1031814,Open,773860.5
A01528,Database,893133,Open,669849.75
A01529,Security,624800,Open,468600.0
A01530,Infrastructure,1569213,Open,1176909.75
A01530,AI & ML,3224775,Open,2418581.25
A01530,Security,628718,Lost,0.0
A01530,Applications,2689553,Open,2017164.75
A01530,Integration,9598055,Open,7198541.25
A01531,Database,2621776,Lost,0.0
A01531,AI & ML,2379012,Open,1784259.0
A01532,Security,4518970,Closed,0.0
A01533,Infrastructure,1685116,Open,1263837.0
A01533,Database,1841236,Open,1380927.0
A01533,Analytics & Data,1542875,Open,1157156.25
A01534,AI & ML,3367745,Open,2525808.75
A01534,Integration,820317,Closed,0.0
A01535,Applications,929516,Won,0.0
A01537,Infrastructure,1130388,Open,847791.0
A01537,Analytics & Data,853014,Lost,0.0
A01537,AI & ML,593866,Won,0.0
A01537,Security,1275250,Lost,0.0
A01538,Database,1818401,Won,0.0
A01538,Analytics & Data,1468381,Lost,0.0
A01539,Infrastructure,1514256,Open,1135692.0
A01539,Database,744670,Open,558502.5
A01540,Database,543276,Open,407457.0
A01540,Security,2816975,Won,0.0
A01540,Applications,604766,Open,453574.5
A01540,Integration,1195866,Open,896899.5
A01541,Infrastructure,596153,Won,0.0
A01541,Database,3758450,Open,2818837.5
A01542,Database,4735604,Won,0.0
A01542,Applications,1279244,Open,959433.0
A01543,Database,1122730,Open,842047.5
A01543,AI & ML,1160811,Open,870608.25
A01544,Infrastructure,3692103,Open,2769077.25
A01544,Database,2103401,Open,1577550.75
A01544,Analytics & Data,936637,Open,702477.75
A01544,Security,3975301,Open,2981475.75
A01544,Applications,770381,Lost,0.0
A01544,Integration,755613,Won,0.0
A01545,Infrastructure,1423203,Open,1067402.25
A01545,AI & ML,3670944,Open,2753208.0
A01545,Integration,268808,Open,201606.0
A01546,AI & ML,965999,Open,724499.25
A01546,Applications,1599036,Lost,0.0
A01547,Database,1289550,Open,967162.5
A01547,Security,832099,Open,624074.25
A01547,Applications,3881355,Open,2911016.25
A01547,Integration,1574557,Open,1180917.75
A01548,Database,3710262,Open,2782696.5
A01548,AI & ML,544231,Lost,0.0
A01548,Integration,3900156,Closed,0.0
A01549,Infrastructure,279691,Lost,0.0
A01549,AI & ML,2970056,Open,2227542.0
A01549,Applications,2290986,Open,1718239.5
A01549,Integration,5567569,Open,4175676.75
A01550,Infrastructure,8214142,Open,6160606.5
A01550,Security,3720504,Open,2790378.0
A01551,Security,1275884,Open,956913.0
A01551,Integration,2936781,Open,2202585.75
A01554,Database,944627,Won,0.0
A01554,AI & ML,4316587,Won,0.0
A01554,Security,626651,Won,0.0
A01554,Applications,1448762,Open,1086571.5
A01555,AI & ML,1704196,Open,1278147.0
A01555,Applications,557530,Open,418147.5
A01556,Database,1639263,Open,1229447.25
A01556,Analytics & Data,492065,Open,369048.75
A01556,Security,3709171,Won,0.0
A01557,Infrastructure,1012240,Open,759180.0
A01557,Database,1815530,Open,1361647.5
A01558,AI & ML,439266,Open,329449.5
A01558,Applications,2088948,Won,0.0
A01558,Integration,501651,Open,376238.25
A01559,Security,558169,Open,418626.75
A01560,Infrastructure,2128996,Won,0.0
A01560,AI & ML,1029579,Open,772184.25
A01560,Applications,1691508,Open,1268631.0
A01561,Infrastructure,2839917,Open,2129937.75
A01561,Database,1619389,Open,1214541.75
A01561,AI & ML,406316,Open,304737.0
A01561,Security,619326,Open,464494.5
A01562,Infrastructure,1075868,Open,806901.0
A01562,Database,1839644,Closed,0.0
A01562,Applications,1784963,Open,1338722.25
A01563,Infrastructure,873412,Open,655059.0
A01563,Database,2659133,Won,0.0
A01564,Infrastructure,873483,Lost,0.0
A01564,AI & ML,1061881,Open,796410.75
A01564,Security,453518,Won,0.0
A01566,Analytics & Data,1298957,Open,974217.75
A01566,AI & ML,1506975,Open,1130231.25
A01566,Security,1567376,Open,1175532.0
A01566,Integration,3186958,Open,2390218.5
A01567,Database,3370157,Won,0.0
A01567,Applications,4147312,Closed,0.0
A01568,Applications,937544,Lost,0.0
A01569,Database,1600312,Open,1200234.0
A01569,Analytics & Data,1764321,Open,1323240.75
A01569,Applications,2187708,Open,1640781.0
A01569,Integration,675957,Open,506967.75
A01570,AI & ML,613534,Open,460150.5
A01570,Applications,596745,Open,447558.75
A01572,Infrastructure,622926,Won,0.0
A01572,Analytics & Data,4740365,Open,3555273.75
A01572,Security,535340,Open,401505.0
A01572,Applications,2322113,Open,1741584.75
A01572,Integration,1476831,Lost,0.0
A01573,Database,3988102,Closed,0.0
A01573,Analytics & Data,610978,Open,458233.5
A01573,Security,552210,Open,414157.5
A01573,Applications,772275,Open,579206.25
A01574,Security,582682,Open,437011.5
A01574,Applications,5029105,Open,3771828.75
A01574,Integration,2753619,Open,2065214.25
A01575,Analytics & Data,5050848,Open,3788136.0
A01575,Security,872766,Open,654574.5
A01575,Applications,1265992,Open,949494.0
A01576,Infrastructure,1361198,Open,1020898.5
A01576,AI & ML,3146741,Open,2360055.75
A01576,Applications,4460078,Open,3345058.5
A01576,Integration,678242,Open,508681.5
A01577,Database,1983723,Open,1487792.25
A01577,Security,2306241,Lost,0.0
A01578,Infrastructure,782993,Open,587244.75
A01578,Database,11391764,Open,8543823.0
A01578,Analytics & Data,480643,Open,360482.25
A01579,Database,7174170,Open,5380627.5
A01579,Analytics & Data,4059477,Closed,0.0
A01579,Security,4168001,Open,3126000.75
A01579,Applications,325401,Open,244050.75
A01579,Integration,1287065,Open,965298.75
A01580,Infrastructure,3936479,Won,0.0
A01580,Database,866000,Closed,0.0
A01580,Analytics & Data,655326,Open,491494.5
A01580,Security,2000498,Lost,0.0
A01581,Database,5531905,Open,4148928.75
A01581,Analytics & Data,1490564,Won,0.0
A01581,AI & ML,817948,Open,613461.0
A01581,Security,1114379,Lost,0.0
A01582,Infrastructure,1838425,Lost,0.0
A01583,Analytics & Data,688576,Open,516432.0
A01583,Applications,2469438,Won,0.0
A01584,Database,1375892,Open,1031919.0
A01584,Analytics & Data,5457255,Open,4092941.25
A01584,AI & ML,1961740,Open,1471305.0
A01586,Database,711751,Lost,0.0
A01587,Integration,653489,Open,490116.75
A01588,Infrastructure,1564582,Open,1173436.5
A01589,AI & ML,1695964,Open,1271973.0
A01589,Security,271533,Open,203649.75
A01590,Infrastructure,2562598,Open,1921948.5
A01590,Integration,1826446,Lost,0.0
A01592,Database,2331955,Open,1748966.25
A01592,Applications,1674773,Open,1256079.75
A01592,Integration,311351,Open,233513.25
A01593,Infrastructure,3193298,Open,2394973.5
A01593,Analytics & Data,1895171,Open,1421378.25
A01593,Applications,1289826,Open,967369.5
A01593,Integration,3182692,Open,2387019.0
A01594,Infrastructure,709124,Open,531843.0
A01594,Analytics & Data,1822582,Open,1366936.5
A01595,AI & ML,912529,Won,0.0
A01595,Security,3324135,Open,2493101.25
A01595,Integration,601354,Won,0.0
A01596,AI & ML,2516100,Open,1887075.0
A01597,Applications,366406,Open,274804.5
A01597,Integration,1175062,Open,881296.5
A01598,Database,4340605,Lost,0.0
A01598,Analytics & Data,1412803,Open,1059602.25
A01598,AI & ML,3127540,Open,2345655.0
A01599,Infrastructure,2404262,Closed,0.0
A01599,Database,402095,Open,301571.25
A01600,Infrastructure,2021406,Lost,0.0
A01600,Database,2121658,Open,1591243.5
A01600,Analytics & Data,2400440,Open,1800330.0
A01600,AI & ML,6203704,Open,4652778.0
A01600,Applications,2495130,Closed,0.0
A01601,Security,1276718,Closed,0.0
A01601,Integration,1248995,Open,936746.25
A01602,Analytics & Data,863165,Lost,0.0
A01602,Security,2879289,Lost,0.0
A01602,Applications,3199109,Open,2399331.75
A01603,Infrastructure,435206,Open,326404.5
A01603,Database,1946791,Lost,0.0
A01603,AI & ML,2205035,Open,1653776.25
A01604,Database,1252968,Lost,0.0
A01604,Analytics & Data,848175,Open,636131.25
A01604,Applications,1627618,Open,1220713.5
A01605,Analytics & Data,545266,Lost,0.0
A01605,Integration,1174317,Open,880737.75
A01606,Infrastructure,2830962,Open,2123221.5
A01606,Analytics & Data,2975397,Open,2231547.75
A01606,AI & ML,1720235,Open,1290176.25
A01606,Applications,1175287,Open,881465.25
A01606,Integration,1893022,Open,1419766.5
A01607,Analytics & Data,1778666,Open,1333999.5
A01607,AI & ML,1125313,Won,0.0
A01608,Analytics & Data,3205627,Open,2404220.25
A01608,Applications,1665307,Won,0.0
A01609,Infrastructure,2558319,Open,1918739.25
A01609,Database,302759,Closed,0.0
A01610,Infrastructure,1776543,Open,1332407.25
A01610,Database,1840841,Lost,0.0
A01610,Analytics & Data,2886594,Lost,0.0
A01610,Security,565304,Open,423978.0
A01610,Applications,2698798,Lost,0.0
A01611,Integration,704572,Open,528429.0
A01612,Analytics & Data,2829249,Open,2121936.75
A01612,Applications,1417048,Open,1062786.0
A01613,Applications,4135886,Open,3101914.5
A01613,Integration,779221,Lost,0.0
A01614,Infrastructure,556496,Open,417372.0
A01614,Database,1487948,Open,1115961.0
A01614,Analytics & Data,3680172,Open,2760129.0
A01614,AI & ML,1432465,Closed,0.0
A01614,Security,2807269,Closed,0.0
A01614,Applications,866853,Lost,0.0
A01614,Integration,1696092,Open,1272069.0
A01615,Database,7180342,Open,5385256.5
A01615,Analytics & Data,4643515,Lost,0.0
A01615,AI & ML,1657659,Open,1243244.25
A01615,Security,808790,Open,606592.5
A01615,Applications,2108794,Open,1581595.5
A01616,Database,1686104,Closed,0.0
A01616,Analytics & Data,1497120,Open,1122840.0
A01616,AI & ML,3008562,Open,2256421.5
A01616,Applications,780876,Open,585657.0
A01616,Integration,1250433,Open,937824.75
A01617,Infrastructure,1146723,Open,860042.25
A01618,Database,2713923,Open,2035442.25
A01618,Security,6919365,Open,5189523.75
A01618,Integration,2570667,Open,1928000.25
A01619,Database,3367061,Closed,0.0
A01620,Analytics & Data,1480360,Open,1110270.0
A01620,AI & ML,830620,Closed,0.0
A01620,Security,519310,Open,389482.5
A01620,Applications,1752053,Closed,0.0
A01621,Analytics & Data,4600770,Won,0.0
A01621,Applications,1904868,Open,1428651.0
A01622,Infrastructure,2712418,Open,2034313.5
A01622,Security,1491534,Won,0.0
A01622,Applications,543376,Open,407532.0
A01623,Database,1378490,Open,1033867.5
A01623,Analytics & Data,3183162,Won,0.0
A01623,Integration,2468385,Open,1851288.75
A01624,Infrastructure,266079,Lost,0.0
A01624,Security,1264096,Lost,0.0
A01624,Applications,2917470,Open,2188102.5
A01625,Infrastructure,3284911,Open,2463683.25
A01625,Analytics & Data,390162,Open,292621.5
A01626,Database,488513,Open,366384.75
A01626,Integration,363966,Closed,0.0
A01627,Infrastructure,2998007,Open,2248505.25
A01627,AI & ML,2306356,Open,1729767.0
A01627,Security,1626962,Open,1220221.5
A01628,Infrastructure,1019299,Open,764474.25
A01628,Database,1473373,Open,1105029.75
A01628,Integration,484149,Won,0.0
A01629,Infrastructure,998982,Lost,0.0
A01629,Database,4736569,Closed,0.0
A01629,Security,641399,Closed,0.0
A01630,Applications,1062308,Open,796731.0
A01630,Integration,571311,Lost,0.0
A01631,Applications,3259424,Open,2444568.0
A01632,Analytics & Data,2032041,Open,1524030.75
A01633,Analytics & Data,4926909,Open,3695181.75
A01633,AI & ML,1176200,Open,882150.0
A01634,Integration,2566112,Open,1924584.0
A01635,Database,1581498,Open,1186123.5
A01635,Analytics & Data,2499737,Open,1874802.75
A01635,Security,1964439,Won,0.0
A01637,Infrastructure,454269,Open,340701.75
A01637,Analytics & Data,1353777,Open,1015332.75
A01637,AI & ML,4001195,Open,3000896.25
A01637,Applications,1466924,Open,1100193.0
A01638,Infrastructure,862568,Open,646926.0
A01638,Analytics & Data,2473307,Open,1854980.25
A01638,Applications,2923185,Open,2192388.75
A01639,AI & ML,3421326,Won,0.0
A01639,Integration,721015,Open,540761.25
A01640,Applications,1518438,Won,0.0
A01641,Analytics & Data,1281727,Open,961295.25
A01641,AI & ML,2515047,Open,1886285.25
A01642,Infrastructure,2501891,Open,1876418.25
A01642,Analytics & Data,1135563,Open,851672.25
A01642,Security,4703554,Open,3527665.5
A01643,Database,1198762,Lost,0.0
A01643,AI & ML,1521423,Open,1141067.25
A01643,Security,886176,Open,664632.0
A01645,Infrastructure,1365310,Closed,0.0
A01646,AI & ML,1144237,Open,858177.75
A01649,Database,2946511,Closed,0.0
A01650,Analytics & Data,501075,Open,375806.25
A01650,Security,945254,Open,708940.5
A01651,Infrastructure,1440741,Open,1080555.75
A01651,Database,5100622,Lost,0.0
A01651,Analytics & Data,2357688,Open,1768266.0
A01651,Security,1118752,Open,839064.0
A01651,Integration,2101797,Won,0.0
A01652,Infrastructure,1460722,Open,1095541.5
A01652,Analytics & Data,2271831,Won,0.0
A01653,Database,2138660,Lost,0.0
A01653,AI & ML,1318811,Won,0.0
A01654,Infrastructure,2221511,Open,1666133.25
A01654,Security,4660365,Open,3495273.75
A01654,Integration,718829,Open,539121.75
A01656,Security,3443123,Closed,0.0
A01656,Applications,1575400,Lost,0.0
A01656,Integration,574889,Open,431166.75
A01657,AI & ML,821165,Lost,0.0
A01658,Infrastructure,3530766,Won,0.0
A01658,Database,930412,Open,697809.0
A01658,Analytics & Data,526075,Closed,0.0
A01658,AI & ML,564206,Open,423154.5
A01658,Security,2102745,Open,1577058.75
A01658,Applications,1827759,Closed,0.0
A01659,AI & ML,5045740,Open,3784305.0
A01660,Infrastructure,1306858,Won,0.0
A01660,Analytics & Data,1025444,Open,769083.0
A01660,AI & ML,3871402,Won,0.0
A01660,Integration,3307914,Open,2480935.5
A01661,Analytics & Data,1789391,Open,1342043.25
A01661,Applications,1529220,Lost,0.0
A01662,Database,5463582,Open,4097686.5
A01662,Security,1843930,Open,1382947.5
A01662,Integration,1318321,Open,988740.75
A01663,Integration,945884,Closed,0.0
A01664,Infrastructure,750376,Open,562782.0
A01664,Security,3077377,Open,2308032.75
A01664,Applications,4727514,Open,3545635.5
A01665,AI & ML,3277205,Open,2457903.75
A01665,Security,1758941,Won,0.0
A01666,AI & ML,940149,Lost,0.0
A01666,Security,1364202,Open,1023151.5
A01666,Applications,2110322,Open,1582741.5
A01668,Security,684736,Open,513552.0
A01668,Applications,1316921,Open,987690.75
A01669,Analytics & Data,475379,Open,356534.25
A01669,AI & ML,1630172,Open,1222629.0
A01669,Security,4141101,Open,3105825.75
A01669,Integration,750852,Open,563139.0
A01670,Database,1729183,Open,1296887.25
A01670,AI & ML,4216942,Open,3162706.5
A01671,Infrastructure,2252277,Open,1689207.75
A01671,Analytics & Data,934350,Open,700762.5
A01672,Database,2386638,Open,1789978.5
A01673,Database,900328,Closed,0.0
A01674,Infrastructure,1200405,Lost,0.0
A01674,Integration,899363,Open,674522.25
A01675,AI & ML,402200,Open,301650.0
A01676,Analytics & Data,572386,Open,429289.5
A01676,AI & ML,1440650,Won,0.0
A01676,Security,882518,Open,661888.5
A01677,Security,662926,Won,0.0
A01677,Applications,452841,Open,339630.75
A01678,Analytics & Data,285453,Closed,0.0
A01678,AI & ML,1488384,Open,1116288.0
A01678,Applications,537884,Open,403413.0
A01678,Integration,1617247,Open,1212935.25
A01679,Database,570484,Open,427863.0
A01679,AI & ML,1363451,Won,0.0
A01679,Security,2438839,Closed,0.0
A01679,Integration,666648,Open,499986.0
A01680,Analytics & Data,4918519,Open,3688889.25
A01680,Security,1019899,Open,764924.25
A01680,Integration,2399696,Open,1799772.0
A01681,Infrastructure,1323946,Open,992959.5
A01681,AI & ML,694340,Open,520755.0
A01681,Security,1278019,Open,958514.25
A01682,Database,1174767,Open,881075.25
A01682,Security,798393,Won,0.0
A01683,Infrastructure,296454,Open,222340.5
A01683,Security,2246430,Lost,0.0
A01683,Applications,381134,Won,0.0
A01683,Integration,1544504,Won,0.0
A01684,AI & ML,1557373,Open,1168029.75
A01685,Database,1732059,Open,1299044.25
A01685,Applications,3489623,Open,2617217.25
A01685,Integration,539079,Open,404309.25
A01686,Security,2159163,Open,1619372.25
A01686,Integration,927599,Open,695699.25
A01687,Security,1633280,Open,1224960.0
A01688,Infrastructure,2026642,Lost,0.0
A01689,Security,1935831,Open,1451873.25
A01689,Applications,2465612,Open,1849209.0
A01690,Infrastructure,1162847,Closed,0.0
A01690,AI & ML,2382499,Won,0.0
A01690,Security,2130718,Open,1598038.5
A01690,Applications,653493,Open,490119.75
A01691,Analytics & Data,2783361,Open,2087520.75
A01691,Integration,2619854,Open,1964890.5
A01692,Infrastructure,659229,Closed,0.0
A01692,Analytics & Data,1050323,Closed,0.0
A01692,Applications,1184285,Lost,0.0
A01693,Database,459244,Open,344433.0
A01693,AI & ML,3385704,Closed,0.0
A01693,Integration,1835587,Open,1376690.25
A01694,Analytics & Data,1008982,Closed,0.0
A01695,Database,1615206,Open,1211404.5
A01695,Analytics & Data,468456,Lost,0.0
A01695,Integration,2807631,Open,2105723.25
A01696,Infrastructure,617030,Open,462772.5
A01696,Database,164185,Open,123138.75
A01696,AI & ML,1608776,Won,0.0
A01696,Security,1091911,Lost,0.0
A01697,Security,3989957,Open,2992467.75
A01697,Integration,556978,Open,417733.5
A01698,Infrastructure,1487060,Open,1115295.0
A01698,AI & ML,1823027,Open,1367270.25
A01698,Applications,2377604,Open,1783203.0
A01699,Infrastructure,358189,Open,268641.75
A01699,Database,1080533,Lost,0.0
A01699,Security,1457262,Open,1092946.5
A01700,Database,650725,Open,488043.75
A01700,Analytics & Data,2993779,Open,2245334.25
A01702,Security,1852508,Won,0.0
A01703,Database,14088969,Open,10566726.75
A01703,AI & ML,620695,Won,0.0
A01704,Integration,2793629,Open,2095221.75
A01705,Security,7782751,Open,5837063.25
A01706,Database,1274460,Won,0.0
A01706,AI & ML,820212,Open,615159.0
A01707,Applications,5518818,Open,4139113.5
A01709,Integration,1669682,Open,1252261.5
A01710,Database,4463696,Closed,0.0
A01710,AI & ML,1556334,Open,1167250.5
A01710,Integration,770945,Won,0.0
A01711,AI & ML,304780,Won,0.0
A01713,AI & ML,1350067,Open,1012550.25
A01713,Integration,1037147,Open,777860.25
A01714,Database,2625318,Open,1968988.5
A01714,AI & ML,2620470,Open,1965352.5
A01714,Security,2547764,Open,1910823.0
A01714,Integration,1727197,Open,1295397.75
A01715,Infrastructure,7708169,Won,0.0
A01715,Security,2679487,Lost,0.0
A01716,Infrastructure,1323362,Open,992521.5
A01716,Database,568110,Won,0.0
A01716,AI & ML,2822130,Open,2116597.5
A01716,Applications,1340775,Open,1005581.25
A01717,Infrastructure,2746886,Won,0.0
A01717,AI & ML,2500713,Won,0.0
A01717,Applications,3581455,Open,2686091.25
A01718,Infrastructure,2381878,Open,1786408.5
A01718,Database,1637501,Open,1228125.75
A01718,Analytics & Data,1222517,Open,916887.75
A01719,Analytics & Data,1499216,Open,1124412.0
A01719,Applications,5667603,Lost,0.0
A01721,Database,1729846,Open,1297384.5
A01722,Infrastructure,234566,Lost,0.0
A01722,AI & ML,1480176,Open,1110132.0
A01723,Infrastructure,1142777,Open,857082.75
A01723,Database,925400,Open,694050.0
A01723,Analytics & Data,943011,Open,707258.25
A01723,Applications,1348802,Closed,0.0
A01724,Security,879484,Closed,0.0
A01726,Security,523839,Won,0.0
A01726,Integration,4561820,Open,3421365.0
A01727,AI & ML,2316821,Open,1737615.75
A01727,Security,3713288,Open,2784966.0
A01727,Applications,2302664,Open,1726998.0
A01728,Security,1094865,Won,0.0
A01729,AI & ML,1375462,Won,0.0
A01729,Security,2001427,Open,1501070.25
A01730,Applications,3210707,Open,2408030.25
A01731,Integration,474789,Lost,0.0
A01732,Security,1229615,Closed,0.0
A01733,Analytics & Data,1602127,Won,0.0
A01735,Database,2821590,Open,2116192.5
A01735,Analytics & Data,2146742,Lost,0.0
A01735,AI & ML,571337,Open,428502.75
A01735,Applications,3781593,Open,2836194.75
A01736,Database,1623301,Open,1217475.75
A01736,AI & ML,1333517,Open,1000137.75
A01736,Security,769139,Won,0.0
A01736,Applications,4941752,Open,3706314.0
A01737,Analytics & Data,2538154,Open,1903615.5
A01738,Infrastructure,2095225,Won,0.0
A01738,Database,940269,Lost,0.0
A01738,Analytics & Data,1076106,Open,807079.5
A01738,AI & ML,1966864,Won,0.0
A01738,Applications,2239207,Open,1679405.25
A01739,AI & ML,2883466,Open,2162599.5
A01740,Infrastructure,1269613,Open,952209.75
A01741,Infrastructure,2202624,Open,1651968.0
A01741,Analytics & Data,1953750,Open,1465312.5
A01742,Infrastructure,5288273,Open,3966204.75
A01742,Analytics & Data,5537105,Open,4152828.75
A01742,AI & ML,3042908,Open,2282181.0
A01742,Applications,936355,Open,702266.25
A01743,Security,1493375,Open,1120031.25
A01743,Applications,1984900,Open,1488675.0
A01744,Analytics & Data,980498,Won,0.0
A01744,AI & ML,1531407,Lost,0.0
A01744,Security,318866,Open,239149.5
A01744,Applications,761748,Won,0.0
A01744,Integration,1306486,Won,0.0
A01745,Infrastructure,2522182,Open,1891636.5
A01745,Analytics & Data,1050965,Won,0.0
A01745,AI & ML,7130921,Open,5348190.75
A01745,Security,1011007,Closed,0.0
A01746,Infrastructure,7240914,Won,0.0
A01746,Database,1183918,Open,887938.5
A01747,AI & ML,770663,Open,577997.25
A01747,Integration,985313,Open,738984.75
A01748,Infrastructure,3629325,Open,2721993.75
A01748,Analytics & Data,3287508,Open,2465631.0
A01749,Database,1416517,Won,0.0
A01749,Analytics & Data,1345655,Lost,0.0
A01749,Security,1715625,Open,1286718.75
A01749,Applications,1593582,Open,1195186.5
A01750,Security,1889581,Open,1417185.75
A01751,Database,271657,Won,0.0
A01751,Analytics & Data,10386110,Open,7789582.5
A01751,Applications,1183307,Open,887480.25
A01752,Infrastructure,612433,Open,459324.75
A01752,Database,566936,Open,425202.0
A01752,Analytics & Data,5395546,Open,4046659.5
A01753,Analytics & Data,5143305,Won,0.0
A01753,Security,1679795,Won,0.0
A01753,Applications,693219,Open,519914.25
A01753,Integration,2023062,Open,1517296.5
A01754,AI & ML,1396009,Open,1047006.75
A01754,Applications,1652375,Open,1239281.25
A01755,AI & ML,2625793,Open,1969344.75
A01755,Security,5399113,Closed,0.0
A01756,Infrastructure,2535234,Open,1901425.5
A01756,Database,2772407,Open,2079305.25
A01756,AI & ML,556738,Open,417553.5
A01757,AI & ML,2323086,Lost,0.0
A01757,Security,1478409,Won,0.0
A01758,Infrastructure,5377741,Open,4033305.75
A01758,AI & ML,1935792,Won,0.0
A01760,Database,1022747,Open,767060.25
A01760,Applications,1490042,Open,1117531.5
A01761,Analytics & Data,879940,Open,659955.0
A01761,AI & ML,4870637,Lost,0.0
A01761,Applications,1849996,Open,1387497.0
A01761,Integration,2481904,Open,1861428.0
A01762,Infrastructure,1378123,Open,1033592.25
A01762,Applications,4173820,Lost,0.0
A01763,Infrastructure,2403872,Lost,0.0
A01763,Analytics & Data,572025,Open,429018.75
A01763,Security,737222,Open,552916.5
A01763,Applications,1157687,Won,0.0
A01764,Security,962461,Open,721845.75
A01764,Applications,1916617,Open,1437462.75
A01764,Integration,2547098,Open,1910323.5
A01765,Security,2740795,Open,2055596.25
A01767,Infrastructure,201993,Open,151494.75
A01767,AI & ML,4181498,Lost,0.0
A01768,Applications,579927,Closed,0.0
A01768,Integration,1229206,Won,0.0
A01769,Infrastructure,1089329,Open,816996.75
A01770,Infrastructure,735262,Open,551446.5
A01770,AI & ML,713641,Won,0.0
A01770,Integration,3336139,Open,2502104.25
A01771,Infrastructure,1267570,Open,950677.5
A01771,Applications,1004717,Lost,0.0
A01772,Integration,2165630,Won,0.0
A01773,Database,2357862,Lost,0.0
A01773,Analytics & Data,2625745,Lost,0.0
A01773,AI & ML,557954,Open,418465.5
A01773,Applications,735939,Open,551954.25
A01773,Integration,3941122,Open,2955841.5
A01774,Infrastructure,811817,Open,608862.75
A01774,Database,705626,Open,529219.5
A01774,AI & ML,1428838,Lost,0.0
A01775,Database,633533,Lost,0.0
A01775,AI & ML,1907063,Lost,0.0
A01775,Security,1516268,Open,1137201.0
A01776,Database,1085218,Lost,0.0
A01776,AI & ML,1194149,Open,895611.75
A01776,Security,2191822,Open,1643866.5
A01777,Analytics & Data,2104848,Won,0.0
A01778,Analytics & Data,1021808,Closed,0.0
A01778,AI & ML,2580042,Lost,0.0
A01778,Applications,776462,Won,0.0
A01778,Integration,1703846,Lost,0.0
A01779,Infrastructure,883897,Open,662922.75
A01779,Database,1012372,Open,759279.0
A01779,AI & ML,1063316,Open,797487.0
A01779,Security,1016806,Open,762604.5
A01779,Integration,724838,Closed,0.0
A01780,Database,1365756,Open,1024317.0
A01780,AI & ML,1151063,Open,863297.25
A01782,Analytics & Data,2180080,Open,1635060.0
A01782,AI & ML,9089431,Open,6817073.25
A01782,Integration,1111570,Lost,0.0
A01783,Infrastructure,773699,Open,580274.25
A01783,Database,1415187,Open,1061390.25
A01783,AI & ML,484613,Open,363459.75
A01783,Integration,2153520,Open,1615140.0
A01784,Analytics & Data,1831397,Open,1373547.75
A01784,Security,1229461,Lost,0.0
A01784,Integration,819151,Open,614363.25
A01785,Database,1202074,Lost,0.0
A01785,Analytics & Data,1641403,Open,1231052.25
A01786,Database,1905747,Open,1429310.25
A01787,Analytics & Data,365580,Open,274185.0
A01787,AI & ML,1781696,Won,0.0
A01787,Security,232048,Open,174036.0
A01787,Applications,1669594,Closed,0.0
A01788,Database,374268,Open,280701.0
A01788,Security,1947918,Open,1460938.5
A01788,Integration,900722,Open,675541.5
A01789,Analytics & Data,1634010,Open,1225507.5
A01789,AI & ML,658950,Open,494212.5
A01789,Security,2381773,Open,1786329.75
A01789,Applications,287885,Lost,0.0
A01790,Infrastructure,879200,Open,659400.0
A01790,Database,2238868,Won,0.0
A01790,Applications,906803,Open,680102.25
A01790,Integration,661158,Open,495868.5
A01791,Database,1363715,Won,0.0
A01791,Analytics & Data,4173830,Open,3130372.5
A01791,AI & ML,1069305,Open,801978.75
A01791,Security,2283825,Open,1712868.75
A01791,Applications,2715671,Open,2036753.25
A01792,Infrastructure,4304305,Open,3228228.75
A01792,Analytics & Data,2727486,Open,2045614.5
A01792,Applications,2040018,Open,1530013.5
A01792,Integration,897215,Won,0.0
A01793,Infrastructure,1635144,Lost,0.0
A01793,Database,1329106,Open,996829.5
A01793,Applications,2680487,Open,2010365.25
A01794,Infrastructure,925707,Open,694280.25
A01794,Database,1806004,Open,1354503.0
A01794,AI & ML,687090,Lost,0.0
A01794,Security,2233811,Open,1675358.25
A01795,Database,2837178,Open,2127883.5
A01795,Security,1555971,Lost,0.0
A01795,Applications,1756072,Open,1317054.0
A01795,Integration,544184,Closed,0.0
A01796,Infrastructure,1814561,Open,1360920.75
A01796,AI & ML,1561923,Open,1171442.25
A01796,Integration,230426,Won,0.0
A01797,Applications,5597385,Open,4198038.75
A01798,Database,885732,Open,664299.0
A01798,Integration,3468689,Lost,0.0
A01799,Infrastructure,926145,Open,694608.75
A01799,Analytics & Data,2302436,Closed,0.0
A01799,AI & ML,2345001,Open,1758750.75
A01799,Integration,335585,Open,251688.75
A01801,Analytics & Data,400121,Open,300090.75
A01801,AI & ML,2431825,Open,1823868.75
A01801,Security,4067397,Open,3050547.75
A01802,Infrastructure,1595608,Lost,0.0
A01802,Integration,1622404,Open,1216803.0
A01803,Database,2065616,Closed,0.0
A01803,Analytics & Data,377575,Open,283181.25
A01803,AI & ML,1445267,Open,1083950.25
A01803,Integration,1176652,Open,882489.0
A01804,AI & ML,7631376,Won,0.0
A01804,Integration,3300086,Open,2475064.5
A01805,Infrastructure,612361,Won,0.0
A01805,Database,1555570,Open,1166677.5
A01805,Analytics & Data,3265916,Lost,0.0
A01805,Security,4959576,Open,3719682.0
A01805,Applications,1539871,Lost,0.0
A01805,Integration,3717445,Open,2788083.75
A01806,Infrastructure,1391588,Open,1043691.0
A01806,Analytics & Data,6457149,Open,4842861.75
A01806,AI & ML,2158836,Open,1619127.0
A01807,Infrastructure,1013914,Open,760435.5
A01807,Database,852113,Open,639084.75
A01808,Analytics & Data,1167308,Open,875481.0
A01808,AI & ML,1271169,Open,953376.75
A01808,Applications,893898,Open,670423.5
A01809,Analytics & Data,1575759,Lost,0.0
A01810,Infrastructure,2630843,Open,1973132.25
A01810,AI & ML,2071773,Open,1553829.75
A01810,Security,1314760,Won,0.0
A01810,Applications,3402280,Open,2551710.0
A01811,Security,1066404,Open,799803.0
A01811,Integration,13997355,Open,10498016.25
A01812,Infrastructure,787955,Open,590966.25
A01812,Database,1290338,Closed,0.0
A01812,Analytics & Data,1310184,Lost,0.0
A01812,Security,1003025,Lost,0.0
A01812,Integration,1802656,Closed,0.0
A01813,Integration,910184,Open,682638.0
A01814,AI & ML,1519853,Open,1139889.75
A01815,Infrastructure,1589380,Open,1192035.0
A01815,Integration,696028,Closed,0.0
A01816,Integration,1145457,Open,859092.75
A01817,Infrastructure,644219,Open,483164.25
A01817,Analytics & Data,1364814,Open,1023610.5
A01817,Security,664637,Won,0.0
A01817,Applications,991569,Open,743676.75
A01817,Integration,1023183,Open,767387.25
A01818,Security,1810798,Lost,0.0
A01818,Applications,762211,Won,0.0
A01819,Infrastructure,805620,Open,604215.0
A01819,Database,926474,Open,694855.5
A01820,Analytics & Data,1201324,Lost,0.0
A01820,Security,2754265,Open,2065698.75
A01820,Integration,3942937,Open,2957202.75
A01821,AI & ML,1047243,Open,785432.25
A01821,Security,2238085,Open,1678563.75
A01821,Integration,1676337,Open,1257252.75
A01822,Infrastructure,198631,Lost,0.0
A01822,Security,661125,Open,495843.75
A01823,Infrastructure,3181982,Open,2386486.5
A01823,Analytics & Data,1843864,Closed,0.0
A01824,Database,1612373,Open,1209279.75
A01824,Security,1770031,Lost,0.0
A01825,Security,962923,Open,722192.25
A01826,Infrastructure,523165,Open,392373.75
A01827,Applications,3647507,Open,2735630.25
A01828,Infrastructure,430917,Lost,0.0
A01828,AI & ML,1760364,Closed,0.0
A01829,Analytics & Data,1224829,Closed,0.0
A01829,AI & ML,2226526,Won,0.0
A01829,Applications,2832155,Open,2124116.25
A01829,Integration,407318,Open,305488.5
A01830,Security,1582338,Open,1186753.5
A01830,Integration,2330047,Open,1747535.25
A01832,Database,1955163,Open,1466372.25
A01832,Applications,2251784,Open,1688838.0
A01833,Database,1001158,Open,750868.5
A01834,Database,1317669,Open,988251.75
A01834,Integration,3732475,Open,2799356.25
A01835,Applications,534624,Open,400968.0
A01836,Infrastructure,2277402,Open,1708051.5
A01836,Integration,1903345,Open,1427508.75
A01837,Database,2726129,Open,2044596.75
A01837,Analytics & Data,1203817,Open,902862.75
A01838,Infrastructure,6602835,Open,4952126.25
A01838,Security,1524284,Won,0.0
A01838,Applications,821822,Lost,0.0
A01839,Database,1706218,Open,1279663.5
A01839,Analytics & Data,518990,Open,389242.5
A01839,Security,1352056,Closed,0.0
A01839,Applications,903939,Lost,0.0
A01840,Database,2278454,Lost,0.0
A01840,AI & ML,1369121,Open,1026840.75
A01841,Infrastructure,639592,Open,479694.0
A01841,Analytics & Data,908897,Open,681672.75
A01841,AI & ML,3965175,Lost,0.0
A01841,Integration,1921501,Closed,0.0
A01843,Applications,1803954,Open,1352965.5
A01843,Integration,972832,Open,729624.0
A01844,Analytics & Data,256353,Open,192264.75
A01845,Infrastructure,4469917,Open,3352437.75
A01845,Database,1086042,Open,814531.5
A01845,Applications,3746692,Open,2810019.0
A01846,Infrastructure,2371577,Open,1778682.75
A01846,Analytics & Data,3461628,Open,2596221.0
A01846,Applications,455530,Open,341647.5
A01846,Integration,2031042,Open,1523281.5
A01847,Infrastructure,874341,Open,655755.75
A01847,Applications,2634914,Open,1976185.5
A01847,Integration,4086389,Lost,0.0
A01848,Infrastructure,966643,Open,724982.25
A01848,Database,926700,Open,695025.0
A01848,Integration,411753,Open,308814.75
A01849,AI & ML,1068035,Open,801026.25
A01849,Applications,6428438,Open,4821328.5
A01850,AI & ML,675817,Closed,0.0
A01850,Security,1447788,Open,1085841.0
A01850,Integration,738923,Won,0.0
A01851,Analytics & Data,433324,Lost,0.0
A01851,Applications,1919389,Open,1439541.75
A01852,Infrastructure,1549130,Open,1161847.5
A01852,Applications,1527470,Open,1145602.5
A01854,Database,1129524,Open,847143.0
A01854,Security,1030849,Open,773136.75
A01855,Infrastructure,5890036,Open,4417527.0
A01855,Database,2091832,Closed,0.0
A01855,AI & ML,1554329,Closed,0.0
A01855,Security,630444,Open,472833.0
A01855,Integration,983507,Open,737630.25
A01856,Analytics & Data,1727994,Won,0.0
A01857,Database,1267744,Open,950808.0
A01857,Analytics & Data,935514,Open,701635.5
A01857,AI & ML,1430045,Won,0.0
A01857,Security,2791479,Open,2093609.25
A01857,Integration,2462158,Open,1846618.5
A01858,Analytics & Data,715334,Lost,0.0
A01858,Security,4465338,Open,3349003.5
A01858,Integration,765275,Won,0.0
A01859,Infrastructure,647377,Open,485532.75
A01859,Database,2706201,Won,0.0
A01859,Security,3229690,Won,0.0
A01859,Applications,2632115,Open,1974086.25
A01859,Integration,529512,Open,397134.0
A01860,Applications,1239829,Open,929871.75
A01861,Infrastructure,372793,Open,279594.75
A01861,Database,404604,Open,303453.0
A01861,Analytics & Data,1641223,Open,1230917.25
A01861,Applications,2417229,Open,1812921.75
A01862,Database,1344989,Open,1008741.75
A01862,AI & ML,842039,Won,0.0
A01863,Infrastructure,1420060,Open,1065045.0
A01863,Applications,901520,Open,676140.0
A01864,Security,2074090,Open,1555567.5
A01865,Integration,1561508,Open,1171131.0
A01866,Infrastructure,3657016,Open,2742762.0
A01866,Database,2240551,Open,1680413.25
A01866,Security,796353,Open,597264.75
A01867,Database,6304574,Open,4728430.5
A01867,AI & ML,1515901,Closed,0.0
A01867,Security,1172533,Open,879399.75
A01867,Integration,931635,Open,698726.25
A01868,Database,2295760,Open,1721820.0
A01868,Analytics & Data,2439481,Lost,0.0
A01868,Security,602073,Open,451554.75
A01869,Applications,1148532,Won,0.0
A01870,Database,1437428,Open,1078071.0
A01870,Security,622140,Open,466605.0
A01870,Applications,2452265,Open,1839198.75
A01871,Infrastructure,1987133,Open,1490349.75
A01871,Analytics & Data,2679267,Open,2009450.25
A01872,Database,728723,Open,546542.25
A01872,Security,5098337,Won,0.0
A01872,Applications,275279,Open,206459.25
A01873,Analytics & Data,2071998,Open,1553998.5
A01873,AI & ML,837217,Open,627912.75
A01873,Security,2631927,Open,1973945.25
A01874,Infrastructure,3611136,Open,2708352.0
A01874,Database,574521,Open,430890.75
A01874,Applications,1548649,Open,1161486.75
A01875,Infrastructure,1525555,Lost,0.0
A01876,Security,757489,Open,568116.75
A01876,Applications,255419,Open,191564.25
A01877,Applications,1508527,Open,1131395.25
A01877,Integration,2027069,Open,1520301.75
A01878,Security,927329,Closed,0.0
A01878,Applications,494058,Won,0.0
A01878,Integration,575848,Closed,0.0
A01879,Database,1311020,Closed,0.0
A01879,Applications,910273,Open,682704.75
A01880,Database,3303560,Open,2477670.0
A01880,Applications,537888,Closed,0.0
A01882,Infrastructure,734125,Open,550593.75
A01882,Integration,1302665,Open,976998.75
A01883,Security,1187653,Open,890739.75
A01883,Integration,2766048,Open,2074536.0
A01884,Infrastructure,3300761,Lost,0.0
A01884,Security,3319409,Open,2489556.75
A01885,Infrastructure,8020527,Won,0.0
A01886,Security,3779461,Open,2834595.75
A01887,Security,1129377,Won,0.0
A01887,Applications,1903214,Open,1427410.5
A01887,Integration,3411225,Open,2558418.75
A01888,Applications,3061108,Lost,0.0
A01888,Integration,2770745,Open,2078058.75
A01889,Infrastructure,1554009,Won,0.0
A01890,AI & ML,652430,Won,0.0
A01890,Integration,2450660,Open,1837995.0
A01891,Infrastructure,1634552,Closed,0.0
A01891,AI & ML,387200,Open,290400.0
A01892,Applications,3068015,Open,2301011.25
A01892,Integration,978900,Lost,0.0
A01893,AI & ML,1976251,Open,1482188.25
A01893,Integration,3068567,Open,2301425.25
A01894,Infrastructure,5461898,Open,4096423.5
A01894,Analytics & Data,1659629,Open,1244721.75
A01894,Applications,690517,Open,517887.75
A01895,Applications,1150035,Lost,0.0
A01895,Integration,6385091,Won,0.0
A01896,AI & ML,1344487,Open,1008365.25
A01896,Integration,1779336,Open,1334502.0
A01897,Infrastructure,589674,Open,442255.5
A01897,AI & ML,1270412,Lost,0.0
A01898,Analytics & Data,760001,Open,570000.75
A01898,Applications,2747229,Open,2060421.75
A01899,Infrastructure,763476,Open,572607.0
A01899,Analytics & Data,720205,Open,540153.75
A01899,AI & ML,402145,Open,301608.75
A01899,Applications,4780172,Open,3585129.0
A01900,Database,5810197,Open,4357647.75
A01900,Integration,1686029,Open,1264521.75
A01901,Analytics & Data,1135942,Open,851956.5
A01901,AI & ML,8414537,Open,6310902.75
A01901,Security,1633144,Open,1224858.0
A01901,Applications,1107945,Open,830958.75
A01902,Infrastructure,3450752,Open,2588064.0
A01902,Security,5724369,Open,4293276.75
A01903,Analytics & Data,1054923,Open,791192.25
A01903,AI & ML,919096,Closed,0.0
A01904,Applications,4213435,Open,3160076.25
A01905,Infrastructure,997697,Open,748272.75
A01905,Database,684296,Open,513222.0
A01905,AI & ML,2258643,Won,0.0
A01905,Security,1920806,Open,1440604.5
A01906,Security,334314,Open,250735.5
A01907,Applications,553203,Open,414902.25
A01907,Integration,2606451,Open,1954838.25
A01908,Applications,1938884,Open,1454163.0
A01909,Applications,7750839,Won,0.0
A01910,Infrastructure,2642721,Open,1982040.75
A01910,Database,5493357,Open,4120017.75
A01911,Database,824382,Open,618286.5
A01911,Analytics & Data,2905243,Lost,0.0
A01911,AI & ML,1060764,Lost,0.0
A01911,Integration,2013936,Open,1510452.0
A01912,Analytics & Data,1599237,Open,1199427.75
A01912,AI & ML,4731451,Open,3548588.25
A01912,Security,518372,Open,388779.0
A01912,Applications,1347996,Lost,0.0
A01913,Infrastructure,764445,Open,573333.75
A01913,Security,1017788,Open,763341.0
A01913,Applications,1592331,Open,1194248.25
A01914,Infrastructure,2384748,Open,1788561.0
A01914,Database,1006553,Open,754914.75
A01914,Analytics & Data,291785,Closed,0.0
A01914,Applications,894557,Open,670917.75
A01915,Infrastructure,1019807,Open,764855.25
A01915,Security,1117717,Open,838287.75
A01916,Database,635344,Open,476508.0
A01916,Analytics & Data,331868,Won,0.0
A01916,AI & ML,1353921,Lost,0.0
A01916,Security,1698976,Open,1274232.0
A01916,Applications,838118,Lost,0.0
A01917,Applications,1216711,Lost,0.0
A01918,Infrastructure,2399622,Open,1799716.5
A01918,Database,1073214,Open,804910.5
A01918,Analytics & Data,1401896,Open,1051422.0
A01918,Applications,3184348,Open,2388261.0
A01919,Infrastructure,2133229,Closed,0.0
A01919,Database,854499,Closed,0.0
A01919,Analytics & Data,3445992,Open,2584494.0
A01919,AI & ML,899975,Open,674981.25
A01919,Security,860630,Closed,0.0
A01920,Database,916685,Closed,0.0
A01920,Security,3498090,Won,0.0
A01920,Applications,1277191,Open,957893.25
A01920,Integration,1454412,Open,1090809.0
A01921,Database,327700,Won,0.0
A01921,Applications,1898344,Won,0.0
A01921,Integration,1253792,Open,940344.0
A01922,Infrastructure,757032,Open,567774.0
A01922,Security,2889316,Won,0.0
A01922,Applications,1916055,Open,1437041.25
A01923,Analytics & Data,385901,Open,289425.75
A01923,Security,1818908,Closed,0.0
A01924,Integration,1220205,Open,915153.75
A01925,Applications,1915913,Open,1436934.75
A01925,Integration,933506,Open,700129.5
A01926,Database,1576563,Open,1182422.25
A01927,Integration,370550,Open,277912.5
A01928,Database,1047717,Open,785787.75
A01928,Analytics & Data,1795307,Open,1346480.25
A01928,AI & ML,591160,Open,443370.0
A01928,Security,1524084,Open,1143063.0
A01928,Applications,3574170,Open,2680627.5
A01929,Infrastructure,2367136,Open,1775352.0
A01929,Database,1284312,Open,963234.0
A01929,AI & ML,468590,Lost,0.0
A01929,Security,711283,Open,533462.25
A01930,Database,701161,Open,525870.75
A01930,Security,2639578,Lost,0.0
A01930,Applications,919262,Open,689446.5
A01931,Database,4273616,Open,3205212.0
A01931,AI & ML,816310,Open,612232.5
A01932,Analytics & Data,7290919,Open,5468189.25
A01933,Infrastructure,5074330,Open,3805747.5
A01933,Analytics & Data,2273122,Open,1704841.5
A01933,Security,1458144,Open,1093608.0
A01934,AI & ML,598486,Open,448864.5
A01934,Applications,2419555,Open,1814666.25
A01935,Integration,526790,Lost,0.0
A01936,AI & ML,2014503,Open,1510877.25
A01937,Analytics & Data,1018779,Open,764084.25
A01938,Database,1949512,Open,1462134.0
A01938,Analytics & Data,1027174,Open,770380.5
A01938,AI & ML,732604,Open,549453.0
A01938,Integration,6298063,Open,4723547.25
A01939,Database,1511249,Open,1133436.75
A01939,Analytics & Data,376041,Open,282030.75
A01940,Infrastructure,736479,Open,552359.25
A01940,Database,5621508,Lost,0.0
A01940,AI & ML,1020169,Open,765126.75
A01941,Analytics & Data,1143279,Open,857459.25
A01942,Infrastructure,352453,Open,264339.75
A01942,Applications,1834018,Won,0.0
A01943,Analytics & Data,1924315,Open,1443236.25
A01943,Applications,687087,Open,515315.25
A01943,Integration,676154,Open,507115.5
A01944,Database,545358,Open,409018.5
A01944,Security,963664,Open,722748.0
A01944,Integration,6826602,Open,5119951.5
A01945,Infrastructure,2729021,Open,2046765.75
A01945,Security,2892644,Open,2169483.0
A01946,Infrastructure,1263436,Open,947577.0
A01946,Analytics & Data,451255,Lost,0.0
A01948,Infrastructure,2293811,Open,1720358.25
A01949,Database,1008447,Open,756335.25
A01949,Analytics & Data,3173746,Open,2380309.5
A01949,AI & ML,632338,Open,474253.5
A01949,Applications,1003191,Open,752393.25
A01950,Infrastructure,7429010,Open,5571757.5
A01950,Database,418038,Open,313528.5
A01950,Applications,1234754,Open,926065.5
A01951,AI & ML,3729273,Open,2796954.75
A01951,Applications,1344912,Open,1008684.0
A01954,Analytics & Data,1316678,Lost,0.0
A01954,AI & ML,495678,Open,371758.5
A01955,Infrastructure,803882,Open,602911.5
A01955,AI & ML,5791508,Open,4343631.0
A01956,Security,7163336,Lost,0.0
A01956,Applications,1713723,Open,1285292.25
A01956,Integration,1234467,Open,925850.25
A01957,Analytics & Data,2107793,Closed,0.0
A01957,Applications,1928627,Lost,0.0
A01958,Infrastructure,804066,Open,603049.5
A01958,AI & ML,1443753,Open,1082814.75
A01958,Security,639930,Open,479947.5
A01958,Applications,501982,Open,376486.5
A01959,Analytics & Data,1917006,Open,1437754.5
A01960,Infrastructure,1243244,Open,932433.0
A01960,Analytics & Data,3477287,Open,2607965.25
A01960,Security,1385145,Open,1038858.75
A01961,Infrastructure,1959926,Open,1469944.5
A01961,AI & ML,319027,Won,0.0
A01962,Analytics & Data,3922346,Open,2941759.5
A01962,AI & ML,826931,Open,620198.25
A01962,Security,1185145,Open,888858.75
A01963,Analytics & Data,732855,Open,549641.25
A01963,Security,1309218,Open,981913.5
A01963,Applications,195765,Open,146823.75
A01963,Integration,4228838,Open,3171628.5
A01964,Analytics & Data,2276536,Open,1707402.0
A01964,Security,2136701,Open,1602525.75
A01965,Database,1064470,Open,798352.5
A01965,Security,3251910,Open,2438932.5
A01966,Analytics & Data,5890002,Open,4417501.5
A01966,Security,829669,Open,622251.75
A01968,Infrastructure,2759120,Open,2069340.0
A01968,Database,1559695,Open,1169771.25
A01968,Analytics & Data,3321725,Open,2491293.75
A01968,AI & ML,566851,Open,425138.25
A01969,Applications,1473624,Open,1105218.0
A01969,Integration,817579,Open,613184.25
A01970,Analytics & Data,2789242,Lost,0.0
A01971,Infrastructure,1162663,Open,871997.25
A01971,Database,4921686,Open,3691264.5
A01971,Security,916262,Closed,0.0
A01972,Database,1934497,Open,1450872.75
A01972,Security,2339926,Open,1754944.5
A01972,Applications,499437,Open,374577.75
A01974,Applications,998225,Open,748668.75
A01974,Integration,1392853,Open,1044639.75
A01975,AI & ML,2104330,Lost,0.0
A01975,Security,1449614,Open,1087210.5
A01975,Applications,1122968,Open,842226.0
A01975,Integration,1724810,Open,1293607.5
A01976,Infrastructure,733562,Lost,0.0
A01976,Database,954663,Lost,0.0
A01976,Applications,899536,Open,674652.0
A01977,Infrastructure,1430001,Open,1072500.75
A01978,AI & ML,3273231,Won,0.0
A01978,Applications,1531755,Open,1148816.25
A01979,Database,3032317,Open,2274237.75
A01979,AI & ML,1708303,Open,1281227.25
A01979,Security,421379,Won,0.0
A01979,Applications,1602060,Lost,0.0
A01979,Integration,659773,Lost,0.0
A01980,Analytics & Data,1580811,Open,1185608.25
A01980,AI & ML,1129293,Closed,0.0
A01980,Security,2670714,Lost,0.0
A01981,Security,3786307,Open,2839730.25
A01981,Applications,2620683,Lost,0.0
A01981,Integration,1358266,Open,1018699.5
A01982,Analytics & Data,2834745,Open,2126058.75
A01982,Applications,1617857,Open,1213392.75
A01982,Integration,2641508,Open,1981131.0
A01983,AI & ML,6040307,Open,4530230.25
A01983,Security,1273541,Open,955155.75
A01984,Security,3826050,Open,2869537.5
A01985,Database,954517,Open,715887.75
A01985,Analytics & Data,1082137,Open,811602.75
A01985,Applications,2686786,Won,0.0
A01986,Database,727010,Open,545257.5
A01986,Integration,3914072,Closed,0.0
A01987,Database,1501423,Open,1126067.25
A01987,AI & ML,925390,Open,694042.5
A01987,Security,1513137,Open,1134852.75
A01988,Database,886761,Lost,0.0
A01988,Applications,616658,Lost,0.0
A01988,Integration,2127152,Open,1595364.0
A01989,Database,2430979,Open,1823234.25
A01989,Analytics & Data,2548883,Open,1911662.25
A01989,Applications,712000,Open,534000.0
A01989,Integration,6795354,Closed,0.0
A01990,Infrastructure,3568422,Open,2676316.5
A01990,Database,2168833,Closed,0.0
A01990,Analytics & Data,1602524,Open,1201893.0
A01990,Security,586101,Closed,0.0
A01991,Database,791393,Lost,0.0
A01991,Security,2189513,Open,1642134.75
A01991,Applications,957093,Open,717819.75
A01992,Infrastructure,212422,Open,159316.5
A01992,AI & ML,351912,Open,263934.0
A01992,Integration,2698528,Open,2023896.0
A01993,Infrastructure,301686,Lost,0.0
A01993,Database,773953,Closed,0.0
A01993,Analytics & Data,703527,Open,527645.25
A01994,Infrastructure,888433,Open,666324.75
A01994,Analytics & Data,1491926,Open,1118944.5
A01994,AI & ML,705301,Open,528975.75
A01994,Security,1282180,Open,961635.0
A01995,Infrastructure,1399223,Won,0.0
A01995,Database,1331786,Open,998839.5
A01995,Analytics & Data,977756,Won,0.0
A01995,AI & ML,779975,Won,0.0
A01995,Applications,350852,Open,263139.0
A01995,Integration,806515,Won,0.0
A01996,Applications,1275861,Open,956895.75
A01997,Database,166573,Open,124929.75
A01997,Analytics & Data,5626919,Open,4220189.25
A01997,Integration,3172096,Open,2379072.0
A01998,Database,1284072,Open,963054.0
A01998,Analytics & Data,3638771,Open,2729078.25
A01998,Integration,1101586,Open,826189.5
A01999,Analytics & Data,2619302,Closed,0.0
A01999,Security,2432166,Open,1824124.5
A01999,Applications,907552,Open,680664.0
A01999,Integration,933543,Open,700157.25
A02000,Database,1495318,Lost,0.0
A02000,Analytics & Data,1946031,Open,1459523.25
A02001,AI & ML,3982188,Open,2986641.0
A02001,Applications,3117393,Open,2338044.75
A02002,Integration,1412969,Open,1059726.75
A02003,Infrastructure,1012448,Open,759336.0
A02003,Database,430468,Open,322851.0
A02004,Database,1145137,Open,858852.75
A02004,Analytics & Data,1247189,Open,935391.75
A02005,Database,331342,Closed,0.0
A02005,AI & ML,563535,Open,422651.25
A02005,Security,679952,Closed,0.0
A02005,Integration,2191202,Open,1643401.5
A02006,Database,307772,Open,230829.0
A02006,Analytics & Data,4208815,Open,3156611.25
A02006,AI & ML,1813121,Open,1359840.75
A02006,Security,1333457,Open,1000092.75
A02007,Infrastructure,406597,Open,304947.75
A02007,Analytics & Data,1456568,Open,1092426.0
A02007,Security,4641267,Won,0.0
A02008,Database,771344,Closed,0.0
A02008,Security,503668,Open,377751.0
A02008,Integration,2486577,Open,1864932.75
A02009,Database,595022,Open,446266.5
A02009,Analytics & Data,1994192,Open,1495644.0
A02009,Integration,1429365,Open,1072023.75
A02010,Infrastructure,1490353,Open,1117764.75
A02010,Database,782937,Open,587202.75
A02011,Infrastructure,1937981,Open,1453485.75
A02011,Database,749499,Open,562124.25
A02011,AI & ML,2317883,Open,1738412.25
A02011,Integration,2951962,Open,2213971.5
A02012,AI & ML,2784772,Open,2088579.0
A02012,Security,1958256,Open,1468692.0
A02013,Infrastructure,868151,Lost,0.0
A02013,AI & ML,1469237,Open,1101927.75
A02013,Security,1852123,Won,0.0
A02014,Infrastructure,3193849,Closed,0.0
A02014,Analytics & Data,5602071,Open,4201553.25
A02014,Applications,1106480,Open,829860.0
A02014,Integration,3890182,Closed,0.0
A02015,Infrastructure,1415217,Open,1061412.75
A02015,Analytics & Data,354488,Open,265866.0
A02015,AI & ML,1100534,Open,825400.5
A02015,Security,8114698,Lost,0.0
A02015,Integration,2829274,Open,2121955.5
A02016,Infrastructure,1096586,Won,0.0
A02016,Database,1104694,Open,828520.5
A02016,Analytics & Data,827129,Lost,0.0
A02016,Security,1764445,Open,1323333.75
A02016,Applications,2149892,Won,0.0
A02017,Analytics & Data,5632253,Won,0.0
A02017,Security,2073903,Open,1555427.25
A02018,Infrastructure,897552,Closed,0.0
A02018,Database,3487954,Open,2615965.5
A02019,Security,5205971,Lost,0.0
A02019,Applications,1346150,Open,1009612.5
A02020,Infrastructure,653566,Open,490174.5
A02020,Analytics & Data,1075874,Open,806905.5
A02021,Security,2504192,Open,1878144.0
A02022,Database,653592,Open,490194.0
A02022,Applications,2832628,Open,2124471.0
A02023,Database,2858385,Closed,0.0
A02023,Security,7203563,Open,5402672.25
A02024,Security,1167886,Open,875914.5
A02024,Applications,2243900,Open,1682925.0
A02025,Database,1247901,Won,0.0
A02025,AI & ML,1112871,Open,834653.25
A02025,Security,5750787,Open,4313090.25
A02025,Integration,1236521,Open,927390.75
A02026,Infrastructure,1091275,Open,818456.25
A02026,AI & ML,602934,Open,452200.5
A02026,Security,4734231,Lost,0.0
A02026,Applications,684237,Open,513177.75
A02027,AI & ML,1177671,Open,883253.25
A02027,Applications,645541,Closed,0.0
A02028,Database,5189103,Open,3891827.25
A02029,Database,939394,Lost,0.0
A02029,Analytics & Data,1399994,Won,0.0
A02029,Security,1532965,Open,1149723.75
A02029,Applications,3743082,Closed,0.0
A02029,Integration,2232590,Open,1674442.5
A02030,Analytics & Data,1240054,Open,930040.5
A02030,Applications,1237082,Open,927811.5
A02031,Infrastructure,1683834,Open,1262875.5
A02031,AI & ML,6043739,Won,0.0
A02031,Security,658317,Lost,0.0
A02031,Applications,1749915,Open,1312436.25
A02032,Infrastructure,174806,Open,131104.5
A02032,Applications,834738,Open,626053.5
A02033,Security,1357289,Won,0.0
A02034,Database,861514,Open,646135.5
A02034,Security,2226671,Open,1670003.25
A02035,Infrastructure,1188880,Open,891660.0
A02035,AI & ML,4898764,Open,3674073.0
A02035,Applications,642668,Open,482001.0
A02036,Database,2985828,Won,0.0
A02036,Analytics & Data,2007232,Open,1505424.0
A02036,Applications,3743867,Open,2807900.25
A02037,AI & ML,1114670,Won,0.0
A02037,Applications,3236596,Open,2427447.0
A02037,Integration,2433192,Lost,0.0
A02038,Database,2476526,Open,1857394.5
A02038,AI & ML,729446,Open,547084.5
A02038,Applications,675853,Open,506889.75
A02039,Database,1752372,Open,1314279.0
A02040,Infrastructure,3564772,Open,2673579.0
A02040,AI & ML,961989,Open,721491.75
A02041,Infrastructure,1478030,Open,1108522.5
A02041,Security,2322339,Open,1741754.25
A02041,Applications,412545,Open,309408.75
A02041,Integration,1627004,Lost,0.0
A02042,Security,449641,Lost,0.0
A02042,Applications,2496300,Open,1872225.0
A02043,Applications,2377576,Open,1783182.0
A02045,Database,2605797,Open,1954347.75
A02045,Applications,640865,Open,480648.75
A02046,Infrastructure,1731072,Open,1298304.0
A02046,Database,398237,Open,298677.75
A02046,AI & ML,713504,Won,0.0
A02046,Security,1421032,Open,1065774.0
A02046,Applications,419531,Closed,0.0
A02047,Integration,1412798,Open,1059598.5
A02048,Infrastructure,2518203,Won,0.0
A02048,Database,1696042,Open,1272031.5
A02048,Security,8644632,Open,6483474.0
A02049,Infrastructure,1232632,Open,924474.0
A02049,Security,463115,Open,347336.25
A02050,AI & ML,2019144,Won,0.0
A02050,Integration,849804,Open,637353.0
A02051,Database,5152647,Open,3864485.25
A02051,Analytics & Data,2041392,Open,1531044.0
A02051,Integration,2083421,Open,1562565.75
A02052,Analytics & Data,3690972,Open,2768229.0
A02052,Integration,2054677,Open,1541007.75
A02053,Security,2069040,Lost,0.0
A02053,Applications,1923627,Open,1442720.25
A02054,Database,759312,Open,569484.0
A02054,AI & ML,416971,Open,312728.25
A02054,Security,2946391,Open,2209793.25
A02054,Applications,674579,Open,505934.25
A02054,Integration,1569032,Lost,0.0
A02055,Database,1649846,Open,1237384.5
A02055,Security,817400,Open,613050.0
A02055,Integration,1317002,Open,987751.5
A02056,Analytics & Data,452172,Closed,0.0
A02056,AI & ML,1003853,Won,0.0
A02057,Infrastructure,2096648,Open,1572486.0
A02057,Database,2608988,Open,1956741.0
A02057,Analytics & Data,3402923,Open,2552192.25
A02057,AI & ML,656827,Closed,0.0
A02057,Applications,3915804,Open,2936853.0
A02057,Integration,503994,Open,377995.5
A02058,Security,672339,Open,504254.25
A02058,Integration,549312,Open,411984.0
A02060,Infrastructure,4700989,Open,3525741.75
A02061,Infrastructure,1072177,Open,804132.75
A02061,Database,431928,Open,323946.0
A02062,Database,1057875,Lost,0.0
A02063,Infrastructure,790531,Open,592898.25
A02063,Applications,4262902,Open,3197176.5
A02064,Integration,786906,Open,590179.5
A02065,Database,1443407,Won,0.0
A02066,Infrastructure,713837,Won,0.0
A02067,Infrastructure,147901,Open,110925.75
A02067,Analytics & Data,2096417,Closed,0.0
A02068,Infrastructure,950202,Open,712651.5
A02069,Database,1186249,Open,889686.75
A02069,Analytics & Data,593109,Lost,0.0
A02069,Applications,1228018,Closed,0.0
A02069,Integration,6001009,Lost,0.0
A02070,Applications,1583546,Won,0.0
A02070,Integration,632661,Open,474495.75
A02071,Infrastructure,5001088,Won,0.0
A02071,AI & ML,2605649,Open,1954236.75
A02072,Infrastructure,849769,Open,637326.75
A02072,Database,1544839,Closed,0.0
A02072,Security,1560453,Open,1170339.75
A02072,Applications,1454865,Closed,0.0
A02073,Security,569106,Open,426829.5
A02074,Security,345389,Open,259041.75
A02074,Applications,747929,Open,560946.75
A02075,Infrastructure,4112111,Closed,0.0
A02075,Database,3292554,Open,2469415.5
A02075,Analytics & Data,1682116,Open,1261587.0
A02076,Database,1350436,Open,1012827.0
A02076,Integration,1226627,Open,919970.25
A02077,Database,2192597,Open,1644447.75
A02077,AI & ML,3110288,Open,2332716.0
A02077,Security,2274535,Open,1705901.25
A02078,AI & ML,2573110,Open,1929832.5
A02078,Applications,1347882,Won,0.0
A02079,Infrastructure,5385688,Open,4039266.0
A02079,Analytics & Data,1148923,Won,0.0
A02079,Security,881122,Won,0.0
A02079,Integration,1836817,Won,0.0
A02080,Analytics & Data,850720,Open,638040.0
A02080,Integration,1656795,Won,0.0
A02081,Database,8902892,Won,0.0
A02082,Security,780925,Open,585693.75
A02083,Database,677068,Lost,0.0
A02083,Analytics & Data,331563,Open,248672.25
A02083,Applications,2956499,Open,2217374.25
A02083,Integration,870587,Won,0.0
A02084,Infrastructure,679638,Lost,0.0
A02084,Database,1549038,Open,1161778.5
A02084,Analytics & Data,1197636,Open,898227.0
A02084,Security,591581,Open,443685.75
A02085,Infrastructure,330291,Open,247718.25
A02085,Database,5878555,Won,0.0
A02085,AI & ML,4848375,Lost,0.0
A02085,Applications,4976351,Won,0.0
A02086,Infrastructure,951112,Closed,0.0
A02086,Database,3083228,Lost,0.0
A02086,Security,1833077,Open,1374807.75
A02086,Applications,1399526,Lost,0.0
A02086,Integration,998346,Open,748759.5
A02087,Infrastructure,896857,Open,672642.75
A02087,Database,3274067,Open,2455550.25
A02087,Analytics & Data,298391,Closed,0.0
A02087,AI & ML,1443767,Lost,0.0
A02087,Applications,464078,Open,348058.5
A02087,Integration,971454,Open,728590.5
A02088,Database,765806,Won,0.0
A02089,Analytics & Data,907301,Open,680475.75
A02089,Applications,3567922,Open,2675941.5
A02089,Integration,1298353,Lost,0.0
A02090,Database,2429313,Won,0.0
A02091,Security,1568370,Lost,0.0
A02092,Analytics & Data,1179188,Closed,0.0
A02092,Applications,2024676,Won,0.0
A02093,Infrastructure,653577,Open,490182.75
A02093,Integration,707925,Open,530943.75
A02094,Infrastructure,878532,Open,658899.0
A02095,Infrastructure,539873,Open,404904.75
A02095,Integration,1624527,Open,1218395.25
A02096,Analytics & Data,3884696,Lost,0.0
A02096,Security,758592,Closed,0.0
A02096,Applications,1567268,Open,1175451.0
A02097,Database,1199988,Lost,0.0
A02097,AI & ML,737042,Open,552781.5
A02097,Applications,656353,Open,492264.75
A02098,Applications,2881784,Open,2161338.0
A02099,Infrastructure,1520485,Open,1140363.75
A02099,AI & ML,3298578,Open,2473933.5
A02100,Applications,1771386,Open,1328539.5
A02101,Infrastructure,515665,Open,386748.75
A02101,AI & ML,1651807,Open,1238855.25
A02101,Integration,2431758,Open,1823818.5
A02102,Infrastructure,3887126,Won,0.0
A02102,Database,675761,Open,506820.75
A02102,AI & ML,968557,Won,0.0
A02103,AI & ML,3205045,Closed,0.0
A02103,Applications,3361698,Open,2521273.5
A02103,Integration,337993,Open,253494.75
A02104,Infrastructure,1165585,Won,0.0
A02104,Analytics & Data,1867557,Open,1400667.75
A02104,Security,2137896,Open,1603422.0
A02104,Applications,5264472,Open,3948354.0
A02105,Analytics & Data,1070296,Open,802722.0
A02106,Database,2409549,Open,1807161.75
A02106,Security,1100311,Won,0.0
A02107,Analytics & Data,2637328,Open,1977996.0
A02107,AI & ML,2982617,Open,2236962.75
A02107,Integration,1686581,Closed,0.0
A02108,Database,2442752,Lost,0.0
A02108,Applications,2071091,Open,1553318.25
A02109,Database,1855922,Open,1391941.5
A02109,Analytics & Data,483009,Open,362256.75
A02109,Security,2894995,Open,2171246.25
A02109,Integration,2092306,Open,1569229.5
A02110,Infrastructure,2915712,Lost,0.0
A02110,Security,2236157,Open,1677117.75
A02110,Integration,1279111,Lost,0.0
A02111,Database,1594160,Open,1195620.0
A02111,AI & ML,6053592,Open,4540194.0
A02112,Database,1003732,Open,752799.0
A02113,Database,4026858,Open,3020143.5
A02113,AI & ML,629173,Open,471879.75
A02114,AI & ML,3148275,Won,0.0
A02114,Applications,602828,Closed,0.0
A02114,Integration,3903764,Open,2927823.0
A02115,Infrastructure,3494505,Open,2620878.75
A02115,Database,1617852,Open,1213389.0
A02115,AI & ML,3077982,Won,0.0
A02115,Security,645181,Closed,0.0
A02115,Applications,735978,Lost,0.0
A02115,Integration,3401633,Open,2551224.75
A02117,Analytics & Data,990954,Open,743215.5
A02117,Applications,1556872,Won,0.0
A02117,Integration,2110117,Open,1582587.75
A02118,Infrastructure,678241,Lost,0.0
A02118,Applications,674885,Won,0.0
A02118,Integration,273427,Won,0.0
A02119,Analytics & Data,1677106,Closed,0.0
A02120,Infrastructure,2229887,Won,0.0
A02120,Database,1625744,Open,1219308.0
A02122,Analytics & Data,956623,Open,717467.25
A02122,AI & ML,5701445,Open,4276083.75
A02123,Infrastructure,1847426,Lost,0.0
A02123,Security,746194,Open,559645.5
A02124,Infrastructure,1067053,Open,800289.75
A02124,Analytics & Data,816586,Open,612439.5
A02124,Integration,10719447,Won,0.0
A02125,AI & ML,1658301,Open,1243725.75
A02125,Applications,4188342,Open,3141256.5
A02125,Integration,1427866,Open,1070899.5
A02126,Infrastructure,1792862,Won,0.0
A02126,Analytics & Data,5486291,Open,4114718.25
A02126,Integration,846606,Won,0.0
A02127,Infrastructure,2646288,Open,1984716.0
A02127,Database,3233024,Open,2424768.0
A02127,AI & ML,4955545,Open,3716658.75
A02127,Security,4985297,Lost,0.0
A02127,Integration,1594775,Open,1196081.25
A02128,Database,812055,Open,609041.25
A02129,Analytics & Data,1714703,Open,1286027.25
A02129,Integration,2206588,Open,1654941.0
A02131,AI & ML,1982892,Open,1487169.0
A02131,Security,776385,Lost,0.0
A02132,Database,1775591,Lost,0.0
A02132,Security,823561,Open,617670.75
A02132,Applications,1486031,Open,1114523.25
A02132,Integration,4007333,Closed,0.0
A02133,Database,6447784,Open,4835838.0
A02133,AI & ML,1550614,Open,1162960.5
A02134,Infrastructure,2825359,Open,2119019.25
A02134,Analytics & Data,6441982,Open,4831486.5
A02134,Integration,1524722,Won,0.0
A02135,Infrastructure,3820899,Won,0.0
A02136,Database,4601515,Open,3451136.25
A02136,Analytics & Data,1454811,Lost,0.0
A02136,AI & ML,1460790,Open,1095592.5
A02136,Security,4506567,Lost,0.0
A02137,Infrastructure,2376294,Open,1782220.5
A02137,Analytics & Data,1047594,Won,0.0
A02137,AI & ML,746459,Closed,0.0
A02137,Integration,896271,Closed,0.0
A02138,Analytics & Data,539108,Lost,0.0
A02138,AI & ML,3015982,Lost,0.0
A02138,Applications,549443,Open,412082.25
A02138,Integration,1948001,Open,1461000.75
A02139,Database,2453009,Won,0.0
A02139,Security,766456,Open,574842.0
A02139,Applications,1240761,Open,930570.75
A02140,Applications,1003435,Lost,0.0
A02141,Applications,1132639,Open,849479.25
A02142,Infrastructure,1941220,Open,1455915.0
A02142,AI & ML,818722,Won,0.0
A02142,Applications,1982626,Open,1486969.5
A02142,Integration,3613718,Lost,0.0
A02143,Database,999834,Open,749875.5
A02143,Analytics & Data,490436,Lost,0.0
A02143,Security,1629274,Open,1221955.5
A02143,Integration,2246728,Closed,0.0
A02144,Database,1536377,Open,1152282.75
A02144,Analytics & Data,2597505,Open,1948128.75
A02144,AI & ML,508200,Open,381150.0
A02144,Integration,922226,Won,0.0
A02145,Database,832390,Open,624292.5
A02145,Security,5503569,Open,4127676.75
A02146,Database,2323354,Open,1742515.5
A02146,AI & ML,2402388,Open,1801791.0
A02146,Applications,1174905,Open,881178.75
A02146,Integration,2492515,Won,0.0
A02147,Security,3165922,Open,2374441.5
A02147,Applications,3620854,Open,2715640.5
A02147,Integration,574888,Open,431166.0
A02148,Applications,3696789,Open,2772591.75
A02149,AI & ML,1732702,Open,1299526.5
A02150,AI & ML,941637,Open,706227.75
A02150,Security,2594610,Open,1945957.5
A02150,Integration,2792405,Open,2094303.75
A02151,Integration,1025705,Open,769278.75
A02152,Integration,827461,Open,620595.75
A02153,Infrastructure,302923,Open,227192.25
A02153,Security,2808063,Open,2106047.25
A02153,Applications,5203340,Open,3902505.0
A02154,Infrastructure,814230,Won,0.0
A02154,AI & ML,622002,Open,466501.5
A02154,Integration,943319,Lost,0.0
A02155,Security,2487454,Open,1865590.5
A02155,Applications,707811,Open,530858.25
A02156,Infrastructure,495736,Lost,0.0
A02156,Database,1907047,Open,1430285.25
A02156,Integration,653562,Open,490171.5
A02157,Database,915541,Open,686655.75
A02158,Infrastructure,3185668,Won,0.0
A02158,Analytics & Data,828936,Open,621702.0
A02158,AI & ML,2051947,Open,1538960.25
A02158,Applications,538329,Open,403746.75
A02159,Infrastructure,1542879,Open,1157159.25
A02159,Database,3655547,Lost,0.0
A02159,Security,1215281,Open,911460.75
A02159,Applications,3684957,Open,2763717.75
A02159,Integration,628699,Open,471524.25
A02160,Analytics & Data,609124,Open,456843.0
A02161,AI & ML,1089685,Open,817263.75
A02161,Security,2376875,Open,1782656.25
A02161,Applications,239735,Closed,0.0
A02162,Integration,2869897,Lost,0.0
A02163,Analytics & Data,5054965,Open,3791223.75
A02163,Applications,1066186,Open,799639.5
A02164,Applications,2100828,Open,1575621.0
A02164,Integration,1670359,Won,0.0
A02165,Analytics & Data,882128,Open,661596.0
A02165,Integration,3526382,Open,2644786.5
A02166,Analytics & Data,3950906,Open,2963179.5
A02166,Applications,2339693,Lost,0.0
A02167,Database,845170,Open,633877.5
A02167,Security,1604534,Open,1203400.5
A02168,Analytics & Data,1554481,Won,0.0
A02168,Applications,7867934,Open,5900950.5
A02169,Analytics & Data,638468,Open,478851.0
A02170,Database,713748,Open,535311.0
A02170,Analytics & Data,995801,Open,746850.75
A02170,AI & ML,503456,Lost,0.0
A02170,Applications,3124156,Open,2343117.0
A02170,Integration,616704,Open,462528.0
A02171,Infrastructure,1056985,Lost,0.0
A02171,Database,4902978,Open,3677233.5
A02171,Security,2210308,Won,0.0
A02171,Integration,327741,Closed,0.0
A02172,Database,1511162,Open,1133371.5
A02172,Analytics & Data,602940,Open,452205.0
A02172,Integration,2037924,Open,1528443.0
A02173,AI & ML,1659002,Open,1244251.5
A02174,Analytics & Data,420986,Open,315739.5
A02174,Applications,612682,Lost,0.0
A02174,Integration,1442147,Open,1081610.25
A02175,Infrastructure,1378025,Won,0.0
A02175,Security,8422372,Lost,0.0
A02175,Integration,2045060,Open,1533795.0
A02176,Infrastructure,823511,Open,617633.25
A02176,AI & ML,2791778,Open,2093833.5
A02176,Applications,881444,Lost,0.0
A02177,Infrastructure,1960006,Open,1470004.5
A02177,AI & ML,978506,Lost,0.0
A02178,Infrastructure,832224,Open,624168.0
A02178,Applications,4138028,Open,3103521.0
A02179,AI & ML,1331399,Open,998549.25
A02180,Database,891468,Won,0.0
A02180,Integration,1547092,Open,1160319.0
A02181,Infrastructure,3750021,Open,2812515.75
A02181,Security,2158408,Open,1618806.0
A02181,Integration,861072,Open,645804.0
A02182,Analytics & Data,1008499,Open,756374.25
A02182,AI & ML,1913550,Won,0.0
A02183,Infrastructure,2950855,Closed,0.0
A02183,Database,789807,Won,0.0
A02183,Security,2251043,Lost,0.0
A02183,Applications,885855,Open,664391.25
A02184,Applications,1319131,Won,0.0
A02185,AI & ML,771662,Won,0.0
A02185,Security,2801003,Open,2100752.25
A02186,AI & ML,1293044,Open,969783.0
A02186,Security,2225330,Won,0.0
A02186,Integration,539836,Open,404877.0
A02187,Infrastructure,760615,Open,570461.25
A02187,AI & ML,984678,Open,738508.5
A02187,Security,369791,Closed,0.0
A02188,Infrastructure,1856435,Lost,0.0
A02188,Database,1605664,Closed,0.0
A02188,Integration,1569531,Open,1177148.25
A02189,Infrastructure,479963,Lost,0.0
A02189,Analytics & Data,5214209,Open,3910656.75
A02189,Security,1646281,Open,1234710.75
A02190,Infrastructure,617980,Won,0.0
A02190,Database,839109,Open,629331.75
A02190,AI & ML,2245085,Open,1683813.75
A02190,Security,2182897,Open,1637172.75
A02190,Applications,879261,Lost,0.0
A02191,Database,1032387,Open,774290.25
A02191,Analytics & Data,2335744,Open,1751808.0
A02191,AI & ML,603639,Open,452729.25
A02192,Database,2059142,Open,1544356.5
A02192,Applications,6662266,Open,4996699.5
A02193,Analytics & Data,1494995,Lost,0.0
A02193,AI & ML,1187108,Open,890331.0
A02193,Applications,1582944,Lost,0.0
A02194,Infrastructure,2736275,Open,2052206.25
A02194,Analytics & Data,1634029,Open,1225521.75
A02195,AI & ML,838056,Lost,0.0
A02195,Security,1012442,Open,759331.5
A02195,Integration,888345,Open,666258.75
A02196,Analytics & Data,765473,Lost,0.0
A02196,Security,821014,Lost,0.0
A02197,Database,1578704,Open,1184028.0
A02197,AI & ML,1431491,Open,1073618.25
A02197,Applications,1273153,Open,954864.75
A02197,Integration,1695278,Lost,0.0
A02198,Applications,1097938,Open,823453.5
A02198,Integration,1096726,Open,822544.5
A02199,Database,924152,Open,693114.0
A02199,AI & ML,662234,Open,496675.5
A02200,Analytics & Data,1219070,Open,914302.5
A02201,Security,946955,Lost,0.0
A02202,Database,2703031,Open,2027273.25
A02202,Analytics & Data,1349242,Won,0.0
A02202,Applications,871929,Won,0.0
A02202,Integration,2047074,Open,1535305.5
A02203,Analytics & Data,1804366,Open,1353274.5
A02203,Security,3950335,Open,2962751.25
A02203,Applications,2342936,Open,1757202.0
A02204,Infrastructure,4714245,Open,3535683.75
A02204,Database,3009220,Open,2256915.0
A02204,AI & ML,2235392,Open,1676544.0
A02204,Integration,848510,Open,636382.5
A02205,Database,1934927,Open,1451195.25
A02207,AI & ML,873940,Open,655455.0
A02208,Database,1920307,Lost,0.0
A02208,Security,559009,Open,419256.75
A02209,Analytics & Data,1831953,Open,1373964.75
A02209,AI & ML,1050174,Open,787630.5
A02210,Database,4441659,Open,3331244.25
A02211,Security,3013928,Won,0.0
A02211,Integration,1746812,Open,1310109.0
A02212,Infrastructure,1530003,Open,1147502.25
A02212,Integration,657532,Open,493149.0
A02213,Infrastructure,1358510,Open,1018882.5
A02213,Security,4361431,Open,3271073.25
A02213,Applications,1836846,Won,0.0
A02213,Integration,2366376,Lost,0.0
A02214,Analytics & Data,1052396,Open,789297.0
A02214,Security,920866,Open,690649.5
A02214,Integration,2177918,Open,1633438.5
A02215,Infrastructure,438231,Open,328673.25
A02215,Analytics & Data,3579760,Closed,0.0
A02216,Security,300023,Open,225017.25
A02217,Integration,793725,Won,0.0
A02218,Security,2762916,Won,0.0
A02220,Infrastructure,348089,Open,261066.75
A02220,Database,952344,Open,714258.0
A02220,Analytics & Data,1398899,Won,0.0
A02220,Security,1858642,Open,1393981.5
A02220,Applications,1467427,Open,1100570.25
A02221,Database,318481,Open,238860.75
A02221,AI & ML,2746894,Won,0.0
A02221,Integration,5844518,Open,4383388.5
A02222,Database,1291901,Won,0.0
A02223,Database,509240,Open,381930.0
A02223,Applications,1116724,Open,837543.0
A02224,Security,1969861,Open,1477395.75
A02225,Security,3415216,Open,2561412.0
A02226,Infrastructure,1578511,Won,0.0
A02227,Database,3247918,Closed,0.0
A02227,Security,1258951,Open,944213.25
A02227,Applications,7848300,Open,5886225.0
A02228,Database,5743150,Open,4307362.5
A02228,AI & ML,521474,Open,391105.5
A02228,Security,338458,Won,0.0
A02229,Analytics & Data,1230077,Lost,0.0
A02230,Applications,2182586,Won,0.0
A02231,AI & ML,1567178,Lost,0.0
A02231,Security,1630919,Open,1223189.25
A02231,Integration,747443,Open,560582.25
A02232,Analytics & Data,1466446,Open,1099834.5
A02232,AI & ML,661057,Open,495792.75
A02233,Database,1183666,Open,887749.5
A02233,Security,2022360,Open,1516770.0
A02233,Applications,543008,Open,407256.0
A02234,Infrastructure,603303,Lost,0.0
A02235,Infrastructure,2772848,Open,2079636.0
A02236,Infrastructure,1098170,Open,823627.5
A02236,AI & ML,1384877,Open,1038657.75
A02236,Security,1055862,Open,791896.5
A02236,Applications,1406868,Open,1055151.0
A02236,Integration,3624332,Open,2718249.0
A02238,Analytics & Data,6664436,Open,4998327.0
A02239,Security,2578691,Open,1934018.25
A02239,Integration,686304,Open,514728.0
A02240,AI & ML,889006,Closed,0.0
A02240,Security,620786,Won,0.0
A02240,Integration,1568760,Open,1176570.0
A02241,Security,2043062,Open,1532296.5
A02242,Infrastructure,524173,Open,393129.75
A02242,Analytics & Data,713296,Open,534972.0
A02242,Applications,2138156,Open,1603617.0
A02242,Integration,598938,Open,449203.5
A02243,AI & ML,2218624,Open,1663968.0
A02243,Integration,808019,Won,0.0
A02244,Infrastructure,3445233,Open,2583924.75
A02244,Database,3036452,Open,2277339.0
A02245,AI & ML,284649,Open,213486.75
A02245,Security,539115,Open,404336.25
A02245,Applications,2706615,Open,2029961.25
A02245,Integration,2142207,Open,1606655.25
A02246,Infrastructure,1543398,Open,1157548.5
A02246,Analytics & Data,1471940,Open,1103955.0
A02246,AI & ML,722204,Open,541653.0
A02247,Database,3594580,Open,2695935.0
A02247,Analytics & Data,1228713,Open,921534.75
A02247,AI & ML,2995833,Closed,0.0
A02247,Applications,349252,Open,261939.0
A02248,Analytics & Data,1008861,Open,756645.75
A02248,Security,3539560,Open,2654670.0
A02248,Applications,1834472,Open,1375854.0
A02248,Integration,4339290,Open,3254467.5
A02249,AI & ML,2378900,Open,1784175.0
A02250,Database,541268,Open,405951.0
A02250,AI & ML,1997814,Closed,0.0
A02250,Security,573577,Open,430182.75
A02251,Database,2860624,Open,2145468.0
A02251,Analytics & Data,1701168,Won,0.0
A02252,AI & ML,860061,Open,645045.75
A02253,Database,2530276,Open,1897707.0
A02253,Analytics & Data,1184468,Open,888351.0
A02253,Applications,1506836,Open,1130127.0
A02254,Infrastructure,428097,Won,0.0
A02254,Database,4320394,Lost,0.0
A02254,AI & ML,2596478,Open,1947358.5
A02254,Applications,4792551,Won,0.0
A02255,Security,2007139,Open,1505354.25
A02255,Integration,1745632,Open,1309224.0
A02256,Database,1486903,Open,1115177.25
A02256,Analytics & Data,3546595,Lost,0.0
A02256,AI & ML,640959,Lost,0.0
A02256,Security,2291074,Open,1718305.5
A02256,Integration,1839524,Open,1379643.0
A02257,Infrastructure,1533690,Won,0.0
A02257,Database,791083,Open,593312.25
A02257,Analytics & Data,3975689,Open,2981766.75
A02258,Database,1244995,Open,933746.25
A02258,Analytics & Data,2086567,Open,1564925.25
A02259,Database,859865,Won,0.0
A02259,Analytics & Data,3211187,Open,2408390.25
A02259,Security,566448,Open,424836.0
A02259,Integration,510583,Open,382937.25
A02260,Infrastructure,1306723,Open,980042.25
A02260,Database,1680259,Open,1260194.25
A02260,Security,2897126,Open,2172844.5
A02260,Applications,1604711,Won,0.0
A02261,Analytics & Data,1986234,Open,1489675.5
A02261,AI & ML,2555849,Open,1916886.75
A02261,Applications,1559529,Open,1169646.75
A02262,Database,2029313,Lost,0.0
A02262,Analytics & Data,1639989,Lost,0.0
A02262,Security,291644,Open,218733.0
A02262,Applications,1122303,Lost,0.0
A02264,Infrastructure,1673999,Open,1255499.25
A02264,Applications,2204059,Open,1653044.25
A02265,Applications,1414580,Open,1060935.0
A02267,Analytics & Data,322548,Open,241911.0
A02268,Security,1124190,Open,843142.5
A02269,Infrastructure,642205,Open,481653.75
A02269,Database,6232219,Closed,0.0
A02269,Analytics & Data,1095467,Open,821600.25
A02270,Database,1094365,Closed,0.0
A02270,AI & ML,833359,Open,625019.25
A02270,Integration,2998017,Open,2248512.75
A02271,Infrastructure,1776889,Lost,0.0
A02271,Database,325123,Open,243842.25
A02271,AI & ML,1800450,Open,1350337.5
A02271,Integration,2144133,Open,1608099.75
A02272,Database,745872,Open,559404.0
A02272,Analytics & Data,4208775,Closed,0.0
A02272,Security,655526,Open,491644.5
A02273,Applications,2512552,Open,1884414.0
A02275,Infrastructure,1871862,Won,0.0
A02275,Database,3318841,Open,2489130.75
A02275,Analytics & Data,511899,Open,383924.25
A02275,Security,305020,Open,228765.0
A02276,Database,2701864,Open,2026398.0
A02276,AI & ML,660511,Lost,0.0
A02277,Database,769737,Open,577302.75
A02277,Security,3422050,Open,2566537.5
A02277,Integration,3355054,Lost,0.0
A02279,Database,1980135,Open,1485101.25
A02279,Security,3479763,Open,2609822.25
A02280,Infrastructure,614628,Open,460971.0
A02280,Analytics & Data,3102433,Open,2326824.75
A02280,AI & ML,3620466,Won,0.0
A02281,Database,2169289,Open,1626966.75
A02281,Security,703112,Open,527334.0
A02281,Integration,2459244,Open,1844433.0
A02282,Integration,917683,Open,688262.25
A02283,AI & ML,667113,Open,500334.75
A02283,Security,1004668,Open,753501.0
A02283,Applications,414791,Open,311093.25
A02284,Database,2974270,Open,2230702.5
A02284,Analytics & Data,1399819,Won,0.0
A02286,Database,1573084,Open,1179813.0
A02286,Analytics & Data,881558,Open,661168.5
A02286,AI & ML,1161520,Open,871140.0
A02288,Applications,1944077,Open,1458057.75
A02289,Infrastructure,2489280,Open,1866960.0
A02289,Analytics & Data,1779376,Lost,0.0
A02289,AI & ML,1160304,Open,870228.0
A02289,Integration,2321540,Open,1741155.0
A02290,AI & ML,2182525,Closed,0.0
A02290,Applications,2620071,Open,1965053.25
A02291,Analytics & Data,1991181,Open,1493385.75
A02292,AI & ML,995543,Closed,0.0
A02293,Database,1291151,Open,968363.25
A02293,Security,2482457,Open,1861842.75
A02294,Database,336182,Open,252136.5
A02295,Analytics & Data,2150393,Open,1612794.75
A02295,Security,4615195,Open,3461396.25
A02295,Applications,1278111,Open,958583.25
A02296,AI & ML,1485349,Open,1114011.75
A02297,Analytics & Data,5016514,Open,3762385.5
A02297,AI & ML,3124159,Open,2343119.25
A02297,Integration,4856392,Open,3642294.0
A02298,Analytics & Data,2662791,Open,1997093.25
A02299,Analytics & Data,541318,Lost,0.0
A02299,AI & ML,516149,Closed,0.0
A02300,Infrastructure,2341907,Open,1756430.25
A02300,Applications,655519,Won,0.0
A02301,Database,1476443,Lost,0.0
A02301,Integration,2901108,Open,2175831.0
A02302,AI & ML,2939690,Open,2204767.5
A02303,Analytics & Data,1138972,Open,854229.0
A02303,Applications,596941,Open,447705.75
A02304,Database,688487,Closed,0.0
A02304,AI & ML,2376476,Open,1782357.0
A02304,Integration,7293176,Open,5469882.0
A02305,Infrastructure,900050,Open,675037.5
A02305,Analytics & Data,1550378,Open,1162783.5
A02305,Applications,968163,Open,726122.25
A02306,Integration,914825,Lost,0.0
A02307,Analytics & Data,2364682,Open,1773511.5
A02307,Integration,3993419,Open,2995064.25
A02308,Infrastructure,2500366,Won,0.0
A02308,AI & ML,1781864,Open,1336398.0
A02308,Security,834209,Closed,0.0
A02308,Applications,1002079,Won,0.0
A02309,Database,1815429,Open,1361571.75
A02309,Analytics & Data,2861862,Open,2146396.5
A02310,Infrastructure,3218426,Open,2413819.5
A02310,Database,617835,Open,463376.25
A02310,AI & ML,1875214,Open,1406410.5
A02310,Integration,2566005,Open,1924503.75
A02311,Database,828069,Open,621051.75
A02311,Security,2921206,Open,2190904.5
A02311,Integration,8505383,Lost,0.0
A02313,Database,2824915,Lost,0.0
A02313,Analytics & Data,1623587,Open,1217690.25
A02313,AI & ML,2753303,Open,2064977.25
A02313,Applications,2666315,Won,0.0
A02314,Infrastructure,1687099,Open,1265324.25
A02314,AI & ML,314848,Open,236136.0
A02315,Applications,3653208,Open,2739906.0
A02316,Analytics & Data,1065886,Open,799414.5
A02317,Security,4510796,Open,3383097.0
A02318,AI & ML,338609,Won,0.0
A02318,Integration,1751121,Open,1313340.75
A02319,Analytics & Data,1334934,Open,1001200.5
A02320,Infrastructure,514609,Open,385956.75
A02320,Database,1218411,Open,913808.25
A02320,Security,1024772,Open,768579.0
A02320,Applications,1072706,Open,804529.5
A02321,Security,3617943,Open,2713457.25
A02322,Infrastructure,1731058,Open,1298293.5
A02322,Applications,4320997,Open,3240747.75
A02323,Database,888820,Open,666615.0
A02323,AI & ML,1357767,Open,1018325.25
A02323,Security,1919290,Open,1439467.5
A02323,Applications,480165,Open,360123.75
A02324,Database,1867308,Open,1400481.0
A02324,AI & ML,800081,Open,600060.75
A02324,Security,1522837,Open,1142127.75
A02325,AI & ML,3005338,Open,2254003.5
A02326,Analytics & Data,1138683,Won,0.0
A02326,Security,2407307,Won,0.0
A02327,Database,1046317,Open,784737.75
A02327,Analytics & Data,635990,Lost,0.0
A02327,AI & ML,705869,Open,529401.75
A02327,Security,714605,Open,535953.75
A02327,Integration,3968851,Lost,0.0
A02328,AI & ML,2999480,Open,2249610.0
A02328,Integration,2744097,Open,2058072.75
A02329,Database,399801,Open,299850.75
A02329,Analytics & Data,519016,Lost,0.0
A02329,Applications,1116603,Open,837452.25
A02331,Database,1414649,Open,1060986.75
A02331,AI & ML,1225901,Open,919425.75
A02332,Infrastructure,554727,Lost,0.0
A02332,Database,3146687,Open,2360015.25
A02333,Analytics & Data,2072550,Open,1554412.5
A02334,Infrastructure,2589734,Won,0.0
A02334,Database,735865,Open,551898.75
A02334,Applications,260166,Lost,0.0
A02334,Integration,433662,Open,325246.5
A02335,Infrastructure,1887627,Open,1415720.25
A02335,Database,1392298,Open,1044223.5
A02336,Infrastructure,1070565,Open,802923.75
A02336,Database,1472045,Open,1104033.75
A02337,Infrastructure,6649718,Won,0.0
A02337,Database,3452473,Won,0.0
A02337,Integration,1674172,Open,1255629.0
A02339,Analytics & Data,680751,Open,510563.25
A02340,AI & ML,2044764,Won,0.0
A02340,Security,606283,Open,454712.25
A02341,Infrastructure,1986881,Won,0.0
A02341,Database,3991296,Closed,0.0
A02341,Analytics & Data,372073,Open,279054.75
A02341,AI & ML,1073243,Lost,0.0
A02341,Security,1587161,Open,1190370.75
A02342,Security,397331,Open,297998.25
A02342,Applications,681662,Open,511246.5
A02342,Integration,2164341,Lost,0.0
A02343,Infrastructure,2771173,Open,2078379.75
A02343,Database,3393740,Open,2545305.0
A02343,Analytics & Data,2326247,Open,1744685.25
A02343,AI & ML,1404419,Open,1053314.25
A02343,Applications,2623494,Lost,0.0
A02344,AI & ML,3349686,Lost,0.0
A02345,Infrastructure,1489720,Lost,0.0
A02345,Database,937847,Open,703385.25
A02345,Analytics & Data,1035505,Closed,0.0
A02346,Infrastructure,389318,Open,291988.5
A02346,AI & ML,1206837,Won,0.0
A02346,Applications,1050058,Closed,0.0
A02347,Infrastructure,588634,Open,441475.5
A02347,Database,5166474,Won,0.0
A02347,Analytics & Data,365222,Lost,0.0
A02347,AI & ML,557345,Open,418008.75
A02347,Security,828132,Open,621099.0
A02348,Security,522132,Open,391599.0
A02349,Infrastructure,574720,Lost,0.0
A02349,Database,747896,Open,560922.0
A02349,Security,1823621,Closed,0.0
A02350,Database,1836427,Closed,0.0
A02350,Applications,4249666,Open,3187249.5
A02351,Database,3236962,Open,2427721.5
A02352,Database,1224133,Open,918099.75
A02352,AI & ML,1252118,Open,939088.5
A02352,Applications,1159260,Won,0.0
A02352,Integration,1881317,Closed,0.0
A02353,Database,1276068,Open,957051.0
A02353,Analytics & Data,2040447,Lost,0.0
A02353,Applications,1805656,Open,1354242.0
A02354,Database,2060617,Open,1545462.75
A02355,Database,3039840,Open,2279880.0
A02355,AI & ML,2082312,Closed,0.0
A02356,Security,2564866,Open,1923649.5
A02357,Database,305090,Open,228817.5
A02358,Database,1327652,Open,995739.0
A02358,Analytics & Data,1678663,Closed,0.0
A02358,AI & ML,1389200,Open,1041900.0
A02359,Infrastructure,3372469,Open,2529351.75
A02359,AI & ML,297344,Won,0.0
A02359,Applications,702002,Open,526501.5
A02360,Security,3230761,Lost,0.0
A02361,Infrastructure,4821108,Open,3615831.0
A02361,Integration,669658,Open,502243.5
A02362,Infrastructure,3246319,Open,2434739.25
A02362,Analytics & Data,840008,Open,630006.0
A02362,AI & ML,551490,Open,413617.5
A02363,Security,972674,Won,0.0
A02364,Database,1628895,Open,1221671.25
A02364,AI & ML,2027070,Open,1520302.5
A02364,Applications,4199254,Lost,0.0
A02365,Infrastructure,2524345,Won,0.0
A02365,Analytics & Data,773832,Open,580374.0
A02365,AI & ML,556096,Open,417072.0
A02366,Infrastructure,3862698,Won,0.0
A02366,AI & ML,5536492,Open,4152369.0
A02366,Integration,2756067,Closed,0.0
A02367,Analytics & Data,1318244,Open,988683.0
A02367,AI & ML,954207,Open,715655.25
A02367,Applications,634513,Open,475884.75
A02368,Analytics & Data,1370193,Open,1027644.75
A02368,Integration,1199931,Closed,0.0
A02369,Database,1852992,Open,1389744.0
A02369,Applications,749160,Open,561870.0
A02369,Integration,892519,Lost,0.0
A02370,Database,541261,Open,405945.75
A02370,Analytics & Data,1540637,Open,1155477.75
A02371,Infrastructure,618094,Open,463570.5
A02371,Applications,241075,Closed,0.0
A02371,Integration,872515,Open,654386.25
A02372,Database,926776,Closed,0.0
A02372,AI & ML,2369484,Open,1777113.0
A02372,Applications,2849637,Won,0.0
A02373,Infrastructure,3335543,Open,2501657.25
A02374,AI & ML,2777313,Won,0.0
A02374,Integration,652824,Open,489618.0
A02375,Database,1127150,Open,845362.5
A02375,AI & ML,3228481,Open,2421360.75
A02375,Applications,2732471,Open,2049353.25
A02376,Infrastructure,940909,Open,705681.75
A02376,Database,1753386,Open,1315039.5
A02377,Analytics & Data,844777,Open,633582.75
A02377,Security,1553910,Open,1165432.5
A02378,Analytics & Data,7379797,Open,5534847.75
A02379,Security,399761,Open,299820.75
A02380,Database,2035144,Open,1526358.0
A02380,AI & ML,660591,Open,495443.25
A02381,Infrastructure,1309374,Won,0.0
A02381,Analytics & Data,1648953,Open,1236714.75
A02382,Database,302640,Open,226980.0
A02382,Analytics & Data,841595,Open,631196.25
A02382,Security,3543064,Open,2657298.0
A02382,Applications,571719,Open,428789.25
A02383,Analytics & Data,4552347,Open,3414260.25
A02384,Security,3697953,Open,2773464.75
A02384,Applications,328448,Open,246336.0
A02385,Security,1351671,Open,1013753.25
A02386,Infrastructure,8883497,Lost,0.0
A02387,Analytics & Data,464849,Open,348636.75
A02387,Security,789080,Won,0.0
A02387,Applications,1873397,Open,1405047.75
A02388,Database,540540,Open,405405.0
A02388,AI & ML,1888856,Open,1416642.0
A02388,Integration,2520849,Open,1890636.75
A02389,Database,499453,Won,0.0
A02389,Analytics & Data,1342377,Open,1006782.75
A02389,AI & ML,2022050,Open,1516537.5
A02389,Security,1501292,Open,1125969.0
A02390,Database,1126186,Closed,0.0
A02390,Applications,546735,Open,410051.25
A02391,Infrastructure,289654,Open,217240.5
A02391,AI & ML,766134,Won,0.0
A02391,Integration,915547,Open,686660.25
A02392,Analytics & Data,1136432,Open,852324.0
A02392,Security,1705577,Open,1279182.75
A02392,Integration,4183748,Open,3137811.0
A02393,AI & ML,401896,Won,0.0
A02393,Security,2068355,Open,1551266.25
A02394,AI & ML,1173902,Won,0.0
A02394,Integration,297728,Closed,0.0
A02395,Security,421494,Open,316120.5
A02395,Integration,1260234,Open,945175.5
A02396,Analytics & Data,1325662,Open,994246.5
A02396,AI & ML,157006,Open,117754.5
A02397,Analytics & Data,2057557,Lost,0.0
A02397,AI & ML,354047,Open,265535.25
A02397,Applications,435173,Open,326379.75
A02397,Integration,2635062,Open,1976296.5
A02398,Integration,1602049,Open,1201536.75
A02399,Database,1520403,Open,1140302.25
A02399,Analytics & Data,2287498,Open,1715623.5
A02399,Security,1304372,Open,978279.0
A02399,Applications,737358,Open,553018.5
A02400,Infrastructure,3279268,Open,2459451.0
A02400,AI & ML,4344950,Open,3258712.5
A02401,Infrastructure,942898,Lost,0.0
A02402,Database,1435440,Open,1076580.0
A02402,AI & ML,4773331,Open,3579998.25
A02402,Security,1205175,Open,903881.25
A02403,Infrastructure,1495451,Open,1121588.25
A02403,Analytics & Data,1886507,Open,1414880.25
A02403,Applications,692992,Open,519744.0
A02403,Integration,836509,Open,627381.75
A02404,Database,744230,Open,558172.5
A02404,Analytics & Data,1022794,Lost,0.0
A02404,Integration,1421319,Open,1065989.25
A02405,Database,3914493,Open,2935869.75
A02405,AI & ML,2135496,Open,1601622.0
A02406,Database,2727749,Won,0.0
A02406,Analytics & Data,1842663,Open,1381997.25
A02406,AI & ML,593961,Open,445470.75
A02406,Integration,1426656,Open,1069992.0
A02409,Analytics & Data,2318805,Open,1739103.75
A02409,Applications,931800,Open,698850.0
A02410,Infrastructure,1786670,Open,1340002.5
A02410,Security,451841,Open,338880.75
A02411,Database,1215699,Open,911774.25
A02412,Infrastructure,436830,Won,0.0
A02412,Analytics & Data,304810,Open,228607.5
A02413,Infrastructure,574406,Open,430804.5
A02413,Database,1447685,Open,1085763.75
A02413,Integration,1186085,Open,889563.75
A02414,Infrastructure,980306,Closed,0.0
A02414,Integration,759563,Open,569672.25
A02415,Database,1456096,Open,1092072.0
A02415,Analytics & Data,5647740,Lost,0.0
A02415,AI & ML,784296,Open,588222.0
A02416,Database,2539597,Open,1904697.75
A02416,Analytics & Data,902677,Closed,0.0
A02416,Applications,672352,Lost,0.0
A02416,Integration,1143144,Lost,0.0
A02417,Database,1248651,Open,936488.25
A02417,Security,1388942,Open,1041706.5
A02417,Integration,2112127,Lost,0.0
A02418,Infrastructure,4204590,Open,3153442.5
A02418,Security,1369029,Open,1026771.75
A02418,Integration,1490083,Open,1117562.25
A02419,Database,1588196,Open,1191147.0
A02419,Analytics & Data,331288,Closed,0.0
A02419,AI & ML,1209748,Open,907311.0
A02420,Analytics & Data,2771237,Open,2078427.75
A02420,AI & ML,4482331,Closed,0.0
A02421,Infrastructure,599000,Lost,0.0
A02421,Analytics & Data,4129706,Won,0.0
A02422,AI & ML,640464,Closed,0.0
A02422,Applications,541572,Open,406179.0
A02422,Integration,1579470,Open,1184602.5
A02423,Infrastructure,894687,Open,671015.25
A02423,Database,4326711,Open,3245033.25
A02423,Analytics & Data,1628176,Open,1221132.0
A02424,Applications,1516405,Won,0.0
A02424,Integration,680227,Open,510170.25
A02425,Infrastructure,1796193,Open,1347144.75
A02425,AI & ML,3724185,Open,2793138.75
A02425,Security,1423181,Open,1067385.75
A02425,Integration,440261,Open,330195.75
A02426,Applications,1118450,Closed,0.0
A02427,AI & ML,2410080,Won,0.0
A02427,Integration,3988078,Open,2991058.5
A02428,Analytics & Data,485850,Won,0.0
A02428,AI & ML,1627810,Open,1220857.5
A02429,Database,1418540,Won,0.0
A02429,Security,509361,Open,382020.75
A02429,Applications,540961,Lost,0.0
A02430,Infrastructure,961364,Closed,0.0
A02430,Analytics & Data,3159476,Open,2369607.0
A02430,Applications,1492728,Open,1119546.0
A02431,Analytics & Data,1472439,Won,0.0
A02431,AI & ML,6700655,Open,5025491.25
A02432,Infrastructure,324508,Open,243381.0
A02432,Security,671686,Open,503764.5
A02433,Database,3119075,Won,0.0
A02433,Security,348014,Open,261010.5
A02433,Integration,568334,Open,426250.5
A02434,Analytics & Data,2067343,Won,0.0
A02434,AI & ML,2577530,Open,1933147.5
A02434,Security,1781495,Open,1336121.25
A02434,Applications,4823100,Open,3617325.0
A02434,Integration,832654,Open,624490.5
A02435,Security,1981210,Open,1485907.5
A02435,Integration,426727,Lost,0.0
A02436,Database,799030,Open,599272.5
A02436,AI & ML,839259,Open,629444.25
A02436,Applications,364195,Open,273146.25
A02437,Infrastructure,1180270,Open,885202.5
A02437,Security,1406803,Open,1055102.25
A02437,Integration,1683409,Open,1262556.75
A02438,AI & ML,495309,Won,0.0
A02438,Applications,1465611,Open,1099208.25
A02439,AI & ML,639303,Open,479477.25
A02439,Security,739264,Open,554448.0
A02439,Applications,586793,Open,440094.75
A02439,Integration,1267471,Open,950603.25
A02440,Infrastructure,1008702,Won,0.0
A02440,Database,2032601,Open,1524450.75
A02440,Security,1617280,Open,1212960.0
A02440,Integration,1657364,Lost,0.0
A02441,Infrastructure,880601,Open,660450.75
A02441,Database,3130871,Open,2348153.25
A02441,AI & ML,775844,Open,581883.0
A02442,AI & ML,2555035,Open,1916276.25
A02442,Integration,736813,Open,552609.75
A02443,Database,1777062,Open,1332796.5
A02443,Analytics & Data,823755,Open,617816.25
A02443,AI & ML,752527,Open,564395.25
A02443,Integration,4029020,Open,3021765.0
A02444,Infrastructure,1974084,Open,1480563.0
A02444,Database,1881160,Open,1410870.0
A02444,Analytics & Data,5267094,Won,0.0
A02445,Integration,904266,Open,678199.5
A02446,Security,242291,Lost,0.0
A02447,Database,3158896,Open,2369172.0
A02448,Infrastructure,1476802,Open,1107601.5
A02448,Security,1393235,Lost,0.0
A02449,Database,2170898,Open,1628173.5
A02449,Applications,4638700,Open,3479025.0
A02449,Integration,333155,Open,249866.25
A02450,Security,2312601,Open,1734450.75
A02450,Integration,1479203,Open,1109402.25
A02451,Analytics & Data,1190125,Open,892593.75
A02451,Security,937917,Open,703437.75
A02451,Applications,1109810,Open,832357.5
A02452,Infrastructure,388690,Open,291517.5
A02452,Analytics & Data,1622236,Won,0.0
A02452,Applications,1926303,Open,1444727.25
A02453,Infrastructure,1515691,Lost,0.0
A02453,Database,3522865,Closed,0.0
A02453,AI & ML,3913546,Lost,0.0
A02454,Analytics & Data,776387,Open,582290.25
A02454,AI & ML,419545,Open,314658.75
A02454,Security,1159492,Lost,0.0
A02454,Integration,198666,Open,148999.5
A02455,Infrastructure,4275740,Open,3206805.0
A02455,Integration,401047,Open,300785.25
A02456,Infrastructure,1368160,Open,1026120.0
A02456,Database,934494,Open,700870.5
A02456,Security,820804,Open,615603.0
A02456,Applications,1802969,Open,1352226.75
A02458,Database,738688,Open,554016.0
A02458,Integration,2297907,Won,0.0
A02460,Infrastructure,957688,Closed,0.0
A02460,AI & ML,1304166,Open,978124.5
A02460,Security,1184804,Lost,0.0
A02460,Applications,1699586,Open,1274689.5
A02461,Infrastructure,1864516,Open,1398387.0
A02461,Database,2432417,Open,1824312.75
A02461,AI & ML,4956983,Won,0.0
A02462,Analytics & Data,4085800,Open,3064350.0
A02462,AI & ML,1014657,Open,760992.75
A02463,Integration,286876,Open,215157.0
A02464,AI & ML,953870,Open,715402.5
A02464,Applications,2338134,Open,1753600.5
A02464,Integration,2712631,Won,0.0
A02465,Infrastructure,1535391,Open,1151543.25
A02465,Database,1355726,Won,0.0
A02465,AI & ML,2965996,Open,2224497.0
A02465,Applications,168437,Lost,0.0
A02465,Integration,1349306,Open,1011979.5
A02466,Database,3268489,Open,2451366.75
A02466,AI & ML,357569,Open,268176.75
A02466,Integration,3794683,Closed,0.0
A02467,Infrastructure,531446,Lost,0.0
A02467,Integration,1095646,Open,821734.5
A02468,Infrastructure,1085310,Won,0.0
A02468,Database,1624694,Open,1218520.5
A02468,Applications,1115131,Won,0.0
A02468,Integration,787293,Lost,0.0
A02469,Infrastructure,412852,Open,309639.0
A02469,Analytics & Data,1568769,Open,1176576.75
A02469,Applications,1929437,Open,1447077.75
A02470,Analytics & Data,588332,Open,441249.0
A02470,Integration,927016,Won,0.0
A02471,Analytics & Data,1032724,Lost,0.0
A02471,AI & ML,1467410,Open,1100557.5
A02471,Security,425299,Open,318974.25
A02472,Infrastructure,705786,Open,529339.5
A02472,Applications,1304422,Won,0.0
A02473,Infrastructure,1831472,Open,1373604.0
A02474,Analytics & Data,227414,Open,170560.5
A02474,Security,1224016,Open,918012.0
A02475,Security,629696,Open,472272.0
A02475,Integration,901940,Open,676455.0
A02476,Infrastructure,1082308,Open,811731.0
A02476,Security,1317113,Open,987834.75
A02476,Applications,2003403,Open,1502552.25
A02477,Database,2528513,Closed,0.0
A02477,Analytics & Data,988998,Open,741748.5
A02477,AI & ML,2554041,Open,1915530.75
A02477,Applications,1579560,Open,1184670.0
A02478,Infrastructure,1058995,Open,794246.25
A02478,Database,945069,Lost,0.0
A02479,AI & ML,641601,Open,481200.75
A02479,Integration,2101038,Lost,0.0
A02480,Infrastructure,1805642,Open,1354231.5
A02480,Database,534793,Open,401094.75
A02481,Integration,797103,Open,597827.25
A02482,Integration,483777,Open,362832.75
A02483,Analytics & Data,2119042,Open,1589281.5
A02483,Applications,1662475,Open,1246856.25
A02484,Infrastructure,288824,Open,216618.0
A02484,Database,1761143,Open,1320857.25
A02484,Security,4232894,Open,3174670.5
A02484,Applications,728381,Open,546285.75
A02485,Infrastructure,1620528,Open,1215396.0
A02485,Integration,2683476,Open,2012607.0
A02486,Analytics & Data,2740214,Won,0.0
A02486,AI & ML,883523,Open,662642.25
A02486,Security,1937980,Open,1453485.0
A02487,Infrastructure,890654,Lost,0.0
A02487,Security,1816892,Open,1362669.0
A02487,Applications,2287565,Open,1715673.75
A02488,Analytics & Data,1803805,Open,1352853.75
A02488,Security,2340904,Lost,0.0
A02489,Database,4920278,Won,0.0
A02489,Applications,1320530,Open,990397.5
A02491,Security,2341102,Open,1755826.5
A02491,Integration,682419,Lost,0.0
A02492,Infrastructure,1244315,Open,933236.25
A02492,Database,4288284,Open,3216213.0
A02492,Analytics & Data,2406162,Open,1804621.5
A02493,AI & ML,669084,Won,0.0
A02493,Security,2216586,Open,1662439.5
A02493,Integration,864672,Won,0.0
A02494,Database,1534214,Open,1150660.5
A02494,Analytics & Data,839165,Open,629373.75
A02494,AI & ML,3293071,Won,0.0
A02494,Integration,1043906,Open,782929.5
A02495,Database,883054,Open,662290.5
A02495,Analytics & Data,557823,Open,418367.25
A02495,AI & ML,1439992,Open,1079994.0
A02496,Infrastructure,1591383,Open,1193537.25
A02496,Analytics & Data,1199896,Open,899922.0
A02496,Security,2298242,Open,1723681.5
A02496,Applications,911944,Open,683958.0
A02497,Database,3627790,Open,2720842.5
A02498,Security,3639773,Won,0.0
A02498,Integration,740822,Open,555616.5
A02499,Infrastructure,4049067,Won,0.0
A02499,Database,410182,Open,307636.5
A02499,Analytics & Data,562921,Lost,0.0
A02499,AI & ML,545382,Won,0.0
A02500,AI & ML,1436819,Lost,0.0
A02500,Applications,1232133,Won,0.0
A02501,Analytics & Data,497700,Open,373275.0
A02501,Integration,750440,Open,562830.0
A02502,Analytics & Data,1516383,Open,1137287.25
A02502,AI & ML,1031311,Open,773483.25
A02502,Security,1285933,Open,964449.75
A02502,Applications,2361797,Open,1771347.75
A02502,Integration,2835461,Open,2126595.75
A02503,Infrastructure,1240488,Lost,0.0
A02503,Security,1799607,Open,1349705.25
A02503,Integration,1865489,Open,1399116.75
A02504,Database,665215,Open,498911.25
A02504,Analytics & Data,692199,Open,519149.25
A02504,Applications,831971,Lost,0.0
A02504,Integration,2026064,Open,1519548.0
A02505,Analytics & Data,512919,Won,0.0
A02506,AI & ML,1546465,Open,1159848.75
A02506,Applications,1691353,Open,1268514.75
A02507,Database,2482403,Open,1861802.25
A02509,Infrastructure,3459045,Won,0.0
A02509,Database,762626,Open,571969.5
A02509,AI & ML,277150,Open,207862.5
A02509,Integration,2085736,Open,1564302.0
A02510,Database,663361,Open,497520.75
A02510,Applications,1032897,Open,774672.75
A02510,Integration,1947503,Lost,0.0
A02511,Database,1034223,Open,775667.25
A02512,Database,783670,Lost,0.0
A02512,AI & ML,494918,Open,371188.5
A02512,Applications,1104800,Lost,0.0
A02512,Integration,1942219,Open,1456664.25
A02513,Infrastructure,308838,Open,231628.5
A02513,Analytics & Data,2022092,Open,1516569.0
A02514,Infrastructure,1709618,Won,0.0
A02514,Applications,1033108,Lost,0.0
A02515,Integration,925312,Closed,0.0
A02516,Database,755547,Closed,0.0
A02516,AI & ML,4821883,Open,3616412.25
A02517,Analytics & Data,1306042,Open,979531.5
A02518,AI & ML,1427163,Lost,0.0
A02518,Security,2256839,Open,1692629.25
A02518,Integration,946436,Won,0.0
A02519,Database,2666728,Lost,0.0
A02519,Security,2167632,Open,1625724.0
A02519,Integration,1360287,Won,0.0
A02520,AI & ML,702748,Open,527061.0
A02520,Applications,1209439,Open,907079.25
A02521,Security,647657,Open,485742.75
A02522,Database,1415709,Open,1061781.75
A02522,AI & ML,524154,Open,393115.5
A02523,Infrastructure,1062350,Open,796762.5
A02523,Database,3164595,Open,2373446.25
A02523,Applications,1843481,Open,1382610.75
A02524,Analytics & Data,508054,Lost,0.0
A02524,AI & ML,1179675,Closed,0.0
A02525,Infrastructure,761525,Won,0.0
A02525,Database,2196609,Open,1647456.75
A02525,Applications,4741296,Open,3555972.0
A02526,Analytics & Data,1043879,Lost,0.0
A02526,Applications,2015090,Lost,0.0
A02526,Integration,6066572,Open,4549929.0
A02527,Integration,1152152,Open,864114.0
A02528,Analytics & Data,1698567,Open,1273925.25
A02528,AI & ML,763584,Won,0.0
A02528,Applications,2936002,Open,2202001.5
A02529,Analytics & Data,2253299,Open,1689974.25
A02529,AI & ML,1917964,Lost,0.0
A02529,Security,2446188,Open,1834641.0
A02529,Integration,1484650,Lost,0.0
A02530,Infrastructure,774868,Open,581151.0
A02531,AI & ML,1196140,Lost,0.0
A02531,Security,251564,Open,188673.0
A02531,Integration,5504258,Closed,0.0
A02532,Database,870529,Closed,0.0
A02532,AI & ML,1957369,Open,1468026.75
A02532,Security,885980,Lost,0.0
A02532,Applications,1336066,Open,1002049.5
A02533,AI & ML,4160227,Open,3120170.25
A02533,Security,1457199,Open,1092899.25
A02533,Integration,830131,Open,622598.25
A02534,Integration,3948565,Open,2961423.75
A02535,Infrastructure,1429477,Open,1072107.75
A02535,Analytics & Data,360108,Won,0.0
A02535,AI & ML,1988907,Open,1491680.25
A02535,Applications,2092075,Won,0.0
A02535,Integration,3712844,Won,0.0
A02536,AI & ML,1307546,Open,980659.5
A02536,Security,3296564,Open,2472423.0
A02538,AI & ML,1087096,Open,815322.0
A02538,Security,436684,Open,327513.0
A02538,Applications,1165096,Closed,0.0
A02539,Security,877333,Open,657999.75
A02539,Integration,1645001,Open,1233750.75
A02540,Security,1268942,Won,0.0
A02540,Applications,652558,Open,489418.5
A02541,Analytics & Data,1599051,Closed,0.0
A02541,AI & ML,2764149,Open,2073111.75
A02542,Infrastructure,1164508,Open,873381.0
A02542,Analytics & Data,955438,Open,716578.5
A02542,Applications,3057663,Won,0.0
A02543,Analytics & Data,813104,Closed,0.0
A02543,Integration,2833755,Open,2125316.25
A02544,Database,1291071,Lost,0.0
A02544,AI & ML,658619,Open,493964.25
A02544,Security,2079325,Lost,0.0
A02544,Applications,2498835,Won,0.0
A02545,Database,485749,Lost,0.0
A02545,AI & ML,550688,Open,413016.0
A02545,Security,843390,Open,632542.5
A02546,Infrastructure,1438543,Open,1078907.25
A02546,AI & ML,1023986,Open,767989.5
A02546,Integration,602077,Open,451557.75
A02547,Infrastructure,2203957,Open,1652967.75
A02547,Database,2459876,Won,0.0
A02547,Analytics & Data,2657568,Open,1993176.0
A02547,AI & ML,2514050,Won,0.0
A02547,Security,4103664,Lost,0.0
A02547,Integration,876929,Lost,0.0
A02548,Infrastructure,379885,Open,284913.75
A02548,Database,544659,Won,0.0
A02548,Security,1993778,Lost,0.0
A02548,Integration,1910843,Lost,0.0
A02549,Analytics & Data,3021521,Won,0.0
A02549,Integration,601505,Open,451128.75
A02550,Infrastructure,548337,Open,411252.75
A02551,Analytics & Data,320179,Open,240134.25
A02551,Applications,2463527,Open,1847645.25
A02551,Integration,1406008,Open,1054506.0
A02552,Infrastructure,1222216,Lost,0.0
A02552,Database,1737445,Open,1303083.75
A02552,Security,4373933,Open,3280449.75
A02552,Integration,3411716,Open,2558787.0
A02553,Database,1179107,Open,884330.25
A02553,Security,1917052,Open,1437789.0
A02554,AI & ML,1408604,Open,1056453.0
A02554,Security,4710585,Open,3532938.75
A02554,Integration,3592982,Open,2694736.5
A02555,Infrastructure,1969193,Open,1476894.75
A02555,Integration,1278078,Won,0.0
A02556,Applications,2555158,Open,1916368.5
A02556,Integration,726379,Open,544784.25
A02557,Security,2076254,Lost,0.0
A02557,Applications,1549729,Open,1162296.75
A02558,Database,1774890,Open,1331167.5
A02558,Security,531446,Open,398584.5
A02559,Infrastructure,1270188,Open,952641.0
A02559,Security,3129910,Open,2347432.5
A02559,Applications,2077856,Open,1558392.0
A02559,Integration,1054961,Open,791220.75
A02560,Infrastructure,2876202,Open,2157151.5
A02560,Analytics & Data,909835,Closed,0.0
A02561,Infrastructure,445492,Open,334119.0
A02561,Database,2145811,Open,1609358.25
A02562,Database,1599257,Won,0.0
A02562,Security,4263465,Open,3197598.75
A02562,Integration,2119875,Open,1589906.25
A02563,Analytics & Data,2545874,Open,1909405.5
A02563,Applications,1019239,Won,0.0
A02563,Integration,259126,Open,194344.5
A02564,Infrastructure,3269378,Open,2452033.5
A02564,Analytics & Data,6992851,Open,5244638.25
A02564,AI & ML,7764983,Open,5823737.25
A02564,Security,799004,Open,599253.0
A02564,Integration,626699,Open,470024.25
A02565,Infrastructure,808430,Won,0.0
A02565,Analytics & Data,2076784,Open,1557588.0
A02565,Integration,977077,Open,732807.75
A02566,Analytics & Data,886272,Won,0.0
A02566,Security,2212662,Closed,0.0
A02566,Integration,3409627,Won,0.0
A02567,Infrastructure,2118092,Lost,0.0
A02567,Database,2695252,Open,2021439.0
A02567,Security,616828,Open,462621.0
A02567,Integration,1137437,Closed,0.0
A02568,Infrastructure,729109,Open,546831.75
A02568,AI & ML,7179293,Won,0.0
A02569,Database,321978,Won,0.0
A02569,AI & ML,562024,Open,421518.0
A02569,Security,587184,Open,440388.0
A02570,Applications,306655,Open,229991.25
A02571,AI & ML,331240,Open,248430.0
A02572,AI & ML,1457448,Won,0.0
A02572,Integration,805611,Open,604208.25
A02573,Integration,829817,Won,0.0
A02574,Infrastructure,413228,Lost,0.0
A02574,AI & ML,734162,Lost,0.0
A02575,Infrastructure,1710312,Open,1282734.0
A02576,Database,1110746,Lost,0.0
A02576,Integration,1743804,Open,1307853.0
A02577,Integration,720717,Open,540537.75
A02578,Infrastructure,2971994,Open,2228995.5
A02578,AI & ML,1611709,Lost,0.0
A02578,Integration,1114396,Won,0.0
A02579,Integration,378724,Open,284043.0
A02580,Database,4557261,Open,3417945.75
A02580,Security,1395606,Open,1046704.5
A02581,Database,1674256,Open,1255692.0
A02581,AI & ML,1243573,Open,932679.75
A02581,Security,9338934,Open,7004200.5
A02582,Analytics & Data,408435,Open,306326.25
A02582,Applications,3964401,Won,0.0
A02582,Integration,1721833,Open,1291374.75
A02583,Infrastructure,1955958,Open,1466968.5
A02583,Analytics & Data,3031355,Open,2273516.25
A02583,Integration,1326863,Open,995147.25
A02584,Database,4243108,Open,3182331.0
A02584,Analytics & Data,805902,Open,604426.5
A02584,Applications,2294745,Won,0.0
A02584,Integration,805953,Open,604464.75
A02585,Infrastructure,2372686,Lost,0.0
A02585,Database,1407473,Open,1055604.75
A02585,AI & ML,758225,Open,568668.75
A02587,Infrastructure,1441240,Open,1080930.0
A02587,Analytics & Data,1689988,Open,1267491.0
A02587,Security,2146024,Open,1609518.0
A02587,Integration,2134811,Lost,0.0
A02588,Security,5730830,Open,4298122.5
A02588,Applications,2330090,Closed,0.0
A02589,Analytics & Data,2292952,Open,1719714.0
A02589,AI & ML,648909,Open,486681.75
A02590,AI & ML,519132,Open,389349.0
A02591,Analytics & Data,2372863,Closed,0.0
A02591,Applications,1651512,Open,1238634.0
A02592,Database,1827630,Open,1370722.5
A02592,Security,1034791,Open,776093.25
A02592,Applications,1447407,Open,1085555.25
A02593,AI & ML,2773053,Open,2079789.75
A02593,Security,2475008,Open,1856256.0
A02594,Analytics & Data,2355240,Lost,0.0
A02594,AI & ML,3540609,Open,2655456.75
A02595,Database,908890,Open,681667.5
A02595,Applications,2831676,Open,2123757.0
A02595,Integration,2177774,Open,1633330.5
A02596,Database,372284,Open,279213.0
A02596,Analytics & Data,4021857,Lost,0.0
A02596,AI & ML,3167478,Open,2375608.5
A02596,Security,650621,Open,487965.75
A02597,Database,6973769,Open,5230326.75
A02597,AI & ML,1898879,Won,0.0
A02597,Integration,278668,Open,209001.0
A02598,Infrastructure,1394201,Lost,0.0
A02599,Database,1953999,Open,1465499.25
A02600,Applications,888803,Won,0.0
A02601,Infrastructure,968970,Open,726727.5
A02601,Security,1548320,Open,1161240.0
A02601,Applications,2634320,Open,1975740.0
A02602,AI & ML,2939953,Open,2204964.75
A02602,Security,1072162,Closed,0.0
A02603,Infrastructure,1001720,Lost,0.0
A02603,Analytics & Data,1459636,Open,1094727.0
A02603,AI & ML,980944,Closed,0.0
A02604,Infrastructure,1955739,Open,1466804.25
A02604,AI & ML,1939321,Open,1454490.75
A02605,Database,1207870,Open,905902.5
A02605,Applications,1588251,Open,1191188.25
A02607,Analytics & Data,2423379,Open,1817534.25
A02608,Security,7729820,Open,5797365.0
A02608,Applications,2099166,Open,1574374.5
A02609,Infrastructure,1171836,Open,878877.0
A02609,Analytics & Data,1362067,Open,1021550.25
A02610,Integration,329620,Closed,0.0
A02611,Database,1412531,Open,1059398.25
A02611,Applications,373040,Open,279780.0
A02612,AI & ML,1660177,Won,0.0
A02612,Security,540958,Won,0.0
A02612,Applications,364177,Open,273132.75
A02613,Infrastructure,695598,Open,521698.5
A02613,Database,2755469,Open,2066601.75
A02613,Applications,4772244,Open,3579183.0
A02614,Analytics & Data,1134134,Open,850600.5
A02614,AI & ML,2271533,Open,1703649.75
A02614,Applications,542971,Open,407228.25
A02615,Applications,1477050,Lost,0.0
A02615,Integration,647424,Open,485568.0
A02616,Applications,1050163,Open,787622.25
A02617,AI & ML,1427934,Open,1070950.5
A02617,Security,2153030,Lost,0.0
A02617,Applications,2435094,Open,1826320.5
A02617,Integration,1493156,Open,1119867.0
A02618,Infrastructure,2164515,Open,1623386.25
A02618,Database,1858879,Open,1394159.25
A02618,Analytics & Data,1484464,Open,1113348.0
A02618,AI & ML,7253492,Won,0.0
A02618,Security,4706795,Open,3530096.25
A02618,Applications,2905348,Open,2179011.0
A02619,Analytics & Data,1084510,Open,813382.5
A02619,Applications,1496819,Open,1122614.25
A02620,Database,1792418,Open,1344313.5
A02620,Applications,1348445,Open,1011333.75
A02621,Analytics & Data,2601343,Open,1951007.25
A02622,Infrastructure,758263,Open,568697.25
A02622,Analytics & Data,520715,Open,390536.25
A02622,Applications,1687012,Open,1265259.0
A02622,Integration,2453800,Open,1840350.0
A02623,Infrastructure,1521040,Open,1140780.0
A02623,AI & ML,294269,Lost,0.0
A02624,Analytics & Data,1567331,Open,1175498.25
A02624,Integration,2390261,Open,1792695.75
A02625,Analytics & Data,1901649,Open,1426236.75
A02626,AI & ML,8102913,Open,6077184.75
A02626,Applications,656267,Open,492200.25
A02627,AI & ML,5420550,Open,4065412.5
A02628,Infrastructure,1570056,Open,1177542.0
A02628,Analytics & Data,1550261,Open,1162695.75
A02628,Applications,1093638,Won,0.0
A02628,Integration,2778168,Open,2083626.0
A02629,Infrastructure,660681,Open,495510.75
A02629,AI & ML,3078138,Open,2308603.5
A02629,Integration,1286062,Won,0.0
A02630,Infrastructure,921212,Open,690909.0
A02630,Security,508712,Open,381534.0
A02630,Applications,4641289,Open,3480966.75
A02631,Security,3993264,Open,2994948.0
A02631,Applications,1828985,Lost,0.0
A02632,Infrastructure,552491,Open,414368.25
A02632,AI & ML,764888,Open,573666.0
A02632,Integration,1613001,Open,1209750.75
A02633,Infrastructure,3422242,Open,2566681.5
A02633,Analytics & Data,1730292,Open,1297719.0
A02633,AI & ML,3319078,Open,2489308.5
A02633,Security,1505018,Open,1128763.5
A02634,Database,349991,Won,0.0
A02635,Database,620148,Open,465111.0
A02635,Security,4099295,Open,3074471.25
A02635,Applications,1917663,Open,1438247.25
A02636,Analytics & Data,8248386,Open,6186289.5
A02636,Integration,1001591,Open,751193.25
A02637,AI & ML,417408,Lost,0.0
A02637,Security,2504026,Open,1878019.5
A02638,Applications,1487333,Open,1115499.75
A02639,Analytics & Data,1036370,Won,0.0
A02639,Security,164284,Open,123213.0
A02639,Applications,2006369,Open,1504776.75
A02641,Infrastructure,1908988,Lost,0.0
A02641,AI & ML,568383,Open,426287.25
A02641,Applications,1082439,Open,811829.25
A02641,Integration,1099287,Open,824465.25
A02642,Infrastructure,1820531,Open,1365398.25
A02642,AI & ML,2885726,Lost,0.0
A02642,Applications,2130106,Open,1597579.5
A02643,Database,1605284,Open,1203963.0
A02643,Applications,619538,Open,464653.5
A02644,Infrastructure,1614751,Open,1211063.25
A02644,AI & ML,1083300,Won,0.0
A02645,AI & ML,1311575,Won,0.0
A02645,Integration,1256659,Open,942494.25
A02646,Analytics & Data,600899,Open,450674.25
A02646,Security,599668,Won,0.0
A02646,Applications,837491,Lost,0.0
A02647,Infrastructure,744387,Open,558290.25
A02647,Security,1489501,Lost,0.0
A02648,AI & ML,750458,Open,562843.5
A02648,Security,1749687,Open,1312265.25
A02648,Integration,1626644,Open,1219983.0
A02649,Database,545500,Open,409125.0
A02649,Analytics & Data,2073165,Open,1554873.75
A02649,AI & ML,732779,Lost,0.0
A02650,Analytics & Data,1416417,Open,1062312.75
A02650,Security,2860160,Closed,0.0
A02650,Integration,967359,Open,725519.25
A02651,Infrastructure,1135205,Lost,0.0
A02651,AI & ML,3299114,Open,2474335.5
A02652,Analytics & Data,2510372,Open,1882779.0
A02652,Integration,2399546,Open,1799659.5
A02653,Infrastructure,1839160,Open,1379370.0
A02653,Database,2017121,Open,1512840.75
A02653,AI & ML,2130018,Lost,0.0
A02653,Security,3973016,Open,2979762.0
A02654,Database,3979847,Open,2984885.25
A02654,Analytics & Data,499205,Won,0.0
A02654,Integration,6634027,Open,4975520.25
A02655,Infrastructure,2518838,Open,1889128.5
A02655,Database,1423003,Won,0.0
A02655,Integration,2609063,Open,1956797.25
A02656,Infrastructure,913958,Won,0.0
A02656,Analytics & Data,1881806,Open,1411354.5
A02656,Security,1071610,Won,0.0
A02657,Applications,2128079,Open,1596059.25
A02658,Infrastructure,1498437,Open,1123827.75
A02658,Database,1008565,Open,756423.75
A02658,AI & ML,5992146,Open,4494109.5
A02658,Security,686870,Lost,0.0
A02658,Applications,1429983,Open,1072487.25
A02659,Database,2584642,Open,1938481.5
A02660,Infrastructure,1921956,Open,1441467.0
A02661,Analytics & Data,2998189,Closed,0.0
A02661,Applications,3213217,Open,2409912.75
A02662,Infrastructure,1800251,Open,1350188.25
A02662,Database,1435587,Open,1076690.25
A02662,AI & ML,2868099,Closed,0.0
A02662,Applications,946311,Won,0.0
A02663,AI & ML,2979202,Open,2234401.5
A02663,Applications,2694604,Open,2020953.0
A02664,Infrastructure,1868473,Won,0.0
A02664,Database,1221305,Closed,0.0
A02664,Applications,5991175,Open,4493381.25
A02665,AI & ML,821497,Open,616122.75
A02665,Applications,945497,Open,709122.75
A02666,Analytics & Data,1144858,Won,0.0
A02666,Security,1012394,Open,759295.5
A02667,Infrastructure,531081,Open,398310.75
A02667,Database,510741,Won,0.0
A02667,Analytics & Data,1319412,Open,989559.0
A02667,Security,3446364,Open,2584773.0
A02667,Applications,722992,Open,542244.0
A02668,Infrastructure,1444397,Open,1083297.75
A02668,Database,1155859,Open,866894.25
A02668,Analytics & Data,687901,Closed,0.0
A02668,Integration,661246,Open,495934.5
A02669,Infrastructure,2126411,Open,1594808.25
A02669,Analytics & Data,1287321,Lost,0.0
A02670,Analytics & Data,2767611,Won,0.0
A02670,AI & ML,2442401,Lost,0.0
A02670,Security,1604123,Won,0.0
A02671,Security,427678,Open,320758.5
A02672,Database,848932,Open,636699.0
A02672,Integration,2134629,Closed,0.0
A02675,Security,825188,Won,0.0
A02676,Integration,359632,Open,269724.0
A02677,Infrastructure,819416,Lost,0.0
A02677,Database,1892273,Open,1419204.75
A02677,AI & ML,3839572,Open,2879679.0
A02677,Security,565290,Closed,0.0
A02678,Analytics & Data,3909094,Lost,0.0
A02678,Applications,5526823,Open,4145117.25
A02679,Analytics & Data,395025,Open,296268.75
A02679,AI & ML,679884,Won,0.0
A02679,Security,1820265,Open,1365198.75
A02679,Integration,778414,Open,583810.5
A02680,Analytics & Data,2404638,Open,1803478.5
A02681,Database,3160374,Open,2370280.5
A02682,Infrastructure,896138,Open,672103.5
A02682,Database,456249,Open,342186.75
A02682,Security,4060234,Open,3045175.5
A02683,Database,2886631,Closed,0.0
A02683,Integration,1813612,Lost,0.0
A02685,Infrastructure,1320529,Lost,0.0
A02685,Applications,1693770,Won,0.0
A02686,Infrastructure,961168,Won,0.0
A02687,Applications,2975285,Open,2231463.75
A02688,Security,1780744,Open,1335558.0
A02689,Security,645289,Open,483966.75
A02689,Applications,5338693,Open,4004019.75
A02689,Integration,1296331,Open,972248.25
A02690,AI & ML,2478431,Open,1858823.25
A02690,Security,1106322,Open,829741.5
A02690,Integration,1031484,Won,0.0
A02691,Analytics & Data,2168211,Open,1626158.25
A02691,Security,1744382,Won,0.0
A02691,Applications,5600805,Lost,0.0
A02692,Infrastructure,763940,Open,572955.0
A02692,Database,313203,Lost,0.0
A02692,Integration,505668,Open,379251.0
A02693,AI & ML,729462,Open,547096.5
A02694,Database,3640743,Open,2730557.25
A02694,Analytics & Data,5186829,Open,3890121.75
A02694,Security,642083,Open,481562.25
A02694,Integration,1486403,Open,1114802.25
A02695,Infrastructure,1667960,Lost,0.0
A02695,Analytics & Data,1337036,Open,1002777.0
A02695,AI & ML,2514824,Open,1886118.0
A02695,Security,1581989,Lost,0.0
A02697,Database,2946159,Won,0.0
A02697,AI & ML,3570435,Open,2677826.25
A02697,Security,2202439,Open,1651829.25
A02698,Infrastructure,631948,Lost,0.0
A02698,Database,5299086,Open,3974314.5
A02698,Applications,1767932,Won,0.0
A02699,Database,534402,Open,400801.5
A02699,Security,1574951,Closed,0.0
A02700,Infrastructure,1416716,Open,1062537.0
A02701,Infrastructure,837387,Open,628040.25
A02701,Analytics & Data,828178,Open,621133.5
A02701,Applications,787536,Open,590652.0
A02702,Infrastructure,3997229,Open,2997921.75
A02702,Analytics & Data,1864383,Open,1398287.25
A02702,Applications,755836,Lost,0.0
A02703,Database,1023179,Closed,0.0
A02703,Analytics & Data,2912220,Won,0.0
A02704,Database,396678,Closed,0.0
A02705,Infrastructure,2220087,Open,1665065.25
A02705,Database,2348561,Open,1761420.75
A02705,Analytics & Data,667712,Won,0.0
A02705,Security,2121667,Open,1591250.25
A02706,Infrastructure,877046,Open,657784.5
A02706,AI & ML,367824,Open,275868.0
A02706,Security,725717,Open,544287.75
A02708,Infrastructure,1555659,Open,1166744.25
A02708,Security,1218963,Open,914222.25
A02708,Integration,658194,Open,493645.5
A02709,Infrastructure,606226,Open,454669.5
A02709,Database,1232398,Lost,0.0
A02709,Applications,3587577,Open,2690682.75
A02710,Database,1068128,Won,0.0
A02710,Security,1437535,Open,1078151.25
A02710,Applications,519351,Open,389513.25
A02712,Database,2045179,Won,0.0
A02712,AI & ML,1886841,Open,1415130.75
A02712,Security,631767,Open,473825.25
A02713,Security,3454395,Open,2590796.25
A02713,Applications,3163035,Open,2372276.25
A02713,Integration,2087010,Lost,0.0
A02714,Infrastructure,3280694,Open,2460520.5
A02714,Database,721685,Open,541263.75
A02714,Applications,1605416,Open,1204062.0
A02715,Database,4040596,Open,3030447.0
A02715,Security,781611,Open,586208.25
A02715,Integration,3641882,Open,2731411.5
A02716,Database,2527665,Lost,0.0
A02716,Analytics & Data,1401486,Open,1051114.5
A02717,Infrastructure,692232,Open,519174.0
A02717,Analytics & Data,1718492,Open,1288869.0
A02717,Applications,656083,Open,492062.25
A02717,Integration,1259048,Open,944286.0
A02718,Analytics & Data,507325,Open,380493.75
A02719,Infrastructure,8049320,Open,6036990.0
A02719,Analytics & Data,1221139,Closed,0.0
A02719,AI & ML,676818,Open,507613.5
A02720,Analytics & Data,1166415,Open,874811.25
A02720,Applications,1015953,Open,761964.75
A02721,Infrastructure,1409774,Open,1057330.5
A02721,Analytics & Data,586111,Open,439583.25
A02722,AI & ML,3066525,Open,2299893.75
A02722,Integration,461829,Lost,0.0
A02723,Analytics & Data,965169,Lost,0.0
A02723,Security,1381645,Open,1036233.75
A02723,Integration,726235,Lost,0.0
A02724,AI & ML,1848329,Won,0.0
A02725,Applications,3312829,Open,2484621.75
A02726,Infrastructure,1642381,Open,1231785.75
A02726,Database,622882,Lost,0.0
A02726,AI & ML,949052,Open,711789.0
A02726,Applications,1935764,Lost,0.0
A02727,Database,5472695,Open,4104521.25
A02727,AI & ML,1234446,Open,925834.5
A02727,Applications,967982,Lost,0.0
A02728,Security,323125,Open,242343.75
A02729,Integration,840579,Open,630434.25
A02730,Database,4640851,Won,0.0
A02730,Security,376925,Open,282693.75
A02731,Infrastructure,2256249,Lost,0.0
A02731,Integration,2506459,Open,1879844.25
A02732,Security,1749467,Open,1312100.25
A02732,Applications,4501966,Open,3376474.5
A02733,Security,5832369,Lost,0.0
A02734,Infrastructure,764354,Won,0.0
A02734,Database,2053540,Lost,0.0
A02734,Integration,2173025,Open,1629768.75
A02735,Database,1231967,Open,923975.25
A02735,Analytics & Data,1318931,Won,0.0
A02735,Security,2815426,Open,2111569.5
A02735,Applications,1894822,Won,0.0
A02736,Infrastructure,1273228,Closed,0.0
A02736,Analytics & Data,1700029,Closed,0.0
A02736,AI & ML,1314607,Open,985955.25
A02736,Security,2426517,Lost,0.0
A02737,Security,1531560,Open,1148670.0
A02737,Applications,568615,Open,426461.25
A02737,Integration,1382774,Open,1037080.5
A02738,Security,2652353,Open,1989264.75
A02738,Integration,5955239,Open,4466429.25
A02739,Integration,652508,Won,0.0
A02740,Analytics & Data,524485,Lost,0.0
A02740,AI & ML,2665556,Open,1999167.0
A02740,Integration,3609791,Open,2707343.25
A02741,Database,1777034,Won,0.0
A02741,Integration,1060078,Lost,0.0
A02742,Database,2087235,Open,1565426.25
A02742,Applications,3311478,Open,2483608.5
A02743,Database,160329,Open,120246.75
A02744,Infrastructure,2468286,Lost,0.0
A02745,Database,1497895,Open,1123421.25
A02745,AI & ML,809501,Open,607125.75
A02745,Applications,570502,Open,427876.5
A02746,Database,301546,Open,226159.5
A02746,Analytics & Data,1629781,Open,1222335.75
A02746,AI & ML,1811496,Open,1358622.0
A02747,Infrastructure,682672,Won,0.0
A02747,Database,736657,Open,552492.75
A02747,AI & ML,230512,Won,0.0
A02747,Security,2388007,Open,1791005.25
A02747,Applications,884350,Open,663262.5
A02748,AI & ML,1744841,Open,1308630.75
A02748,Integration,381345,Closed,0.0
A02749,Analytics & Data,2831212,Closed,0.0
A02750,Security,2330814,Lost,0.0
A02750,Applications,776184,Open,582138.0
A02751,Database,274433,Lost,0.0
A02751,Security,913516,Open,685137.0
A02751,Applications,1549224,Open,1161918.0
A02752,Infrastructure,1130370,Open,847777.5
A02752,Analytics & Data,4812845,Closed,0.0
A02753,Infrastructure,1715195,Won,0.0
A02753,Analytics & Data,1280526,Open,960394.5
A02753,AI & ML,924823,Open,693617.25
A02753,Applications,3711718,Open,2783788.5
A02754,Analytics & Data,1890406,Open,1417804.5
A02754,Applications,1106328,Open,829746.0
A02755,Infrastructure,6292606,Closed,0.0
A02755,Database,3179133,Open,2384349.75
A02755,Applications,5456909,Open,4092681.75
A02757,AI & ML,1231072,Closed,0.0
A02757,Security,865853,Open,649389.75
A02758,Database,1063075,Open,797306.25
A02758,AI & ML,1324063,Open,993047.25
A02758,Security,1660923,Open,1245692.25
A02758,Applications,3211922,Open,2408941.5
A02758,Integration,1701235,Lost,0.0
A02759,Infrastructure,1412539,Won,0.0
A02759,Database,561849,Lost,0.0
A02759,AI & ML,2817684,Open,2113263.0
A02759,Security,4772575,Open,3579431.25
A02759,Applications,3963498,Open,2972623.5
A02759,Integration,694977,Open,521232.75
A02760,Database,3149231,Open,2361923.25
A02760,AI & ML,3993660,Closed,0.0
A02760,Integration,324692,Open,243519.0
A02761,Infrastructure,3614096,Open,2710572.0
A02761,Database,1281903,Closed,0.0
A02761,AI & ML,531422,Open,398566.5
A02761,Security,1318230,Open,988672.5
A02762,Database,5680886,Closed,0.0
A02762,Applications,712555,Closed,0.0
A02762,Integration,518518,Open,388888.5
A02763,Database,2703322,Open,2027491.5
A02763,Security,678411,Open,508808.25
A02764,Infrastructure,378763,Lost,0.0
A02764,Analytics & Data,1078220,Open,808665.0
A02764,Security,1019050,Open,764287.5
A02764,Applications,754240,Won,0.0
A02765,Database,2941006,Open,2205754.5
A02765,Analytics & Data,1746702,Won,0.0
A02765,Integration,3891034,Lost,0.0
A02766,Infrastructure,2230660,Closed,0.0
A02766,Analytics & Data,761486,Open,571114.5
A02766,Applications,4073393,Open,3055044.75
A02767,Database,934811,Open,701108.25
A02767,Analytics & Data,501863,Open,376397.25
A02767,Applications,4035312,Won,0.0
A02768,Infrastructure,2443243,Won,0.0
A02769,Database,976795,Open,732596.25
A02769,Analytics & Data,1482850,Won,0.0
A02769,Applications,1785723,Open,1339292.25
A02770,Applications,603265,Open,452448.75
A02771,Database,3446652,Open,2584989.0
A02772,Database,3999635,Open,2999726.25
A02772,Analytics & Data,1415977,Open,1061982.75
A02772,Integration,883445,Lost,0.0
A02773,Database,1022294,Won,0.0
A02774,Security,1837482,Open,1378111.5
A02774,Applications,1637744,Won,0.0
A02775,Infrastructure,1996232,Closed,0.0
A02775,Security,1539579,Lost,0.0
A02775,Applications,2276629,Open,1707471.75
A02775,Integration,1522283,Won,0.0
A02777,AI & ML,383093,Open,287319.75
A02777,Security,1914385,Open,1435788.75
A02777,Applications,1331763,Open,998822.25
A02778,Database,390894,Open,293170.5
A02778,Analytics & Data,2170779,Open,1628084.25
A02778,AI & ML,1293769,Lost,0.0
A02778,Integration,3972836,Open,2979627.0
A02779,Database,465463,Open,349097.25
A02779,Analytics & Data,439208,Lost,0.0
A02779,Security,2043518,Closed,0.0
A02780,Analytics & Data,1298837,Open,974127.75
A02780,AI & ML,4204436,Open,3153327.0
A02781,Security,6924564,Won,0.0
A02781,Applications,4015711,Open,3011783.25
A02781,Integration,2417145,Open,1812858.75
A02782,Infrastructure,1809516,Open,1357137.0
A02782,Database,1018711,Open,764033.25
A02782,Analytics & Data,8202997,Open,6152247.75
A02783,Analytics & Data,1134796,Open,851097.0
A02783,Applications,1806759,Open,1355069.25
A02784,Infrastructure,3545370,Open,2659027.5
A02784,Security,1465461,Closed,0.0
A02785,Analytics & Data,738186,Open,553639.5
A02785,Security,792899,Open,594674.25
A02785,Integration,2183037,Won,0.0
A02786,Infrastructure,3245520,Closed,0.0
A02786,Database,1825099,Open,1368824.25
A02786,Analytics & Data,320228,Closed,0.0
A02787,Database,2287348,Open,1715511.0
A02787,Security,2439679,Won,0.0
A02788,Infrastructure,1068647,Open,801485.25
A02788,AI & ML,2858487,Open,2143865.25
A02788,Security,487014,Open,365260.5
A02789,AI & ML,1953520,Lost,0.0
A02789,Security,587651,Open,440738.25
A02790,AI & ML,2737861,Open,2053395.75
A02790,Security,625453,Won,0.0
A02790,Applications,1530767,Open,1148075.25
A02791,Database,2610081,Open,1957560.75
A02791,Applications,2478178,Open,1858633.5
A02792,Infrastructure,2668441,Open,2001330.75
A02792,Database,2511693,Open,1883769.75
A02793,Database,702718,Open,527038.5
A02793,Analytics & Data,2133012,Open,1599759.0
A02794,Analytics & Data,955997,Open,716997.75
A02794,Applications,1061045,Open,795783.75
A02795,Database,3072458,Open,2304343.5
A02795,Integration,2589749,Open,1942311.75
A02796,AI & ML,1188119,Open,891089.25
A02797,Database,3745181,Open,2808885.75
A02797,AI & ML,995944,Open,746958.0
A02797,Security,1025212,Open,768909.0
A02797,Applications,2129717,Lost,0.0
A02798,Analytics & Data,2333703,Won,0.0
A02798,Security,1222207,Lost,0.0
A02798,Applications,1291970,Open,968977.5
A02798,Integration,983915,Lost,0.0
A02799,AI & ML,3927355,Won,0.0
A02799,Security,1005438,Lost,0.0
A02799,Integration,400502,Open,300376.5
A02800,Infrastructure,1385087,Open,1038815.25
A02800,Database,2697767,Lost,0.0
A02800,Analytics & Data,1874132,Open,1405599.0
A02800,AI & ML,1148911,Open,861683.25
A02800,Applications,1131713,Open,848784.75
A02801,Database,1518922,Open,1139191.5
A02801,Analytics & Data,3900173,Won,0.0
A02801,AI & ML,839013,Lost,0.0
A02801,Security,1014582,Open,760936.5
A02801,Integration,1471257,Open,1103442.75
A02802,Infrastructure,2171963,Open,1628972.25
A02802,Database,1202459,Lost,0.0
A02803,Database,1824318,Open,1368238.5
A02803,Security,1513258,Lost,0.0
A02804,Infrastructure,3391048,Open,2543286.0
A02804,Integration,1161934,Won,0.0
A02805,Analytics & Data,3955950,Lost,0.0
A02805,Security,686576,Open,514932.0
A02805,Integration,749922,Lost,0.0
A02806,Analytics & Data,515757,Open,386817.75
A02807,Infrastructure,2650840,Open,1988130.0
A02807,Database,1593389,Open,1195041.75
A02808,Infrastructure,893272,Lost,0.0
A02808,AI & ML,608350,Open,456262.5
A02809,AI & ML,304539,Open,228404.25
A02809,Applications,886196,Open,664647.0
A02809,Integration,573673,Open,430254.75
A02810,Analytics & Data,1611443,Lost,0.0
A02810,Integration,1217001,Lost,0.0
A02811,Infrastructure,1576880,Lost,0.0
A02811,AI & ML,1279499,Open,959624.25
A02811,Security,620991,Won,0.0
A02811,Integration,942261,Open,706695.75
A02812,Applications,1255028,Open,941271.0
A02812,Integration,734256,Won,0.0
A02813,Analytics & Data,1026083,Open,769562.25
A02813,Security,2210418,Open,1657813.5
A02813,Applications,1101333,Open,825999.75
A02814,Infrastructure,1737877,Won,0.0
A02814,Applications,959907,Open,719930.25
A02814,Integration,1893399,Open,1420049.25
A02815,Database,703441,Open,527580.75
A02815,Analytics & Data,976697,Lost,0.0
A02815,AI & ML,1068250,Open,801187.5
A02815,Security,1725460,Lost,0.0
A02815,Applications,1991301,Open,1493475.75
A02816,Database,1676246,Open,1257184.5
A02816,Integration,660287,Open,495215.25
A02817,Infrastructure,1053513,Open,790134.75
A02817,Analytics & Data,893258,Open,669943.5
A02817,AI & ML,2131564,Open,1598673.0
A02817,Applications,1600584,Won,0.0
A02818,AI & ML,3759663,Open,2819747.25
A02818,Integration,4663066,Open,3497299.5
A02819,Infrastructure,1798465,Open,1348848.75
A02819,Analytics & Data,1034160,Open,775620.0
A02819,Integration,892192,Open,669144.0
A02820,Infrastructure,3252311,Won,0.0
A02820,AI & ML,1046868,Open,785151.0
A02820,Security,3442093,Open,2581569.75
A02821,Database,3274435,Open,2455826.25
A02821,AI & ML,679544,Lost,0.0
A02822,Infrastructure,2122756,Open,1592067.0
A02822,Security,6509386,Closed,0.0
A02822,Applications,1517893,Open,1138419.75
A02823,Infrastructure,2314101,Open,1735575.75
A02823,Database,3513181,Won,0.0
A02823,Integration,7737329,Open,5802996.75
A02824,Database,2854383,Open,2140787.25
A02824,AI & ML,932635,Open,699476.25
A02825,Database,3119720,Open,2339790.0
A02825,AI & ML,611927,Open,458945.25
A02825,Integration,979991,Won,0.0
A02826,Database,5799585,Closed,0.0
A02826,Integration,1209869,Open,907401.75
A02827,Database,538841,Open,404130.75
A02827,AI & ML,1202754,Open,902065.5
A02827,Security,2045281,Open,1533960.75
A02828,Infrastructure,951215,Closed,0.0
A02828,Applications,2669271,Open,2001953.25
A02829,Security,1248819,Lost,0.0
A02829,Applications,944159,Open,708119.25
A02830,Analytics & Data,493773,Open,370329.75
A02830,AI & ML,731086,Won,0.0
A02830,Integration,5492236,Open,4119177.0
A02831,Analytics & Data,485418,Open,364063.5
A02832,Infrastructure,2314690,Open,1736017.5
A02832,Analytics & Data,2542701,Won,0.0
A02832,Applications,1767186,Won,0.0
A02832,Integration,1760153,Open,1320114.75
A02833,Applications,458935,Open,344201.25
A02833,Integration,2377831,Open,1783373.25
A02835,Database,2141536,Open,1606152.0
A02835,Analytics & Data,230276,Open,172707.0
A02835,AI & ML,1662562,Open,1246921.5
A02836,Analytics & Data,2273447,Lost,0.0
A02836,Security,3688818,Open,2766613.5
A02837,Database,569646,Open,427234.5
A02837,AI & ML,1350751,Open,1013063.25
A02837,Applications,697397,Open,523047.75
A02837,Integration,345033,Open,258774.75
A02838,Analytics & Data,2740459,Open,2055344.25
A02838,Applications,3458477,Open,2593857.75
A02839,Infrastructure,2211457,Open,1658592.75
A02839,Applications,989386,Lost,0.0
A02839,Integration,1630368,Lost,0.0
A02840,Security,653245,Open,489933.75
A02841,Security,412275,Lost,0.0
A02841,Applications,292333,Closed,0.0
A02842,Analytics & Data,357840,Open,268380.0
A02842,Applications,4268286,Open,3201214.5
A02842,Integration,470479,Lost,0.0
A02843,Security,696400,Open,522300.0
A02843,Applications,2424139,Open,1818104.25
A02843,Integration,1274879,Open,956159.25
A02844,Infrastructure,2604261,Open,1953195.75
A02844,Analytics & Data,231717,Open,173787.75
A02844,AI & ML,5848170,Open,4386127.5
A02845,AI & ML,2479099,Open,1859324.25
A02845,Security,435012,Open,326259.0
A02846,Infrastructure,1459200,Open,1094400.0
A02846,Analytics & Data,525521,Open,394140.75
A02847,Infrastructure,564091,Lost,0.0
A02847,Analytics & Data,649932,Open,487449.0
A02847,Integration,628975,Won,0.0
A02848,Infrastructure,595995,Open,446996.25
A02848,Applications,316903,Lost,0.0
A02849,AI & ML,1328672,Open,996504.0
A02849,Applications,1019038,Open,764278.5
A02850,Infrastructure,906537,Open,679902.75
A02850,Analytics & Data,1437103,Lost,0.0
A02851,Security,1105284,Open,828963.0
A02852,Database,649214,Open,486910.5
A02852,Analytics & Data,749803,Lost,0.0
A02852,AI & ML,2846913,Open,2135184.75
A02852,Security,2491326,Open,1868494.5
A02853,Infrastructure,1512315,Open,1134236.25
A02853,Analytics & Data,814746,Open,611059.5
A02854,Integration,1093880,Open,820410.0
A02855,Analytics & Data,3286745,Open,2465058.75
A02855,AI & ML,3090347,Open,2317760.25
A02855,Applications,2690621,Open,2017965.75
A02855,Integration,402209,Open,301656.75
A02856,Infrastructure,1609513,Open,1207134.75
A02856,Integration,3647255,Open,2735441.25
A02857,Infrastructure,3921487,Open,2941115.25
A02857,Database,617735,Open,463301.25
A02857,Applications,698932,Lost,0.0
A02858,Analytics & Data,3103744,Open,2327808.0
A02858,AI & ML,5847720,Open,4385790.0
A02858,Security,2641613,Open,1981209.75
A02858,Applications,716312,Lost,0.0
A02860,Analytics & Data,854059,Open,640544.25
A02860,Applications,1072988,Closed,0.0
A02861,AI & ML,670317,Open,502737.75
A02861,Security,1440576,Open,1080432.0
A02861,Integration,1130558,Open,847918.5
A02863,Infrastructure,1138527,Won,0.0
A02863,Database,912280,Open,684210.0
A02863,Applications,622361,Open,466770.75
A02865,Infrastructure,2070810,Open,1553107.5
A02865,Security,239057,Won,0.0
A02865,Applications,856717,Won,0.0
A02866,Analytics & Data,1297531,Open,973148.25
A02866,Security,1383702,Open,1037776.5
A02867,Infrastructure,1377049,Won,0.0
A02867,Analytics & Data,2195763,Open,1646822.25
A02867,Applications,571567,Open,428675.25
A02867,Integration,801678,Open,601258.5
A02868,Database,2900959,Open,2175719.25
A02868,Analytics & Data,1498055,Open,1123541.25
A02868,Security,2267030,Open,1700272.5
A02869,AI & ML,2097623,Open,1573217.25
A02869,Applications,1695999,Lost,0.0
A02870,Infrastructure,457485,Open,343113.75
A02872,AI & ML,1849429,Closed,0.0
A02872,Security,833125,Open,624843.75
A02872,Integration,649060,Open,486795.0
A02873,Analytics & Data,1371913,Closed,0.0
A02873,Security,1488182,Open,1116136.5
A02873,Integration,3066858,Open,2300143.5
A02874,Analytics & Data,610966,Open,458224.5
A02874,Integration,1888722,Open,1416541.5
A02875,Applications,3657653,Open,2743239.75
A02876,Infrastructure,2099662,Open,1574746.5
A02876,Applications,555684,Closed,0.0
A02877,AI & ML,2121971,Open,1591478.25
A02877,Applications,1777319,Open,1332989.25
A02877,Integration,2883892,Open,2162919.0
A02878,Database,383012,Open,287259.0
A02878,Analytics & Data,462435,Open,346826.25
A02878,Integration,911473,Open,683604.75
A02879,Integration,1061186,Open,795889.5
A02880,Analytics & Data,596501,Won,0.0
A02881,AI & ML,1809437,Open,1357077.75
A02882,AI & ML,2307146,Closed,0.0
A02882,Applications,5023279,Open,3767459.25
A02882,Integration,1458361,Open,1093770.75
A02883,Database,835173,Open,626379.75
A02883,AI & ML,3309585,Lost,0.0
A02885,Infrastructure,1320065,Closed,0.0
A02885,Database,1616295,Open,1212221.25
A02885,Analytics & Data,2762827,Open,2072120.25
A02885,AI & ML,1471801,Open,1103850.75
A02885,Security,358763,Open,269072.25
A02885,Integration,636354,Open,477265.5
A02886,Database,3038041,Lost,0.0
A02887,Infrastructure,794057,Open,595542.75
A02887,AI & ML,516131,Open,387098.25
A02887,Security,776262,Open,582196.5
A02887,Integration,3870651,Open,2902988.25
A02888,Database,1369143,Open,1026857.25
A02888,Applications,1700452,Open,1275339.0
A02889,Analytics & Data,1220710,Open,915532.5
A02889,AI & ML,913999,Open,685499.25
A02889,Applications,613499,Open,460124.25
A02891,Integration,746336,Open,559752.0
A02894,Security,799439,Open,599579.25
A02895,Security,624891,Open,468668.25
A02895,Applications,1780442,Lost,0.0
A02895,Integration,1880775,Open,1410581.25
A02896,Analytics & Data,634037,Won,0.0
A02896,Applications,2373345,Open,1780008.75
A02896,Integration,2732265,Open,2049198.75
A02897,Database,1209818,Open,907363.5
A02897,Security,1692679,Won,0.0
A02898,Analytics & Data,1694654,Won,0.0
A02899,Infrastructure,1097195,Open,822896.25
A02899,Analytics & Data,1939999,Open,1454999.25
A02900,Applications,348773,Open,261579.75
A02901,Database,1399529,Open,1049646.75
A02902,Analytics & Data,1683221,Closed,0.0
A02902,AI & ML,455797,Won,0.0
A02902,Security,1282477,Won,0.0
A02902,Integration,967049,Won,0.0
A02903,Integration,3596590,Won,0.0
A02905,Analytics & Data,3718959,Won,0.0
A02905,AI & ML,3776382,Open,2832286.5
A02905,Security,5971236,Open,4478427.0
A02906,Database,1446857,Open,1085142.75
A02906,Analytics & Data,4084472,Won,0.0
A02906,AI & ML,2281452,Open,1711089.0
A02906,Applications,4319765,Open,3239823.75
A02907,Database,1721309,Open,1290981.75
A02907,AI & ML,1609086,Won,0.0
A02907,Security,1466240,Open,1099680.0
A02907,Applications,1323882,Open,992911.5
A02907,Integration,2531601,Open,1898700.75
A02908,Security,470866,Open,353149.5
A02908,Applications,2752074,Lost,0.0
A02909,Database,127336,Open,95502.0
A02909,Analytics & Data,973630,Open,730222.5
A02909,Integration,2949921,Open,2212440.75
A02910,Database,1057198,Open,792898.5
A02910,Security,1393572,Open,1045179.0
A02910,Integration,466238,Open,349678.5
A02911,Infrastructure,1303165,Open,977373.75
A02912,Database,750565,Open,562923.75
A02912,Analytics & Data,1324943,Won,0.0
A02912,Security,1820748,Open,1365561.0
A02912,Applications,1663003,Open,1247252.25
A02913,Database,1858996,Open,1394247.0
A02913,Integration,345852,Lost,0.0
A02914,Infrastructure,1164635,Open,873476.25
A02914,Database,595557,Closed,0.0
A02914,Analytics & Data,781788,Open,586341.0
A02914,AI & ML,405547,Open,304160.25
A02915,Applications,926486,Open,694864.5
A02916,Analytics & Data,2433740,Open,1825305.0
A02916,AI & ML,1716396,Closed,0.0
A02916,Security,1223048,Open,917286.0
A02917,Applications,1685516,Closed,0.0
A02918,Database,867427,Open,650570.25
A02918,Analytics & Data,873276,Won,0.0
A02918,AI & ML,2047031,Lost,0.0
A02919,Database,1387843,Closed,0.0
A02919,Analytics & Data,1366939,Lost,0.0
A02920,Infrastructure,741909,Open,556431.75
A02920,AI & ML,1171751,Open,878813.25
A02921,Infrastructure,1141308,Won,0.0
A02921,AI & ML,1599362,Open,1199521.5
A02922,Infrastructure,333405,Open,250053.75
A02922,Analytics & Data,336437,Lost,0.0
A02922,Applications,1031924,Open,773943.0
A02923,Security,883813,Lost,0.0
A02923,Applications,1559029,Open,1169271.75
A02923,Integration,1391711,Lost,0.0
A02924,Database,1279669,Closed,0.0
A02924,Security,7396886,Open,5547664.5
A02924,Integration,967571,Lost,0.0
A02925,Analytics & Data,892013,Won,0.0
A02925,AI & ML,433319,Open,324989.25
A02926,Database,3187214,Open,2390410.5
A02926,Integration,805188,Won,0.0
A02927,Infrastructure,1474189,Open,1105641.75
A02927,Analytics & Data,2787748,Open,2090811.0
A02928,Infrastructure,616097,Open,462072.75
A02928,Security,2131470,Open,1598602.5
A02928,Integration,642162,Open,481621.5
A02929,Database,1662596,Open,1246947.0
A02929,Security,6416374,Won,0.0
A02929,Integration,2214348,Open,1660761.0
A02930,Infrastructure,1516108,Lost,0.0
A02930,Database,1853235,Open,1389926.25
A02930,Security,721413,Open,541059.75
A02931,Applications,1823358,Open,1367518.5
A02932,AI & ML,734112,Open,550584.0
A02933,AI & ML,1030629,Lost,0.0
A02933,Applications,2205628,Won,0.0
A02934,AI & ML,1613352,Lost,0.0
A02935,Infrastructure,1022021,Lost,0.0
A02935,Integration,2026938,Won,0.0
A02936,Database,1954696,Open,1466022.0
A02936,Applications,793672,Open,595254.0
A02936,Integration,362722,Won,0.0
A02937,Infrastructure,1161679,Open,871259.25
A02937,Security,541182,Open,405886.5
A02937,Integration,1860527,Open,1395395.25
A02938,Infrastructure,6372921,Lost,0.0
A02939,Analytics & Data,2406280,Open,1804710.0
A02939,Security,2254408,Open,1690806.0
A02940,Analytics & Data,2812070,Lost,0.0
A02940,Applications,739109,Open,554331.75
A02940,Integration,885311,Open,663983.25
A02941,Database,1057111,Open,792833.25
A02941,Analytics & Data,1233025,Open,924768.75
A02941,Security,991922,Open,743941.5
A02941,Applications,1510096,Open,1132572.0
A02941,Integration,6394551,Open,4795913.25
A02942,Security,4241115,Open,3180836.25
A02943,Infrastructure,1466874,Open,1100155.5
A02943,AI & ML,1454934,Open,1091200.5
A02944,Infrastructure,547804,Lost,0.0
A02944,AI & ML,3535686,Lost,0.0
A02945,Infrastructure,2446744,Open,1835058.0
A02945,Database,1403628,Open,1052721.0
A02945,AI & ML,1317919,Open,988439.25
A02945,Security,2506291,Won,0.0
A02945,Integration,995246,Open,746434.5
A02946,Infrastructure,633333,Open,474999.75
A02946,AI & ML,545663,Open,409247.25
A02946,Applications,825165,Lost,0.0
A02947,Infrastructure,302429,Won,0.0
A02947,Database,1203195,Lost,0.0
A02947,AI & ML,2646037,Open,1984527.75
A02947,Applications,1722878,Lost,0.0
A02948,Infrastructure,2085713,Open,1564284.75
A02948,Analytics & Data,3230094,Open,2422570.5
A02948,Security,338941,Closed,0.0
A02948,Applications,3192790,Open,2394592.5
A02948,Integration,984749,Closed,0.0
A02949,AI & ML,1674923,Open,1256192.25
A02950,Applications,703561,Open,527670.75
A02951,Infrastructure,437956,Open,328467.0
A02951,Analytics & Data,1280014,Open,960010.5
A02951,Security,977243,Open,732932.25
A02953,Database,1325288,Open,993966.0
A02954,Database,788309,Open,591231.75
A02954,AI & ML,1189760,Open,892320.0
A02954,Applications,1046441,Open,784830.75
A02954,Integration,2912675,Open,2184506.25
A02955,Infrastructure,796116,Won,0.0
A02955,AI & ML,5145073,Lost,0.0
A02955,Integration,641296,Open,480972.0
A02956,Database,1584402,Open,1188301.5
A02956,Analytics & Data,2348372,Won,0.0
A02957,Infrastructure,1242574,Open,931930.5
A02957,Database,1835777,Open,1376832.75
A02957,Analytics & Data,1726787,Open,1295090.25
A02957,Applications,868145,Open,651108.75
A02958,Database,1403508,Won,0.0
A02958,Analytics & Data,1114892,Open,836169.0
A02958,Security,571214,Closed,0.0
A02958,Applications,1353877,Open,1015407.75
A02959,Infrastructure,2305232,Open,1728924.0
A02959,Database,460893,Open,345669.75
A02959,Applications,731855,Open,548891.25
A02961,Infrastructure,1231247,Open,923435.25
A02961,Analytics & Data,2828278,Won,0.0
A02961,Applications,1584598,Open,1188448.5
A02961,Integration,1054097,Won,0.0
A02962,Infrastructure,1729876,Open,1297407.0
A02962,Analytics & Data,380665,Open,285498.75
A02962,Applications,2658226,Open,1993669.5
A02963,Infrastructure,5262752,Won,0.0
A02963,Database,3099317,Won,0.0
A02963,Analytics & Data,1017583,Open,763187.25
A02963,AI & ML,2947447,Open,2210585.25
A02963,Integration,3070013,Open,2302509.75
A02964,Security,1094432,Open,820824.0
A02965,Infrastructure,1166290,Open,874717.5
A02965,Analytics & Data,5743637,Open,4307727.75
A02965,AI & ML,1159932,Lost,0.0
A02965,Applications,2341588,Open,1756191.0
A02966,Analytics & Data,3052857,Open,2289642.75
A02966,Integration,1483750,Open,1112812.5
A02968,Infrastructure,1693126,Open,1269844.5
A02968,AI & ML,1941007,Open,1455755.25
A02968,Integration,2390850,Open,1793137.5
A02969,Database,2101857,Open,1576392.75
A02969,Analytics & Data,178018,Open,133513.5
A02969,AI & ML,380740,Open,285555.0
A02970,Database,829335,Open,622001.25
A02970,AI & ML,743000,Open,557250.0
A02971,Database,1899137,Open,1424352.75
A02971,Analytics & Data,1129526,Lost,0.0
A02971,Security,1753400,Open,1315050.0
A02972,Security,1715795,Open,1286846.25
A02973,Infrastructure,1259370,Open,944527.5
A02973,Security,2252323,Won,0.0
A02973,Applications,2622491,Lost,0.0
A02973,Integration,1366001,Open,1024500.75
A02974,Applications,2267824,Open,1700868.0
A02975,Database,1184519,Closed,0.0
A02975,Analytics & Data,1497060,Won,0.0
A02976,Infrastructure,1683641,Lost,0.0
A02976,Database,1068383,Open,801287.25
A02976,Security,2665665,Open,1999248.75
A02976,Applications,836595,Open,627446.25
A02978,Infrastructure,1239619,Open,929714.25
A02978,Analytics & Data,2317187,Open,1737890.25
A02978,Integration,3086088,Open,2314566.0
A02979,Analytics & Data,1733766,Won,0.0
A02979,Applications,4442856,Won,0.0
A02979,Integration,820822,Open,615616.5
A02980,Analytics & Data,1980715,Open,1485536.25
A02980,AI & ML,1099682,Open,824761.5
A02981,Infrastructure,4746523,Open,3559892.25
A02981,Analytics & Data,1883319,Open,1412489.25
A02981,AI & ML,1537904,Won,0.0
A02982,Analytics & Data,1496980,Open,1122735.0
A02982,AI & ML,564622,Open,423466.5
A02982,Integration,2510689,Open,1883016.75
A02983,Applications,1319707,Open,989780.25
A02983,Integration,4339872,Open,3254904.0
A02984,Database,3510311,Lost,0.0
A02984,Analytics & Data,1993610,Open,1495207.5
A02984,Applications,2061341,Open,1546005.75
A02985,Database,970597,Lost,0.0
A02985,Analytics & Data,1453380,Open,1090035.0
A02985,Security,569329,Closed,0.0
A02985,Integration,661503,Open,496127.25
A02986,Infrastructure,370812,Open,278109.0
A02986,Database,1443064,Open,1082298.0
A02986,AI & ML,769526,Open,577144.5
A02986,Integration,6213988,Open,4660491.0
A02989,Database,3139852,Open,2354889.0
A02989,Analytics & Data,4139582,Open,3104686.5
A02989,Applications,1676912,Open,1257684.0
A02989,Integration,2086679,Open,1565009.25
A02990,Infrastructure,6462736,Lost,0.0
A02990,AI & ML,724444,Open,543333.0
A02991,Database,7814527,Closed,0.0
A02991,Analytics & Data,1049561,Won,0.0
A02991,AI & ML,557924,Open,418443.0
A02991,Applications,353690,Open,265267.5
A02992,Analytics & Data,1684759,Open,1263569.25
A02992,Integration,2182930,Open,1637197.5
A02993,Analytics & Data,690739,Open,518054.25
A02993,Security,977407,Lost,0.0
A02994,Analytics & Data,1537007,Open,1152755.25
A02994,AI & ML,2796925,Open,2097693.75
A02995,Analytics & Data,1134468,Lost,0.0
A02995,Integration,464917,Lost,0.0
A02996,Security,451788,Open,338841.0
A02996,Applications,1842541,Open,1381905.75
A02997,Database,1870821,Won,0.0
A02997,Security,858369,Open,643776.75
A02997,Applications,1181373,Open,886029.75
A02998,Database,1466722,Open,1100041.5
A02998,Analytics & Data,1346633,Open,1009974.75
A02998,AI & ML,1120141,Open,840105.75
A02998,Security,1841578,Open,1381183.5
A02999,Database,923396,Closed,0.0
A02999,Integration,747123,Open,560342.25
A03000,Infrastructure,3662764,Open,2747073.0
A03000,Analytics & Data,855221,Closed,0.0
A03000,AI & ML,1621518,Open,1216138.5
A03000,Integration,1718129,Open,1288596.75
