account_id,product_family,deployment,consumption
A00001,Infrastructure,No Footprint,0
A00001,Database,Cloud,632585
A00001,Analytics & Data,Cloud,567430
A00001,AI & ML,Cloud,343326
A00001,Security,Cloud,1915887
A00001,Applications,Cloud,744810
A00001,Integration,Cloud,174222
A00002,Infrastructure,Cloud,612689
A00002,Database,No Footprint,0
A00002,Analytics & Data,No Footprint,0
A00002,AI & ML,No Footprint,0
A00002,Security,No Footprint,0
A00002,Applications,Cloud,585438
A00002,Integration,Hybrid,1207651
A00003,Infrastructure,On-Premise,9178315
A00003,Database,On-Premise,271091
A00003,Analytics & Data,No Footprint,0
A00003,AI & ML,No Footprint,0
A00003,Security,Hybrid,933268
A00003,Applications,No Footprint,0
A00003,Integration,No Footprint,0
A00004,Infrastructure,No Footprint,0
A00004,Database,On-Premise,755760
A00004,Analytics & Data,No Footprint,0
A00004,AI & ML,No Footprint,0
A00004,Security,No Footprint,0
A00004,Applications,No Footprint,0
A00004,Integration,Hybrid,677563
A00005,Infrastructure,Hybrid,587406
A00005,Database,No Footprint,0
A00005,Analytics & Data,No Footprint,0
A00005,AI & ML,Cloud,1382752
A00005,Security,Hybrid,991689
A00005,Applications,Hybrid,299865
A00005,Integration,Cloud,1114150
A00006,Infrastructure,No Footprint,0
A00006,Database,Hybrid,1017132
A00006,Analytics & Data,Hybrid,335888
A00006,AI & ML,Cloud,474625
A00006,Security,On-Premise,1194024
A00006,Applications,Cloud,1543257
A00006,Integration,Hybrid,1988611
A00007,Infrastructure,Cloud,416735
A00007,Database,Cloud,866986
A00007,Analytics & Data,No Footprint,0
A00007,AI & ML,No Footprint,0
A00007,Security,Hybrid,1361279
A00007,Applications,No Footprint,0
A00007,Integration,Hybrid,1287154
A00008,Infrastructure,No Footprint,0
A00008,Database,No Footprint,0
A00008,Analytics & Data,Hybrid,454175
A00008,AI & ML,No Footprint,0
A00008,Security,On-Premise,640503
A00008,Applications,No Footprint,0
A00008,Integration,No Footprint,0
A00009,Infrastructure,No Footprint,0
A00009,Database,Hybrid,3597813
A00009,Analytics & Data,Hybrid,1480163
A00009,AI & ML,Cloud,565926
A00009,Security,Hybrid,1052969
A00009,Applications,No Footprint,0
A00009,Integration,No Footprint,0
A00010,Infrastructure,Cloud,646825
A00010,Database,On-Premise,368244
A00010,Analytics & Data,Hybrid,235661
A00010,AI & ML,No Footprint,0
A00010,Security,Hybrid,285093
A00010,Applications,On-Premise,750391
A00010,Integration,Cloud,1391016
A00011,Infrastructure,No Footprint,0
A00011,Database,Hybrid,1023557
A00011,Analytics & Data,No Footprint,0
A00011,AI & ML,No Footprint,0
A00011,Security,Hybrid,4787190
A00011,Applications,No Footprint,0
A00011,Integration,Cloud,556436
A00012,Infrastructure,Cloud,819796
A00012,Database,Hybrid,487844
A00012,Analytics & Data,No Footprint,0
A00012,AI & ML,No Footprint,0
A00012,Security,No Footprint,0
A00012,Applications,Hybrid,419597
A00012,Integration,No Footprint,0
A00013,Infrastructure,No Footprint,0
A00013,Database,Cloud,488684
A00013,Analytics & Data,Cloud,1348098
A00013,AI & ML,No Footprint,0
A00013,Security,Hybrid,494652
A00013,Applications,Hybrid,608414
A00013,Integration,Hybrid,911360
A00014,Infrastructure,No Footprint,0
A00014,Database,On-Premise,5907911
A00014,Analytics & Data,No Footprint,0
A00014,AI & ML,No Footprint,0
A00014,Security,On-Premise,579787
A00014,Applications,On-Premise,4969774
A00014,Integration,Cloud,1816526
A00015,Infrastructure,On-Premise,987116
A00015,Database,Cloud,2302527
A00015,Analytics & Data,No Footprint,0
A00015,AI & ML,No Footprint,0
A00015,Security,Cloud,257181
A00015,Applications,Hybrid,313819
A00015,Integration,No Footprint,0
A00016,Infrastructure,Hybrid,510227
A00016,Database,Hybrid,402263
A00016,Analytics & Data,Hybrid,1285022
A00016,AI & ML,Cloud,766768
A00016,Security,Hybrid,512227
A00016,Applications,On-Premise,2028967
A00016,Integration,Cloud,1380198
A00017,Infrastructure,On-Premise,1410645
A00017,Database,On-Premise,341355
A00017,Analytics & Data,Cloud,208412
A00017,AI & ML,No Footprint,0
A00017,Security,Cloud,214115
A00017,Applications,Hybrid,423213
A00017,Integration,Hybrid,112528
A00018,Infrastructure,On-Premise,2240288
A00018,Database,Cloud,235649
A00018,Analytics & Data,Cloud,497100
A00018,AI & ML,Cloud,308140
A00018,Security,Cloud,732113
A00018,Applications,No Footprint,0
A00018,Integration,Hybrid,690174
A00019,Infrastructure,Hybrid,594536
A00019,Database,Hybrid,574132
A00019,Analytics & Data,Cloud,2046271
A00019,AI & ML,Cloud,129151
A00019,Security,On-Premise,1508382
A00019,Applications,No Footprint,0
A00019,Integration,Cloud,254723
A00020,Infrastructure,Cloud,1737867
A00020,Database,Hybrid,387558
A00020,Analytics & Data,Cloud,3020875
A00020,AI & ML,No Footprint,0
A00020,Security,Cloud,1024329
A00020,Applications,Cloud,1057860
A00020,Integration,Hybrid,886243
A00021,Infrastructure,Hybrid,512830
A00021,Database,Hybrid,2031079
A00021,Analytics & Data,Hybrid,1078820
A00021,AI & ML,Cloud,666221
A00021,Security,On-Premise,224480
A00021,Applications,On-Premise,250384
A00021,Integration,Hybrid,882629
A00022,Infrastructure,Hybrid,1064120
A00022,Database,Cloud,304595
A00022,Analytics & Data,Cloud,250995
A00022,AI & ML,Cloud,373980
A00022,Security,Hybrid,2722646
A00022,Applications,Cloud,279906
A00022,Integration,No Footprint,0
A00023,Infrastructure,Cloud,723256
A00023,Database,Hybrid,311642
A00023,Analytics & Data,Hybrid,758856
A00023,AI & ML,Cloud,2313957
A00023,Security,On-Premise,133608
A00023,Applications,Hybrid,735543
A00023,Integration,Cloud,499798
A00024,Infrastructure,Hybrid,2522319
A00024,Database,On-Premise,514764
A00024,Analytics & Data,Cloud,1437871
A00024,AI & ML,No Footprint,0
A00024,Security,On-Premise,615960
A00024,Applications,Hybrid,148114
A00024,Integration,Hybrid,885990
A00025,Infrastructure,Hybrid,257772
A00025,Database,Hybrid,280034
A00025,Analytics & Data,Hybrid,2985967
A00025,AI & ML,Cloud,2145522
A00025,Security,Cloud,1191111
A00025,Applications,Cloud,232439
A00025,Integration,No Footprint,0
A00026,Infrastructure,On-Premise,731527
A00026,Database,Hybrid,327919
A00026,Analytics & Data,No Footprint,0
A00026,AI & ML,Cloud,941475
A00026,Security,No Footprint,0
A00026,Applications,On-Premise,1259935
A00026,Integration,Cloud,522640
A00027,Infrastructure,On-Premise,463683
A00027,Database,No Footprint,0
A00027,Analytics & Data,Cloud,210380
A00027,AI & ML,Cloud,1092144
A00027,Security,On-Premise,1464610
A00027,Applications,On-Premise,1025621
A00027,Integration,No Footprint,0
A00028,Infrastructure,Cloud,1260410
A00028,Database,No Footprint,0
A00028,Analytics & Data,No Footprint,0
A00028,AI & ML,No Footprint,0
A00028,Security,No Footprint,0
A00028,Applications,On-Premise,747161
A00028,Integration,Hybrid,208422
A00029,Infrastructure,Cloud,169506
A00029,Database,On-Premise,2411278
A00029,Analytics & Data,Cloud,453555
A00029,AI & ML,Cloud,254551
A00029,Security,No Footprint,0
A00029,Applications,Cloud,1579325
A00029,Integration,Cloud,549144
A00030,Infrastructure,On-Premise,1341927
A00030,Database,Hybrid,470433
A00030,Analytics & Data,Cloud,635933
A00030,AI & ML,Cloud,1088366
A00030,Security,Cloud,706248
A00030,Applications,Hybrid,2009520
A00030,Integration,Cloud,236743
A00031,Infrastructure,Cloud,414279
A00031,Database,On-Premise,1044622
A00031,Analytics & Data,Cloud,1590315
A00031,AI & ML,Cloud,863957
A00031,Security,Hybrid,148531
A00031,Applications,Hybrid,1251094
A00031,Integration,Hybrid,1390240
A00032,Infrastructure,On-Premise,3214723
A00032,Database,Hybrid,1124873
A00032,Analytics & Data,Hybrid,2324221
A00032,AI & ML,Cloud,351606
A00032,Security,Cloud,1174584
A00032,Applications,On-Premise,3082327
A00032,Integration,No Footprint,0
A00033,Infrastructure,No Footprint,0
A00033,Database,Hybrid,5211855
A00033,Analytics & Data,Hybrid,571624
A00033,AI & ML,Cloud,361434
A00033,Security,No Footprint,0
A00033,Applications,Hybrid,1326325
A00033,Integration,Hybrid,500041
A00034,Infrastructure,No Footprint,0
A00034,Database,Hybrid,519331
A00034,Analytics & Data,Cloud,662692
A00034,AI & ML,Cloud,1336702
A00034,Security,Hybrid,260016
A00034,Applications,No Footprint,0
A00034,Integration,No Footprint,0
A00035,Infrastructure,On-Premise,4273171
A00035,Database,Hybrid,720135
A00035,Analytics & Data,Cloud,456957
A00035,AI & ML,Cloud,371030
A00035,Security,Hybrid,220402
A00035,Applications,Hybrid,741185
A00035,Integration,Cloud,109644
A00036,Infrastructure,Hybrid,337622
A00036,Database,On-Premise,139568
A00036,Analytics & Data,No Footprint,0
A00036,AI & ML,Cloud,2144203
A00036,Security,Hybrid,10311978
A00036,Applications,No Footprint,0
A00036,Integration,Cloud,589843
A00037,Infrastructure,No Footprint,0
A00037,Database,Cloud,1573699
A00037,Analytics & Data,Cloud,576944
A00037,AI & ML,Cloud,1562585
A00037,Security,On-Premise,590918
A00037,Applications,No Footprint,0
A00037,Integration,Cloud,3298428
A00038,Infrastructure,Cloud,1283898
A00038,Database,No Footprint,0
A00038,Analytics & Data,Hybrid,667649
A00038,AI & ML,Cloud,1569857
A00038,Security,On-Premise,490470
A00038,Applications,On-Premise,205718
A00038,Integration,Hybrid,2717794
A00039,Infrastructure,On-Premise,207603
A00039,Database,No Footprint,0
A00039,Analytics & Data,No Footprint,0
A00039,AI & ML,No Footprint,0
A00039,Security,On-Premise,3614907
A00039,Applications,Hybrid,2667907
A00039,Integration,No Footprint,0
A00040,Infrastructure,On-Premise,964234
A00040,Database,No Footprint,0
A00040,Analytics & Data,No Footprint,0
A00040,AI & ML,No Footprint,0
A00040,Security,Cloud,1099510
A00040,Applications,Cloud,1383822
A00040,Integration,Hybrid,334674
A00041,Infrastructure,Hybrid,676380
A00041,Database,On-Premise,372074
A00041,Analytics & Data,No Footprint,0
A00041,AI & ML,Cloud,1864478
A00041,Security,No Footprint,0
A00041,Applications,No Footprint,0
A00041,Integration,Hybrid,1355365
A00042,Infrastructure,On-Premise,194080
A00042,Database,On-Premise,2409935
A00042,Analytics & Data,Cloud,708103
A00042,AI & ML,Cloud,357686
A00042,Security,On-Premise,1697618
A00042,Applications,Hybrid,2078585
A00042,Integration,Hybrid,568229
A00043,Infrastructure,No Footprint,0
A00043,Database,No Footprint,0
A00043,Analytics & Data,Hybrid,254273
A00043,AI & ML,No Footprint,0
A00043,Security,Hybrid,1450765
A00043,Applications,No Footprint,0
A00043,Integration,No Footprint,0
A00044,Infrastructure,No Footprint,0
A00044,Database,On-Premise,509266
A00044,Analytics & Data,No Footprint,0
A00044,AI & ML,Cloud,1310669
A00044,Security,Cloud,513036
A00044,Applications,Hybrid,726503
A00044,Integration,No Footprint,0
A00045,Infrastructure,On-Premise,695229
A00045,Database,No Footprint,0
A00045,Analytics & Data,Cloud,2787582
A00045,AI & ML,Cloud,1080354
A00045,Security,No Footprint,0
A00045,Applications,Hybrid,948412
A00045,Integration,No Footprint,0
A00046,Infrastructure,No Footprint,0
A00046,Database,On-Premise,832266
A00046,Analytics & Data,Hybrid,1315876
A00046,AI & ML,Cloud,2415903
A00046,Security,Cloud,1691697
A00046,Applications,No Footprint,0
A00046,Integration,Hybrid,552874
A00047,Infrastructure,On-Premise,194379
A00047,Database,On-Premise,1850793
A00047,Analytics & Data,Hybrid,590836
A00047,AI & ML,No Footprint,0
A00047,Security,Hybrid,170129
A00047,Applications,No Footprint,0
A00047,Integration,Cloud,870174
A00048,Infrastructure,No Footprint,0
A00048,Database,Cloud,420616
A00048,Analytics & Data,Cloud,1458265
A00048,AI & ML,Cloud,430813
A00048,Security,Hybrid,1146817
A00048,Applications,Cloud,580473
A00048,Integration,Cloud,2833032
A00049,Infrastructure,No Footprint,0
A00049,Database,Hybrid,307748
A00049,Analytics & Data,No Footprint,0
A00049,AI & ML,Cloud,2762975
A00049,Security,No Footprint,0
A00049,Applications,On-Premise,659412
A00049,Integration,Hybrid,1121903
A00050,Infrastructure,On-Premise,501188
A00050,Database,On-Premise,2340639
A00050,Analytics & Data,Hybrid,847940
A00050,AI & ML,No Footprint,0
A00050,Security,On-Premise,1610372
A00050,Applications,No Footprint,0
A00050,Integration,Hybrid,657496
A00051,Infrastructure,On-Premise,7868394
A00051,Database,Hybrid,2327412
A00051,Analytics & Data,No Footprint,0
A00051,AI & ML,Cloud,1498057
A00051,Security,Cloud,961682
A00051,Applications,On-Premise,900506
A00051,Integration,Hybrid,1273164
A00052,Infrastructure,Cloud,655828
A00052,Database,Hybrid,3744003
A00052,Analytics & Data,Cloud,2035187
A00052,AI & ML,No Footprint,0
A00052,Security,Cloud,993930
A00052,Applications,No Footprint,0
A00052,Integration,Cloud,212065
A00053,Infrastructure,Cloud,315078
A00053,Database,Cloud,2212953
A00053,Analytics & Data,Cloud,749784
A00053,AI & ML,Cloud,888604
A00053,Security,Hybrid,952522
A00053,Applications,Hybrid,385214
A00053,Integration,Hybrid,422214
A00054,Infrastructure,No Footprint,0
A00054,Database,Hybrid,517058
A00054,Analytics & Data,No Footprint,0
A00054,AI & ML,No Footprint,0
A00054,Security,Hybrid,202940
A00054,Applications,Cloud,3890150
A00054,Integration,Cloud,2001216
A00055,Infrastructure,On-Premise,736951
A00055,Database,Hybrid,679690
A00055,Analytics & Data,No Footprint,0
A00055,AI & ML,Cloud,138187
A00055,Security,On-Premise,1682572
A00055,Applications,Cloud,723108
A00055,Integration,Cloud,4169119
A00056,Infrastructure,Cloud,778535
A00056,Database,Cloud,384930
A00056,Analytics & Data,Hybrid,452998
A00056,AI & ML,No Footprint,0
A00056,Security,Hybrid,330475
A00056,Applications,Cloud,270374
A00056,Integration,Cloud,419366
A00057,Infrastructure,No Footprint,0
A00057,Database,Cloud,269280
A00057,Analytics & Data,Hybrid,716200
A00057,AI & ML,No Footprint,0
A00057,Security,Cloud,1369475
A00057,Applications,No Footprint,0
A00057,Integration,No Footprint,0
A00058,Infrastructure,No Footprint,0
A00058,Database,On-Premise,784924
A00058,Analytics & Data,No Footprint,0
A00058,AI & ML,Cloud,575230
A00058,Security,No Footprint,0
A00058,Applications,Cloud,1918694
A00058,Integration,No Footprint,0
A00059,Infrastructure,On-Premise,879846
A00059,Database,No Footprint,0
A00059,Analytics & Data,Hybrid,1368771
A00059,AI & ML,Cloud,1131412
A00059,Security,Hybrid,128052
A00059,Applications,On-Premise,343125
A00059,Integration,Cloud,160270
A00060,Infrastructure,Cloud,666108
A00060,Database,No Footprint,0
A00060,Analytics & Data,Cloud,127910
A00060,AI & ML,Cloud,602761
A00060,Security,Cloud,116212
A00060,Applications,No Footprint,0
A00060,Integration,Hybrid,1832124
A00061,Infrastructure,On-Premise,1466537
A00061,Database,Hybrid,2085142
A00061,Analytics & Data,Hybrid,1303392
A00061,AI & ML,No Footprint,0
A00061,Security,Cloud,2808731
A00061,Applications,Cloud,400477
A00061,Integration,No Footprint,0
A00062,Infrastructure,No Footprint,0
A00062,Database,On-Premise,538263
A00062,Analytics & Data,No Footprint,0
A00062,AI & ML,Cloud,583136
A00062,Security,Cloud,998453
A00062,Applications,Hybrid,1208493
A00062,Integration,Cloud,1390329
A00063,Infrastructure,Cloud,658356
A00063,Database,No Footprint,0
A00063,Analytics & Data,Hybrid,2349290
A00063,AI & ML,Cloud,585939
A00063,Security,Cloud,189977
A00063,Applications,On-Premise,1027835
A00063,Integration,Cloud,2647499
A00064,Infrastructure,On-Premise,600140
A00064,Database,Hybrid,1033858
A00064,Analytics & Data,No Footprint,0
A00064,AI & ML,No Footprint,0
A00064,Security,Hybrid,774257
A00064,Applications,No Footprint,0
A00064,Integration,No Footprint,0
A00065,Infrastructure,No Footprint,0
A00065,Database,Cloud,1548923
A00065,Analytics & Data,Hybrid,2670627
A00065,AI & ML,No Footprint,0
A00065,Security,On-Premise,1397070
A00065,Applications,Hybrid,1275603
A00065,Integration,Cloud,203327
A00066,Infrastructure,Cloud,395061
A00066,Database,On-Premise,609725
A00066,Analytics & Data,Cloud,294164
A00066,AI & ML,Cloud,1283691
A00066,Security,Cloud,567207
A00066,Applications,On-Premise,219811
A00066,Integration,No Footprint,0
A00067,Infrastructure,On-Premise,1065901
A00067,Database,No Footprint,0
A00067,Analytics & Data,Hybrid,3165028
A00067,AI & ML,Cloud,1098841
A00067,Security,Cloud,1341026
A00067,Applications,On-Premise,462405
A00067,Integration,No Footprint,0
A00068,Infrastructure,Hybrid,1334212
A00068,Database,No Footprint,0
A00068,Analytics & Data,No Footprint,0
A00068,AI & ML,Cloud,544954
A00068,Security,No Footprint,0
A00068,Applications,Hybrid,1052266
A00068,Integration,No Footprint,0
A00069,Infrastructure,Cloud,1837887
A00069,Database,No Footprint,0
A00069,Analytics & Data,No Footprint,0
A00069,AI & ML,No Footprint,0
A00069,Security,No Footprint,0
A00069,Applications,Cloud,848879
A00069,Integration,Cloud,3528818
A00070,Infrastructure,Hybrid,1630087
A00070,Database,Hybrid,4083469
A00070,Analytics & Data,Hybrid,681537
A00070,AI & ML,Cloud,448059
A00070,Security,On-Premise,462898
A00070,Applications,Cloud,1280642
A00070,Integration,Cloud,280575
A00071,Infrastructure,Cloud,375811
A00071,Database,On-Premise,622326
A00071,Analytics & Data,Hybrid,515433
A00071,AI & ML,Cloud,1361146
A00071,Security,Hybrid,570200
A00071,Applications,Hybrid,1766654
A00071,Integration,No Footprint,0
A00072,Infrastructure,On-Premise,888484
A00072,Database,Cloud,409408
A00072,Analytics & Data,Cloud,374992
A00072,AI & ML,Cloud,647860
A00072,Security,Hybrid,644910
A00072,Applications,Cloud,489091
A00072,Integration,Hybrid,481237
A00073,Infrastructure,No Footprint,0
A00073,Database,Hybrid,857564
A00073,Analytics & Data,No Footprint,0
A00073,AI & ML,Cloud,315913
A00073,Security,Hybrid,312931
A00073,Applications,Hybrid,980430
A00073,Integration,No Footprint,0
A00074,Infrastructure,On-Premise,913470
A00074,Database,Cloud,473287
A00074,Analytics & Data,Hybrid,508515
A00074,AI & ML,No Footprint,0
A00074,Security,Cloud,284907
A00074,Applications,On-Premise,1609794
A00074,Integration,Cloud,982933
A00075,Infrastructure,On-Premise,2427212
A00075,Database,On-Premise,2381917
A00075,Analytics & Data,Cloud,307558
A00075,AI & ML,Cloud,971664
A00075,Security,No Footprint,0
A00075,Applications,On-Premise,911259
A00075,Integration,No Footprint,0
A00076,Infrastructure,No Footprint,0
A00076,Database,No Footprint,0
A00076,Analytics & Data,No Footprint,0
A00076,AI & ML,Cloud,630577
A00076,Security,Cloud,386412
A00076,Applications,Hybrid,414966
A00076,Integration,No Footprint,0
A00077,Infrastructure,Cloud,251295
A00077,Database,No Footprint,0
A00077,Analytics & Data,Hybrid,545739
A00077,AI & ML,Cloud,909557
A00077,Security,On-Premise,893982
A00077,Applications,On-Premise,9184144
A00077,Integration,No Footprint,0
A00078,Infrastructure,Hybrid,353863
A00078,Database,On-Premise,1050846
A00078,Analytics & Data,Hybrid,1162839
A00078,AI & ML,Cloud,747078
A00078,Security,Cloud,2463853
A00078,Applications,No Footprint,0
A00078,Integration,No Footprint,0
A00079,Infrastructure,No Footprint,0
A00079,Database,Hybrid,270447
A00079,Analytics & Data,No Footprint,0
A00079,AI & ML,Cloud,738714
A00079,Security,On-Premise,1266752
A00079,Applications,No Footprint,0
A00079,Integration,Hybrid,1272001
A00080,Infrastructure,On-Premise,1336264
A00080,Database,On-Premise,1458514
A00080,Analytics & Data,Hybrid,640474
A00080,AI & ML,Cloud,556751
A00080,Security,Hybrid,1975454
A00080,Applications,Hybrid,1892595
A00080,Integration,Cloud,1469185
A00081,Infrastructure,No Footprint,0
A00081,Database,On-Premise,779345
A00081,Analytics & Data,Cloud,331664
A00081,AI & ML,No Footprint,0
A00081,Security,On-Premise,103291
A00081,Applications,On-Premise,751224
A00081,Integration,Hybrid,84900
A00082,Infrastructure,On-Premise,693910
A00082,Database,On-Premise,1029067
A00082,Analytics & Data,Hybrid,533696
A00082,AI & ML,Cloud,1707885
A00082,Security,No Footprint,0
A00082,Applications,Cloud,235796
A00082,Integration,Cloud,499684
A00083,Infrastructure,On-Premise,344857
A00083,Database,Cloud,1687834
A00083,Analytics & Data,Cloud,465658
A00083,AI & ML,No Footprint,0
A00083,Security,Hybrid,282387
A00083,Applications,Hybrid,498400
A00083,Integration,Cloud,1020611
A00084,Infrastructure,Hybrid,1674013
A00084,Database,Cloud,201043
A00084,Analytics & Data,Cloud,159913
A00084,AI & ML,Cloud,808938
A00084,Security,On-Premise,1135431
A00084,Applications,No Footprint,0
A00084,Integration,Hybrid,1768720
A00085,Infrastructure,On-Premise,3072326
A00085,Database,No Footprint,0
A00085,Analytics & Data,Hybrid,933112
A00085,AI & ML,Cloud,884159
A00085,Security,Hybrid,1324258
A00085,Applications,Cloud,287551
A00085,Integration,Hybrid,2798815
A00086,Infrastructure,Hybrid,746792
A00086,Database,No Footprint,0
A00086,Analytics & Data,Cloud,444698
A00086,AI & ML,No Footprint,0
A00086,Security,Cloud,131156
A00086,Applications,Hybrid,687097
A00086,Integration,Hybrid,360774
A00087,Infrastructure,No Footprint,0
A00087,Database,Hybrid,569087
A00087,Analytics & Data,Cloud,832501
A00087,AI & ML,No Footprint,0
A00087,Security,Hybrid,2555044
A00087,Applications,Cloud,1235091
A00087,Integration,Cloud,1432149
A00088,Infrastructure,Hybrid,1099198
A00088,Database,On-Premise,625551
A00088,Analytics & Data,Hybrid,1236384
A00088,AI & ML,Cloud,764045
A00088,Security,Cloud,2094946
A00088,Applications,Cloud,565586
A00088,Integration,Cloud,199118
A00089,Infrastructure,On-Premise,5926825
A00089,Database,On-Premise,279184
A00089,Analytics & Data,Cloud,808933
A00089,AI & ML,Cloud,1195341
A00089,Security,No Footprint,0
A00089,Applications,Cloud,158558
A00089,Integration,Cloud,910589
A00090,Infrastructure,Hybrid,1605942
A00090,Database,No Footprint,0
A00090,Analytics & Data,Cloud,980116
A00090,AI & ML,Cloud,693459
A00090,Security,On-Premise,134161
A00090,Applications,Hybrid,535533
A00090,Integration,Hybrid,1417391
A00091,Infrastructure,No Footprint,0
A00091,Database,Hybrid,411357
A00091,Analytics & Data,No Footprint,0
A00091,AI & ML,Cloud,797028
A00091,Security,Hybrid,3764714
A00091,Applications,Cloud,324432
A00091,Integration,No Footprint,0
A00092,Infrastructure,Cloud,157652
A00092,Database,Hybrid,176836
A00092,Analytics & Data,Cloud,2229479
A00092,AI & ML,Cloud,313034
A00092,Security,No Footprint,0
A00092,Applications,No Footprint,0
A00092,Integration,No Footprint,0
A00093,Infrastructure,Hybrid,1204132
A00093,Database,No Footprint,0
A00093,Analytics & Data,No Footprint,0
A00093,AI & ML,Cloud,1122806
A00093,Security,Hybrid,585368
A00093,Applications,Cloud,789052
A00093,Integration,No Footprint,0
A00094,Infrastructure,On-Premise,247960
A00094,Database,Cloud,416704
A00094,Analytics & Data,Hybrid,1667262
A00094,AI & ML,Cloud,1134711
A00094,Security,No Footprint,0
A00094,Applications,Hybrid,768497
A00094,Integration,Hybrid,1509277
A00095,Infrastructure,On-Premise,2283476
A00095,Database,On-Premise,3719026
A00095,Analytics & Data,Cloud,1417802
A00095,AI & ML,No Footprint,0
A00095,Security,Hybrid,576376
A00095,Applications,No Footprint,0
A00095,Integration,No Footprint,0
A00096,Infrastructure,Hybrid,1163814
A00096,Database,On-Premise,2763878
A00096,Analytics & Data,No Footprint,0
A00096,AI & ML,Cloud,1282851
A00096,Security,Cloud,2552200
A00096,Applications,Cloud,722309
A00096,Integration,Cloud,315259
A00097,Infrastructure,No Footprint,0
A00097,Database,No Footprint,0
A00097,Analytics & Data,No Footprint,0
A00097,AI & ML,No Footprint,0
A00097,Security,Hybrid,189798
A00097,Applications,On-Premise,266282
A00097,Integration,No Footprint,0
A00098,Infrastructure,On-Premise,640842
A00098,Database,On-Premise,1108704
A00098,Analytics & Data,Hybrid,654189
A00098,AI & ML,Cloud,1432617
A00098,Security,Cloud,189024
A00098,Applications,Cloud,842258
A00098,Integration,Hybrid,1284072
A00099,Infrastructure,Cloud,1393312
A00099,Database,On-Premise,484555
A00099,Analytics & Data,Cloud,445693
A00099,AI & ML,No Footprint,0
A00099,Security,Hybrid,153532
A00099,Applications,On-Premise,1086826
A00099,Integration,No Footprint,0
A00100,Infrastructure,Cloud,786697
A00100,Database,Cloud,1466616
A00100,Analytics & Data,Cloud,533547
A00100,AI & ML,Cloud,581406
A00100,Security,No Footprint,0
A00100,Applications,No Footprint,0
A00100,Integration,No Footprint,0
A00101,Infrastructure,Cloud,897844
A00101,Database,Cloud,1023460
A00101,Analytics & Data,Hybrid,729385
A00101,AI & ML,Cloud,378233
A00101,Security,On-Premise,258815
A00101,Applications,Hybrid,1417047
A00101,Integration,Cloud,988702
A00102,Infrastructure,On-Premise,144271
A00102,Database,Cloud,323177
A00102,Analytics & Data,Cloud,643579
A00102,AI & ML,Cloud,2048113
A00102,Security,On-Premise,774671
A00102,Applications,Cloud,408198
A00102,Integration,No Footprint,0
A00103,Infrastructure,Cloud,470434
A00103,Database,On-Premise,444265
A00103,Analytics & Data,Cloud,572512
A00103,AI & ML,Cloud,382638
A00103,Security,On-Premise,603536
A00103,Applications,Cloud,1014764
A00103,Integration,No Footprint,0
A00104,Infrastructure,No Footprint,0
A00104,Database,Hybrid,744176
A00104,Analytics & Data,No Footprint,0
A00104,AI & ML,No Footprint,0
A00104,Security,On-Premise,859717
A00104,Applications,On-Premise,2637429
A00104,Integration,Hybrid,967674
A00105,Infrastructure,Cloud,1854362
A00105,Database,Hybrid,1724914
A00105,Analytics & Data,Hybrid,651586
A00105,AI & ML,No Footprint,0
A00105,Security,Hybrid,961131
A00105,Applications,No Footprint,0
A00105,Integration,Hybrid,3543531
A00106,Infrastructure,On-Premise,1037217
A00106,Database,No Footprint,0
A00106,Analytics & Data,No Footprint,0
A00106,AI & ML,No Footprint,0
A00106,Security,On-Premise,773094
A00106,Applications,On-Premise,5313553
A00106,Integration,Hybrid,534679
A00107,Infrastructure,Cloud,1102244
A00107,Database,Cloud,503217
A00107,Analytics & Data,Cloud,452731
A00107,AI & ML,Cloud,860642
A00107,Security,On-Premise,1265699
A00107,Applications,Cloud,230406
A00107,Integration,No Footprint,0
A00108,Infrastructure,On-Premise,475913
A00108,Database,Hybrid,337984
A00108,Analytics & Data,Cloud,492552
A00108,AI & ML,Cloud,1622916
A00108,Security,On-Premise,2540102
A00108,Applications,Cloud,979671
A00108,Integration,Hybrid,2187108
A00109,Infrastructure,On-Premise,186574
A00109,Database,Hybrid,511853
A00109,Analytics & Data,Cloud,1921996
A00109,AI & ML,Cloud,743830
A00109,Security,On-Premise,2447336
A00109,Applications,Hybrid,175425
A00109,Integration,Hybrid,231811
A00110,Infrastructure,Cloud,1130748
A00110,Database,Hybrid,542377
A00110,Analytics & Data,Hybrid,1772624
A00110,AI & ML,Cloud,618653
A00110,Security,On-Premise,587825
A00110,Applications,Hybrid,358468
A00110,Integration,Cloud,299887
A00111,Infrastructure,Cloud,1280115
A00111,Database,Cloud,1068165
A00111,Analytics & Data,No Footprint,0
A00111,AI & ML,Cloud,3235626
A00111,Security,Cloud,670313
A00111,Applications,Hybrid,130539
A00111,Integration,Cloud,4953538
A00112,Infrastructure,Hybrid,2780940
A00112,Database,Hybrid,1370548
A00112,Analytics & Data,No Footprint,0
A00112,AI & ML,Cloud,1269637
A00112,Security,Cloud,353506
A00112,Applications,No Footprint,0
A00112,Integration,No Footprint,0
A00113,Infrastructure,Hybrid,284365
A00113,Database,On-Premise,1296603
A00113,Analytics & Data,Cloud,352528
A00113,AI & ML,No Footprint,0
A00113,Security,No Footprint,0
A00113,Applications,Hybrid,1122601
A00113,Integration,Cloud,2913238
A00114,Infrastructure,On-Premise,1280372
A00114,Database,Cloud,1372995
A00114,Analytics & Data,Hybrid,522177
A00114,AI & ML,No Footprint,0
A00114,Security,Cloud,947002
A00114,Applications,No Footprint,0
A00114,Integration,No Footprint,0
A00115,Infrastructure,No Footprint,0
A00115,Database,Cloud,639243
A00115,Analytics & Data,Cloud,810224
A00115,AI & ML,No Footprint,0
A00115,Security,Cloud,856375
A00115,Applications,Hybrid,202633
A00115,Integration,Hybrid,1441431
A00116,Infrastructure,Cloud,1223566
A00116,Database,No Footprint,0
A00116,Analytics & Data,Hybrid,1260772
A00116,AI & ML,Cloud,1525769
A00116,Security,On-Premise,163343
A00116,Applications,Cloud,124940
A00116,Integration,Cloud,681166
A00117,Infrastructure,No Footprint,0
A00117,Database,No Footprint,0
A00117,Analytics & Data,No Footprint,0
A00117,AI & ML,No Footprint,0
A00117,Security,Cloud,1144234
A00117,Applications,No Footprint,0
A00117,Integration,Cloud,788221
A00118,Infrastructure,On-Premise,468410
A00118,Database,Cloud,261879
A00118,Analytics & Data,No Footprint,0
A00118,AI & ML,Cloud,160188
A00118,Security,On-Premise,1894115
A00118,Applications,Cloud,746463
A00118,Integration,No Footprint,0
A00119,Infrastructure,On-Premise,442738
A00119,Database,Cloud,522388
A00119,Analytics & Data,No Footprint,0
A00119,AI & ML,Cloud,1437867
A00119,Security,No Footprint,0
A00119,Applications,On-Premise,276728
A00119,Integration,No Footprint,0
A00120,Infrastructure,No Footprint,0
A00120,Database,No Footprint,0
A00120,Analytics & Data,Hybrid,1238536
A00120,AI & ML,Cloud,1005230
A00120,Security,On-Premise,1066672
A00120,Applications,On-Premise,352372
A00120,Integration,No Footprint,0
A00121,Infrastructure,On-Premise,117511
A00121,Database,On-Premise,1050858
A00121,Analytics & Data,Cloud,1302543
A00121,AI & ML,Cloud,917258
A00121,Security,No Footprint,0
A00121,Applications,No Footprint,0
A00121,Integration,Hybrid,267859
A00122,Infrastructure,No Footprint,0
A00122,Database,On-Premise,5654418
A00122,Analytics & Data,No Footprint,0
A00122,AI & ML,Cloud,370995
A00122,Security,Cloud,252210
A00122,Applications,Cloud,809134
A00122,Integration,Cloud,3662982
A00123,Infrastructure,Hybrid,238392
A00123,Database,No Footprint,0
A00123,Analytics & Data,No Footprint,0
A00123,AI & ML,Cloud,417218
A00123,Security,On-Premise,547296
A00123,Applications,Hybrid,1861963
A00123,Integration,Hybrid,8171067
A00124,Infrastructure,No Footprint,0
A00124,Database,Hybrid,274538
A00124,Analytics & Data,No Footprint,0
A00124,AI & ML,No Footprint,0
A00124,Security,No Footprint,0
A00124,Applications,On-Premise,221435
A00124,Integration,Hybrid,2231639
A00125,Infrastructure,Hybrid,256504
A00125,Database,Cloud,1529534
A00125,Analytics & Data,Cloud,2991008
A00125,AI & ML,Cloud,732613
A00125,Security,Hybrid,264767
A00125,Applications,On-Premise,558922
A00125,Integration,Cloud,1647271
A00126,Infrastructure,On-Premise,433519
A00126,Database,On-Premise,378195
A00126,Analytics & Data,No Footprint,0
A00126,AI & ML,Cloud,748152
A00126,Security,On-Premise,3340040
A00126,Applications,No Footprint,0
A00126,Integration,Hybrid,1239920
A00127,Infrastructure,Cloud,282587
A00127,Database,Hybrid,658048
A00127,Analytics & Data,Cloud,862580
A00127,AI & ML,No Footprint,0
A00127,Security,No Footprint,0
A00127,Applications,Hybrid,5670899
A00127,Integration,Cloud,577683
A00128,Infrastructure,Hybrid,2467416
A00128,Database,Cloud,624229
A00128,Analytics & Data,Cloud,597079
A00128,AI & ML,Cloud,3828959
A00128,Security,Hybrid,387630
A00128,Applications,Cloud,1313922
A00128,Integration,Hybrid,2139345
A00129,Infrastructure,On-Premise,242771
A00129,Database,Hybrid,110429
A00129,Analytics & Data,Hybrid,1613007
A00129,AI & ML,Cloud,398330
A00129,Security,On-Premise,345383
A00129,Applications,Hybrid,210046
A00129,Integration,No Footprint,0
A00130,Infrastructure,Hybrid,244912
A00130,Database,Hybrid,335451
A00130,Analytics & Data,Hybrid,363241
A00130,AI & ML,Cloud,587247
A00130,Security,No Footprint,0
A00130,Applications,No Footprint,0
A00130,Integration,Cloud,337796
A00131,Infrastructure,Cloud,509452
A00131,Database,On-Premise,170034
A00131,Analytics & Data,No Footprint,0
A00131,AI & ML,No Footprint,0
A00131,Security,No Footprint,0
A00131,Applications,Cloud,718525
A00131,Integration,Hybrid,961364
A00132,Infrastructure,On-Premise,1600579
A00132,Database,Hybrid,585826
A00132,Analytics & Data,Hybrid,1124996
A00132,AI & ML,Cloud,1204092
A00132,Security,Cloud,709287
A00132,Applications,No Footprint,0
A00132,Integration,Hybrid,902218
A00133,Infrastructure,Hybrid,3378003
A00133,Database,Hybrid,1431299
A00133,Analytics & Data,Cloud,491643
A00133,AI & ML,Cloud,1341375
A00133,Security,Hybrid,2972629
A00133,Applications,On-Premise,507718
A00133,Integration,No Footprint,0
A00134,Infrastructure,On-Premise,981812
A00134,Database,Hybrid,8780600
A00134,Analytics & Data,Hybrid,1851163
A00134,AI & ML,Cloud,479435
A00134,Security,On-Premise,2776914
A00134,Applications,Hybrid,360541
A00134,Integration,Cloud,242781
A00135,Infrastructure,Hybrid,920119
A00135,Database,No Footprint,0
A00135,Analytics & Data,Cloud,1115549
A00135,AI & ML,No Footprint,0
A00135,Security,Cloud,1598127
A00135,Applications,On-Premise,893847
A00135,Integration,Hybrid,261770
A00136,Infrastructure,Hybrid,2208860
A00136,Database,Hybrid,1061204
A00136,Analytics & Data,Hybrid,309603
A00136,AI & ML,Cloud,712022
A00136,Security,On-Premise,4166573
A00136,Applications,No Footprint,0
A00136,Integration,Cloud,479736
A00137,Infrastructure,Cloud,329342
A00137,Database,On-Premise,518225
A00137,Analytics & Data,Cloud,264155
A00137,AI & ML,Cloud,218834
A00137,Security,Cloud,790761
A00137,Applications,No Footprint,0
A00137,Integration,Hybrid,960934
A00138,Infrastructure,On-Premise,1620013
A00138,Database,Cloud,604731
A00138,Analytics & Data,Hybrid,402856
A00138,AI & ML,Cloud,936299
A00138,Security,Hybrid,738547
A00138,Applications,Cloud,2120362
A00138,Integration,Cloud,1264814
A00139,Infrastructure,On-Premise,1542427
A00139,Database,No Footprint,0
A00139,Analytics & Data,Hybrid,1314699
A00139,AI & ML,No Footprint,0
A00139,Security,Hybrid,831552
A00139,Applications,No Footprint,0
A00139,Integration,Cloud,852960
A00140,Infrastructure,Cloud,351938
A00140,Database,Cloud,497145
A00140,Analytics & Data,Cloud,4630751
A00140,AI & ML,Cloud,2199707
A00140,Security,On-Premise,94383
A00140,Applications,Hybrid,282096
A00140,Integration,Cloud,707337
A00141,Infrastructure,Hybrid,1407991
A00141,Database,Cloud,398763
A00141,Analytics & Data,Hybrid,2809974
A00141,AI & ML,Cloud,616288
A00141,Security,Hybrid,199633
A00141,Applications,No Footprint,0
A00141,Integration,Cloud,166630
A00142,Infrastructure,Cloud,531406
A00142,Database,No Footprint,0
A00142,Analytics & Data,Cloud,99840
A00142,AI & ML,Cloud,1688402
A00142,Security,On-Premise,526748
A00142,Applications,On-Premise,966024
A00142,Integration,No Footprint,0
A00143,Infrastructure,Hybrid,600721
A00143,Database,No Footprint,0
A00143,Analytics & Data,Hybrid,2426002
A00143,AI & ML,No Footprint,0
A00143,Security,Cloud,394743
A00143,Applications,Cloud,320279
A00143,Integration,Hybrid,418210
A00144,Infrastructure,On-Premise,157987
A00144,Database,On-Premise,898413
A00144,Analytics & Data,No Footprint,0
A00144,AI & ML,Cloud,1244676
A00144,Security,Hybrid,46918
A00144,Applications,Hybrid,1711275
A00144,Integration,Hybrid,196363
A00145,Infrastructure,On-Premise,1046176
A00145,Database,No Footprint,0
A00145,Analytics & Data,No Footprint,0
A00145,AI & ML,No Footprint,0
A00145,Security,No Footprint,0
A00145,Applications,On-Premise,375787
A00145,Integration,Hybrid,171401
A00146,Infrastructure,On-Premise,3557071
A00146,Database,Cloud,282038
A00146,Analytics & Data,Cloud,706861
A00146,AI & ML,Cloud,920658
A00146,Security,Hybrid,949564
A00146,Applications,Cloud,552757
A00146,Integration,No Footprint,0
A00147,Infrastructure,No Footprint,0
A00147,Database,Cloud,1232402
A00147,Analytics & Data,Hybrid,287530
A00147,AI & ML,No Footprint,0
A00147,Security,No Footprint,0
A00147,Applications,On-Premise,573305
A00147,Integration,Cloud,666941
A00148,Infrastructure,Hybrid,470162
A00148,Database,On-Premise,2289569
A00148,Analytics & Data,Hybrid,187425
A00148,AI & ML,Cloud,551988
A00148,Security,On-Premise,782576
A00148,Applications,No Footprint,0
A00148,Integration,Hybrid,623192
A00149,Infrastructure,Hybrid,1194899
A00149,Database,On-Premise,909683
A00149,Analytics & Data,Hybrid,758613
A00149,AI & ML,Cloud,1329139
A00149,Security,Hybrid,262914
A00149,Applications,On-Premise,3405748
A00149,Integration,No Footprint,0
A00150,Infrastructure,Hybrid,362355
A00150,Database,Hybrid,586150
A00150,Analytics & Data,Cloud,1544482
A00150,AI & ML,Cloud,1453916
A00150,Security,Hybrid,2058727
A00150,Applications,Hybrid,326459
A00150,Integration,No Footprint,0
A00151,Infrastructure,No Footprint,0
A00151,Database,On-Premise,443553
A00151,Analytics & Data,Cloud,2263959
A00151,AI & ML,Cloud,1190370
A00151,Security,On-Premise,2467950
A00151,Applications,No Footprint,0
A00151,Integration,Cloud,1550332
A00152,Infrastructure,On-Premise,537921
A00152,Database,Cloud,2970660
A00152,Analytics & Data,No Footprint,0
A00152,AI & ML,No Footprint,0
A00152,Security,No Footprint,0
A00152,Applications,On-Premise,1398188
A00152,Integration,Hybrid,621283
A00153,Infrastructure,On-Premise,497922
A00153,Database,On-Premise,3769832
A00153,Analytics & Data,Cloud,1251496
A00153,AI & ML,Cloud,832956
A00153,Security,No Footprint,0
A00153,Applications,Hybrid,232999
A00153,Integration,Cloud,980825
A00154,Infrastructure,No Footprint,0
A00154,Database,Cloud,1017672
A00154,Analytics & Data,Hybrid,327822
A00154,AI & ML,Cloud,383688
A00154,Security,Hybrid,921319
A00154,Applications,Hybrid,920602
A00154,Integration,Hybrid,313033
A00155,Infrastructure,On-Premise,684292
A00155,Database,On-Premise,4717389
A00155,Analytics & Data,Hybrid,344594
A00155,AI & ML,Cloud,614064
A00155,Security,Hybrid,1155783
A00155,Applications,Hybrid,2875071
A00155,Integration,Hybrid,1285537
A00156,Infrastructure,No Footprint,0
A00156,Database,No Footprint,0
A00156,Analytics & Data,Cloud,684685
A00156,AI & ML,Cloud,596607
A00156,Security,No Footprint,0
A00156,Applications,Cloud,888102
A00156,Integration,Cloud,49972
A00157,Infrastructure,No Footprint,0
A00157,Database,Hybrid,1043214
A00157,Analytics & Data,Cloud,144441
A00157,AI & ML,Cloud,226734
A00157,Security,Cloud,861128
A00157,Applications,Hybrid,1012027
A00157,Integration,Hybrid,344362
A00158,Infrastructure,On-Premise,734866
A00158,Database,No Footprint,0
A00158,Analytics & Data,No Footprint,0
A00158,AI & ML,Cloud,5351897
A00158,Security,Cloud,593727
A00158,Applications,Hybrid,913078
A00158,Integration,Hybrid,1234629
A00159,Infrastructure,Hybrid,944827
A00159,Database,Hybrid,1084134
A00159,Analytics & Data,Cloud,1359474
A00159,AI & ML,Cloud,1287525
A00159,Security,On-Premise,966665
A00159,Applications,Cloud,259920
A00159,Integration,Cloud,937103
A00160,Infrastructure,No Footprint,0
A00160,Database,No Footprint,0
A00160,Analytics & Data,Cloud,2392913
A00160,AI & ML,Cloud,1153899
A00160,Security,On-Premise,689673
A00160,Applications,Cloud,286205
A00160,Integration,Cloud,287338
A00161,Infrastructure,Cloud,270694
A00161,Database,Cloud,1373404
A00161,Analytics & Data,Hybrid,1611188
A00161,AI & ML,Cloud,426139
A00161,Security,Hybrid,156760
A00161,Applications,No Footprint,0
A00161,Integration,No Footprint,0
A00162,Infrastructure,On-Premise,4975575
A00162,Database,No Footprint,0
A00162,Analytics & Data,No Footprint,0
A00162,AI & ML,Cloud,1657531
A00162,Security,Hybrid,541660
A00162,Applications,Cloud,2348799
A00162,Integration,Cloud,902693
A00163,Infrastructure,On-Premise,5843072
A00163,Database,On-Premise,2894539
A00163,Analytics & Data,Hybrid,435329
A00163,AI & ML,Cloud,578677
A00163,Security,No Footprint,0
A00163,Applications,No Footprint,0
A00163,Integration,Hybrid,607563
A00164,Infrastructure,Cloud,1372519
A00164,Database,No Footprint,0
A00164,Analytics & Data,Cloud,592850
A00164,AI & ML,Cloud,971785
A00164,Security,No Footprint,0
A00164,Applications,Cloud,293892
A00164,Integration,No Footprint,0
A00165,Infrastructure,No Footprint,0
A00165,Database,No Footprint,0
A00165,Analytics & Data,No Footprint,0
A00165,AI & ML,No Footprint,0
A00165,Security,Cloud,383261
A00165,Applications,On-Premise,3513203
A00165,Integration,Hybrid,944880
A00166,Infrastructure,On-Premise,3253276
A00166,Database,No Footprint,0
A00166,Analytics & Data,Hybrid,119981
A00166,AI & ML,Cloud,564626
A00166,Security,Hybrid,579610
A00166,Applications,On-Premise,1789894
A00166,Integration,Cloud,282205
A00167,Infrastructure,No Footprint,0
A00167,Database,Cloud,891463
A00167,Analytics & Data,No Footprint,0
A00167,AI & ML,Cloud,835654
A00167,Security,No Footprint,0
A00167,Applications,Hybrid,3109430
A00167,Integration,Cloud,756551
A00168,Infrastructure,On-Premise,221632
A00168,Database,Cloud,1049667
A00168,Analytics & Data,Cloud,4236548
A00168,AI & ML,Cloud,426555
A00168,Security,Hybrid,385745
A00168,Applications,No Footprint,0
A00168,Integration,Hybrid,650270
A00169,Infrastructure,Cloud,415684
A00169,Database,Hybrid,592653
A00169,Analytics & Data,Hybrid,111216
A00169,AI & ML,No Footprint,0
A00169,Security,No Footprint,0
A00169,Applications,Hybrid,446856
A00169,Integration,Hybrid,692965
A00170,Infrastructure,Hybrid,1336898
A00170,Database,Cloud,617767
A00170,Analytics & Data,No Footprint,0
A00170,AI & ML,Cloud,1397725
A00170,Security,No Footprint,0
A00170,Applications,On-Premise,1234568
A00170,Integration,Cloud,1501297
A00171,Infrastructure,Hybrid,679761
A00171,Database,Hybrid,3259794
A00171,Analytics & Data,No Footprint,0
A00171,AI & ML,Cloud,1292671
A00171,Security,No Footprint,0
A00171,Applications,Hybrid,3108554
A00171,Integration,Cloud,689287
A00172,Infrastructure,No Footprint,0
A00172,Database,Cloud,983760
A00172,Analytics & Data,Cloud,483620
A00172,AI & ML,No Footprint,0
A00172,Security,On-Premise,835652
A00172,Applications,Hybrid,440811
A00172,Integration,No Footprint,0
A00173,Infrastructure,On-Premise,514849
A00173,Database,Hybrid,686694
A00173,Analytics & Data,Hybrid,333521
A00173,AI & ML,Cloud,888461
A00173,Security,Cloud,427031
A00173,Applications,On-Premise,1519944
A00173,Integration,No Footprint,0
A00174,Infrastructure,Cloud,380684
A00174,Database,No Footprint,0
A00174,Analytics & Data,No Footprint,0
A00174,AI & ML,No Footprint,0
A00174,Security,No Footprint,0
A00174,Applications,Hybrid,1561834
A00174,Integration,Hybrid,414396
A00175,Infrastructure,Cloud,498246
A00175,Database,On-Premise,2988849
A00175,Analytics & Data,No Footprint,0
A00175,AI & ML,No Footprint,0
A00175,Security,No Footprint,0
A00175,Applications,On-Premise,1077128
A00175,Integration,No Footprint,0
A00176,Infrastructure,On-Premise,224811
A00176,Database,Cloud,2514731
A00176,Analytics & Data,Hybrid,226633
A00176,AI & ML,No Footprint,0
A00176,Security,Cloud,100463
A00176,Applications,No Footprint,0
A00176,Integration,Cloud,213398
A00177,Infrastructure,Hybrid,1733764
A00177,Database,On-Premise,5239493
A00177,Analytics & Data,Hybrid,3047868
A00177,AI & ML,Cloud,2327180
A00177,Security,On-Premise,894365
A00177,Applications,On-Premise,1645784
A00177,Integration,No Footprint,0
A00178,Infrastructure,Cloud,2379084
A00178,Database,On-Premise,449152
A00178,Analytics & Data,Cloud,184953
A00178,AI & ML,No Footprint,0
A00178,Security,Hybrid,528260
A00178,Applications,No Footprint,0
A00178,Integration,No Footprint,0
A00179,Infrastructure,Cloud,1436643
A00179,Database,On-Premise,558935
A00179,Analytics & Data,Cloud,1099036
A00179,AI & ML,Cloud,300730
A00179,Security,On-Premise,773837
A00179,Applications,No Footprint,0
A00179,Integration,No Footprint,0
A00180,Infrastructure,On-Premise,646962
A00180,Database,No Footprint,0
A00180,Analytics & Data,No Footprint,0
A00180,AI & ML,Cloud,1495671
A00180,Security,No Footprint,0
A00180,Applications,On-Premise,539898
A00180,Integration,Hybrid,1540938
A00181,Infrastructure,Hybrid,389602
A00181,Database,On-Premise,207076
A00181,Analytics & Data,Hybrid,962349
A00181,AI & ML,Cloud,1916406
A00181,Security,Hybrid,686322
A00181,Applications,No Footprint,0
A00181,Integration,Cloud,326694
A00182,Infrastructure,No Footprint,0
A00182,Database,Hybrid,372970
A00182,Analytics & Data,Hybrid,1121602
A00182,AI & ML,No Footprint,0
A00182,Security,On-Premise,1459632
A00182,Applications,No Footprint,0
A00182,Integration,Cloud,99412
A00183,Infrastructure,Hybrid,311790
A00183,Database,On-Premise,471817
A00183,Analytics & Data,Hybrid,430222
A00183,AI & ML,No Footprint,0
A00183,Security,No Footprint,0
A00183,Applications,Cloud,472957
A00183,Integration,Hybrid,527132
A00184,Infrastructure,No Footprint,0
A00184,Database,Cloud,1082066
A00184,Analytics & Data,No Footprint,0
A00184,AI & ML,Cloud,527451
A00184,Security,On-Premise,623365
A00184,Applications,Cloud,1187748
A00184,Integration,Cloud,105971
A00185,Infrastructure,No Footprint,0
A00185,Database,On-Premise,842525
A00185,Analytics & Data,Cloud,1478351
A00185,AI & ML,No Footprint,0
A00185,Security,Hybrid,2089837
A00185,Applications,No Footprint,0
A00185,Integration,Cloud,392347
A00186,Infrastructure,Hybrid,340625
A00186,Database,Hybrid,405082
A00186,Analytics & Data,No Footprint,0
A00186,AI & ML,Cloud,1000259
A00186,Security,On-Premise,883794
A00186,Applications,On-Premise,929909
A00186,Integration,No Footprint,0
A00187,Infrastructure,Hybrid,282732
A00187,Database,On-Premise,1077776
A00187,Analytics & Data,Cloud,993168
A00187,AI & ML,No Footprint,0
A00187,Security,On-Premise,2762413
A00187,Applications,Hybrid,926164
A00187,Integration,Cloud,757920
A00188,Infrastructure,On-Premise,562195
A00188,Database,Hybrid,638700
A00188,Analytics & Data,Hybrid,1109555
A00188,AI & ML,No Footprint,0
A00188,Security,No Footprint,0
A00188,Applications,No Footprint,0
A00188,Integration,Cloud,520666
A00189,Infrastructure,Cloud,635405
A00189,Database,Cloud,975711
A00189,Analytics & Data,No Footprint,0
A00189,AI & ML,Cloud,393982
A00189,Security,Cloud,343175
A00189,Applications,No Footprint,0
A00189,Integration,Cloud,824477
A00190,Infrastructure,On-Premise,258103
A00190,Database,No Footprint,0
A00190,Analytics & Data,No Footprint,0
A00190,AI & ML,No Footprint,0
A00190,Security,On-Premise,1191679
A00190,Applications,On-Premise,232164
A00190,Integration,No Footprint,0
A00191,Infrastructure,Hybrid,583787
A00191,Database,No Footprint,0
A00191,Analytics & Data,Cloud,598613
A00191,AI & ML,Cloud,381380
A00191,Security,On-Premise,3443686
A00191,Applications,No Footprint,0
A00191,Integration,Hybrid,195963
A00192,Infrastructure,No Footprint,0
A00192,Database,Hybrid,1888473
A00192,Analytics & Data,Hybrid,2968937
A00192,AI & ML,No Footprint,0
A00192,Security,No Footprint,0
A00192,Applications,Cloud,1756512
A00192,Integration,Cloud,203011
A00193,Infrastructure,Cloud,477064
A00193,Database,On-Premise,1844371
A00193,Analytics & Data,Cloud,838275
A00193,AI & ML,Cloud,1072050
A00193,Security,On-Premise,2811605
A00193,Applications,On-Premise,716015
A00193,Integration,Hybrid,1137936
A00194,Infrastructure,Cloud,337230
A00194,Database,Cloud,679168
A00194,Analytics & Data,No Footprint,0
A00194,AI & ML,Cloud,3138244
A00194,Security,On-Premise,1109713
A00194,Applications,Hybrid,814863
A00194,Integration,Cloud,129593
A00195,Infrastructure,Hybrid,296895
A00195,Database,No Footprint,0
A00195,Analytics & Data,No Footprint,0
A00195,AI & ML,Cloud,630650
A00195,Security,No Footprint,0
A00195,Applications,No Footprint,0
A00195,Integration,Hybrid,393448
A00196,Infrastructure,On-Premise,370708
A00196,Database,Hybrid,794542
A00196,Analytics & Data,No Footprint,0
A00196,AI & ML,Cloud,1331348
A00196,Security,Cloud,400991
A00196,Applications,On-Premise,544319
A00196,Integration,Hybrid,1240694
A00197,Infrastructure,On-Premise,1132466
A00197,Database,Hybrid,490574
A00197,Analytics & Data,Hybrid,3029804
A00197,AI & ML,Cloud,649516
A00197,Security,Cloud,1114795
A00197,Applications,Cloud,386308
A00197,Integration,Cloud,382571
A00198,Infrastructure,Cloud,2224494
A00198,Database,Hybrid,658801
A00198,Analytics & Data,Hybrid,1387762
A00198,AI & ML,Cloud,782896
A00198,Security,Cloud,774050
A00198,Applications,Cloud,264912
A00198,Integration,Cloud,3095796
A00199,Infrastructure,Hybrid,1184042
A00199,Database,Cloud,449329
A00199,Analytics & Data,No Footprint,0
A00199,AI & ML,No Footprint,0
A00199,Security,Cloud,1019339
A00199,Applications,On-Premise,201662
A00199,Integration,No Footprint,0
A00200,Infrastructure,On-Premise,422273
A00200,Database,Cloud,814648
A00200,Analytics & Data,Cloud,524720
A00200,AI & ML,Cloud,913639
A00200,Security,Hybrid,321274
A00200,Applications,Hybrid,409308
A00200,Integration,Hybrid,1968154
A00201,Infrastructure,Cloud,386921
A00201,Database,No Footprint,0
A00201,Analytics & Data,Hybrid,378583
A00201,AI & ML,Cloud,5689136
A00201,Security,No Footprint,0
A00201,Applications,Cloud,1072835
A00201,Integration,Cloud,433551
A00202,Infrastructure,No Footprint,0
A00202,Database,Cloud,381627
A00202,Analytics & Data,Cloud,258577
A00202,AI & ML,No Footprint,0
A00202,Security,On-Premise,397361
A00202,Applications,No Footprint,0
A00202,Integration,No Footprint,0
A00203,Infrastructure,No Footprint,0
A00203,Database,No Footprint,0
A00203,Analytics & Data,Cloud,160295
A00203,AI & ML,No Footprint,0
A00203,Security,Hybrid,444313
A00203,Applications,On-Premise,498807
A00203,Integration,Hybrid,145744
A00204,Infrastructure,On-Premise,1216759
A00204,Database,On-Premise,2218257
A00204,Analytics & Data,No Footprint,0
A00204,AI & ML,Cloud,2347702
A00204,Security,Cloud,979594
A00204,Applications,On-Premise,451109
A00204,Integration,No Footprint,0
A00205,Infrastructure,On-Premise,1024048
A00205,Database,On-Premise,845059
A00205,Analytics & Data,Hybrid,975517
A00205,AI & ML,Cloud,286628
A00205,Security,Hybrid,820636
A00205,Applications,No Footprint,0
A00205,Integration,No Footprint,0
A00206,Infrastructure,On-Premise,5073538
A00206,Database,On-Premise,279138
A00206,Analytics & Data,Hybrid,498658
A00206,AI & ML,No Footprint,0
A00206,Security,Cloud,395247
A00206,Applications,On-Premise,1057475
A00206,Integration,No Footprint,0
A00207,Infrastructure,On-Premise,370109
A00207,Database,On-Premise,1438654
A00207,Analytics & Data,Hybrid,682881
A00207,AI & ML,No Footprint,0
A00207,Security,Cloud,787591
A00207,Applications,Hybrid,1650202
A00207,Integration,Cloud,655555
A00208,Infrastructure,On-Premise,1122378
A00208,Database,Cloud,1083246
A00208,Analytics & Data,Cloud,237729
A00208,AI & ML,Cloud,668325
A00208,Security,No Footprint,0
A00208,Applications,Hybrid,609893
A00208,Integration,Cloud,561284
A00209,Infrastructure,On-Premise,459377
A00209,Database,No Footprint,0
A00209,Analytics & Data,Cloud,414390
A00209,AI & ML,No Footprint,0
A00209,Security,Hybrid,453731
A00209,Applications,Cloud,48066
A00209,Integration,Hybrid,427700
A00210,Infrastructure,No Footprint,0
A00210,Database,No Footprint,0
A00210,Analytics & Data,Hybrid,292116
A00210,AI & ML,Cloud,1343253
A00210,Security,No Footprint,0
A00210,Applications,On-Premise,1279034
A00210,Integration,Hybrid,583560
A00211,Infrastructure,On-Premise,1333714
A00211,Database,Cloud,523434
A00211,Analytics & Data,Cloud,491983
A00211,AI & ML,No Footprint,0
A00211,Security,Hybrid,691897
A00211,Applications,Cloud,616056
A00211,Integration,No Footprint,0
A00212,Infrastructure,On-Premise,7077826
A00212,Database,On-Premise,733760
A00212,Analytics & Data,Hybrid,2857068
A00212,AI & ML,Cloud,431909
A00212,Security,Cloud,785988
A00212,Applications,No Footprint,0
A00212,Integration,No Footprint,0
A00213,Infrastructure,On-Premise,2284147
A00213,Database,Cloud,280295
A00213,Analytics & Data,No Footprint,0
A00213,AI & ML,Cloud,1241260
A00213,Security,No Footprint,0
A00213,Applications,On-Premise,1708034
A00213,Integration,Hybrid,594449
A00214,Infrastructure,On-Premise,561053
A00214,Database,Hybrid,986101
A00214,Analytics & Data,No Footprint,0
A00214,AI & ML,No Footprint,0
A00214,Security,No Footprint,0
A00214,Applications,On-Premise,484956
A00214,Integration,No Footprint,0
A00215,Infrastructure,Hybrid,941616
A00215,Database,No Footprint,0
A00215,Analytics & Data,No Footprint,0
A00215,AI & ML,Cloud,1094870
A00215,Security,No Footprint,0
A00215,Applications,No Footprint,0
A00215,Integration,Hybrid,629461
A00216,Infrastructure,On-Premise,814845
A00216,Database,Cloud,531705
A00216,Analytics & Data,Cloud,511085
A00216,AI & ML,Cloud,1050716
A00216,Security,Hybrid,860418
A00216,Applications,Cloud,1034459
A00216,Integration,Cloud,1009059
A00217,Infrastructure,On-Premise,193434
A00217,Database,No Footprint,0
A00217,Analytics & Data,No Footprint,0
A00217,AI & ML,Cloud,5718444
A00217,Security,Hybrid,259736
A00217,Applications,Cloud,1545941
A00217,Integration,No Footprint,0
A00218,Infrastructure,No Footprint,0
A00218,Database,On-Premise,410631
A00218,Analytics & Data,Cloud,2682425
A00218,AI & ML,No Footprint,0
A00218,Security,On-Premise,1439495
A00218,Applications,Cloud,401412
A00218,Integration,Cloud,196442
A00219,Infrastructure,Hybrid,1676013
A00219,Database,On-Premise,405883
A00219,Analytics & Data,No Footprint,0
A00219,AI & ML,Cloud,1365842
A00219,Security,Hybrid,961541
A00219,Applications,No Footprint,0
A00219,Integration,Hybrid,2820492
A00220,Infrastructure,Cloud,764308
A00220,Database,Cloud,303550
A00220,Analytics & Data,No Footprint,0
A00220,AI & ML,No Footprint,0
A00220,Security,Cloud,350806
A00220,Applications,Cloud,1065218
A00220,Integration,Cloud,806768
A00221,Infrastructure,No Footprint,0
A00221,Database,No Footprint,0
A00221,Analytics & Data,Cloud,7151330
A00221,AI & ML,No Footprint,0
A00221,Security,On-Premise,2314855
A00221,Applications,Cloud,324789
A00221,Integration,Cloud,169652
A00222,Infrastructure,Hybrid,215205
A00222,Database,Hybrid,691716
A00222,Analytics & Data,Cloud,709492
A00222,AI & ML,Cloud,232386
A00222,Security,No Footprint,0
A00222,Applications,Cloud,2030690
A00222,Integration,Hybrid,1615819
A00223,Infrastructure,On-Premise,591452
A00223,Database,Hybrid,554218
A00223,Analytics & Data,Cloud,134242
A00223,AI & ML,Cloud,1012278
A00223,Security,On-Premise,269131
A00223,Applications,Cloud,377646
A00223,Integration,Cloud,673837
A00224,Infrastructure,Cloud,551445
A00224,Database,Hybrid,80245
A00224,Analytics & Data,Hybrid,1399049
A00224,AI & ML,Cloud,1015353
A00224,Security,Cloud,699026
A00224,Applications,Hybrid,287699
A00224,Integration,Hybrid,393268
A00225,Infrastructure,On-Premise,1219027
A00225,Database,Hybrid,712438
A00225,Analytics & Data,Hybrid,1092518
A00225,AI & ML,Cloud,751577
A00225,Security,Cloud,814473
A00225,Applications,No Footprint,0
A00225,Integration,Cloud,974525
A00226,Infrastructure,Hybrid,906388
A00226,Database,On-Premise,538050
A00226,Analytics & Data,Cloud,6869890
A00226,AI & ML,No Footprint,0
A00226,Security,Hybrid,564222
A00226,Applications,No Footprint,0
A00226,Integration,Cloud,1488146
A00227,Infrastructure,Hybrid,1323703
A00227,Database,Hybrid,529409
A00227,Analytics & Data,Cloud,529219
A00227,AI & ML,Cloud,735763
A00227,Security,On-Premise,2923077
A00227,Applications,Cloud,730383
A00227,Integration,No Footprint,0
A00228,Infrastructure,Cloud,1485502
A00228,Database,No Footprint,0
A00228,Analytics & Data,Cloud,197359
A00228,AI & ML,Cloud,348117
A00228,Security,On-Premise,1766392
A00228,Applications,On-Premise,1188264
A00228,Integration,Hybrid,491175
A00229,Infrastructure,On-Premise,294323
A00229,Database,Hybrid,818268
A00229,Analytics & Data,Cloud,337071
A00229,AI & ML,No Footprint,0
A00229,Security,No Footprint,0
A00229,Applications,Cloud,434404
A00229,Integration,No Footprint,0
A00230,Infrastructure,On-Premise,271209
A00230,Database,Hybrid,564447
A00230,Analytics & Data,Cloud,2414963
A00230,AI & ML,Cloud,1357201
A00230,Security,Cloud,126752
A00230,Applications,No Footprint,0
A00230,Integration,Cloud,892358
A00231,Infrastructure,On-Premise,1034824
A00231,Database,No Footprint,0
A00231,Analytics & Data,No Footprint,0
A00231,AI & ML,Cloud,1194458
A00231,Security,Hybrid,1306879
A00231,Applications,No Footprint,0
A00231,Integration,No Footprint,0
A00232,Infrastructure,Hybrid,1361738
A00232,Database,On-Premise,142264
A00232,Analytics & Data,No Footprint,0
A00232,AI & ML,Cloud,1967766
A00232,Security,Hybrid,198343
A00232,Applications,No Footprint,0
A00232,Integration,Hybrid,278473
A00233,Infrastructure,On-Premise,773500
A00233,Database,No Footprint,0
A00233,Analytics & Data,Cloud,599370
A00233,AI & ML,Cloud,587163
A00233,Security,Hybrid,1394322
A00233,Applications,Hybrid,1673414
A00233,Integration,Cloud,1039687
A00234,Infrastructure,Hybrid,980791
A00234,Database,No Footprint,0
A00234,Analytics & Data,Cloud,871277
A00234,AI & ML,No Footprint,0
A00234,Security,On-Premise,525651
A00234,Applications,Cloud,1170439
A00234,Integration,Hybrid,1010893
A00235,Infrastructure,Hybrid,595560
A00235,Database,No Footprint,0
A00235,Analytics & Data,No Footprint,0
A00235,AI & ML,Cloud,989835
A00235,Security,No Footprint,0
A00235,Applications,No Footprint,0
A00235,Integration,No Footprint,0
A00236,Infrastructure,On-Premise,533802
A00236,Database,On-Premise,931867
A00236,Analytics & Data,Cloud,174054
A00236,AI & ML,Cloud,256076
A00236,Security,No Footprint,0
A00236,Applications,Cloud,279428
A00236,Integration,Cloud,1688807
A00237,Infrastructure,Cloud,319186
A00237,Database,Hybrid,2229974
A00237,Analytics & Data,Hybrid,517012
A00237,AI & ML,Cloud,959988
A00237,Security,Cloud,336064
A00237,Applications,No Footprint,0
A00237,Integration,Cloud,821880
A00238,Infrastructure,On-Premise,289085
A00238,Database,On-Premise,242102
A00238,Analytics & Data,No Footprint,0
A00238,AI & ML,Cloud,1240372
A00238,Security,Hybrid,233228
A00238,Applications,No Footprint,0
A00238,Integration,Hybrid,549406
A00239,Infrastructure,Cloud,767425
A00239,Database,No Footprint,0
A00239,Analytics & Data,No Footprint,0
A00239,AI & ML,Cloud,634884
A00239,Security,Cloud,411721
A00239,Applications,Hybrid,519405
A00239,Integration,Cloud,599079
A00240,Infrastructure,On-Premise,776714
A00240,Database,Cloud,314262
A00240,Analytics & Data,Hybrid,1259501
A00240,AI & ML,No Footprint,0
A00240,Security,On-Premise,412053
A00240,Applications,No Footprint,0
A00240,Integration,Hybrid,220622
A00241,Infrastructure,Hybrid,416027
A00241,Database,On-Premise,1808373
A00241,Analytics & Data,No Footprint,0
A00241,AI & ML,No Footprint,0
A00241,Security,On-Premise,543852
A00241,Applications,Cloud,2717513
A00241,Integration,Cloud,511333
A00242,Infrastructure,Cloud,1190256
A00242,Database,Cloud,732833
A00242,Analytics & Data,Cloud,261884
A00242,AI & ML,Cloud,850613
A00242,Security,No Footprint,0
A00242,Applications,Hybrid,208462
A00242,Integration,Hybrid,444042
A00243,Infrastructure,On-Premise,2226438
A00243,Database,On-Premise,4108984
A00243,Analytics & Data,Hybrid,1759497
A00243,AI & ML,No Footprint,0
A00243,Security,Cloud,1945727
A00243,Applications,No Footprint,0
A00243,Integration,Hybrid,574604
A00244,Infrastructure,Cloud,709386
A00244,Database,No Footprint,0
A00244,Analytics & Data,Cloud,422121
A00244,AI & ML,No Footprint,0
A00244,Security,No Footprint,0
A00244,Applications,On-Premise,1608339
A00244,Integration,Hybrid,585093
A00245,Infrastructure,Cloud,327377
A00245,Database,On-Premise,616778
A00245,Analytics & Data,No Footprint,0
A00245,AI & ML,No Footprint,0
A00245,Security,No Footprint,0
A00245,Applications,On-Premise,2813899
A00245,Integration,Cloud,343866
A00246,Infrastructure,Hybrid,1443058
A00246,Database,Hybrid,501058
A00246,Analytics & Data,Hybrid,293174
A00246,AI & ML,Cloud,619447
A00246,Security,No Footprint,0
A00246,Applications,No Footprint,0
A00246,Integration,Cloud,201821
A00247,Infrastructure,On-Premise,918357
A00247,Database,Hybrid,1297892
A00247,Analytics & Data,Hybrid,1773417
A00247,AI & ML,No Footprint,0
A00247,Security,No Footprint,0
A00247,Applications,No Footprint,0
A00247,Integration,Cloud,382925
A00248,Infrastructure,Hybrid,1720329
A00248,Database,Hybrid,1728270
A00248,Analytics & Data,Cloud,2023430
A00248,AI & ML,No Footprint,0
A00248,Security,Cloud,297607
A00248,Applications,Hybrid,1150521
A00248,Integration,Cloud,852150
A00249,Infrastructure,Cloud,1447193
A00249,Database,No Footprint,0
A00249,Analytics & Data,No Footprint,0
A00249,AI & ML,No Footprint,0
A00249,Security,Hybrid,1806062
A00249,Applications,Hybrid,2187141
A00249,Integration,Cloud,1446430
A00250,Infrastructure,On-Premise,768279
A00250,Database,On-Premise,904365
A00250,Analytics & Data,No Footprint,0
A00250,AI & ML,Cloud,634931
A00250,Security,No Footprint,0
A00250,Applications,Cloud,790508
A00250,Integration,Cloud,1173915
A00251,Infrastructure,No Footprint,0
A00251,Database,On-Premise,138674
A00251,Analytics & Data,No Footprint,0
A00251,AI & ML,No Footprint,0
A00251,Security,Hybrid,204288
A00251,Applications,On-Premise,205267
A00251,Integration,Cloud,296990
A00252,Infrastructure,Cloud,2052458
A00252,Database,No Footprint,0
A00252,Analytics & Data,Hybrid,1460657
A00252,AI & ML,Cloud,716378
A00252,Security,No Footprint,0
A00252,Applications,On-Premise,750738
A00252,Integration,Hybrid,1216823
A00253,Infrastructure,Cloud,653003
A00253,Database,Hybrid,580384
A00253,Analytics & Data,No Footprint,0
A00253,AI & ML,Cloud,554579
A00253,Security,Cloud,396850
A00253,Applications,On-Premise,6173967
A00253,Integration,Hybrid,570851
A00254,Infrastructure,Hybrid,497412
A00254,Database,No Footprint,0
A00254,Analytics & Data,No Footprint,0
A00254,AI & ML,No Footprint,0
A00254,Security,Hybrid,449969
A00254,Applications,Cloud,314084
A00254,Integration,No Footprint,0
A00255,Infrastructure,On-Premise,477436
A00255,Database,Hybrid,4056299
A00255,Analytics & Data,No Footprint,0
A00255,AI & ML,No Footprint,0
A00255,Security,No Footprint,0
A00255,Applications,Hybrid,850389
A00255,Integration,Cloud,167761
A00256,Infrastructure,On-Premise,2098603
A00256,Database,Hybrid,874354
A00256,Analytics & Data,No Footprint,0
A00256,AI & ML,Cloud,2504535
A00256,Security,No Footprint,0
A00256,Applications,On-Premise,160891
A00256,Integration,Hybrid,595771
A00257,Infrastructure,Cloud,641330
A00257,Database,On-Premise,349825
A00257,Analytics & Data,Hybrid,596795
A00257,AI & ML,No Footprint,0
A00257,Security,On-Premise,1786458
A00257,Applications,On-Premise,620387
A00257,Integration,Hybrid,387288
A00258,Infrastructure,On-Premise,739213
A00258,Database,Hybrid,737541
A00258,Analytics & Data,Cloud,106631
A00258,AI & ML,Cloud,789814
A00258,Security,Hybrid,411773
A00258,Applications,No Footprint,0
A00258,Integration,Cloud,585336
A00259,Infrastructure,On-Premise,481244
A00259,Database,No Footprint,0
A00259,Analytics & Data,Cloud,1545339
A00259,AI & ML,Cloud,700831
A00259,Security,Hybrid,274129
A00259,Applications,No Footprint,0
A00259,Integration,No Footprint,0
A00260,Infrastructure,Hybrid,1062501
A00260,Database,No Footprint,0
A00260,Analytics & Data,No Footprint,0
A00260,AI & ML,Cloud,1038788
A00260,Security,Cloud,514042
A00260,Applications,No Footprint,0
A00260,Integration,Hybrid,510569
A00261,Infrastructure,On-Premise,939891
A00261,Database,Hybrid,386434
A00261,Analytics & Data,Cloud,1124467
A00261,AI & ML,No Footprint,0
A00261,Security,Cloud,426562
A00261,Applications,Cloud,972925
A00261,Integration,Cloud,1003158
A00262,Infrastructure,Cloud,421839
A00262,Database,Cloud,3323866
A00262,Analytics & Data,No Footprint,0
A00262,AI & ML,No Footprint,0
A00262,Security,Hybrid,300228
A00262,Applications,No Footprint,0
A00262,Integration,No Footprint,0
A00263,Infrastructure,No Footprint,0
A00263,Database,Hybrid,414676
A00263,Analytics & Data,Hybrid,1609028
A00263,AI & ML,Cloud,469290
A00263,Security,No Footprint,0
A00263,Applications,Cloud,459637
A00263,Integration,Hybrid,416135
A00264,Infrastructure,No Footprint,0
A00264,Database,Hybrid,570264
A00264,Analytics & Data,No Footprint,0
A00264,AI & ML,No Footprint,0
A00264,Security,No Footprint,0
A00264,Applications,Cloud,705048
A00264,Integration,Hybrid,922578
A00265,Infrastructure,On-Premise,5301801
A00265,Database,Hybrid,3704420
A00265,Analytics & Data,Cloud,957119
A00265,AI & ML,Cloud,2306283
A00265,Security,No Footprint,0
A00265,Applications,On-Premise,170332
A00265,Integration,Hybrid,1868034
A00266,Infrastructure,Cloud,1159193
A00266,Database,Cloud,510356
A00266,Analytics & Data,No Footprint,0
A00266,AI & ML,Cloud,1110607
A00266,Security,Hybrid,390233
A00266,Applications,On-Premise,881661
A00266,Integration,Cloud,978568
A00267,Infrastructure,Cloud,355544
A00267,Database,On-Premise,770489
A00267,Analytics & Data,Hybrid,2958558
A00267,AI & ML,No Footprint,0
A00267,Security,Hybrid,711517
A00267,Applications,Cloud,466356
A00267,Integration,Cloud,369525
A00268,Infrastructure,On-Premise,799649
A00268,Database,No Footprint,0
A00268,Analytics & Data,No Footprint,0
A00268,AI & ML,Cloud,780593
A00268,Security,On-Premise,1239254
A00268,Applications,On-Premise,1135969
A00268,Integration,Cloud,791786
A00269,Infrastructure,No Footprint,0
A00269,Database,Cloud,677292
A00269,Analytics & Data,No Footprint,0
A00269,AI & ML,No Footprint,0
A00269,Security,No Footprint,0
A00269,Applications,On-Premise,217208
A00269,Integration,Hybrid,253378
A00270,Infrastructure,Hybrid,1328860
A00270,Database,On-Premise,352814
A00270,Analytics & Data,Hybrid,226010
A00270,AI & ML,No Footprint,0
A00270,Security,Cloud,379359
A00270,Applications,Hybrid,539783
A00270,Integration,Hybrid,868603
A00271,Infrastructure,No Footprint,0
A00271,Database,Hybrid,1344394
A00271,Analytics & Data,Hybrid,274544
A00271,AI & ML,Cloud,962227
A00271,Security,No Footprint,0
A00271,Applications,Cloud,2645792
A00271,Integration,Cloud,3737917
A00272,Infrastructure,No Footprint,0
A00272,Database,Cloud,165817
A00272,Analytics & Data,Cloud,1176295
A00272,AI & ML,Cloud,462100
A00272,Security,No Footprint,0
A00272,Applications,Hybrid,997771
A00272,Integration,No Footprint,0
A00273,Infrastructure,On-Premise,1233062
A00273,Database,Hybrid,1774770
A00273,Analytics & Data,Hybrid,1381236
A00273,AI & ML,Cloud,1269294
A00273,Security,Cloud,198938
A00273,Applications,Hybrid,688359
A00273,Integration,No Footprint,0
A00274,Infrastructure,No Footprint,0
A00274,Database,No Footprint,0
A00274,Analytics & Data,Cloud,560886
A00274,AI & ML,Cloud,672887
A00274,Security,Cloud,110582
A00274,Applications,No Footprint,0
A00274,Integration,Hybrid,94114
A00275,Infrastructure,Hybrid,629813
A00275,Database,No Footprint,0
A00275,Analytics & Data,Cloud,1735187
A00275,AI & ML,Cloud,334066
A00275,Security,Cloud,306750
A00275,Applications,Hybrid,5550989
A00275,Integration,Hybrid,5374389
A00276,Infrastructure,No Footprint,0
A00276,Database,Cloud,2399239
A00276,Analytics & Data,No Footprint,0
A00276,AI & ML,No Footprint,0
A00276,Security,No Footprint,0
A00276,Applications,Hybrid,3618069
A00276,Integration,No Footprint,0
A00277,Infrastructure,Hybrid,418745
A00277,Database,Cloud,663151
A00277,Analytics & Data,Cloud,945575
A00277,AI & ML,Cloud,891668
A00277,Security,On-Premise,468273
A00277,Applications,No Footprint,0
A00277,Integration,Hybrid,1696896
A00278,Infrastructure,Hybrid,1011487
A00278,Database,Hybrid,1422680
A00278,Analytics & Data,Cloud,805229
A00278,AI & ML,Cloud,900893
A00278,Security,No Footprint,0
A00278,Applications,On-Premise,984140
A00278,Integration,Cloud,2053738
A00279,Infrastructure,Hybrid,733440
A00279,Database,Hybrid,338820
A00279,Analytics & Data,Hybrid,411985
A00279,AI & ML,Cloud,648342
A00279,Security,On-Premise,1500578
A00279,Applications,On-Premise,954118
A00279,Integration,Cloud,54160
A00280,Infrastructure,No Footprint,0
A00280,Database,No Footprint,0
A00280,Analytics & Data,No Footprint,0
A00280,AI & ML,Cloud,2276936
A00280,Security,No Footprint,0
A00280,Applications,Cloud,249378
A00280,Integration,Hybrid,3510688
A00281,Infrastructure,No Footprint,0
A00281,Database,No Footprint,0
A00281,Analytics & Data,No Footprint,0
A00281,AI & ML,No Footprint,0
A00281,Security,No Footprint,0
A00281,Applications,No Footprint,0
A00281,Integration,Hybrid,186811
A00282,Infrastructure,On-Premise,427260
A00282,Database,On-Premise,1410994
A00282,Analytics & Data,No Footprint,0
A00282,AI & ML,No Footprint,0
A00282,Security,On-Premise,1362026
A00282,Applications,No Footprint,0
A00282,Integration,No Footprint,0
A00283,Infrastructure,Cloud,346857
A00283,Database,No Footprint,0
A00283,Analytics & Data,Cloud,1264905
A00283,AI & ML,No Footprint,0
A00283,Security,No Footprint,0
A00283,Applications,On-Premise,2640617
A00283,Integration,No Footprint,0
A00284,Infrastructure,Hybrid,459543
A00284,Database,Hybrid,1010129
A00284,Analytics & Data,Hybrid,587150
A00284,AI & ML,No Footprint,0
A00284,Security,On-Premise,2238930
A00284,Applications,Cloud,54139
A00284,Integration,No Footprint,0
A00285,Infrastructure,Cloud,181194
A00285,Database,No Footprint,0
A00285,Analytics & Data,Cloud,1082845
A00285,AI & ML,Cloud,655709
A00285,Security,On-Premise,347841
A00285,Applications,On-Premise,395299
A00285,Integration,Cloud,510222
A00286,Infrastructure,Cloud,493025
A00286,Database,Hybrid,279458
A00286,Analytics & Data,Hybrid,456530
A00286,AI & ML,Cloud,852128
A00286,Security,On-Premise,835619
A00286,Applications,Hybrid,338636
A00286,Integration,No Footprint,0
A00287,Infrastructure,No Footprint,0
A00287,Database,Hybrid,1675208
A00287,Analytics & Data,Cloud,460409
A00287,AI & ML,No Footprint,0
A00287,Security,On-Premise,333669
A00287,Applications,No Footprint,0
A00287,Integration,Hybrid,1068447
A00288,Infrastructure,No Footprint,0
A00288,Database,On-Premise,711882
A00288,Analytics & Data,Cloud,616608
A00288,AI & ML,Cloud,504885
A00288,Security,Hybrid,1268402
A00288,Applications,Cloud,1271040
A00288,Integration,No Footprint,0
A00289,Infrastructure,Cloud,684176
A00289,Database,On-Premise,832204
A00289,Analytics & Data,Cloud,213310
A00289,AI & ML,Cloud,1185353
A00289,Security,No Footprint,0
A00289,Applications,No Footprint,0
A00289,Integration,Cloud,610732
A00290,Infrastructure,Hybrid,142793
A00290,Database,On-Premise,541934
A00290,Analytics & Data,No Footprint,0
A00290,AI & ML,Cloud,585175
A00290,Security,No Footprint,0
A00290,Applications,Hybrid,375913
A00290,Integration,Hybrid,2462254
A00291,Infrastructure,Hybrid,1354434
A00291,Database,No Footprint,0
A00291,Analytics & Data,No Footprint,0
A00291,AI & ML,Cloud,2541722
A00291,Security,Hybrid,2795994
A00291,Applications,On-Premise,2412385
A00291,Integration,No Footprint,0
A00292,Infrastructure,No Footprint,0
A00292,Database,No Footprint,0
A00292,Analytics & Data,Cloud,476205
A00292,AI & ML,Cloud,2161630
A00292,Security,Cloud,279066
A00292,Applications,Hybrid,874134
A00292,Integration,Hybrid,419511
A00293,Infrastructure,On-Premise,529113
A00293,Database,On-Premise,2795918
A00293,Analytics & Data,Hybrid,1928633
A00293,AI & ML,Cloud,711887
A00293,Security,No Footprint,0
A00293,Applications,No Footprint,0
A00293,Integration,Hybrid,165332
A00294,Infrastructure,No Footprint,0
A00294,Database,Hybrid,2199877
A00294,Analytics & Data,Cloud,1570455
A00294,AI & ML,Cloud,1008135
A00294,Security,On-Premise,356278
A00294,Applications,Hybrid,533846
A00294,Integration,Cloud,609699
A00295,Infrastructure,Cloud,845540
A00295,Database,On-Premise,968438
A00295,Analytics & Data,No Footprint,0
A00295,AI & ML,Cloud,1960854
A00295,Security,Hybrid,483854
A00295,Applications,Hybrid,1140681
A00295,Integration,Hybrid,2146126
A00296,Infrastructure,No Footprint,0
A00296,Database,Hybrid,2083610
A00296,Analytics & Data,No Footprint,0
A00296,AI & ML,No Footprint,0
A00296,Security,No Footprint,0
A00296,Applications,Hybrid,978436
A00296,Integration,No Footprint,0
A00297,Infrastructure,On-Premise,423105
A00297,Database,No Footprint,0
A00297,Analytics & Data,Cloud,1384692
A00297,AI & ML,Cloud,1069968
A00297,Security,On-Premise,348409
A00297,Applications,No Footprint,0
A00297,Integration,Cloud,161946
A00298,Infrastructure,Cloud,221617
A00298,Database,On-Premise,3905008
A00298,Analytics & Data,Cloud,415117
A00298,AI & ML,No Footprint,0
A00298,Security,No Footprint,0
A00298,Applications,Cloud,679461
A00298,Integration,Hybrid,1225306
A00299,Infrastructure,Cloud,389009
A00299,Database,Cloud,563911
A00299,Analytics & Data,No Footprint,0
A00299,AI & ML,Cloud,309534
A00299,Security,On-Premise,513420
A00299,Applications,On-Premise,527556
A00299,Integration,Cloud,1812099
A00300,Infrastructure,On-Premise,375651
A00300,Database,Hybrid,908940
A00300,Analytics & Data,Hybrid,1796886
A00300,AI & ML,Cloud,344712
A00300,Security,On-Premise,769538
A00300,Applications,Hybrid,376978
A00300,Integration,No Footprint,0
A00301,Infrastructure,On-Premise,298625
A00301,Database,On-Premise,305896
A00301,Analytics & Data,Hybrid,1142136
A00301,AI & ML,No Footprint,0
A00301,Security,No Footprint,0
A00301,Applications,No Footprint,0
A00301,Integration,Cloud,821587
A00302,Infrastructure,Hybrid,1289444
A00302,Database,Hybrid,505870
A00302,Analytics & Data,Hybrid,228704
A00302,AI & ML,Cloud,533000
A00302,Security,Cloud,740253
A00302,Applications,No Footprint,0
A00302,Integration,Hybrid,696668
A00303,Infrastructure,Cloud,1240734
A00303,Database,On-Premise,306242
A00303,Analytics & Data,No Footprint,0
A00303,AI & ML,No Footprint,0
A00303,Security,No Footprint,0
A00303,Applications,Hybrid,620907
A00303,Integration,No Footprint,0
A00304,Infrastructure,No Footprint,0
A00304,Database,On-Premise,484433
A00304,Analytics & Data,No Footprint,0
A00304,AI & ML,No Footprint,0
A00304,Security,Hybrid,204490
A00304,Applications,Hybrid,2920607
A00304,Integration,Cloud,466359
A00305,Infrastructure,Cloud,918603
A00305,Database,No Footprint,0
A00305,Analytics & Data,No Footprint,0
A00305,AI & ML,Cloud,725836
A00305,Security,Hybrid,3364003
A00305,Applications,Cloud,1271972
A00305,Integration,No Footprint,0
A00306,Infrastructure,Cloud,1008225
A00306,Database,Cloud,1939741
A00306,Analytics & Data,No Footprint,0
A00306,AI & ML,Cloud,603424
A00306,Security,No Footprint,0
A00306,Applications,Hybrid,1634156
A00306,Integration,Hybrid,640461
A00307,Infrastructure,No Footprint,0
A00307,Database,No Footprint,0
A00307,Analytics & Data,Cloud,383558
A00307,AI & ML,Cloud,2742246
A00307,Security,Hybrid,2062162
A00307,Applications,No Footprint,0
A00307,Integration,No Footprint,0
A00308,Infrastructure,On-Premise,884388
A00308,Database,No Footprint,0
A00308,Analytics & Data,No Footprint,0
A00308,AI & ML,Cloud,673246
A00308,Security,Hybrid,1073043
A00308,Applications,On-Premise,741777
A00308,Integration,No Footprint,0
A00309,Infrastructure,Cloud,301407
A00309,Database,No Footprint,0
A00309,Analytics & Data,Hybrid,1471058
A00309,AI & ML,No Footprint,0
A00309,Security,Cloud,973423
A00309,Applications,Cloud,383504
A00309,Integration,Hybrid,1892137
A00310,Infrastructure,On-Premise,1017892
A00310,Database,Hybrid,740090
A00310,Analytics & Data,No Footprint,0
A00310,AI & ML,Cloud,2695087
A00310,Security,Cloud,51471
A00310,Applications,Hybrid,750826
A00310,Integration,Hybrid,517108
A00311,Infrastructure,Cloud,202817
A00311,Database,Hybrid,285453
A00311,Analytics & Data,No Footprint,0
A00311,AI & ML,No Footprint,0
A00311,Security,On-Premise,509750
A00311,Applications,Hybrid,859610
A00311,Integration,Cloud,1601951
A00312,Infrastructure,Cloud,516777
A00312,Database,No Footprint,0
A00312,Analytics & Data,Cloud,727728
A00312,AI & ML,Cloud,1122274
A00312,Security,Cloud,1283078
A00312,Applications,On-Premise,524258
A00312,Integration,Cloud,185352
A00313,Infrastructure,Hybrid,805838
A00313,Database,On-Premise,4206447
A00313,Analytics & Data,No Footprint,0
A00313,AI & ML,Cloud,1385277
A00313,Security,Hybrid,1257949
A00313,Applications,On-Premise,763943
A00313,Integration,Hybrid,1081141
A00314,Infrastructure,No Footprint,0
A00314,Database,Hybrid,661010
A00314,Analytics & Data,Cloud,8111034
A00314,AI & ML,No Footprint,0
A00314,Security,No Footprint,0
A00314,Applications,No Footprint,0
A00314,Integration,No Footprint,0
A00315,Infrastructure,On-Premise,350459
A00315,Database,No Footprint,0
A00315,Analytics & Data,Cloud,1426515
A00315,AI & ML,Cloud,1201703
A00315,Security,No Footprint,0
A00315,Applications,No Footprint,0
A00315,Integration,Hybrid,1463015
A00316,Infrastructure,On-Premise,6517805
A00316,Database,Hybrid,958656
A00316,Analytics & Data,Hybrid,836107
A00316,AI & ML,No Footprint,0
A00316,Security,Cloud,1903063
A00316,Applications,Hybrid,3111800
A00316,Integration,Hybrid,1015278
A00317,Infrastructure,Hybrid,399856
A00317,Database,Hybrid,3017200
A00317,Analytics & Data,Hybrid,714847
A00317,AI & ML,Cloud,579701
A00317,Security,No Footprint,0
A00317,Applications,No Footprint,0
A00317,Integration,No Footprint,0
A00318,Infrastructure,No Footprint,0
A00318,Database,On-Premise,996635
A00318,Analytics & Data,Cloud,276265
A00318,AI & ML,Cloud,479064
A00318,Security,No Footprint,0
A00318,Applications,Cloud,546119
A00318,Integration,Cloud,362597
A00319,Infrastructure,Cloud,751559
A00319,Database,No Footprint,0
A00319,Analytics & Data,No Footprint,0
A00319,AI & ML,Cloud,1400013
A00319,Security,Hybrid,2384926
A00319,Applications,No Footprint,0
A00319,Integration,Hybrid,1155068
A00320,Infrastructure,On-Premise,999882
A00320,Database,No Footprint,0
A00320,Analytics & Data,No Footprint,0
A00320,AI & ML,Cloud,509758
A00320,Security,Cloud,902838
A00320,Applications,On-Premise,3450230
A00320,Integration,No Footprint,0
A00321,Infrastructure,Hybrid,822330
A00321,Database,Hybrid,192556
A00321,Analytics & Data,Cloud,422477
A00321,AI & ML,Cloud,381207
A00321,Security,No Footprint,0
A00321,Applications,Hybrid,322212
A00321,Integration,Hybrid,1045133
A00322,Infrastructure,Cloud,2120750
A00322,Database,Cloud,2073792
A00322,Analytics & Data,Cloud,801552
A00322,AI & ML,Cloud,869527
A00322,Security,No Footprint,0
A00322,Applications,Cloud,646055
A00322,Integration,Hybrid,727447
A00323,Infrastructure,No Footprint,0
A00323,Database,No Footprint,0
A00323,Analytics & Data,Hybrid,271873
A00323,AI & ML,No Footprint,0
A00323,Security,Hybrid,822303
A00323,Applications,Cloud,266673
A00323,Integration,Hybrid,294226
A00324,Infrastructure,No Footprint,0
A00324,Database,On-Premise,703016
A00324,Analytics & Data,No Footprint,0
A00324,AI & ML,Cloud,244092
A00324,Security,On-Premise,597838
A00324,Applications,No Footprint,0
A00324,Integration,No Footprint,0
A00325,Infrastructure,Cloud,249693
A00325,Database,Cloud,121359
A00325,Analytics & Data,Hybrid,707605
A00325,AI & ML,No Footprint,0
A00325,Security,Hybrid,595209
A00325,Applications,Hybrid,1048552
A00325,Integration,No Footprint,0
A00326,Infrastructure,No Footprint,0
A00326,Database,No Footprint,0
A00326,Analytics & Data,Cloud,298695
A00326,AI & ML,Cloud,2433260
A00326,Security,Cloud,778469
A00326,Applications,Hybrid,679480
A00326,Integration,Cloud,1303923
A00327,Infrastructure,Hybrid,1550926
A00327,Database,Cloud,974308
A00327,Analytics & Data,Hybrid,440072
A00327,AI & ML,Cloud,1415023
A00327,Security,Cloud,686672
A00327,Applications,On-Premise,335136
A00327,Integration,Cloud,947200
A00328,Infrastructure,Hybrid,608680
A00328,Database,No Footprint,0
A00328,Analytics & Data,Hybrid,1238405
A00328,AI & ML,Cloud,409880
A00328,Security,Cloud,1483202
A00328,Applications,On-Premise,765146
A00328,Integration,Hybrid,1058531
A00329,Infrastructure,No Footprint,0
A00329,Database,No Footprint,0
A00329,Analytics & Data,Hybrid,981227
A00329,AI & ML,No Footprint,0
A00329,Security,On-Premise,2471805
A00329,Applications,No Footprint,0
A00329,Integration,Hybrid,329809
A00330,Infrastructure,Hybrid,436077
A00330,Database,On-Premise,447302
A00330,Analytics & Data,Cloud,1475546
A00330,AI & ML,No Footprint,0
A00330,Security,No Footprint,0
A00330,Applications,Hybrid,407637
A00330,Integration,Cloud,860826
A00331,Infrastructure,Hybrid,2239364
A00331,Database,Cloud,957278
A00331,Analytics & Data,No Footprint,0
A00331,AI & ML,Cloud,650498
A00331,Security,On-Premise,692504
A00331,Applications,Cloud,128963
A00331,Integration,No Footprint,0
A00332,Infrastructure,No Footprint,0
A00332,Database,On-Premise,1849017
A00332,Analytics & Data,Hybrid,1031754
A00332,AI & ML,No Footprint,0
A00332,Security,No Footprint,0
A00332,Applications,Cloud,208269
A00332,Integration,No Footprint,0
A00333,Infrastructure,Cloud,1526749
A00333,Database,No Footprint,0
A00333,Analytics & Data,Hybrid,259905
A00333,AI & ML,Cloud,233067
A00333,Security,Hybrid,340950
A00333,Applications,On-Premise,2559073
A00333,Integration,Cloud,1629904
A00334,Infrastructure,On-Premise,426912
A00334,Database,Cloud,595062
A00334,Analytics & Data,No Footprint,0
A00334,AI & ML,No Footprint,0
A00334,Security,On-Premise,250233
A00334,Applications,Hybrid,1386867
A00334,Integration,Cloud,576949
A00335,Infrastructure,Hybrid,2632973
A00335,Database,No Footprint,0
A00335,Analytics & Data,Cloud,834235
A00335,AI & ML,Cloud,567237
A00335,Security,Hybrid,4024665
A00335,Applications,Cloud,1039960
A00335,Integration,No Footprint,0
A00336,Infrastructure,Hybrid,2632437
A00336,Database,No Footprint,0
A00336,Analytics & Data,No Footprint,0
A00336,AI & ML,No Footprint,0
A00336,Security,On-Premise,1858964
A00336,Applications,On-Premise,1859673
A00336,Integration,Cloud,890490
A00337,Infrastructure,On-Premise,571873
A00337,Database,Hybrid,345927
A00337,Analytics & Data,No Footprint,0
A00337,AI & ML,Cloud,393849
A00337,Security,Hybrid,652455
A00337,Applications,Hybrid,334485
A00337,Integration,Hybrid,808805
A00338,Infrastructure,No Footprint,0
A00338,Database,On-Premise,244340
A00338,Analytics & Data,Hybrid,574168
A00338,AI & ML,No Footprint,0
A00338,Security,Cloud,927290
A00338,Applications,Cloud,3110430
A00338,Integration,Hybrid,612269
A00339,Infrastructure,Hybrid,231332
A00339,Database,On-Premise,1743460
A00339,Analytics & Data,Hybrid,2593958
A00339,AI & ML,Cloud,283872
A00339,Security,Cloud,457036
A00339,Applications,On-Premise,876511
A00339,Integration,Cloud,180897
A00340,Infrastructure,No Footprint,0
A00340,Database,Hybrid,291317
A00340,Analytics & Data,Cloud,417509
A00340,AI & ML,No Footprint,0
A00340,Security,No Footprint,0
A00340,Applications,No Footprint,0
A00340,Integration,Cloud,373777
A00341,Infrastructure,Hybrid,1212990
A00341,Database,Hybrid,1342724
A00341,Analytics & Data,Hybrid,772770
A00341,AI & ML,Cloud,1573883
A00341,Security,No Footprint,0
A00341,Applications,Hybrid,2358945
A00341,Integration,No Footprint,0
A00342,Infrastructure,Cloud,1372476
A00342,Database,No Footprint,0
A00342,Analytics & Data,No Footprint,0
A00342,AI & ML,Cloud,1789501
A00342,Security,Cloud,1194964
A00342,Applications,No Footprint,0
A00342,Integration,Cloud,1645924
A00343,Infrastructure,No Footprint,0
A00343,Database,On-Premise,816141
A00343,Analytics & Data,No Footprint,0
A00343,AI & ML,Cloud,350741
A00343,Security,Cloud,1692480
A00343,Applications,Hybrid,293053
A00343,Integration,Hybrid,442831
A00344,Infrastructure,On-Premise,687017
A00344,Database,No Footprint,0
A00344,Analytics & Data,Hybrid,1935558
A00344,AI & ML,Cloud,1070236
A00344,Security,Hybrid,452723
A00344,Applications,On-Premise,2130568
A00344,Integration,No Footprint,0
A00345,Infrastructure,On-Premise,965389
A00345,Database,On-Premise,178126
A00345,Analytics & Data,Hybrid,477312
A00345,AI & ML,Cloud,340302
A00345,Security,Hybrid,461239
A00345,Applications,Cloud,1325243
A00345,Integration,Hybrid,319833
A00346,Infrastructure,Cloud,560735
A00346,Database,On-Premise,777557
A00346,Analytics & Data,No Footprint,0
A00346,AI & ML,Cloud,529154
A00346,Security,Hybrid,558026
A00346,Applications,On-Premise,735121
A00346,Integration,Cloud,160922
A00347,Infrastructure,No Footprint,0
A00347,Database,Hybrid,489310
A00347,Analytics & Data,Hybrid,458286
A00347,AI & ML,Cloud,5566605
A00347,Security,No Footprint,0
A00347,Applications,Cloud,2704624
A00347,Integration,Hybrid,573167
A00348,Infrastructure,On-Premise,1405396
A00348,Database,No Footprint,0
A00348,Analytics & Data,No Footprint,0
A00348,AI & ML,No Footprint,0
A00348,Security,No Footprint,0
A00348,Applications,On-Premise,319243
A00348,Integration,Cloud,2782131
A00349,Infrastructure,Cloud,813236
A00349,Database,Cloud,2504958
A00349,Analytics & Data,No Footprint,0
A00349,AI & ML,Cloud,466400
A00349,Security,Hybrid,2071909
A00349,Applications,Hybrid,2749697
A00349,Integration,Hybrid,1196190
A00350,Infrastructure,Hybrid,1652832
A00350,Database,Cloud,1407026
A00350,Analytics & Data,No Footprint,0
A00350,AI & ML,No Footprint,0
A00350,Security,No Footprint,0
A00350,Applications,Cloud,1995019
A00350,Integration,Cloud,335740
A00351,Infrastructure,On-Premise,212900
A00351,Database,No Footprint,0
A00351,Analytics & Data,No Footprint,0
A00351,AI & ML,Cloud,525316
A00351,Security,Cloud,2035041
A00351,Applications,Hybrid,871151
A00351,Integration,No Footprint,0
A00352,Infrastructure,Cloud,760607
A00352,Database,No Footprint,0
A00352,Analytics & Data,No Footprint,0
A00352,AI & ML,Cloud,1901112
A00352,Security,On-Premise,173598
A00352,Applications,No Footprint,0
A00352,Integration,Cloud,1077798
A00353,Infrastructure,No Footprint,0
A00353,Database,No Footprint,0
A00353,Analytics & Data,Cloud,797917
A00353,AI & ML,Cloud,660512
A00353,Security,No Footprint,0
A00353,Applications,Cloud,313456
A00353,Integration,Hybrid,165042
A00354,Infrastructure,Cloud,3684365
A00354,Database,Hybrid,1404758
A00354,Analytics & Data,Cloud,592636
A00354,AI & ML,No Footprint,0
A00354,Security,On-Premise,293765
A00354,Applications,On-Premise,2917202
A00354,Integration,Cloud,312382
A00355,Infrastructure,No Footprint,0
A00355,Database,Cloud,586707
A00355,Analytics & Data,Hybrid,1477977
A00355,AI & ML,Cloud,2068765
A00355,Security,No Footprint,0
A00355,Applications,On-Premise,289798
A00355,Integration,Cloud,1161342
A00356,Infrastructure,No Footprint,0
A00356,Database,Hybrid,319053
A00356,Analytics & Data,Hybrid,234651
A00356,AI & ML,Cloud,680070
A00356,Security,No Footprint,0
A00356,Applications,On-Premise,1337321
A00356,Integration,Hybrid,374730
A00357,Infrastructure,Hybrid,1444236
A00357,Database,No Footprint,0
A00357,Analytics & Data,Cloud,555887
A00357,AI & ML,Cloud,3379356
A00357,Security,No Footprint,0
A00357,Applications,No Footprint,0
A00357,Integration,Hybrid,503839
A00358,Infrastructure,No Footprint,0
A00358,Database,On-Premise,272798
A00358,Analytics & Data,Cloud,132450
A00358,AI & ML,Cloud,720156
A00358,Security,Hybrid,312489
A00358,Applications,Hybrid,592486
A00358,Integration,No Footprint,0
A00359,Infrastructure,On-Premise,279791
A00359,Database,No Footprint,0
A00359,Analytics & Data,Cloud,1124278
A00359,AI & ML,Cloud,509442
A00359,Security,Hybrid,2370502
A00359,Applications,On-Premise,1508805
A00359,Integration,Cloud,829535
A00360,Infrastructure,No Footprint,0
A00360,Database,Cloud,5481684
A00360,Analytics & Data,Hybrid,478162
A00360,AI & ML,Cloud,187110
A00360,Security,On-Premise,829923
A00360,Applications,Hybrid,2705149
A00360,Integration,No Footprint,0
A00361,Infrastructure,Cloud,1877964
A00361,Database,No Footprint,0
A00361,Analytics & Data,Hybrid,222761
A00361,AI & ML,Cloud,1328251
A00361,Security,On-Premise,1290774
A00361,Applications,Hybrid,947811
A00361,Integration,No Footprint,0
A00362,Infrastructure,On-Premise,273998
A00362,Database,No Footprint,0
A00362,Analytics & Data,Hybrid,1008804
A00362,AI & ML,Cloud,799812
A00362,Security,Hybrid,424529
A00362,Applications,Hybrid,209654
A00362,Integration,Cloud,633297
A00363,Infrastructure,Hybrid,804990
A00363,Database,On-Premise,625936
A00363,Analytics & Data,Hybrid,514791
A00363,AI & ML,No Footprint,0
A00363,Security,No Footprint,0
A00363,Applications,No Footprint,0
A00363,Integration,Cloud,714042
A00364,Infrastructure,On-Premise,866073
A00364,Database,Cloud,1341607
A00364,Analytics & Data,Hybrid,413710
A00364,AI & ML,Cloud,2625451
A00364,Security,Cloud,608280
A00364,Applications,Hybrid,1275609
A00364,Integration,Hybrid,681267
A00365,Infrastructure,Hybrid,1022227
A00365,Database,Hybrid,635114
A00365,Analytics & Data,Hybrid,768643
A00365,AI & ML,Cloud,2766647
A00365,Security,No Footprint,0
A00365,Applications,No Footprint,0
A00365,Integration,Hybrid,355389
A00366,Infrastructure,Hybrid,681202
A00366,Database,Hybrid,799118
A00366,Analytics & Data,Cloud,1274479
A00366,AI & ML,Cloud,779530
A00366,Security,Cloud,949864
A00366,Applications,On-Premise,7129794
A00366,Integration,Hybrid,340107
A00367,Infrastructure,Hybrid,951481
A00367,Database,On-Premise,168842
A00367,Analytics & Data,Hybrid,830321
A00367,AI & ML,No Footprint,0
A00367,Security,On-Premise,401887
A00367,Applications,Cloud,1194971
A00367,Integration,Cloud,832863
A00368,Infrastructure,Hybrid,1473055
A00368,Database,Hybrid,238647
A00368,Analytics & Data,Hybrid,713051
A00368,AI & ML,No Footprint,0
A00368,Security,No Footprint,0
A00368,Applications,Cloud,450052
A00368,Integration,No Footprint,0
A00369,Infrastructure,Hybrid,393755
A00369,Database,Hybrid,1509835
A00369,Analytics & Data,Cloud,6624411
A00369,AI & ML,Cloud,1438255
A00369,Security,On-Premise,2989794
A00369,Applications,On-Premise,160819
A00369,Integration,No Footprint,0
A00370,Infrastructure,Cloud,343201
A00370,Database,No Footprint,0
A00370,Analytics & Data,No Footprint,0
A00370,AI & ML,Cloud,1069773
A00370,Security,Cloud,203555
A00370,Applications,On-Premise,667679
A00370,Integration,Hybrid,288000
A00371,Infrastructure,Hybrid,1536236
A00371,Database,Hybrid,2223350
A00371,Analytics & Data,Hybrid,1898959
A00371,AI & ML,No Footprint,0
A00371,Security,No Footprint,0
A00371,Applications,Hybrid,1341972
A00371,Integration,Hybrid,203214
A00372,Infrastructure,Hybrid,746682
A00372,Database,No Footprint,0
A00372,Analytics & Data,No Footprint,0
A00372,AI & ML,Cloud,421708
A00372,Security,On-Premise,958094
A00372,Applications,Hybrid,607237
A00372,Integration,No Footprint,0
A00373,Infrastructure,No Footprint,0
A00373,Database,Cloud,1448707
A00373,Analytics & Data,Cloud,399944
A00373,AI & ML,Cloud,289809
A00373,Security,Hybrid,1474872
A00373,Applications,Hybrid,667463
A00373,Integration,Cloud,359034
A00374,Infrastructure,Cloud,77676
A00374,Database,On-Premise,1427931
A00374,Analytics & Data,No Footprint,0
A00374,AI & ML,Cloud,692408
A00374,Security,No Footprint,0
A00374,Applications,Hybrid,782629
A00374,Integration,Cloud,913954
A00375,Infrastructure,No Footprint,0
A00375,Database,No Footprint,0
A00375,Analytics & Data,Hybrid,335714
A00375,AI & ML,Cloud,242361
A00375,Security,No Footprint,0
A00375,Applications,Cloud,420603
A00375,Integration,No Footprint,0
A00376,Infrastructure,Cloud,1485770
A00376,Database,Hybrid,3161844
A00376,Analytics & Data,Cloud,723350
A00376,AI & ML,No Footprint,0
A00376,Security,Cloud,558104
A00376,Applications,No Footprint,0
A00376,Integration,Hybrid,660509
A00377,Infrastructure,No Footprint,0
A00377,Database,Hybrid,438679
A00377,Analytics & Data,Hybrid,1106774
A00377,AI & ML,Cloud,636452
A00377,Security,Hybrid,580914
A00377,Applications,No Footprint,0
A00377,Integration,Cloud,2147740
A00378,Infrastructure,No Footprint,0
A00378,Database,No Footprint,0
A00378,Analytics & Data,Cloud,384877
A00378,AI & ML,Cloud,1542286
A00378,Security,Hybrid,3368281
A00378,Applications,On-Premise,806856
A00378,Integration,No Footprint,0
A00379,Infrastructure,On-Premise,286857
A00379,Database,Cloud,857089
A00379,Analytics & Data,Hybrid,208953
A00379,AI & ML,Cloud,579817
A00379,Security,No Footprint,0
A00379,Applications,Cloud,384154
A00379,Integration,Cloud,2116380
A00380,Infrastructure,On-Premise,1776216
A00380,Database,No Footprint,0
A00380,Analytics & Data,Hybrid,570132
A00380,AI & ML,No Footprint,0
A00380,Security,On-Premise,670477
A00380,Applications,Hybrid,2370296
A00380,Integration,Hybrid,778355
A00381,Infrastructure,Hybrid,135334
A00381,Database,Cloud,368720
A00381,Analytics & Data,Hybrid,835953
A00381,AI & ML,Cloud,627677
A00381,Security,Hybrid,221702
A00381,Applications,No Footprint,0
A00381,Integration,No Footprint,0
A00382,Infrastructure,On-Premise,944140
A00382,Database,No Footprint,0
A00382,Analytics & Data,Hybrid,859667
A00382,AI & ML,No Footprint,0
A00382,Security,Hybrid,286000
A00382,Applications,Hybrid,7945026
A00382,Integration,Cloud,663644
A00383,Infrastructure,On-Premise,625199
A00383,Database,Cloud,703248
A00383,Analytics & Data,No Footprint,0
A00383,AI & ML,Cloud,507043
A00383,Security,On-Premise,1296565
A00383,Applications,On-Premise,2558148
A00383,Integration,Cloud,162659
A00384,Infrastructure,On-Premise,1429931
A00384,Database,Hybrid,349068
A00384,Analytics & Data,No Footprint,0
A00384,AI & ML,Cloud,865108
A00384,Security,No Footprint,0
A00384,Applications,Hybrid,157252
A00384,Integration,Hybrid,151327
A00385,Infrastructure,Cloud,647852
A00385,Database,Cloud,584064
A00385,Analytics & Data,Hybrid,290594
A00385,AI & ML,No Footprint,0
A00385,Security,Hybrid,205409
A00385,Applications,Cloud,370310
A00385,Integration,No Footprint,0
A00386,Infrastructure,Cloud,482850
A00386,Database,Cloud,787425
A00386,Analytics & Data,No Footprint,0
A00386,AI & ML,Cloud,222461
A00386,Security,Cloud,683741
A00386,Applications,Hybrid,1830628
A00386,Integration,No Footprint,0
A00387,Infrastructure,Cloud,194182
A00387,Database,On-Premise,183927
A00387,Analytics & Data,No Footprint,0
A00387,AI & ML,Cloud,1570450
A00387,Security,Hybrid,2469087
A00387,Applications,Hybrid,805780
A00387,Integration,Hybrid,515485
A00388,Infrastructure,Cloud,347071
A00388,Database,Hybrid,482499
A00388,Analytics & Data,Hybrid,297143
A00388,AI & ML,No Footprint,0
A00388,Security,No Footprint,0
A00388,Applications,No Footprint,0
A00388,Integration,Hybrid,237094
A00389,Infrastructure,No Footprint,0
A00389,Database,No Footprint,0
A00389,Analytics & Data,Hybrid,771353
A00389,AI & ML,Cloud,481260
A00389,Security,Cloud,604099
A00389,Applications,Cloud,731748
A00389,Integration,No Footprint,0
A00390,Infrastructure,No Footprint,0
A00390,Database,On-Premise,485737
A00390,Analytics & Data,Hybrid,360016
A00390,AI & ML,Cloud,489339
A00390,Security,Hybrid,435483
A00390,Applications,Hybrid,1168438
A00390,Integration,No Footprint,0
A00391,Infrastructure,On-Premise,376458
A00391,Database,Hybrid,5273897
A00391,Analytics & Data,No Footprint,0
A00391,AI & ML,Cloud,1546361
A00391,Security,Cloud,2085039
A00391,Applications,Hybrid,1803499
A00391,Integration,Cloud,604775
A00392,Infrastructure,On-Premise,502539
A00392,Database,No Footprint,0
A00392,Analytics & Data,Cloud,1721089
A00392,AI & ML,Cloud,1006409
A00392,Security,On-Premise,318901
A00392,Applications,Cloud,455471
A00392,Integration,Cloud,1362877
A00393,Infrastructure,Hybrid,428702
A00393,Database,On-Premise,305860
A00393,Analytics & Data,No Footprint,0
A00393,AI & ML,No Footprint,0
A00393,Security,On-Premise,6332605
A00393,Applications,Cloud,375982
A00393,Integration,No Footprint,0
A00394,Infrastructure,On-Premise,211152
A00394,Database,On-Premise,565763
A00394,Analytics & Data,No Footprint,0
A00394,AI & ML,Cloud,639473
A00394,Security,No Footprint,0
A00394,Applications,On-Premise,750509
A00394,Integration,Hybrid,1013236
A00395,Infrastructure,No Footprint,0
A00395,Database,Cloud,965314
A00395,Analytics & Data,No Footprint,0
A00395,AI & ML,Cloud,412639
A00395,Security,No Footprint,0
A00395,Applications,Hybrid,945027
A00395,Integration,No Footprint,0
A00396,Infrastructure,Hybrid,2049673
A00396,Database,Cloud,439037
A00396,Analytics & Data,No Footprint,0
A00396,AI & ML,No Footprint,0
A00396,Security,Hybrid,280409
A00396,Applications,No Footprint,0
A00396,Integration,Hybrid,1022314
A00397,Infrastructure,Hybrid,4065868
A00397,Database,No Footprint,0
A00397,Analytics & Data,Hybrid,1025857
A00397,AI & ML,Cloud,733165
A00397,Security,On-Premise,1080993
A00397,Applications,On-Premise,1110303
A00397,Integration,Hybrid,652548
A00398,Infrastructure,Hybrid,124319
A00398,Database,Cloud,1076365
A00398,Analytics & Data,Cloud,189686
A00398,AI & ML,Cloud,1052412
A00398,Security,Hybrid,930501
A00398,Applications,Cloud,807832
A00398,Integration,No Footprint,0
A00399,Infrastructure,Cloud,2025725
A00399,Database,No Footprint,0
A00399,Analytics & Data,Cloud,2263054
A00399,AI & ML,No Footprint,0
A00399,Security,Hybrid,394053
A00399,Applications,Hybrid,1108835
A00399,Integration,Hybrid,1417753
A00400,Infrastructure,No Footprint,0
A00400,Database,On-Premise,1252339
A00400,Analytics & Data,Cloud,684797
A00400,AI & ML,Cloud,242198
A00400,Security,On-Premise,1270897
A00400,Applications,Cloud,1336069
A00400,Integration,Cloud,360882
A00401,Infrastructure,No Footprint,0
A00401,Database,Hybrid,96408
A00401,Analytics & Data,Hybrid,483550
A00401,AI & ML,Cloud,902756
A00401,Security,Cloud,648525
A00401,Applications,On-Premise,3023016
A00401,Integration,Cloud,588705
A00402,Infrastructure,Cloud,563264
A00402,Database,On-Premise,212166
A00402,Analytics & Data,No Footprint,0
A00402,AI & ML,Cloud,266179
A00402,Security,Cloud,256597
A00402,Applications,On-Premise,1732380
A00402,Integration,Hybrid,469709
A00403,Infrastructure,No Footprint,0
A00403,Database,Cloud,595500
A00403,Analytics & Data,Hybrid,1586921
A00403,AI & ML,Cloud,1358025
A00403,Security,Cloud,1588108
A00403,Applications,On-Premise,3130684
A00403,Integration,Cloud,2748224
A00404,Infrastructure,No Footprint,0
A00404,Database,No Footprint,0
A00404,Analytics & Data,Hybrid,580910
A00404,AI & ML,Cloud,949396
A00404,Security,Hybrid,434588
A00404,Applications,Cloud,200497
A00404,Integration,No Footprint,0
A00405,Infrastructure,Hybrid,304520
A00405,Database,No Footprint,0
A00405,Analytics & Data,Cloud,581848
A00405,AI & ML,Cloud,1393348
A00405,Security,Hybrid,5360447
A00405,Applications,Hybrid,467759
A00405,Integration,Hybrid,308620
A00406,Infrastructure,Cloud,4006104
A00406,Database,On-Premise,698039
A00406,Analytics & Data,No Footprint,0
A00406,AI & ML,Cloud,586351
A00406,Security,Cloud,695380
A00406,Applications,Cloud,346647
A00406,Integration,Cloud,683861
A00407,Infrastructure,No Footprint,0
A00407,Database,On-Premise,1871525
A00407,Analytics & Data,Hybrid,482352
A00407,AI & ML,Cloud,1179482
A00407,Security,No Footprint,0
A00407,Applications,Cloud,357265
A00407,Integration,Cloud,1365360
A00408,Infrastructure,No Footprint,0
A00408,Database,Cloud,656528
A00408,Analytics & Data,No Footprint,0
A00408,AI & ML,Cloud,541563
A00408,Security,On-Premise,250631
A00408,Applications,Hybrid,1815347
A00408,Integration,Hybrid,2285596
A00409,Infrastructure,Hybrid,1586776
A00409,Database,Cloud,553977
A00409,Analytics & Data,No Footprint,0
A00409,AI & ML,No Footprint,0
A00409,Security,No Footprint,0
A00409,Applications,On-Premise,210330
A00409,Integration,Cloud,585940
A00410,Infrastructure,Hybrid,347495
A00410,Database,On-Premise,895881
A00410,Analytics & Data,No Footprint,0
A00410,AI & ML,No Footprint,0
A00410,Security,Cloud,1153382
A00410,Applications,Cloud,904350
A00410,Integration,Hybrid,809328
A00411,Infrastructure,Cloud,2432711
A00411,Database,No Footprint,0
A00411,Analytics & Data,Hybrid,231603
A00411,AI & ML,No Footprint,0
A00411,Security,No Footprint,0
A00411,Applications,Cloud,1502378
A00411,Integration,Cloud,1427930
A00412,Infrastructure,No Footprint,0
A00412,Database,No Footprint,0
A00412,Analytics & Data,Hybrid,569159
A00412,AI & ML,Cloud,165286
A00412,Security,Cloud,2193478
A00412,Applications,On-Premise,283534
A00412,Integration,Hybrid,703281
A00413,Infrastructure,No Footprint,0
A00413,Database,Cloud,255283
A00413,Analytics & Data,No Footprint,0
A00413,AI & ML,Cloud,170432
A00413,Security,Cloud,1356920
A00413,Applications,Hybrid,129971
A00413,Integration,Cloud,466366
A00414,Infrastructure,On-Premise,1141050
A00414,Database,On-Premise,1231923
A00414,Analytics & Data,Hybrid,1420160
A00414,AI & ML,Cloud,773984
A00414,Security,Hybrid,156539
A00414,Applications,Cloud,2487186
A00414,Integration,Hybrid,283378
A00415,Infrastructure,On-Premise,772737
A00415,Database,On-Premise,267954
A00415,Analytics & Data,Hybrid,1514975
A00415,AI & ML,Cloud,1462621
A00415,Security,Hybrid,1122982
A00415,Applications,Cloud,392680
A00415,Integration,No Footprint,0
A00416,Infrastructure,Cloud,693896
A00416,Database,Cloud,1106552
A00416,Analytics & Data,Hybrid,2660334
A00416,AI & ML,Cloud,808842
A00416,Security,On-Premise,1898309
A00416,Applications,No Footprint,0
A00416,Integration,Cloud,2337154
A00417,Infrastructure,No Footprint,0
A00417,Database,Hybrid,835717
A00417,Analytics & Data,Hybrid,484948
A00417,AI & ML,Cloud,2978875
A00417,Security,No Footprint,0
A00417,Applications,On-Premise,717228
A00417,Integration,No Footprint,0
A00418,Infrastructure,Hybrid,727180
A00418,Database,Hybrid,89636
A00418,Analytics & Data,No Footprint,0
A00418,AI & ML,No Footprint,0
A00418,Security,No Footprint,0
A00418,Applications,Hybrid,657869
A00418,Integration,Hybrid,242346
A00419,Infrastructure,Hybrid,1057231
A00419,Database,On-Premise,305811
A00419,Analytics & Data,Hybrid,489128
A00419,AI & ML,Cloud,243548
A00419,Security,No Footprint,0
A00419,Applications,Hybrid,276762
A00419,Integration,Cloud,188231
A00420,Infrastructure,No Footprint,0
A00420,Database,Hybrid,333302
A00420,Analytics & Data,No Footprint,0
A00420,AI & ML,No Footprint,0
A00420,Security,Cloud,1222864
A00420,Applications,No Footprint,0
A00420,Integration,Cloud,524453
A00421,Infrastructure,No Footprint,0
A00421,Database,No Footprint,0
A00421,Analytics & Data,Hybrid,222911
A00421,AI & ML,Cloud,826419
A00421,Security,Cloud,1061461
A00421,Applications,On-Premise,828226
A00421,Integration,No Footprint,0
A00422,Infrastructure,No Footprint,0
A00422,Database,Hybrid,235468
A00422,Analytics & Data,Hybrid,162245
A00422,AI & ML,Cloud,1366260
A00422,Security,No Footprint,0
A00422,Applications,Hybrid,525876
A00422,Integration,Hybrid,483672
A00423,Infrastructure,On-Premise,696480
A00423,Database,Cloud,1040323
A00423,Analytics & Data,No Footprint,0
A00423,AI & ML,Cloud,1056342
A00423,Security,On-Premise,5449187
A00423,Applications,On-Premise,373674
A00423,Integration,Hybrid,286780
A00424,Infrastructure,Cloud,2249305
A00424,Database,On-Premise,731155
A00424,Analytics & Data,Hybrid,413566
A00424,AI & ML,Cloud,1475624
A00424,Security,No Footprint,0
A00424,Applications,No Footprint,0
A00424,Integration,Cloud,786386
A00425,Infrastructure,Cloud,1102775
A00425,Database,On-Premise,1562805
A00425,Analytics & Data,No Footprint,0
A00425,AI & ML,Cloud,158414
A00425,Security,Cloud,111393
A00425,Applications,On-Premise,1330223
A00425,Integration,No Footprint,0
A00426,Infrastructure,No Footprint,0
A00426,Database,On-Premise,1505378
A00426,Analytics & Data,Hybrid,1453311
A00426,AI & ML,Cloud,602941
A00426,Security,Hybrid,736979
A00426,Applications,On-Premise,414042
A00426,Integration,No Footprint,0
A00427,Infrastructure,No Footprint,0
A00427,Database,No Footprint,0
A00427,Analytics & Data,Hybrid,734516
A00427,AI & ML,No Footprint,0
A00427,Security,Hybrid,1050282
A00427,Applications,On-Premise,110577
A00427,Integration,Cloud,252503
A00428,Infrastructure,No Footprint,0
A00428,Database,No Footprint,0
A00428,Analytics & Data,Cloud,336495
A00428,AI & ML,Cloud,360754
A00428,Security,Cloud,208332
A00428,Applications,Hybrid,107059
A00428,Integration,No Footprint,0
A00429,Infrastructure,Cloud,574176
A00429,Database,No Footprint,0
A00429,Analytics & Data,Cloud,1811501
A00429,AI & ML,No Footprint,0
A00429,Security,No Footprint,0
A00429,Applications,Hybrid,206424
A00429,Integration,Hybrid,2249284
A00430,Infrastructure,Hybrid,1334005
A00430,Database,Cloud,217658
A00430,Analytics & Data,No Footprint,0
A00430,AI & ML,Cloud,818340
A00430,Security,Hybrid,2051473
A00430,Applications,On-Premise,3167145
A00430,Integration,Hybrid,301865
A00431,Infrastructure,Hybrid,1387719
A00431,Database,On-Premise,484565
A00431,Analytics & Data,Cloud,1303191
A00431,AI & ML,Cloud,890977
A00431,Security,No Footprint,0
A00431,Applications,Hybrid,825070
A00431,Integration,Hybrid,1123366
A00432,Infrastructure,On-Premise,6351156
A00432,Database,Hybrid,664596
A00432,Analytics & Data,Hybrid,657800
A00432,AI & ML,No Footprint,0
A00432,Security,On-Premise,291781
A00432,Applications,No Footprint,0
A00432,Integration,Cloud,651808
A00433,Infrastructure,No Footprint,0
A00433,Database,No Footprint,0
A00433,Analytics & Data,Hybrid,784715
A00433,AI & ML,Cloud,668360
A00433,Security,No Footprint,0
A00433,Applications,On-Premise,402248
A00433,Integration,No Footprint,0
A00434,Infrastructure,On-Premise,1017674
A00434,Database,No Footprint,0
A00434,Analytics & Data,Hybrid,369862
A00434,AI & ML,No Footprint,0
A00434,Security,No Footprint,0
A00434,Applications,On-Premise,297344
A00434,Integration,Cloud,600966
A00435,Infrastructure,No Footprint,0
A00435,Database,On-Premise,691669
A00435,Analytics & Data,No Footprint,0
A00435,AI & ML,Cloud,1026733
A00435,Security,On-Premise,1625237
A00435,Applications,On-Premise,1716400
A00435,Integration,Hybrid,1820364
A00436,Infrastructure,No Footprint,0
A00436,Database,Hybrid,143407
A00436,Analytics & Data,Hybrid,1203830
A00436,AI & ML,Cloud,741106
A00436,Security,Cloud,154314
A00436,Applications,Hybrid,1011561
A00436,Integration,Hybrid,141750
A00437,Infrastructure,Cloud,1627900
A00437,Database,Hybrid,183036
A00437,Analytics & Data,Hybrid,917239
A00437,AI & ML,Cloud,1434882
A00437,Security,No Footprint,0
A00437,Applications,Hybrid,3137405
A00437,Integration,Cloud,348478
A00438,Infrastructure,No Footprint,0
A00438,Database,Cloud,438062
A00438,Analytics & Data,Cloud,1039020
A00438,AI & ML,Cloud,673093
A00438,Security,On-Premise,491763
A00438,Applications,No Footprint,0
A00438,Integration,Hybrid,337857
A00439,Infrastructure,No Footprint,0
A00439,Database,No Footprint,0
A00439,Analytics & Data,Hybrid,1805447
A00439,AI & ML,Cloud,898974
A00439,Security,No Footprint,0
A00439,Applications,Cloud,4966584
A00439,Integration,Cloud,1687561
A00440,Infrastructure,No Footprint,0
A00440,Database,Cloud,626031
A00440,Analytics & Data,No Footprint,0
A00440,AI & ML,Cloud,404720
A00440,Security,On-Premise,8138008
A00440,Applications,Cloud,1120556
A00440,Integration,No Footprint,0
A00441,Infrastructure,Cloud,659690
A00441,Database,On-Premise,189338
A00441,Analytics & Data,Hybrid,401574
A00441,AI & ML,No Footprint,0
A00441,Security,Hybrid,798031
A00441,Applications,Hybrid,789593
A00441,Integration,Hybrid,440617
A00442,Infrastructure,No Footprint,0
A00442,Database,Cloud,998274
A00442,Analytics & Data,Cloud,509436
A00442,AI & ML,Cloud,740597
A00442,Security,Cloud,394759
A00442,Applications,No Footprint,0
A00442,Integration,Cloud,209387
A00443,Infrastructure,Hybrid,1618406
A00443,Database,On-Premise,1358556
A00443,Analytics & Data,No Footprint,0
A00443,AI & ML,Cloud,482803
A00443,Security,No Footprint,0
A00443,Applications,On-Premise,416590
A00443,Integration,No Footprint,0
A00444,Infrastructure,Hybrid,725421
A00444,Database,Hybrid,498431
A00444,Analytics & Data,Hybrid,565957
A00444,AI & ML,Cloud,1003031
A00444,Security,Hybrid,400536
A00444,Applications,Hybrid,151073
A00444,Integration,No Footprint,0
A00445,Infrastructure,Cloud,1209626
A00445,Database,No Footprint,0
A00445,Analytics & Data,Cloud,1594213
A00445,AI & ML,Cloud,3058356
A00445,Security,Hybrid,746359
A00445,Applications,On-Premise,781017
A00445,Integration,Hybrid,1464134
A00446,Infrastructure,On-Premise,204495
A00446,Database,On-Premise,1501101
A00446,Analytics & Data,Hybrid,689190
A00446,AI & ML,Cloud,644264
A00446,Security,No Footprint,0
A00446,Applications,On-Premise,1178776
A00446,Integration,Cloud,618713
A00447,Infrastructure,Hybrid,2626436
A00447,Database,On-Premise,566504
A00447,Analytics & Data,No Footprint,0
A00447,AI & ML,No Footprint,0
A00447,Security,Hybrid,1142530
A00447,Applications,No Footprint,0
A00447,Integration,Hybrid,1193888
A00448,Infrastructure,No Footprint,0
A00448,Database,Cloud,293161
A00448,Analytics & Data,Hybrid,2546001
A00448,AI & ML,Cloud,1522133
A00448,Security,No Footprint,0
A00448,Applications,Cloud,974004
A00448,Integration,Hybrid,700004
A00449,Infrastructure,Hybrid,955729
A00449,Database,On-Premise,3645461
A00449,Analytics & Data,No Footprint,0
A00449,AI & ML,Cloud,812070
A00449,Security,No Footprint,0
A00449,Applications,No Footprint,0
A00449,Integration,No Footprint,0
A00450,Infrastructure,No Footprint,0
A00450,Database,Hybrid,451944
A00450,Analytics & Data,Cloud,2151974
A00450,AI & ML,No Footprint,0
A00450,Security,Hybrid,3810296
A00450,Applications,Cloud,862070
A00450,Integration,Hybrid,540834
A00451,Infrastructure,No Footprint,0
A00451,Database,Cloud,438522
A00451,Analytics & Data,No Footprint,0
A00451,AI & ML,Cloud,365475
A00451,Security,On-Premise,1650371
A00451,Applications,On-Premise,1404205
A00451,Integration,Hybrid,213482
A00452,Infrastructure,No Footprint,0
A00452,Database,No Footprint,0
A00452,Analytics & Data,Hybrid,924687
A00452,AI & ML,Cloud,559159
A00452,Security,On-Premise,793974
A00452,Applications,Cloud,1976694
A00452,Integration,Cloud,591243
A00453,Infrastructure,Hybrid,2501740
A00453,Database,Cloud,1027719
A00453,Analytics & Data,Hybrid,781943
A00453,AI & ML,Cloud,1170878
A00453,Security,On-Premise,686295
A00453,Applications,Cloud,952529
A00453,Integration,Hybrid,1063042
A00454,Infrastructure,No Footprint,0
A00454,Database,Hybrid,454262
A00454,Analytics & Data,Cloud,909220
A00454,AI & ML,Cloud,1354510
A00454,Security,No Footprint,0
A00454,Applications,On-Premise,415100
A00454,Integration,Cloud,693093
A00455,Infrastructure,On-Premise,662375
A00455,Database,Cloud,93122
A00455,Analytics & Data,Hybrid,1429320
A00455,AI & ML,Cloud,1240443
A00455,Security,No Footprint,0
A00455,Applications,No Footprint,0
A00455,Integration,Hybrid,801420
A00456,Infrastructure,No Footprint,0
A00456,Database,No Footprint,0
A00456,Analytics & Data,Hybrid,289245
A00456,AI & ML,Cloud,559391
A00456,Security,No Footprint,0
A00456,Applications,On-Premise,1036826
A00456,Integration,Cloud,603258
A00457,Infrastructure,Hybrid,659330
A00457,Database,Hybrid,138540
A00457,Analytics & Data,Cloud,274415
A00457,AI & ML,Cloud,824519
A00457,Security,On-Premise,287025
A00457,Applications,On-Premise,339489
A00457,Integration,Hybrid,148892
A00458,Infrastructure,Cloud,191712
A00458,Database,Hybrid,441431
A00458,Analytics & Data,Cloud,2473323
A00458,AI & ML,Cloud,4063236
A00458,Security,No Footprint,0
A00458,Applications,Hybrid,1007099
A00458,Integration,Hybrid,4965215
A00459,Infrastructure,On-Premise,1387046
A00459,Database,No Footprint,0
A00459,Analytics & Data,Hybrid,277499
A00459,AI & ML,Cloud,449078
A00459,Security,On-Premise,103102
A00459,Applications,On-Premise,796057
A00459,Integration,No Footprint,0
A00460,Infrastructure,Cloud,2848154
A00460,Database,Cloud,2191979
A00460,Analytics & Data,Cloud,1220449
A00460,AI & ML,No Footprint,0
A00460,Security,No Footprint,0
A00460,Applications,Hybrid,1613602
A00460,Integration,No Footprint,0
A00461,Infrastructure,On-Premise,412558
A00461,Database,Hybrid,751959
A00461,Analytics & Data,No Footprint,0
A00461,AI & ML,No Footprint,0
A00461,Security,Cloud,759082
A00461,Applications,Hybrid,548740
A00461,Integration,Hybrid,139818
A00462,Infrastructure,Cloud,592477
A00462,Database,No Footprint,0
A00462,Analytics & Data,No Footprint,0
A00462,AI & ML,Cloud,1276100
A00462,Security,Hybrid,919206
A00462,Applications,On-Premise,3088947
A00462,Integration,Hybrid,4811171
A00463,Infrastructure,Hybrid,253421
A00463,Database,Hybrid,258191
A00463,Analytics & Data,No Footprint,0
A00463,AI & ML,Cloud,272663
A00463,Security,Hybrid,871697
A00463,Applications,Hybrid,150781
A00463,Integration,No Footprint,0
A00464,Infrastructure,Hybrid,916474
A00464,Database,No Footprint,0
A00464,Analytics & Data,No Footprint,0
A00464,AI & ML,Cloud,606060
A00464,Security,No Footprint,0
A00464,Applications,On-Premise,307579
A00464,Integration,Cloud,2437250
A00465,Infrastructure,On-Premise,454787
A00465,Database,On-Premise,3286650
A00465,Analytics & Data,Hybrid,298310
A00465,AI & ML,Cloud,1231809
A00465,Security,Hybrid,930168
A00465,Applications,Cloud,288208
A00465,Integration,Cloud,228789
A00466,Infrastructure,Hybrid,450433
A00466,Database,On-Premise,670454
A00466,Analytics & Data,Hybrid,1274344
A00466,AI & ML,Cloud,979719
A00466,Security,Cloud,254490
A00466,Applications,On-Premise,1188091
A00466,Integration,Hybrid,3554841
A00467,Infrastructure,On-Premise,801776
A00467,Database,Hybrid,3389812
A00467,Analytics & Data,No Footprint,0
A00467,AI & ML,Cloud,481955
A00467,Security,Cloud,1055837
A00467,Applications,Hybrid,2758341
A00467,Integration,No Footprint,0
A00468,Infrastructure,Cloud,1462951
A00468,Database,No Footprint,0
A00468,Analytics & Data,Hybrid,167955
A00468,AI & ML,Cloud,975832
A00468,Security,On-Premise,982481
A00468,Applications,Hybrid,715285
A00468,Integration,Cloud,5997326
A00469,Infrastructure,Hybrid,313932
A00469,Database,No Footprint,0
A00469,Analytics & Data,Hybrid,334049
A00469,AI & ML,No Footprint,0
A00469,Security,On-Premise,288898
A00469,Applications,Hybrid,806757
A00469,Integration,Hybrid,799604
A00470,Infrastructure,Hybrid,1153742
A00470,Database,Cloud,825278
A00470,Analytics & Data,Hybrid,238617
A00470,AI & ML,No Footprint,0
A00470,Security,Hybrid,393183
A00470,Applications,No Footprint,0
A00470,Integration,Hybrid,1356464
A00471,Infrastructure,On-Premise,1714963
A00471,Database,On-Premise,447712
A00471,Analytics & Data,No Footprint,0
A00471,AI & ML,No Footprint,0
A00471,Security,Hybrid,271690
A00471,Applications,Hybrid,392857
A00471,Integration,Cloud,1365901
A00472,Infrastructure,No Footprint,0
A00472,Database,Cloud,1178078
A00472,Analytics & Data,No Footprint,0
A00472,AI & ML,Cloud,631788
A00472,Security,On-Premise,1275119
A00472,Applications,Cloud,549823
A00472,Integration,Hybrid,379715
A00473,Infrastructure,On-Premise,714888
A00473,Database,On-Premise,1313154
A00473,Analytics & Data,No Footprint,0
A00473,AI & ML,Cloud,647305
A00473,Security,No Footprint,0
A00473,Applications,Hybrid,4511764
A00473,Integration,Cloud,4791754
A00474,Infrastructure,On-Premise,555444
A00474,Database,Hybrid,271799
A00474,Analytics & Data,No Footprint,0
A00474,AI & ML,No Footprint,0
A00474,Security,Hybrid,2531350
A00474,Applications,No Footprint,0
A00474,Integration,Hybrid,284752
A00475,Infrastructure,On-Premise,8658460
A00475,Database,Cloud,661426
A00475,Analytics & Data,Cloud,1068602
A00475,AI & ML,Cloud,552768
A00475,Security,No Footprint,0
A00475,Applications,Hybrid,167871
A00475,Integration,Cloud,583502
A00476,Infrastructure,On-Premise,2731692
A00476,Database,Cloud,235258
A00476,Analytics & Data,No Footprint,0
A00476,AI & ML,Cloud,249239
A00476,Security,On-Premise,658111
A00476,Applications,On-Premise,1342353
A00476,Integration,No Footprint,0
A00477,Infrastructure,On-Premise,243160
A00477,Database,No Footprint,0
A00477,Analytics & Data,Hybrid,1318551
A00477,AI & ML,Cloud,421016
A00477,Security,Hybrid,906830
A00477,Applications,On-Premise,305464
A00477,Integration,No Footprint,0
A00478,Infrastructure,No Footprint,0
A00478,Database,No Footprint,0
A00478,Analytics & Data,Cloud,508363
A00478,AI & ML,Cloud,651990
A00478,Security,Hybrid,1810991
A00478,Applications,Hybrid,630245
A00478,Integration,Hybrid,543989
A00479,Infrastructure,No Footprint,0
A00479,Database,On-Premise,2376727
A00479,Analytics & Data,Hybrid,873778
A00479,AI & ML,Cloud,980668
A00479,Security,No Footprint,0
A00479,Applications,On-Premise,1057223
A00479,Integration,No Footprint,0
A00480,Infrastructure,Hybrid,944151
A00480,Database,No Footprint,0
A00480,Analytics & Data,No Footprint,0
A00480,AI & ML,No Footprint,0
A00480,Security,On-Premise,344992
A00480,Applications,Cloud,720776
A00480,Integration,Hybrid,953790
A00481,Infrastructure,On-Premise,5701219
A00481,Database,On-Premise,1366734
A00481,Analytics & Data,No Footprint,0
A00481,AI & ML,Cloud,262667
A00481,Security,Hybrid,475760
A00481,Applications,On-Premise,268637
A00481,Integration,No Footprint,0
A00482,Infrastructure,On-Premise,137304
A00482,Database,On-Premise,1160555
A00482,Analytics & Data,No Footprint,0
A00482,AI & ML,No Footprint,0
A00482,Security,Cloud,484001
A00482,Applications,Hybrid,533669
A00482,Integration,No Footprint,0
A00483,Infrastructure,Cloud,376182
A00483,Database,Cloud,1201371
A00483,Analytics & Data,Hybrid,1106325
A00483,AI & ML,No Footprint,0
A00483,Security,Cloud,1206120
A00483,Applications,Hybrid,344465
A00483,Integration,Hybrid,658994
A00484,Infrastructure,Cloud,161252
A00484,Database,On-Premise,1188830
A00484,Analytics & Data,Cloud,242892
A00484,AI & ML,No Footprint,0
A00484,Security,On-Premise,108989
A00484,Applications,Hybrid,687462
A00484,Integration,Hybrid,349629
A00485,Infrastructure,Hybrid,990599
A00485,Database,On-Premise,272817
A00485,Analytics & Data,Cloud,557380
A00485,AI & ML,Cloud,533407
A00485,Security,Hybrid,473581
A00485,Applications,On-Premise,879587
A00485,Integration,No Footprint,0
A00486,Infrastructure,No Footprint,0
A00486,Database,Cloud,1235659
A00486,Analytics & Data,Cloud,2632331
A00486,AI & ML,Cloud,4514158
A00486,Security,Hybrid,1315267
A00486,Applications,No Footprint,0
A00486,Integration,No Footprint,0
A00487,Infrastructure,Cloud,3688636
A00487,Database,No Footprint,0
A00487,Analytics & Data,Cloud,876265
A00487,AI & ML,Cloud,1476620
A00487,Security,Cloud,1583163
A00487,Applications,Hybrid,1730863
A00487,Integration,Cloud,896103
A00488,Infrastructure,Cloud,2022569
A00488,Database,Cloud,733272
A00488,Analytics & Data,No Footprint,0
A00488,AI & ML,No Footprint,0
A00488,Security,Cloud,1118363
A00488,Applications,Hybrid,770919
A00488,Integration,Hybrid,612639
A00489,Infrastructure,No Footprint,0
A00489,Database,Hybrid,1037815
A00489,Analytics & Data,Hybrid,1087781
A00489,AI & ML,Cloud,1148223
A00489,Security,No Footprint,0
A00489,Applications,No Footprint,0
A00489,Integration,Cloud,253735
A00490,Infrastructure,Hybrid,726342
A00490,Database,Cloud,5771325
A00490,Analytics & Data,Cloud,751994
A00490,AI & ML,Cloud,4980260
A00490,Security,No Footprint,0
A00490,Applications,Hybrid,1320217
A00490,Integration,No Footprint,0
A00491,Infrastructure,No Footprint,0
A00491,Database,Hybrid,659758
A00491,Analytics & Data,Cloud,2005150
A00491,AI & ML,Cloud,701758
A00491,Security,No Footprint,0
A00491,Applications,No Footprint,0
A00491,Integration,Cloud,1019098
A00492,Infrastructure,On-Premise,1034291
A00492,Database,On-Premise,440881
A00492,Analytics & Data,Cloud,977206
A00492,AI & ML,Cloud,675547
A00492,Security,Cloud,281081
A00492,Applications,Cloud,548026
A00492,Integration,Hybrid,2306755
A00493,Infrastructure,No Footprint,0
A00493,Database,Cloud,794265
A00493,Analytics & Data,No Footprint,0
A00493,AI & ML,Cloud,1078790
A00493,Security,No Footprint,0
A00493,Applications,On-Premise,943289
A00493,Integration,Cloud,851146
A00494,Infrastructure,No Footprint,0
A00494,Database,Cloud,228889
A00494,Analytics & Data,Hybrid,80827
A00494,AI & ML,Cloud,1106609
A00494,Security,No Footprint,0
A00494,Applications,No Footprint,0
A00494,Integration,Cloud,275200
A00495,Infrastructure,No Footprint,0
A00495,Database,On-Premise,342830
A00495,Analytics & Data,Cloud,967045
A00495,AI & ML,No Footprint,0
A00495,Security,No Footprint,0
A00495,Applications,No Footprint,0
A00495,Integration,No Footprint,0
A00496,Infrastructure,On-Premise,553994
A00496,Database,No Footprint,0
A00496,Analytics & Data,Cloud,570990
A00496,AI & ML,No Footprint,0
A00496,Security,On-Premise,781740
A00496,Applications,Cloud,1494575
A00496,Integration,No Footprint,0
A00497,Infrastructure,No Footprint,0
A00497,Database,On-Premise,1120945
A00497,Analytics & Data,Cloud,2037461
A00497,AI & ML,Cloud,677396
A00497,Security,Cloud,950794
A00497,Applications,On-Premise,604666
A00497,Integration,Cloud,639331
A00498,Infrastructure,On-Premise,215507
A00498,Database,On-Premise,892687
A00498,Analytics & Data,Hybrid,399532
A00498,AI & ML,Cloud,387990
A00498,Security,On-Premise,644923
A00498,Applications,Hybrid,3618828
A00498,Integration,Cloud,1333507
A00499,Infrastructure,No Footprint,0
A00499,Database,Hybrid,542513
A00499,Analytics & Data,Hybrid,117298
A00499,AI & ML,No Footprint,0
A00499,Security,On-Premise,345965
A00499,Applications,Cloud,330600
A00499,Integration,No Footprint,0
A00500,Infrastructure,Hybrid,1378563
A00500,Database,No Footprint,0
A00500,Analytics & Data,Cloud,3066840
A00500,AI & ML,Cloud,531401
A00500,Security,No Footprint,0
A00500,Applications,On-Premise,942914
A00500,Integration,Hybrid,2075764
A00501,Infrastructure,On-Premise,2544429
A00501,Database,On-Premise,396786
A00501,Analytics & Data,Hybrid,308565
A00501,AI & ML,Cloud,536525
A00501,Security,On-Premise,1300991
A00501,Applications,No Footprint,0
A00501,Integration,Cloud,1744156
A00502,Infrastructure,Cloud,606870
A00502,Database,Hybrid,904648
A00502,Analytics & Data,Hybrid,699851
A00502,AI & ML,Cloud,86554
A00502,Security,Hybrid,956889
A00502,Applications,On-Premise,1871555
A00502,Integration,No Footprint,0
A00503,Infrastructure,Hybrid,665273
A00503,Database,No Footprint,0
A00503,Analytics & Data,No Footprint,0
A00503,AI & ML,Cloud,1542677
A00503,Security,On-Premise,2178130
A00503,Applications,On-Premise,3071522
A00503,Integration,Hybrid,1132241
A00504,Infrastructure,No Footprint,0
A00504,Database,No Footprint,0
A00504,Analytics & Data,Hybrid,1516129
A00504,AI & ML,Cloud,1338781
A00504,Security,No Footprint,0
A00504,Applications,Hybrid,935866
A00504,Integration,Cloud,2898788
A00505,Infrastructure,Cloud,476059
A00505,Database,On-Premise,2468893
A00505,Analytics & Data,Hybrid,401414
A00505,AI & ML,Cloud,514341
A00505,Security,No Footprint,0
A00505,Applications,On-Premise,1768247
A00505,Integration,Hybrid,560624
A00506,Infrastructure,On-Premise,4118349
A00506,Database,Cloud,485935
A00506,Analytics & Data,Cloud,244080
A00506,AI & ML,Cloud,540024
A00506,Security,No Footprint,0
A00506,Applications,No Footprint,0
A00506,Integration,Hybrid,851530
A00507,Infrastructure,On-Premise,196411
A00507,Database,Hybrid,398944
A00507,Analytics & Data,Cloud,1314378
A00507,AI & ML,Cloud,244291
A00507,Security,Hybrid,94425
A00507,Applications,Hybrid,184358
A00507,Integration,Hybrid,109852
A00508,Infrastructure,On-Premise,174883
A00508,Database,On-Premise,2404358
A00508,Analytics & Data,Cloud,209305
A00508,AI & ML,No Footprint,0
A00508,Security,Cloud,1733755
A00508,Applications,Cloud,1328168
A00508,Integration,No Footprint,0
A00509,Infrastructure,Hybrid,2036057
A00509,Database,Hybrid,137174
A00509,Analytics & Data,Cloud,2327867
A00509,AI & ML,Cloud,759191
A00509,Security,On-Premise,279668
A00509,Applications,On-Premise,771671
A00509,Integration,Cloud,249683
A00510,Infrastructure,No Footprint,0
A00510,Database,On-Premise,497817
A00510,Analytics & Data,No Footprint,0
A00510,AI & ML,Cloud,513929
A00510,Security,No Footprint,0
A00510,Applications,On-Premise,2601830
A00510,Integration,Cloud,486407
A00511,Infrastructure,No Footprint,0
A00511,Database,Hybrid,1002182
A00511,Analytics & Data,Hybrid,3324329
A00511,AI & ML,No Footprint,0
A00511,Security,Hybrid,244736
A00511,Applications,No Footprint,0
A00511,Integration,Hybrid,230823
A00512,Infrastructure,On-Premise,1296926
A00512,Database,Cloud,358848
A00512,Analytics & Data,Hybrid,377620
A00512,AI & ML,Cloud,830360
A00512,Security,On-Premise,4078464
A00512,Applications,Cloud,285927
A00512,Integration,Hybrid,362373
A00513,Infrastructure,Hybrid,497362
A00513,Database,No Footprint,0
A00513,Analytics & Data,No Footprint,0
A00513,AI & ML,Cloud,4107039
A00513,Security,No Footprint,0
A00513,Applications,Hybrid,3907049
A00513,Integration,Hybrid,269055
A00514,Infrastructure,On-Premise,1693493
A00514,Database,Cloud,1488048
A00514,Analytics & Data,Cloud,1272923
A00514,AI & ML,Cloud,905470
A00514,Security,Cloud,317896
A00514,Applications,Hybrid,684449
A00514,Integration,No Footprint,0
A00515,Infrastructure,Cloud,432086
A00515,Database,Hybrid,181227
A00515,Analytics & Data,Cloud,420499
A00515,AI & ML,Cloud,2418501
A00515,Security,Hybrid,1151930
A00515,Applications,No Footprint,0
A00515,Integration,Hybrid,1956823
A00516,Infrastructure,On-Premise,208051
A00516,Database,Hybrid,549497
A00516,Analytics & Data,Cloud,2103419
A00516,AI & ML,Cloud,327880
A00516,Security,On-Premise,431360
A00516,Applications,No Footprint,0
A00516,Integration,Cloud,205035
A00517,Infrastructure,Hybrid,181386
A00517,Database,Cloud,651622
A00517,Analytics & Data,Cloud,936954
A00517,AI & ML,No Footprint,0
A00517,Security,Cloud,658686
A00517,Applications,Hybrid,495143
A00517,Integration,No Footprint,0
A00518,Infrastructure,Hybrid,138560
A00518,Database,Cloud,751054
A00518,Analytics & Data,No Footprint,0
A00518,AI & ML,Cloud,1820710
A00518,Security,On-Premise,692325
A00518,Applications,On-Premise,1098424
A00518,Integration,Hybrid,1626618
A00519,Infrastructure,No Footprint,0
A00519,Database,Cloud,1323793
A00519,Analytics & Data,Cloud,2276039
A00519,AI & ML,No Footprint,0
A00519,Security,No Footprint,0
A00519,Applications,No Footprint,0
A00519,Integration,Cloud,525297
A00520,Infrastructure,On-Premise,895090
A00520,Database,Hybrid,1026284
A00520,Analytics & Data,No Footprint,0
A00520,AI & ML,No Footprint,0
A00520,Security,Hybrid,1156434
A00520,Applications,On-Premise,1035491
A00520,Integration,Hybrid,489983
A00521,Infrastructure,On-Premise,114662
A00521,Database,No Footprint,0
A00521,Analytics & Data,Hybrid,401897
A00521,AI & ML,Cloud,1504312
A00521,Security,No Footprint,0
A00521,Applications,On-Premise,2649109
A00521,Integration,No Footprint,0
A00522,Infrastructure,On-Premise,3423779
A00522,Database,No Footprint,0
A00522,Analytics & Data,Cloud,245644
A00522,AI & ML,No Footprint,0
A00522,Security,On-Premise,643230
A00522,Applications,Cloud,714238
A00522,Integration,No Footprint,0
A00523,Infrastructure,No Footprint,0
A00523,Database,No Footprint,0
A00523,Analytics & Data,Hybrid,1111978
A00523,AI & ML,Cloud,726640
A00523,Security,Cloud,965671
A00523,Applications,No Footprint,0
A00523,Integration,Cloud,824774
A00524,Infrastructure,Hybrid,334382
A00524,Database,Cloud,1147171
A00524,Analytics & Data,Cloud,1301096
A00524,AI & ML,Cloud,261194
A00524,Security,On-Premise,1885667
A00524,Applications,No Footprint,0
A00524,Integration,Hybrid,1243024
A00525,Infrastructure,Hybrid,977393
A00525,Database,On-Premise,1238274
A00525,Analytics & Data,Hybrid,3684374
A00525,AI & ML,No Footprint,0
A00525,Security,Cloud,1689786
A00525,Applications,No Footprint,0
A00525,Integration,Hybrid,3072770
A00526,Infrastructure,No Footprint,0
A00526,Database,Hybrid,725677
A00526,Analytics & Data,Hybrid,826525
A00526,AI & ML,Cloud,565509
A00526,Security,On-Premise,334368
A00526,Applications,On-Premise,756911
A00526,Integration,No Footprint,0
A00527,Infrastructure,On-Premise,497656
A00527,Database,Cloud,1758383
A00527,Analytics & Data,Cloud,942945
A00527,AI & ML,Cloud,1912723
A00527,Security,Cloud,824037
A00527,Applications,Cloud,395443
A00527,Integration,Hybrid,372590
A00528,Infrastructure,Cloud,997781
A00528,Database,No Footprint,0
A00528,Analytics & Data,Hybrid,186617
A00528,AI & ML,Cloud,847044
A00528,Security,On-Premise,603862
A00528,Applications,No Footprint,0
A00528,Integration,Cloud,1162899
A00529,Infrastructure,Hybrid,332131
A00529,Database,On-Premise,127033
A00529,Analytics & Data,Cloud,324346
A00529,AI & ML,Cloud,2413625
A00529,Security,On-Premise,328090
A00529,Applications,On-Premise,2009990
A00529,Integration,Cloud,2508239
A00530,Infrastructure,No Footprint,0
A00530,Database,On-Premise,1428220
A00530,Analytics & Data,Cloud,584550
A00530,AI & ML,Cloud,1668490
A00530,Security,On-Premise,723588
A00530,Applications,On-Premise,611683
A00530,Integration,Cloud,505982
A00531,Infrastructure,Cloud,414979
A00531,Database,On-Premise,3835326
A00531,Analytics & Data,No Footprint,0
A00531,AI & ML,No Footprint,0
A00531,Security,Hybrid,372337
A00531,Applications,Cloud,586931
A00531,Integration,Hybrid,1002493
A00532,Infrastructure,On-Premise,170757
A00532,Database,Cloud,1105263
A00532,Analytics & Data,No Footprint,0
A00532,AI & ML,Cloud,869901
A00532,Security,Hybrid,1054401
A00532,Applications,On-Premise,780434
A00532,Integration,Hybrid,1038978
A00533,Infrastructure,On-Premise,225594
A00533,Database,On-Premise,192923
A00533,Analytics & Data,Cloud,318904
A00533,AI & ML,No Footprint,0
A00533,Security,On-Premise,142607
A00533,Applications,Hybrid,951034
A00533,Integration,Cloud,475464
A00534,Infrastructure,No Footprint,0
A00534,Database,Hybrid,1322807
A00534,Analytics & Data,No Footprint,0
A00534,AI & ML,Cloud,51762
A00534,Security,Hybrid,116289
A00534,Applications,No Footprint,0
A00534,Integration,Hybrid,639424
A00535,Infrastructure,No Footprint,0
A00535,Database,No Footprint,0
A00535,Analytics & Data,Hybrid,603036
A00535,AI & ML,No Footprint,0
A00535,Security,No Footprint,0
A00535,Applications,Hybrid,595985
A00535,Integration,Hybrid,1822769
A00536,Infrastructure,Hybrid,1690031
A00536,Database,No Footprint,0
A00536,Analytics & Data,Hybrid,296233
A00536,AI & ML,Cloud,285850
A00536,Security,Hybrid,491214
A00536,Applications,On-Premise,552175
A00536,Integration,Hybrid,320812
A00537,Infrastructure,Hybrid,1555502
A00537,Database,Hybrid,701953
A00537,Analytics & Data,Cloud,288369
A00537,AI & ML,No Footprint,0
A00537,Security,On-Premise,930393
A00537,Applications,Cloud,409496
A00537,Integration,Hybrid,504307
A00538,Infrastructure,Hybrid,237401
A00538,Database,On-Premise,1130127
A00538,Analytics & Data,Hybrid,306787
A00538,AI & ML,Cloud,747159
A00538,Security,Cloud,640076
A00538,Applications,No Footprint,0
A00538,Integration,No Footprint,0
A00539,Infrastructure,Hybrid,541110
A00539,Database,No Footprint,0
A00539,Analytics & Data,Hybrid,525327
A00539,AI & ML,No Footprint,0
A00539,Security,On-Premise,905616
A00539,Applications,No Footprint,0
A00539,Integration,No Footprint,0
A00540,Infrastructure,No Footprint,0
A00540,Database,Hybrid,520110
A00540,Analytics & Data,No Footprint,0
A00540,AI & ML,Cloud,289338
A00540,Security,On-Premise,626418
A00540,Applications,On-Premise,388105
A00540,Integration,Hybrid,621478
A00541,Infrastructure,Cloud,222190
A00541,Database,No Footprint,0
A00541,Analytics & Data,Hybrid,2452792
A00541,AI & ML,No Footprint,0
A00541,Security,Cloud,473362
A00541,Applications,No Footprint,0
A00541,Integration,No Footprint,0
A00542,Infrastructure,Hybrid,779577
A00542,Database,Cloud,484621
A00542,Analytics & Data,Cloud,1136762
A00542,AI & ML,Cloud,3535551
A00542,Security,On-Premise,1963971
A00542,Applications,On-Premise,98410
A00542,Integration,No Footprint,0
A00543,Infrastructure,On-Premise,342719
A00543,Database,No Footprint,0
A00543,Analytics & Data,No Footprint,0
A00543,AI & ML,Cloud,252740
A00543,Security,On-Premise,745151
A00543,Applications,Cloud,1812742
A00543,Integration,Cloud,453769
A00544,Infrastructure,On-Premise,398279
A00544,Database,On-Premise,607161
A00544,Analytics & Data,Cloud,1575645
A00544,AI & ML,Cloud,1514251
A00544,Security,Hybrid,677257
A00544,Applications,On-Premise,641641
A00544,Integration,No Footprint,0
A00545,Infrastructure,Hybrid,638981
A00545,Database,Cloud,343861
A00545,Analytics & Data,Hybrid,227755
A00545,AI & ML,No Footprint,0
A00545,Security,Cloud,498816
A00545,Applications,Hybrid,266772
A00545,Integration,Hybrid,965701
A00546,Infrastructure,No Footprint,0
A00546,Database,No Footprint,0
A00546,Analytics & Data,No Footprint,0
A00546,AI & ML,Cloud,718302
A00546,Security,On-Premise,3432537
A00546,Applications,Cloud,2263616
A00546,Integration,No Footprint,0
A00547,Infrastructure,On-Premise,1474604
A00547,Database,Hybrid,370607
A00547,Analytics & Data,No Footprint,0
A00547,AI & ML,Cloud,983237
A00547,Security,No Footprint,0
A00547,Applications,On-Premise,2835140
A00547,Integration,Hybrid,441836
A00548,Infrastructure,Hybrid,284188
A00548,Database,Hybrid,2700235
A00548,Analytics & Data,No Footprint,0
A00548,AI & ML,Cloud,685855
A00548,Security,On-Premise,801916
A00548,Applications,On-Premise,629594
A00548,Integration,Cloud,3724817
A00549,Infrastructure,Hybrid,951095
A00549,Database,Hybrid,181174
A00549,Analytics & Data,Hybrid,505149
A00549,AI & ML,Cloud,3290611
A00549,Security,Hybrid,1034867
A00549,Applications,Hybrid,944464
A00549,Integration,Hybrid,2158411
A00550,Infrastructure,Hybrid,693981
A00550,Database,Cloud,1851507
A00550,Analytics & Data,Hybrid,1433054
A00550,AI & ML,No Footprint,0
A00550,Security,Hybrid,1113065
A00550,Applications,Cloud,885613
A00550,Integration,Cloud,728840
A00551,Infrastructure,Hybrid,848910
A00551,Database,On-Premise,1472622
A00551,Analytics & Data,No Footprint,0
A00551,AI & ML,Cloud,1130771
A00551,Security,Hybrid,815462
A00551,Applications,No Footprint,0
A00551,Integration,Cloud,2560097
A00552,Infrastructure,Hybrid,806771
A00552,Database,Hybrid,1401133
A00552,Analytics & Data,No Footprint,0
A00552,AI & ML,Cloud,2046641
A00552,Security,No Footprint,0
A00552,Applications,Hybrid,1058712
A00552,Integration,Cloud,1754858
A00553,Infrastructure,Hybrid,523107
A00553,Database,No Footprint,0
A00553,Analytics & Data,Hybrid,1247038
A00553,AI & ML,Cloud,1021620
A00553,Security,Hybrid,250125
A00553,Applications,Hybrid,5472740
A00553,Integration,Hybrid,693239
A00554,Infrastructure,No Footprint,0
A00554,Database,Hybrid,402284
A00554,Analytics & Data,No Footprint,0
A00554,AI & ML,No Footprint,0
A00554,Security,On-Premise,1843837
A00554,Applications,Cloud,277791
A00554,Integration,No Footprint,0
A00555,Infrastructure,Cloud,464491
A00555,Database,No Footprint,0
A00555,Analytics & Data,Hybrid,1179139
A00555,AI & ML,No Footprint,0
A00555,Security,No Footprint,0
A00555,Applications,Hybrid,498820
A00555,Integration,Hybrid,605697
A00556,Infrastructure,No Footprint,0
A00556,Database,No Footprint,0
A00556,Analytics & Data,No Footprint,0
A00556,AI & ML,No Footprint,0
A00556,Security,On-Premise,607181
A00556,Applications,Cloud,908975
A00556,Integration,Hybrid,2484582
A00557,Infrastructure,On-Premise,928377
A00557,Database,No Footprint,0
A00557,Analytics & Data,Cloud,3619323
A00557,AI & ML,No Footprint,0
A00557,Security,On-Premise,1099050
A00557,Applications,On-Premise,945862
A00557,Integration,Cloud,349700
A00558,Infrastructure,No Footprint,0
A00558,Database,On-Premise,1460901
A00558,Analytics & Data,No Footprint,0
A00558,AI & ML,No Footprint,0
A00558,Security,Hybrid,1437339
A00558,Applications,On-Premise,756960
A00558,Integration,No Footprint,0
A00559,Infrastructure,Hybrid,1594130
A00559,Database,No Footprint,0
A00559,Analytics & Data,No Footprint,0
A00559,AI & ML,Cloud,273247
A00559,Security,Hybrid,411300
A00559,Applications,No Footprint,0
A00559,Integration,Cloud,948443
A00560,Infrastructure,No Footprint,0
A00560,Database,Cloud,329905
A00560,Analytics & Data,Hybrid,2060540
A00560,AI & ML,Cloud,1372987
A00560,Security,Cloud,204850
A00560,Applications,Hybrid,670274
A00560,Integration,No Footprint,0
A00561,Infrastructure,No Footprint,0
A00561,Database,No Footprint,0
A00561,Analytics & Data,No Footprint,0
A00561,AI & ML,No Footprint,0
A00561,Security,No Footprint,0
A00561,Applications,On-Premise,388032
A00561,Integration,Hybrid,1916342
A00562,Infrastructure,Cloud,1120026
A00562,Database,Hybrid,152036
A00562,Analytics & Data,Cloud,287493
A00562,AI & ML,Cloud,1771325
A00562,Security,Cloud,640542
A00562,Applications,On-Premise,198944
A00562,Integration,No Footprint,0
A00563,Infrastructure,On-Premise,2029339
A00563,Database,On-Premise,387546
A00563,Analytics & Data,Hybrid,159599
A00563,AI & ML,Cloud,655482
A00563,Security,Hybrid,324605
A00563,Applications,No Footprint,0
A00563,Integration,Hybrid,1094138
A00564,Infrastructure,Hybrid,2096481
A00564,Database,On-Premise,1139910
A00564,Analytics & Data,Cloud,2041448
A00564,AI & ML,Cloud,1824363
A00564,Security,Cloud,739551
A00564,Applications,Cloud,2105925
A00564,Integration,Hybrid,489500
A00565,Infrastructure,On-Premise,481951
A00565,Database,On-Premise,269140
A00565,Analytics & Data,Cloud,519864
A00565,AI & ML,No Footprint,0
A00565,Security,On-Premise,2691964
A00565,Applications,Cloud,1049429
A00565,Integration,Cloud,1732429
A00566,Infrastructure,Cloud,162887
A00566,Database,Cloud,244597
A00566,Analytics & Data,Cloud,1143499
A00566,AI & ML,Cloud,1257645
A00566,Security,Hybrid,532615
A00566,Applications,Cloud,148764
A00566,Integration,Cloud,578110
A00567,Infrastructure,Cloud,1110521
A00567,Database,No Footprint,0
A00567,Analytics & Data,Cloud,185949
A00567,AI & ML,Cloud,2274105
A00567,Security,On-Premise,1392170
A00567,Applications,No Footprint,0
A00567,Integration,Cloud,419468
A00568,Infrastructure,On-Premise,1238568
A00568,Database,On-Premise,576728
A00568,Analytics & Data,No Footprint,0
A00568,AI & ML,Cloud,301513
A00568,Security,No Footprint,0
A00568,Applications,Hybrid,341125
A00568,Integration,Hybrid,209337
A00569,Infrastructure,On-Premise,2438563
A00569,Database,No Footprint,0
A00569,Analytics & Data,No Footprint,0
A00569,AI & ML,No Footprint,0
A00569,Security,Cloud,2644997
A00569,Applications,Cloud,481165
A00569,Integration,Cloud,694200
A00570,Infrastructure,Cloud,288995
A00570,Database,No Footprint,0
A00570,Analytics & Data,Hybrid,571856
A00570,AI & ML,No Footprint,0
A00570,Security,No Footprint,0
A00570,Applications,No Footprint,0
A00570,Integration,No Footprint,0
A00571,Infrastructure,Hybrid,1197726
A00571,Database,Hybrid,606475
A00571,Analytics & Data,Hybrid,712269
A00571,AI & ML,Cloud,858918
A00571,Security,Cloud,1588625
A00571,Applications,Cloud,535120
A00571,Integration,Cloud,363224
A00572,Infrastructure,On-Premise,111018
A00572,Database,No Footprint,0
A00572,Analytics & Data,No Footprint,0
A00572,AI & ML,Cloud,1067719
A00572,Security,On-Premise,1475310
A00572,Applications,On-Premise,205186
A00572,Integration,Cloud,522502
A00573,Infrastructure,On-Premise,759596
A00573,Database,No Footprint,0
A00573,Analytics & Data,Hybrid,720385
A00573,AI & ML,Cloud,373155
A00573,Security,Cloud,258349
A00573,Applications,Hybrid,829895
A00573,Integration,Cloud,1035513
A00574,Infrastructure,Cloud,612801
A00574,Database,Hybrid,772918
A00574,Analytics & Data,No Footprint,0
A00574,AI & ML,Cloud,476423
A00574,Security,No Footprint,0
A00574,Applications,On-Premise,679281
A00574,Integration,Hybrid,753838
A00575,Infrastructure,No Footprint,0
A00575,Database,No Footprint,0
A00575,Analytics & Data,Hybrid,179569
A00575,AI & ML,No Footprint,0
A00575,Security,No Footprint,0
A00575,Applications,Cloud,460817
A00575,Integration,Hybrid,312881
A00576,Infrastructure,No Footprint,0
A00576,Database,Hybrid,447528
A00576,Analytics & Data,Hybrid,481559
A00576,AI & ML,Cloud,2028305
A00576,Security,Cloud,422115
A00576,Applications,Cloud,132359
A00576,Integration,Hybrid,584524
A00577,Infrastructure,No Footprint,0
A00577,Database,Cloud,476740
A00577,Analytics & Data,Cloud,774088
A00577,AI & ML,Cloud,573228
A00577,Security,Hybrid,235666
A00577,Applications,Hybrid,2735913
A00577,Integration,Cloud,887139
A00578,Infrastructure,Cloud,1530407
A00578,Database,Hybrid,521031
A00578,Analytics & Data,Hybrid,49190
A00578,AI & ML,Cloud,1310387
A00578,Security,On-Premise,1366297
A00578,Applications,On-Premise,1554731
A00578,Integration,Hybrid,376785
A00579,Infrastructure,Hybrid,291245
A00579,Database,On-Premise,1110309
A00579,Analytics & Data,No Footprint,0
A00579,AI & ML,Cloud,2875515
A00579,Security,Hybrid,727392
A00579,Applications,On-Premise,1679470
A00579,Integration,Cloud,563755
A00580,Infrastructure,No Footprint,0
A00580,Database,Hybrid,2219354
A00580,Analytics & Data,Cloud,690782
A00580,AI & ML,No Footprint,0
A00580,Security,Cloud,2302853
A00580,Applications,No Footprint,0
A00580,Integration,Cloud,471972
A00581,Infrastructure,No Footprint,0
A00581,Database,Cloud,62242
A00581,Analytics & Data,No Footprint,0
A00581,AI & ML,Cloud,911476
A00581,Security,No Footprint,0
A00581,Applications,No Footprint,0
A00581,Integration,No Footprint,0
A00582,Infrastructure,On-Premise,1390360
A00582,Database,Cloud,689229
A00582,Analytics & Data,Hybrid,779103
A00582,AI & ML,No Footprint,0
A00582,Security,Hybrid,118882
A00582,Applications,Cloud,426787
A00582,Integration,Hybrid,3728612
A00583,Infrastructure,On-Premise,1176269
A00583,Database,No Footprint,0
A00583,Analytics & Data,Cloud,248162
A00583,AI & ML,No Footprint,0
A00583,Security,No Footprint,0
A00583,Applications,Cloud,550014
A00583,Integration,Cloud,1714999
A00584,Infrastructure,Hybrid,556790
A00584,Database,On-Premise,398908
A00584,Analytics & Data,Cloud,1000487
A00584,AI & ML,Cloud,362175
A00584,Security,Hybrid,588703
A00584,Applications,Cloud,1018037
A00584,Integration,No Footprint,0
A00585,Infrastructure,Cloud,807513
A00585,Database,No Footprint,0
A00585,Analytics & Data,No Footprint,0
A00585,AI & ML,Cloud,396393
A00585,Security,Cloud,409675
A00585,Applications,On-Premise,196195
A00585,Integration,Hybrid,620856
A00586,Infrastructure,On-Premise,2080257
A00586,Database,Cloud,518488
A00586,Analytics & Data,Hybrid,950840
A00586,AI & ML,Cloud,932495
A00586,Security,No Footprint,0
A00586,Applications,Cloud,242774
A00586,Integration,No Footprint,0
A00587,Infrastructure,No Footprint,0
A00587,Database,On-Premise,485400
A00587,Analytics & Data,Hybrid,1792000
A00587,AI & ML,Cloud,1769179
A00587,Security,Hybrid,248701
A00587,Applications,Cloud,418671
A00587,Integration,Hybrid,144813
A00588,Infrastructure,No Footprint,0
A00588,Database,On-Premise,532882
A00588,Analytics & Data,Cloud,370439
A00588,AI & ML,Cloud,638591
A00588,Security,On-Premise,205034
A00588,Applications,Cloud,573270
A00588,Integration,Cloud,1227364
A00589,Infrastructure,Hybrid,492720
A00589,Database,Cloud,630446
A00589,Analytics & Data,Hybrid,1649728
A00589,AI & ML,Cloud,885437
A00589,Security,Hybrid,2665221
A00589,Applications,Hybrid,405040
A00589,Integration,Cloud,1515936
A00590,Infrastructure,Cloud,1286094
A00590,Database,No Footprint,0
A00590,Analytics & Data,Cloud,6520723
A00590,AI & ML,Cloud,600929
A00590,Security,On-Premise,1531061
A00590,Applications,On-Premise,4076995
A00590,Integration,Cloud,1513473
A00591,Infrastructure,Hybrid,1263314
A00591,Database,Hybrid,856541
A00591,Analytics & Data,No Footprint,0
A00591,AI & ML,Cloud,410319
A00591,Security,On-Premise,492017
A00591,Applications,On-Premise,228548
A00591,Integration,Hybrid,1123881
A00592,Infrastructure,On-Premise,373494
A00592,Database,No Footprint,0
A00592,Analytics & Data,Cloud,453257
A00592,AI & ML,Cloud,354496
A00592,Security,On-Premise,2979602
A00592,Applications,No Footprint,0
A00592,Integration,Hybrid,1611868
A00593,Infrastructure,On-Premise,851496
A00593,Database,Hybrid,484876
A00593,Analytics & Data,No Footprint,0
A00593,AI & ML,Cloud,298214
A00593,Security,Cloud,1899151
A00593,Applications,No Footprint,0
A00593,Integration,Cloud,590689
A00594,Infrastructure,Hybrid,977760
A00594,Database,On-Premise,324343
A00594,Analytics & Data,No Footprint,0
A00594,AI & ML,Cloud,4034470
A00594,Security,No Footprint,0
A00594,Applications,Cloud,258375
A00594,Integration,No Footprint,0
A00595,Infrastructure,On-Premise,1653996
A00595,Database,Hybrid,291858
A00595,Analytics & Data,Hybrid,482668
A00595,AI & ML,Cloud,943633
A00595,Security,No Footprint,0
A00595,Applications,Cloud,1601271
A00595,Integration,Cloud,394414
A00596,Infrastructure,Cloud,662100
A00596,Database,Cloud,1684095
A00596,Analytics & Data,Hybrid,630511
A00596,AI & ML,Cloud,584288
A00596,Security,On-Premise,639951
A00596,Applications,Hybrid,260907
A00596,Integration,Cloud,1507024
A00597,Infrastructure,No Footprint,0
A00597,Database,No Footprint,0
A00597,Analytics & Data,Cloud,172327
A00597,AI & ML,Cloud,714988
A00597,Security,On-Premise,394469
A00597,Applications,No Footprint,0
A00597,Integration,Hybrid,753622
A00598,Infrastructure,Hybrid,1248781
A00598,Database,Cloud,538020
A00598,Analytics & Data,No Footprint,0
A00598,AI & ML,Cloud,233812
A00598,Security,Hybrid,755865
A00598,Applications,Hybrid,707935
A00598,Integration,Hybrid,726418
A00599,Infrastructure,Hybrid,861610
A00599,Database,Cloud,1038811
A00599,Analytics & Data,No Footprint,0
A00599,AI & ML,Cloud,494317
A00599,Security,Hybrid,931238
A00599,Applications,No Footprint,0
A00599,Integration,No Footprint,0
A00600,Infrastructure,Cloud,2020959
A00600,Database,On-Premise,204514
A00600,Analytics & Data,Cloud,914179
A00600,AI & ML,Cloud,732784
A00600,Security,Cloud,349508
A00600,Applications,No Footprint,0
A00600,Integration,No Footprint,0
A00601,Infrastructure,Cloud,605058
A00601,Database,Cloud,10185421
A00601,Analytics & Data,No Footprint,0
A00601,AI & ML,No Footprint,0
A00601,Security,No Footprint,0
A00601,Applications,No Footprint,0
A00601,Integration,No Footprint,0
A00602,Infrastructure,On-Premise,1552789
A00602,Database,No Footprint,0
A00602,Analytics & Data,No Footprint,0
A00602,AI & ML,Cloud,2691361
A00602,Security,Hybrid,292585
A00602,Applications,Cloud,833529
A00602,Integration,Hybrid,1054718
A00603,Infrastructure,Cloud,5826514
A00603,Database,No Footprint,0
A00603,Analytics & Data,Cloud,1301515
A00603,AI & ML,Cloud,294488
A00603,Security,On-Premise,1491857
A00603,Applications,Cloud,233786
A00603,Integration,Cloud,673115
A00604,Infrastructure,On-Premise,564625
A00604,Database,On-Premise,3020006
A00604,Analytics & Data,No Footprint,0
A00604,AI & ML,No Footprint,0
A00604,Security,No Footprint,0
A00604,Applications,On-Premise,1017079
A00604,Integration,No Footprint,0
A00605,Infrastructure,On-Premise,655023
A00605,Database,On-Premise,1330102
A00605,Analytics & Data,No Footprint,0
A00605,AI & ML,Cloud,550405
A00605,Security,On-Premise,682217
A00605,Applications,No Footprint,0
A00605,Integration,Cloud,628482
A00606,Infrastructure,On-Premise,2657999
A00606,Database,On-Premise,1511197
A00606,Analytics & Data,Hybrid,3091988
A00606,AI & ML,Cloud,494453
A00606,Security,Cloud,2784739
A00606,Applications,No Footprint,0
A00606,Integration,Hybrid,120944
A00607,Infrastructure,On-Premise,110331
A00607,Database,No Footprint,0
A00607,Analytics & Data,No Footprint,0
A00607,AI & ML,No Footprint,0
A00607,Security,Hybrid,1379064
A00607,Applications,Cloud,189010
A00607,Integration,Hybrid,728994
A00608,Infrastructure,Cloud,842336
A00608,Database,Cloud,2127255
A00608,Analytics & Data,Hybrid,1110615
A00608,AI & ML,No Footprint,0
A00608,Security,No Footprint,0
A00608,Applications,Cloud,1078683
A00608,Integration,Cloud,752201
A00609,Infrastructure,Hybrid,498526
A00609,Database,No Footprint,0
A00609,Analytics & Data,Hybrid,146528
A00609,AI & ML,No Footprint,0
A00609,Security,Cloud,380184
A00609,Applications,On-Premise,2684366
A00609,Integration,Hybrid,248506
A00610,Infrastructure,On-Premise,288965
A00610,Database,Hybrid,546053
A00610,Analytics & Data,Cloud,1203852
A00610,AI & ML,Cloud,644258
A00610,Security,No Footprint,0
A00610,Applications,On-Premise,689995
A00610,Integration,No Footprint,0
A00611,Infrastructure,Cloud,938861
A00611,Database,No Footprint,0
A00611,Analytics & Data,No Footprint,0
A00611,AI & ML,Cloud,965695
A00611,Security,Hybrid,719605
A00611,Applications,Cloud,495864
A00611,Integration,Hybrid,948266
A00612,Infrastructure,Hybrid,1641326
A00612,Database,On-Premise,1608902
A00612,Analytics & Data,Cloud,2817718
A00612,AI & ML,Cloud,309874
A00612,Security,Cloud,2114934
A00612,Applications,Hybrid,2032569
A00612,Integration,No Footprint,0
A00613,Infrastructure,Cloud,604025
A00613,Database,On-Premise,1157199
A00613,Analytics & Data,Hybrid,695335
A00613,AI & ML,No Footprint,0
A00613,Security,On-Premise,631751
A00613,Applications,No Footprint,0
A00613,Integration,No Footprint,0
A00614,Infrastructure,On-Premise,337714
A00614,Database,On-Premise,1655544
A00614,Analytics & Data,No Footprint,0
A00614,AI & ML,Cloud,394129
A00614,Security,No Footprint,0
A00614,Applications,Cloud,623358
A00614,Integration,Hybrid,3445844
A00615,Infrastructure,On-Premise,1225241
A00615,Database,Cloud,281989
A00615,Analytics & Data,Cloud,543532
A00615,AI & ML,Cloud,1400743
A00615,Security,Hybrid,1697461
A00615,Applications,No Footprint,0
A00615,Integration,No Footprint,0
A00616,Infrastructure,On-Premise,2185144
A00616,Database,No Footprint,0
A00616,Analytics & Data,No Footprint,0
A00616,AI & ML,No Footprint,0
A00616,Security,No Footprint,0
A00616,Applications,On-Premise,366058
A00616,Integration,No Footprint,0
A00617,Infrastructure,On-Premise,821075
A00617,Database,Cloud,347338
A00617,Analytics & Data,Cloud,958429
A00617,AI & ML,Cloud,1247030
A00617,Security,Hybrid,1364834
A00617,Applications,On-Premise,806830
A00617,Integration,Cloud,335727
A00618,Infrastructure,No Footprint,0
A00618,Database,On-Premise,683245
A00618,Analytics & Data,Cloud,510632
A00618,AI & ML,No Footprint,0
A00618,Security,On-Premise,1314263
A00618,Applications,Hybrid,595680
A00618,Integration,Cloud,641071
A00619,Infrastructure,Cloud,363112
A00619,Database,On-Premise,106248
A00619,Analytics & Data,Hybrid,171621
A00619,AI & ML,Cloud,2540845
A00619,Security,No Footprint,0
A00619,Applications,Hybrid,1870958
A00619,Integration,Hybrid,308141
A00620,Infrastructure,On-Premise,1031397
A00620,Database,Hybrid,162972
A00620,Analytics & Data,No Footprint,0
A00620,AI & ML,Cloud,304643
A00620,Security,Hybrid,1057553
A00620,Applications,On-Premise,973394
A00620,Integration,Cloud,189372
A00621,Infrastructure,Hybrid,2439416
A00621,Database,Hybrid,642022
A00621,Analytics & Data,Cloud,271232
A00621,AI & ML,Cloud,1116666
A00621,Security,No Footprint,0
A00621,Applications,Cloud,931365
A00621,Integration,No Footprint,0
A00622,Infrastructure,On-Premise,226211
A00622,Database,Hybrid,2360718
A00622,Analytics & Data,No Footprint,0
A00622,AI & ML,Cloud,4112486
A00622,Security,No Footprint,0
A00622,Applications,Cloud,439201
A00622,Integration,Hybrid,464139
A00623,Infrastructure,Cloud,773392
A00623,Database,On-Premise,417789
A00623,Analytics & Data,Cloud,536730
A00623,AI & ML,Cloud,1147131
A00623,Security,Hybrid,774271
A00623,Applications,On-Premise,610834
A00623,Integration,Hybrid,1127246
A00624,Infrastructure,Hybrid,1094166
A00624,Database,No Footprint,0
A00624,Analytics & Data,Hybrid,508535
A00624,AI & ML,Cloud,692821
A00624,Security,Cloud,327796
A00624,Applications,On-Premise,378020
A00624,Integration,No Footprint,0
A00625,Infrastructure,On-Premise,2243316
A00625,Database,No Footprint,0
A00625,Analytics & Data,Cloud,1498771
A00625,AI & ML,Cloud,206862
A00625,Security,Hybrid,369974
A00625,Applications,Cloud,176120
A00625,Integration,Hybrid,143040
A00626,Infrastructure,On-Premise,403415
A00626,Database,Hybrid,879854
A00626,Analytics & Data,Hybrid,3330232
A00626,AI & ML,No Footprint,0
A00626,Security,No Footprint,0
A00626,Applications,Hybrid,2833239
A00626,Integration,Cloud,3317006
A00627,Infrastructure,No Footprint,0
A00627,Database,Hybrid,316339
A00627,Analytics & Data,Cloud,819545
A00627,AI & ML,Cloud,526388
A00627,Security,On-Premise,1043599
A00627,Applications,Hybrid,2099274
A00627,Integration,No Footprint,0
A00628,Infrastructure,No Footprint,0
A00628,Database,On-Premise,1729457
A00628,Analytics & Data,Cloud,1973765
A00628,AI & ML,Cloud,247224
A00628,Security,Hybrid,1125759
A00628,Applications,Hybrid,311343
A00628,Integration,Hybrid,325425
A00629,Infrastructure,Hybrid,1214437
A00629,Database,Hybrid,319743
A00629,Analytics & Data,No Footprint,0
A00629,AI & ML,Cloud,951097
A00629,Security,No Footprint,0
A00629,Applications,Cloud,306928
A00629,Integration,Cloud,1287099
A00630,Infrastructure,No Footprint,0
A00630,Database,No Footprint,0
A00630,Analytics & Data,Cloud,316612
A00630,AI & ML,Cloud,921311
A00630,Security,No Footprint,0
A00630,Applications,Hybrid,2487389
A00630,Integration,Hybrid,455737
A00631,Infrastructure,No Footprint,0
A00631,Database,On-Premise,162345
A00631,Analytics & Data,Cloud,1129633
A00631,AI & ML,Cloud,663623
A00631,Security,On-Premise,2530330
A00631,Applications,No Footprint,0
A00631,Integration,Hybrid,387842
A00632,Infrastructure,On-Premise,488475
A00632,Database,On-Premise,712115
A00632,Analytics & Data,No Footprint,0
A00632,AI & ML,Cloud,1428090
A00632,Security,Hybrid,1325112
A00632,Applications,Hybrid,4668233
A00632,Integration,No Footprint,0
A00633,Infrastructure,No Footprint,0
A00633,Database,Cloud,340594
A00633,Analytics & Data,Cloud,164977
A00633,AI & ML,No Footprint,0
A00633,Security,Cloud,762187
A00633,Applications,No Footprint,0
A00633,Integration,Cloud,500003
A00634,Infrastructure,On-Premise,4894636
A00634,Database,Hybrid,593687
A00634,Analytics & Data,Cloud,1116376
A00634,AI & ML,Cloud,1075730
A00634,Security,Hybrid,8238787
A00634,Applications,Cloud,301259
A00634,Integration,Cloud,568182
A00635,Infrastructure,Cloud,1353260
A00635,Database,On-Premise,1739050
A00635,Analytics & Data,Hybrid,739614
A00635,AI & ML,Cloud,1216828
A00635,Security,No Footprint,0
A00635,Applications,Hybrid,426243
A00635,Integration,Hybrid,207635
A00636,Infrastructure,No Footprint,0
A00636,Database,Hybrid,157208
A00636,Analytics & Data,No Footprint,0
A00636,AI & ML,Cloud,298083
A00636,Security,No Footprint,0
A00636,Applications,Cloud,463624
A00636,Integration,No Footprint,0
A00637,Infrastructure,No Footprint,0
A00637,Database,Hybrid,746288
A00637,Analytics & Data,No Footprint,0
A00637,AI & ML,No Footprint,0
A00637,Security,Hybrid,1753276
A00637,Applications,Hybrid,1780704
A00637,Integration,No Footprint,0
A00638,Infrastructure,On-Premise,1399156
A00638,Database,Cloud,1694096
A00638,Analytics & Data,Cloud,1832901
A00638,AI & ML,Cloud,634815
A00638,Security,No Footprint,0
A00638,Applications,No Footprint,0
A00638,Integration,No Footprint,0
A00639,Infrastructure,No Footprint,0
A00639,Database,No Footprint,0
A00639,Analytics & Data,Hybrid,421354
A00639,AI & ML,Cloud,1301987
A00639,Security,On-Premise,6333032
A00639,Applications,No Footprint,0
A00639,Integration,Cloud,655508
A00640,Infrastructure,Cloud,693567
A00640,Database,On-Premise,285733
A00640,Analytics & Data,No Footprint,0
A00640,AI & ML,No Footprint,0
A00640,Security,No Footprint,0
A00640,Applications,Hybrid,1672250
A00640,Integration,Cloud,522632
A00641,Infrastructure,On-Premise,1956763
A00641,Database,Hybrid,298676
A00641,Analytics & Data,Cloud,655987
A00641,AI & ML,Cloud,1119634
A00641,Security,On-Premise,658051
A00641,Applications,On-Premise,1111070
A00641,Integration,Cloud,1494385
A00642,Infrastructure,On-Premise,1062275
A00642,Database,On-Premise,1612636
A00642,Analytics & Data,Cloud,237844
A00642,AI & ML,No Footprint,0
A00642,Security,Hybrid,967022
A00642,Applications,Cloud,3080631
A00642,Integration,Hybrid,1950815
A00643,Infrastructure,Cloud,492668
A00643,Database,Hybrid,296524
A00643,Analytics & Data,Hybrid,293310
A00643,AI & ML,Cloud,749154
A00643,Security,Cloud,1359734
A00643,Applications,No Footprint,0
A00643,Integration,Cloud,950522
A00644,Infrastructure,Hybrid,866147
A00644,Database,Cloud,822576
A00644,Analytics & Data,Cloud,2754864
A00644,AI & ML,Cloud,368015
A00644,Security,No Footprint,0
A00644,Applications,On-Premise,479244
A00644,Integration,Hybrid,1064039
A00645,Infrastructure,No Footprint,0
A00645,Database,Hybrid,1488284
A00645,Analytics & Data,No Footprint,0
A00645,AI & ML,No Footprint,0
A00645,Security,Hybrid,2046461
A00645,Applications,Cloud,1196539
A00645,Integration,Hybrid,509672
A00646,Infrastructure,On-Premise,1309501
A00646,Database,No Footprint,0
A00646,Analytics & Data,Cloud,466680
A00646,AI & ML,No Footprint,0
A00646,Security,No Footprint,0
A00646,Applications,Hybrid,382139
A00646,Integration,No Footprint,0
A00647,Infrastructure,Hybrid,579771
A00647,Database,On-Premise,267856
A00647,Analytics & Data,Hybrid,565977
A00647,AI & ML,No Footprint,0
A00647,Security,Cloud,209165
A00647,Applications,Hybrid,349997
A00647,Integration,Cloud,387891
A00648,Infrastructure,On-Premise,2035654
A00648,Database,Cloud,1939639
A00648,Analytics & Data,No Footprint,0
A00648,AI & ML,Cloud,888604
A00648,Security,Cloud,366507
A00648,Applications,No Footprint,0
A00648,Integration,Cloud,565039
A00649,Infrastructure,Hybrid,415950
A00649,Database,Hybrid,3421411
A00649,Analytics & Data,Cloud,496637
A00649,AI & ML,No Footprint,0
A00649,Security,No Footprint,0
A00649,Applications,On-Premise,146809
A00649,Integration,No Footprint,0
A00650,Infrastructure,No Footprint,0
A00650,Database,Hybrid,332847
A00650,Analytics & Data,Hybrid,409268
A00650,AI & ML,Cloud,1146364
A00650,Security,Hybrid,245546
A00650,Applications,On-Premise,134928
A00650,Integration,Hybrid,820142
A00651,Infrastructure,No Footprint,0
A00651,Database,No Footprint,0
A00651,Analytics & Data,No Footprint,0
A00651,AI & ML,Cloud,482991
A00651,Security,Hybrid,232119
A00651,Applications,Cloud,1250358
A00651,Integration,Cloud,166058
A00652,Infrastructure,Cloud,649011
A00652,Database,No Footprint,0
A00652,Analytics & Data,Hybrid,959398
A00652,AI & ML,No Footprint,0
A00652,Security,Cloud,233613
A00652,Applications,Hybrid,838502
A00652,Integration,Cloud,365037
A00653,Infrastructure,Cloud,1123674
A00653,Database,No Footprint,0
A00653,Analytics & Data,Cloud,506820
A00653,AI & ML,Cloud,1127346
A00653,Security,Cloud,679669
A00653,Applications,No Footprint,0
A00653,Integration,Cloud,1178379
A00654,Infrastructure,Cloud,482169
A00654,Database,On-Premise,928829
A00654,Analytics & Data,Cloud,2344983
A00654,AI & ML,Cloud,1802133
A00654,Security,No Footprint,0
A00654,Applications,No Footprint,0
A00654,Integration,Hybrid,1252606
A00655,Infrastructure,Cloud,302287
A00655,Database,Cloud,694055
A00655,Analytics & Data,Cloud,271656
A00655,AI & ML,No Footprint,0
A00655,Security,No Footprint,0
A00655,Applications,Hybrid,369479
A00655,Integration,No Footprint,0
A00656,Infrastructure,On-Premise,1654541
A00656,Database,Hybrid,644676
A00656,Analytics & Data,No Footprint,0
A00656,AI & ML,No Footprint,0
A00656,Security,Hybrid,852802
A00656,Applications,No Footprint,0
A00656,Integration,No Footprint,0
A00657,Infrastructure,Hybrid,681473
A00657,Database,Cloud,1811398
A00657,Analytics & Data,Hybrid,1044781
A00657,AI & ML,Cloud,488035
A00657,Security,Hybrid,881646
A00657,Applications,Hybrid,2085502
A00657,Integration,Cloud,1890110
A00658,Infrastructure,No Footprint,0
A00658,Database,Hybrid,2324358
A00658,Analytics & Data,No Footprint,0
A00658,AI & ML,Cloud,8865060
A00658,Security,No Footprint,0
A00658,Applications,Cloud,330826
A00658,Integration,Cloud,214829
A00659,Infrastructure,No Footprint,0
A00659,Database,Cloud,1541963
A00659,Analytics & Data,Cloud,3525090
A00659,AI & ML,No Footprint,0
A00659,Security,Cloud,90837
A00659,Applications,Cloud,1088320
A00659,Integration,No Footprint,0
A00660,Infrastructure,No Footprint,0
A00660,Database,On-Premise,2708472
A00660,Analytics & Data,No Footprint,0
A00660,AI & ML,Cloud,1824877
A00660,Security,No Footprint,0
A00660,Applications,Hybrid,519973
A00660,Integration,Hybrid,798266
A00661,Infrastructure,No Footprint,0
A00661,Database,Hybrid,1105299
A00661,Analytics & Data,Hybrid,1117969
A00661,AI & ML,Cloud,122065
A00661,Security,On-Premise,944932
A00661,Applications,On-Premise,494161
A00661,Integration,Cloud,413553
A00662,Infrastructure,On-Premise,527957
A00662,Database,No Footprint,0
A00662,Analytics & Data,No Footprint,0
A00662,AI & ML,No Footprint,0
A00662,Security,Cloud,246713
A00662,Applications,Hybrid,1726436
A00662,Integration,Hybrid,803351
A00663,Infrastructure,Cloud,1281183
A00663,Database,Hybrid,2057039
A00663,Analytics & Data,Hybrid,279767
A00663,AI & ML,Cloud,5124457
A00663,Security,No Footprint,0
A00663,Applications,No Footprint,0
A00663,Integration,Hybrid,545822
A00664,Infrastructure,No Footprint,0
A00664,Database,Hybrid,151788
A00664,Analytics & Data,No Footprint,0
A00664,AI & ML,Cloud,240862
A00664,Security,Hybrid,1759696
A00664,Applications,Hybrid,2755201
A00664,Integration,Cloud,699190
A00665,Infrastructure,Hybrid,1669915
A00665,Database,Cloud,1306253
A00665,Analytics & Data,Cloud,153814
A00665,AI & ML,Cloud,939011
A00665,Security,On-Premise,1979069
A00665,Applications,Hybrid,402775
A00665,Integration,Hybrid,517054
A00666,Infrastructure,On-Premise,675675
A00666,Database,Cloud,357549
A00666,Analytics & Data,Cloud,310250
A00666,AI & ML,Cloud,499709
A00666,Security,No Footprint,0
A00666,Applications,Cloud,944513
A00666,Integration,Hybrid,337993
A00667,Infrastructure,No Footprint,0
A00667,Database,Hybrid,615757
A00667,Analytics & Data,Cloud,523450
A00667,AI & ML,No Footprint,0
A00667,Security,On-Premise,1146529
A00667,Applications,No Footprint,0
A00667,Integration,No Footprint,0
A00668,Infrastructure,Cloud,1056969
A00668,Database,On-Premise,533432
A00668,Analytics & Data,Hybrid,782837
A00668,AI & ML,Cloud,560416
A00668,Security,On-Premise,741520
A00668,Applications,On-Premise,232251
A00668,Integration,Hybrid,234531
A00669,Infrastructure,No Footprint,0
A00669,Database,No Footprint,0
A00669,Analytics & Data,Hybrid,4543602
A00669,AI & ML,Cloud,2730037
A00669,Security,On-Premise,257232
A00669,Applications,Hybrid,434890
A00669,Integration,Hybrid,1097873
A00670,Infrastructure,On-Premise,4549678
A00670,Database,No Footprint,0
A00670,Analytics & Data,Cloud,4173588
A00670,AI & ML,No Footprint,0
A00670,Security,No Footprint,0
A00670,Applications,On-Premise,213459
A00670,Integration,No Footprint,0
A00671,Infrastructure,On-Premise,1894763
A00671,Database,No Footprint,0
A00671,Analytics & Data,No Footprint,0
A00671,AI & ML,No Footprint,0
A00671,Security,On-Premise,956962
A00671,Applications,Cloud,662944
A00671,Integration,Hybrid,132092
A00672,Infrastructure,No Footprint,0
A00672,Database,On-Premise,921792
A00672,Analytics & Data,Hybrid,628027
A00672,AI & ML,Cloud,212604
A00672,Security,On-Premise,266667
A00672,Applications,Hybrid,600809
A00672,Integration,Hybrid,2332620
A00673,Infrastructure,Cloud,3101787
A00673,Database,Cloud,373095
A00673,Analytics & Data,Cloud,2381088
A00673,AI & ML,No Footprint,0
A00673,Security,Cloud,1363524
A00673,Applications,On-Premise,3267813
A00673,Integration,Cloud,57599
A00674,Infrastructure,Hybrid,1172464
A00674,Database,Hybrid,880610
A00674,Analytics & Data,No Footprint,0
A00674,AI & ML,No Footprint,0
A00674,Security,No Footprint,0
A00674,Applications,No Footprint,0
A00674,Integration,No Footprint,0
A00675,Infrastructure,Hybrid,1312895
A00675,Database,Hybrid,491653
A00675,Analytics & Data,Hybrid,1774487
A00675,AI & ML,No Footprint,0
A00675,Security,On-Premise,2385552
A00675,Applications,Cloud,1481511
A00675,Integration,Cloud,230274
A00676,Infrastructure,No Footprint,0
A00676,Database,On-Premise,2614010
A00676,Analytics & Data,Hybrid,46022
A00676,AI & ML,Cloud,4900201
A00676,Security,On-Premise,130239
A00676,Applications,On-Premise,599064
A00676,Integration,Cloud,1048894
A00677,Infrastructure,Hybrid,87017
A00677,Database,Hybrid,1641911
A00677,Analytics & Data,Hybrid,534893
A00677,AI & ML,Cloud,2318599
A00677,Security,On-Premise,858061
A00677,Applications,Cloud,277448
A00677,Integration,No Footprint,0
A00678,Infrastructure,Hybrid,287754
A00678,Database,On-Premise,55302
A00678,Analytics & Data,No Footprint,0
A00678,AI & ML,Cloud,1487447
A00678,Security,On-Premise,1574598
A00678,Applications,No Footprint,0
A00678,Integration,Cloud,1134874
A00679,Infrastructure,Cloud,639826
A00679,Database,No Footprint,0
A00679,Analytics & Data,Hybrid,332933
A00679,AI & ML,Cloud,2009000
A00679,Security,On-Premise,307893
A00679,Applications,No Footprint,0
A00679,Integration,Cloud,1267784
A00680,Infrastructure,No Footprint,0
A00680,Database,No Footprint,0
A00680,Analytics & Data,Hybrid,222193
A00680,AI & ML,Cloud,1048999
A00680,Security,On-Premise,258127
A00680,Applications,Hybrid,621683
A00680,Integration,Cloud,313098
A00681,Infrastructure,No Footprint,0
A00681,Database,Hybrid,857125
A00681,Analytics & Data,Hybrid,923093
A00681,AI & ML,Cloud,991709
A00681,Security,Hybrid,3369523
A00681,Applications,No Footprint,0
A00681,Integration,Hybrid,537129
A00682,Infrastructure,Hybrid,278281
A00682,Database,No Footprint,0
A00682,Analytics & Data,Cloud,117488
A00682,AI & ML,No Footprint,0
A00682,Security,Hybrid,553635
A00682,Applications,Hybrid,1482355
A00682,Integration,No Footprint,0
A00683,Infrastructure,Hybrid,2446034
A00683,Database,Cloud,628573
A00683,Analytics & Data,No Footprint,0
A00683,AI & ML,Cloud,798053
A00683,Security,On-Premise,682491
A00683,Applications,No Footprint,0
A00683,Integration,No Footprint,0
A00684,Infrastructure,No Footprint,0
A00684,Database,On-Premise,1502682
A00684,Analytics & Data,Cloud,161528
A00684,AI & ML,No Footprint,0
A00684,Security,On-Premise,675936
A00684,Applications,No Footprint,0
A00684,Integration,Hybrid,672719
A00685,Infrastructure,No Footprint,0
A00685,Database,Cloud,711574
A00685,Analytics & Data,Cloud,1281614
A00685,AI & ML,No Footprint,0
A00685,Security,Hybrid,275110
A00685,Applications,No Footprint,0
A00685,Integration,Hybrid,1128425
A00686,Infrastructure,On-Premise,959599
A00686,Database,On-Premise,4231248
A00686,Analytics & Data,Cloud,2254814
A00686,AI & ML,Cloud,1450133
A00686,Security,Cloud,1303315
A00686,Applications,No Footprint,0
A00686,Integration,Cloud,919706
A00687,Infrastructure,On-Premise,929723
A00687,Database,On-Premise,690455
A00687,Analytics & Data,Cloud,300283
A00687,AI & ML,No Footprint,0
A00687,Security,Cloud,707039
A00687,Applications,No Footprint,0
A00687,Integration,Cloud,668687
A00688,Infrastructure,No Footprint,0
A00688,Database,On-Premise,340743
A00688,Analytics & Data,Cloud,1338318
A00688,AI & ML,Cloud,453145
A00688,Security,On-Premise,482592
A00688,Applications,No Footprint,0
A00688,Integration,No Footprint,0
A00689,Infrastructure,On-Premise,1087011
A00689,Database,Cloud,537763
A00689,Analytics & Data,Hybrid,418698
A00689,AI & ML,Cloud,1265882
A00689,Security,Cloud,935648
A00689,Applications,No Footprint,0
A00689,Integration,No Footprint,0
A00690,Infrastructure,Cloud,2189315
A00690,Database,No Footprint,0
A00690,Analytics & Data,Cloud,1840579
A00690,AI & ML,Cloud,376978
A00690,Security,Hybrid,626153
A00690,Applications,No Footprint,0
A00690,Integration,Cloud,1712985
A00691,Infrastructure,Hybrid,817207
A00691,Database,Cloud,349874
A00691,Analytics & Data,Hybrid,3397503
A00691,AI & ML,Cloud,594983
A00691,Security,On-Premise,1958661
A00691,Applications,No Footprint,0
A00691,Integration,Cloud,517754
A00692,Infrastructure,On-Premise,74781
A00692,Database,On-Premise,728341
A00692,Analytics & Data,Hybrid,1555089
A00692,AI & ML,Cloud,1740764
A00692,Security,Cloud,1281121
A00692,Applications,On-Premise,829869
A00692,Integration,Cloud,1001268
A00693,Infrastructure,No Footprint,0
A00693,Database,On-Premise,4356703
A00693,Analytics & Data,Cloud,417463
A00693,AI & ML,No Footprint,0
A00693,Security,On-Premise,735508
A00693,Applications,No Footprint,0
A00693,Integration,Cloud,348566
A00694,Infrastructure,On-Premise,2123283
A00694,Database,No Footprint,0
A00694,Analytics & Data,Cloud,648589
A00694,AI & ML,No Footprint,0
A00694,Security,No Footprint,0
A00694,Applications,Cloud,285983
A00694,Integration,Cloud,205671
A00695,Infrastructure,No Footprint,0
A00695,Database,Hybrid,533933
A00695,Analytics & Data,Cloud,972451
A00695,AI & ML,No Footprint,0
A00695,Security,Hybrid,284199
A00695,Applications,Cloud,1276444
A00695,Integration,No Footprint,0
A00696,Infrastructure,Hybrid,801609
A00696,Database,Hybrid,1994157
A00696,Analytics & Data,Hybrid,2901498
A00696,AI & ML,No Footprint,0
A00696,Security,Cloud,294053
A00696,Applications,No Footprint,0
A00696,Integration,Hybrid,2170450
A00697,Infrastructure,Cloud,429215
A00697,Database,Cloud,1002164
A00697,Analytics & Data,Hybrid,1565906
A00697,AI & ML,No Footprint,0
A00697,Security,Cloud,866479
A00697,Applications,Cloud,752097
A00697,Integration,Cloud,1041650
A00698,Infrastructure,Cloud,777097
A00698,Database,On-Premise,375803
A00698,Analytics & Data,No Footprint,0
A00698,AI & ML,Cloud,1232431
A00698,Security,Cloud,190855
A00698,Applications,On-Premise,420346
A00698,Integration,No Footprint,0
A00699,Infrastructure,Cloud,331055
A00699,Database,On-Premise,5035571
A00699,Analytics & Data,Cloud,1425583
A00699,AI & ML,Cloud,1775999
A00699,Security,Cloud,712734
A00699,Applications,No Footprint,0
A00699,Integration,Cloud,941823
A00700,Infrastructure,Hybrid,450838
A00700,Database,Hybrid,978798
A00700,Analytics & Data,Hybrid,1013753
A00700,AI & ML,Cloud,797682
A00700,Security,No Footprint,0
A00700,Applications,On-Premise,807708
A00700,Integration,Hybrid,956681
A00701,Infrastructure,Hybrid,422355
A00701,Database,Hybrid,791987
A00701,Analytics & Data,Hybrid,432290
A00701,AI & ML,Cloud,1707745
A00701,Security,Hybrid,254184
A00701,Applications,Cloud,1851888
A00701,Integration,No Footprint,0
A00702,Infrastructure,Hybrid,652022
A00702,Database,No Footprint,0
A00702,Analytics & Data,No Footprint,0
A00702,AI & ML,Cloud,827666
A00702,Security,Cloud,1219251
A00702,Applications,On-Premise,311925
A00702,Integration,Hybrid,1122532
A00703,Infrastructure,Cloud,2060737
A00703,Database,Hybrid,622334
A00703,Analytics & Data,No Footprint,0
A00703,AI & ML,Cloud,463857
A00703,Security,Hybrid,872092
A00703,Applications,Hybrid,585035
A00703,Integration,Cloud,445413
A00704,Infrastructure,Cloud,2446250
A00704,Database,On-Premise,269805
A00704,Analytics & Data,Cloud,658989
A00704,AI & ML,Cloud,837845
A00704,Security,Cloud,1245905
A00704,Applications,On-Premise,1327686
A00704,Integration,No Footprint,0
A00705,Infrastructure,Hybrid,230781
A00705,Database,No Footprint,0
A00705,Analytics & Data,Cloud,996666
A00705,AI & ML,Cloud,8873956
A00705,Security,No Footprint,0
A00705,Applications,No Footprint,0
A00705,Integration,Hybrid,571515
A00706,Infrastructure,No Footprint,0
A00706,Database,On-Premise,1528745
A00706,Analytics & Data,Cloud,63482
A00706,AI & ML,Cloud,2084063
A00706,Security,On-Premise,925531
A00706,Applications,On-Premise,768517
A00706,Integration,No Footprint,0
A00707,Infrastructure,No Footprint,0
A00707,Database,No Footprint,0
A00707,Analytics & Data,Cloud,2313991
A00707,AI & ML,No Footprint,0
A00707,Security,No Footprint,0
A00707,Applications,No Footprint,0
A00707,Integration,No Footprint,0
A00708,Infrastructure,Hybrid,547089
A00708,Database,Cloud,865807
A00708,Analytics & Data,Hybrid,366050
A00708,AI & ML,Cloud,3599296
A00708,Security,Hybrid,448686
A00708,Applications,On-Premise,885986
A00708,Integration,Cloud,721716
A00709,Infrastructure,No Footprint,0
A00709,Database,No Footprint,0
A00709,Analytics & Data,Hybrid,462624
A00709,AI & ML,Cloud,339708
A00709,Security,No Footprint,0
A00709,Applications,No Footprint,0
A00709,Integration,Cloud,321059
A00710,Infrastructure,Cloud,4372610
A00710,Database,Cloud,2738370
A00710,Analytics & Data,Cloud,3492694
A00710,AI & ML,No Footprint,0
A00710,Security,Cloud,294408
A00710,Applications,Cloud,519957
A00710,Integration,Cloud,860522
A00711,Infrastructure,No Footprint,0
A00711,Database,On-Premise,1464857
A00711,Analytics & Data,No Footprint,0
A00711,AI & ML,Cloud,3440483
A00711,Security,Hybrid,1329743
A00711,Applications,No Footprint,0
A00711,Integration,Cloud,522688
A00712,Infrastructure,No Footprint,0
A00712,Database,Hybrid,838538
A00712,Analytics & Data,No Footprint,0
A00712,AI & ML,Cloud,442544
A00712,Security,On-Premise,342773
A00712,Applications,Cloud,360111
A00712,Integration,No Footprint,0
A00713,Infrastructure,Hybrid,721976
A00713,Database,No Footprint,0
A00713,Analytics & Data,Cloud,1508292
A00713,AI & ML,Cloud,714267
A00713,Security,Hybrid,834766
A00713,Applications,No Footprint,0
A00713,Integration,No Footprint,0
A00714,Infrastructure,Hybrid,1468858
A00714,Database,Hybrid,364763
A00714,Analytics & Data,No Footprint,0
A00714,AI & ML,Cloud,776195
A00714,Security,On-Premise,328355
A00714,Applications,On-Premise,476162
A00714,Integration,Cloud,6375339
A00715,Infrastructure,Hybrid,2654695
A00715,Database,On-Premise,700416
A00715,Analytics & Data,Cloud,110012
A00715,AI & ML,Cloud,2273438
A00715,Security,No Footprint,0
A00715,Applications,Cloud,1066747
A00715,Integration,Hybrid,175407
A00716,Infrastructure,On-Premise,1424626
A00716,Database,No Footprint,0
A00716,Analytics & Data,No Footprint,0
A00716,AI & ML,Cloud,1132878
A00716,Security,Cloud,422321
A00716,Applications,No Footprint,0
A00716,Integration,No Footprint,0
A00717,Infrastructure,Cloud,653332
A00717,Database,No Footprint,0
A00717,Analytics & Data,Hybrid,1007676
A00717,AI & ML,Cloud,948642
A00717,Security,On-Premise,200734
A00717,Applications,Cloud,267700
A00717,Integration,Cloud,525838
A00718,Infrastructure,On-Premise,2318890
A00718,Database,No Footprint,0
A00718,Analytics & Data,Cloud,402566
A00718,AI & ML,No Footprint,0
A00718,Security,On-Premise,3130236
A00718,Applications,Hybrid,739856
A00718,Integration,Hybrid,750953
A00719,Infrastructure,Hybrid,564843
A00719,Database,On-Premise,1845223
A00719,Analytics & Data,Cloud,445871
A00719,AI & ML,No Footprint,0
A00719,Security,Cloud,294082
A00719,Applications,Cloud,1424009
A00719,Integration,No Footprint,0
A00720,Infrastructure,No Footprint,0
A00720,Database,Hybrid,1029258
A00720,Analytics & Data,No Footprint,0
A00720,AI & ML,Cloud,2267660
A00720,Security,On-Premise,1063223
A00720,Applications,Cloud,384111
A00720,Integration,No Footprint,0
A00721,Infrastructure,No Footprint,0
A00721,Database,On-Premise,498751
A00721,Analytics & Data,Cloud,654055
A00721,AI & ML,Cloud,777765
A00721,Security,Hybrid,434434
A00721,Applications,No Footprint,0
A00721,Integration,Cloud,1363035
A00722,Infrastructure,No Footprint,0
A00722,Database,No Footprint,0
A00722,Analytics & Data,No Footprint,0
A00722,AI & ML,Cloud,404831
A00722,Security,No Footprint,0
A00722,Applications,Hybrid,340339
A00722,Integration,Cloud,507579
A00723,Infrastructure,No Footprint,0
A00723,Database,Hybrid,445388
A00723,Analytics & Data,No Footprint,0
A00723,AI & ML,Cloud,431095
A00723,Security,On-Premise,554356
A00723,Applications,Hybrid,324166
A00723,Integration,Cloud,628725
A00724,Infrastructure,On-Premise,770398
A00724,Database,Hybrid,516255
A00724,Analytics & Data,Hybrid,135529
A00724,AI & ML,No Footprint,0
A00724,Security,On-Premise,1155826
A00724,Applications,No Footprint,0
A00724,Integration,Hybrid,218165
A00725,Infrastructure,Hybrid,3323819
A00725,Database,Cloud,557201
A00725,Analytics & Data,Cloud,1545754
A00725,AI & ML,Cloud,930281
A00725,Security,Cloud,444745
A00725,Applications,Hybrid,1788452
A00725,Integration,Hybrid,1030565
A00726,Infrastructure,No Footprint,0
A00726,Database,On-Premise,2156443
A00726,Analytics & Data,No Footprint,0
A00726,AI & ML,Cloud,1179685
A00726,Security,Hybrid,202813
A00726,Applications,Cloud,769861
A00726,Integration,Hybrid,408789
A00727,Infrastructure,On-Premise,1334805
A00727,Database,Hybrid,321824
A00727,Analytics & Data,Hybrid,2585813
A00727,AI & ML,Cloud,757281
A00727,Security,Hybrid,1275028
A00727,Applications,Hybrid,387173
A00727,Integration,Hybrid,1875696
A00728,Infrastructure,Hybrid,3472047
A00728,Database,Cloud,485376
A00728,Analytics & Data,No Footprint,0
A00728,AI & ML,No Footprint,0
A00728,Security,Hybrid,256861
A00728,Applications,No Footprint,0
A00728,Integration,No Footprint,0
A00729,Infrastructure,On-Premise,2523038
A00729,Database,Hybrid,351927
A00729,Analytics & Data,No Footprint,0
A00729,AI & ML,No Footprint,0
A00729,Security,Cloud,521183
A00729,Applications,Cloud,326233
A00729,Integration,Hybrid,137610
A00730,Infrastructure,On-Premise,1785905
A00730,Database,Cloud,1731799
A00730,Analytics & Data,Cloud,291588
A00730,AI & ML,No Footprint,0
A00730,Security,No Footprint,0
A00730,Applications,Hybrid,1126599
A00730,Integration,Hybrid,411897
A00731,Infrastructure,No Footprint,0
A00731,Database,Cloud,383304
A00731,Analytics & Data,Hybrid,2048428
A00731,AI & ML,Cloud,739217
A00731,Security,On-Premise,351608
A00731,Applications,On-Premise,1919858
A00731,Integration,Hybrid,1679423
A00732,Infrastructure,On-Premise,483581
A00732,Database,On-Premise,860921
A00732,Analytics & Data,Cloud,453473
A00732,AI & ML,Cloud,355012
A00732,Security,No Footprint,0
A00732,Applications,No Footprint,0
A00732,Integration,Cloud,503407
A00733,Infrastructure,No Footprint,0
A00733,Database,Hybrid,271033
A00733,Analytics & Data,Cloud,1851107
A00733,AI & ML,Cloud,868493
A00733,Security,On-Premise,742360
A00733,Applications,On-Premise,1364076
A00733,Integration,Hybrid,1154091
A00734,Infrastructure,Cloud,302098
A00734,Database,No Footprint,0
A00734,Analytics & Data,No Footprint,0
A00734,AI & ML,No Footprint,0
A00734,Security,On-Premise,643915
A00734,Applications,No Footprint,0
A00734,Integration,Cloud,1640922
A00735,Infrastructure,Hybrid,729491
A00735,Database,No Footprint,0
A00735,Analytics & Data,Cloud,365641
A00735,AI & ML,Cloud,376323
A00735,Security,No Footprint,0
A00735,Applications,No Footprint,0
A00735,Integration,No Footprint,0
A00736,Infrastructure,Cloud,569683
A00736,Database,On-Premise,1676379
A00736,Analytics & Data,Cloud,3085939
A00736,AI & ML,Cloud,999866
A00736,Security,On-Premise,2269918
A00736,Applications,Hybrid,700484
A00736,Integration,Hybrid,1447046
A00737,Infrastructure,No Footprint,0
A00737,Database,On-Premise,4985182
A00737,Analytics & Data,No Footprint,0
A00737,AI & ML,No Footprint,0
A00737,Security,Hybrid,4157156
A00737,Applications,On-Premise,487844
A00737,Integration,Hybrid,638499
A00738,Infrastructure,No Footprint,0
A00738,Database,Hybrid,143824
A00738,Analytics & Data,No Footprint,0
A00738,AI & ML,Cloud,1898654
A00738,Security,Hybrid,638680
A00738,Applications,No Footprint,0
A00738,Integration,No Footprint,0
A00739,Infrastructure,Hybrid,232491
A00739,Database,On-Premise,311661
A00739,Analytics & Data,No Footprint,0
A00739,AI & ML,Cloud,344183
A00739,Security,No Footprint,0
A00739,Applications,Hybrid,788829
A00739,Integration,No Footprint,0
A00740,Infrastructure,On-Premise,1154272
A00740,Database,No Footprint,0
A00740,Analytics & Data,No Footprint,0
A00740,AI & ML,No Footprint,0
A00740,Security,On-Premise,178208
A00740,Applications,Cloud,850799
A00740,Integration,Cloud,634484
A00741,Infrastructure,No Footprint,0
A00741,Database,Cloud,1089248
A00741,Analytics & Data,Hybrid,169281
A00741,AI & ML,Cloud,450266
A00741,Security,On-Premise,412614
A00741,Applications,Hybrid,943434
A00741,Integration,Hybrid,498465
A00742,Infrastructure,Hybrid,1298788
A00742,Database,No Footprint,0
A00742,Analytics & Data,Cloud,422140
A00742,AI & ML,Cloud,1578475
A00742,Security,Hybrid,322698
A00742,Applications,Hybrid,317141
A00742,Integration,Cloud,552296
A00743,Infrastructure,Cloud,747921
A00743,Database,No Footprint,0
A00743,Analytics & Data,Cloud,942846
A00743,AI & ML,Cloud,915167
A00743,Security,No Footprint,0
A00743,Applications,On-Premise,1830632
A00743,Integration,Cloud,712923
A00744,Infrastructure,Hybrid,188487
A00744,Database,Hybrid,1344503
A00744,Analytics & Data,Cloud,1705586
A00744,AI & ML,Cloud,360084
A00744,Security,Hybrid,453224
A00744,Applications,No Footprint,0
A00744,Integration,Cloud,1510416
A00745,Infrastructure,On-Premise,1112427
A00745,Database,On-Premise,2123354
A00745,Analytics & Data,Cloud,1403577
A00745,AI & ML,Cloud,1567167
A00745,Security,Hybrid,270713
A00745,Applications,Cloud,2883238
A00745,Integration,Cloud,275324
A00746,Infrastructure,Hybrid,232690
A00746,Database,Cloud,1564665
A00746,Analytics & Data,No Footprint,0
A00746,AI & ML,No Footprint,0
A00746,Security,Cloud,9296098
A00746,Applications,Hybrid,1715771
A00746,Integration,Hybrid,792742
A00747,Infrastructure,Cloud,2706558
A00747,Database,No Footprint,0
A00747,Analytics & Data,Hybrid,122640
A00747,AI & ML,Cloud,1741910
A00747,Security,On-Premise,1585858
A00747,Applications,Cloud,710613
A00747,Integration,Hybrid,435978
A00748,Infrastructure,On-Premise,564417
A00748,Database,Cloud,843897
A00748,Analytics & Data,Cloud,476169
A00748,AI & ML,Cloud,561044
A00748,Security,No Footprint,0
A00748,Applications,On-Premise,448717
A00748,Integration,No Footprint,0
A00749,Infrastructure,No Footprint,0
A00749,Database,Hybrid,3518253
A00749,Analytics & Data,Cloud,472251
A00749,AI & ML,No Footprint,0
A00749,Security,On-Premise,1129108
A00749,Applications,On-Premise,1446561
A00749,Integration,Hybrid,882213
A00750,Infrastructure,Cloud,1035339
A00750,Database,No Footprint,0
A00750,Analytics & Data,Cloud,944913
A00750,AI & ML,No Footprint,0
A00750,Security,On-Premise,749571
A00750,Applications,Hybrid,1074745
A00750,Integration,Cloud,487238
A00751,Infrastructure,Hybrid,822204
A00751,Database,On-Premise,265804
A00751,Analytics & Data,Hybrid,332074
A00751,AI & ML,Cloud,998842
A00751,Security,No Footprint,0
A00751,Applications,No Footprint,0
A00751,Integration,Hybrid,1976218
A00752,Infrastructure,Cloud,1679480
A00752,Database,On-Premise,1167360
A00752,Analytics & Data,No Footprint,0
A00752,AI & ML,Cloud,275979
A00752,Security,Hybrid,451596
A00752,Applications,Hybrid,1104360
A00752,Integration,Cloud,807627
A00753,Infrastructure,Hybrid,1404128
A00753,Database,No Footprint,0
A00753,Analytics & Data,Hybrid,201826
A00753,AI & ML,Cloud,645321
A00753,Security,No Footprint,0
A00753,Applications,Hybrid,250752
A00753,Integration,No Footprint,0
A00754,Infrastructure,On-Premise,2230733
A00754,Database,Hybrid,454991
A00754,Analytics & Data,Cloud,588668
A00754,AI & ML,No Footprint,0
A00754,Security,On-Premise,808232
A00754,Applications,On-Premise,271808
A00754,Integration,Cloud,619817
A00755,Infrastructure,No Footprint,0
A00755,Database,No Footprint,0
A00755,Analytics & Data,No Footprint,0
A00755,AI & ML,Cloud,1044835
A00755,Security,No Footprint,0
A00755,Applications,No Footprint,0
A00755,Integration,No Footprint,0
A00756,Infrastructure,Hybrid,1779518
A00756,Database,On-Premise,505058
A00756,Analytics & Data,No Footprint,0
A00756,AI & ML,No Footprint,0
A00756,Security,Hybrid,260416
A00756,Applications,Hybrid,824456
A00756,Integration,Hybrid,957178
A00757,Infrastructure,Cloud,1931539
A00757,Database,Hybrid,382291
A00757,Analytics & Data,Hybrid,1571749
A00757,AI & ML,Cloud,721353
A00757,Security,On-Premise,2331858
A00757,Applications,On-Premise,1082298
A00757,Integration,No Footprint,0
A00758,Infrastructure,No Footprint,0
A00758,Database,No Footprint,0
A00758,Analytics & Data,Cloud,2302258
A00758,AI & ML,Cloud,619195
A00758,Security,No Footprint,0
A00758,Applications,Hybrid,639495
A00758,Integration,Hybrid,643579
A00759,Infrastructure,No Footprint,0
A00759,Database,On-Premise,3248935
A00759,Analytics & Data,Cloud,3776227
A00759,AI & ML,Cloud,1887209
A00759,Security,Cloud,1575273
A00759,Applications,No Footprint,0
A00759,Integration,No Footprint,0
A00760,Infrastructure,No Footprint,0
A00760,Database,On-Premise,2659178
A00760,Analytics & Data,Cloud,779670
A00760,AI & ML,Cloud,1069264
A00760,Security,Cloud,414661
A00760,Applications,Hybrid,648074
A00760,Integration,Cloud,281964
A00761,Infrastructure,On-Premise,1169687
A00761,Database,On-Premise,588200
A00761,Analytics & Data,Cloud,1401437
A00761,AI & ML,No Footprint,0
A00761,Security,Cloud,247283
A00761,Applications,Cloud,1440940
A00761,Integration,Hybrid,301413
A00762,Infrastructure,Hybrid,385437
A00762,Database,On-Premise,174385
A00762,Analytics & Data,Hybrid,172879
A00762,AI & ML,Cloud,415933
A00762,Security,Hybrid,907310
A00762,Applications,On-Premise,1141300
A00762,Integration,Hybrid,524139
A00763,Infrastructure,On-Premise,448942
A00763,Database,Cloud,519878
A00763,Analytics & Data,No Footprint,0
A00763,AI & ML,Cloud,882154
A00763,Security,Hybrid,609691
A00763,Applications,Hybrid,773191
A00763,Integration,Cloud,1076534
A00764,Infrastructure,No Footprint,0
A00764,Database,No Footprint,0
A00764,Analytics & Data,No Footprint,0
A00764,AI & ML,No Footprint,0
A00764,Security,No Footprint,0
A00764,Applications,No Footprint,0
A00764,Integration,Hybrid,759253
A00765,Infrastructure,No Footprint,0
A00765,Database,Hybrid,749534
A00765,Analytics & Data,Hybrid,1961183
A00765,AI & ML,Cloud,1550578
A00765,Security,Cloud,556746
A00765,Applications,On-Premise,738834
A00765,Integration,Hybrid,2253811
A00766,Infrastructure,No Footprint,0
A00766,Database,No Footprint,0
A00766,Analytics & Data,No Footprint,0
A00766,AI & ML,No Footprint,0
A00766,Security,Hybrid,278954
A00766,Applications,Hybrid,2388664
A00766,Integration,No Footprint,0
A00767,Infrastructure,On-Premise,4937238
A00767,Database,Hybrid,431849
A00767,Analytics & Data,Hybrid,254775
A00767,AI & ML,Cloud,522338
A00767,Security,No Footprint,0
A00767,Applications,Cloud,864530
A00767,Integration,Hybrid,669818
A00768,Infrastructure,Cloud,309796
A00768,Database,Cloud,563011
A00768,Analytics & Data,Hybrid,2178247
A00768,AI & ML,No Footprint,0
A00768,Security,Hybrid,751537
A00768,Applications,No Footprint,0
A00768,Integration,Cloud,517990
A00769,Infrastructure,Hybrid,1775182
A00769,Database,On-Premise,1898644
A00769,Analytics & Data,Cloud,2514091
A00769,AI & ML,No Footprint,0
A00769,Security,No Footprint,0
A00769,Applications,Cloud,982870
A00769,Integration,Cloud,259136
A00770,Infrastructure,Hybrid,727809
A00770,Database,On-Premise,1969685
A00770,Analytics & Data,Cloud,383179
A00770,AI & ML,Cloud,524758
A00770,Security,Hybrid,504866
A00770,Applications,No Footprint,0
A00770,Integration,Hybrid,80587
A00771,Infrastructure,No Footprint,0
A00771,Database,Hybrid,405914
A00771,Analytics & Data,Cloud,1449418
A00771,AI & ML,No Footprint,0
A00771,Security,On-Premise,1326249
A00771,Applications,Hybrid,541095
A00771,Integration,Hybrid,2431746
A00772,Infrastructure,Cloud,661098
A00772,Database,On-Premise,925254
A00772,Analytics & Data,Hybrid,680052
A00772,AI & ML,Cloud,1575673
A00772,Security,Cloud,1452849
A00772,Applications,On-Premise,627248
A00772,Integration,Hybrid,1174247
A00773,Infrastructure,On-Premise,404572
A00773,Database,No Footprint,0
A00773,Analytics & Data,Cloud,335278
A00773,AI & ML,Cloud,1104688
A00773,Security,No Footprint,0
A00773,Applications,Cloud,482139
A00773,Integration,No Footprint,0
A00774,Infrastructure,On-Premise,1776728
A00774,Database,On-Premise,311373
A00774,Analytics & Data,Cloud,1755700
A00774,AI & ML,Cloud,1023779
A00774,Security,Cloud,1084857
A00774,Applications,Hybrid,219614
A00774,Integration,Cloud,289883
A00775,Infrastructure,Hybrid,385378
A00775,Database,No Footprint,0
A00775,Analytics & Data,Cloud,3484452
A00775,AI & ML,Cloud,2295734
A00775,Security,No Footprint,0
A00775,Applications,No Footprint,0
A00775,Integration,No Footprint,0
A00776,Infrastructure,Hybrid,1348741
A00776,Database,On-Premise,3570820
A00776,Analytics & Data,Hybrid,262918
A00776,AI & ML,No Footprint,0
A00776,Security,Cloud,277155
A00776,Applications,Cloud,2911471
A00776,Integration,No Footprint,0
A00777,Infrastructure,On-Premise,1790243
A00777,Database,Cloud,144685
A00777,Analytics & Data,No Footprint,0
A00777,AI & ML,Cloud,1332190
A00777,Security,Hybrid,279123
A00777,Applications,On-Premise,275643
A00777,Integration,No Footprint,0
A00778,Infrastructure,Hybrid,471797
A00778,Database,No Footprint,0
A00778,Analytics & Data,No Footprint,0
A00778,AI & ML,Cloud,1653172
A00778,Security,No Footprint,0
A00778,Applications,On-Premise,363792
A00778,Integration,Cloud,1660729
A00779,Infrastructure,On-Premise,359964
A00779,Database,Hybrid,1932556
A00779,Analytics & Data,Hybrid,403595
A00779,AI & ML,Cloud,707343
A00779,Security,Cloud,644117
A00779,Applications,Hybrid,353638
A00779,Integration,Cloud,1035334
A00780,Infrastructure,On-Premise,799603
A00780,Database,On-Premise,258358
A00780,Analytics & Data,Hybrid,528318
A00780,AI & ML,Cloud,1489271
A00780,Security,On-Premise,1411782
A00780,Applications,No Footprint,0
A00780,Integration,Hybrid,2171941
A00781,Infrastructure,On-Premise,10548854
A00781,Database,Cloud,2296140
A00781,Analytics & Data,Hybrid,1792080
A00781,AI & ML,Cloud,1663006
A00781,Security,On-Premise,306761
A00781,Applications,No Footprint,0
A00781,Integration,Cloud,2072722
A00782,Infrastructure,Hybrid,1814774
A00782,Database,Hybrid,512073
A00782,Analytics & Data,Cloud,865462
A00782,AI & ML,Cloud,909787
A00782,Security,On-Premise,1001432
A00782,Applications,No Footprint,0
A00782,Integration,Hybrid,82482
A00783,Infrastructure,Cloud,389863
A00783,Database,On-Premise,203174
A00783,Analytics & Data,Cloud,723976
A00783,AI & ML,Cloud,2171362
A00783,Security,On-Premise,3763544
A00783,Applications,On-Premise,1447863
A00783,Integration,Hybrid,259752
A00784,Infrastructure,On-Premise,2352871
A00784,Database,Hybrid,571648
A00784,Analytics & Data,Hybrid,1731928
A00784,AI & ML,Cloud,498190
A00784,Security,No Footprint,0
A00784,Applications,No Footprint,0
A00784,Integration,Hybrid,621807
A00785,Infrastructure,On-Premise,2677356
A00785,Database,No Footprint,0
A00785,Analytics & Data,Cloud,753565
A00785,AI & ML,Cloud,315418
A00785,Security,On-Premise,356274
A00785,Applications,Hybrid,839337
A00785,Integration,Cloud,793181
A00786,Infrastructure,No Footprint,0
A00786,Database,Hybrid,153326
A00786,Analytics & Data,Cloud,1047936
A00786,AI & ML,Cloud,1241832
A00786,Security,Hybrid,345156
A00786,Applications,No Footprint,0
A00786,Integration,Hybrid,2253056
A00787,Infrastructure,On-Premise,1020488
A00787,Database,Hybrid,1315403
A00787,Analytics & Data,Hybrid,637120
A00787,AI & ML,Cloud,580402
A00787,Security,On-Premise,83411
A00787,Applications,No Footprint,0
A00787,Integration,Hybrid,408199
A00788,Infrastructure,Hybrid,1063026
A00788,Database,On-Premise,1228688
A00788,Analytics & Data,Cloud,893304
A00788,AI & ML,Cloud,773333
A00788,Security,No Footprint,0
A00788,Applications,On-Premise,1966799
A00788,Integration,Hybrid,329749
A00789,Infrastructure,No Footprint,0
A00789,Database,No Footprint,0
A00789,Analytics & Data,Hybrid,1043832
A00789,AI & ML,No Footprint,0
A00789,Security,Cloud,512350
A00789,Applications,On-Premise,653090
A00789,Integration,Hybrid,158729
A00790,Infrastructure,On-Premise,246869
A00790,Database,On-Premise,1036155
A00790,Analytics & Data,Cloud,1851959
A00790,AI & ML,Cloud,2348121
A00790,Security,On-Premise,1338555
A00790,Applications,On-Premise,1526434
A00790,Integration,No Footprint,0
A00791,Infrastructure,On-Premise,2970038
A00791,Database,On-Premise,848633
A00791,Analytics & Data,Hybrid,1104880
A00791,AI & ML,No Footprint,0
A00791,Security,On-Premise,840664
A00791,Applications,No Footprint,0
A00791,Integration,Cloud,1783110
A00792,Infrastructure,No Footprint,0
A00792,Database,Hybrid,709449
A00792,Analytics & Data,Cloud,255639
A00792,AI & ML,Cloud,320780
A00792,Security,No Footprint,0
A00792,Applications,Hybrid,458559
A00792,Integration,No Footprint,0
A00793,Infrastructure,Cloud,922669
A00793,Database,Cloud,226325
A00793,Analytics & Data,Cloud,552272
A00793,AI & ML,Cloud,1747599
A00793,Security,Cloud,2387557
A00793,Applications,No Footprint,0
A00793,Integration,Hybrid,820264
A00794,Infrastructure,On-Premise,604354
A00794,Database,On-Premise,800634
A00794,Analytics & Data,No Footprint,0
A00794,AI & ML,Cloud,782616
A00794,Security,Hybrid,799106
A00794,Applications,No Footprint,0
A00794,Integration,No Footprint,0
A00795,Infrastructure,No Footprint,0
A00795,Database,Cloud,1761824
A00795,Analytics & Data,Cloud,1262780
A00795,AI & ML,Cloud,1537880
A00795,Security,Hybrid,140323
A00795,Applications,On-Premise,1283609
A00795,Integration,Hybrid,728232
A00796,Infrastructure,On-Premise,1559127
A00796,Database,Cloud,175424
A00796,Analytics & Data,Cloud,24010
A00796,AI & ML,Cloud,557700
A00796,Security,On-Premise,911662
A00796,Applications,Hybrid,1798806
A00796,Integration,Cloud,1593642
A00797,Infrastructure,On-Premise,2349587
A00797,Database,Cloud,459440
A00797,Analytics & Data,Hybrid,523479
A00797,AI & ML,No Footprint,0
A00797,Security,On-Premise,2425307
A00797,Applications,Hybrid,535408
A00797,Integration,Hybrid,254346
A00798,Infrastructure,No Footprint,0
A00798,Database,No Footprint,0
A00798,Analytics & Data,Hybrid,868720
A00798,AI & ML,Cloud,593231
A00798,Security,Hybrid,756692
A00798,Applications,No Footprint,0
A00798,Integration,Hybrid,787910
A00799,Infrastructure,On-Premise,2845455
A00799,Database,No Footprint,0
A00799,Analytics & Data,Cloud,568596
A00799,AI & ML,No Footprint,0
A00799,Security,Cloud,1088704
A00799,Applications,On-Premise,875595
A00799,Integration,Hybrid,941026
A00800,Infrastructure,No Footprint,0
A00800,Database,No Footprint,0
A00800,Analytics & Data,Hybrid,948564
A00800,AI & ML,Cloud,444475
A00800,Security,Cloud,1636096
A00800,Applications,No Footprint,0
A00800,Integration,Hybrid,959023
A00801,Infrastructure,No Footprint,0
A00801,Database,Cloud,1231637
A00801,Analytics & Data,Cloud,1991803
A00801,AI & ML,Cloud,356849
A00801,Security,Hybrid,629912
A00801,Applications,No Footprint,0
A00801,Integration,Cloud,488518
A00802,Infrastructure,Hybrid,315167
A00802,Database,No Footprint,0
A00802,Analytics & Data,No Footprint,0
A00802,AI & ML,No Footprint,0
A00802,Security,Hybrid,362821
A00802,Applications,No Footprint,0
A00802,Integration,Cloud,1976886
A00803,Infrastructure,On-Premise,454615
A00803,Database,On-Premise,1221942
A00803,Analytics & Data,Hybrid,2691782
A00803,AI & ML,Cloud,482209
A00803,Security,Hybrid,563743
A00803,Applications,Hybrid,957857
A00803,Integration,Hybrid,701128
A00804,Infrastructure,No Footprint,0
A00804,Database,No Footprint,0
A00804,Analytics & Data,No Footprint,0
A00804,AI & ML,No Footprint,0
A00804,Security,Hybrid,2041947
A00804,Applications,No Footprint,0
A00804,Integration,Hybrid,916323
A00805,Infrastructure,Hybrid,6031544
A00805,Database,Hybrid,379348
A00805,Analytics & Data,Cloud,389639
A00805,AI & ML,No Footprint,0
A00805,Security,On-Premise,516047
A00805,Applications,On-Premise,269428
A00805,Integration,Hybrid,765503
A00806,Infrastructure,Cloud,834197
A00806,Database,No Footprint,0
A00806,Analytics & Data,Cloud,773783
A00806,AI & ML,Cloud,1213976
A00806,Security,Hybrid,657321
A00806,Applications,Hybrid,733803
A00806,Integration,No Footprint,0
A00807,Infrastructure,On-Premise,1018701
A00807,Database,Hybrid,594583
A00807,Analytics & Data,Hybrid,1405193
A00807,AI & ML,No Footprint,0
A00807,Security,On-Premise,1311367
A00807,Applications,On-Premise,1248765
A00807,Integration,No Footprint,0
A00808,Infrastructure,Hybrid,589558
A00808,Database,On-Premise,533981
A00808,Analytics & Data,No Footprint,0
A00808,AI & ML,No Footprint,0
A00808,Security,On-Premise,507825
A00808,Applications,No Footprint,0
A00808,Integration,Hybrid,567410
A00809,Infrastructure,Hybrid,98479
A00809,Database,On-Premise,1245644
A00809,Analytics & Data,Hybrid,1310367
A00809,AI & ML,No Footprint,0
A00809,Security,Cloud,607234
A00809,Applications,No Footprint,0
A00809,Integration,Cloud,751588
A00810,Infrastructure,On-Premise,663484
A00810,Database,Cloud,808201
A00810,Analytics & Data,Hybrid,695492
A00810,AI & ML,Cloud,472669
A00810,Security,On-Premise,563664
A00810,Applications,Cloud,248786
A00810,Integration,Hybrid,536604
A00811,Infrastructure,Hybrid,541286
A00811,Database,On-Premise,2247944
A00811,Analytics & Data,Cloud,340481
A00811,AI & ML,Cloud,4588339
A00811,Security,Hybrid,405369
A00811,Applications,Hybrid,329094
A00811,Integration,Cloud,895742
A00812,Infrastructure,On-Premise,1390785
A00812,Database,No Footprint,0
A00812,Analytics & Data,Hybrid,1637911
A00812,AI & ML,No Footprint,0
A00812,Security,No Footprint,0
A00812,Applications,Cloud,84104
A00812,Integration,No Footprint,0
A00813,Infrastructure,No Footprint,0
A00813,Database,Hybrid,353413
A00813,Analytics & Data,No Footprint,0
A00813,AI & ML,Cloud,580863
A00813,Security,Hybrid,237515
A00813,Applications,On-Premise,415477
A00813,Integration,Hybrid,657692
A00814,Infrastructure,Cloud,8203762
A00814,Database,On-Premise,1286028
A00814,Analytics & Data,Hybrid,617620
A00814,AI & ML,Cloud,1734347
A00814,Security,No Footprint,0
A00814,Applications,On-Premise,836156
A00814,Integration,Hybrid,337173
A00815,Infrastructure,Cloud,419729
A00815,Database,Cloud,601394
A00815,Analytics & Data,Hybrid,383631
A00815,AI & ML,Cloud,399606
A00815,Security,Hybrid,705861
A00815,Applications,Cloud,1106727
A00815,Integration,No Footprint,0
A00816,Infrastructure,Hybrid,239794
A00816,Database,Hybrid,1285744
A00816,Analytics & Data,Cloud,1683063
A00816,AI & ML,No Footprint,0
A00816,Security,On-Premise,1588876
A00816,Applications,Hybrid,146431
A00816,Integration,Hybrid,692611
A00817,Infrastructure,Cloud,1096121
A00817,Database,On-Premise,494031
A00817,Analytics & Data,No Footprint,0
A00817,AI & ML,Cloud,2585978
A00817,Security,Hybrid,230098
A00817,Applications,On-Premise,950330
A00817,Integration,Cloud,728035
A00818,Infrastructure,Cloud,151575
A00818,Database,On-Premise,709023
A00818,Analytics & Data,No Footprint,0
A00818,AI & ML,No Footprint,0
A00818,Security,On-Premise,252734
A00818,Applications,Cloud,585615
A00818,Integration,Cloud,1273569
A00819,Infrastructure,No Footprint,0
A00819,Database,No Footprint,0
A00819,Analytics & Data,Cloud,354105
A00819,AI & ML,Cloud,1048676
A00819,Security,Hybrid,652048
A00819,Applications,Hybrid,923958
A00819,Integration,Hybrid,437649
A00820,Infrastructure,Cloud,313512
A00820,Database,Hybrid,197896
A00820,Analytics & Data,Cloud,162461
A00820,AI & ML,No Footprint,0
A00820,Security,Hybrid,2040378
A00820,Applications,Cloud,1075281
A00820,Integration,No Footprint,0
A00821,Infrastructure,On-Premise,1204338
A00821,Database,Cloud,877089
A00821,Analytics & Data,Hybrid,1315182
A00821,AI & ML,Cloud,510745
A00821,Security,Hybrid,54017
A00821,Applications,Hybrid,384533
A00821,Integration,No Footprint,0
A00822,Infrastructure,Cloud,1348930
A00822,Database,Cloud,366516
A00822,Analytics & Data,No Footprint,0
A00822,AI & ML,Cloud,195692
A00822,Security,Hybrid,814650
A00822,Applications,On-Premise,355409
A00822,Integration,No Footprint,0
A00823,Infrastructure,On-Premise,430044
A00823,Database,No Footprint,0
A00823,Analytics & Data,Hybrid,635326
A00823,AI & ML,No Footprint,0
A00823,Security,Hybrid,277237
A00823,Applications,On-Premise,283505
A00823,Integration,Cloud,398452
A00824,Infrastructure,On-Premise,1045609
A00824,Database,On-Premise,226219
A00824,Analytics & Data,No Footprint,0
A00824,AI & ML,Cloud,1436817
A00824,Security,No Footprint,0
A00824,Applications,No Footprint,0
A00824,Integration,Cloud,1352652
A00825,Infrastructure,On-Premise,400447
A00825,Database,On-Premise,294585
A00825,Analytics & Data,Cloud,1152970
A00825,AI & ML,Cloud,369166
A00825,Security,On-Premise,272498
A00825,Applications,No Footprint,0
A00825,Integration,Hybrid,157907
A00826,Infrastructure,No Footprint,0
A00826,Database,No Footprint,0
A00826,Analytics & Data,Hybrid,306108
A00826,AI & ML,Cloud,529952
A00826,Security,Hybrid,1906786
A00826,Applications,Hybrid,3342158
A00826,Integration,Hybrid,1694667
A00827,Infrastructure,Hybrid,276543
A00827,Database,Cloud,192941
A00827,Analytics & Data,Cloud,471963
A00827,AI & ML,Cloud,1109743
A00827,Security,No Footprint,0
A00827,Applications,No Footprint,0
A00827,Integration,Cloud,303444
A00828,Infrastructure,Cloud,1897223
A00828,Database,Cloud,973845
A00828,Analytics & Data,No Footprint,0
A00828,AI & ML,No Footprint,0
A00828,Security,No Footprint,0
A00828,Applications,Cloud,442766
A00828,Integration,No Footprint,0
A00829,Infrastructure,On-Premise,348087
A00829,Database,On-Premise,1643300
A00829,Analytics & Data,Hybrid,1621599
A00829,AI & ML,Cloud,749686
A00829,Security,Cloud,621702
A00829,Applications,Hybrid,1105593
A00829,Integration,Hybrid,1746879
A00830,Infrastructure,On-Premise,536956
A00830,Database,Hybrid,697372
A00830,Analytics & Data,No Footprint,0
A00830,AI & ML,No Footprint,0
A00830,Security,Hybrid,991861
A00830,Applications,No Footprint,0
A00830,Integration,Hybrid,703695
A00831,Infrastructure,On-Premise,478668
A00831,Database,On-Premise,86913
A00831,Analytics & Data,No Footprint,0
A00831,AI & ML,Cloud,590894
A00831,Security,Hybrid,703158
A00831,Applications,No Footprint,0
A00831,Integration,Cloud,410420
A00832,Infrastructure,On-Premise,215443
A00832,Database,On-Premise,1702300
A00832,Analytics & Data,Hybrid,733127
A00832,AI & ML,Cloud,3853583
A00832,Security,Hybrid,1086213
A00832,Applications,No Footprint,0
A00832,Integration,Cloud,339031
A00833,Infrastructure,Cloud,109077
A00833,Database,On-Premise,238949
A00833,Analytics & Data,Cloud,126532
A00833,AI & ML,Cloud,649959
A00833,Security,Hybrid,652100
A00833,Applications,Cloud,469476
A00833,Integration,Hybrid,254734
A00834,Infrastructure,Hybrid,689048
A00834,Database,No Footprint,0
A00834,Analytics & Data,Cloud,436835
A00834,AI & ML,Cloud,755934
A00834,Security,No Footprint,0
A00834,Applications,Cloud,2617900
A00834,Integration,No Footprint,0
A00835,Infrastructure,Cloud,497068
A00835,Database,No Footprint,0
A00835,Analytics & Data,Cloud,785867
A00835,AI & ML,No Footprint,0
A00835,Security,Hybrid,1943253
A00835,Applications,Cloud,255766
A00835,Integration,Cloud,5932003
A00836,Infrastructure,No Footprint,0
A00836,Database,Hybrid,199736
A00836,Analytics & Data,No Footprint,0
A00836,AI & ML,Cloud,1174236
A00836,Security,Hybrid,1627740
A00836,Applications,Cloud,2781452
A00836,Integration,No Footprint,0
A00837,Infrastructure,On-Premise,3128079
A00837,Database,Cloud,444718
A00837,Analytics & Data,Hybrid,2317430
A00837,AI & ML,Cloud,1341187
A00837,Security,Cloud,664754
A00837,Applications,On-Premise,155000
A00837,Integration,No Footprint,0
A00838,Infrastructure,No Footprint,0
A00838,Database,On-Premise,551241
A00838,Analytics & Data,Hybrid,1029971
A00838,AI & ML,Cloud,665361
A00838,Security,On-Premise,283919
A00838,Applications,On-Premise,344146
A00838,Integration,Cloud,2517897
A00839,Infrastructure,On-Premise,771875
A00839,Database,On-Premise,1217300
A00839,Analytics & Data,Cloud,1369690
A00839,AI & ML,Cloud,777709
A00839,Security,No Footprint,0
A00839,Applications,No Footprint,0
A00839,Integration,No Footprint,0
A00840,Infrastructure,Cloud,774894
A00840,Database,No Footprint,0
A00840,Analytics & Data,Hybrid,42586
A00840,AI & ML,Cloud,321110
A00840,Security,No Footprint,0
A00840,Applications,On-Premise,1809444
A00840,Integration,Hybrid,581276
A00841,Infrastructure,No Footprint,0
A00841,Database,No Footprint,0
A00841,Analytics & Data,No Footprint,0
A00841,AI & ML,No Footprint,0
A00841,Security,Cloud,1647518
A00841,Applications,No Footprint,0
A00841,Integration,No Footprint,0
A00842,Infrastructure,Cloud,1788898
A00842,Database,No Footprint,0
A00842,Analytics & Data,No Footprint,0
A00842,AI & ML,No Footprint,0
A00842,Security,Hybrid,5534327
A00842,Applications,Hybrid,985266
A00842,Integration,No Footprint,0
A00843,Infrastructure,Hybrid,176347
A00843,Database,Cloud,483248
A00843,Analytics & Data,Cloud,500234
A00843,AI & ML,No Footprint,0
A00843,Security,Cloud,507201
A00843,Applications,No Footprint,0
A00843,Integration,No Footprint,0
A00844,Infrastructure,No Footprint,0
A00844,Database,On-Premise,306170
A00844,Analytics & Data,Hybrid,374205
A00844,AI & ML,Cloud,837561
A00844,Security,On-Premise,606677
A00844,Applications,No Footprint,0
A00844,Integration,Hybrid,463277
A00845,Infrastructure,Cloud,367260
A00845,Database,Cloud,194551
A00845,Analytics & Data,No Footprint,0
A00845,AI & ML,No Footprint,0
A00845,Security,No Footprint,0
A00845,Applications,On-Premise,301747
A00845,Integration,No Footprint,0
A00846,Infrastructure,Cloud,450055
A00846,Database,Cloud,1312057
A00846,Analytics & Data,Cloud,1547638
A00846,AI & ML,Cloud,587705
A00846,Security,On-Premise,4108452
A00846,Applications,Cloud,586405
A00846,Integration,No Footprint,0
A00847,Infrastructure,Cloud,1212096
A00847,Database,No Footprint,0
A00847,Analytics & Data,No Footprint,0
A00847,AI & ML,Cloud,596032
A00847,Security,No Footprint,0
A00847,Applications,On-Premise,416825
A00847,Integration,Cloud,2097171
A00848,Infrastructure,No Footprint,0
A00848,Database,Hybrid,225217
A00848,Analytics & Data,No Footprint,0
A00848,AI & ML,Cloud,3749923
A00848,Security,No Footprint,0
A00848,Applications,On-Premise,487702
A00848,Integration,Cloud,354412
A00849,Infrastructure,Hybrid,671468
A00849,Database,On-Premise,201920
A00849,Analytics & Data,Cloud,631591
A00849,AI & ML,No Footprint,0
A00849,Security,No Footprint,0
A00849,Applications,Hybrid,1557313
A00849,Integration,Cloud,1626903
A00850,Infrastructure,No Footprint,0
A00850,Database,Hybrid,565503
A00850,Analytics & Data,No Footprint,0
A00850,AI & ML,Cloud,574051
A00850,Security,Hybrid,1552739
A00850,Applications,Cloud,1057753
A00850,Integration,Hybrid,213469
A00851,Infrastructure,On-Premise,4554865
A00851,Database,Cloud,435386
A00851,Analytics & Data,Cloud,684718
A00851,AI & ML,No Footprint,0
A00851,Security,On-Premise,310077
A00851,Applications,Cloud,713560
A00851,Integration,No Footprint,0
A00852,Infrastructure,No Footprint,0
A00852,Database,Hybrid,1450744
A00852,Analytics & Data,Cloud,432662
A00852,AI & ML,No Footprint,0
A00852,Security,Hybrid,382787
A00852,Applications,Cloud,245993
A00852,Integration,Cloud,1403069
A00853,Infrastructure,On-Premise,616381
A00853,Database,On-Premise,504728
A00853,Analytics & Data,Hybrid,1208155
A00853,AI & ML,Cloud,572753
A00853,Security,On-Premise,740676
A00853,Applications,Cloud,1106107
A00853,Integration,Cloud,940815
A00854,Infrastructure,Cloud,1512238
A00854,Database,No Footprint,0
A00854,Analytics & Data,Cloud,282675
A00854,AI & ML,No Footprint,0
A00854,Security,On-Premise,1048618
A00854,Applications,No Footprint,0
A00854,Integration,Cloud,860740
A00855,Infrastructure,On-Premise,1059258
A00855,Database,Hybrid,1584825
A00855,Analytics & Data,No Footprint,0
A00855,AI & ML,Cloud,238962
A00855,Security,No Footprint,0
A00855,Applications,Hybrid,1838621
A00855,Integration,Hybrid,280904
A00856,Infrastructure,No Footprint,0
A00856,Database,No Footprint,0
A00856,Analytics & Data,No Footprint,0
A00856,AI & ML,Cloud,548631
A00856,Security,No Footprint,0
A00856,Applications,Hybrid,985213
A00856,Integration,Cloud,722802
A00857,Infrastructure,On-Premise,448090
A00857,Database,Cloud,504678
A00857,Analytics & Data,Hybrid,1480979
A00857,AI & ML,Cloud,575754
A00857,Security,Hybrid,1692448
A00857,Applications,On-Premise,239937
A00857,Integration,Hybrid,2433049
A00858,Infrastructure,On-Premise,2154762
A00858,Database,On-Premise,368238
A00858,Analytics & Data,No Footprint,0
A00858,AI & ML,Cloud,2323704
A00858,Security,Hybrid,1091067
A00858,Applications,On-Premise,268914
A00858,Integration,Cloud,441131
A00859,Infrastructure,On-Premise,478332
A00859,Database,Hybrid,2582198
A00859,Analytics & Data,No Footprint,0
A00859,AI & ML,No Footprint,0
A00859,Security,Cloud,368545
A00859,Applications,Cloud,900843
A00859,Integration,No Footprint,0
A00860,Infrastructure,Hybrid,523379
A00860,Database,Hybrid,1214550
A00860,Analytics & Data,Hybrid,3694434
A00860,AI & ML,Cloud,4876188
A00860,Security,Cloud,332299
A00860,Applications,On-Premise,3290601
A00860,Integration,Hybrid,505804
A00861,Infrastructure,No Footprint,0
A00861,Database,On-Premise,1056001
A00861,Analytics & Data,No Footprint,0
A00861,AI & ML,Cloud,821951
A00861,Security,No Footprint,0
A00861,Applications,On-Premise,140680
A00861,Integration,Cloud,563792
A00862,Infrastructure,No Footprint,0
A00862,Database,No Footprint,0
A00862,Analytics & Data,Cloud,1050558
A00862,AI & ML,No Footprint,0
A00862,Security,No Footprint,0
A00862,Applications,Hybrid,498904
A00862,Integration,Hybrid,584809
A00863,Infrastructure,Hybrid,588022
A00863,Database,No Footprint,0
A00863,Analytics & Data,Hybrid,2436221
A00863,AI & ML,Cloud,925990
A00863,Security,Cloud,474230
A00863,Applications,No Footprint,0
A00863,Integration,No Footprint,0
A00864,Infrastructure,No Footprint,0
A00864,Database,Hybrid,2821170
A00864,Analytics & Data,Hybrid,2716447
A00864,AI & ML,Cloud,1860204
A00864,Security,Hybrid,249802
A00864,Applications,On-Premise,552250
A00864,Integration,Cloud,806898
A00865,Infrastructure,No Footprint,0
A00865,Database,On-Premise,1768220
A00865,Analytics & Data,Hybrid,522136
A00865,AI & ML,Cloud,409229
A00865,Security,On-Premise,371113
A00865,Applications,On-Premise,266962
A00865,Integration,Cloud,2295289
A00866,Infrastructure,Hybrid,1331658
A00866,Database,No Footprint,0
A00866,Analytics & Data,No Footprint,0
A00866,AI & ML,Cloud,956390
A00866,Security,Hybrid,479079
A00866,Applications,Hybrid,3114552
A00866,Integration,No Footprint,0
A00867,Infrastructure,Hybrid,792339
A00867,Database,On-Premise,1188701
A00867,Analytics & Data,Cloud,1123836
A00867,AI & ML,Cloud,1019637
A00867,Security,On-Premise,1617976
A00867,Applications,On-Premise,1544522
A00867,Integration,Hybrid,1723246
A00868,Infrastructure,Hybrid,857659
A00868,Database,No Footprint,0
A00868,Analytics & Data,Cloud,349876
A00868,AI & ML,Cloud,1625447
A00868,Security,No Footprint,0
A00868,Applications,No Footprint,0
A00868,Integration,Hybrid,246151
A00869,Infrastructure,No Footprint,0
A00869,Database,No Footprint,0
A00869,Analytics & Data,Cloud,1851209
A00869,AI & ML,Cloud,251976
A00869,Security,On-Premise,334740
A00869,Applications,No Footprint,0
A00869,Integration,No Footprint,0
A00870,Infrastructure,Hybrid,1055820
A00870,Database,Cloud,280049
A00870,Analytics & Data,No Footprint,0
A00870,AI & ML,No Footprint,0
A00870,Security,On-Premise,886618
A00870,Applications,On-Premise,287637
A00870,Integration,No Footprint,0
A00871,Infrastructure,Hybrid,191380
A00871,Database,No Footprint,0
A00871,Analytics & Data,No Footprint,0
A00871,AI & ML,No Footprint,0
A00871,Security,Cloud,1050657
A00871,Applications,On-Premise,1563861
A00871,Integration,Cloud,1785321
A00872,Infrastructure,No Footprint,0
A00872,Database,Cloud,316848
A00872,Analytics & Data,No Footprint,0
A00872,AI & ML,No Footprint,0
A00872,Security,Cloud,3101891
A00872,Applications,On-Premise,243052
A00872,Integration,Cloud,3688355
A00873,Infrastructure,Cloud,140059
A00873,Database,On-Premise,1108183
A00873,Analytics & Data,No Footprint,0
A00873,AI & ML,No Footprint,0
A00873,Security,On-Premise,159846
A00873,Applications,Cloud,1211233
A00873,Integration,Hybrid,5950527
A00874,Infrastructure,On-Premise,1640285
A00874,Database,Hybrid,951650
A00874,Analytics & Data,No Footprint,0
A00874,AI & ML,Cloud,1036582
A00874,Security,Cloud,356834
A00874,Applications,No Footprint,0
A00874,Integration,No Footprint,0
A00875,Infrastructure,On-Premise,347012
A00875,Database,On-Premise,425994
A00875,Analytics & Data,No Footprint,0
A00875,AI & ML,No Footprint,0
A00875,Security,Cloud,1220942
A00875,Applications,Cloud,431375
A00875,Integration,Hybrid,1197237
A00876,Infrastructure,Cloud,744682
A00876,Database,No Footprint,0
A00876,Analytics & Data,Cloud,807476
A00876,AI & ML,No Footprint,0
A00876,Security,No Footprint,0
A00876,Applications,Cloud,1488424
A00876,Integration,Cloud,239922
A00877,Infrastructure,No Footprint,0
A00877,Database,No Footprint,0
A00877,Analytics & Data,Cloud,1406484
A00877,AI & ML,Cloud,963511
A00877,Security,Cloud,936316
A00877,Applications,No Footprint,0
A00877,Integration,Hybrid,205848
A00878,Infrastructure,Hybrid,226706
A00878,Database,On-Premise,448640
A00878,Analytics & Data,No Footprint,0
A00878,AI & ML,Cloud,644812
A00878,Security,On-Premise,1130740
A00878,Applications,No Footprint,0
A00878,Integration,No Footprint,0
A00879,Infrastructure,On-Premise,1187146
A00879,Database,Hybrid,1420938
A00879,Analytics & Data,Cloud,84866
A00879,AI & ML,Cloud,444234
A00879,Security,No Footprint,0
A00879,Applications,Cloud,347438
A00879,Integration,Cloud,260417
A00880,Infrastructure,No Footprint,0
A00880,Database,No Footprint,0
A00880,Analytics & Data,Hybrid,1383677
A00880,AI & ML,Cloud,1266999
A00880,Security,Cloud,500206
A00880,Applications,Cloud,700565
A00880,Integration,No Footprint,0
A00881,Infrastructure,Cloud,874964
A00881,Database,On-Premise,1104011
A00881,Analytics & Data,No Footprint,0
A00881,AI & ML,Cloud,503052
A00881,Security,Hybrid,396563
A00881,Applications,On-Premise,691005
A00881,Integration,No Footprint,0
A00882,Infrastructure,Cloud,273625
A00882,Database,No Footprint,0
A00882,Analytics & Data,No Footprint,0
A00882,AI & ML,Cloud,1527094
A00882,Security,On-Premise,2825547
A00882,Applications,No Footprint,0
A00882,Integration,No Footprint,0
A00883,Infrastructure,Hybrid,911321
A00883,Database,On-Premise,280930
A00883,Analytics & Data,No Footprint,0
A00883,AI & ML,Cloud,355470
A00883,Security,No Footprint,0
A00883,Applications,Hybrid,389537
A00883,Integration,Hybrid,959299
A00884,Infrastructure,No Footprint,0
A00884,Database,Hybrid,881085
A00884,Analytics & Data,No Footprint,0
A00884,AI & ML,Cloud,668708
A00884,Security,Cloud,1730204
A00884,Applications,On-Premise,615694
A00884,Integration,Cloud,315398
A00885,Infrastructure,Hybrid,1239653
A00885,Database,Hybrid,587474
A00885,Analytics & Data,Cloud,587268
A00885,AI & ML,Cloud,1048422
A00885,Security,Hybrid,1554867
A00885,Applications,No Footprint,0
A00885,Integration,Cloud,139530
A00886,Infrastructure,Hybrid,159527
A00886,Database,No Footprint,0
A00886,Analytics & Data,Hybrid,724004
A00886,AI & ML,Cloud,617771
A00886,Security,No Footprint,0
A00886,Applications,Hybrid,792147
A00886,Integration,Hybrid,453562
A00887,Infrastructure,On-Premise,359823
A00887,Database,On-Premise,190473
A00887,Analytics & Data,Hybrid,758696
A00887,AI & ML,Cloud,1925504
A00887,Security,Cloud,341684
A00887,Applications,No Footprint,0
A00887,Integration,No Footprint,0
A00888,Infrastructure,On-Premise,469279
A00888,Database,No Footprint,0
A00888,Analytics & Data,Cloud,1854958
A00888,AI & ML,Cloud,1076264
A00888,Security,No Footprint,0
A00888,Applications,Hybrid,874622
A00888,Integration,Cloud,574311
A00889,Infrastructure,No Footprint,0
A00889,Database,No Footprint,0
A00889,Analytics & Data,Hybrid,327566
A00889,AI & ML,No Footprint,0
A00889,Security,Hybrid,234069
A00889,Applications,No Footprint,0
A00889,Integration,Hybrid,7072229
A00890,Infrastructure,Hybrid,405366
A00890,Database,No Footprint,0
A00890,Analytics & Data,Cloud,1239413
A00890,AI & ML,Cloud,804881
A00890,Security,No Footprint,0
A00890,Applications,Cloud,493480
A00890,Integration,Hybrid,706695
A00891,Infrastructure,On-Premise,1570232
A00891,Database,No Footprint,0
A00891,Analytics & Data,No Footprint,0
A00891,AI & ML,No Footprint,0
A00891,Security,Cloud,272446
A00891,Applications,Hybrid,3285836
A00891,Integration,Hybrid,1269314
A00892,Infrastructure,No Footprint,0
A00892,Database,On-Premise,262429
A00892,Analytics & Data,No Footprint,0
A00892,AI & ML,No Footprint,0
A00892,Security,On-Premise,405514
A00892,Applications,No Footprint,0
A00892,Integration,Hybrid,2483053
A00893,Infrastructure,No Footprint,0
A00893,Database,On-Premise,585698
A00893,Analytics & Data,Cloud,1100059
A00893,AI & ML,Cloud,811791
A00893,Security,No Footprint,0
A00893,Applications,No Footprint,0
A00893,Integration,Hybrid,1896700
A00894,Infrastructure,On-Premise,155231
A00894,Database,Hybrid,444053
A00894,Analytics & Data,Hybrid,1118224
A00894,AI & ML,No Footprint,0
A00894,Security,Hybrid,885758
A00894,Applications,On-Premise,450554
A00894,Integration,Hybrid,294837
A00895,Infrastructure,On-Premise,314070
A00895,Database,Hybrid,239309
A00895,Analytics & Data,Hybrid,276560
A00895,AI & ML,Cloud,642932
A00895,Security,Hybrid,777821
A00895,Applications,On-Premise,846549
A00895,Integration,Hybrid,1659038
A00896,Infrastructure,On-Premise,949579
A00896,Database,Cloud,1397160
A00896,Analytics & Data,Hybrid,350971
A00896,AI & ML,Cloud,609453
A00896,Security,No Footprint,0
A00896,Applications,Cloud,1086727
A00896,Integration,Hybrid,170338
A00897,Infrastructure,Hybrid,1645841
A00897,Database,No Footprint,0
A00897,Analytics & Data,Hybrid,1431623
A00897,AI & ML,Cloud,734281
A00897,Security,Cloud,1787520
A00897,Applications,Cloud,240176
A00897,Integration,Cloud,476158
A00898,Infrastructure,No Footprint,0
A00898,Database,Hybrid,1338732
A00898,Analytics & Data,Cloud,416698
A00898,AI & ML,Cloud,594270
A00898,Security,No Footprint,0
A00898,Applications,Hybrid,79695
A00898,Integration,Cloud,805973
A00899,Infrastructure,On-Premise,1776363
A00899,Database,No Footprint,0
A00899,Analytics & Data,Cloud,3039654
A00899,AI & ML,Cloud,1622748
A00899,Security,On-Premise,1106026
A00899,Applications,No Footprint,0
A00899,Integration,No Footprint,0
A00900,Infrastructure,No Footprint,0
A00900,Database,Cloud,759836
A00900,Analytics & Data,Hybrid,491756
A00900,AI & ML,No Footprint,0
A00900,Security,Cloud,631179
A00900,Applications,On-Premise,459212
A00900,Integration,Hybrid,181916
A00901,Infrastructure,No Footprint,0
A00901,Database,Hybrid,223185
A00901,Analytics & Data,Hybrid,1945423
A00901,AI & ML,Cloud,609809
A00901,Security,No Footprint,0
A00901,Applications,No Footprint,0
A00901,Integration,Hybrid,706156
A00902,Infrastructure,Cloud,1651054
A00902,Database,On-Premise,1121102
A00902,Analytics & Data,No Footprint,0
A00902,AI & ML,Cloud,916036
A00902,Security,Hybrid,513589
A00902,Applications,On-Premise,2070028
A00902,Integration,No Footprint,0
A00903,Infrastructure,Hybrid,704026
A00903,Database,On-Premise,2046172
A00903,Analytics & Data,Cloud,429535
A00903,AI & ML,No Footprint,0
A00903,Security,On-Premise,194478
A00903,Applications,On-Premise,10720921
A00903,Integration,Hybrid,382766
A00904,Infrastructure,Hybrid,845137
A00904,Database,On-Premise,538788
A00904,Analytics & Data,No Footprint,0
A00904,AI & ML,Cloud,539897
A00904,Security,Hybrid,434701
A00904,Applications,Hybrid,3940180
A00904,Integration,Hybrid,771506
A00905,Infrastructure,No Footprint,0
A00905,Database,On-Premise,534273
A00905,Analytics & Data,No Footprint,0
A00905,AI & ML,No Footprint,0
A00905,Security,Hybrid,316874
A00905,Applications,No Footprint,0
A00905,Integration,Hybrid,1548720
A00906,Infrastructure,On-Premise,494463
A00906,Database,Cloud,4387148
A00906,Analytics & Data,Cloud,1149559
A00906,AI & ML,Cloud,391657
A00906,Security,Cloud,928415
A00906,Applications,Cloud,611734
A00906,Integration,Cloud,366585
A00907,Infrastructure,Hybrid,2152217
A00907,Database,No Footprint,0
A00907,Analytics & Data,Hybrid,420592
A00907,AI & ML,Cloud,740685
A00907,Security,No Footprint,0
A00907,Applications,On-Premise,539092
A00907,Integration,Hybrid,1902705
A00908,Infrastructure,No Footprint,0
A00908,Database,No Footprint,0
A00908,Analytics & Data,Hybrid,1041523
A00908,AI & ML,Cloud,1125877
A00908,Security,On-Premise,597146
A00908,Applications,Cloud,3587746
A00908,Integration,Cloud,2851298
A00909,Infrastructure,No Footprint,0
A00909,Database,On-Premise,3974675
A00909,Analytics & Data,Cloud,87475
A00909,AI & ML,No Footprint,0
A00909,Security,No Footprint,0
A00909,Applications,Cloud,718026
A00909,Integration,Cloud,630700
A00910,Infrastructure,No Footprint,0
A00910,Database,On-Premise,899097
A00910,Analytics & Data,Cloud,875917
A00910,AI & ML,Cloud,454395
A00910,Security,No Footprint,0
A00910,Applications,Cloud,2960088
A00910,Integration,No Footprint,0
A00911,Infrastructure,Cloud,1036056
A00911,Database,No Footprint,0
A00911,Analytics & Data,Cloud,175775
A00911,AI & ML,Cloud,575923
A00911,Security,On-Premise,1616320
A00911,Applications,Cloud,1925347
A00911,Integration,Hybrid,1082168
A00912,Infrastructure,On-Premise,1259230
A00912,Database,No Footprint,0
A00912,Analytics & Data,Cloud,117837
A00912,AI & ML,Cloud,379462
A00912,Security,Hybrid,286558
A00912,Applications,Hybrid,455932
A00912,Integration,No Footprint,0
A00913,Infrastructure,No Footprint,0
A00913,Database,Cloud,379908
A00913,Analytics & Data,Cloud,339658
A00913,AI & ML,Cloud,1117127
A00913,Security,On-Premise,284751
A00913,Applications,On-Premise,299832
A00913,Integration,No Footprint,0
A00914,Infrastructure,Cloud,975708
A00914,Database,On-Premise,1173197
A00914,Analytics & Data,No Footprint,0
A00914,AI & ML,Cloud,762619
A00914,Security,On-Premise,119472
A00914,Applications,No Footprint,0
A00914,Integration,Cloud,912212
A00915,Infrastructure,Hybrid,721217
A00915,Database,Hybrid,251212
A00915,Analytics & Data,Hybrid,5041075
A00915,AI & ML,Cloud,3987330
A00915,Security,Cloud,790038
A00915,Applications,Cloud,345719
A00915,Integration,Hybrid,287757
A00916,Infrastructure,Hybrid,1077808
A00916,Database,No Footprint,0
A00916,Analytics & Data,Cloud,202860
A00916,AI & ML,Cloud,1880063
A00916,Security,No Footprint,0
A00916,Applications,Hybrid,3888389
A00916,Integration,Cloud,391071
A00917,Infrastructure,Cloud,4003324
A00917,Database,No Footprint,0
A00917,Analytics & Data,Hybrid,244597
A00917,AI & ML,Cloud,709244
A00917,Security,No Footprint,0
A00917,Applications,Hybrid,991804
A00917,Integration,Hybrid,770616
A00918,Infrastructure,Cloud,678624
A00918,Database,On-Premise,802484
A00918,Analytics & Data,No Footprint,0
A00918,AI & ML,Cloud,645388
A00918,Security,Cloud,598548
A00918,Applications,On-Premise,295563
A00918,Integration,Cloud,1106538
A00919,Infrastructure,Cloud,967711
A00919,Database,Cloud,801078
A00919,Analytics & Data,No Footprint,0
A00919,AI & ML,Cloud,697861
A00919,Security,Hybrid,367166
A00919,Applications,On-Premise,2851426
A00919,Integration,No Footprint,0
A00920,Infrastructure,On-Premise,3950142
A00920,Database,On-Premise,874763
A00920,Analytics & Data,Hybrid,2006929
A00920,AI & ML,Cloud,315635
A00920,Security,Cloud,681632
A00920,Applications,Cloud,696203
A00920,Integration,Hybrid,790777
A00921,Infrastructure,Hybrid,632727
A00921,Database,Hybrid,236526
A00921,Analytics & Data,Hybrid,290944
A00921,AI & ML,Cloud,984314
A00921,Security,No Footprint,0
A00921,Applications,On-Premise,2366420
A00921,Integration,Hybrid,1348206
A00922,Infrastructure,On-Premise,392181
A00922,Database,Cloud,1050631
A00922,Analytics & Data,Hybrid,2461443
A00922,AI & ML,Cloud,391832
A00922,Security,Hybrid,1335704
A00922,Applications,On-Premise,248321
A00922,Integration,Cloud,233888
A00923,Infrastructure,Cloud,1383174
A00923,Database,Hybrid,400690
A00923,Analytics & Data,Cloud,1863767
A00923,AI & ML,Cloud,1712104
A00923,Security,No Footprint,0
A00923,Applications,No Footprint,0
A00923,Integration,Hybrid,1509553
A00924,Infrastructure,Cloud,333864
A00924,Database,Hybrid,515673
A00924,Analytics & Data,Hybrid,475611
A00924,AI & ML,No Footprint,0
A00924,Security,On-Premise,1643978
A00924,Applications,Cloud,4327417
A00924,Integration,No Footprint,0
A00925,Infrastructure,No Footprint,0
A00925,Database,On-Premise,721909
A00925,Analytics & Data,Cloud,286268
A00925,AI & ML,No Footprint,0
A00925,Security,Cloud,1157557
A00925,Applications,On-Premise,1169297
A00925,Integration,Hybrid,848927
A00926,Infrastructure,Hybrid,256901
A00926,Database,On-Premise,284093
A00926,Analytics & Data,No Footprint,0
A00926,AI & ML,Cloud,259207
A00926,Security,Hybrid,2148351
A00926,Applications,No Footprint,0
A00926,Integration,Cloud,876094
A00927,Infrastructure,Hybrid,1029252
A00927,Database,Hybrid,905994
A00927,Analytics & Data,No Footprint,0
A00927,AI & ML,Cloud,294105
A00927,Security,Cloud,1239480
A00927,Applications,No Footprint,0
A00927,Integration,Hybrid,4626417
A00928,Infrastructure,Cloud,476525
A00928,Database,No Footprint,0
A00928,Analytics & Data,Cloud,535413
A00928,AI & ML,No Footprint,0
A00928,Security,No Footprint,0
A00928,Applications,On-Premise,666259
A00928,Integration,No Footprint,0
A00929,Infrastructure,Hybrid,521202
A00929,Database,On-Premise,2126940
A00929,Analytics & Data,Hybrid,714790
A00929,AI & ML,Cloud,1940877
A00929,Security,No Footprint,0
A00929,Applications,On-Premise,2288993
A00929,Integration,Hybrid,636733
A00930,Infrastructure,On-Premise,438493
A00930,Database,No Footprint,0
A00930,Analytics & Data,Cloud,1171030
A00930,AI & ML,No Footprint,0
A00930,Security,No Footprint,0
A00930,Applications,Hybrid,272495
A00930,Integration,Cloud,1457916
A00931,Infrastructure,No Footprint,0
A00931,Database,Hybrid,297886
A00931,Analytics & Data,Cloud,633474
A00931,AI & ML,Cloud,1125586
A00931,Security,Hybrid,2326066
A00931,Applications,Hybrid,1420446
A00931,Integration,Hybrid,1091845
A00932,Infrastructure,No Footprint,0
A00932,Database,Cloud,595247
A00932,Analytics & Data,No Footprint,0
A00932,AI & ML,No Footprint,0
A00932,Security,Hybrid,465570
A00932,Applications,On-Premise,2187568
A00932,Integration,Hybrid,211815
A00933,Infrastructure,No Footprint,0
A00933,Database,Hybrid,377255
A00933,Analytics & Data,Hybrid,3277690
A00933,AI & ML,No Footprint,0
A00933,Security,No Footprint,0
A00933,Applications,On-Premise,1654685
A00933,Integration,Cloud,2336883
A00934,Infrastructure,No Footprint,0
A00934,Database,Cloud,408976
A00934,Analytics & Data,Hybrid,800621
A00934,AI & ML,Cloud,1154174
A00934,Security,No Footprint,0
A00934,Applications,Hybrid,2012585
A00934,Integration,No Footprint,0
A00935,Infrastructure,On-Premise,555663
A00935,Database,Cloud,1569001
A00935,Analytics & Data,Cloud,248638
A00935,AI & ML,Cloud,690746
A00935,Security,Cloud,1227252
A00935,Applications,On-Premise,284303
A00935,Integration,Hybrid,404347
A00936,Infrastructure,No Footprint,0
A00936,Database,On-Premise,966992
A00936,Analytics & Data,No Footprint,0
A00936,AI & ML,Cloud,798720
A00936,Security,On-Premise,1048524
A00936,Applications,Hybrid,2159680
A00936,Integration,Hybrid,1092723
A00937,Infrastructure,On-Premise,127109
A00937,Database,On-Premise,3224663
A00937,Analytics & Data,Hybrid,2787996
A00937,AI & ML,No Footprint,0
A00937,Security,Cloud,469460
A00937,Applications,No Footprint,0
A00937,Integration,Hybrid,710554
A00938,Infrastructure,Hybrid,1424122
A00938,Database,Cloud,1043577
A00938,Analytics & Data,Hybrid,1232940
A00938,AI & ML,Cloud,1534233
A00938,Security,On-Premise,681454
A00938,Applications,No Footprint,0
A00938,Integration,Cloud,1061660
A00939,Infrastructure,No Footprint,0
A00939,Database,Hybrid,677389
A00939,Analytics & Data,No Footprint,0
A00939,AI & ML,Cloud,300600
A00939,Security,Cloud,207375
A00939,Applications,No Footprint,0
A00939,Integration,Hybrid,532990
A00940,Infrastructure,On-Premise,1013805
A00940,Database,Cloud,122778
A00940,Analytics & Data,Hybrid,163290
A00940,AI & ML,No Footprint,0
A00940,Security,No Footprint,0
A00940,Applications,Hybrid,4839413
A00940,Integration,Hybrid,384206
A00941,Infrastructure,No Footprint,0
A00941,Database,Cloud,478777
A00941,Analytics & Data,No Footprint,0
A00941,AI & ML,No Footprint,0
A00941,Security,No Footprint,0
A00941,Applications,No Footprint,0
A00941,Integration,Cloud,719136
A00942,Infrastructure,No Footprint,0
A00942,Database,Hybrid,719811
A00942,Analytics & Data,Cloud,404906
A00942,AI & ML,No Footprint,0
A00942,Security,Hybrid,224797
A00942,Applications,Hybrid,400385
A00942,Integration,Cloud,2846057
A00943,Infrastructure,Hybrid,1982232
A00943,Database,On-Premise,894670
A00943,Analytics & Data,No Footprint,0
A00943,AI & ML,No Footprint,0
A00943,Security,On-Premise,1587207
A00943,Applications,Hybrid,134568
A00943,Integration,Hybrid,770817
A00944,Infrastructure,Cloud,444052
A00944,Database,On-Premise,128171
A00944,Analytics & Data,Hybrid,2649447
A00944,AI & ML,No Footprint,0
A00944,Security,No Footprint,0
A00944,Applications,Hybrid,574819
A00944,Integration,Cloud,525651
A00945,Infrastructure,On-Premise,1117503
A00945,Database,Cloud,2188785
A00945,Analytics & Data,Cloud,1252352
A00945,AI & ML,No Footprint,0
A00945,Security,On-Premise,703889
A00945,Applications,Cloud,291269
A00945,Integration,Cloud,228056
A00946,Infrastructure,On-Premise,629931
A00946,Database,Hybrid,1248546
A00946,Analytics & Data,Cloud,436567
A00946,AI & ML,Cloud,1296398
A00946,Security,On-Premise,790882
A00946,Applications,Hybrid,505223
A00946,Integration,Cloud,419559
A00947,Infrastructure,On-Premise,1773970
A00947,Database,On-Premise,1986279
A00947,Analytics & Data,No Footprint,0
A00947,AI & ML,Cloud,460352
A00947,Security,No Footprint,0
A00947,Applications,Cloud,3838623
A00947,Integration,Hybrid,332059
A00948,Infrastructure,No Footprint,0
A00948,Database,On-Premise,1390034
A00948,Analytics & Data,No Footprint,0
A00948,AI & ML,Cloud,1490904
A00948,Security,Cloud,787803
A00948,Applications,On-Premise,189013
A00948,Integration,No Footprint,0
A00949,Infrastructure,On-Premise,397657
A00949,Database,No Footprint,0
A00949,Analytics & Data,No Footprint,0
A00949,AI & ML,Cloud,426765
A00949,Security,On-Premise,271463
A00949,Applications,On-Premise,157886
A00949,Integration,No Footprint,0
A00950,Infrastructure,Cloud,997659
A00950,Database,Hybrid,333553
A00950,Analytics & Data,Cloud,697603
A00950,AI & ML,Cloud,1244301
A00950,Security,Cloud,269736
A00950,Applications,Cloud,1139941
A00950,Integration,Cloud,454485
A00951,Infrastructure,On-Premise,2213372
A00951,Database,Hybrid,755084
A00951,Analytics & Data,Cloud,148332
A00951,AI & ML,No Footprint,0
A00951,Security,Hybrid,1196653
A00951,Applications,On-Premise,654221
A00951,Integration,Cloud,867148
A00952,Infrastructure,On-Premise,1356274
A00952,Database,No Footprint,0
A00952,Analytics & Data,No Footprint,0
A00952,AI & ML,Cloud,587250
A00952,Security,On-Premise,103346
A00952,Applications,Cloud,309432
A00952,Integration,Cloud,1989478
A00953,Infrastructure,No Footprint,0
A00953,Database,Cloud,1706738
A00953,Analytics & Data,Hybrid,1712941
A00953,AI & ML,No Footprint,0
A00953,Security,On-Premise,869872
A00953,Applications,Hybrid,300411
A00953,Integration,Cloud,467954
A00954,Infrastructure,Cloud,1870582
A00954,Database,Hybrid,316902
A00954,Analytics & Data,Hybrid,710940
A00954,AI & ML,No Footprint,0
A00954,Security,No Footprint,0
A00954,Applications,Hybrid,911064
A00954,Integration,Hybrid,1326190
A00955,Infrastructure,Cloud,1432658
A00955,Database,Hybrid,457392
A00955,Analytics & Data,Hybrid,2581882
A00955,AI & ML,Cloud,1742117
A00955,Security,No Footprint,0
A00955,Applications,On-Premise,2111388
A00955,Integration,Cloud,517782
A00956,Infrastructure,Cloud,575084
A00956,Database,Cloud,493393
A00956,Analytics & Data,No Footprint,0
A00956,AI & ML,Cloud,476080
A00956,Security,Cloud,953380
A00956,Applications,No Footprint,0
A00956,Integration,Hybrid,524693
A00957,Infrastructure,Hybrid,2197921
A00957,Database,Cloud,369892
A00957,Analytics & Data,Cloud,967413
A00957,AI & ML,No Footprint,0
A00957,Security,Hybrid,754203
A00957,Applications,No Footprint,0
A00957,Integration,Hybrid,415322
A00958,Infrastructure,On-Premise,974534
A00958,Database,Hybrid,141102
A00958,Analytics & Data,Hybrid,442745
A00958,AI & ML,Cloud,886616
A00958,Security,No Footprint,0
A00958,Applications,Hybrid,794225
A00958,Integration,No Footprint,0
A00959,Infrastructure,Cloud,1150610
A00959,Database,On-Premise,1204271
A00959,Analytics & Data,No Footprint,0
A00959,AI & ML,No Footprint,0
A00959,Security,No Footprint,0
A00959,Applications,No Footprint,0
A00959,Integration,No Footprint,0
A00960,Infrastructure,No Footprint,0
A00960,Database,On-Premise,3374335
A00960,Analytics & Data,Cloud,330371
A00960,AI & ML,Cloud,718275
A00960,Security,Hybrid,892019
A00960,Applications,No Footprint,0
A00960,Integration,Cloud,668119
A00961,Infrastructure,Hybrid,233432
A00961,Database,No Footprint,0
A00961,Analytics & Data,No Footprint,0
A00961,AI & ML,No Footprint,0
A00961,Security,No Footprint,0
A00961,Applications,On-Premise,708945
A00961,Integration,Hybrid,626001
A00962,Infrastructure,On-Premise,590855
A00962,Database,Cloud,322169
A00962,Analytics & Data,Cloud,6769304
A00962,AI & ML,No Footprint,0
A00962,Security,Cloud,3209808
A00962,Applications,No Footprint,0
A00962,Integration,Hybrid,536183
A00963,Infrastructure,No Footprint,0
A00963,Database,Cloud,739616
A00963,Analytics & Data,Cloud,217092
A00963,AI & ML,No Footprint,0
A00963,Security,On-Premise,1352998
A00963,Applications,On-Premise,663702
A00963,Integration,Cloud,756453
A00964,Infrastructure,Cloud,559742
A00964,Database,Cloud,292171
A00964,Analytics & Data,Cloud,1053165
A00964,AI & ML,No Footprint,0
A00964,Security,On-Premise,488978
A00964,Applications,Cloud,4280355
A00964,Integration,No Footprint,0
A00965,Infrastructure,On-Premise,942929
A00965,Database,No Footprint,0
A00965,Analytics & Data,No Footprint,0
A00965,AI & ML,No Footprint,0
A00965,Security,Cloud,1392682
A00965,Applications,Hybrid,741506
A00965,Integration,Cloud,323101
A00966,Infrastructure,Hybrid,1509072
A00966,Database,Hybrid,443872
A00966,Analytics & Data,Cloud,2150882
A00966,AI & ML,No Footprint,0
A00966,Security,On-Premise,2898761
A00966,Applications,Hybrid,415530
A00966,Integration,Cloud,707242
A00967,Infrastructure,On-Premise,408847
A00967,Database,Hybrid,262535
A00967,Analytics & Data,Cloud,602445
A00967,AI & ML,No Footprint,0
A00967,Security,Hybrid,1326924
A00967,Applications,On-Premise,635385
A00967,Integration,No Footprint,0
A00968,Infrastructure,Cloud,810723
A00968,Database,Cloud,1722645
A00968,Analytics & Data,Cloud,147200
A00968,AI & ML,Cloud,1679657
A00968,Security,No Footprint,0
A00968,Applications,On-Premise,358744
A00968,Integration,Hybrid,400673
A00969,Infrastructure,On-Premise,462210
A00969,Database,No Footprint,0
A00969,Analytics & Data,No Footprint,0
A00969,AI & ML,No Footprint,0
A00969,Security,No Footprint,0
A00969,Applications,Hybrid,148271
A00969,Integration,Cloud,1839430
A00970,Infrastructure,On-Premise,468847
A00970,Database,Cloud,558340
A00970,Analytics & Data,Cloud,491794
A00970,AI & ML,Cloud,2119637
A00970,Security,No Footprint,0
A00970,Applications,On-Premise,2344252
A00970,Integration,Hybrid,437334
A00971,Infrastructure,On-Premise,536140
A00971,Database,No Footprint,0
A00971,Analytics & Data,Hybrid,901334
A00971,AI & ML,Cloud,1814282
A00971,Security,No Footprint,0
A00971,Applications,On-Premise,431271
A00971,Integration,Hybrid,631510
A00972,Infrastructure,No Footprint,0
A00972,Database,Hybrid,2905846
A00972,Analytics & Data,No Footprint,0
A00972,AI & ML,Cloud,626131
A00972,Security,No Footprint,0
A00972,Applications,No Footprint,0
A00972,Integration,Hybrid,238400
A00973,Infrastructure,Hybrid,541109
A00973,Database,On-Premise,321335
A00973,Analytics & Data,Cloud,426420
A00973,AI & ML,Cloud,185843
A00973,Security,No Footprint,0
A00973,Applications,On-Premise,589142
A00973,Integration,Hybrid,144380
A00974,Infrastructure,Hybrid,973689
A00974,Database,Cloud,1217772
A00974,Analytics & Data,Hybrid,896210
A00974,AI & ML,Cloud,854452
A00974,Security,No Footprint,0
A00974,Applications,Cloud,1708005
A00974,Integration,Hybrid,509054
A00975,Infrastructure,No Footprint,0
A00975,Database,Cloud,445446
A00975,Analytics & Data,Hybrid,459179
A00975,AI & ML,Cloud,2012743
A00975,Security,On-Premise,521014
A00975,Applications,No Footprint,0
A00975,Integration,Cloud,2610853
A00976,Infrastructure,No Footprint,0
A00976,Database,No Footprint,0
A00976,Analytics & Data,No Footprint,0
A00976,AI & ML,Cloud,3374078
A00976,Security,No Footprint,0
A00976,Applications,No Footprint,0
A00976,Integration,Cloud,239284
A00977,Infrastructure,On-Premise,79977
A00977,Database,Cloud,588954
A00977,Analytics & Data,Cloud,2318974
A00977,AI & ML,No Footprint,0
A00977,Security,Hybrid,512772
A00977,Applications,Hybrid,515440
A00977,Integration,Hybrid,543489
A00978,Infrastructure,No Footprint,0
A00978,Database,No Footprint,0
A00978,Analytics & Data,Hybrid,1961555
A00978,AI & ML,No Footprint,0
A00978,Security,On-Premise,1989655
A00978,Applications,No Footprint,0
A00978,Integration,Hybrid,1569480
A00979,Infrastructure,On-Premise,926428
A00979,Database,Hybrid,1076503
A00979,Analytics & Data,Cloud,948354
A00979,AI & ML,Cloud,459759
A00979,Security,On-Premise,1190547
A00979,Applications,No Footprint,0
A00979,Integration,No Footprint,0
A00980,Infrastructure,On-Premise,919867
A00980,Database,On-Premise,137270
A00980,Analytics & Data,Cloud,344911
A00980,AI & ML,Cloud,260816
A00980,Security,Hybrid,256002
A00980,Applications,Hybrid,1050799
A00980,Integration,Cloud,447929
A00981,Infrastructure,Cloud,889272
A00981,Database,Cloud,579977
A00981,Analytics & Data,Hybrid,2551925
A00981,AI & ML,No Footprint,0
A00981,Security,Hybrid,1129985
A00981,Applications,No Footprint,0
A00981,Integration,Hybrid,1420995
A00982,Infrastructure,On-Premise,586825
A00982,Database,On-Premise,3576138
A00982,Analytics & Data,Cloud,1916697
A00982,AI & ML,No Footprint,0
A00982,Security,On-Premise,213456
A00982,Applications,On-Premise,478508
A00982,Integration,No Footprint,0
A00983,Infrastructure,Hybrid,719299
A00983,Database,On-Premise,1024612
A00983,Analytics & Data,Cloud,374362
A00983,AI & ML,Cloud,1979398
A00983,Security,Cloud,998337
A00983,Applications,Hybrid,1574920
A00983,Integration,No Footprint,0
A00984,Infrastructure,Hybrid,348014
A00984,Database,No Footprint,0
A00984,Analytics & Data,No Footprint,0
A00984,AI & ML,No Footprint,0
A00984,Security,No Footprint,0
A00984,Applications,Cloud,936813
A00984,Integration,Cloud,2128057
A00985,Infrastructure,On-Premise,1354985
A00985,Database,On-Premise,2088866
A00985,Analytics & Data,Hybrid,754018
A00985,AI & ML,Cloud,810497
A00985,Security,Hybrid,1759918
A00985,Applications,On-Premise,895075
A00985,Integration,Hybrid,475176
A00986,Infrastructure,No Footprint,0
A00986,Database,On-Premise,1125674
A00986,Analytics & Data,Hybrid,490097
A00986,AI & ML,Cloud,1548656
A00986,Security,Hybrid,1909583
A00986,Applications,No Footprint,0
A00986,Integration,Cloud,970564
A00987,Infrastructure,Cloud,117121
A00987,Database,Hybrid,229302
A00987,Analytics & Data,Hybrid,602645
A00987,AI & ML,No Footprint,0
A00987,Security,Hybrid,296717
A00987,Applications,No Footprint,0
A00987,Integration,Hybrid,175758
A00988,Infrastructure,Cloud,311015
A00988,Database,Hybrid,1602206
A00988,Analytics & Data,Hybrid,2178370
A00988,AI & ML,No Footprint,0
A00988,Security,No Footprint,0
A00988,Applications,On-Premise,534500
A00988,Integration,Hybrid,1416089
A00989,Infrastructure,On-Premise,4099689
A00989,Database,No Footprint,0
A00989,Analytics & Data,No Footprint,0
A00989,AI & ML,No Footprint,0
A00989,Security,On-Premise,949178
A00989,Applications,On-Premise,1012833
A00989,Integration,Hybrid,397545
A00990,Infrastructure,Hybrid,356385
A00990,Database,Cloud,621975
A00990,Analytics & Data,Cloud,123436
A00990,AI & ML,Cloud,2370498
A00990,Security,Cloud,803851
A00990,Applications,No Footprint,0
A00990,Integration,No Footprint,0
A00991,Infrastructure,Hybrid,242860
A00991,Database,Hybrid,537417
A00991,Analytics & Data,No Footprint,0
A00991,AI & ML,No Footprint,0
A00991,Security,Cloud,254145
A00991,Applications,On-Premise,1580577
A00991,Integration,Cloud,512323
A00992,Infrastructure,On-Premise,515142
A00992,Database,Cloud,1615135
A00992,Analytics & Data,Cloud,1887704
A00992,AI & ML,Cloud,1174322
A00992,Security,No Footprint,0
A00992,Applications,No Footprint,0
A00992,Integration,Cloud,481533
A00993,Infrastructure,On-Premise,610967
A00993,Database,Cloud,493862
A00993,Analytics & Data,No Footprint,0
A00993,AI & ML,Cloud,1020687
A00993,Security,Hybrid,384342
A00993,Applications,On-Premise,1397992
A00993,Integration,Cloud,1023651
A00994,Infrastructure,On-Premise,595847
A00994,Database,Cloud,757843
A00994,Analytics & Data,No Footprint,0
A00994,AI & ML,Cloud,377260
A00994,Security,Hybrid,494201
A00994,Applications,Hybrid,753498
A00994,Integration,Hybrid,788847
A00995,Infrastructure,On-Premise,1427471
A00995,Database,Hybrid,636279
A00995,Analytics & Data,Cloud,242986
A00995,AI & ML,No Footprint,0
A00995,Security,On-Premise,6857439
A00995,Applications,On-Premise,2159539
A00995,Integration,Cloud,1661848
A00996,Infrastructure,Hybrid,498081
A00996,Database,On-Premise,1277844
A00996,Analytics & Data,Hybrid,427593
A00996,AI & ML,Cloud,273810
A00996,Security,On-Premise,891597
A00996,Applications,Hybrid,227643
A00996,Integration,No Footprint,0
A00997,Infrastructure,Hybrid,2314578
A00997,Database,No Footprint,0
A00997,Analytics & Data,No Footprint,0
A00997,AI & ML,No Footprint,0
A00997,Security,Hybrid,1202500
A00997,Applications,Hybrid,496208
A00997,Integration,Cloud,1410489
A00998,Infrastructure,No Footprint,0
A00998,Database,No Footprint,0
A00998,Analytics & Data,Hybrid,323336
A00998,AI & ML,Cloud,260687
A00998,Security,Cloud,7718682
A00998,Applications,Cloud,1410988
A00998,Integration,Hybrid,308163
A00999,Infrastructure,No Footprint,0
A00999,Database,On-Premise,493388
A00999,Analytics & Data,Hybrid,521701
A00999,AI & ML,No Footprint,0
A00999,Security,Cloud,485952
A00999,Applications,No Footprint,0
A00999,Integration,Hybrid,369760
A01000,Infrastructure,No Footprint,0
A01000,Database,On-Premise,979706
A01000,Analytics & Data,No Footprint,0
A01000,AI & ML,No Footprint,0
A01000,Security,No Footprint,0
A01000,Applications,On-Premise,213850
A01000,Integration,No Footprint,0
A01001,Infrastructure,Cloud,1815466
A01001,Database,No Footprint,0
A01001,Analytics & Data,Hybrid,1079763
A01001,AI & ML,Cloud,1115864
A01001,Security,Hybrid,1455148
A01001,Applications,Hybrid,1075858
A01001,Integration,Cloud,665418
A01002,Infrastructure,On-Premise,800984
A01002,Database,On-Premise,1336338
A01002,Analytics & Data,Cloud,1106504
A01002,AI & ML,No Footprint,0
A01002,Security,Hybrid,2908160
A01002,Applications,Hybrid,185911
A01002,Integration,Hybrid,315887
A01003,Infrastructure,Hybrid,931542
A01003,Database,No Footprint,0
A01003,Analytics & Data,No Footprint,0
A01003,AI & ML,Cloud,3052808
A01003,Security,On-Premise,648856
A01003,Applications,Hybrid,324499
A01003,Integration,No Footprint,0
A01004,Infrastructure,Hybrid,305762
A01004,Database,No Footprint,0
A01004,Analytics & Data,Hybrid,1836958
A01004,AI & ML,Cloud,341771
A01004,Security,On-Premise,435880
A01004,Applications,No Footprint,0
A01004,Integration,Hybrid,803221
A01005,Infrastructure,Hybrid,2934484
A01005,Database,On-Premise,669706
A01005,Analytics & Data,Hybrid,1332635
A01005,AI & ML,Cloud,902984
A01005,Security,Hybrid,1954527
A01005,Applications,Hybrid,673553
A01005,Integration,Cloud,579430
A01006,Infrastructure,No Footprint,0
A01006,Database,No Footprint,0
A01006,Analytics & Data,No Footprint,0
A01006,AI & ML,Cloud,941787
A01006,Security,Cloud,519364
A01006,Applications,Hybrid,792184
A01006,Integration,Cloud,1191862
A01007,Infrastructure,No Footprint,0
A01007,Database,No Footprint,0
A01007,Analytics & Data,No Footprint,0
A01007,AI & ML,Cloud,476360
A01007,Security,Cloud,3274205
A01007,Applications,On-Premise,469550
A01007,Integration,No Footprint,0
A01008,Infrastructure,No Footprint,0
A01008,Database,On-Premise,2169000
A01008,Analytics & Data,Cloud,336748
A01008,AI & ML,Cloud,3136083
A01008,Security,On-Premise,1054557
A01008,Applications,Cloud,1019691
A01008,Integration,Cloud,2297637
A01009,Infrastructure,On-Premise,1809830
A01009,Database,Cloud,163117
A01009,Analytics & Data,No Footprint,0
A01009,AI & ML,Cloud,1939923
A01009,Security,On-Premise,690277
A01009,Applications,Cloud,811412
A01009,Integration,No Footprint,0
A01010,Infrastructure,Hybrid,595449
A01010,Database,Hybrid,780973
A01010,Analytics & Data,No Footprint,0
A01010,AI & ML,Cloud,3677168
A01010,Security,No Footprint,0
A01010,Applications,Hybrid,673762
A01010,Integration,No Footprint,0
A01011,Infrastructure,Cloud,536419
A01011,Database,Cloud,265052
A01011,Analytics & Data,Cloud,4519391
A01011,AI & ML,Cloud,299303
A01011,Security,Hybrid,2589254
A01011,Applications,No Footprint,0
A01011,Integration,Hybrid,550118
A01012,Infrastructure,No Footprint,0
A01012,Database,On-Premise,1023470
A01012,Analytics & Data,Hybrid,1779149
A01012,AI & ML,No Footprint,0
A01012,Security,Hybrid,2198210
A01012,Applications,Hybrid,250565
A01012,Integration,Cloud,520813
A01013,Infrastructure,Hybrid,1242714
A01013,Database,No Footprint,0
A01013,Analytics & Data,Cloud,680912
A01013,AI & ML,Cloud,877514
A01013,Security,Hybrid,976867
A01013,Applications,Hybrid,823159
A01013,Integration,No Footprint,0
A01014,Infrastructure,On-Premise,1023489
A01014,Database,No Footprint,0
A01014,Analytics & Data,Cloud,4285181
A01014,AI & ML,Cloud,448935
A01014,Security,No Footprint,0
A01014,Applications,No Footprint,0
A01014,Integration,No Footprint,0
A01015,Infrastructure,On-Premise,1603267
A01015,Database,On-Premise,372754
A01015,Analytics & Data,Hybrid,515070
A01015,AI & ML,Cloud,777315
A01015,Security,On-Premise,565240
A01015,Applications,No Footprint,0
A01015,Integration,Cloud,297211
A01016,Infrastructure,Hybrid,229603
A01016,Database,On-Premise,578203
A01016,Analytics & Data,No Footprint,0
A01016,AI & ML,Cloud,867735
A01016,Security,On-Premise,962759
A01016,Applications,On-Premise,303427
A01016,Integration,Cloud,261861
A01017,Infrastructure,No Footprint,0
A01017,Database,No Footprint,0
A01017,Analytics & Data,Hybrid,425691
A01017,AI & ML,Cloud,2270019
A01017,Security,Hybrid,688283
A01017,Applications,On-Premise,5023292
A01017,Integration,Cloud,632832
A01018,Infrastructure,Hybrid,1136786
A01018,Database,Hybrid,1829884
A01018,Analytics & Data,Cloud,779929
A01018,AI & ML,Cloud,342019
A01018,Security,No Footprint,0
A01018,Applications,No Footprint,0
A01018,Integration,Cloud,1291746
A01019,Infrastructure,Cloud,1507050
A01019,Database,Hybrid,664949
A01019,Analytics & Data,No Footprint,0
A01019,AI & ML,No Footprint,0
A01019,Security,Hybrid,947313
A01019,Applications,Hybrid,147122
A01019,Integration,Cloud,653953
A01020,Infrastructure,No Footprint,0
A01020,Database,On-Premise,826622
A01020,Analytics & Data,Hybrid,90830
A01020,AI & ML,Cloud,1853628
A01020,Security,On-Premise,425124
A01020,Applications,Hybrid,521585
A01020,Integration,Hybrid,479667
A01021,Infrastructure,Cloud,1194507
A01021,Database,No Footprint,0
A01021,Analytics & Data,Hybrid,548867
A01021,AI & ML,No Footprint,0
A01021,Security,Cloud,185111
A01021,Applications,No Footprint,0
A01021,Integration,Hybrid,2017063
A01022,Infrastructure,Cloud,146676
A01022,Database,No Footprint,0
A01022,Analytics & Data,Hybrid,313565
A01022,AI & ML,Cloud,654563
A01022,Security,Hybrid,995430
A01022,Applications,Cloud,284164
A01022,Integration,Hybrid,543063
A01023,Infrastructure,On-Premise,329534
A01023,Database,No Footprint,0
A01023,Analytics & Data,Hybrid,1171092
A01023,AI & ML,No Footprint,0
A01023,Security,No Footprint,0
A01023,Applications,Hybrid,2020407
A01023,Integration,No Footprint,0
A01024,Infrastructure,Hybrid,2120803
A01024,Database,No Footprint,0
A01024,Analytics & Data,Cloud,1101415
A01024,AI & ML,Cloud,1063449
A01024,Security,On-Premise,1239676
A01024,Applications,No Footprint,0
A01024,Integration,Hybrid,551700
A01025,Infrastructure,Cloud,654906
A01025,Database,Cloud,299988
A01025,Analytics & Data,Hybrid,907401
A01025,AI & ML,Cloud,1798648
A01025,Security,On-Premise,209810
A01025,Applications,On-Premise,2785293
A01025,Integration,Hybrid,768687
A01026,Infrastructure,On-Premise,2804288
A01026,Database,Hybrid,4684447
A01026,Analytics & Data,Hybrid,744883
A01026,AI & ML,No Footprint,0
A01026,Security,Hybrid,1272496
A01026,Applications,Cloud,431373
A01026,Integration,Hybrid,582607
A01027,Infrastructure,On-Premise,621933
A01027,Database,On-Premise,645942
A01027,Analytics & Data,No Footprint,0
A01027,AI & ML,Cloud,199358
A01027,Security,Hybrid,910199
A01027,Applications,On-Premise,485611
A01027,Integration,No Footprint,0
A01028,Infrastructure,No Footprint,0
A01028,Database,Hybrid,1946471
A01028,Analytics & Data,Hybrid,1469017
A01028,AI & ML,Cloud,402447
A01028,Security,Hybrid,427311
A01028,Applications,No Footprint,0
A01028,Integration,Cloud,784731
A01029,Infrastructure,Cloud,684263
A01029,Database,No Footprint,0
A01029,Analytics & Data,Cloud,910707
A01029,AI & ML,Cloud,698014
A01029,Security,No Footprint,0
A01029,Applications,On-Premise,1025390
A01029,Integration,Cloud,802573
A01030,Infrastructure,No Footprint,0
A01030,Database,Hybrid,298067
A01030,Analytics & Data,Cloud,933913
A01030,AI & ML,No Footprint,0
A01030,Security,No Footprint,0
A01030,Applications,Cloud,803296
A01030,Integration,Hybrid,697399
A01031,Infrastructure,No Footprint,0
A01031,Database,Cloud,2568148
A01031,Analytics & Data,No Footprint,0
A01031,AI & ML,Cloud,1136332
A01031,Security,No Footprint,0
A01031,Applications,Cloud,1006461
A01031,Integration,Cloud,807187
A01032,Infrastructure,On-Premise,194083
A01032,Database,Cloud,146878
A01032,Analytics & Data,Hybrid,384896
A01032,AI & ML,Cloud,590816
A01032,Security,Cloud,660889
A01032,Applications,No Footprint,0
A01032,Integration,Cloud,976947
A01033,Infrastructure,On-Premise,5167562
A01033,Database,No Footprint,0
A01033,Analytics & Data,No Footprint,0
A01033,AI & ML,Cloud,1463028
A01033,Security,Cloud,484752
A01033,Applications,No Footprint,0
A01033,Integration,Hybrid,689819
A01034,Infrastructure,No Footprint,0
A01034,Database,On-Premise,561490
A01034,Analytics & Data,No Footprint,0
A01034,AI & ML,No Footprint,0
A01034,Security,On-Premise,1795103
A01034,Applications,Hybrid,337944
A01034,Integration,Cloud,225333
A01035,Infrastructure,No Footprint,0
A01035,Database,On-Premise,717208
A01035,Analytics & Data,Cloud,604639
A01035,AI & ML,No Footprint,0
A01035,Security,Cloud,51935
A01035,Applications,Hybrid,678335
A01035,Integration,Hybrid,821678
A01036,Infrastructure,On-Premise,413825
A01036,Database,On-Premise,488206
A01036,Analytics & Data,Cloud,615520
A01036,AI & ML,Cloud,1123146
A01036,Security,Cloud,332498
A01036,Applications,On-Premise,3313835
A01036,Integration,No Footprint,0
A01037,Infrastructure,Cloud,558230
A01037,Database,On-Premise,1626723
A01037,Analytics & Data,Hybrid,912199
A01037,AI & ML,Cloud,594619
A01037,Security,Hybrid,323275
A01037,Applications,No Footprint,0
A01037,Integration,Hybrid,626784
A01038,Infrastructure,On-Premise,396082
A01038,Database,On-Premise,624690
A01038,Analytics & Data,No Footprint,0
A01038,AI & ML,Cloud,2733830
A01038,Security,No Footprint,0
A01038,Applications,Cloud,995710
A01038,Integration,No Footprint,0
A01039,Infrastructure,Cloud,2162469
A01039,Database,Hybrid,2321857
A01039,Analytics & Data,Cloud,927871
A01039,AI & ML,Cloud,1362397
A01039,Security,Hybrid,3193074
A01039,Applications,Hybrid,253573
A01039,Integration,Hybrid,194241
A01040,Infrastructure,Cloud,1004050
A01040,Database,Cloud,850335
A01040,Analytics & Data,No Footprint,0
A01040,AI & ML,Cloud,2847915
A01040,Security,No Footprint,0
A01040,Applications,On-Premise,801741
A01040,Integration,Cloud,685579
A01041,Infrastructure,Hybrid,114674
A01041,Database,No Footprint,0
A01041,Analytics & Data,Hybrid,130594
A01041,AI & ML,Cloud,305770
A01041,Security,No Footprint,0
A01041,Applications,Cloud,912792
A01041,Integration,Cloud,487787
A01042,Infrastructure,On-Premise,755828
A01042,Database,No Footprint,0
A01042,Analytics & Data,Cloud,435723
A01042,AI & ML,Cloud,1940985
A01042,Security,No Footprint,0
A01042,Applications,On-Premise,547514
A01042,Integration,No Footprint,0
A01043,Infrastructure,On-Premise,704629
A01043,Database,On-Premise,1727374
A01043,Analytics & Data,No Footprint,0
A01043,AI & ML,Cloud,1479114
A01043,Security,No Footprint,0
A01043,Applications,On-Premise,1023752
A01043,Integration,No Footprint,0
A01044,Infrastructure,On-Premise,4634943
A01044,Database,No Footprint,0
A01044,Analytics & Data,Cloud,376392
A01044,AI & ML,Cloud,981136
A01044,Security,Cloud,1233559
A01044,Applications,Hybrid,430176
A01044,Integration,Hybrid,617080
A01045,Infrastructure,Cloud,933929
A01045,Database,No Footprint,0
A01045,Analytics & Data,No Footprint,0
A01045,AI & ML,Cloud,419375
A01045,Security,Hybrid,332138
A01045,Applications,No Footprint,0
A01045,Integration,Cloud,716273
A01046,Infrastructure,No Footprint,0
A01046,Database,No Footprint,0
A01046,Analytics & Data,Hybrid,365654
A01046,AI & ML,No Footprint,0
A01046,Security,Hybrid,751569
A01046,Applications,No Footprint,0
A01046,Integration,Cloud,361340
A01047,Infrastructure,Hybrid,786851
A01047,Database,No Footprint,0
A01047,Analytics & Data,Hybrid,1417337
A01047,AI & ML,Cloud,919682
A01047,Security,No Footprint,0
A01047,Applications,Hybrid,237402
A01047,Integration,No Footprint,0
A01048,Infrastructure,Cloud,479878
A01048,Database,No Footprint,0
A01048,Analytics & Data,Hybrid,547922
A01048,AI & ML,No Footprint,0
A01048,Security,On-Premise,305304
A01048,Applications,No Footprint,0
A01048,Integration,Hybrid,903263
A01049,Infrastructure,No Footprint,0
A01049,Database,No Footprint,0
A01049,Analytics & Data,No Footprint,0
A01049,AI & ML,Cloud,748978
A01049,Security,On-Premise,670236
A01049,Applications,No Footprint,0
A01049,Integration,No Footprint,0
A01050,Infrastructure,No Footprint,0
A01050,Database,On-Premise,524597
A01050,Analytics & Data,Cloud,2401281
A01050,AI & ML,Cloud,1058482
A01050,Security,Hybrid,545710
A01050,Applications,No Footprint,0
A01050,Integration,Cloud,622042
A01051,Infrastructure,Hybrid,543750
A01051,Database,Cloud,1094980
A01051,Analytics & Data,No Footprint,0
A01051,AI & ML,No Footprint,0
A01051,Security,Cloud,316970
A01051,Applications,On-Premise,608329
A01051,Integration,Cloud,278700
A01052,Infrastructure,No Footprint,0
A01052,Database,No Footprint,0
A01052,Analytics & Data,Hybrid,273154
A01052,AI & ML,No Footprint,0
A01052,Security,Hybrid,3175918
A01052,Applications,Hybrid,2306288
A01052,Integration,Cloud,487519
A01053,Infrastructure,On-Premise,328226
A01053,Database,Hybrid,534640
A01053,Analytics & Data,Cloud,2097185
A01053,AI & ML,No Footprint,0
A01053,Security,No Footprint,0
A01053,Applications,On-Premise,844842
A01053,Integration,Hybrid,1509968
A01054,Infrastructure,No Footprint,0
A01054,Database,On-Premise,1661050
A01054,Analytics & Data,No Footprint,0
A01054,AI & ML,Cloud,408043
A01054,Security,No Footprint,0
A01054,Applications,No Footprint,0
A01054,Integration,Hybrid,2245630
A01055,Infrastructure,On-Premise,1060365
A01055,Database,Cloud,215753
A01055,Analytics & Data,No Footprint,0
A01055,AI & ML,Cloud,1455394
A01055,Security,No Footprint,0
A01055,Applications,Hybrid,318276
A01055,Integration,Cloud,281157
A01056,Infrastructure,On-Premise,1214527
A01056,Database,On-Premise,1150639
A01056,Analytics & Data,Cloud,1293614
A01056,AI & ML,Cloud,607423
A01056,Security,On-Premise,320672
A01056,Applications,Hybrid,2056767
A01056,Integration,No Footprint,0
A01057,Infrastructure,No Footprint,0
A01057,Database,Hybrid,383796
A01057,Analytics & Data,Cloud,1832013
A01057,AI & ML,No Footprint,0
A01057,Security,Cloud,618358
A01057,Applications,No Footprint,0
A01057,Integration,Hybrid,2321925
A01058,Infrastructure,No Footprint,0
A01058,Database,On-Premise,1101525
A01058,Analytics & Data,Hybrid,2080334
A01058,AI & ML,Cloud,703333
A01058,Security,On-Premise,1370377
A01058,Applications,No Footprint,0
A01058,Integration,Hybrid,308638
A01059,Infrastructure,No Footprint,0
A01059,Database,On-Premise,552119
A01059,Analytics & Data,Cloud,418022
A01059,AI & ML,Cloud,258807
A01059,Security,No Footprint,0
A01059,Applications,Hybrid,3181832
A01059,Integration,Cloud,1422682
A01060,Infrastructure,No Footprint,0
A01060,Database,Cloud,3001980
A01060,Analytics & Data,Cloud,394763
A01060,AI & ML,Cloud,847325
A01060,Security,Cloud,663300
A01060,Applications,Cloud,211265
A01060,Integration,No Footprint,0
A01061,Infrastructure,Hybrid,165281
A01061,Database,No Footprint,0
A01061,Analytics & Data,Cloud,1454915
A01061,AI & ML,Cloud,890912
A01061,Security,Hybrid,210131
A01061,Applications,No Footprint,0
A01061,Integration,No Footprint,0
A01062,Infrastructure,No Footprint,0
A01062,Database,Hybrid,208368
A01062,Analytics & Data,Hybrid,663562
A01062,AI & ML,Cloud,1589288
A01062,Security,Cloud,1798501
A01062,Applications,No Footprint,0
A01062,Integration,Cloud,282903
A01063,Infrastructure,No Footprint,0
A01063,Database,On-Premise,502826
A01063,Analytics & Data,No Footprint,0
A01063,AI & ML,No Footprint,0
A01063,Security,No Footprint,0
A01063,Applications,On-Premise,199211
A01063,Integration,Hybrid,290612
A01064,Infrastructure,On-Premise,812468
A01064,Database,On-Premise,594639
A01064,Analytics & Data,Hybrid,686480
A01064,AI & ML,Cloud,1122739
A01064,Security,No Footprint,0
A01064,Applications,On-Premise,808883
A01064,Integration,Hybrid,219101
A01065,Infrastructure,On-Premise,372331
A01065,Database,No Footprint,0
A01065,Analytics & Data,Cloud,1787824
A01065,AI & ML,Cloud,3106650
A01065,Security,Hybrid,332087
A01065,Applications,No Footprint,0
A01065,Integration,Cloud,1143388
A01066,Infrastructure,No Footprint,0
A01066,Database,Hybrid,857821
A01066,Analytics & Data,No Footprint,0
A01066,AI & ML,Cloud,1240953
A01066,Security,On-Premise,1459962
A01066,Applications,Hybrid,238341
A01066,Integration,Hybrid,335880
A01067,Infrastructure,Hybrid,964371
A01067,Database,Hybrid,1080616
A01067,Analytics & Data,Hybrid,1989729
A01067,AI & ML,Cloud,448161
A01067,Security,Hybrid,232204
A01067,Applications,On-Premise,1003131
A01067,Integration,Cloud,1124491
A01068,Infrastructure,Hybrid,1698480
A01068,Database,On-Premise,509118
A01068,Analytics & Data,Cloud,520058
A01068,AI & ML,No Footprint,0
A01068,Security,Hybrid,4389601
A01068,Applications,On-Premise,211777
A01068,Integration,Cloud,786226
A01069,Infrastructure,No Footprint,0
A01069,Database,No Footprint,0
A01069,Analytics & Data,Cloud,2713641
A01069,AI & ML,Cloud,872401
A01069,Security,Cloud,1302277
A01069,Applications,Cloud,1630375
A01069,Integration,Cloud,282658
A01070,Infrastructure,Cloud,1094582
A01070,Database,Cloud,233288
A01070,Analytics & Data,No Footprint,0
A01070,AI & ML,Cloud,438053
A01070,Security,On-Premise,3357593
A01070,Applications,On-Premise,1864542
A01070,Integration,No Footprint,0
A01071,Infrastructure,Cloud,2666740
A01071,Database,No Footprint,0
A01071,Analytics & Data,No Footprint,0
A01071,AI & ML,Cloud,658812
A01071,Security,No Footprint,0
A01071,Applications,Cloud,1463523
A01071,Integration,Hybrid,602652
A01072,Infrastructure,On-Premise,1207612
A01072,Database,No Footprint,0
A01072,Analytics & Data,Cloud,933521
A01072,AI & ML,Cloud,485555
A01072,Security,On-Premise,712583
A01072,Applications,On-Premise,370891
A01072,Integration,Cloud,908922
A01073,Infrastructure,Cloud,439035
A01073,Database,No Footprint,0
A01073,Analytics & Data,No Footprint,0
A01073,AI & ML,Cloud,484350
A01073,Security,No Footprint,0
A01073,Applications,No Footprint,0
A01073,Integration,Cloud,1614742
A01074,Infrastructure,Cloud,770336
A01074,Database,Hybrid,1220153
A01074,Analytics & Data,No Footprint,0
A01074,AI & ML,No Footprint,0
A01074,Security,On-Premise,831223
A01074,Applications,On-Premise,1169398
A01074,Integration,Hybrid,915911
A01075,Infrastructure,No Footprint,0
A01075,Database,On-Premise,224296
A01075,Analytics & Data,No Footprint,0
A01075,AI & ML,Cloud,232171
A01075,Security,No Footprint,0
A01075,Applications,No Footprint,0
A01075,Integration,No Footprint,0
A01076,Infrastructure,Hybrid,415017
A01076,Database,Hybrid,1498990
A01076,Analytics & Data,No Footprint,0
A01076,AI & ML,Cloud,1051235
A01076,Security,No Footprint,0
A01076,Applications,Hybrid,224335
A01076,Integration,Hybrid,736059
A01077,Infrastructure,No Footprint,0
A01077,Database,No Footprint,0
A01077,Analytics & Data,Cloud,319601
A01077,AI & ML,Cloud,756483
A01077,Security,Cloud,277096
A01077,Applications,On-Premise,107138
A01077,Integration,Cloud,496828
A01078,Infrastructure,Hybrid,1305919
A01078,Database,On-Premise,373477
A01078,Analytics & Data,Cloud,3741068
A01078,AI & ML,Cloud,259461
A01078,Security,Cloud,396608
A01078,Applications,No Footprint,0
A01078,Integration,Hybrid,888495
A01079,Infrastructure,Cloud,862693
A01079,Database,Hybrid,609627
A01079,Analytics & Data,Hybrid,890596
A01079,AI & ML,Cloud,443218
A01079,Security,Hybrid,206440
A01079,Applications,No Footprint,0
A01079,Integration,Hybrid,725767
A01080,Infrastructure,No Footprint,0
A01080,Database,On-Premise,1009215
A01080,Analytics & Data,No Footprint,0
A01080,AI & ML,Cloud,770732
A01080,Security,On-Premise,1216233
A01080,Applications,On-Premise,1192167
A01080,Integration,No Footprint,0
A01081,Infrastructure,No Footprint,0
A01081,Database,On-Premise,579307
A01081,Analytics & Data,Cloud,507508
A01081,AI & ML,Cloud,352131
A01081,Security,On-Premise,851882
A01081,Applications,No Footprint,0
A01081,Integration,Cloud,1244571
A01082,Infrastructure,On-Premise,544595
A01082,Database,Cloud,557174
A01082,Analytics & Data,No Footprint,0
A01082,AI & ML,Cloud,757638
A01082,Security,Hybrid,708779
A01082,Applications,Cloud,1401507
A01082,Integration,Cloud,316979
A01083,Infrastructure,Hybrid,193305
A01083,Database,No Footprint,0
A01083,Analytics & Data,No Footprint,0
A01083,AI & ML,Cloud,733267
A01083,Security,On-Premise,1161367
A01083,Applications,Hybrid,1136166
A01083,Integration,Cloud,832066
A01084,Infrastructure,On-Premise,806463
A01084,Database,On-Premise,697327
A01084,Analytics & Data,Hybrid,3126358
A01084,AI & ML,Cloud,417663
A01084,Security,Hybrid,407357
A01084,Applications,Hybrid,1271379
A01084,Integration,Hybrid,1451507
A01085,Infrastructure,Hybrid,1137922
A01085,Database,No Footprint,0
A01085,Analytics & Data,Cloud,646002
A01085,AI & ML,Cloud,332053
A01085,Security,Cloud,578684
A01085,Applications,Hybrid,918253
A01085,Integration,No Footprint,0
A01086,Infrastructure,On-Premise,936802
A01086,Database,Hybrid,2297047
A01086,Analytics & Data,No Footprint,0
A01086,AI & ML,No Footprint,0
A01086,Security,On-Premise,750300
A01086,Applications,Hybrid,1210336
A01086,Integration,Hybrid,2838520
A01087,Infrastructure,Hybrid,721281
A01087,Database,No Footprint,0
A01087,Analytics & Data,Cloud,831019
A01087,AI & ML,Cloud,1829380
A01087,Security,On-Premise,633856
A01087,Applications,No Footprint,0
A01087,Integration,Hybrid,295526
A01088,Infrastructure,Hybrid,2372585
A01088,Database,Hybrid,794157
A01088,Analytics & Data,Cloud,237895
A01088,AI & ML,Cloud,638649
A01088,Security,No Footprint,0
A01088,Applications,No Footprint,0
A01088,Integration,Cloud,316470
A01089,Infrastructure,Hybrid,538469
A01089,Database,On-Premise,705969
A01089,Analytics & Data,Hybrid,497181
A01089,AI & ML,No Footprint,0
A01089,Security,No Footprint,0
A01089,Applications,No Footprint,0
A01089,Integration,Cloud,168770
A01090,Infrastructure,Hybrid,935409
A01090,Database,Hybrid,1244998
A01090,Analytics & Data,Hybrid,822196
A01090,AI & ML,Cloud,283763
A01090,Security,No Footprint,0
A01090,Applications,On-Premise,388342
A01090,Integration,Cloud,1041519
A01091,Infrastructure,No Footprint,0
A01091,Database,Cloud,764977
A01091,Analytics & Data,Hybrid,859725
A01091,AI & ML,Cloud,392894
A01091,Security,No Footprint,0
A01091,Applications,Cloud,401433
A01091,Integration,No Footprint,0
A01092,Infrastructure,Hybrid,2670766
A01092,Database,Cloud,1009373
A01092,Analytics & Data,Cloud,567700
A01092,AI & ML,Cloud,1086124
A01092,Security,No Footprint,0
A01092,Applications,On-Premise,204210
A01092,Integration,Hybrid,429995
A01093,Infrastructure,No Footprint,0
A01093,Database,On-Premise,929835
A01093,Analytics & Data,No Footprint,0
A01093,AI & ML,Cloud,1467878
A01093,Security,No Footprint,0
A01093,Applications,Cloud,1080707
A01093,Integration,Cloud,1544247
A01094,Infrastructure,No Footprint,0
A01094,Database,No Footprint,0
A01094,Analytics & Data,Cloud,1049004
A01094,AI & ML,Cloud,828129
A01094,Security,On-Premise,587121
A01094,Applications,On-Premise,1560454
A01094,Integration,No Footprint,0
A01095,Infrastructure,Cloud,714196
A01095,Database,Cloud,237561
A01095,Analytics & Data,No Footprint,0
A01095,AI & ML,No Footprint,0
A01095,Security,On-Premise,429205
A01095,Applications,Cloud,675058
A01095,Integration,Hybrid,253026
A01096,Infrastructure,On-Premise,920507
A01096,Database,Cloud,807764
A01096,Analytics & Data,Cloud,376784
A01096,AI & ML,Cloud,630282
A01096,Security,No Footprint,0
A01096,Applications,On-Premise,384152
A01096,Integration,Cloud,1562607
A01097,Infrastructure,On-Premise,956095
A01097,Database,No Footprint,0
A01097,Analytics & Data,Hybrid,228931
A01097,AI & ML,No Footprint,0
A01097,Security,On-Premise,2707229
A01097,Applications,Hybrid,424533
A01097,Integration,Cloud,241046
A01098,Infrastructure,On-Premise,804163
A01098,Database,Cloud,5054502
A01098,Analytics & Data,Cloud,1226741
A01098,AI & ML,No Footprint,0
A01098,Security,Cloud,390247
A01098,Applications,No Footprint,0
A01098,Integration,Hybrid,424177
A01099,Infrastructure,Hybrid,1398875
A01099,Database,On-Premise,998792
A01099,Analytics & Data,Hybrid,491556
A01099,AI & ML,Cloud,310838
A01099,Security,Hybrid,2334023
A01099,Applications,Hybrid,787038
A01099,Integration,No Footprint,0
A01100,Infrastructure,On-Premise,2066933
A01100,Database,Hybrid,1626275
A01100,Analytics & Data,Hybrid,2999658
A01100,AI & ML,Cloud,228836
A01100,Security,No Footprint,0
A01100,Applications,No Footprint,0
A01100,Integration,No Footprint,0
A01101,Infrastructure,On-Premise,2777755
A01101,Database,On-Premise,687440
A01101,Analytics & Data,Hybrid,109774
A01101,AI & ML,No Footprint,0
A01101,Security,Hybrid,912910
A01101,Applications,No Footprint,0
A01101,Integration,Hybrid,247269
A01102,Infrastructure,No Footprint,0
A01102,Database,No Footprint,0
A01102,Analytics & Data,Cloud,214688
A01102,AI & ML,No Footprint,0
A01102,Security,On-Premise,731092
A01102,Applications,Cloud,323583
A01102,Integration,No Footprint,0
A01103,Infrastructure,Cloud,384700
A01103,Database,Cloud,826805
A01103,Analytics & Data,No Footprint,0
A01103,AI & ML,Cloud,1690113
A01103,Security,No Footprint,0
A01103,Applications,On-Premise,428879
A01103,Integration,Hybrid,470171
A01104,Infrastructure,Cloud,882782
A01104,Database,Hybrid,768549
A01104,Analytics & Data,No Footprint,0
A01104,AI & ML,Cloud,351734
A01104,Security,No Footprint,0
A01104,Applications,No Footprint,0
A01104,Integration,No Footprint,0
A01105,Infrastructure,No Footprint,0
A01105,Database,Hybrid,1009326
A01105,Analytics & Data,Cloud,1775075
A01105,AI & ML,No Footprint,0
A01105,Security,Hybrid,318985
A01105,Applications,Hybrid,771591
A01105,Integration,Hybrid,190094
A01106,Infrastructure,Cloud,1435844
A01106,Database,On-Premise,1118686
A01106,Analytics & Data,Cloud,677793
A01106,AI & ML,No Footprint,0
A01106,Security,Cloud,432795
A01106,Applications,No Footprint,0
A01106,Integration,Cloud,499701
A01107,Infrastructure,Cloud,255646
A01107,Database,On-Premise,1396889
A01107,Analytics & Data,No Footprint,0
A01107,AI & ML,Cloud,369393
A01107,Security,Hybrid,1252188
A01107,Applications,No Footprint,0
A01107,Integration,No Footprint,0
A01108,Infrastructure,Cloud,502174
A01108,Database,On-Premise,309944
A01108,Analytics & Data,Hybrid,380479
A01108,AI & ML,Cloud,665245
A01108,Security,On-Premise,2024865
A01108,Applications,Hybrid,252867
A01108,Integration,Cloud,1245890
A01109,Infrastructure,On-Premise,404829
A01109,Database,No Footprint,0
A01109,Analytics & Data,No Footprint,0
A01109,AI & ML,Cloud,137673
A01109,Security,Hybrid,442747
A01109,Applications,No Footprint,0
A01109,Integration,Cloud,719732
A01110,Infrastructure,Hybrid,2505923
A01110,Database,On-Premise,1067498
A01110,Analytics & Data,Cloud,1310492
A01110,AI & ML,Cloud,1933996
A01110,Security,No Footprint,0
A01110,Applications,No Footprint,0
A01110,Integration,Hybrid,303233
A01111,Infrastructure,No Footprint,0
A01111,Database,Hybrid,730581
A01111,Analytics & Data,Cloud,563978
A01111,AI & ML,No Footprint,0
A01111,Security,Cloud,267469
A01111,Applications,Cloud,575177
A01111,Integration,Cloud,840604
A01112,Infrastructure,Cloud,182324
A01112,Database,Cloud,338445
A01112,Analytics & Data,Cloud,383164
A01112,AI & ML,Cloud,968496
A01112,Security,Hybrid,1826874
A01112,Applications,On-Premise,139493
A01112,Integration,Hybrid,166435
A01113,Infrastructure,No Footprint,0
A01113,Database,On-Premise,965166
A01113,Analytics & Data,No Footprint,0
A01113,AI & ML,Cloud,688300
A01113,Security,Cloud,384145
A01113,Applications,On-Premise,865225
A01113,Integration,Cloud,451212
A01114,Infrastructure,Hybrid,4835337
A01114,Database,Cloud,1624199
A01114,Analytics & Data,Cloud,365478
A01114,AI & ML,Cloud,1258582
A01114,Security,Cloud,536764
A01114,Applications,Cloud,787261
A01114,Integration,Cloud,405103
A01115,Infrastructure,Hybrid,783520
A01115,Database,Hybrid,695622
A01115,Analytics & Data,Cloud,784733
A01115,AI & ML,Cloud,1455221
A01115,Security,Cloud,1806506
A01115,Applications,No Footprint,0
A01115,Integration,Cloud,538400
A01116,Infrastructure,No Footprint,0
A01116,Database,No Footprint,0
A01116,Analytics & Data,No Footprint,0
A01116,AI & ML,Cloud,945432
A01116,Security,No Footprint,0
A01116,Applications,Cloud,279756
A01116,Integration,Hybrid,654115
A01117,Infrastructure,Cloud,930554
A01117,Database,Cloud,3458117
A01117,Analytics & Data,Cloud,391354
A01117,AI & ML,Cloud,340776
A01117,Security,No Footprint,0
A01117,Applications,On-Premise,223434
A01117,Integration,Cloud,684355
A01118,Infrastructure,On-Premise,190775
A01118,Database,On-Premise,1187116
A01118,Analytics & Data,No Footprint,0
A01118,AI & ML,Cloud,544562
A01118,Security,Cloud,229545
A01118,Applications,On-Premise,382053
A01118,Integration,Cloud,152290
A01119,Infrastructure,No Footprint,0
A01119,Database,Cloud,286784
A01119,Analytics & Data,No Footprint,0
A01119,AI & ML,Cloud,3098736
A01119,Security,No Footprint,0
A01119,Applications,Hybrid,3773744
A01119,Integration,No Footprint,0
A01120,Infrastructure,No Footprint,0
A01120,Database,Hybrid,621101
A01120,Analytics & Data,No Footprint,0
A01120,AI & ML,Cloud,1616295
A01120,Security,On-Premise,4039217
A01120,Applications,Cloud,221885
A01120,Integration,Hybrid,123540
A01121,Infrastructure,No Footprint,0
A01121,Database,On-Premise,320679
A01121,Analytics & Data,No Footprint,0
A01121,AI & ML,Cloud,309306
A01121,Security,Cloud,1811494
A01121,Applications,Hybrid,3003885
A01121,Integration,Hybrid,158455
A01122,Infrastructure,Cloud,1395183
A01122,Database,On-Premise,2828964
A01122,Analytics & Data,No Footprint,0
A01122,AI & ML,Cloud,923127
A01122,Security,Hybrid,342070
A01122,Applications,On-Premise,1365130
A01122,Integration,Hybrid,206082
A01123,Infrastructure,No Footprint,0
A01123,Database,No Footprint,0
A01123,Analytics & Data,Hybrid,141944
A01123,AI & ML,Cloud,1914236
A01123,Security,On-Premise,374592
A01123,Applications,Cloud,883239
A01123,Integration,No Footprint,0
A01124,Infrastructure,Cloud,475241
A01124,Database,No Footprint,0
A01124,Analytics & Data,No Footprint,0
A01124,AI & ML,No Footprint,0
A01124,Security,No Footprint,0
A01124,Applications,Cloud,1108006
A01124,Integration,No Footprint,0
A01125,Infrastructure,On-Premise,212846
A01125,Database,On-Premise,426837
A01125,Analytics & Data,Hybrid,544865
A01125,AI & ML,No Footprint,0
A01125,Security,On-Premise,506770
A01125,Applications,On-Premise,1153217
A01125,Integration,Hybrid,668660
A01126,Infrastructure,Hybrid,889591
A01126,Database,Cloud,1361311
A01126,Analytics & Data,Cloud,623919
A01126,AI & ML,No Footprint,0
A01126,Security,Cloud,702110
A01126,Applications,On-Premise,1718371
A01126,Integration,No Footprint,0
A01127,Infrastructure,Cloud,134734
A01127,Database,On-Premise,252225
A01127,Analytics & Data,Hybrid,389503
A01127,AI & ML,Cloud,1643217
A01127,Security,On-Premise,7922470
A01127,Applications,On-Premise,1218282
A01127,Integration,No Footprint,0
A01128,Infrastructure,On-Premise,1638361
A01128,Database,On-Premise,346142
A01128,Analytics & Data,No Footprint,0
A01128,AI & ML,No Footprint,0
A01128,Security,Cloud,648207
A01128,Applications,Cloud,1539175
A01128,Integration,No Footprint,0
A01129,Infrastructure,Hybrid,840249
A01129,Database,Cloud,276491
A01129,Analytics & Data,Hybrid,570327
A01129,AI & ML,No Footprint,0
A01129,Security,Hybrid,349896
A01129,Applications,No Footprint,0
A01129,Integration,Cloud,492109
A01130,Infrastructure,On-Premise,933468
A01130,Database,Hybrid,234854
A01130,Analytics & Data,No Footprint,0
A01130,AI & ML,Cloud,670890
A01130,Security,No Footprint,0
A01130,Applications,Cloud,326454
A01130,Integration,Hybrid,752859
A01131,Infrastructure,No Footprint,0
A01131,Database,Hybrid,265079
A01131,Analytics & Data,No Footprint,0
A01131,AI & ML,Cloud,555838
A01131,Security,Cloud,543533
A01131,Applications,On-Premise,4064804
A01131,Integration,No Footprint,0
A01132,Infrastructure,On-Premise,847175
A01132,Database,On-Premise,3362823
A01132,Analytics & Data,Cloud,520349
A01132,AI & ML,Cloud,465911
A01132,Security,Hybrid,275645
A01132,Applications,Cloud,921221
A01132,Integration,No Footprint,0
A01133,Infrastructure,No Footprint,0
A01133,Database,On-Premise,2106509
A01133,Analytics & Data,No Footprint,0
A01133,AI & ML,Cloud,740626
A01133,Security,Cloud,1342239
A01133,Applications,On-Premise,1155725
A01133,Integration,Cloud,443427
A01134,Infrastructure,Cloud,226589
A01134,Database,No Footprint,0
A01134,Analytics & Data,No Footprint,0
A01134,AI & ML,No Footprint,0
A01134,Security,On-Premise,382331
A01134,Applications,Cloud,535642
A01134,Integration,Cloud,466554
A01135,Infrastructure,Cloud,920604
A01135,Database,No Footprint,0
A01135,Analytics & Data,Hybrid,894100
A01135,AI & ML,No Footprint,0
A01135,Security,On-Premise,400569
A01135,Applications,No Footprint,0
A01135,Integration,Cloud,765492
A01136,Infrastructure,Cloud,192107
A01136,Database,No Footprint,0
A01136,Analytics & Data,Hybrid,1370950
A01136,AI & ML,Cloud,365463
A01136,Security,On-Premise,1974556
A01136,Applications,Cloud,537409
A01136,Integration,Hybrid,1177924
A01137,Infrastructure,No Footprint,0
A01137,Database,On-Premise,574109
A01137,Analytics & Data,No Footprint,0
A01137,AI & ML,No Footprint,0
A01137,Security,Hybrid,6002099
A01137,Applications,On-Premise,793817
A01137,Integration,Hybrid,530026
A01138,Infrastructure,Cloud,3818232
A01138,Database,Cloud,1284118
A01138,Analytics & Data,No Footprint,0
A01138,AI & ML,No Footprint,0
A01138,Security,Cloud,353658
A01138,Applications,Cloud,1454993
A01138,Integration,Cloud,503146
A01139,Infrastructure,Cloud,238820
A01139,Database,No Footprint,0
A01139,Analytics & Data,Cloud,1728634
A01139,AI & ML,Cloud,522661
A01139,Security,On-Premise,1723095
A01139,Applications,On-Premise,464283
A01139,Integration,Cloud,1790864
A01140,Infrastructure,On-Premise,1415509
A01140,Database,On-Premise,198042
A01140,Analytics & Data,No Footprint,0
A01140,AI & ML,Cloud,414071
A01140,Security,Hybrid,425503
A01140,Applications,Cloud,3188851
A01140,Integration,Cloud,1895874
A01141,Infrastructure,Hybrid,360444
A01141,Database,Cloud,303776
A01141,Analytics & Data,Hybrid,216918
A01141,AI & ML,No Footprint,0
A01141,Security,No Footprint,0
A01141,Applications,No Footprint,0
A01141,Integration,Cloud,4912040
A01142,Infrastructure,Hybrid,146741
A01142,Database,On-Premise,1301684
A01142,Analytics & Data,No Footprint,0
A01142,AI & ML,Cloud,2009995
A01142,Security,On-Premise,1025178
A01142,Applications,On-Premise,6982325
A01142,Integration,Cloud,1220252
A01143,Infrastructure,Hybrid,936307
A01143,Database,No Footprint,0
A01143,Analytics & Data,No Footprint,0
A01143,AI & ML,No Footprint,0
A01143,Security,No Footprint,0
A01143,Applications,No Footprint,0
A01143,Integration,No Footprint,0
A01144,Infrastructure,On-Premise,453869
A01144,Database,On-Premise,568815
A01144,Analytics & Data,Hybrid,594084
A01144,AI & ML,No Footprint,0
A01144,Security,Cloud,2287949
A01144,Applications,No Footprint,0
A01144,Integration,Hybrid,950667
A01145,Infrastructure,No Footprint,0
A01145,Database,No Footprint,0
A01145,Analytics & Data,No Footprint,0
A01145,AI & ML,Cloud,212852
A01145,Security,Cloud,511696
A01145,Applications,Hybrid,436318
A01145,Integration,Hybrid,2656319
A01146,Infrastructure,On-Premise,3708949
A01146,Database,On-Premise,40909
A01146,Analytics & Data,Hybrid,879011
A01146,AI & ML,Cloud,1617707
A01146,Security,On-Premise,2746567
A01146,Applications,Cloud,828844
A01146,Integration,Cloud,460471
A01147,Infrastructure,On-Premise,296838
A01147,Database,No Footprint,0
A01147,Analytics & Data,Cloud,552205
A01147,AI & ML,No Footprint,0
A01147,Security,Hybrid,671688
A01147,Applications,Hybrid,5800684
A01147,Integration,Hybrid,861343
A01148,Infrastructure,Hybrid,1492257
A01148,Database,No Footprint,0
A01148,Analytics & Data,No Footprint,0
A01148,AI & ML,Cloud,447492
A01148,Security,On-Premise,2516567
A01148,Applications,Cloud,212037
A01148,Integration,No Footprint,0
A01149,Infrastructure,Hybrid,479094
A01149,Database,No Footprint,0
A01149,Analytics & Data,No Footprint,0
A01149,AI & ML,Cloud,502857
A01149,Security,On-Premise,1262049
A01149,Applications,No Footprint,0
A01149,Integration,Cloud,457619
A01150,Infrastructure,On-Premise,862436
A01150,Database,Hybrid,306928
A01150,Analytics & Data,Hybrid,1162267
A01150,AI & ML,No Footprint,0
A01150,Security,On-Premise,5275797
A01150,Applications,Hybrid,394108
A01150,Integration,Cloud,650880
A01151,Infrastructure,On-Premise,357987
A01151,Database,No Footprint,0
A01151,Analytics & Data,Hybrid,165823
A01151,AI & ML,Cloud,678492
A01151,Security,No Footprint,0
A01151,Applications,No Footprint,0
A01151,Integration,Cloud,575788
A01152,Infrastructure,No Footprint,0
A01152,Database,Cloud,432289
A01152,Analytics & Data,Hybrid,1052544
A01152,AI & ML,No Footprint,0
A01152,Security,No Footprint,0
A01152,Applications,On-Premise,374286
A01152,Integration,No Footprint,0
A01153,Infrastructure,On-Premise,329415
A01153,Database,Cloud,562627
A01153,Analytics & Data,Cloud,596997
A01153,AI & ML,Cloud,338042
A01153,Security,Hybrid,707607
A01153,Applications,Hybrid,541940
A01153,Integration,Hybrid,943655
A01154,Infrastructure,No Footprint,0
A01154,Database,Cloud,567961
A01154,Analytics & Data,Cloud,794935
A01154,AI & ML,No Footprint,0
A01154,Security,On-Premise,1267885
A01154,Applications,Cloud,391490
A01154,Integration,Cloud,645711
A01155,Infrastructure,No Footprint,0
A01155,Database,Hybrid,3221852
A01155,Analytics & Data,Hybrid,222974
A01155,AI & ML,No Footprint,0
A01155,Security,Cloud,1316502
A01155,Applications,No Footprint,0
A01155,Integration,Hybrid,993081
A01156,Infrastructure,No Footprint,0
A01156,Database,Cloud,1127665
A01156,Analytics & Data,No Footprint,0
A01156,AI & ML,Cloud,2311363
A01156,Security,On-Premise,3767746
A01156,Applications,Hybrid,233034
A01156,Integration,Cloud,123230
A01157,Infrastructure,Hybrid,172541
A01157,Database,Cloud,1530013
A01157,Analytics & Data,Hybrid,719119
A01157,AI & ML,Cloud,829214
A01157,Security,On-Premise,2071228
A01157,Applications,On-Premise,1174841
A01157,Integration,No Footprint,0
A01158,Infrastructure,No Footprint,0
A01158,Database,No Footprint,0
A01158,Analytics & Data,Hybrid,704689
A01158,AI & ML,Cloud,1165982
A01158,Security,Cloud,1640562
A01158,Applications,No Footprint,0
A01158,Integration,No Footprint,0
A01159,Infrastructure,On-Premise,287317
A01159,Database,On-Premise,2133832
A01159,Analytics & Data,No Footprint,0
A01159,AI & ML,Cloud,1195058
A01159,Security,On-Premise,2019088
A01159,Applications,Cloud,1130543
A01159,Integration,Hybrid,631684
A01160,Infrastructure,On-Premise,199191
A01160,Database,Hybrid,459151
A01160,Analytics & Data,Cloud,304783
A01160,AI & ML,Cloud,2858128
A01160,Security,On-Premise,4849960
A01160,Applications,On-Premise,291498
A01160,Integration,Hybrid,351061
A01161,Infrastructure,On-Premise,525749
A01161,Database,No Footprint,0
A01161,Analytics & Data,No Footprint,0
A01161,AI & ML,Cloud,544828
A01161,Security,On-Premise,448896
A01161,Applications,On-Premise,861656
A01161,Integration,Hybrid,2339439
A01162,Infrastructure,No Footprint,0
A01162,Database,Cloud,485697
A01162,Analytics & Data,Cloud,285107
A01162,AI & ML,Cloud,740068
A01162,Security,Cloud,656099
A01162,Applications,Cloud,385485
A01162,Integration,Hybrid,937366
A01163,Infrastructure,No Footprint,0
A01163,Database,On-Premise,440507
A01163,Analytics & Data,No Footprint,0
A01163,AI & ML,Cloud,2235847
A01163,Security,Hybrid,69237
A01163,Applications,No Footprint,0
A01163,Integration,Cloud,2071894
A01164,Infrastructure,No Footprint,0
A01164,Database,On-Premise,1148027
A01164,Analytics & Data,Hybrid,634793
A01164,AI & ML,Cloud,762944
A01164,Security,No Footprint,0
A01164,Applications,No Footprint,0
A01164,Integration,Hybrid,1723920
A01165,Infrastructure,Hybrid,401032
A01165,Database,Hybrid,562204
A01165,Analytics & Data,Hybrid,341358
A01165,AI & ML,No Footprint,0
A01165,Security,Hybrid,645075
A01165,Applications,Cloud,1874002
A01165,Integration,Hybrid,3049366
A01166,Infrastructure,No Footprint,0
A01166,Database,On-Premise,1127923
A01166,Analytics & Data,Cloud,3710672
A01166,AI & ML,Cloud,750022
A01166,Security,Cloud,804022
A01166,Applications,On-Premise,1343298
A01166,Integration,No Footprint,0
A01167,Infrastructure,Cloud,801191
A01167,Database,On-Premise,595666
A01167,Analytics & Data,Hybrid,1685796
A01167,AI & ML,Cloud,382876
A01167,Security,Cloud,486140
A01167,Applications,No Footprint,0
A01167,Integration,No Footprint,0
A01168,Infrastructure,On-Premise,4170209
A01168,Database,Hybrid,674712
A01168,Analytics & Data,Hybrid,472046
A01168,AI & ML,Cloud,683038
A01168,Security,Cloud,459026
A01168,Applications,On-Premise,1981018
A01168,Integration,No Footprint,0
A01169,Infrastructure,Hybrid,62811
A01169,Database,Cloud,430048
A01169,Analytics & Data,Cloud,87009
A01169,AI & ML,Cloud,2247981
A01169,Security,No Footprint,0
A01169,Applications,Cloud,1671339
A01169,Integration,Hybrid,1769279
A01170,Infrastructure,No Footprint,0
A01170,Database,Cloud,1577200
A01170,Analytics & Data,Hybrid,155000
A01170,AI & ML,No Footprint,0
A01170,Security,Hybrid,468355
A01170,Applications,Cloud,485200
A01170,Integration,Hybrid,158318
A01171,Infrastructure,Cloud,544995
A01171,Database,Cloud,298010
A01171,Analytics & Data,Hybrid,567132
A01171,AI & ML,Cloud,335575
A01171,Security,No Footprint,0
A01171,Applications,No Footprint,0
A01171,Integration,Hybrid,845457
A01172,Infrastructure,No Footprint,0
A01172,Database,On-Premise,1762826
A01172,Analytics & Data,No Footprint,0
A01172,AI & ML,Cloud,993700
A01172,Security,No Footprint,0
A01172,Applications,Hybrid,1022835
A01172,Integration,Cloud,771481
A01173,Infrastructure,On-Premise,9636527
A01173,Database,Hybrid,646676
A01173,Analytics & Data,Cloud,1468232
A01173,AI & ML,No Footprint,0
A01173,Security,On-Premise,1082727
A01173,Applications,No Footprint,0
A01173,Integration,Hybrid,1194370
A01174,Infrastructure,No Footprint,0
A01174,Database,On-Premise,475785
A01174,Analytics & Data,Hybrid,584662
A01174,AI & ML,Cloud,150965
A01174,Security,No Footprint,0
A01174,Applications,Cloud,558289
A01174,Integration,No Footprint,0
A01175,Infrastructure,Cloud,2925140
A01175,Database,On-Premise,298019
A01175,Analytics & Data,Cloud,505241
A01175,AI & ML,No Footprint,0
A01175,Security,On-Premise,497117
A01175,Applications,No Footprint,0
A01175,Integration,No Footprint,0
A01176,Infrastructure,On-Premise,838015
A01176,Database,No Footprint,0
A01176,Analytics & Data,No Footprint,0
A01176,AI & ML,No Footprint,0
A01176,Security,On-Premise,1951636
A01176,Applications,Cloud,490531
A01176,Integration,Cloud,598608
A01177,Infrastructure,On-Premise,2649703
A01177,Database,Cloud,197212
A01177,Analytics & Data,Hybrid,574386
A01177,AI & ML,Cloud,557637
A01177,Security,No Footprint,0
A01177,Applications,No Footprint,0
A01177,Integration,Hybrid,254556
A01178,Infrastructure,Cloud,773384
A01178,Database,Cloud,918120
A01178,Analytics & Data,No Footprint,0
A01178,AI & ML,Cloud,1287122
A01178,Security,On-Premise,1366562
A01178,Applications,Cloud,2605663
A01178,Integration,Hybrid,1032945
A01179,Infrastructure,No Footprint,0
A01179,Database,Hybrid,502594
A01179,Analytics & Data,No Footprint,0
A01179,AI & ML,No Footprint,0
A01179,Security,No Footprint,0
A01179,Applications,On-Premise,386222
A01179,Integration,Hybrid,550253
A01180,Infrastructure,No Footprint,0
A01180,Database,Cloud,214476
A01180,Analytics & Data,No Footprint,0
A01180,AI & ML,Cloud,1244291
A01180,Security,No Footprint,0
A01180,Applications,On-Premise,1458548
A01180,Integration,Hybrid,74126
A01181,Infrastructure,No Footprint,0
A01181,Database,Hybrid,1808781
A01181,Analytics & Data,No Footprint,0
A01181,AI & ML,Cloud,622614
A01181,Security,Hybrid,1319430
A01181,Applications,No Footprint,0
A01181,Integration,Cloud,726574
A01182,Infrastructure,Hybrid,172037
A01182,Database,On-Premise,1095424
A01182,Analytics & Data,No Footprint,0
A01182,AI & ML,No Footprint,0
A01182,Security,Cloud,546910
A01182,Applications,Hybrid,1282494
A01182,Integration,Cloud,740854
A01183,Infrastructure,Hybrid,919764
A01183,Database,Cloud,76822
A01183,Analytics & Data,No Footprint,0
A01183,AI & ML,Cloud,1416028
A01183,Security,No Footprint,0
A01183,Applications,No Footprint,0
A01183,Integration,No Footprint,0
A01184,Infrastructure,No Footprint,0
A01184,Database,No Footprint,0
A01184,Analytics & Data,No Footprint,0
A01184,AI & ML,Cloud,1696674
A01184,Security,Hybrid,284634
A01184,Applications,On-Premise,172642
A01184,Integration,Cloud,141679
A01185,Infrastructure,On-Premise,1051904
A01185,Database,Hybrid,260014
A01185,Analytics & Data,Hybrid,388784
A01185,AI & ML,No Footprint,0
A01185,Security,Cloud,1040137
A01185,Applications,No Footprint,0
A01185,Integration,Hybrid,111360
A01186,Infrastructure,Cloud,3198975
A01186,Database,Cloud,948498
A01186,Analytics & Data,No Footprint,0
A01186,AI & ML,Cloud,316297
A01186,Security,No Footprint,0
A01186,Applications,Cloud,1393052
A01186,Integration,Hybrid,2782410
A01187,Infrastructure,On-Premise,1945206
A01187,Database,No Footprint,0
A01187,Analytics & Data,Hybrid,1026430
A01187,AI & ML,Cloud,605113
A01187,Security,Hybrid,3384832
A01187,Applications,Hybrid,2352112
A01187,Integration,No Footprint,0
A01188,Infrastructure,On-Premise,524109
A01188,Database,On-Premise,2094889
A01188,Analytics & Data,Hybrid,535932
A01188,AI & ML,Cloud,1710862
A01188,Security,No Footprint,0
A01188,Applications,No Footprint,0
A01188,Integration,Cloud,724910
A01189,Infrastructure,On-Premise,370967
A01189,Database,Cloud,547522
A01189,Analytics & Data,No Footprint,0
A01189,AI & ML,Cloud,1840891
A01189,Security,On-Premise,662034
A01189,Applications,Cloud,983560
A01189,Integration,No Footprint,0
A01190,Infrastructure,No Footprint,0
A01190,Database,Cloud,328651
A01190,Analytics & Data,No Footprint,0
A01190,AI & ML,Cloud,630386
A01190,Security,Cloud,2751236
A01190,Applications,On-Premise,1160100
A01190,Integration,Cloud,118383
A01191,Infrastructure,Cloud,1534887
A01191,Database,On-Premise,1321311
A01191,Analytics & Data,No Footprint,0
A01191,AI & ML,Cloud,1703195
A01191,Security,Cloud,1087923
A01191,Applications,No Footprint,0
A01191,Integration,Hybrid,455999
A01192,Infrastructure,Cloud,588131
A01192,Database,Hybrid,577002
A01192,Analytics & Data,Cloud,193358
A01192,AI & ML,No Footprint,0
A01192,Security,Hybrid,232098
A01192,Applications,No Footprint,0
A01192,Integration,Hybrid,3517477
A01193,Infrastructure,Cloud,3053079
A01193,Database,No Footprint,0
A01193,Analytics & Data,No Footprint,0
A01193,AI & ML,No Footprint,0
A01193,Security,No Footprint,0
A01193,Applications,Cloud,1142026
A01193,Integration,Cloud,1368624
A01194,Infrastructure,On-Premise,1309903
A01194,Database,Hybrid,3855034
A01194,Analytics & Data,Cloud,602326
A01194,AI & ML,Cloud,696178
A01194,Security,Hybrid,1868767
A01194,Applications,On-Premise,107178
A01194,Integration,Cloud,273959
A01195,Infrastructure,Cloud,686698
A01195,Database,On-Premise,3112034
A01195,Analytics & Data,Hybrid,217699
A01195,AI & ML,Cloud,150369
A01195,Security,Cloud,801023
A01195,Applications,Hybrid,788211
A01195,Integration,Cloud,291928
A01196,Infrastructure,On-Premise,586147
A01196,Database,Hybrid,1860820
A01196,Analytics & Data,Hybrid,392983
A01196,AI & ML,Cloud,1164343
A01196,Security,Hybrid,246751
A01196,Applications,On-Premise,1328800
A01196,Integration,No Footprint,0
A01197,Infrastructure,Hybrid,267113
A01197,Database,Hybrid,870820
A01197,Analytics & Data,Hybrid,873235
A01197,AI & ML,Cloud,2678748
A01197,Security,No Footprint,0
A01197,Applications,Cloud,325064
A01197,Integration,Cloud,269571
A01198,Infrastructure,Hybrid,709987
A01198,Database,No Footprint,0
A01198,Analytics & Data,Cloud,998095
A01198,AI & ML,Cloud,2162778
A01198,Security,On-Premise,3972349
A01198,Applications,Hybrid,2418051
A01198,Integration,Hybrid,1029527
A01199,Infrastructure,On-Premise,354672
A01199,Database,Cloud,210455
A01199,Analytics & Data,Hybrid,238282
A01199,AI & ML,No Footprint,0
A01199,Security,Hybrid,304238
A01199,Applications,Hybrid,158720
A01199,Integration,No Footprint,0
A01200,Infrastructure,No Footprint,0
A01200,Database,Hybrid,574674
A01200,Analytics & Data,No Footprint,0
A01200,AI & ML,No Footprint,0
A01200,Security,On-Premise,2559638
A01200,Applications,Hybrid,2755430
A01200,Integration,Hybrid,2884174
A01201,Infrastructure,On-Premise,1895126
A01201,Database,On-Premise,4351488
A01201,Analytics & Data,No Footprint,0
A01201,AI & ML,No Footprint,0
A01201,Security,On-Premise,1082076
A01201,Applications,Hybrid,582064
A01201,Integration,Cloud,925977
A01202,Infrastructure,Hybrid,1530040
A01202,Database,On-Premise,578052
A01202,Analytics & Data,Cloud,1330539
A01202,AI & ML,Cloud,641995
A01202,Security,Hybrid,1941967
A01202,Applications,Hybrid,332410
A01202,Integration,Cloud,1079744
A01203,Infrastructure,No Footprint,0
A01203,Database,Cloud,1160085
A01203,Analytics & Data,Cloud,1422262
A01203,AI & ML,No Footprint,0
A01203,Security,Cloud,3733230
A01203,Applications,Cloud,1304724
A01203,Integration,No Footprint,0
A01204,Infrastructure,No Footprint,0
A01204,Database,No Footprint,0
A01204,Analytics & Data,Cloud,1005071
A01204,AI & ML,Cloud,477858
A01204,Security,Hybrid,2848830
A01204,Applications,No Footprint,0
A01204,Integration,No Footprint,0
A01205,Infrastructure,No Footprint,0
A01205,Database,Hybrid,1976287
A01205,Analytics & Data,No Footprint,0
A01205,AI & ML,Cloud,1118629
A01205,Security,On-Premise,186415
A01205,Applications,Cloud,145503
A01205,Integration,Cloud,686284
A01206,Infrastructure,On-Premise,1018240
A01206,Database,No Footprint,0
A01206,Analytics & Data,No Footprint,0
A01206,AI & ML,Cloud,1168995
A01206,Security,On-Premise,4352177
A01206,Applications,No Footprint,0
A01206,Integration,Cloud,1241840
A01207,Infrastructure,On-Premise,1539539
A01207,Database,No Footprint,0
A01207,Analytics & Data,Hybrid,459998
A01207,AI & ML,Cloud,2117823
A01207,Security,No Footprint,0
A01207,Applications,On-Premise,224172
A01207,Integration,No Footprint,0
A01208,Infrastructure,No Footprint,0
A01208,Database,Hybrid,2064531
A01208,Analytics & Data,Cloud,113796
A01208,AI & ML,Cloud,328949
A01208,Security,No Footprint,0
A01208,Applications,No Footprint,0
A01208,Integration,Hybrid,144144
A01209,Infrastructure,On-Premise,87066
A01209,Database,Cloud,3421797
A01209,Analytics & Data,No Footprint,0
A01209,AI & ML,Cloud,598671
A01209,Security,Cloud,1495231
A01209,Applications,Cloud,417302
A01209,Integration,Hybrid,1505932
A01210,Infrastructure,On-Premise,3732423
A01210,Database,Cloud,498709
A01210,Analytics & Data,Cloud,5164100
A01210,AI & ML,Cloud,238888
A01210,Security,Hybrid,2640764
A01210,Applications,Hybrid,4174208
A01210,Integration,Cloud,2291883
A01211,Infrastructure,No Footprint,0
A01211,Database,Cloud,250627
A01211,Analytics & Data,Cloud,676384
A01211,AI & ML,Cloud,1150269
A01211,Security,Hybrid,2090470
A01211,Applications,Cloud,469479
A01211,Integration,No Footprint,0
A01212,Infrastructure,On-Premise,317813
A01212,Database,On-Premise,1105802
A01212,Analytics & Data,No Footprint,0
A01212,AI & ML,No Footprint,0
A01212,Security,No Footprint,0
A01212,Applications,On-Premise,833298
A01212,Integration,Hybrid,1359742
A01213,Infrastructure,Cloud,4143113
A01213,Database,Hybrid,707537
A01213,Analytics & Data,Hybrid,559858
A01213,AI & ML,Cloud,877608
A01213,Security,No Footprint,0
A01213,Applications,No Footprint,0
A01213,Integration,No Footprint,0
A01214,Infrastructure,On-Premise,727873
A01214,Database,No Footprint,0
A01214,Analytics & Data,Hybrid,904951
A01214,AI & ML,Cloud,247792
A01214,Security,No Footprint,0
A01214,Applications,On-Premise,977211
A01214,Integration,Hybrid,836894
A01215,Infrastructure,Hybrid,402826
A01215,Database,No Footprint,0
A01215,Analytics & Data,No Footprint,0
A01215,AI & ML,No Footprint,0
A01215,Security,Cloud,2037699
A01215,Applications,Hybrid,786909
A01215,Integration,Hybrid,935811
A01216,Infrastructure,On-Premise,584905
A01216,Database,Hybrid,210800
A01216,Analytics & Data,Hybrid,1711658
A01216,AI & ML,Cloud,1852332
A01216,Security,On-Premise,245304
A01216,Applications,Cloud,97668
A01216,Integration,Cloud,628118
A01217,Infrastructure,No Footprint,0
A01217,Database,On-Premise,825555
A01217,Analytics & Data,No Footprint,0
A01217,AI & ML,No Footprint,0
A01217,Security,On-Premise,751140
A01217,Applications,No Footprint,0
A01217,Integration,Cloud,733174
A01218,Infrastructure,Hybrid,1088650
A01218,Database,No Footprint,0
A01218,Analytics & Data,No Footprint,0
A01218,AI & ML,No Footprint,0
A01218,Security,Hybrid,126444
A01218,Applications,On-Premise,813772
A01218,Integration,No Footprint,0
A01219,Infrastructure,On-Premise,1598829
A01219,Database,No Footprint,0
A01219,Analytics & Data,Cloud,1340501
A01219,AI & ML,Cloud,633930
A01219,Security,No Footprint,0
A01219,Applications,Cloud,430629
A01219,Integration,Cloud,1010553
A01220,Infrastructure,Hybrid,953185
A01220,Database,No Footprint,0
A01220,Analytics & Data,Cloud,367424
A01220,AI & ML,No Footprint,0
A01220,Security,On-Premise,8642256
A01220,Applications,Hybrid,274305
A01220,Integration,Cloud,136146
A01221,Infrastructure,Cloud,260052
A01221,Database,On-Premise,4377751
A01221,Analytics & Data,Cloud,817668
A01221,AI & ML,No Footprint,0
A01221,Security,Cloud,394391
A01221,Applications,No Footprint,0
A01221,Integration,Hybrid,1642930
A01222,Infrastructure,Hybrid,467246
A01222,Database,Hybrid,440715
A01222,Analytics & Data,Cloud,744765
A01222,AI & ML,Cloud,1309533
A01222,Security,Cloud,438109
A01222,Applications,Hybrid,375982
A01222,Integration,Hybrid,1086311
A01223,Infrastructure,On-Premise,1453744
A01223,Database,Cloud,1032643
A01223,Analytics & Data,Hybrid,349150
A01223,AI & ML,No Footprint,0
A01223,Security,Hybrid,786560
A01223,Applications,On-Premise,1090922
A01223,Integration,Hybrid,1540094
A01224,Infrastructure,No Footprint,0
A01224,Database,No Footprint,0
A01224,Analytics & Data,No Footprint,0
A01224,AI & ML,No Footprint,0
A01224,Security,Hybrid,1098798
A01224,Applications,Hybrid,1114940
A01224,Integration,Hybrid,870116
A01225,Infrastructure,Hybrid,5266135
A01225,Database,On-Premise,671148
A01225,Analytics & Data,Hybrid,333020
A01225,AI & ML,No Footprint,0
A01225,Security,Cloud,552710
A01225,Applications,On-Premise,1345261
A01225,Integration,Hybrid,479685
A01226,Infrastructure,No Footprint,0
A01226,Database,Hybrid,5524164
A01226,Analytics & Data,Hybrid,1828796
A01226,AI & ML,No Footprint,0
A01226,Security,Hybrid,836914
A01226,Applications,On-Premise,1414305
A01226,Integration,Cloud,1559505
A01227,Infrastructure,Cloud,545226
A01227,Database,Cloud,966859
A01227,Analytics & Data,Cloud,1272846
A01227,AI & ML,No Footprint,0
A01227,Security,On-Premise,1897530
A01227,Applications,No Footprint,0
A01227,Integration,No Footprint,0
A01228,Infrastructure,Hybrid,504390
A01228,Database,No Footprint,0
A01228,Analytics & Data,No Footprint,0
A01228,AI & ML,Cloud,308218
A01228,Security,On-Premise,786386
A01228,Applications,Hybrid,1008944
A01228,Integration,Cloud,450804
A01229,Infrastructure,On-Premise,2797944
A01229,Database,On-Premise,377464
A01229,Analytics & Data,Cloud,3253320
A01229,AI & ML,Cloud,1800426
A01229,Security,On-Premise,590890
A01229,Applications,No Footprint,0
A01229,Integration,Hybrid,432594
A01230,Infrastructure,Cloud,816928
A01230,Database,Hybrid,1916635
A01230,Analytics & Data,Cloud,1503395
A01230,AI & ML,Cloud,1194030
A01230,Security,Cloud,842878
A01230,Applications,Hybrid,1980908
A01230,Integration,Cloud,766514
A01231,Infrastructure,Cloud,2561621
A01231,Database,On-Premise,1066737
A01231,Analytics & Data,Hybrid,1961245
A01231,AI & ML,Cloud,924856
A01231,Security,No Footprint,0
A01231,Applications,On-Premise,960128
A01231,Integration,Hybrid,2476839
A01232,Infrastructure,Hybrid,1428823
A01232,Database,On-Premise,481186
A01232,Analytics & Data,Hybrid,452161
A01232,AI & ML,Cloud,1782340
A01232,Security,Cloud,174609
A01232,Applications,Hybrid,167714
A01232,Integration,Cloud,606992
A01233,Infrastructure,Hybrid,5389283
A01233,Database,No Footprint,0
A01233,Analytics & Data,No Footprint,0
A01233,AI & ML,No Footprint,0
A01233,Security,On-Premise,2291620
A01233,Applications,On-Premise,64325
A01233,Integration,No Footprint,0
A01234,Infrastructure,Hybrid,756984
A01234,Database,No Footprint,0
A01234,Analytics & Data,Cloud,438930
A01234,AI & ML,Cloud,558914
A01234,Security,No Footprint,0
A01234,Applications,Cloud,410222
A01234,Integration,Cloud,552694
A01235,Infrastructure,No Footprint,0
A01235,Database,No Footprint,0
A01235,Analytics & Data,Hybrid,134597
A01235,AI & ML,No Footprint,0
A01235,Security,No Footprint,0
A01235,Applications,Cloud,165779
A01235,Integration,Hybrid,960372
A01236,Infrastructure,Hybrid,1066623
A01236,Database,Hybrid,1517818
A01236,Analytics & Data,Hybrid,470050
A01236,AI & ML,Cloud,1329207
A01236,Security,No Footprint,0
A01236,Applications,Cloud,297093
A01236,Integration,Cloud,1645612
A01237,Infrastructure,Cloud,552503
A01237,Database,Cloud,6003731
A01237,Analytics & Data,Hybrid,1677052
A01237,AI & ML,Cloud,312409
A01237,Security,Hybrid,387696
A01237,Applications,Cloud,2074871
A01237,Integration,Hybrid,1308593
A01238,Infrastructure,No Footprint,0
A01238,Database,On-Premise,465652
A01238,Analytics & Data,Hybrid,495897
A01238,AI & ML,Cloud,1609712
A01238,Security,On-Premise,378351
A01238,Applications,On-Premise,644801
A01238,Integration,No Footprint,0
A01239,Infrastructure,Cloud,668560
A01239,Database,Hybrid,4671359
A01239,Analytics & Data,Cloud,552171
A01239,AI & ML,Cloud,412473
A01239,Security,Cloud,227678
A01239,Applications,No Footprint,0
A01239,Integration,Hybrid,543858
A01240,Infrastructure,On-Premise,608326
A01240,Database,No Footprint,0
A01240,Analytics & Data,No Footprint,0
A01240,AI & ML,Cloud,182439
A01240,Security,Cloud,424757
A01240,Applications,Hybrid,473929
A01240,Integration,No Footprint,0
A01241,Infrastructure,On-Premise,1198752
A01241,Database,No Footprint,0
A01241,Analytics & Data,No Footprint,0
A01241,AI & ML,No Footprint,0
A01241,Security,No Footprint,0
A01241,Applications,Hybrid,665764
A01241,Integration,No Footprint,0
A01242,Infrastructure,On-Premise,456074
A01242,Database,On-Premise,917663
A01242,Analytics & Data,Hybrid,448217
A01242,AI & ML,Cloud,650729
A01242,Security,On-Premise,271793
A01242,Applications,Hybrid,1427182
A01242,Integration,Cloud,343475
A01243,Infrastructure,Hybrid,1702834
A01243,Database,No Footprint,0
A01243,Analytics & Data,No Footprint,0
A01243,AI & ML,Cloud,785705
A01243,Security,Hybrid,260973
A01243,Applications,Cloud,905420
A01243,Integration,Hybrid,1610774
A01244,Infrastructure,No Footprint,0
A01244,Database,On-Premise,773120
A01244,Analytics & Data,No Footprint,0
A01244,AI & ML,No Footprint,0
A01244,Security,On-Premise,356744
A01244,Applications,On-Premise,421876
A01244,Integration,Hybrid,312720
A01245,Infrastructure,Hybrid,64654
A01245,Database,Cloud,267842
A01245,Analytics & Data,No Footprint,0
A01245,AI & ML,Cloud,2307043
A01245,Security,On-Premise,1596751
A01245,Applications,No Footprint,0
A01245,Integration,Hybrid,853976
A01246,Infrastructure,On-Premise,201311
A01246,Database,No Footprint,0
A01246,Analytics & Data,No Footprint,0
A01246,AI & ML,Cloud,1560858
A01246,Security,On-Premise,931889
A01246,Applications,On-Premise,1418512
A01246,Integration,Cloud,1581988
A01247,Infrastructure,No Footprint,0
A01247,Database,No Footprint,0
A01247,Analytics & Data,Cloud,410039
A01247,AI & ML,No Footprint,0
A01247,Security,On-Premise,1175442
A01247,Applications,Cloud,397448
A01247,Integration,Hybrid,264435
A01248,Infrastructure,Cloud,276995
A01248,Database,Hybrid,2651420
A01248,Analytics & Data,Cloud,6993688
A01248,AI & ML,Cloud,1001785
A01248,Security,No Footprint,0
A01248,Applications,Cloud,762957
A01248,Integration,Hybrid,758669
A01249,Infrastructure,Hybrid,230388
A01249,Database,Hybrid,714372
A01249,Analytics & Data,Hybrid,1061159
A01249,AI & ML,Cloud,758986
A01249,Security,No Footprint,0
A01249,Applications,Cloud,732921
A01249,Integration,Hybrid,444602
A01250,Infrastructure,Hybrid,1360498
A01250,Database,Hybrid,913185
A01250,Analytics & Data,Cloud,252752
A01250,AI & ML,Cloud,1350268
A01250,Security,Hybrid,201817
A01250,Applications,Cloud,481979
A01250,Integration,Hybrid,538551
A01251,Infrastructure,On-Premise,396584
A01251,Database,Cloud,1075722
A01251,Analytics & Data,No Footprint,0
A01251,AI & ML,Cloud,2465279
A01251,Security,Cloud,2075274
A01251,Applications,Cloud,792135
A01251,Integration,No Footprint,0
A01252,Infrastructure,Cloud,288384
A01252,Database,No Footprint,0
A01252,Analytics & Data,No Footprint,0
A01252,AI & ML,Cloud,1349387
A01252,Security,Hybrid,148192
A01252,Applications,No Footprint,0
A01252,Integration,Cloud,1281355
A01253,Infrastructure,Cloud,194082
A01253,Database,Hybrid,468958
A01253,Analytics & Data,Hybrid,454593
A01253,AI & ML,No Footprint,0
A01253,Security,Hybrid,1764826
A01253,Applications,Cloud,1656454
A01253,Integration,Cloud,189742
A01254,Infrastructure,No Footprint,0
A01254,Database,Hybrid,2543392
A01254,Analytics & Data,Hybrid,760530
A01254,AI & ML,Cloud,1771245
A01254,Security,No Footprint,0
A01254,Applications,No Footprint,0
A01254,Integration,No Footprint,0
A01255,Infrastructure,Cloud,400936
A01255,Database,No Footprint,0
A01255,Analytics & Data,Hybrid,1275389
A01255,AI & ML,Cloud,835839
A01255,Security,Hybrid,440076
A01255,Applications,On-Premise,2100794
A01255,Integration,No Footprint,0
A01256,Infrastructure,No Footprint,0
A01256,Database,On-Premise,482783
A01256,Analytics & Data,No Footprint,0
A01256,AI & ML,No Footprint,0
A01256,Security,No Footprint,0
A01256,Applications,Cloud,254814
A01256,Integration,Cloud,251978
A01257,Infrastructure,Cloud,454787
A01257,Database,On-Premise,1119733
A01257,Analytics & Data,Cloud,790726
A01257,AI & ML,No Footprint,0
A01257,Security,No Footprint,0
A01257,Applications,On-Premise,463942
A01257,Integration,Cloud,1265972
A01258,Infrastructure,On-Premise,406851
A01258,Database,No Footprint,0
A01258,Analytics & Data,Hybrid,680683
A01258,AI & ML,Cloud,714720
A01258,Security,On-Premise,183349
A01258,Applications,No Footprint,0
A01258,Integration,Hybrid,135977
A01259,Infrastructure,On-Premise,2369853
A01259,Database,On-Premise,812794
A01259,Analytics & Data,Hybrid,514097
A01259,AI & ML,No Footprint,0
A01259,Security,Hybrid,1238156
A01259,Applications,On-Premise,5292882
A01259,Integration,Hybrid,463617
A01260,Infrastructure,Hybrid,2561356
A01260,Database,No Footprint,0
A01260,Analytics & Data,Cloud,799582
A01260,AI & ML,No Footprint,0
A01260,Security,No Footprint,0
A01260,Applications,No Footprint,0
A01260,Integration,Cloud,1138875
A01261,Infrastructure,Hybrid,186509
A01261,Database,Hybrid,901513
A01261,Analytics & Data,Cloud,286843
A01261,AI & ML,No Footprint,0
A01261,Security,Hybrid,1137705
A01261,Applications,Cloud,226534
A01261,Integration,No Footprint,0
A01262,Infrastructure,On-Premise,3563469
A01262,Database,Hybrid,1078489
A01262,Analytics & Data,Cloud,2867784
A01262,AI & ML,Cloud,1631416
A01262,Security,Hybrid,475605
A01262,Applications,No Footprint,0
A01262,Integration,No Footprint,0
A01263,Infrastructure,On-Premise,1450734
A01263,Database,Cloud,323375
A01263,Analytics & Data,No Footprint,0
A01263,AI & ML,Cloud,2148667
A01263,Security,On-Premise,713671
A01263,Applications,No Footprint,0
A01263,Integration,No Footprint,0
A01264,Infrastructure,Cloud,892921
A01264,Database,No Footprint,0
A01264,Analytics & Data,Cloud,812654
A01264,AI & ML,Cloud,731541
A01264,Security,Cloud,633110
A01264,Applications,On-Premise,992136
A01264,Integration,Cloud,297029
A01265,Infrastructure,Hybrid,654027
A01265,Database,On-Premise,332844
A01265,Analytics & Data,Hybrid,993947
A01265,AI & ML,Cloud,1147180
A01265,Security,No Footprint,0
A01265,Applications,On-Premise,621890
A01265,Integration,Cloud,1417028
A01266,Infrastructure,Cloud,7739692
A01266,Database,Hybrid,202006
A01266,Analytics & Data,Cloud,574037
A01266,AI & ML,Cloud,781511
A01266,Security,Cloud,2254713
A01266,Applications,Hybrid,1024653
A01266,Integration,Cloud,352026
A01267,Infrastructure,Hybrid,1172141
A01267,Database,Hybrid,221989
A01267,Analytics & Data,Hybrid,1209664
A01267,AI & ML,Cloud,5623536
A01267,Security,No Footprint,0
A01267,Applications,On-Premise,2755808
A01267,Integration,Hybrid,1088811
A01268,Infrastructure,Cloud,1277532
A01268,Database,On-Premise,305182
A01268,Analytics & Data,Hybrid,152523
A01268,AI & ML,Cloud,2203082
A01268,Security,No Footprint,0
A01268,Applications,No Footprint,0
A01268,Integration,Hybrid,274260
A01269,Infrastructure,On-Premise,390590
A01269,Database,Cloud,966351
A01269,Analytics & Data,Cloud,498523
A01269,AI & ML,No Footprint,0
A01269,Security,Cloud,1814107
A01269,Applications,Hybrid,271714
A01269,Integration,Hybrid,1354936
A01270,Infrastructure,Cloud,1224455
A01270,Database,Cloud,159603
A01270,Analytics & Data,Hybrid,171912
A01270,AI & ML,Cloud,494608
A01270,Security,No Footprint,0
A01270,Applications,Cloud,1428687
A01270,Integration,Hybrid,257972
A01271,Infrastructure,Hybrid,574091
A01271,Database,Hybrid,149021
A01271,Analytics & Data,No Footprint,0
A01271,AI & ML,Cloud,686615
A01271,Security,On-Premise,1156660
A01271,Applications,Hybrid,1450618
A01271,Integration,Hybrid,393853
A01272,Infrastructure,No Footprint,0
A01272,Database,No Footprint,0
A01272,Analytics & Data,Hybrid,469964
A01272,AI & ML,Cloud,276454
A01272,Security,No Footprint,0
A01272,Applications,No Footprint,0
A01272,Integration,Cloud,501562
A01273,Infrastructure,On-Premise,3130431
A01273,Database,On-Premise,935265
A01273,Analytics & Data,Cloud,410769
A01273,AI & ML,Cloud,825554
A01273,Security,Hybrid,2604274
A01273,Applications,On-Premise,1466257
A01273,Integration,Hybrid,563796
A01274,Infrastructure,No Footprint,0
A01274,Database,Cloud,210754
A01274,Analytics & Data,No Footprint,0
A01274,AI & ML,Cloud,1029594
A01274,Security,No Footprint,0
A01274,Applications,No Footprint,0
A01274,Integration,Hybrid,809139
A01275,Infrastructure,Hybrid,4010773
A01275,Database,Cloud,803672
A01275,Analytics & Data,Hybrid,2204764
A01275,AI & ML,Cloud,431937
A01275,Security,On-Premise,857608
A01275,Applications,Hybrid,220335
A01275,Integration,Cloud,263437
A01276,Infrastructure,No Footprint,0
A01276,Database,Hybrid,1115266
A01276,Analytics & Data,Hybrid,165908
A01276,AI & ML,No Footprint,0
A01276,Security,On-Premise,810990
A01276,Applications,No Footprint,0
A01276,Integration,Cloud,332764
A01277,Infrastructure,Cloud,233845
A01277,Database,No Footprint,0
A01277,Analytics & Data,Hybrid,1756700
A01277,AI & ML,No Footprint,0
A01277,Security,No Footprint,0
A01277,Applications,On-Premise,428933
A01277,Integration,Cloud,414872
A01278,Infrastructure,On-Premise,3096180
A01278,Database,On-Premise,852037
A01278,Analytics & Data,Cloud,1154550
A01278,AI & ML,No Footprint,0
A01278,Security,Hybrid,2261507
A01278,Applications,No Footprint,0
A01278,Integration,No Footprint,0
A01279,Infrastructure,Cloud,596366
A01279,Database,Cloud,601792
A01279,Analytics & Data,Hybrid,1953376
A01279,AI & ML,Cloud,228578
A01279,Security,Hybrid,3359339
A01279,Applications,No Footprint,0
A01279,Integration,Cloud,347648
A01280,Infrastructure,On-Premise,1128637
A01280,Database,No Footprint,0
A01280,Analytics & Data,Cloud,716584
A01280,AI & ML,Cloud,1297052
A01280,Security,No Footprint,0
A01280,Applications,Hybrid,3944603
A01280,Integration,Cloud,1058787
A01281,Infrastructure,On-Premise,1418414
A01281,Database,No Footprint,0
A01281,Analytics & Data,Cloud,335903
A01281,AI & ML,Cloud,2337237
A01281,Security,On-Premise,1037275
A01281,Applications,Hybrid,1101931
A01281,Integration,Cloud,1989202
A01282,Infrastructure,Cloud,1002470
A01282,Database,Hybrid,2341883
A01282,Analytics & Data,Hybrid,448028
A01282,AI & ML,Cloud,1037473
A01282,Security,No Footprint,0
A01282,Applications,Cloud,2837281
A01282,Integration,Cloud,1075982
A01283,Infrastructure,No Footprint,0
A01283,Database,Cloud,2130471
A01283,Analytics & Data,Hybrid,697377
A01283,AI & ML,No Footprint,0
A01283,Security,Cloud,1003059
A01283,Applications,On-Premise,584023
A01283,Integration,No Footprint,0
A01284,Infrastructure,On-Premise,1145430
A01284,Database,Hybrid,661651
A01284,Analytics & Data,Cloud,1963215
A01284,AI & ML,Cloud,3047243
A01284,Security,Cloud,536161
A01284,Applications,On-Premise,732224
A01284,Integration,Hybrid,653995
A01285,Infrastructure,No Footprint,0
A01285,Database,On-Premise,1002421
A01285,Analytics & Data,Cloud,220293
A01285,AI & ML,Cloud,1610751
A01285,Security,No Footprint,0
A01285,Applications,Hybrid,127750
A01285,Integration,Cloud,236120
A01286,Infrastructure,Cloud,428263
A01286,Database,On-Premise,138109
A01286,Analytics & Data,No Footprint,0
A01286,AI & ML,Cloud,838052
A01286,Security,Hybrid,1155093
A01286,Applications,On-Premise,1047558
A01286,Integration,Cloud,564356
A01287,Infrastructure,Hybrid,3926648
A01287,Database,Cloud,4131668
A01287,Analytics & Data,Hybrid,1381375
A01287,AI & ML,No Footprint,0
A01287,Security,No Footprint,0
A01287,Applications,Cloud,262616
A01287,Integration,Hybrid,163890
A01288,Infrastructure,No Footprint,0
A01288,Database,No Footprint,0
A01288,Analytics & Data,Cloud,2122922
A01288,AI & ML,Cloud,932611
A01288,Security,Cloud,1133812
A01288,Applications,No Footprint,0
A01288,Integration,Cloud,849676
A01289,Infrastructure,Hybrid,1528021
A01289,Database,Cloud,1947929
A01289,Analytics & Data,No Footprint,0
A01289,AI & ML,Cloud,1176652
A01289,Security,No Footprint,0
A01289,Applications,Hybrid,809214
A01289,Integration,Hybrid,429162
A01290,Infrastructure,Hybrid,1461058
A01290,Database,No Footprint,0
A01290,Analytics & Data,No Footprint,0
A01290,AI & ML,Cloud,640441
A01290,Security,Cloud,1655587
A01290,Applications,No Footprint,0
A01290,Integration,Cloud,2189764
A01291,Infrastructure,Hybrid,151871
A01291,Database,On-Premise,748812
A01291,Analytics & Data,Hybrid,1460441
A01291,AI & ML,No Footprint,0
A01291,Security,Cloud,303876
A01291,Applications,Hybrid,745206
A01291,Integration,Cloud,1474305
A01292,Infrastructure,Hybrid,148849
A01292,Database,No Footprint,0
A01292,Analytics & Data,Hybrid,835959
A01292,AI & ML,No Footprint,0
A01292,Security,Cloud,288043
A01292,Applications,On-Premise,226771
A01292,Integration,Cloud,1426503
A01293,Infrastructure,On-Premise,3494301
A01293,Database,Hybrid,460189
A01293,Analytics & Data,Cloud,574366
A01293,AI & ML,Cloud,867473
A01293,Security,Hybrid,579430
A01293,Applications,No Footprint,0
A01293,Integration,Cloud,2533494
A01294,Infrastructure,Hybrid,1020593
A01294,Database,Cloud,1382040
A01294,Analytics & Data,Cloud,656428
A01294,AI & ML,Cloud,689048
A01294,Security,Hybrid,5276024
A01294,Applications,On-Premise,325749
A01294,Integration,Hybrid,2138212
A01295,Infrastructure,No Footprint,0
A01295,Database,Hybrid,7465328
A01295,Analytics & Data,Cloud,711190
A01295,AI & ML,Cloud,3435687
A01295,Security,Hybrid,1071212
A01295,Applications,Cloud,1178816
A01295,Integration,Cloud,1240480
A01296,Infrastructure,No Footprint,0
A01296,Database,Cloud,2463722
A01296,Analytics & Data,Cloud,815212
A01296,AI & ML,No Footprint,0
A01296,Security,On-Premise,948983
A01296,Applications,Cloud,204361
A01296,Integration,Hybrid,1843127
A01297,Infrastructure,Hybrid,266386
A01297,Database,Hybrid,1575276
A01297,Analytics & Data,Hybrid,1368233
A01297,AI & ML,Cloud,290996
A01297,Security,On-Premise,1700986
A01297,Applications,No Footprint,0
A01297,Integration,Hybrid,360562
A01298,Infrastructure,On-Premise,2208408
A01298,Database,On-Premise,737159
A01298,Analytics & Data,No Footprint,0
A01298,AI & ML,Cloud,1767106
A01298,Security,No Footprint,0
A01298,Applications,Cloud,884956
A01298,Integration,Cloud,2244029
A01299,Infrastructure,Cloud,823297
A01299,Database,Cloud,504285
A01299,Analytics & Data,No Footprint,0
A01299,AI & ML,Cloud,674768
A01299,Security,No Footprint,0
A01299,Applications,Cloud,1091369
A01299,Integration,Cloud,656043
A01300,Infrastructure,No Footprint,0
A01300,Database,On-Premise,1361205
A01300,Analytics & Data,No Footprint,0
A01300,AI & ML,Cloud,1536093
A01300,Security,Cloud,975468
A01300,Applications,No Footprint,0
A01300,Integration,No Footprint,0
A01301,Infrastructure,No Footprint,0
A01301,Database,Hybrid,372223
A01301,Analytics & Data,No Footprint,0
A01301,AI & ML,Cloud,1479638
A01301,Security,Cloud,304174
A01301,Applications,Hybrid,1330712
A01301,Integration,Cloud,6098959
A01302,Infrastructure,Hybrid,1010827
A01302,Database,Hybrid,2132083
A01302,Analytics & Data,Cloud,627158
A01302,AI & ML,Cloud,1279533
A01302,Security,No Footprint,0
A01302,Applications,No Footprint,0
A01302,Integration,Hybrid,923939
A01303,Infrastructure,On-Premise,696843
A01303,Database,On-Premise,907195
A01303,Analytics & Data,No Footprint,0
A01303,AI & ML,Cloud,1760203
A01303,Security,No Footprint,0
A01303,Applications,No Footprint,0
A01303,Integration,Cloud,971174
A01304,Infrastructure,Hybrid,1313181
A01304,Database,On-Premise,2937656
A01304,Analytics & Data,Hybrid,541830
A01304,AI & ML,No Footprint,0
A01304,Security,No Footprint,0
A01304,Applications,No Footprint,0
A01304,Integration,No Footprint,0
A01305,Infrastructure,Cloud,449499
A01305,Database,Cloud,1093922
A01305,Analytics & Data,Hybrid,1063933
A01305,AI & ML,No Footprint,0
A01305,Security,Cloud,150240
A01305,Applications,No Footprint,0
A01305,Integration,Hybrid,217981
A01306,Infrastructure,No Footprint,0
A01306,Database,No Footprint,0
A01306,Analytics & Data,No Footprint,0
A01306,AI & ML,Cloud,1692140
A01306,Security,No Footprint,0
A01306,Applications,Cloud,653839
A01306,Integration,No Footprint,0
A01307,Infrastructure,On-Premise,2705682
A01307,Database,Cloud,642481
A01307,Analytics & Data,No Footprint,0
A01307,AI & ML,Cloud,141437
A01307,Security,Cloud,1246244
A01307,Applications,On-Premise,563510
A01307,Integration,Cloud,1701253
A01308,Infrastructure,Hybrid,1010806
A01308,Database,On-Premise,325883
A01308,Analytics & Data,Hybrid,494622
A01308,AI & ML,Cloud,718320
A01308,Security,Cloud,828865
A01308,Applications,On-Premise,430335
A01308,Integration,Cloud,1843113
A01309,Infrastructure,On-Premise,5735033
A01309,Database,On-Premise,658960
A01309,Analytics & Data,Cloud,300696
A01309,AI & ML,Cloud,511484
A01309,Security,On-Premise,201622
A01309,Applications,On-Premise,611719
A01309,Integration,Hybrid,994220
A01310,Infrastructure,On-Premise,208887
A01310,Database,No Footprint,0
A01310,Analytics & Data,Cloud,134408
A01310,AI & ML,Cloud,637809
A01310,Security,On-Premise,157908
A01310,Applications,No Footprint,0
A01310,Integration,No Footprint,0
A01311,Infrastructure,No Footprint,0
A01311,Database,Cloud,2565111
A01311,Analytics & Data,No Footprint,0
A01311,AI & ML,Cloud,617804
A01311,Security,On-Premise,501936
A01311,Applications,No Footprint,0
A01311,Integration,No Footprint,0
A01312,Infrastructure,Cloud,558008
A01312,Database,Hybrid,979814
A01312,Analytics & Data,No Footprint,0
A01312,AI & ML,Cloud,462910
A01312,Security,On-Premise,624092
A01312,Applications,Cloud,266049
A01312,Integration,Hybrid,604599
A01313,Infrastructure,Hybrid,699785
A01313,Database,Hybrid,336238
A01313,Analytics & Data,No Footprint,0
A01313,AI & ML,Cloud,137292
A01313,Security,On-Premise,1489797
A01313,Applications,On-Premise,1333575
A01313,Integration,No Footprint,0
A01314,Infrastructure,Hybrid,1851162
A01314,Database,No Footprint,0
A01314,Analytics & Data,Hybrid,1568221
A01314,AI & ML,Cloud,1492723
A01314,Security,Hybrid,4726556
A01314,Applications,No Footprint,0
A01314,Integration,Hybrid,453811
A01315,Infrastructure,Hybrid,312641
A01315,Database,Cloud,239311
A01315,Analytics & Data,No Footprint,0
A01315,AI & ML,Cloud,1303728
A01315,Security,On-Premise,1230608
A01315,Applications,No Footprint,0
A01315,Integration,No Footprint,0
A01316,Infrastructure,Cloud,2492380
A01316,Database,On-Premise,1487853
A01316,Analytics & Data,Cloud,185025
A01316,AI & ML,No Footprint,0
A01316,Security,On-Premise,370232
A01316,Applications,Cloud,1483514
A01316,Integration,No Footprint,0
A01317,Infrastructure,No Footprint,0
A01317,Database,No Footprint,0
A01317,Analytics & Data,No Footprint,0
A01317,AI & ML,No Footprint,0
A01317,Security,Cloud,997064
A01317,Applications,Hybrid,483979
A01317,Integration,Hybrid,706880
A01318,Infrastructure,No Footprint,0
A01318,Database,On-Premise,484517
A01318,Analytics & Data,Hybrid,490852
A01318,AI & ML,No Footprint,0
A01318,Security,No Footprint,0
A01318,Applications,No Footprint,0
A01318,Integration,Hybrid,969386
A01319,Infrastructure,Hybrid,403919
A01319,Database,Hybrid,518265
A01319,Analytics & Data,Hybrid,2630721
A01319,AI & ML,Cloud,1573884
A01319,Security,Hybrid,428318
A01319,Applications,No Footprint,0
A01319,Integration,Hybrid,1046681
A01320,Infrastructure,On-Premise,706792
A01320,Database,Cloud,843493
A01320,Analytics & Data,Cloud,368238
A01320,AI & ML,No Footprint,0
A01320,Security,Cloud,801395
A01320,Applications,Hybrid,313446
A01320,Integration,Hybrid,947896
A01321,Infrastructure,On-Premise,951374
A01321,Database,On-Premise,2360822
A01321,Analytics & Data,Hybrid,596445
A01321,AI & ML,No Footprint,0
A01321,Security,Cloud,960786
A01321,Applications,On-Premise,471412
A01321,Integration,No Footprint,0
A01322,Infrastructure,Hybrid,810837
A01322,Database,Hybrid,492472
A01322,Analytics & Data,No Footprint,0
A01322,AI & ML,No Footprint,0
A01322,Security,No Footprint,0
A01322,Applications,Hybrid,564617
A01322,Integration,Cloud,361012
A01323,Infrastructure,On-Premise,560466
A01323,Database,Cloud,1043684
A01323,Analytics & Data,No Footprint,0
A01323,AI & ML,Cloud,3299061
A01323,Security,Hybrid,490900
A01323,Applications,Hybrid,782697
A01323,Integration,No Footprint,0
A01324,Infrastructure,Hybrid,821155
A01324,Database,On-Premise,1316144
A01324,Analytics & Data,Cloud,1827412
A01324,AI & ML,Cloud,1305584
A01324,Security,On-Premise,264019
A01324,Applications,No Footprint,0
A01324,Integration,No Footprint,0
A01325,Infrastructure,On-Premise,122972
A01325,Database,On-Premise,920207
A01325,Analytics & Data,Hybrid,604949
A01325,AI & ML,No Footprint,0
A01325,Security,On-Premise,871122
A01325,Applications,On-Premise,770680
A01325,Integration,Cloud,455979
A01326,Infrastructure,Cloud,593393
A01326,Database,Hybrid,889234
A01326,Analytics & Data,Hybrid,202970
A01326,AI & ML,Cloud,472640
A01326,Security,Hybrid,294008
A01326,Applications,Cloud,245424
A01326,Integration,No Footprint,0
A01327,Infrastructure,On-Premise,492758
A01327,Database,No Footprint,0
A01327,Analytics & Data,Hybrid,1155346
A01327,AI & ML,Cloud,2002891
A01327,Security,Cloud,1744449
A01327,Applications,Hybrid,236392
A01327,Integration,No Footprint,0
A01328,Infrastructure,Cloud,457395
A01328,Database,No Footprint,0
A01328,Analytics & Data,No Footprint,0
A01328,AI & ML,Cloud,600278
A01328,Security,Hybrid,1588558
A01328,Applications,Cloud,391966
A01328,Integration,Cloud,2020020
A01329,Infrastructure,No Footprint,0
A01329,Database,Cloud,311901
A01329,Analytics & Data,Hybrid,982909
A01329,AI & ML,No Footprint,0
A01329,Security,No Footprint,0
A01329,Applications,No Footprint,0
A01329,Integration,No Footprint,0
A01330,Infrastructure,Cloud,981568
A01330,Database,On-Premise,355209
A01330,Analytics & Data,No Footprint,0
A01330,AI & ML,No Footprint,0
A01330,Security,On-Premise,440524
A01330,Applications,Cloud,998447
A01330,Integration,Hybrid,5921036
A01331,Infrastructure,Cloud,435506
A01331,Database,Cloud,1714419
A01331,Analytics & Data,Cloud,496163
A01331,AI & ML,Cloud,436931
A01331,Security,On-Premise,482397
A01331,Applications,Hybrid,956163
A01331,Integration,No Footprint,0
A01332,Infrastructure,No Footprint,0
A01332,Database,Cloud,1048814
A01332,Analytics & Data,No Footprint,0
A01332,AI & ML,Cloud,320200
A01332,Security,Hybrid,1357144
A01332,Applications,No Footprint,0
A01332,Integration,Cloud,379442
A01333,Infrastructure,Cloud,1321322
A01333,Database,On-Premise,1393563
A01333,Analytics & Data,Hybrid,756951
A01333,AI & ML,Cloud,323256
A01333,Security,No Footprint,0
A01333,Applications,Cloud,191373
A01333,Integration,Cloud,477057
A01334,Infrastructure,On-Premise,298868
A01334,Database,On-Premise,339717
A01334,Analytics & Data,Hybrid,1095114
A01334,AI & ML,No Footprint,0
A01334,Security,Hybrid,636475
A01334,Applications,On-Premise,262772
A01334,Integration,No Footprint,0
A01335,Infrastructure,Hybrid,1475491
A01335,Database,Cloud,349743
A01335,Analytics & Data,Cloud,418932
A01335,AI & ML,Cloud,898486
A01335,Security,Hybrid,595976
A01335,Applications,Hybrid,603071
A01335,Integration,Cloud,462148
A01336,Infrastructure,No Footprint,0
A01336,Database,No Footprint,0
A01336,Analytics & Data,No Footprint,0
A01336,AI & ML,Cloud,906146
A01336,Security,Hybrid,413942
A01336,Applications,Hybrid,3116576
A01336,Integration,Hybrid,549402
A01337,Infrastructure,On-Premise,1428400
A01337,Database,Hybrid,1598767
A01337,Analytics & Data,No Footprint,0
A01337,AI & ML,Cloud,3419267
A01337,Security,On-Premise,683446
A01337,Applications,On-Premise,1738826
A01337,Integration,Hybrid,400500
A01338,Infrastructure,Cloud,497248
A01338,Database,Hybrid,214091
A01338,Analytics & Data,Cloud,1523925
A01338,AI & ML,Cloud,393714
A01338,Security,On-Premise,5298014
A01338,Applications,No Footprint,0
A01338,Integration,Hybrid,248729
A01339,Infrastructure,No Footprint,0
A01339,Database,On-Premise,2168646
A01339,Analytics & Data,Hybrid,1061555
A01339,AI & ML,Cloud,449783
A01339,Security,On-Premise,2543304
A01339,Applications,Cloud,867980
A01339,Integration,No Footprint,0
A01340,Infrastructure,On-Premise,589325
A01340,Database,On-Premise,3689512
A01340,Analytics & Data,Hybrid,169102
A01340,AI & ML,Cloud,309697
A01340,Security,No Footprint,0
A01340,Applications,No Footprint,0
A01340,Integration,Cloud,3405204
A01341,Infrastructure,Hybrid,1689357
A01341,Database,Hybrid,280365
A01341,Analytics & Data,Hybrid,360633
A01341,AI & ML,No Footprint,0
A01341,Security,No Footprint,0
A01341,Applications,On-Premise,80084
A01341,Integration,Hybrid,1222098
A01342,Infrastructure,Hybrid,619392
A01342,Database,No Footprint,0
A01342,Analytics & Data,Cloud,743381
A01342,AI & ML,Cloud,288977
A01342,Security,No Footprint,0
A01342,Applications,Hybrid,482222
A01342,Integration,Cloud,376391
A01343,Infrastructure,No Footprint,0
A01343,Database,On-Premise,1226351
A01343,Analytics & Data,Hybrid,2981986
A01343,AI & ML,Cloud,1250221
A01343,Security,No Footprint,0
A01343,Applications,No Footprint,0
A01343,Integration,Cloud,826514
A01344,Infrastructure,Cloud,2299115
A01344,Database,No Footprint,0
A01344,Analytics & Data,Cloud,205144
A01344,AI & ML,Cloud,822261
A01344,Security,Hybrid,1141222
A01344,Applications,No Footprint,0
A01344,Integration,No Footprint,0
A01345,Infrastructure,Hybrid,758435
A01345,Database,Cloud,1259182
A01345,Analytics & Data,Hybrid,634697
A01345,AI & ML,Cloud,1026959
A01345,Security,No Footprint,0
A01345,Applications,Hybrid,452337
A01345,Integration,Hybrid,268622
A01346,Infrastructure,No Footprint,0
A01346,Database,Hybrid,503473
A01346,Analytics & Data,Cloud,993556
A01346,AI & ML,Cloud,379208
A01346,Security,Cloud,989224
A01346,Applications,Cloud,450527
A01346,Integration,No Footprint,0
A01347,Infrastructure,Cloud,188518
A01347,Database,No Footprint,0
A01347,Analytics & Data,No Footprint,0
A01347,AI & ML,Cloud,1243349
A01347,Security,No Footprint,0
A01347,Applications,No Footprint,0
A01347,Integration,Cloud,239436
A01348,Infrastructure,On-Premise,230748
A01348,Database,No Footprint,0
A01348,Analytics & Data,Hybrid,303319
A01348,AI & ML,Cloud,1692401
A01348,Security,On-Premise,1452115
A01348,Applications,No Footprint,0
A01348,Integration,No Footprint,0
A01349,Infrastructure,Cloud,550072
A01349,Database,Hybrid,1477906
A01349,Analytics & Data,No Footprint,0
A01349,AI & ML,Cloud,984795
A01349,Security,No Footprint,0
A01349,Applications,Hybrid,879874
A01349,Integration,Cloud,805316
A01350,Infrastructure,No Footprint,0
A01350,Database,No Footprint,0
A01350,Analytics & Data,Hybrid,1097203
A01350,AI & ML,No Footprint,0
A01350,Security,On-Premise,286827
A01350,Applications,On-Premise,1354313
A01350,Integration,No Footprint,0
A01351,Infrastructure,No Footprint,0
A01351,Database,Cloud,399391
A01351,Analytics & Data,Cloud,826125
A01351,AI & ML,Cloud,954542
A01351,Security,Cloud,153814
A01351,Applications,No Footprint,0
A01351,Integration,Cloud,1189644
A01352,Infrastructure,No Footprint,0
A01352,Database,Hybrid,2829610
A01352,Analytics & Data,No Footprint,0
A01352,AI & ML,Cloud,1102439
A01352,Security,Hybrid,448289
A01352,Applications,Hybrid,1894879
A01352,Integration,Hybrid,553603
A01353,Infrastructure,No Footprint,0
A01353,Database,On-Premise,628399
A01353,Analytics & Data,Hybrid,541318
A01353,AI & ML,Cloud,2280065
A01353,Security,No Footprint,0
A01353,Applications,Cloud,3049400
A01353,Integration,Hybrid,943141
A01354,Infrastructure,Hybrid,168202
A01354,Database,Hybrid,1857654
A01354,Analytics & Data,Cloud,1106371
A01354,AI & ML,Cloud,654169
A01354,Security,On-Premise,1322897
A01354,Applications,On-Premise,664085
A01354,Integration,No Footprint,0
A01355,Infrastructure,On-Premise,1692118
A01355,Database,On-Premise,1413420
A01355,Analytics & Data,No Footprint,0
A01355,AI & ML,Cloud,580177
A01355,Security,Hybrid,1230396
A01355,Applications,Hybrid,671351
A01355,Integration,No Footprint,0
A01356,Infrastructure,Cloud,814642
A01356,Database,No Footprint,0
A01356,Analytics & Data,No Footprint,0
A01356,AI & ML,No Footprint,0
A01356,Security,Cloud,968143
A01356,Applications,On-Premise,276864
A01356,Integration,No Footprint,0
A01357,Infrastructure,Cloud,505110
A01357,Database,Hybrid,714723
A01357,Analytics & Data,Hybrid,155540
A01357,AI & ML,Cloud,793378
A01357,Security,Hybrid,805955
A01357,Applications,On-Premise,892274
A01357,Integration,No Footprint,0
A01358,Infrastructure,Hybrid,572594
A01358,Database,Hybrid,1161432
A01358,Analytics & Data,No Footprint,0
A01358,AI & ML,Cloud,673584
A01358,Security,On-Premise,489564
A01358,Applications,On-Premise,548691
A01358,Integration,Hybrid,1697275
A01359,Infrastructure,Hybrid,1079029
A01359,Database,Cloud,318812
A01359,Analytics & Data,Cloud,1329689
A01359,AI & ML,Cloud,596201
A01359,Security,No Footprint,0
A01359,Applications,On-Premise,1107577
A01359,Integration,Hybrid,508705
A01360,Infrastructure,Hybrid,335080
A01360,Database,No Footprint,0
A01360,Analytics & Data,Hybrid,431859
A01360,AI & ML,No Footprint,0
A01360,Security,Cloud,936270
A01360,Applications,Cloud,624298
A01360,Integration,Cloud,1222799
A01361,Infrastructure,No Footprint,0
A01361,Database,Cloud,2142205
A01361,Analytics & Data,No Footprint,0
A01361,AI & ML,Cloud,408282
A01361,Security,On-Premise,1266969
A01361,Applications,On-Premise,1081094
A01361,Integration,No Footprint,0
A01362,Infrastructure,Cloud,3227903
A01362,Database,On-Premise,2760576
A01362,Analytics & Data,Hybrid,2025826
A01362,AI & ML,Cloud,808003
A01362,Security,Hybrid,998369
A01362,Applications,No Footprint,0
A01362,Integration,Cloud,2412751
A01363,Infrastructure,Cloud,2595510
A01363,Database,Cloud,1435844
A01363,Analytics & Data,Cloud,3392273
A01363,AI & ML,Cloud,1177914
A01363,Security,On-Premise,1716218
A01363,Applications,No Footprint,0
A01363,Integration,Hybrid,444390
A01364,Infrastructure,Cloud,283367
A01364,Database,No Footprint,0
A01364,Analytics & Data,Hybrid,3680835
A01364,AI & ML,Cloud,839893
A01364,Security,Hybrid,7171364
A01364,Applications,No Footprint,0
A01364,Integration,Hybrid,298757
A01365,Infrastructure,Hybrid,1476681
A01365,Database,No Footprint,0
A01365,Analytics & Data,No Footprint,0
A01365,AI & ML,No Footprint,0
A01365,Security,No Footprint,0
A01365,Applications,Hybrid,2329383
A01365,Integration,Cloud,185944
A01366,Infrastructure,Hybrid,2026532
A01366,Database,No Footprint,0
A01366,Analytics & Data,No Footprint,0
A01366,AI & ML,Cloud,1175524
A01366,Security,On-Premise,3748370
A01366,Applications,Hybrid,579953
A01366,Integration,No Footprint,0
A01367,Infrastructure,No Footprint,0
A01367,Database,On-Premise,1716800
A01367,Analytics & Data,No Footprint,0
A01367,AI & ML,Cloud,396227
A01367,Security,Cloud,234265
A01367,Applications,On-Premise,696634
A01367,Integration,Cloud,1336098
A01368,Infrastructure,Hybrid,3062604
A01368,Database,Cloud,339864
A01368,Analytics & Data,Hybrid,1937983
A01368,AI & ML,No Footprint,0
A01368,Security,No Footprint,0
A01368,Applications,On-Premise,3520976
A01368,Integration,Cloud,950827
A01369,Infrastructure,No Footprint,0
A01369,Database,Hybrid,193784
A01369,Analytics & Data,No Footprint,0
A01369,AI & ML,No Footprint,0
A01369,Security,Hybrid,3306172
A01369,Applications,Hybrid,727855
A01369,Integration,No Footprint,0
A01370,Infrastructure,No Footprint,0
A01370,Database,On-Premise,2294769
A01370,Analytics & Data,Hybrid,581402
A01370,AI & ML,No Footprint,0
A01370,Security,Hybrid,768506
A01370,Applications,No Footprint,0
A01370,Integration,Hybrid,580970
A01371,Infrastructure,No Footprint,0
A01371,Database,On-Premise,2009106
A01371,Analytics & Data,No Footprint,0
A01371,AI & ML,No Footprint,0
A01371,Security,Hybrid,416708
A01371,Applications,Hybrid,882766
A01371,Integration,Cloud,968827
A01372,Infrastructure,Hybrid,1038320
A01372,Database,On-Premise,827886
A01372,Analytics & Data,No Footprint,0
A01372,AI & ML,Cloud,1482497
A01372,Security,On-Premise,883764
A01372,Applications,Cloud,294620
A01372,Integration,Hybrid,4872962
A01373,Infrastructure,Hybrid,476935
A01373,Database,Cloud,428637
A01373,Analytics & Data,Cloud,87419
A01373,AI & ML,Cloud,2051413
A01373,Security,Cloud,649248
A01373,Applications,No Footprint,0
A01373,Integration,Cloud,2709202
A01374,Infrastructure,No Footprint,0
A01374,Database,Hybrid,1001532
A01374,Analytics & Data,No Footprint,0
A01374,AI & ML,Cloud,236032
A01374,Security,Hybrid,258403
A01374,Applications,No Footprint,0
A01374,Integration,Cloud,779756
A01375,Infrastructure,No Footprint,0
A01375,Database,On-Premise,175694
A01375,Analytics & Data,Cloud,719134
A01375,AI & ML,No Footprint,0
A01375,Security,On-Premise,1513282
A01375,Applications,On-Premise,1202774
A01375,Integration,Cloud,545072
A01376,Infrastructure,No Footprint,0
A01376,Database,Hybrid,775572
A01376,Analytics & Data,Hybrid,2866099
A01376,AI & ML,Cloud,1515322
A01376,Security,No Footprint,0
A01376,Applications,Cloud,167934
A01376,Integration,Cloud,1553788
A01377,Infrastructure,On-Premise,3162761
A01377,Database,Cloud,309445
A01377,Analytics & Data,No Footprint,0
A01377,AI & ML,Cloud,671865
A01377,Security,Hybrid,1063060
A01377,Applications,Cloud,621488
A01377,Integration,No Footprint,0
A01378,Infrastructure,Cloud,1519016
A01378,Database,Cloud,719104
A01378,Analytics & Data,No Footprint,0
A01378,AI & ML,No Footprint,0
A01378,Security,Hybrid,279576
A01378,Applications,Hybrid,1594590
A01378,Integration,Cloud,1410738
A01379,Infrastructure,On-Premise,185199
A01379,Database,Hybrid,991775
A01379,Analytics & Data,Hybrid,907702
A01379,AI & ML,Cloud,460969
A01379,Security,Hybrid,466382
A01379,Applications,No Footprint,0
A01379,Integration,No Footprint,0
A01380,Infrastructure,On-Premise,439135
A01380,Database,Hybrid,368351
A01380,Analytics & Data,No Footprint,0
A01380,AI & ML,Cloud,788191
A01380,Security,On-Premise,353031
A01380,Applications,Cloud,2216379
A01380,Integration,Cloud,841938
A01381,Infrastructure,No Footprint,0
A01381,Database,Hybrid,762428
A01381,Analytics & Data,Cloud,692609
A01381,AI & ML,Cloud,3434366
A01381,Security,On-Premise,1966354
A01381,Applications,Hybrid,1119458
A01381,Integration,Cloud,660468
A01382,Infrastructure,Cloud,1956453
A01382,Database,Hybrid,1558643
A01382,Analytics & Data,No Footprint,0
A01382,AI & ML,Cloud,2714685
A01382,Security,On-Premise,945453
A01382,Applications,Cloud,532687
A01382,Integration,Cloud,179675
A01383,Infrastructure,Hybrid,1308917
A01383,Database,Hybrid,4994560
A01383,Analytics & Data,Cloud,267682
A01383,AI & ML,Cloud,2234561
A01383,Security,No Footprint,0
A01383,Applications,On-Premise,315736
A01383,Integration,Hybrid,729832
A01384,Infrastructure,On-Premise,534265
A01384,Database,Hybrid,837132
A01384,Analytics & Data,Cloud,1856263
A01384,AI & ML,Cloud,489518
A01384,Security,Cloud,358076
A01384,Applications,No Footprint,0
A01384,Integration,No Footprint,0
A01385,Infrastructure,Cloud,1633027
A01385,Database,Hybrid,492057
A01385,Analytics & Data,Cloud,1185422
A01385,AI & ML,Cloud,494098
A01385,Security,On-Premise,3036719
A01385,Applications,On-Premise,446044
A01385,Integration,Cloud,1102836
A01386,Infrastructure,Cloud,993117
A01386,Database,No Footprint,0
A01386,Analytics & Data,No Footprint,0
A01386,AI & ML,Cloud,837778
A01386,Security,Hybrid,341877
A01386,Applications,Cloud,372100
A01386,Integration,No Footprint,0
A01387,Infrastructure,On-Premise,206983
A01387,Database,On-Premise,351434
A01387,Analytics & Data,No Footprint,0
A01387,AI & ML,No Footprint,0
A01387,Security,Cloud,1119488
A01387,Applications,On-Premise,536188
A01387,Integration,Hybrid,743379
A01388,Infrastructure,On-Premise,307777
A01388,Database,Hybrid,612242
A01388,Analytics & Data,Cloud,1095772
A01388,AI & ML,Cloud,830331
A01388,Security,On-Premise,306909
A01388,Applications,No Footprint,0
A01388,Integration,Hybrid,3117202
A01389,Infrastructure,Cloud,1315614
A01389,Database,Hybrid,903343
A01389,Analytics & Data,No Footprint,0
A01389,AI & ML,Cloud,664626
A01389,Security,On-Premise,557436
A01389,Applications,On-Premise,533483
A01389,Integration,Hybrid,4611317
A01390,Infrastructure,On-Premise,3138923
A01390,Database,On-Premise,646929
A01390,Analytics & Data,Cloud,1153844
A01390,AI & ML,Cloud,2662111
A01390,Security,Hybrid,2085475
A01390,Applications,Hybrid,565504
A01390,Integration,Hybrid,1147323
A01391,Infrastructure,On-Premise,892754
A01391,Database,Cloud,389209
A01391,Analytics & Data,No Footprint,0
A01391,AI & ML,No Footprint,0
A01391,Security,Cloud,827476
A01391,Applications,On-Premise,368921
A01391,Integration,Cloud,272773
A01392,Infrastructure,On-Premise,529243
A01392,Database,Cloud,380523
A01392,Analytics & Data,No Footprint,0
A01392,AI & ML,Cloud,735485
A01392,Security,On-Premise,1711298
A01392,Applications,Hybrid,1384542
A01392,Integration,No Footprint,0
A01393,Infrastructure,Cloud,317528
A01393,Database,No Footprint,0
A01393,Analytics & Data,Cloud,1591255
A01393,AI & ML,Cloud,2115288
A01393,Security,Hybrid,833381
A01393,Applications,Cloud,1139724
A01393,Integration,Cloud,1082193
A01394,Infrastructure,On-Premise,531997
A01394,Database,Hybrid,1887272
A01394,Analytics & Data,Cloud,216791
A01394,AI & ML,No Footprint,0
A01394,Security,Cloud,1083195
A01394,Applications,Hybrid,399644
A01394,Integration,Hybrid,1707753
A01395,Infrastructure,Cloud,771583
A01395,Database,Hybrid,2215871
A01395,Analytics & Data,No Footprint,0
A01395,AI & ML,No Footprint,0
A01395,Security,Hybrid,791485
A01395,Applications,No Footprint,0
A01395,Integration,Cloud,705101
A01396,Infrastructure,Cloud,267122
A01396,Database,On-Premise,1817701
A01396,Analytics & Data,No Footprint,0
A01396,AI & ML,No Footprint,0
A01396,Security,No Footprint,0
A01396,Applications,Hybrid,704192
A01396,Integration,Hybrid,231899
A01397,Infrastructure,On-Premise,1220510
A01397,Database,Hybrid,532296
A01397,Analytics & Data,Cloud,535270
A01397,AI & ML,Cloud,483161
A01397,Security,No Footprint,0
A01397,Applications,On-Premise,674797
A01397,Integration,No Footprint,0
A01398,Infrastructure,No Footprint,0
A01398,Database,On-Premise,255658
A01398,Analytics & Data,Cloud,1167283
A01398,AI & ML,Cloud,1105545
A01398,Security,Hybrid,632021
A01398,Applications,Hybrid,1633428
A01398,Integration,No Footprint,0
A01399,Infrastructure,Hybrid,571904
A01399,Database,On-Premise,267736
A01399,Analytics & Data,Cloud,1089752
A01399,AI & ML,Cloud,266398
A01399,Security,Hybrid,565049
A01399,Applications,Cloud,642852
A01399,Integration,Cloud,2789861
A01400,Infrastructure,No Footprint,0
A01400,Database,No Footprint,0
A01400,Analytics & Data,Hybrid,319821
A01400,AI & ML,Cloud,498789
A01400,Security,On-Premise,1093147
A01400,Applications,Hybrid,562876
A01400,Integration,Cloud,460218
A01401,Infrastructure,On-Premise,492484
A01401,Database,No Footprint,0
A01401,Analytics & Data,No Footprint,0
A01401,AI & ML,No Footprint,0
A01401,Security,On-Premise,2678700
A01401,Applications,No Footprint,0
A01401,Integration,Cloud,180516
A01402,Infrastructure,On-Premise,840160
A01402,Database,No Footprint,0
A01402,Analytics & Data,No Footprint,0
A01402,AI & ML,Cloud,157702
A01402,Security,No Footprint,0
A01402,Applications,Hybrid,632146
A01402,Integration,No Footprint,0
A01403,Infrastructure,Hybrid,1238410
A01403,Database,Cloud,1702822
A01403,Analytics & Data,Cloud,316841
A01403,AI & ML,Cloud,987330
A01403,Security,On-Premise,1314940
A01403,Applications,Hybrid,820541
A01403,Integration,Cloud,880457
A01404,Infrastructure,On-Premise,305218
A01404,Database,Cloud,692341
A01404,Analytics & Data,Hybrid,1938411
A01404,AI & ML,Cloud,695413
A01404,Security,Hybrid,216191
A01404,Applications,No Footprint,0
A01404,Integration,Hybrid,929539
A01405,Infrastructure,Cloud,113139
A01405,Database,Hybrid,1195239
A01405,Analytics & Data,Cloud,1446303
A01405,AI & ML,No Footprint,0
A01405,Security,Hybrid,583317
A01405,Applications,Cloud,499681
A01405,Integration,Hybrid,283549
A01406,Infrastructure,Hybrid,1130697
A01406,Database,On-Premise,174423
A01406,Analytics & Data,No Footprint,0
A01406,AI & ML,Cloud,964440
A01406,Security,No Footprint,0
A01406,Applications,Hybrid,130046
A01406,Integration,Hybrid,92277
A01407,Infrastructure,On-Premise,196821
A01407,Database,No Footprint,0
A01407,Analytics & Data,Hybrid,877450
A01407,AI & ML,Cloud,287393
A01407,Security,Cloud,1186095
A01407,Applications,On-Premise,4015622
A01407,Integration,Hybrid,804142
A01408,Infrastructure,Cloud,2923924
A01408,Database,On-Premise,603715
A01408,Analytics & Data,Hybrid,516535
A01408,AI & ML,Cloud,491618
A01408,Security,No Footprint,0
A01408,Applications,No Footprint,0
A01408,Integration,Cloud,869089
A01409,Infrastructure,Hybrid,457837
A01409,Database,Hybrid,1133622
A01409,Analytics & Data,Cloud,1464087
A01409,AI & ML,Cloud,458611
A01409,Security,On-Premise,407817
A01409,Applications,Hybrid,638264
A01409,Integration,Hybrid,465994
A01410,Infrastructure,Cloud,718393
A01410,Database,No Footprint,0
A01410,Analytics & Data,No Footprint,0
A01410,AI & ML,Cloud,1028948
A01410,Security,No Footprint,0
A01410,Applications,No Footprint,0
A01410,Integration,No Footprint,0
A01411,Infrastructure,No Footprint,0
A01411,Database,No Footprint,0
A01411,Analytics & Data,No Footprint,0
A01411,AI & ML,Cloud,957568
A01411,Security,Cloud,281077
A01411,Applications,On-Premise,405538
A01411,Integration,No Footprint,0
A01412,Infrastructure,Hybrid,296051
A01412,Database,On-Premise,1303449
A01412,Analytics & Data,Hybrid,1679335
A01412,AI & ML,Cloud,727998
A01412,Security,On-Premise,561277
A01412,Applications,Hybrid,108245
A01412,Integration,No Footprint,0
A01413,Infrastructure,On-Premise,1466157
A01413,Database,Hybrid,678545
A01413,Analytics & Data,No Footprint,0
A01413,AI & ML,Cloud,492121
A01413,Security,No Footprint,0
A01413,Applications,No Footprint,0
A01413,Integration,Hybrid,552507
A01414,Infrastructure,On-Premise,535031
A01414,Database,No Footprint,0
A01414,Analytics & Data,Hybrid,99001
A01414,AI & ML,Cloud,624736
A01414,Security,Cloud,298052
A01414,Applications,Hybrid,1498787
A01414,Integration,No Footprint,0
A01415,Infrastructure,Hybrid,1806083
A01415,Database,No Footprint,0
A01415,Analytics & Data,Hybrid,2444150
A01415,AI & ML,No Footprint,0
A01415,Security,On-Premise,207300
A01415,Applications,On-Premise,2405129
A01415,Integration,Cloud,506860
A01416,Infrastructure,Hybrid,3005083
A01416,Database,Cloud,307457
A01416,Analytics & Data,Cloud,812493
A01416,AI & ML,Cloud,1027811
A01416,Security,On-Premise,160501
A01416,Applications,Hybrid,660296
A01416,Integration,Cloud,363013
A01417,Infrastructure,No Footprint,0
A01417,Database,No Footprint,0
A01417,Analytics & Data,Cloud,646948
A01417,AI & ML,Cloud,1774151
A01417,Security,Cloud,281087
A01417,Applications,No Footprint,0
A01417,Integration,No Footprint,0
A01418,Infrastructure,No Footprint,0
A01418,Database,On-Premise,2810756
A01418,Analytics & Data,Hybrid,1975696
A01418,AI & ML,Cloud,1608702
A01418,Security,Cloud,2580586
A01418,Applications,Hybrid,218581
A01418,Integration,Hybrid,219884
A01419,Infrastructure,Hybrid,880398
A01419,Database,On-Premise,332809
A01419,Analytics & Data,No Footprint,0
A01419,AI & ML,Cloud,2007663
A01419,Security,No Footprint,0
A01419,Applications,On-Premise,593383
A01419,Integration,Hybrid,293533
A01420,Infrastructure,Hybrid,874858
A01420,Database,On-Premise,511419
A01420,Analytics & Data,Cloud,2096625
A01420,AI & ML,Cloud,46079
A01420,Security,Cloud,750686
A01420,Applications,On-Premise,11450951
A01420,Integration,No Footprint,0
A01421,Infrastructure,No Footprint,0
A01421,Database,On-Premise,639312
A01421,Analytics & Data,No Footprint,0
A01421,AI & ML,Cloud,661821
A01421,Security,Hybrid,839819
A01421,Applications,On-Premise,1579844
A01421,Integration,Hybrid,835206
A01422,Infrastructure,On-Premise,496896
A01422,Database,On-Premise,2388147
A01422,Analytics & Data,Cloud,213821
A01422,AI & ML,Cloud,4140634
A01422,Security,No Footprint,0
A01422,Applications,Hybrid,296591
A01422,Integration,Hybrid,523737
A01423,Infrastructure,On-Premise,1652037
A01423,Database,Hybrid,155994
A01423,Analytics & Data,No Footprint,0
A01423,AI & ML,Cloud,1759474
A01423,Security,On-Premise,176762
A01423,Applications,On-Premise,958436
A01423,Integration,Cloud,198276
A01424,Infrastructure,No Footprint,0
A01424,Database,Hybrid,497884
A01424,Analytics & Data,No Footprint,0
A01424,AI & ML,Cloud,908473
A01424,Security,Cloud,493154
A01424,Applications,No Footprint,0
A01424,Integration,No Footprint,0
A01425,Infrastructure,On-Premise,412382
A01425,Database,On-Premise,418324
A01425,Analytics & Data,Cloud,2694188
A01425,AI & ML,Cloud,729922
A01425,Security,On-Premise,1329604
A01425,Applications,On-Premise,816227
A01425,Integration,Cloud,2643092
A01426,Infrastructure,On-Premise,434030
A01426,Database,No Footprint,0
A01426,Analytics & Data,Hybrid,30555
A01426,AI & ML,Cloud,338085
A01426,Security,Hybrid,1375390
A01426,Applications,No Footprint,0
A01426,Integration,No Footprint,0
A01427,Infrastructure,Hybrid,864294
A01427,Database,Cloud,309669
A01427,Analytics & Data,No Footprint,0
A01427,AI & ML,Cloud,1010806
A01427,Security,Cloud,2030377
A01427,Applications,Cloud,620590
A01427,Integration,Cloud,5453941
A01428,Infrastructure,No Footprint,0
A01428,Database,Hybrid,1042268
A01428,Analytics & Data,Cloud,897060
A01428,AI & ML,No Footprint,0
A01428,Security,No Footprint,0
A01428,Applications,On-Premise,1351230
A01428,Integration,Hybrid,1431306
A01429,Infrastructure,Cloud,951885
A01429,Database,Cloud,689438
A01429,Analytics & Data,No Footprint,0
A01429,AI & ML,Cloud,518452
A01429,Security,On-Premise,275431
A01429,Applications,No Footprint,0
A01429,Integration,Cloud,1451973
A01430,Infrastructure,Hybrid,784004
A01430,Database,No Footprint,0
A01430,Analytics & Data,Cloud,1007796
A01430,AI & ML,No Footprint,0
A01430,Security,No Footprint,0
A01430,Applications,Hybrid,380524
A01430,Integration,Cloud,1591344
A01431,Infrastructure,On-Premise,704794
A01431,Database,Hybrid,389612
A01431,Analytics & Data,Hybrid,3853136
A01431,AI & ML,Cloud,639299
A01431,Security,Hybrid,2289480
A01431,Applications,No Footprint,0
A01431,Integration,No Footprint,0
A01432,Infrastructure,No Footprint,0
A01432,Database,Cloud,952007
A01432,Analytics & Data,Hybrid,2421088
A01432,AI & ML,Cloud,3052999
A01432,Security,Cloud,3797116
A01432,Applications,Hybrid,401980
A01432,Integration,Cloud,461175
A01433,Infrastructure,Hybrid,2292832
A01433,Database,On-Premise,666753
A01433,Analytics & Data,No Footprint,0
A01433,AI & ML,No Footprint,0
A01433,Security,On-Premise,1079789
A01433,Applications,On-Premise,1043579
A01433,Integration,Hybrid,1093884
A01434,Infrastructure,On-Premise,266928
A01434,Database,No Footprint,0
A01434,Analytics & Data,Cloud,199091
A01434,AI & ML,Cloud,366162
A01434,Security,Hybrid,823935
A01434,Applications,On-Premise,434277
A01434,Integration,Hybrid,3378641
A01435,Infrastructure,No Footprint,0
A01435,Database,Cloud,514891
A01435,Analytics & Data,Hybrid,178448
A01435,AI & ML,No Footprint,0
A01435,Security,On-Premise,4906098
A01435,Applications,Cloud,1694584
A01435,Integration,Cloud,515616
A01436,Infrastructure,Cloud,1350409
A01436,Database,Cloud,1446398
A01436,Analytics & Data,No Footprint,0
A01436,AI & ML,Cloud,1129411
A01436,Security,On-Premise,3315710
A01436,Applications,Hybrid,482868
A01436,Integration,Cloud,1413572
A01437,Infrastructure,On-Premise,583881
A01437,Database,Hybrid,109568
A01437,Analytics & Data,Hybrid,182046
A01437,AI & ML,Cloud,205447
A01437,Security,On-Premise,1536573
A01437,Applications,Hybrid,554512
A01437,Integration,Cloud,1959840
A01438,Infrastructure,No Footprint,0
A01438,Database,Cloud,713198
A01438,Analytics & Data,No Footprint,0
A01438,AI & ML,No Footprint,0
A01438,Security,No Footprint,0
A01438,Applications,Cloud,442552
A01438,Integration,No Footprint,0
A01439,Infrastructure,No Footprint,0
A01439,Database,No Footprint,0
A01439,Analytics & Data,Cloud,350380
A01439,AI & ML,No Footprint,0
A01439,Security,Cloud,551527
A01439,Applications,Cloud,938354
A01439,Integration,Hybrid,625197
A01440,Infrastructure,Cloud,331497
A01440,Database,Cloud,203436
A01440,Analytics & Data,Hybrid,1436562
A01440,AI & ML,No Footprint,0
A01440,Security,Hybrid,4542144
A01440,Applications,No Footprint,0
A01440,Integration,No Footprint,0
A01441,Infrastructure,No Footprint,0
A01441,Database,No Footprint,0
A01441,Analytics & Data,Hybrid,5073339
A01441,AI & ML,Cloud,1366600
A01441,Security,No Footprint,0
A01441,Applications,Cloud,1129324
A01441,Integration,No Footprint,0
A01442,Infrastructure,Cloud,628859
A01442,Database,Cloud,327839
A01442,Analytics & Data,Hybrid,638747
A01442,AI & ML,Cloud,1053840
A01442,Security,Hybrid,219943
A01442,Applications,Hybrid,103796
A01442,Integration,Hybrid,1582289
A01443,Infrastructure,Hybrid,327336
A01443,Database,No Footprint,0
A01443,Analytics & Data,Cloud,612459
A01443,AI & ML,Cloud,611457
A01443,Security,On-Premise,436109
A01443,Applications,Hybrid,497455
A01443,Integration,No Footprint,0
A01444,Infrastructure,Cloud,1118860
A01444,Database,Cloud,847719
A01444,Analytics & Data,No Footprint,0
A01444,AI & ML,No Footprint,0
A01444,Security,On-Premise,1683316
A01444,Applications,No Footprint,0
A01444,Integration,Cloud,1678002
A01445,Infrastructure,On-Premise,4110601
A01445,Database,Hybrid,1466710
A01445,Analytics & Data,No Footprint,0
A01445,AI & ML,Cloud,979968
A01445,Security,No Footprint,0
A01445,Applications,On-Premise,1031409
A01445,Integration,No Footprint,0
A01446,Infrastructure,On-Premise,2370368
A01446,Database,Cloud,1121275
A01446,Analytics & Data,Hybrid,360292
A01446,AI & ML,No Footprint,0
A01446,Security,No Footprint,0
A01446,Applications,Cloud,145952
A01446,Integration,Hybrid,65946
A01447,Infrastructure,Cloud,542419
A01447,Database,On-Premise,4113469
A01447,Analytics & Data,Cloud,935988
A01447,AI & ML,Cloud,586036
A01447,Security,Hybrid,304826
A01447,Applications,On-Premise,496286
A01447,Integration,Cloud,461102
A01448,Infrastructure,On-Premise,305064
A01448,Database,Hybrid,243878
A01448,Analytics & Data,Cloud,1256079
A01448,AI & ML,No Footprint,0
A01448,Security,Cloud,557606
A01448,Applications,Hybrid,847308
A01448,Integration,Cloud,668003
A01449,Infrastructure,Hybrid,519707
A01449,Database,No Footprint,0
A01449,Analytics & Data,Cloud,1363454
A01449,AI & ML,No Footprint,0
A01449,Security,On-Premise,1028545
A01449,Applications,On-Premise,2927972
A01449,Integration,Hybrid,390675
A01450,Infrastructure,Cloud,504505
A01450,Database,No Footprint,0
A01450,Analytics & Data,Hybrid,1106434
A01450,AI & ML,Cloud,3171688
A01450,Security,Hybrid,314917
A01450,Applications,Hybrid,361500
A01450,Integration,No Footprint,0
A01451,Infrastructure,Hybrid,501228
A01451,Database,Cloud,694573
A01451,Analytics & Data,Hybrid,512026
A01451,AI & ML,Cloud,771863
A01451,Security,No Footprint,0
A01451,Applications,On-Premise,70127
A01451,Integration,Hybrid,125595
A01452,Infrastructure,No Footprint,0
A01452,Database,Hybrid,724293
A01452,Analytics & Data,Hybrid,892506
A01452,AI & ML,No Footprint,0
A01452,Security,Hybrid,1504330
A01452,Applications,No Footprint,0
A01452,Integration,Hybrid,799758
A01453,Infrastructure,On-Premise,869615
A01453,Database,Hybrid,1386378
A01453,Analytics & Data,Cloud,1259036
A01453,AI & ML,No Footprint,0
A01453,Security,Hybrid,587615
A01453,Applications,Cloud,2047786
A01453,Integration,Cloud,1476191
A01454,Infrastructure,Hybrid,5140665
A01454,Database,Cloud,225915
A01454,Analytics & Data,Cloud,3429301
A01454,AI & ML,No Footprint,0
A01454,Security,Cloud,1658933
A01454,Applications,On-Premise,1281887
A01454,Integration,No Footprint,0
A01455,Infrastructure,Cloud,423320
A01455,Database,On-Premise,705052
A01455,Analytics & Data,Cloud,308972
A01455,AI & ML,Cloud,530949
A01455,Security,Cloud,296789
A01455,Applications,Hybrid,167271
A01455,Integration,Hybrid,217408
A01456,Infrastructure,Hybrid,788602
A01456,Database,Hybrid,740808
A01456,Analytics & Data,Hybrid,2006263
A01456,AI & ML,Cloud,1153785
A01456,Security,Cloud,2260856
A01456,Applications,Hybrid,201588
A01456,Integration,Cloud,996342
A01457,Infrastructure,On-Premise,255706
A01457,Database,Hybrid,476307
A01457,Analytics & Data,No Footprint,0
A01457,AI & ML,No Footprint,0
A01457,Security,No Footprint,0
A01457,Applications,Cloud,743724
A01457,Integration,No Footprint,0
A01458,Infrastructure,Cloud,442072
A01458,Database,No Footprint,0
A01458,Analytics & Data,No Footprint,0
A01458,AI & ML,No Footprint,0
A01458,Security,On-Premise,1535011
A01458,Applications,On-Premise,73662
A01458,Integration,Cloud,1836955
A01459,Infrastructure,Cloud,2297651
A01459,Database,On-Premise,1014290
A01459,Analytics & Data,Hybrid,245239
A01459,AI & ML,Cloud,187393
A01459,Security,Hybrid,1180851
A01459,Applications,Cloud,667282
A01459,Integration,Hybrid,713514
A01460,Infrastructure,No Footprint,0
A01460,Database,Hybrid,4057959
A01460,Analytics & Data,Cloud,994996
A01460,AI & ML,No Footprint,0
A01460,Security,On-Premise,673443
A01460,Applications,No Footprint,0
A01460,Integration,No Footprint,0
A01461,Infrastructure,No Footprint,0
A01461,Database,Hybrid,240607
A01461,Analytics & Data,No Footprint,0
A01461,AI & ML,No Footprint,0
A01461,Security,Hybrid,438227
A01461,Applications,Hybrid,2757914
A01461,Integration,Cloud,63451
A01462,Infrastructure,Hybrid,1065181
A01462,Database,On-Premise,2809238
A01462,Analytics & Data,Hybrid,941469
A01462,AI & ML,Cloud,425167
A01462,Security,Hybrid,1244381
A01462,Applications,No Footprint,0
A01462,Integration,Hybrid,1993883
A01463,Infrastructure,On-Premise,655568
A01463,Database,On-Premise,748059
A01463,Analytics & Data,No Footprint,0
A01463,AI & ML,No Footprint,0
A01463,Security,Hybrid,282291
A01463,Applications,Cloud,364406
A01463,Integration,Cloud,574176
A01464,Infrastructure,Cloud,186918
A01464,Database,No Footprint,0
A01464,Analytics & Data,Cloud,328236
A01464,AI & ML,Cloud,1345763
A01464,Security,On-Premise,978647
A01464,Applications,Cloud,328442
A01464,Integration,No Footprint,0
A01465,Infrastructure,Hybrid,122475
A01465,Database,Hybrid,1929224
A01465,Analytics & Data,Cloud,309899
A01465,AI & ML,Cloud,752812
A01465,Security,Hybrid,497145
A01465,Applications,Hybrid,2186834
A01465,Integration,Hybrid,2279885
A01466,Infrastructure,No Footprint,0
A01466,Database,Cloud,1526781
A01466,Analytics & Data,No Footprint,0
A01466,AI & ML,Cloud,525036
A01466,Security,No Footprint,0
A01466,Applications,Cloud,217310
A01466,Integration,No Footprint,0
A01467,Infrastructure,Hybrid,1361804
A01467,Database,Cloud,1327240
A01467,Analytics & Data,Cloud,461808
A01467,AI & ML,Cloud,565501
A01467,Security,Cloud,360638
A01467,Applications,No Footprint,0
A01467,Integration,Hybrid,557878
A01468,Infrastructure,No Footprint,0
A01468,Database,Hybrid,2962166
A01468,Analytics & Data,No Footprint,0
A01468,AI & ML,Cloud,564696
A01468,Security,Cloud,425003
A01468,Applications,Cloud,274452
A01468,Integration,Cloud,398808
A01469,Infrastructure,No Footprint,0
A01469,Database,Cloud,1002748
A01469,Analytics & Data,Cloud,626124
A01469,AI & ML,Cloud,276764
A01469,Security,On-Premise,2056726
A01469,Applications,On-Premise,373289
A01469,Integration,No Footprint,0
A01470,Infrastructure,On-Premise,2380531
A01470,Database,Cloud,795253
A01470,Analytics & Data,Hybrid,808206
A01470,AI & ML,Cloud,935774
A01470,Security,Cloud,1269749
A01470,Applications,No Footprint,0
A01470,Integration,Cloud,673558
A01471,Infrastructure,Cloud,246315
A01471,Database,On-Premise,718274
A01471,Analytics & Data,Cloud,1232149
A01471,AI & ML,No Footprint,0
A01471,Security,On-Premise,1079316
A01471,Applications,On-Premise,1190601
A01471,Integration,Cloud,174556
A01472,Infrastructure,Hybrid,589870
A01472,Database,No Footprint,0
A01472,Analytics & Data,Hybrid,2166732
A01472,AI & ML,No Footprint,0
A01472,Security,Cloud,506377
A01472,Applications,On-Premise,299898
A01472,Integration,Cloud,913324
A01473,Infrastructure,Hybrid,267615
A01473,Database,Cloud,323153
A01473,Analytics & Data,Cloud,1973071
A01473,AI & ML,Cloud,491094
A01473,Security,No Footprint,0
A01473,Applications,Cloud,540943
A01473,Integration,Hybrid,297995
A01474,Infrastructure,Cloud,1816016
A01474,Database,Cloud,312729
A01474,Analytics & Data,No Footprint,0
A01474,AI & ML,No Footprint,0
A01474,Security,Hybrid,780864
A01474,Applications,On-Premise,296157
A01474,Integration,Hybrid,953560
A01475,Infrastructure,No Footprint,0
A01475,Database,No Footprint,0
A01475,Analytics & Data,Cloud,359444
A01475,AI & ML,Cloud,2762626
A01475,Security,No Footprint,0
A01475,Applications,No Footprint,0
A01475,Integration,Cloud,249009
A01476,Infrastructure,On-Premise,1754967
A01476,Database,No Footprint,0
A01476,Analytics & Data,Hybrid,394023
A01476,AI & ML,Cloud,2186357
A01476,Security,On-Premise,2118817
A01476,Applications,On-Premise,841689
A01476,Integration,Hybrid,833505
A01477,Infrastructure,Cloud,217985
A01477,Database,Hybrid,546481
A01477,Analytics & Data,Hybrid,2991902
A01477,AI & ML,Cloud,553754
A01477,Security,No Footprint,0
A01477,Applications,Hybrid,169669
A01477,Integration,Hybrid,978798
A01478,Infrastructure,No Footprint,0
A01478,Database,No Footprint,0
A01478,Analytics & Data,Hybrid,729275
A01478,AI & ML,Cloud,1233216
A01478,Security,No Footprint,0
A01478,Applications,On-Premise,718883
A01478,Integration,Hybrid,2868861
A01479,Infrastructure,Cloud,308799
A01479,Database,No Footprint,0
A01479,Analytics & Data,Cloud,2607582
A01479,AI & ML,Cloud,129609
A01479,Security,Cloud,534298
A01479,Applications,Cloud,433233
A01479,Integration,Hybrid,469749
A01480,Infrastructure,Cloud,442383
A01480,Database,Hybrid,480164
A01480,Analytics & Data,Hybrid,3093554
A01480,AI & ML,No Footprint,0
A01480,Security,On-Premise,268339
A01480,Applications,No Footprint,0
A01480,Integration,No Footprint,0
A01481,Infrastructure,Cloud,210319
A01481,Database,Hybrid,164489
A01481,Analytics & Data,Hybrid,738441
A01481,AI & ML,Cloud,336611
A01481,Security,On-Premise,3334904
A01481,Applications,Hybrid,1103585
A01481,Integration,No Footprint,0
A01482,Infrastructure,Cloud,817201
A01482,Database,Hybrid,860561
A01482,Analytics & Data,No Footprint,0
A01482,AI & ML,Cloud,1296668
A01482,Security,Hybrid,352893
A01482,Applications,Cloud,1616547
A01482,Integration,No Footprint,0
A01483,Infrastructure,Cloud,774661
A01483,Database,On-Premise,581111
A01483,Analytics & Data,No Footprint,0
A01483,AI & ML,Cloud,1299205
A01483,Security,On-Premise,326003
A01483,Applications,Hybrid,180179
A01483,Integration,No Footprint,0
A01484,Infrastructure,Cloud,280708
A01484,Database,On-Premise,783807
A01484,Analytics & Data,Hybrid,1131920
A01484,AI & ML,Cloud,1300469
A01484,Security,On-Premise,538086
A01484,Applications,On-Premise,207584
A01484,Integration,Cloud,368098
A01485,Infrastructure,On-Premise,734505
A01485,Database,On-Premise,506542
A01485,Analytics & Data,Cloud,5565111
A01485,AI & ML,No Footprint,0
A01485,Security,Cloud,422791
A01485,Applications,No Footprint,0
A01485,Integration,Hybrid,467080
A01486,Infrastructure,Hybrid,515195
A01486,Database,Hybrid,274349
A01486,Analytics & Data,Hybrid,149812
A01486,AI & ML,No Footprint,0
A01486,Security,No Footprint,0
A01486,Applications,No Footprint,0
A01486,Integration,Hybrid,260623
A01487,Infrastructure,Hybrid,596732
A01487,Database,Cloud,1125535
A01487,Analytics & Data,No Footprint,0
A01487,AI & ML,No Footprint,0
A01487,Security,On-Premise,2916428
A01487,Applications,Hybrid,590738
A01487,Integration,No Footprint,0
A01488,Infrastructure,Cloud,380723
A01488,Database,On-Premise,1072528
A01488,Analytics & Data,Cloud,432168
A01488,AI & ML,No Footprint,0
A01488,Security,Cloud,315079
A01488,Applications,No Footprint,0
A01488,Integration,No Footprint,0
A01489,Infrastructure,Hybrid,388591
A01489,Database,No Footprint,0
A01489,Analytics & Data,Cloud,356900
A01489,AI & ML,Cloud,1002773
A01489,Security,On-Premise,414145
A01489,Applications,Cloud,1540429
A01489,Integration,Cloud,694770
A01490,Infrastructure,Cloud,1399595
A01490,Database,Hybrid,2665263
A01490,Analytics & Data,Cloud,500802
A01490,AI & ML,Cloud,481676
A01490,Security,Hybrid,664795
A01490,Applications,Cloud,194995
A01490,Integration,Hybrid,631187
A01491,Infrastructure,Cloud,935258
A01491,Database,No Footprint,0
A01491,Analytics & Data,No Footprint,0
A01491,AI & ML,No Footprint,0
A01491,Security,On-Premise,405678
A01491,Applications,No Footprint,0
A01491,Integration,Hybrid,950402
A01492,Infrastructure,No Footprint,0
A01492,Database,On-Premise,235476
A01492,Analytics & Data,Hybrid,279731
A01492,AI & ML,Cloud,1620491
A01492,Security,Hybrid,1254730
A01492,Applications,Hybrid,92827
A01492,Integration,Hybrid,1097287
A01493,Infrastructure,No Footprint,0
A01493,Database,No Footprint,0
A01493,Analytics & Data,Hybrid,657464
A01493,AI & ML,Cloud,1117889
A01493,Security,No Footprint,0
A01493,Applications,Hybrid,2014249
A01493,Integration,Hybrid,1004813
A01494,Infrastructure,Hybrid,1500646
A01494,Database,No Footprint,0
A01494,Analytics & Data,Hybrid,4620807
A01494,AI & ML,No Footprint,0
A01494,Security,On-Premise,1125822
A01494,Applications,On-Premise,301375
A01494,Integration,No Footprint,0
A01495,Infrastructure,On-Premise,2823070
A01495,Database,Cloud,561354
A01495,Analytics & Data,Cloud,945833
A01495,AI & ML,Cloud,2121777
A01495,Security,On-Premise,1317934
A01495,Applications,On-Premise,1505281
A01495,Integration,No Footprint,0
A01496,Infrastructure,No Footprint,0
A01496,Database,No Footprint,0
A01496,Analytics & Data,No Footprint,0
A01496,AI & ML,Cloud,1078108
A01496,Security,Hybrid,1203158
A01496,Applications,On-Premise,3954020
A01496,Integration,Cloud,874580
A01497,Infrastructure,Hybrid,1236192
A01497,Database,No Footprint,0
A01497,Analytics & Data,No Footprint,0
A01497,AI & ML,No Footprint,0
A01497,Security,Cloud,4568946
A01497,Applications,Hybrid,794689
A01497,Integration,Hybrid,1377881
A01498,Infrastructure,Cloud,2385423
A01498,Database,On-Premise,1583732
A01498,Analytics & Data,Cloud,1083797
A01498,AI & ML,Cloud,1526157
A01498,Security,No Footprint,0
A01498,Applications,Cloud,75748
A01498,Integration,Cloud,989264
A01499,Infrastructure,On-Premise,853006
A01499,Database,No Footprint,0
A01499,Analytics & Data,Hybrid,1949033
A01499,AI & ML,Cloud,439471
A01499,Security,Hybrid,1090019
A01499,Applications,On-Premise,971932
A01499,Integration,Cloud,1164275
A01500,Infrastructure,Cloud,1096762
A01500,Database,Hybrid,2063275
A01500,Analytics & Data,Cloud,360776
A01500,AI & ML,Cloud,1767522
A01500,Security,Hybrid,187715
A01500,Applications,On-Premise,2289930
A01500,Integration,Cloud,202356
A01501,Infrastructure,No Footprint,0
A01501,Database,On-Premise,452450
A01501,Analytics & Data,Cloud,150576
A01501,AI & ML,No Footprint,0
A01501,Security,On-Premise,992264
A01501,Applications,Cloud,909688
A01501,Integration,Cloud,253342
A01502,Infrastructure,Cloud,1142813
A01502,Database,On-Premise,228480
A01502,Analytics & Data,Cloud,879685
A01502,AI & ML,No Footprint,0
A01502,Security,Cloud,196677
A01502,Applications,Hybrid,1133268
A01502,Integration,Cloud,1900557
A01503,Infrastructure,Hybrid,648759
A01503,Database,Hybrid,561506
A01503,Analytics & Data,No Footprint,0
A01503,AI & ML,Cloud,792584
A01503,Security,Hybrid,1048041
A01503,Applications,On-Premise,822492
A01503,Integration,Cloud,1268688
A01504,Infrastructure,On-Premise,1077057
A01504,Database,No Footprint,0
A01504,Analytics & Data,Cloud,864097
A01504,AI & ML,Cloud,1543777
A01504,Security,Hybrid,428140
A01504,Applications,No Footprint,0
A01504,Integration,Cloud,166938
A01505,Infrastructure,On-Premise,349232
A01505,Database,On-Premise,1626502
A01505,Analytics & Data,Cloud,1724616
A01505,AI & ML,Cloud,307274
A01505,Security,On-Premise,385417
A01505,Applications,No Footprint,0
A01505,Integration,Hybrid,1482764
A01506,Infrastructure,No Footprint,0
A01506,Database,On-Premise,480264
A01506,Analytics & Data,No Footprint,0
A01506,AI & ML,Cloud,2129969
A01506,Security,On-Premise,791566
A01506,Applications,On-Premise,2531765
A01506,Integration,Cloud,1307305
A01507,Infrastructure,No Footprint,0
A01507,Database,Hybrid,463812
A01507,Analytics & Data,No Footprint,0
A01507,AI & ML,No Footprint,0
A01507,Security,Hybrid,580954
A01507,Applications,Hybrid,726013
A01507,Integration,Hybrid,379119
A01508,Infrastructure,Cloud,218517
A01508,Database,Hybrid,2381487
A01508,Analytics & Data,No Footprint,0
A01508,AI & ML,Cloud,1416676
A01508,Security,On-Premise,1379374
A01508,Applications,Cloud,499468
A01508,Integration,Cloud,1924633
A01509,Infrastructure,No Footprint,0
A01509,Database,No Footprint,0
A01509,Analytics & Data,Cloud,8624382
A01509,AI & ML,Cloud,4324329
A01509,Security,On-Premise,870898
A01509,Applications,Cloud,628357
A01509,Integration,Cloud,561354
A01510,Infrastructure,Cloud,419794
A01510,Database,No Footprint,0
A01510,Analytics & Data,No Footprint,0
A01510,AI & ML,Cloud,1194506
A01510,Security,On-Premise,1595267
A01510,Applications,Hybrid,1028831
A01510,Integration,No Footprint,0
A01511,Infrastructure,On-Premise,390026
A01511,Database,On-Premise,1289001
A01511,Analytics & Data,No Footprint,0
A01511,AI & ML,No Footprint,0
A01511,Security,Hybrid,235008
A01511,Applications,No Footprint,0
A01511,Integration,Cloud,667157
A01512,Infrastructure,Cloud,1592322
A01512,Database,Cloud,1107144
A01512,Analytics & Data,Hybrid,651967
A01512,AI & ML,Cloud,1523904
A01512,Security,No Footprint,0
A01512,Applications,Hybrid,1604366
A01512,Integration,No Footprint,0
A01513,Infrastructure,Cloud,662778
A01513,Database,Hybrid,212679
A01513,Analytics & Data,No Footprint,0
A01513,AI & ML,Cloud,945060
A01513,Security,Hybrid,672361
A01513,Applications,Cloud,479090
A01513,Integration,No Footprint,0
A01514,Infrastructure,Hybrid,1103915
A01514,Database,No Footprint,0
A01514,Analytics & Data,No Footprint,0
A01514,AI & ML,Cloud,685017
A01514,Security,On-Premise,850201
A01514,Applications,On-Premise,508492
A01514,Integration,Hybrid,634470
A01515,Infrastructure,On-Premise,349480
A01515,Database,On-Premise,602778
A01515,Analytics & Data,Cloud,84497
A01515,AI & ML,Cloud,717791
A01515,Security,Hybrid,799315
A01515,Applications,No Footprint,0
A01515,Integration,Hybrid,1491017
A01516,Infrastructure,Cloud,792423
A01516,Database,Hybrid,646181
A01516,Analytics & Data,Hybrid,283486
A01516,AI & ML,Cloud,603030
A01516,Security,Cloud,406205
A01516,Applications,On-Premise,1382136
A01516,Integration,No Footprint,0
A01517,Infrastructure,Hybrid,423928
A01517,Database,Cloud,167064
A01517,Analytics & Data,No Footprint,0
A01517,AI & ML,Cloud,3012186
A01517,Security,On-Premise,1826898
A01517,Applications,Cloud,247744
A01517,Integration,Hybrid,865323
A01518,Infrastructure,Hybrid,1131210
A01518,Database,Cloud,125059
A01518,Analytics & Data,No Footprint,0
A01518,AI & ML,No Footprint,0
A01518,Security,Hybrid,2004883
A01518,Applications,On-Premise,286962
A01518,Integration,Hybrid,150493
A01519,Infrastructure,Cloud,424645
A01519,Database,On-Premise,404822
A01519,Analytics & Data,No Footprint,0
A01519,AI & ML,Cloud,425641
A01519,Security,No Footprint,0
A01519,Applications,Hybrid,1737613
A01519,Integration,No Footprint,0
A01520,Infrastructure,Cloud,2140229
A01520,Database,On-Premise,569321
A01520,Analytics & Data,No Footprint,0
A01520,AI & ML,Cloud,2997152
A01520,Security,No Footprint,0
A01520,Applications,No Footprint,0
A01520,Integration,Hybrid,670385
A01521,Infrastructure,Hybrid,1472556
A01521,Database,No Footprint,0
A01521,Analytics & Data,Cloud,524738
A01521,AI & ML,No Footprint,0
A01521,Security,Cloud,857010
A01521,Applications,On-Premise,326442
A01521,Integration,Cloud,621912
A01522,Infrastructure,Hybrid,1432774
A01522,Database,Cloud,1828526
A01522,Analytics & Data,Cloud,1557732
A01522,AI & ML,Cloud,1940992
A01522,Security,Hybrid,218578
A01522,Applications,Hybrid,1000916
A01522,Integration,Hybrid,587865
A01523,Infrastructure,On-Premise,403530
A01523,Database,On-Premise,1295787
A01523,Analytics & Data,No Footprint,0
A01523,AI & ML,Cloud,432335
A01523,Security,Hybrid,1076690
A01523,Applications,Cloud,335862
A01523,Integration,Cloud,6303664
A01524,Infrastructure,No Footprint,0
A01524,Database,Cloud,630693
A01524,Analytics & Data,Cloud,102019
A01524,AI & ML,Cloud,413355
A01524,Security,No Footprint,0
A01524,Applications,Cloud,673266
A01524,Integration,No Footprint,0
A01525,Infrastructure,Hybrid,606673
A01525,Database,On-Premise,338860
A01525,Analytics & Data,Hybrid,483081
A01525,AI & ML,No Footprint,0
A01525,Security,No Footprint,0
A01525,Applications,Cloud,2100846
A01525,Integration,Cloud,3425731
A01526,Infrastructure,Hybrid,1364927
A01526,Database,Cloud,1125309
A01526,Analytics & Data,No Footprint,0
A01526,AI & ML,Cloud,1302827
A01526,Security,No Footprint,0
A01526,Applications,No Footprint,0
A01526,Integration,Hybrid,286255
A01527,Infrastructure,Cloud,908277
A01527,Database,No Footprint,0
A01527,Analytics & Data,Hybrid,1496360
A01527,AI & ML,No Footprint,0
A01527,Security,Hybrid,534753
A01527,Applications,On-Premise,1056044
A01527,Integration,Hybrid,633408
A01528,Infrastructure,On-Premise,458746
A01528,Database,No Footprint,0
A01528,Analytics & Data,No Footprint,0
A01528,AI & ML,No Footprint,0
A01528,Security,No Footprint,0
A01528,Applications,No Footprint,0
A01528,Integration,No Footprint,0
A01529,Infrastructure,Cloud,433648
A01529,Database,Cloud,566627
A01529,Analytics & Data,Hybrid,1102881
A01529,AI & ML,Cloud,271032
A01529,Security,On-Premise,866412
A01529,Applications,On-Premise,526554
A01529,Integration,No Footprint,0
A01530,Infrastructure,Cloud,1114891
A01530,Database,On-Premise,1171793
A01530,Analytics & Data,Hybrid,4000132
A01530,AI & ML,No Footprint,0
A01530,Security,No Footprint,0
A01530,Applications,No Footprint,0
A01530,Integration,Hybrid,807310
A01531,Infrastructure,No Footprint,0
A01531,Database,Hybrid,794669
A01531,Analytics & Data,No Footprint,0
A01531,AI & ML,Cloud,1285976
A01531,Security,On-Premise,1264496
A01531,Applications,Hybrid,1067472
A01531,Integration,Hybrid,1794006
A01532,Infrastructure,Hybrid,687073
A01532,Database,No Footprint,0
A01532,Analytics & Data,Hybrid,796097
A01532,AI & ML,Cloud,335809
A01532,Security,Cloud,1251717
A01532,Applications,Cloud,627380
A01532,Integration,No Footprint,0
A01533,Infrastructure,On-Premise,930917
A01533,Database,No Footprint,0
A01533,Analytics & Data,Cloud,376843
A01533,AI & ML,Cloud,882833
A01533,Security,No Footprint,0
A01533,Applications,Cloud,707200
A01533,Integration,No Footprint,0
A01534,Infrastructure,Hybrid,799111
A01534,Database,On-Premise,378246
A01534,Analytics & Data,No Footprint,0
A01534,AI & ML,Cloud,994109
A01534,Security,No Footprint,0
A01534,Applications,On-Premise,4232954
A01534,Integration,Cloud,1149337
A01535,Infrastructure,No Footprint,0
A01535,Database,Hybrid,1752514
A01535,Analytics & Data,Hybrid,844831
A01535,AI & ML,Cloud,1011861
A01535,Security,Cloud,284126
A01535,Applications,No Footprint,0
A01535,Integration,Hybrid,830351
A01536,Infrastructure,No Footprint,0
A01536,Database,Hybrid,262330
A01536,Analytics & Data,No Footprint,0
A01536,AI & ML,No Footprint,0
A01536,Security,Hybrid,189878
A01536,Applications,No Footprint,0
A01536,Integration,Hybrid,274028
A01537,Infrastructure,Hybrid,1067083
A01537,Database,Cloud,689534
A01537,Analytics & Data,Cloud,1047228
A01537,AI & ML,No Footprint,0
A01537,Security,No Footprint,0
A01537,Applications,Hybrid,2407422
A01537,Integration,No Footprint,0
A01538,Infrastructure,Hybrid,882323
A01538,Database,On-Premise,812439
A01538,Analytics & Data,No Footprint,0
A01538,AI & ML,Cloud,282987
A01538,Security,Cloud,554793
A01538,Applications,Hybrid,537743
A01538,Integration,No Footprint,0
A01539,Infrastructure,No Footprint,0
A01539,Database,Cloud,880263
A01539,Analytics & Data,Hybrid,696386
A01539,AI & ML,Cloud,3064370
A01539,Security,No Footprint,0
A01539,Applications,On-Premise,2022861
A01539,Integration,Cloud,869982
A01540,Infrastructure,On-Premise,190531
A01540,Database,Cloud,425607
A01540,Analytics & Data,Cloud,722084
A01540,AI & ML,No Footprint,0
A01540,Security,Hybrid,672847
A01540,Applications,No Footprint,0
A01540,Integration,Cloud,699449
A01541,Infrastructure,On-Premise,2398882
A01541,Database,On-Premise,666435
A01541,Analytics & Data,Cloud,678472
A01541,AI & ML,Cloud,614727
A01541,Security,Hybrid,3417790
A01541,Applications,Cloud,784210
A01541,Integration,Hybrid,1327718
A01542,Infrastructure,No Footprint,0
A01542,Database,Hybrid,1025697
A01542,Analytics & Data,Cloud,1119746
A01542,AI & ML,Cloud,1858378
A01542,Security,No Footprint,0
A01542,Applications,No Footprint,0
A01542,Integration,Hybrid,98027
A01543,Infrastructure,No Footprint,0
A01543,Database,Cloud,2862153
A01543,Analytics & Data,Hybrid,498230
A01543,AI & ML,No Footprint,0
A01543,Security,No Footprint,0
A01543,Applications,Cloud,222575
A01543,Integration,Hybrid,102467
A01544,Infrastructure,On-Premise,905108
A01544,Database,On-Premise,125657
A01544,Analytics & Data,No Footprint,0
A01544,AI & ML,Cloud,252550
A01544,Security,Cloud,712093
A01544,Applications,No Footprint,0
A01544,Integration,No Footprint,0
A01545,Infrastructure,On-Premise,921070
A01545,Database,On-Premise,606829
A01545,Analytics & Data,Cloud,281604
A01545,AI & ML,Cloud,531956
A01545,Security,On-Premise,846373
A01545,Applications,On-Premise,2902526
A01545,Integration,Cloud,294751
A01546,Infrastructure,Hybrid,1561915
A01546,Database,No Footprint,0
A01546,Analytics & Data,Cloud,756904
A01546,AI & ML,No Footprint,0
A01546,Security,No Footprint,0
A01546,Applications,Cloud,2622330
A01546,Integration,Hybrid,4199085
A01547,Infrastructure,Cloud,475509
A01547,Database,On-Premise,1922502
A01547,Analytics & Data,No Footprint,0
A01547,AI & ML,No Footprint,0
A01547,Security,No Footprint,0
A01547,Applications,Hybrid,2436273
A01547,Integration,Cloud,533631
A01548,Infrastructure,Cloud,446162
A01548,Database,On-Premise,803721
A01548,Analytics & Data,No Footprint,0
A01548,AI & ML,No Footprint,0
A01548,Security,No Footprint,0
A01548,Applications,On-Premise,805572
A01548,Integration,Hybrid,2878453
A01549,Infrastructure,No Footprint,0
A01549,Database,On-Premise,468868
A01549,Analytics & Data,Cloud,969814
A01549,AI & ML,Cloud,334140
A01549,Security,No Footprint,0
A01549,Applications,No Footprint,0
A01549,Integration,Hybrid,841515
A01550,Infrastructure,On-Premise,1474989
A01550,Database,No Footprint,0
A01550,Analytics & Data,Cloud,348593
A01550,AI & ML,Cloud,375707
A01550,Security,Hybrid,650368
A01550,Applications,Hybrid,369758
A01550,Integration,Cloud,681879
A01551,Infrastructure,No Footprint,0
A01551,Database,Cloud,268277
A01551,Analytics & Data,Cloud,513603
A01551,AI & ML,Cloud,416765
A01551,Security,No Footprint,0
A01551,Applications,On-Premise,2699474
A01551,Integration,No Footprint,0
A01552,Infrastructure,No Footprint,0
A01552,Database,On-Premise,1416635
A01552,Analytics & Data,Hybrid,372582
A01552,AI & ML,Cloud,532872
A01552,Security,No Footprint,0
A01552,Applications,Cloud,535597
A01552,Integration,Cloud,1679013
A01553,Infrastructure,No Footprint,0
A01553,Database,Hybrid,285766
A01553,Analytics & Data,Hybrid,1705090
A01553,AI & ML,Cloud,1040857
A01553,Security,On-Premise,948125
A01553,Applications,Cloud,259744
A01553,Integration,Cloud,2778162
A01554,Infrastructure,Hybrid,2919032
A01554,Database,Hybrid,843835
A01554,Analytics & Data,Hybrid,771638
A01554,AI & ML,Cloud,663859
A01554,Security,Hybrid,1875988
A01554,Applications,Cloud,785894
A01554,Integration,Cloud,149656
A01555,Infrastructure,On-Premise,195139
A01555,Database,Cloud,643003
A01555,Analytics & Data,No Footprint,0
A01555,AI & ML,No Footprint,0
A01555,Security,No Footprint,0
A01555,Applications,Cloud,3556624
A01555,Integration,No Footprint,0
A01556,Infrastructure,On-Premise,414800
A01556,Database,Cloud,477419
A01556,Analytics & Data,No Footprint,0
A01556,AI & ML,Cloud,3885676
A01556,Security,On-Premise,1239630
A01556,Applications,No Footprint,0
A01556,Integration,Cloud,472539
A01557,Infrastructure,No Footprint,0
A01557,Database,On-Premise,1728666
A01557,Analytics & Data,Hybrid,839034
A01557,AI & ML,No Footprint,0
A01557,Security,Hybrid,680435
A01557,Applications,No Footprint,0
A01557,Integration,Cloud,561054
A01558,Infrastructure,Cloud,372062
A01558,Database,Cloud,829500
A01558,Analytics & Data,Cloud,236432
A01558,AI & ML,Cloud,986190
A01558,Security,No Footprint,0
A01558,Applications,No Footprint,0
A01558,Integration,Cloud,1861816
A01559,Infrastructure,No Footprint,0
A01559,Database,No Footprint,0
A01559,Analytics & Data,Cloud,2234437
A01559,AI & ML,Cloud,2296929
A01559,Security,Cloud,3774288
A01559,Applications,On-Premise,1701727
A01559,Integration,Hybrid,2118346
A01560,Infrastructure,On-Premise,1028815
A01560,Database,Hybrid,229795
A01560,Analytics & Data,No Footprint,0
A01560,AI & ML,No Footprint,0
A01560,Security,Cloud,3103223
A01560,Applications,Hybrid,1312973
A01560,Integration,Hybrid,676137
A01561,Infrastructure,On-Premise,3075717
A01561,Database,No Footprint,0
A01561,Analytics & Data,No Footprint,0
A01561,AI & ML,Cloud,4585241
A01561,Security,No Footprint,0
A01561,Applications,Hybrid,571720
A01561,Integration,Cloud,651919
A01562,Infrastructure,No Footprint,0
A01562,Database,Hybrid,644092
A01562,Analytics & Data,Hybrid,828286
A01562,AI & ML,No Footprint,0
A01562,Security,On-Premise,419042
A01562,Applications,No Footprint,0
A01562,Integration,No Footprint,0
A01563,Infrastructure,Cloud,450271
A01563,Database,On-Premise,2343949
A01563,Analytics & Data,Hybrid,372359
A01563,AI & ML,No Footprint,0
A01563,Security,On-Premise,986029
A01563,Applications,Cloud,2053790
A01563,Integration,Hybrid,1106152
A01564,Infrastructure,No Footprint,0
A01564,Database,Cloud,332623
A01564,Analytics & Data,Cloud,295404
A01564,AI & ML,No Footprint,0
A01564,Security,No Footprint,0
A01564,Applications,On-Premise,131878
A01564,Integration,No Footprint,0
A01565,Infrastructure,Cloud,214009
A01565,Database,No Footprint,0
A01565,Analytics & Data,No Footprint,0
A01565,AI & ML,Cloud,573015
A01565,Security,Hybrid,107238
A01565,Applications,No Footprint,0
A01565,Integration,No Footprint,0
A01566,Infrastructure,Cloud,1342048
A01566,Database,On-Premise,1326258
A01566,Analytics & Data,Cloud,381348
A01566,AI & ML,Cloud,602301
A01566,Security,Cloud,344081
A01566,Applications,No Footprint,0
A01566,Integration,Cloud,1294762
A01567,Infrastructure,Hybrid,5020438
A01567,Database,On-Premise,4586432
A01567,Analytics & Data,No Footprint,0
A01567,AI & ML,Cloud,541513
A01567,Security,Hybrid,3538687
A01567,Applications,No Footprint,0
A01567,Integration,No Footprint,0
A01568,Infrastructure,Cloud,140529
A01568,Database,On-Premise,3323823
A01568,Analytics & Data,No Footprint,0
A01568,AI & ML,Cloud,1611830
A01568,Security,Cloud,257344
A01568,Applications,On-Premise,245901
A01568,Integration,Hybrid,386437
A01569,Infrastructure,On-Premise,3303283
A01569,Database,On-Premise,1021570
A01569,Analytics & Data,Cloud,414328
A01569,AI & ML,Cloud,1428881
A01569,Security,Cloud,383296
A01569,Applications,On-Premise,1034439
A01569,Integration,Cloud,750010
A01570,Infrastructure,No Footprint,0
A01570,Database,On-Premise,495522
A01570,Analytics & Data,Cloud,565902
A01570,AI & ML,No Footprint,0
A01570,Security,No Footprint,0
A01570,Applications,On-Premise,1454467
A01570,Integration,No Footprint,0
A01571,Infrastructure,On-Premise,3671188
A01571,Database,No Footprint,0
A01571,Analytics & Data,Hybrid,352258
A01571,AI & ML,Cloud,644162
A01571,Security,Cloud,1901294
A01571,Applications,Hybrid,329082
A01571,Integration,No Footprint,0
A01572,Infrastructure,Hybrid,572390
A01572,Database,Hybrid,986414
A01572,Analytics & Data,Cloud,1928520
A01572,AI & ML,Cloud,979545
A01572,Security,Cloud,1645043
A01572,Applications,On-Premise,3697035
A01572,Integration,Hybrid,1283780
A01573,Infrastructure,No Footprint,0
A01573,Database,Cloud,2079956
A01573,Analytics & Data,No Footprint,0
A01573,AI & ML,Cloud,2459303
A01573,Security,Cloud,2557993
A01573,Applications,No Footprint,0
A01573,Integration,Hybrid,2476978
A01574,Infrastructure,On-Premise,195632
A01574,Database,Hybrid,592421
A01574,Analytics & Data,No Footprint,0
A01574,AI & ML,Cloud,370794
A01574,Security,No Footprint,0
A01574,Applications,On-Premise,907685
A01574,Integration,No Footprint,0
A01575,Infrastructure,On-Premise,173590
A01575,Database,On-Premise,2266671
A01575,Analytics & Data,No Footprint,0
A01575,AI & ML,No Footprint,0
A01575,Security,Cloud,1662663
A01575,Applications,On-Premise,251327
A01575,Integration,No Footprint,0
A01576,Infrastructure,No Footprint,0
A01576,Database,Hybrid,126650
A01576,Analytics & Data,Cloud,383101
A01576,AI & ML,Cloud,4684871
A01576,Security,On-Premise,1500664
A01576,Applications,On-Premise,1387742
A01576,Integration,Cloud,1111891
A01577,Infrastructure,Hybrid,449221
A01577,Database,No Footprint,0
A01577,Analytics & Data,Hybrid,192473
A01577,AI & ML,Cloud,1643218
A01577,Security,On-Premise,1913644
A01577,Applications,Hybrid,353490
A01577,Integration,Hybrid,1229616
A01578,Infrastructure,No Footprint,0
A01578,Database,On-Premise,1453038
A01578,Analytics & Data,No Footprint,0
A01578,AI & ML,Cloud,282426
A01578,Security,Hybrid,132797
A01578,Applications,Hybrid,791248
A01578,Integration,Cloud,781714
A01579,Infrastructure,Cloud,1423678
A01579,Database,Hybrid,1169611
A01579,Analytics & Data,Cloud,528317
A01579,AI & ML,Cloud,1364596
A01579,Security,On-Premise,1487369
A01579,Applications,Hybrid,277269
A01579,Integration,Cloud,555701
A01580,Infrastructure,Hybrid,1761511
A01580,Database,Hybrid,303716
A01580,Analytics & Data,Cloud,1409860
A01580,AI & ML,No Footprint,0
A01580,Security,On-Premise,785536
A01580,Applications,Hybrid,1356895
A01580,Integration,Hybrid,1521916
A01581,Infrastructure,No Footprint,0
A01581,Database,On-Premise,963121
A01581,Analytics & Data,Hybrid,405775
A01581,AI & ML,No Footprint,0
A01581,Security,No Footprint,0
A01581,Applications,No Footprint,0
A01581,Integration,No Footprint,0
A01582,Infrastructure,No Footprint,0
A01582,Database,On-Premise,282464
A01582,Analytics & Data,Hybrid,610677
A01582,AI & ML,Cloud,1227146
A01582,Security,Hybrid,741045
A01582,Applications,On-Premise,933588
A01582,Integration,No Footprint,0
A01583,Infrastructure,Cloud,441727
A01583,Database,No Footprint,0
A01583,Analytics & Data,No Footprint,0
A01583,AI & ML,Cloud,2010280
A01583,Security,No Footprint,0
A01583,Applications,On-Premise,1149855
A01583,Integration,No Footprint,0
A01584,Infrastructure,No Footprint,0
A01584,Database,On-Premise,906015
A01584,Analytics & Data,Cloud,2114400
A01584,AI & ML,Cloud,3689212
A01584,Security,On-Premise,1017253
A01584,Applications,No Footprint,0
A01584,Integration,Hybrid,772523
A01585,Infrastructure,Hybrid,4011025
A01585,Database,No Footprint,0
A01585,Analytics & Data,Cloud,156050
A01585,AI & ML,Cloud,363703
A01585,Security,No Footprint,0
A01585,Applications,Hybrid,362907
A01585,Integration,Cloud,2119758
A01586,Infrastructure,On-Premise,226163
A01586,Database,Hybrid,1750596
A01586,Analytics & Data,No Footprint,0
A01586,AI & ML,Cloud,441254
A01586,Security,Cloud,667718
A01586,Applications,Hybrid,221780
A01586,Integration,Cloud,291892
A01587,Infrastructure,Hybrid,428839
A01587,Database,Cloud,2469483
A01587,Analytics & Data,Cloud,456009
A01587,AI & ML,No Footprint,0
A01587,Security,On-Premise,1349992
A01587,Applications,Cloud,742299
A01587,Integration,Hybrid,231448
A01588,Infrastructure,Hybrid,1915228
A01588,Database,No Footprint,0
A01588,Analytics & Data,No Footprint,0
A01588,AI & ML,No Footprint,0
A01588,Security,On-Premise,350476
A01588,Applications,On-Premise,818835
A01588,Integration,Hybrid,3206828
A01589,Infrastructure,Cloud,368527
A01589,Database,On-Premise,136775
A01589,Analytics & Data,Cloud,744436
A01589,AI & ML,Cloud,596267
A01589,Security,Cloud,358833
A01589,Applications,Hybrid,1777495
A01589,Integration,Hybrid,423503
A01590,Infrastructure,No Footprint,0
A01590,Database,No Footprint,0
A01590,Analytics & Data,Hybrid,408270
A01590,AI & ML,No Footprint,0
A01590,Security,Cloud,1510235
A01590,Applications,On-Premise,208779
A01590,Integration,Cloud,547282
A01591,Infrastructure,Cloud,870893
A01591,Database,Cloud,1483045
A01591,Analytics & Data,Hybrid,631663
A01591,AI & ML,Cloud,657649
A01591,Security,No Footprint,0
A01591,Applications,On-Premise,815964
A01591,Integration,Cloud,301533
A01592,Infrastructure,Cloud,916253
A01592,Database,On-Premise,1091767
A01592,Analytics & Data,No Footprint,0
A01592,AI & ML,No Footprint,0
A01592,Security,No Footprint,0
A01592,Applications,Cloud,1339042
A01592,Integration,Cloud,2016657
A01593,Infrastructure,On-Premise,2079186
A01593,Database,On-Premise,2915157
A01593,Analytics & Data,Hybrid,1360869
A01593,AI & ML,Cloud,268461
A01593,Security,On-Premise,3406108
A01593,Applications,Cloud,853179
A01593,Integration,Hybrid,597246
A01594,Infrastructure,On-Premise,1018792
A01594,Database,Cloud,697776
A01594,Analytics & Data,Cloud,479147
A01594,AI & ML,Cloud,1110776
A01594,Security,On-Premise,2002162
A01594,Applications,Cloud,102783
A01594,Integration,Hybrid,678057
A01595,Infrastructure,No Footprint,0
A01595,Database,No Footprint,0
A01595,Analytics & Data,Cloud,1204227
A01595,AI & ML,Cloud,620576
A01595,Security,Cloud,1546019
A01595,Applications,On-Premise,2351505
A01595,Integration,Hybrid,1856320
A01596,Infrastructure,Hybrid,1203222
A01596,Database,Hybrid,695138
A01596,Analytics & Data,Cloud,323053
A01596,AI & ML,Cloud,1326177
A01596,Security,On-Premise,692589
A01596,Applications,Hybrid,1165925
A01596,Integration,No Footprint,0
A01597,Infrastructure,Cloud,145939
A01597,Database,Hybrid,90617
A01597,Analytics & Data,No Footprint,0
A01597,AI & ML,No Footprint,0
A01597,Security,On-Premise,941603
A01597,Applications,On-Premise,202142
A01597,Integration,Cloud,586866
A01598,Infrastructure,On-Premise,411450
A01598,Database,On-Premise,753104
A01598,Analytics & Data,Cloud,353635
A01598,AI & ML,Cloud,1377662
A01598,Security,No Footprint,0
A01598,Applications,Cloud,292137
A01598,Integration,Hybrid,710454
A01599,Infrastructure,Cloud,2080568
A01599,Database,Cloud,534982
A01599,Analytics & Data,Hybrid,133288
A01599,AI & ML,Cloud,192431
A01599,Security,No Footprint,0
A01599,Applications,No Footprint,0
A01599,Integration,Cloud,3659959
A01600,Infrastructure,Hybrid,531379
A01600,Database,No Footprint,0
A01600,Analytics & Data,Cloud,536155
A01600,AI & ML,Cloud,299628
A01600,Security,On-Premise,953842
A01600,Applications,On-Premise,4858004
A01600,Integration,Cloud,261640
A01601,Infrastructure,Hybrid,826858
A01601,Database,No Footprint,0
A01601,Analytics & Data,Cloud,107204
A01601,AI & ML,Cloud,972258
A01601,Security,Hybrid,243275
A01601,Applications,No Footprint,0
A01601,Integration,No Footprint,0
A01602,Infrastructure,Hybrid,2148845
A01602,Database,Cloud,1128792
A01602,Analytics & Data,Hybrid,300707
A01602,AI & ML,Cloud,814099
A01602,Security,On-Premise,2845160
A01602,Applications,On-Premise,2399304
A01602,Integration,No Footprint,0
A01603,Infrastructure,Cloud,633752
A01603,Database,No Footprint,0
A01603,Analytics & Data,Cloud,1372771
A01603,AI & ML,Cloud,859193
A01603,Security,Hybrid,1391435
A01603,Applications,On-Premise,402846
A01603,Integration,Hybrid,893345
A01604,Infrastructure,No Footprint,0
A01604,Database,On-Premise,759228
A01604,Analytics & Data,No Footprint,0
A01604,AI & ML,No Footprint,0
A01604,Security,Cloud,732903
A01604,Applications,No Footprint,0
A01604,Integration,Cloud,1013305
A01605,Infrastructure,On-Premise,197302
A01605,Database,Hybrid,299028
A01605,Analytics & Data,No Footprint,0
A01605,AI & ML,Cloud,453727
A01605,Security,Hybrid,1451320
A01605,Applications,On-Premise,140314
A01605,Integration,Hybrid,1449995
A01606,Infrastructure,Hybrid,979907
A01606,Database,Hybrid,1294275
A01606,Analytics & Data,Hybrid,623545
A01606,AI & ML,Cloud,792095
A01606,Security,No Footprint,0
A01606,Applications,Cloud,531798
A01606,Integration,Hybrid,3086270
A01607,Infrastructure,Cloud,1294033
A01607,Database,Hybrid,595810
A01607,Analytics & Data,No Footprint,0
A01607,AI & ML,Cloud,131414
A01607,Security,Hybrid,957653
A01607,Applications,No Footprint,0
A01607,Integration,No Footprint,0
A01608,Infrastructure,No Footprint,0
A01608,Database,Cloud,42611
A01608,Analytics & Data,Cloud,711093
A01608,AI & ML,No Footprint,0
A01608,Security,No Footprint,0
A01608,Applications,On-Premise,458605
A01608,Integration,Hybrid,1447704
A01609,Infrastructure,Cloud,1401134
A01609,Database,No Footprint,0
A01609,Analytics & Data,Cloud,420365
A01609,AI & ML,No Footprint,0
A01609,Security,No Footprint,0
A01609,Applications,Hybrid,827980
A01609,Integration,Cloud,591850
A01610,Infrastructure,Cloud,475995
A01610,Database,On-Premise,603549
A01610,Analytics & Data,Cloud,386829
A01610,AI & ML,Cloud,1267257
A01610,Security,No Footprint,0
A01610,Applications,Hybrid,597585
A01610,Integration,No Footprint,0
A01611,Infrastructure,No Footprint,0
A01611,Database,On-Premise,288310
A01611,Analytics & Data,Hybrid,200396
A01611,AI & ML,Cloud,266302
A01611,Security,No Footprint,0
A01611,Applications,Hybrid,637902
A01611,Integration,No Footprint,0
A01612,Infrastructure,Hybrid,242676
A01612,Database,Hybrid,266746
A01612,Analytics & Data,No Footprint,0
A01612,AI & ML,No Footprint,0
A01612,Security,No Footprint,0
A01612,Applications,Cloud,820386
A01612,Integration,No Footprint,0
A01613,Infrastructure,On-Premise,305824
A01613,Database,On-Premise,1326636
A01613,Analytics & Data,Cloud,105938
A01613,AI & ML,Cloud,2336442
A01613,Security,Hybrid,1609331
A01613,Applications,Cloud,2873065
A01613,Integration,Hybrid,315244
A01614,Infrastructure,No Footprint,0
A01614,Database,Hybrid,2124962
A01614,Analytics & Data,Hybrid,1077470
A01614,AI & ML,Cloud,868947
A01614,Security,Cloud,1099890
A01614,Applications,Cloud,1105021
A01614,Integration,Hybrid,2283010
A01615,Infrastructure,No Footprint,0
A01615,Database,Cloud,2263907
A01615,Analytics & Data,Cloud,1536285
A01615,AI & ML,Cloud,1175681
A01615,Security,On-Premise,1000085
A01615,Applications,On-Premise,2572463
A01615,Integration,Cloud,376065
A01616,Infrastructure,Hybrid,331212
A01616,Database,Hybrid,739001
A01616,Analytics & Data,Hybrid,512927
A01616,AI & ML,No Footprint,0
A01616,Security,On-Premise,289268
A01616,Applications,On-Premise,498390
A01616,Integration,Hybrid,1293367
A01617,Infrastructure,On-Premise,1184699
A01617,Database,Hybrid,844037
A01617,Analytics & Data,No Footprint,0
A01617,AI & ML,No Footprint,0
A01617,Security,Hybrid,739076
A01617,Applications,On-Premise,1676449
A01617,Integration,Hybrid,563570
A01618,Infrastructure,On-Premise,497958
A01618,Database,On-Premise,545296
A01618,Analytics & Data,No Footprint,0
A01618,AI & ML,No Footprint,0
A01618,Security,No Footprint,0
A01618,Applications,Hybrid,588539
A01618,Integration,Hybrid,759563
A01619,Infrastructure,No Footprint,0
A01619,Database,Hybrid,1498660
A01619,Analytics & Data,No Footprint,0
A01619,AI & ML,Cloud,624823
A01619,Security,On-Premise,627810
A01619,Applications,Hybrid,987764
A01619,Integration,No Footprint,0
A01620,Infrastructure,Hybrid,1997580
A01620,Database,Hybrid,842505
A01620,Analytics & Data,No Footprint,0
A01620,AI & ML,Cloud,1371563
A01620,Security,No Footprint,0
A01620,Applications,No Footprint,0
A01620,Integration,Cloud,322321
A01621,Infrastructure,No Footprint,0
A01621,Database,Hybrid,2064655
A01621,Analytics & Data,Cloud,2265815
A01621,AI & ML,No Footprint,0
A01621,Security,No Footprint,0
A01621,Applications,No Footprint,0
A01621,Integration,No Footprint,0
A01622,Infrastructure,Cloud,1043769
A01622,Database,Cloud,1897527
A01622,Analytics & Data,Cloud,1290546
A01622,AI & ML,No Footprint,0
A01622,Security,No Footprint,0
A01622,Applications,Cloud,1401636
A01622,Integration,Hybrid,414647
A01623,Infrastructure,On-Premise,444853
A01623,Database,No Footprint,0
A01623,Analytics & Data,Cloud,1127820
A01623,AI & ML,Cloud,1016623
A01623,Security,No Footprint,0
A01623,Applications,On-Premise,529322
A01623,Integration,Cloud,253322
A01624,Infrastructure,No Footprint,0
A01624,Database,On-Premise,1686920
A01624,Analytics & Data,Hybrid,489743
A01624,AI & ML,No Footprint,0
A01624,Security,Hybrid,2370502
A01624,Applications,Hybrid,1580242
A01624,Integration,Cloud,558072
A01625,Infrastructure,On-Premise,1507469
A01625,Database,Cloud,228914
A01625,Analytics & Data,No Footprint,0
A01625,AI & ML,Cloud,600362
A01625,Security,No Footprint,0
A01625,Applications,Cloud,266153
A01625,Integration,Hybrid,8490539
A01626,Infrastructure,On-Premise,1092187
A01626,Database,Cloud,1950911
A01626,Analytics & Data,No Footprint,0
A01626,AI & ML,Cloud,890848
A01626,Security,Hybrid,1006751
A01626,Applications,Cloud,160254
A01626,Integration,Cloud,2307165
A01627,Infrastructure,Hybrid,686980
A01627,Database,On-Premise,605662
A01627,Analytics & Data,No Footprint,0
A01627,AI & ML,No Footprint,0
A01627,Security,On-Premise,2620372
A01627,Applications,No Footprint,0
A01627,Integration,Hybrid,381986
A01628,Infrastructure,On-Premise,2421394
A01628,Database,No Footprint,0
A01628,Analytics & Data,No Footprint,0
A01628,AI & ML,No Footprint,0
A01628,Security,On-Premise,295743
A01628,Applications,On-Premise,808293
A01628,Integration,Cloud,1109090
A01629,Infrastructure,Cloud,1497134
A01629,Database,On-Premise,4014824
A01629,Analytics & Data,Hybrid,446776
A01629,AI & ML,No Footprint,0
A01629,Security,Hybrid,1380241
A01629,Applications,No Footprint,0
A01629,Integration,Cloud,452373
A01630,Infrastructure,Hybrid,84339
A01630,Database,Hybrid,247110
A01630,Analytics & Data,Cloud,148975
A01630,AI & ML,Cloud,976147
A01630,Security,Cloud,1257546
A01630,Applications,Cloud,484956
A01630,Integration,No Footprint,0
A01631,Infrastructure,Hybrid,442948
A01631,Database,No Footprint,0
A01631,Analytics & Data,Cloud,1761198
A01631,AI & ML,Cloud,1196120
A01631,Security,No Footprint,0
A01631,Applications,On-Premise,435895
A01631,Integration,No Footprint,0
A01632,Infrastructure,No Footprint,0
A01632,Database,On-Premise,281073
A01632,Analytics & Data,Hybrid,1131014
A01632,AI & ML,Cloud,1284055
A01632,Security,Hybrid,231016
A01632,Applications,On-Premise,405508
A01632,Integration,Hybrid,803015
A01633,Infrastructure,Cloud,262199
A01633,Database,On-Premise,1856650
A01633,Analytics & Data,Hybrid,372198
A01633,AI & ML,Cloud,452266
A01633,Security,Hybrid,2071918
A01633,Applications,Cloud,1209415
A01633,Integration,Cloud,66309
A01634,Infrastructure,On-Premise,802099
A01634,Database,Cloud,2665908
A01634,Analytics & Data,Hybrid,1020074
A01634,AI & ML,Cloud,959208
A01634,Security,On-Premise,766394
A01634,Applications,Cloud,317622
A01634,Integration,No Footprint,0
A01635,Infrastructure,Hybrid,1164394
A01635,Database,No Footprint,0
A01635,Analytics & Data,Hybrid,672189
A01635,AI & ML,Cloud,478403
A01635,Security,No Footprint,0
A01635,Applications,Hybrid,736290
A01635,Integration,No Footprint,0
A01636,Infrastructure,On-Premise,293049
A01636,Database,No Footprint,0
A01636,Analytics & Data,No Footprint,0
A01636,AI & ML,No Footprint,0
A01636,Security,No Footprint,0
A01636,Applications,On-Premise,803192
A01636,Integration,Cloud,1531114
A01637,Infrastructure,Cloud,862278
A01637,Database,On-Premise,736220
A01637,Analytics & Data,Cloud,188312
A01637,AI & ML,No Footprint,0
A01637,Security,Cloud,247090
A01637,Applications,On-Premise,452737
A01637,Integration,Hybrid,276603
A01638,Infrastructure,On-Premise,2289259
A01638,Database,Cloud,190839
A01638,Analytics & Data,Hybrid,916645
A01638,AI & ML,No Footprint,0
A01638,Security,On-Premise,862876
A01638,Applications,On-Premise,6255274
A01638,Integration,Hybrid,568019
A01639,Infrastructure,On-Premise,1953242
A01639,Database,No Footprint,0
A01639,Analytics & Data,No Footprint,0
A01639,AI & ML,No Footprint,0
A01639,Security,Cloud,1494908
A01639,Applications,Hybrid,2464779
A01639,Integration,Cloud,468670
A01640,Infrastructure,Hybrid,432149
A01640,Database,Cloud,1061802
A01640,Analytics & Data,No Footprint,0
A01640,AI & ML,Cloud,300437
A01640,Security,No Footprint,0
A01640,Applications,On-Premise,365237
A01640,Integration,No Footprint,0
A01641,Infrastructure,On-Premise,391694
A01641,Database,Hybrid,106203
A01641,Analytics & Data,No Footprint,0
A01641,AI & ML,Cloud,1101645
A01641,Security,Hybrid,1851310
A01641,Applications,Cloud,357864
A01641,Integration,Hybrid,374426
A01642,Infrastructure,Hybrid,1733173
A01642,Database,Cloud,77221
A01642,Analytics & Data,No Footprint,0
A01642,AI & ML,Cloud,701709
A01642,Security,On-Premise,2114618
A01642,Applications,Hybrid,636808
A01642,Integration,Hybrid,1103137
A01643,Infrastructure,No Footprint,0
A01643,Database,On-Premise,8180741
A01643,Analytics & Data,No Footprint,0
A01643,AI & ML,No Footprint,0
A01643,Security,Cloud,383556
A01643,Applications,No Footprint,0
A01643,Integration,Cloud,250602
A01644,Infrastructure,No Footprint,0
A01644,Database,No Footprint,0
A01644,Analytics & Data,Hybrid,284529
A01644,AI & ML,Cloud,1343661
A01644,Security,Cloud,848852
A01644,Applications,On-Premise,310384
A01644,Integration,Hybrid,122478
A01645,Infrastructure,Hybrid,2342883
A01645,Database,Cloud,853001
A01645,Analytics & Data,Cloud,296770
A01645,AI & ML,No Footprint,0
A01645,Security,On-Premise,1537539
A01645,Applications,No Footprint,0
A01645,Integration,Cloud,515046
A01646,Infrastructure,Hybrid,142256
A01646,Database,No Footprint,0
A01646,Analytics & Data,Cloud,551257
A01646,AI & ML,Cloud,318886
A01646,Security,Cloud,422793
A01646,Applications,On-Premise,245672
A01646,Integration,No Footprint,0
A01647,Infrastructure,No Footprint,0
A01647,Database,No Footprint,0
A01647,Analytics & Data,Hybrid,217710
A01647,AI & ML,No Footprint,0
A01647,Security,Hybrid,759971
A01647,Applications,Hybrid,453643
A01647,Integration,Hybrid,422834
A01648,Infrastructure,On-Premise,471594
A01648,Database,No Footprint,0
A01648,Analytics & Data,No Footprint,0
A01648,AI & ML,Cloud,2591834
A01648,Security,Cloud,963741
A01648,Applications,No Footprint,0
A01648,Integration,Cloud,1041818
A01649,Infrastructure,Cloud,324885
A01649,Database,On-Premise,353065
A01649,Analytics & Data,Hybrid,182936
A01649,AI & ML,No Footprint,0
A01649,Security,Hybrid,693609
A01649,Applications,No Footprint,0
A01649,Integration,No Footprint,0
A01650,Infrastructure,On-Premise,213608
A01650,Database,Hybrid,1918343
A01650,Analytics & Data,No Footprint,0
A01650,AI & ML,No Footprint,0
A01650,Security,Cloud,1065018
A01650,Applications,On-Premise,1898328
A01650,Integration,No Footprint,0
A01651,Infrastructure,Cloud,1667569
A01651,Database,Hybrid,1928319
A01651,Analytics & Data,No Footprint,0
A01651,AI & ML,Cloud,1919269
A01651,Security,On-Premise,376062
A01651,Applications,No Footprint,0
A01651,Integration,Cloud,1815984
A01652,Infrastructure,Hybrid,1296861
A01652,Database,Hybrid,419521
A01652,Analytics & Data,Hybrid,2324009
A01652,AI & ML,Cloud,302335
A01652,Security,Hybrid,454307
A01652,Applications,Hybrid,1834530
A01652,Integration,Cloud,2233996
A01653,Infrastructure,Cloud,152310
A01653,Database,No Footprint,0
A01653,Analytics & Data,Hybrid,259553
A01653,AI & ML,Cloud,1633071
A01653,Security,Hybrid,981434
A01653,Applications,No Footprint,0
A01653,Integration,No Footprint,0
A01654,Infrastructure,No Footprint,0
A01654,Database,On-Premise,170246
A01654,Analytics & Data,Cloud,3258084
A01654,AI & ML,No Footprint,0
A01654,Security,Hybrid,19236281
A01654,Applications,Hybrid,493112
A01654,Integration,Hybrid,1101976
A01655,Infrastructure,Hybrid,1050286
A01655,Database,Hybrid,323073
A01655,Analytics & Data,No Footprint,0
A01655,AI & ML,Cloud,1174249
A01655,Security,Hybrid,379774
A01655,Applications,Hybrid,1150838
A01655,Integration,Cloud,426942
A01656,Infrastructure,Cloud,561605
A01656,Database,Hybrid,497590
A01656,Analytics & Data,Cloud,264372
A01656,AI & ML,No Footprint,0
A01656,Security,On-Premise,2651061
A01656,Applications,On-Premise,501555
A01656,Integration,Cloud,198071
A01657,Infrastructure,On-Premise,677304
A01657,Database,Hybrid,751856
A01657,Analytics & Data,Cloud,1486405
A01657,AI & ML,Cloud,273382
A01657,Security,Hybrid,1607921
A01657,Applications,Cloud,824476
A01657,Integration,Hybrid,293345
A01658,Infrastructure,No Footprint,0
A01658,Database,No Footprint,0
A01658,Analytics & Data,No Footprint,0
A01658,AI & ML,Cloud,621853
A01658,Security,On-Premise,1221038
A01658,Applications,Hybrid,2924378
A01658,Integration,Cloud,605096
A01659,Infrastructure,On-Premise,153062
A01659,Database,Hybrid,337300
A01659,Analytics & Data,No Footprint,0
A01659,AI & ML,Cloud,606956
A01659,Security,No Footprint,0
A01659,Applications,Cloud,220546
A01659,Integration,Cloud,2186673
A01660,Infrastructure,Cloud,1054116
A01660,Database,Cloud,1046677
A01660,Analytics & Data,Hybrid,2458351
A01660,AI & ML,Cloud,301926
A01660,Security,On-Premise,1081451
A01660,Applications,Hybrid,480432
A01660,Integration,Cloud,4647674
A01661,Infrastructure,Hybrid,502778
A01661,Database,Hybrid,214100
A01661,Analytics & Data,Cloud,761296
A01661,AI & ML,Cloud,1827319
A01661,Security,Cloud,121976
A01661,Applications,No Footprint,0
A01661,Integration,Hybrid,3216661
A01662,Infrastructure,On-Premise,410363
A01662,Database,Hybrid,1265262
A01662,Analytics & Data,Hybrid,324810
A01662,AI & ML,Cloud,701850
A01662,Security,On-Premise,1740596
A01662,Applications,Cloud,195088
A01662,Integration,Hybrid,1912901
A01663,Infrastructure,Cloud,1364115
A01663,Database,Hybrid,6769478
A01663,Analytics & Data,Cloud,423428
A01663,AI & ML,No Footprint,0
A01663,Security,No Footprint,0
A01663,Applications,On-Premise,820699
A01663,Integration,Cloud,288120
A01664,Infrastructure,Hybrid,1981255
A01664,Database,Cloud,802125
A01664,Analytics & Data,No Footprint,0
A01664,AI & ML,Cloud,837436
A01664,Security,Cloud,906983
A01664,Applications,On-Premise,4342203
A01664,Integration,Cloud,402073
A01665,Infrastructure,On-Premise,1770624
A01665,Database,No Footprint,0
A01665,Analytics & Data,Cloud,569267
A01665,AI & ML,Cloud,856700
A01665,Security,No Footprint,0
A01665,Applications,Cloud,399931
A01665,Integration,Hybrid,3378421
A01666,Infrastructure,Cloud,203271
A01666,Database,Hybrid,704674
A01666,Analytics & Data,Hybrid,265920
A01666,AI & ML,Cloud,354548
A01666,Security,Hybrid,221728
A01666,Applications,Cloud,4038279
A01666,Integration,No Footprint,0
A01667,Infrastructure,On-Premise,1886077
A01667,Database,Cloud,617450
A01667,Analytics & Data,Hybrid,174258
A01667,AI & ML,No Footprint,0
A01667,Security,Cloud,149707
A01667,Applications,No Footprint,0
A01667,Integration,No Footprint,0
A01668,Infrastructure,No Footprint,0
A01668,Database,On-Premise,851587
A01668,Analytics & Data,Cloud,1061229
A01668,AI & ML,Cloud,752716
A01668,Security,Cloud,75255
A01668,Applications,On-Premise,313065
A01668,Integration,No Footprint,0
A01669,Infrastructure,No Footprint,0
A01669,Database,Cloud,918183
A01669,Analytics & Data,Hybrid,450783
A01669,AI & ML,No Footprint,0
A01669,Security,Hybrid,1990252
A01669,Applications,On-Premise,2006997
A01669,Integration,Hybrid,467686
A01670,Infrastructure,Cloud,683314
A01670,Database,Cloud,315766
A01670,Analytics & Data,No Footprint,0
A01670,AI & ML,Cloud,2391074
A01670,Security,Hybrid,966279
A01670,Applications,Hybrid,344184
A01670,Integration,Hybrid,1302018
A01671,Infrastructure,Hybrid,1179752
A01671,Database,On-Premise,500273
A01671,Analytics & Data,Hybrid,609658
A01671,AI & ML,Cloud,917169
A01671,Security,Hybrid,529531
A01671,Applications,Hybrid,456532
A01671,Integration,No Footprint,0
A01672,Infrastructure,Hybrid,262885
A01672,Database,Hybrid,894542
A01672,Analytics & Data,No Footprint,0
A01672,AI & ML,Cloud,1910169
A01672,Security,No Footprint,0
A01672,Applications,On-Premise,649950
A01672,Integration,No Footprint,0
A01673,Infrastructure,On-Premise,1814501
A01673,Database,No Footprint,0
A01673,Analytics & Data,No Footprint,0
A01673,AI & ML,Cloud,317676
A01673,Security,On-Premise,433206
A01673,Applications,Hybrid,759374
A01673,Integration,Hybrid,108737
A01674,Infrastructure,On-Premise,4559671
A01674,Database,Cloud,472897
A01674,Analytics & Data,Cloud,1413346
A01674,AI & ML,Cloud,201933
A01674,Security,On-Premise,581931
A01674,Applications,Cloud,1163253
A01674,Integration,Hybrid,1389710
A01675,Infrastructure,Hybrid,98096
A01675,Database,On-Premise,7583112
A01675,Analytics & Data,No Footprint,0
A01675,AI & ML,Cloud,1553492
A01675,Security,Hybrid,1097574
A01675,Applications,Hybrid,187384
A01675,Integration,Hybrid,996822
A01676,Infrastructure,No Footprint,0
A01676,Database,Hybrid,295794
A01676,Analytics & Data,Cloud,232631
A01676,AI & ML,No Footprint,0
A01676,Security,On-Premise,1484305
A01676,Applications,Hybrid,289381
A01676,Integration,Hybrid,754574
A01677,Infrastructure,No Footprint,0
A01677,Database,Hybrid,807234
A01677,Analytics & Data,No Footprint,0
A01677,AI & ML,Cloud,2761305
A01677,Security,Hybrid,661073
A01677,Applications,Cloud,1522326
A01677,Integration,Cloud,1610550
A01678,Infrastructure,Hybrid,413074
A01678,Database,No Footprint,0
A01678,Analytics & Data,Hybrid,1606232
A01678,AI & ML,Cloud,1016841
A01678,Security,No Footprint,0
A01678,Applications,No Footprint,0
A01678,Integration,No Footprint,0
A01679,Infrastructure,No Footprint,0
A01679,Database,No Footprint,0
A01679,Analytics & Data,Hybrid,602090
A01679,AI & ML,Cloud,591581
A01679,Security,On-Premise,2229490
A01679,Applications,Cloud,1115795
A01679,Integration,Hybrid,676286
A01680,Infrastructure,Hybrid,1083940
A01680,Database,On-Premise,589531
A01680,Analytics & Data,Hybrid,4197317
A01680,AI & ML,No Footprint,0
A01680,Security,No Footprint,0
A01680,Applications,Cloud,276642
A01680,Integration,Cloud,1028381
A01681,Infrastructure,Cloud,1542853
A01681,Database,On-Premise,226079
A01681,Analytics & Data,Hybrid,1047919
A01681,AI & ML,Cloud,771027
A01681,Security,No Footprint,0
A01681,Applications,Hybrid,454284
A01681,Integration,Hybrid,333854
A01682,Infrastructure,On-Premise,175415
A01682,Database,Hybrid,451591
A01682,Analytics & Data,Hybrid,309794
A01682,AI & ML,No Footprint,0
A01682,Security,On-Premise,195613
A01682,Applications,No Footprint,0
A01682,Integration,Cloud,713962
A01683,Infrastructure,No Footprint,0
A01683,Database,Cloud,341630
A01683,Analytics & Data,No Footprint,0
A01683,AI & ML,Cloud,698113
A01683,Security,No Footprint,0
A01683,Applications,No Footprint,0
A01683,Integration,Hybrid,1169329
A01684,Infrastructure,No Footprint,0
A01684,Database,On-Premise,741881
A01684,Analytics & Data,Cloud,549407
A01684,AI & ML,Cloud,1029781
A01684,Security,Hybrid,220824
A01684,Applications,Cloud,129585
A01684,Integration,No Footprint,0
A01685,Infrastructure,No Footprint,0
A01685,Database,On-Premise,2897447
A01685,Analytics & Data,Cloud,1552910
A01685,AI & ML,Cloud,995372
A01685,Security,Cloud,444214
A01685,Applications,On-Premise,2550951
A01685,Integration,Hybrid,1055532
A01686,Infrastructure,Cloud,1281348
A01686,Database,On-Premise,1042691
A01686,Analytics & Data,Hybrid,595743
A01686,AI & ML,Cloud,779091
A01686,Security,Cloud,1925621
A01686,Applications,On-Premise,1539178
A01686,Integration,Cloud,293970
A01687,Infrastructure,Hybrid,1226402
A01687,Database,On-Premise,199959
A01687,Analytics & Data,Cloud,1166402
A01687,AI & ML,Cloud,862228
A01687,Security,No Footprint,0
A01687,Applications,On-Premise,197168
A01687,Integration,No Footprint,0
A01688,Infrastructure,Hybrid,2479720
A01688,Database,Cloud,1119966
A01688,Analytics & Data,Hybrid,661977
A01688,AI & ML,Cloud,1499955
A01688,Security,No Footprint,0
A01688,Applications,On-Premise,4008587
A01688,Integration,Cloud,894366
A01689,Infrastructure,Hybrid,496400
A01689,Database,No Footprint,0
A01689,Analytics & Data,Cloud,550801
A01689,AI & ML,Cloud,1272522
A01689,Security,Hybrid,229996
A01689,Applications,On-Premise,201885
A01689,Integration,Cloud,1269317
A01690,Infrastructure,On-Premise,734684
A01690,Database,On-Premise,3111526
A01690,Analytics & Data,Cloud,429410
A01690,AI & ML,Cloud,1761674
A01690,Security,Hybrid,3032441
A01690,Applications,On-Premise,897980
A01690,Integration,Hybrid,128653
A01691,Infrastructure,Cloud,3570500
A01691,Database,No Footprint,0
A01691,Analytics & Data,Cloud,748739
A01691,AI & ML,Cloud,250381
A01691,Security,No Footprint,0
A01691,Applications,No Footprint,0
A01691,Integration,Cloud,489842
A01692,Infrastructure,Hybrid,625086
A01692,Database,On-Premise,271749
A01692,Analytics & Data,Cloud,576553
A01692,AI & ML,Cloud,661918
A01692,Security,No Footprint,0
A01692,Applications,On-Premise,600677
A01692,Integration,Cloud,226525
A01693,Infrastructure,No Footprint,0
A01693,Database,Cloud,140984
A01693,Analytics & Data,No Footprint,0
A01693,AI & ML,No Footprint,0
A01693,Security,No Footprint,0
A01693,Applications,On-Premise,1376097
A01693,Integration,Cloud,962706
A01694,Infrastructure,No Footprint,0
A01694,Database,No Footprint,0
A01694,Analytics & Data,Hybrid,1259083
A01694,AI & ML,No Footprint,0
A01694,Security,On-Premise,721017
A01694,Applications,Hybrid,1056941
A01694,Integration,Hybrid,2630659
A01695,Infrastructure,No Footprint,0
A01695,Database,No Footprint,0
A01695,Analytics & Data,Hybrid,1154684
A01695,AI & ML,No Footprint,0
A01695,Security,On-Premise,564546
A01695,Applications,Hybrid,483722
A01695,Integration,Hybrid,1600782
A01696,Infrastructure,Cloud,71887
A01696,Database,Cloud,173300
A01696,Analytics & Data,No Footprint,0
A01696,AI & ML,Cloud,759302
A01696,Security,Hybrid,322978
A01696,Applications,Cloud,1141622
A01696,Integration,Hybrid,1139517
A01697,Infrastructure,Cloud,479751
A01697,Database,Cloud,764666
A01697,Analytics & Data,No Footprint,0
A01697,AI & ML,No Footprint,0
A01697,Security,On-Premise,2983724
A01697,Applications,Hybrid,1976018
A01697,Integration,Hybrid,1535192
A01698,Infrastructure,No Footprint,0
A01698,Database,No Footprint,0
A01698,Analytics & Data,Cloud,1955476
A01698,AI & ML,Cloud,2484191
A01698,Security,Cloud,818311
A01698,Applications,Hybrid,2359055
A01698,Integration,Cloud,323882
A01699,Infrastructure,No Footprint,0
A01699,Database,Hybrid,289152
A01699,Analytics & Data,Hybrid,1829591
A01699,AI & ML,No Footprint,0
A01699,Security,Cloud,1408978
A01699,Applications,Hybrid,1179320
A01699,Integration,Cloud,748378
A01700,Infrastructure,Cloud,1487277
A01700,Database,On-Premise,1255538
A01700,Analytics & Data,Hybrid,718683
A01700,AI & ML,Cloud,230991
A01700,Security,No Footprint,0
A01700,Applications,Hybrid,286033
A01700,Integration,Cloud,333081
A01701,Infrastructure,No Footprint,0
A01701,Database,Cloud,1009231
A01701,Analytics & Data,No Footprint,0
A01701,AI & ML,No Footprint,0
A01701,Security,Hybrid,593971
A01701,Applications,No Footprint,0
A01701,Integration,Cloud,385374
A01702,Infrastructure,On-Premise,168810
A01702,Database,Hybrid,311910
A01702,Analytics & Data,Cloud,675037
A01702,AI & ML,No Footprint,0
A01702,Security,Cloud,1034532
A01702,Applications,Hybrid,472618
A01702,Integration,Hybrid,1171814
A01703,Infrastructure,Cloud,1165635
A01703,Database,No Footprint,0
A01703,Analytics & Data,Cloud,1303758
A01703,AI & ML,Cloud,1293352
A01703,Security,Cloud,1026980
A01703,Applications,On-Premise,1343490
A01703,Integration,Cloud,410333
A01704,Infrastructure,Cloud,416909
A01704,Database,No Footprint,0
A01704,Analytics & Data,Cloud,105355
A01704,AI & ML,Cloud,763483
A01704,Security,Cloud,958960
A01704,Applications,No Footprint,0
A01704,Integration,Hybrid,1034309
A01705,Infrastructure,On-Premise,363227
A01705,Database,Cloud,269013
A01705,Analytics & Data,No Footprint,0
A01705,AI & ML,Cloud,1185370
A01705,Security,On-Premise,1378402
A01705,Applications,No Footprint,0
A01705,Integration,Cloud,1258769
A01706,Infrastructure,Cloud,1407378
A01706,Database,Hybrid,1484023
A01706,Analytics & Data,No Footprint,0
A01706,AI & ML,No Footprint,0
A01706,Security,Hybrid,1308410
A01706,Applications,On-Premise,248283
A01706,Integration,Cloud,131453
A01707,Infrastructure,On-Premise,1644764
A01707,Database,Cloud,1302654
A01707,Analytics & Data,No Footprint,0
A01707,AI & ML,No Footprint,0
A01707,Security,No Footprint,0
A01707,Applications,On-Premise,2180865
A01707,Integration,Hybrid,261624
A01708,Infrastructure,Hybrid,276891
A01708,Database,Hybrid,4967894
A01708,Analytics & Data,Hybrid,290272
A01708,AI & ML,Cloud,378774
A01708,Security,Cloud,202286
A01708,Applications,On-Premise,734920
A01708,Integration,Cloud,637429
A01709,Infrastructure,No Footprint,0
A01709,Database,On-Premise,601222
A01709,Analytics & Data,Hybrid,205455
A01709,AI & ML,Cloud,405021
A01709,Security,No Footprint,0
A01709,Applications,On-Premise,893707
A01709,Integration,Hybrid,1930856
A01710,Infrastructure,On-Premise,724526
A01710,Database,Hybrid,682453
A01710,Analytics & Data,Cloud,767787
A01710,AI & ML,Cloud,603432
A01710,Security,On-Premise,1332652
A01710,Applications,On-Premise,613119
A01710,Integration,Hybrid,46494
A01711,Infrastructure,Hybrid,414850
A01711,Database,No Footprint,0
A01711,Analytics & Data,Cloud,336276
A01711,AI & ML,No Footprint,0
A01711,Security,Cloud,311574
A01711,Applications,No Footprint,0
A01711,Integration,Cloud,552833
A01712,Infrastructure,Cloud,1651009
A01712,Database,No Footprint,0
A01712,Analytics & Data,Hybrid,233073
A01712,AI & ML,Cloud,1395076
A01712,Security,Cloud,290022
A01712,Applications,Cloud,1776589
A01712,Integration,Hybrid,1021300
A01713,Infrastructure,Hybrid,511252
A01713,Database,On-Premise,1412312
A01713,Analytics & Data,No Footprint,0
A01713,AI & ML,Cloud,600982
A01713,Security,Cloud,1885343
A01713,Applications,No Footprint,0
A01713,Integration,Cloud,1060505
A01714,Infrastructure,On-Premise,437684
A01714,Database,Hybrid,927221
A01714,Analytics & Data,Cloud,1092338
A01714,AI & ML,Cloud,937891
A01714,Security,Cloud,2575236
A01714,Applications,Cloud,1747141
A01714,Integration,No Footprint,0
A01715,Infrastructure,Hybrid,1094477
A01715,Database,On-Premise,600228
A01715,Analytics & Data,Hybrid,1394430
A01715,AI & ML,No Footprint,0
A01715,Security,Cloud,900575
A01715,Applications,Hybrid,300837
A01715,Integration,Cloud,441998
A01716,Infrastructure,On-Premise,2112280
A01716,Database,On-Premise,1306669
A01716,Analytics & Data,Cloud,597231
A01716,AI & ML,No Footprint,0
A01716,Security,No Footprint,0
A01716,Applications,No Footprint,0
A01716,Integration,Hybrid,267149
A01717,Infrastructure,On-Premise,794048
A01717,Database,On-Premise,149566
A01717,Analytics & Data,No Footprint,0
A01717,AI & ML,Cloud,2023002
A01717,Security,Cloud,368934
A01717,Applications,No Footprint,0
A01717,Integration,No Footprint,0
A01718,Infrastructure,Hybrid,1233629
A01718,Database,Hybrid,911544
A01718,Analytics & Data,Hybrid,1777932
A01718,AI & ML,Cloud,612945
A01718,Security,Cloud,2825559
A01718,Applications,Hybrid,1118476
A01718,Integration,No Footprint,0
A01719,Infrastructure,Cloud,646505
A01719,Database,Hybrid,473380
A01719,Analytics & Data,No Footprint,0
A01719,AI & ML,Cloud,400958
A01719,Security,Cloud,631243
A01719,Applications,On-Premise,2148300
A01719,Integration,Hybrid,1500739
A01720,Infrastructure,Cloud,574314
A01720,Database,Hybrid,480613
A01720,Analytics & Data,Hybrid,412665
A01720,AI & ML,Cloud,692533
A01720,Security,On-Premise,469838
A01720,Applications,Cloud,440776
A01720,Integration,No Footprint,0
A01721,Infrastructure,No Footprint,0
A01721,Database,Cloud,763585
A01721,Analytics & Data,Cloud,1742254
A01721,AI & ML,No Footprint,0
A01721,Security,Hybrid,2012496
A01721,Applications,Cloud,556357
A01721,Integration,Cloud,773667
A01722,Infrastructure,Hybrid,524231
A01722,Database,On-Premise,237368
A01722,Analytics & Data,Hybrid,575897
A01722,AI & ML,Cloud,227296
A01722,Security,No Footprint,0
A01722,Applications,Cloud,384292
A01722,Integration,No Footprint,0
A01723,Infrastructure,No Footprint,0
A01723,Database,Cloud,1056885
A01723,Analytics & Data,Hybrid,507992
A01723,AI & ML,Cloud,490163
A01723,Security,No Footprint,0
A01723,Applications,Hybrid,1590786
A01723,Integration,Hybrid,2559113
A01724,Infrastructure,On-Premise,1114124
A01724,Database,On-Premise,909217
A01724,Analytics & Data,Cloud,1447152
A01724,AI & ML,Cloud,754503
A01724,Security,On-Premise,1137491
A01724,Applications,Hybrid,345571
A01724,Integration,No Footprint,0
A01725,Infrastructure,Cloud,592234
A01725,Database,No Footprint,0
A01725,Analytics & Data,Cloud,683976
A01725,AI & ML,Cloud,293477
A01725,Security,Hybrid,685053
A01725,Applications,No Footprint,0
A01725,Integration,Hybrid,532539
A01726,Infrastructure,Cloud,243812
A01726,Database,On-Premise,342379
A01726,Analytics & Data,Hybrid,817351
A01726,AI & ML,Cloud,494510
A01726,Security,Cloud,1077844
A01726,Applications,No Footprint,0
A01726,Integration,Cloud,1655568
A01727,Infrastructure,Cloud,557039
A01727,Database,No Footprint,0
A01727,Analytics & Data,Hybrid,2858112
A01727,AI & ML,Cloud,1774753
A01727,Security,Hybrid,918726
A01727,Applications,Cloud,454771
A01727,Integration,No Footprint,0
A01728,Infrastructure,Hybrid,175254
A01728,Database,On-Premise,810589
A01728,Analytics & Data,No Footprint,0
A01728,AI & ML,Cloud,676042
A01728,Security,Hybrid,1586848
A01728,Applications,Hybrid,367895
A01728,Integration,Hybrid,2152679
A01729,Infrastructure,No Footprint,0
A01729,Database,Hybrid,806950
A01729,Analytics & Data,Cloud,238487
A01729,AI & ML,Cloud,352654
A01729,Security,Cloud,1124746
A01729,Applications,On-Premise,237810
A01729,Integration,Hybrid,311691
A01730,Infrastructure,Cloud,403392
A01730,Database,No Footprint,0
A01730,Analytics & Data,Cloud,999030
A01730,AI & ML,No Footprint,0
A01730,Security,Cloud,145682
A01730,Applications,Hybrid,510988
A01730,Integration,Cloud,372625
A01731,Infrastructure,Cloud,642088
A01731,Database,Cloud,707304
A01731,Analytics & Data,Hybrid,1143756
A01731,AI & ML,Cloud,947064
A01731,Security,Hybrid,342076
A01731,Applications,Cloud,384744
A01731,Integration,Cloud,1533474
A01732,Infrastructure,No Footprint,0
A01732,Database,On-Premise,775789
A01732,Analytics & Data,No Footprint,0
A01732,AI & ML,Cloud,347457
A01732,Security,Cloud,1159658
A01732,Applications,Cloud,613883
A01732,Integration,Cloud,1392603
A01733,Infrastructure,No Footprint,0
A01733,Database,No Footprint,0
A01733,Analytics & Data,Hybrid,674977
A01733,AI & ML,No Footprint,0
A01733,Security,Hybrid,448143
A01733,Applications,On-Premise,1814235
A01733,Integration,Hybrid,405668
A01734,Infrastructure,Cloud,646897
A01734,Database,Hybrid,1127387
A01734,Analytics & Data,No Footprint,0
A01734,AI & ML,Cloud,460775
A01734,Security,No Footprint,0
A01734,Applications,Cloud,443034
A01734,Integration,No Footprint,0
A01735,Infrastructure,Cloud,353364
A01735,Database,On-Premise,1408017
A01735,Analytics & Data,No Footprint,0
A01735,AI & ML,No Footprint,0
A01735,Security,On-Premise,192959
A01735,Applications,No Footprint,0
A01735,Integration,Hybrid,823482
A01736,Infrastructure,On-Premise,1221686
A01736,Database,Cloud,2988664
A01736,Analytics & Data,Hybrid,449502
A01736,AI & ML,Cloud,2085103
A01736,Security,On-Premise,989616
A01736,Applications,On-Premise,524287
A01736,Integration,Hybrid,474412
A01737,Infrastructure,No Footprint,0
A01737,Database,Cloud,1097119
A01737,Analytics & Data,No Footprint,0
A01737,AI & ML,Cloud,195678
A01737,Security,Hybrid,778998
A01737,Applications,Cloud,3433416
A01737,Integration,Hybrid,978730
A01738,Infrastructure,Hybrid,2389665
A01738,Database,Hybrid,1170586
A01738,Analytics & Data,Cloud,213880
A01738,AI & ML,Cloud,278363
A01738,Security,No Footprint,0
A01738,Applications,On-Premise,894792
A01738,Integration,Hybrid,1206412
A01739,Infrastructure,No Footprint,0
A01739,Database,Cloud,398006
A01739,Analytics & Data,Hybrid,285743
A01739,AI & ML,No Footprint,0
A01739,Security,Cloud,280386
A01739,Applications,On-Premise,486692
A01739,Integration,Hybrid,3120832
A01740,Infrastructure,No Footprint,0
A01740,Database,Hybrid,585932
A01740,Analytics & Data,Cloud,821576
A01740,AI & ML,Cloud,1613318
A01740,Security,No Footprint,0
A01740,Applications,No Footprint,0
A01740,Integration,Cloud,1577947
A01741,Infrastructure,No Footprint,0
A01741,Database,No Footprint,0
A01741,Analytics & Data,Hybrid,465115
A01741,AI & ML,No Footprint,0
A01741,Security,Hybrid,700185
A01741,Applications,No Footprint,0
A01741,Integration,Hybrid,657935
A01742,Infrastructure,Cloud,1284247
A01742,Database,Hybrid,573073
A01742,Analytics & Data,Cloud,268231
A01742,AI & ML,Cloud,534572
A01742,Security,On-Premise,371746
A01742,Applications,Cloud,658532
A01742,Integration,Hybrid,1000717
A01743,Infrastructure,Hybrid,605518
A01743,Database,Hybrid,2794277
A01743,Analytics & Data,Hybrid,230024
A01743,AI & ML,Cloud,132823
A01743,Security,Hybrid,286798
A01743,Applications,Cloud,887497
A01743,Integration,Hybrid,518390
A01744,Infrastructure,No Footprint,0
A01744,Database,Hybrid,1010989
A01744,Analytics & Data,Hybrid,395553
A01744,AI & ML,Cloud,1529230
A01744,Security,No Footprint,0
A01744,Applications,Hybrid,2134659
A01744,Integration,Cloud,506927
A01745,Infrastructure,Hybrid,2246772
A01745,Database,Hybrid,1111681
A01745,Analytics & Data,No Footprint,0
A01745,AI & ML,No Footprint,0
A01745,Security,On-Premise,627227
A01745,Applications,Cloud,975482
A01745,Integration,Cloud,705358
A01746,Infrastructure,Hybrid,1690614
A01746,Database,On-Premise,126820
A01746,Analytics & Data,No Footprint,0
A01746,AI & ML,No Footprint,0
A01746,Security,Hybrid,394315
A01746,Applications,Hybrid,1364192
A01746,Integration,Hybrid,1384135
A01747,Infrastructure,Cloud,315753
A01747,Database,Cloud,1065634
A01747,Analytics & Data,Hybrid,1312947
A01747,AI & ML,No Footprint,0
A01747,Security,No Footprint,0
A01747,Applications,Cloud,700275
A01747,Integration,Hybrid,394653
A01748,Infrastructure,On-Premise,1695371
A01748,Database,On-Premise,1742730
A01748,Analytics & Data,No Footprint,0
A01748,AI & ML,No Footprint,0
A01748,Security,No Footprint,0
A01748,Applications,No Footprint,0
A01748,Integration,Cloud,476260
A01749,Infrastructure,Hybrid,492620
A01749,Database,No Footprint,0
A01749,Analytics & Data,Cloud,178686
A01749,AI & ML,Cloud,858200
A01749,Security,On-Premise,1638554
A01749,Applications,Hybrid,554536
A01749,Integration,Hybrid,188218
A01750,Infrastructure,No Footprint,0
A01750,Database,Cloud,2715359
A01750,Analytics & Data,No Footprint,0
A01750,AI & ML,No Footprint,0
A01750,Security,Cloud,9627809
A01750,Applications,Hybrid,430441
A01750,Integration,Hybrid,1627213
A01751,Infrastructure,Cloud,435287
A01751,Database,No Footprint,0
A01751,Analytics & Data,Hybrid,1645873
A01751,AI & ML,Cloud,1872196
A01751,Security,No Footprint,0
A01751,Applications,No Footprint,0
A01751,Integration,No Footprint,0
A01752,Infrastructure,On-Premise,155290
A01752,Database,Cloud,1710932
A01752,Analytics & Data,Hybrid,2461416
A01752,AI & ML,Cloud,6736598
A01752,Security,No Footprint,0
A01752,Applications,On-Premise,129044
A01752,Integration,Cloud,1011895
A01753,Infrastructure,No Footprint,0
A01753,Database,Hybrid,164281
A01753,Analytics & Data,Hybrid,1107802
A01753,AI & ML,Cloud,1204131
A01753,Security,Hybrid,89863
A01753,Applications,No Footprint,0
A01753,Integration,Hybrid,3183959
A01754,Infrastructure,On-Premise,258972
A01754,Database,No Footprint,0
A01754,Analytics & Data,Hybrid,692362
A01754,AI & ML,Cloud,283643
A01754,Security,No Footprint,0
A01754,Applications,On-Premise,2445901
A01754,Integration,No Footprint,0
A01755,Infrastructure,On-Premise,1028686
A01755,Database,On-Premise,90776
A01755,Analytics & Data,Hybrid,1435999
A01755,AI & ML,Cloud,750313
A01755,Security,On-Premise,2121955
A01755,Applications,On-Premise,635350
A01755,Integration,Hybrid,381871
A01756,Infrastructure,Hybrid,307067
A01756,Database,On-Premise,2152059
A01756,Analytics & Data,Hybrid,1006346
A01756,AI & ML,No Footprint,0
A01756,Security,Hybrid,179718
A01756,Applications,On-Premise,246770
A01756,Integration,No Footprint,0
A01757,Infrastructure,Hybrid,571483
A01757,Database,No Footprint,0
A01757,Analytics & Data,No Footprint,0
A01757,AI & ML,Cloud,744958
A01757,Security,Hybrid,1057559
A01757,Applications,No Footprint,0
A01757,Integration,Hybrid,127271
A01758,Infrastructure,Hybrid,979307
A01758,Database,Hybrid,616371
A01758,Analytics & Data,Hybrid,356220
A01758,AI & ML,Cloud,1813561
A01758,Security,Cloud,1533427
A01758,Applications,On-Premise,5753228
A01758,Integration,Hybrid,323566
A01759,Infrastructure,Hybrid,336052
A01759,Database,On-Premise,316621
A01759,Analytics & Data,Cloud,1901974
A01759,AI & ML,Cloud,1102286
A01759,Security,Cloud,543963
A01759,Applications,No Footprint,0
A01759,Integration,No Footprint,0
A01760,Infrastructure,Hybrid,564780
A01760,Database,No Footprint,0
A01760,Analytics & Data,Cloud,768880
A01760,AI & ML,No Footprint,0
A01760,Security,On-Premise,1701604
A01760,Applications,Cloud,4384680
A01760,Integration,Cloud,366508
A01761,Infrastructure,No Footprint,0
A01761,Database,No Footprint,0
A01761,Analytics & Data,Hybrid,238849
A01761,AI & ML,Cloud,1118802
A01761,Security,On-Premise,675519
A01761,Applications,On-Premise,671459
A01761,Integration,Hybrid,1482642
A01762,Infrastructure,On-Premise,845276
A01762,Database,On-Premise,1672052
A01762,Analytics & Data,Hybrid,454769
A01762,AI & ML,Cloud,203530
A01762,Security,Cloud,551984
A01762,Applications,Hybrid,682412
A01762,Integration,Cloud,232533
A01763,Infrastructure,Hybrid,1492434
A01763,Database,Hybrid,1167710
A01763,Analytics & Data,Hybrid,359898
A01763,AI & ML,Cloud,301728
A01763,Security,On-Premise,820895
A01763,Applications,Hybrid,1512039
A01763,Integration,Hybrid,461197
A01764,Infrastructure,On-Premise,703382
A01764,Database,No Footprint,0
A01764,Analytics & Data,Cloud,496057
A01764,AI & ML,Cloud,980605
A01764,Security,No Footprint,0
A01764,Applications,On-Premise,348221
A01764,Integration,Cloud,652884
A01765,Infrastructure,Cloud,1045077
A01765,Database,Cloud,158319
A01765,Analytics & Data,Hybrid,617085
A01765,AI & ML,Cloud,411869
A01765,Security,Cloud,1052929
A01765,Applications,Cloud,415296
A01765,Integration,Hybrid,870714
A01766,Infrastructure,No Footprint,0
A01766,Database,Hybrid,251140
A01766,Analytics & Data,Cloud,453069
A01766,AI & ML,No Footprint,0
A01766,Security,On-Premise,1810247
A01766,Applications,On-Premise,924971
A01766,Integration,Cloud,1217999
A01767,Infrastructure,Hybrid,406536
A01767,Database,Cloud,903556
A01767,Analytics & Data,No Footprint,0
A01767,AI & ML,Cloud,1064357
A01767,Security,Hybrid,789022
A01767,Applications,Cloud,234580
A01767,Integration,No Footprint,0
A01768,Infrastructure,No Footprint,0
A01768,Database,No Footprint,0
A01768,Analytics & Data,No Footprint,0
A01768,AI & ML,Cloud,698016
A01768,Security,Hybrid,421387
A01768,Applications,Hybrid,1055308
A01768,Integration,Hybrid,604267
A01769,Infrastructure,On-Premise,683694
A01769,Database,Cloud,207369
A01769,Analytics & Data,Hybrid,2487822
A01769,AI & ML,Cloud,472123
A01769,Security,No Footprint,0
A01769,Applications,No Footprint,0
A01769,Integration,No Footprint,0
A01770,Infrastructure,Cloud,175112
A01770,Database,On-Premise,2959875
A01770,Analytics & Data,Hybrid,1458003
A01770,AI & ML,No Footprint,0
A01770,Security,Cloud,507289
A01770,Applications,No Footprint,0
A01770,Integration,Hybrid,1332477
A01771,Infrastructure,No Footprint,0
A01771,Database,On-Premise,1219575
A01771,Analytics & Data,Cloud,3144815
A01771,AI & ML,Cloud,234706
A01771,Security,No Footprint,0
A01771,Applications,On-Premise,2638442
A01771,Integration,Cloud,2788947
A01772,Infrastructure,No Footprint,0
A01772,Database,Cloud,652010
A01772,Analytics & Data,Cloud,3233798
A01772,AI & ML,Cloud,2145818
A01772,Security,On-Premise,925656
A01772,Applications,Cloud,163993
A01772,Integration,Hybrid,2117517
A01773,Infrastructure,Hybrid,1213982
A01773,Database,No Footprint,0
A01773,Analytics & Data,No Footprint,0
A01773,AI & ML,Cloud,256660
A01773,Security,On-Premise,403708
A01773,Applications,Hybrid,333806
A01773,Integration,Cloud,438434
A01774,Infrastructure,Cloud,1032939
A01774,Database,No Footprint,0
A01774,Analytics & Data,Cloud,327086
A01774,AI & ML,Cloud,1881252
A01774,Security,Cloud,813869
A01774,Applications,Hybrid,2502652
A01774,Integration,Cloud,145656
A01775,Infrastructure,Cloud,830119
A01775,Database,No Footprint,0
A01775,Analytics & Data,Hybrid,2841595
A01775,AI & ML,Cloud,745389
A01775,Security,No Footprint,0
A01775,Applications,No Footprint,0
A01775,Integration,No Footprint,0
A01776,Infrastructure,Cloud,1291014
A01776,Database,Cloud,402011
A01776,Analytics & Data,Hybrid,532777
A01776,AI & ML,Cloud,2770205
A01776,Security,On-Premise,996081
A01776,Applications,Hybrid,500495
A01776,Integration,No Footprint,0
A01777,Infrastructure,No Footprint,0
A01777,Database,Cloud,435854
A01777,Analytics & Data,Cloud,393281
A01777,AI & ML,No Footprint,0
A01777,Security,No Footprint,0
A01777,Applications,On-Premise,630933
A01777,Integration,Cloud,1270934
A01778,Infrastructure,Hybrid,667011
A01778,Database,Cloud,1135470
A01778,Analytics & Data,Hybrid,699503
A01778,AI & ML,No Footprint,0
A01778,Security,On-Premise,490017
A01778,Applications,Hybrid,210008
A01778,Integration,No Footprint,0
A01779,Infrastructure,On-Premise,588841
A01779,Database,No Footprint,0
A01779,Analytics & Data,Hybrid,702633
A01779,AI & ML,Cloud,359372
A01779,Security,Hybrid,2487186
A01779,Applications,Hybrid,709255
A01779,Integration,Hybrid,1088003
A01780,Infrastructure,No Footprint,0
A01780,Database,Cloud,1125904
A01780,Analytics & Data,Hybrid,1568746
A01780,AI & ML,Cloud,2972533
A01780,Security,On-Premise,1363617
A01780,Applications,Hybrid,392270
A01780,Integration,Cloud,167220
A01781,Infrastructure,Hybrid,538177
A01781,Database,On-Premise,1770847
A01781,Analytics & Data,No Footprint,0
A01781,AI & ML,Cloud,558675
A01781,Security,No Footprint,0
A01781,Applications,No Footprint,0
A01781,Integration,Hybrid,368068
A01782,Infrastructure,No Footprint,0
A01782,Database,Cloud,802809
A01782,Analytics & Data,No Footprint,0
A01782,AI & ML,No Footprint,0
A01782,Security,Cloud,762278
A01782,Applications,No Footprint,0
A01782,Integration,Hybrid,1039265
A01783,Infrastructure,No Footprint,0
A01783,Database,Hybrid,1467193
A01783,Analytics & Data,Hybrid,1178082
A01783,AI & ML,Cloud,819241
A01783,Security,Hybrid,1018513
A01783,Applications,No Footprint,0
A01783,Integration,No Footprint,0
A01784,Infrastructure,Cloud,1083389
A01784,Database,On-Premise,1323016
A01784,Analytics & Data,Hybrid,672080
A01784,AI & ML,Cloud,1624168
A01784,Security,Hybrid,497391
A01784,Applications,Cloud,2529462
A01784,Integration,Hybrid,1501816
A01785,Infrastructure,No Footprint,0
A01785,Database,Hybrid,215085
A01785,Analytics & Data,Hybrid,447105
A01785,AI & ML,No Footprint,0
A01785,Security,No Footprint,0
A01785,Applications,No Footprint,0
A01785,Integration,No Footprint,0
A01786,Infrastructure,On-Premise,255701
A01786,Database,Hybrid,899372
A01786,Analytics & Data,Hybrid,299782
A01786,AI & ML,No Footprint,0
A01786,Security,On-Premise,184422
A01786,Applications,Hybrid,477452
A01786,Integration,Hybrid,1729327
A01787,Infrastructure,On-Premise,1889497
A01787,Database,Cloud,324859
A01787,Analytics & Data,No Footprint,0
A01787,AI & ML,Cloud,4621417
A01787,Security,Hybrid,437507
A01787,Applications,On-Premise,6147207
A01787,Integration,Hybrid,2445245
A01788,Infrastructure,Hybrid,533637
A01788,Database,No Footprint,0
A01788,Analytics & Data,Hybrid,108324
A01788,AI & ML,Cloud,1096637
A01788,Security,On-Premise,910204
A01788,Applications,On-Premise,805003
A01788,Integration,Hybrid,723706
A01789,Infrastructure,No Footprint,0
A01789,Database,Hybrid,751523
A01789,Analytics & Data,Hybrid,3236196
A01789,AI & ML,Cloud,440675
A01789,Security,Cloud,1269660
A01789,Applications,Hybrid,441629
A01789,Integration,No Footprint,0
A01790,Infrastructure,Hybrid,445167
A01790,Database,Hybrid,1557609
A01790,Analytics & Data,Cloud,2224044
A01790,AI & ML,Cloud,2524556
A01790,Security,Cloud,804840
A01790,Applications,On-Premise,192555
A01790,Integration,Hybrid,289412
A01791,Infrastructure,On-Premise,358090
A01791,Database,Cloud,1436492
A01791,Analytics & Data,Hybrid,708746
A01791,AI & ML,No Footprint,0
A01791,Security,No Footprint,0
A01791,Applications,On-Premise,563531
A01791,Integration,No Footprint,0
A01792,Infrastructure,On-Premise,2608025
A01792,Database,No Footprint,0
A01792,Analytics & Data,No Footprint,0
A01792,AI & ML,Cloud,491321
A01792,Security,On-Premise,829577
A01792,Applications,Cloud,833978
A01792,Integration,Cloud,1881725
A01793,Infrastructure,No Footprint,0
A01793,Database,On-Premise,1433083
A01793,Analytics & Data,Cloud,405202
A01793,AI & ML,Cloud,1137135
A01793,Security,Cloud,220206
A01793,Applications,Hybrid,978294
A01793,Integration,Hybrid,539048
A01794,Infrastructure,Cloud,2748809
A01794,Database,Cloud,586082
A01794,Analytics & Data,Hybrid,310864
A01794,AI & ML,Cloud,568236
A01794,Security,No Footprint,0
A01794,Applications,Cloud,223343
A01794,Integration,No Footprint,0
A01795,Infrastructure,Cloud,324661
A01795,Database,On-Premise,1099486
A01795,Analytics & Data,Hybrid,709517
A01795,AI & ML,Cloud,199745
A01795,Security,Cloud,1867785
A01795,Applications,Hybrid,2019502
A01795,Integration,Cloud,1055166
A01796,Infrastructure,Cloud,826170
A01796,Database,On-Premise,1093381
A01796,Analytics & Data,Cloud,773382
A01796,AI & ML,Cloud,570576
A01796,Security,Hybrid,1607672
A01796,Applications,On-Premise,944615
A01796,Integration,Hybrid,374810
A01797,Infrastructure,On-Premise,477313
A01797,Database,Cloud,1662188
A01797,Analytics & Data,Hybrid,772527
A01797,AI & ML,No Footprint,0
A01797,Security,No Footprint,0
A01797,Applications,On-Premise,4712143
A01797,Integration,Cloud,1227943
A01798,Infrastructure,Hybrid,653497
A01798,Database,Hybrid,359693
A01798,Analytics & Data,Hybrid,1342303
A01798,AI & ML,Cloud,264586
A01798,Security,On-Premise,1623767
A01798,Applications,Hybrid,1160669
A01798,Integration,Cloud,3687313
A01799,Infrastructure,No Footprint,0
A01799,Database,Hybrid,530396
A01799,Analytics & Data,Cloud,1139091
A01799,AI & ML,Cloud,3067475
A01799,Security,No Footprint,0
A01799,Applications,Cloud,735472
A01799,Integration,Cloud,769027
A01800,Infrastructure,Hybrid,1199687
A01800,Database,Hybrid,1884959
A01800,Analytics & Data,Cloud,353209
A01800,AI & ML,Cloud,234379
A01800,Security,On-Premise,588402
A01800,Applications,No Footprint,0
A01800,Integration,No Footprint,0
A01801,Infrastructure,On-Premise,195825
A01801,Database,Hybrid,1447057
A01801,Analytics & Data,Hybrid,242965
A01801,AI & ML,Cloud,853197
A01801,Security,On-Premise,597742
A01801,Applications,Hybrid,85268
A01801,Integration,Hybrid,405352
A01802,Infrastructure,Cloud,592182
A01802,Database,Hybrid,401713
A01802,Analytics & Data,Hybrid,5630295
A01802,AI & ML,Cloud,954391
A01802,Security,Cloud,323526
A01802,Applications,On-Premise,1362008
A01802,Integration,Hybrid,2995341
A01803,Infrastructure,Hybrid,2590865
A01803,Database,Hybrid,863872
A01803,Analytics & Data,No Footprint,0
A01803,AI & ML,Cloud,1840143
A01803,Security,On-Premise,530544
A01803,Applications,No Footprint,0
A01803,Integration,No Footprint,0
A01804,Infrastructure,Cloud,435486
A01804,Database,No Footprint,0
A01804,Analytics & Data,No Footprint,0
A01804,AI & ML,Cloud,1552963
A01804,Security,Cloud,1604302
A01804,Applications,Hybrid,566397
A01804,Integration,Cloud,780389
A01805,Infrastructure,No Footprint,0
A01805,Database,On-Premise,1162797
A01805,Analytics & Data,Cloud,520547
A01805,AI & ML,Cloud,555440
A01805,Security,Cloud,786012
A01805,Applications,Hybrid,1073272
A01805,Integration,No Footprint,0
A01806,Infrastructure,Cloud,1077462
A01806,Database,On-Premise,925838
A01806,Analytics & Data,Cloud,302899
A01806,AI & ML,Cloud,784868
A01806,Security,Hybrid,1034102
A01806,Applications,Hybrid,575117
A01806,Integration,Cloud,890674
A01807,Infrastructure,Cloud,1074966
A01807,Database,No Footprint,0
A01807,Analytics & Data,No Footprint,0
A01807,AI & ML,Cloud,2124842
A01807,Security,On-Premise,768513
A01807,Applications,Cloud,341344
A01807,Integration,Cloud,847046
A01808,Infrastructure,On-Premise,1061456
A01808,Database,No Footprint,0
A01808,Analytics & Data,Hybrid,494719
A01808,AI & ML,No Footprint,0
A01808,Security,Hybrid,1486640
A01808,Applications,Cloud,1293521
A01808,Integration,No Footprint,0
A01809,Infrastructure,No Footprint,0
A01809,Database,Cloud,332279
A01809,Analytics & Data,No Footprint,0
A01809,AI & ML,Cloud,4670672
A01809,Security,No Footprint,0
A01809,Applications,On-Premise,2280874
A01809,Integration,Cloud,652854
A01810,Infrastructure,No Footprint,0
A01810,Database,On-Premise,221372
A01810,Analytics & Data,Cloud,363096
A01810,AI & ML,No Footprint,0
A01810,Security,Cloud,885253
A01810,Applications,Cloud,409492
A01810,Integration,No Footprint,0
A01811,Infrastructure,Cloud,776457
A01811,Database,Hybrid,5892313
A01811,Analytics & Data,Cloud,264085
A01811,AI & ML,Cloud,691452
A01811,Security,Cloud,343546
A01811,Applications,No Footprint,0
A01811,Integration,No Footprint,0
A01812,Infrastructure,On-Premise,845891
A01812,Database,Cloud,590867
A01812,Analytics & Data,Hybrid,75500
A01812,AI & ML,No Footprint,0
A01812,Security,On-Premise,4781972
A01812,Applications,No Footprint,0
A01812,Integration,Cloud,372236
A01813,Infrastructure,Hybrid,639288
A01813,Database,Hybrid,725298
A01813,Analytics & Data,No Footprint,0
A01813,AI & ML,No Footprint,0
A01813,Security,On-Premise,168636
A01813,Applications,On-Premise,154673
A01813,Integration,Hybrid,557101
A01814,Infrastructure,No Footprint,0
A01814,Database,No Footprint,0
A01814,Analytics & Data,Hybrid,381392
A01814,AI & ML,Cloud,517792
A01814,Security,No Footprint,0
A01814,Applications,Cloud,718803
A01814,Integration,Hybrid,785631
A01815,Infrastructure,On-Premise,350785
A01815,Database,Hybrid,1976730
A01815,Analytics & Data,No Footprint,0
A01815,AI & ML,Cloud,331604
A01815,Security,On-Premise,306606
A01815,Applications,Cloud,278932
A01815,Integration,Hybrid,427363
A01816,Infrastructure,On-Premise,153707
A01816,Database,On-Premise,101596
A01816,Analytics & Data,Cloud,106406
A01816,AI & ML,No Footprint,0
A01816,Security,Cloud,775880
A01816,Applications,On-Premise,542047
A01816,Integration,No Footprint,0
A01817,Infrastructure,On-Premise,751985
A01817,Database,Hybrid,194728
A01817,Analytics & Data,No Footprint,0
A01817,AI & ML,Cloud,3361633
A01817,Security,Hybrid,470146
A01817,Applications,Hybrid,1673993
A01817,Integration,Cloud,581892
A01818,Infrastructure,Hybrid,167383
A01818,Database,Cloud,644917
A01818,Analytics & Data,Cloud,386944
A01818,AI & ML,Cloud,821258
A01818,Security,Hybrid,1835208
A01818,Applications,Hybrid,2073350
A01818,Integration,No Footprint,0
A01819,Infrastructure,On-Premise,439713
A01819,Database,Cloud,350760
A01819,Analytics & Data,No Footprint,0
A01819,AI & ML,Cloud,1425077
A01819,Security,Cloud,1534410
A01819,Applications,On-Premise,3724480
A01819,Integration,No Footprint,0
A01820,Infrastructure,On-Premise,1622593
A01820,Database,Cloud,1198876
A01820,Analytics & Data,No Footprint,0
A01820,AI & ML,Cloud,459382
A01820,Security,On-Premise,112752
A01820,Applications,On-Premise,743370
A01820,Integration,Cloud,290161
A01821,Infrastructure,On-Premise,1594772
A01821,Database,No Footprint,0
A01821,Analytics & Data,Cloud,1448154
A01821,AI & ML,Cloud,612910
A01821,Security,On-Premise,988259
A01821,Applications,On-Premise,367298
A01821,Integration,Cloud,1405072
A01822,Infrastructure,Hybrid,260433
A01822,Database,On-Premise,3426230
A01822,Analytics & Data,Hybrid,415651
A01822,AI & ML,No Footprint,0
A01822,Security,Hybrid,466718
A01822,Applications,Cloud,292530
A01822,Integration,Hybrid,720932
A01823,Infrastructure,On-Premise,5627660
A01823,Database,Hybrid,317382
A01823,Analytics & Data,Cloud,1529482
A01823,AI & ML,Cloud,379286
A01823,Security,Cloud,587143
A01823,Applications,Hybrid,96171
A01823,Integration,Cloud,845610
A01824,Infrastructure,No Footprint,0
A01824,Database,Hybrid,829011
A01824,Analytics & Data,Hybrid,361379
A01824,AI & ML,Cloud,473994
A01824,Security,Hybrid,1964012
A01824,Applications,No Footprint,0
A01824,Integration,No Footprint,0
A01825,Infrastructure,Hybrid,1055318
A01825,Database,On-Premise,722561
A01825,Analytics & Data,Cloud,218097
A01825,AI & ML,Cloud,2033947
A01825,Security,Cloud,471646
A01825,Applications,Hybrid,484604
A01825,Integration,Hybrid,2723337
A01826,Infrastructure,On-Premise,403863
A01826,Database,Hybrid,5396107
A01826,Analytics & Data,No Footprint,0
A01826,AI & ML,Cloud,1372307
A01826,Security,On-Premise,426603
A01826,Applications,Hybrid,168519
A01826,Integration,Hybrid,580580
A01827,Infrastructure,Hybrid,450728
A01827,Database,Hybrid,1024576
A01827,Analytics & Data,Hybrid,800975
A01827,AI & ML,No Footprint,0
A01827,Security,On-Premise,1118017
A01827,Applications,On-Premise,1081619
A01827,Integration,Hybrid,908757
A01828,Infrastructure,Cloud,401572
A01828,Database,No Footprint,0
A01828,Analytics & Data,No Footprint,0
A01828,AI & ML,Cloud,1638195
A01828,Security,On-Premise,399373
A01828,Applications,Hybrid,934605
A01828,Integration,Cloud,1638874
A01829,Infrastructure,No Footprint,0
A01829,Database,No Footprint,0
A01829,Analytics & Data,Hybrid,754891
A01829,AI & ML,Cloud,2018335
A01829,Security,Cloud,1435757
A01829,Applications,On-Premise,753389
A01829,Integration,Cloud,747446
A01830,Infrastructure,On-Premise,1667223
A01830,Database,On-Premise,544566
A01830,Analytics & Data,No Footprint,0
A01830,AI & ML,No Footprint,0
A01830,Security,No Footprint,0
A01830,Applications,No Footprint,0
A01830,Integration,No Footprint,0
A01831,Infrastructure,Cloud,284167
A01831,Database,On-Premise,497755
A01831,Analytics & Data,Cloud,487965
A01831,AI & ML,Cloud,625846
A01831,Security,Hybrid,251114
A01831,Applications,Hybrid,1115099
A01831,Integration,Hybrid,1577003
A01832,Infrastructure,Hybrid,1249581
A01832,Database,No Footprint,0
A01832,Analytics & Data,Cloud,692536
A01832,AI & ML,No Footprint,0
A01832,Security,No Footprint,0
A01832,Applications,Hybrid,724303
A01832,Integration,No Footprint,0
A01833,Infrastructure,On-Premise,609026
A01833,Database,Hybrid,642020
A01833,Analytics & Data,Cloud,221618
A01833,AI & ML,Cloud,1270463
A01833,Security,On-Premise,754386
A01833,Applications,Hybrid,587669
A01833,Integration,No Footprint,0
A01834,Infrastructure,On-Premise,269485
A01834,Database,Hybrid,506137
A01834,Analytics & Data,Cloud,646391
A01834,AI & ML,No Footprint,0
A01834,Security,On-Premise,1142320
A01834,Applications,Cloud,658848
A01834,Integration,Hybrid,1960788
A01835,Infrastructure,Cloud,501913
A01835,Database,Cloud,369616
A01835,Analytics & Data,No Footprint,0
A01835,AI & ML,No Footprint,0
A01835,Security,Hybrid,489255
A01835,Applications,Hybrid,463171
A01835,Integration,Hybrid,684507
A01836,Infrastructure,On-Premise,1012634
A01836,Database,Hybrid,975597
A01836,Analytics & Data,Cloud,299099
A01836,AI & ML,Cloud,2030484
A01836,Security,No Footprint,0
A01836,Applications,No Footprint,0
A01836,Integration,No Footprint,0
A01837,Infrastructure,Cloud,1515408
A01837,Database,Hybrid,1577356
A01837,Analytics & Data,Hybrid,571368
A01837,AI & ML,No Footprint,0
A01837,Security,Cloud,518571
A01837,Applications,On-Premise,77893
A01837,Integration,Hybrid,708842
A01838,Infrastructure,On-Premise,955316
A01838,Database,Cloud,896555
A01838,Analytics & Data,Cloud,1739879
A01838,AI & ML,No Footprint,0
A01838,Security,Hybrid,668301
A01838,Applications,Cloud,1488004
A01838,Integration,No Footprint,0
A01839,Infrastructure,Hybrid,2926811
A01839,Database,No Footprint,0
A01839,Analytics & Data,Hybrid,1909400
A01839,AI & ML,No Footprint,0
A01839,Security,No Footprint,0
A01839,Applications,No Footprint,0
A01839,Integration,Hybrid,524462
A01840,Infrastructure,On-Premise,2745674
A01840,Database,Cloud,680433
A01840,Analytics & Data,Hybrid,1095908
A01840,AI & ML,Cloud,644694
A01840,Security,No Footprint,0
A01840,Applications,On-Premise,3453640
A01840,Integration,No Footprint,0
A01841,Infrastructure,Cloud,283484
A01841,Database,No Footprint,0
A01841,Analytics & Data,Cloud,1348927
A01841,AI & ML,Cloud,1552266
A01841,Security,Hybrid,1292985
A01841,Applications,Cloud,1367872
A01841,Integration,No Footprint,0
A01842,Infrastructure,Hybrid,680505
A01842,Database,Cloud,1264691
A01842,Analytics & Data,No Footprint,0
A01842,AI & ML,Cloud,778580
A01842,Security,On-Premise,5289359
A01842,Applications,On-Premise,144172
A01842,Integration,No Footprint,0
A01843,Infrastructure,No Footprint,0
A01843,Database,Hybrid,193935
A01843,Analytics & Data,No Footprint,0
A01843,AI & ML,Cloud,2972741
A01843,Security,Cloud,565324
A01843,Applications,No Footprint,0
A01843,Integration,Hybrid,229971
A01844,Infrastructure,On-Premise,4338980
A01844,Database,Cloud,2558630
A01844,Analytics & Data,No Footprint,0
A01844,AI & ML,Cloud,929683
A01844,Security,Cloud,372300
A01844,Applications,No Footprint,0
A01844,Integration,Hybrid,1162106
A01845,Infrastructure,On-Premise,1607426
A01845,Database,On-Premise,1003778
A01845,Analytics & Data,Hybrid,638765
A01845,AI & ML,No Footprint,0
A01845,Security,Cloud,970831
A01845,Applications,Hybrid,2326689
A01845,Integration,Hybrid,1387310
A01846,Infrastructure,On-Premise,3969382
A01846,Database,On-Premise,1170528
A01846,Analytics & Data,Hybrid,282030
A01846,AI & ML,Cloud,1013944
A01846,Security,Hybrid,2207815
A01846,Applications,No Footprint,0
A01846,Integration,Cloud,1365175
A01847,Infrastructure,No Footprint,0
A01847,Database,Cloud,307456
A01847,Analytics & Data,Cloud,2290198
A01847,AI & ML,Cloud,1140663
A01847,Security,Hybrid,677286
A01847,Applications,Hybrid,2993574
A01847,Integration,Cloud,1136890
A01848,Infrastructure,On-Premise,1240628
A01848,Database,On-Premise,146916
A01848,Analytics & Data,Hybrid,187681
A01848,AI & ML,Cloud,744911
A01848,Security,On-Premise,915059
A01848,Applications,Cloud,676830
A01848,Integration,Hybrid,667163
A01849,Infrastructure,Hybrid,1670752
A01849,Database,Hybrid,567461
A01849,Analytics & Data,Hybrid,155490
A01849,AI & ML,Cloud,622887
A01849,Security,On-Premise,1277017
A01849,Applications,Hybrid,3160500
A01849,Integration,Cloud,408250
A01850,Infrastructure,Hybrid,830847
A01850,Database,Hybrid,281698
A01850,Analytics & Data,No Footprint,0
A01850,AI & ML,Cloud,720107
A01850,Security,No Footprint,0
A01850,Applications,Cloud,1137067
A01850,Integration,Hybrid,3002031
A01851,Infrastructure,Cloud,942203
A01851,Database,No Footprint,0
A01851,Analytics & Data,Cloud,851214
A01851,AI & ML,Cloud,112064
A01851,Security,No Footprint,0
A01851,Applications,Hybrid,350686
A01851,Integration,Cloud,1684414
A01852,Infrastructure,Cloud,604860
A01852,Database,No Footprint,0
A01852,Analytics & Data,Hybrid,1602941
A01852,AI & ML,Cloud,565997
A01852,Security,No Footprint,0
A01852,Applications,Cloud,1602497
A01852,Integration,Cloud,234850
A01853,Infrastructure,Cloud,3427248
A01853,Database,On-Premise,1585971
A01853,Analytics & Data,Hybrid,413944
A01853,AI & ML,No Footprint,0
A01853,Security,Hybrid,404237
A01853,Applications,Hybrid,160598
A01853,Integration,Hybrid,1291831
A01854,Infrastructure,Hybrid,205866
A01854,Database,On-Premise,587460
A01854,Analytics & Data,Cloud,509770
A01854,AI & ML,Cloud,453179
A01854,Security,On-Premise,1222868
A01854,Applications,Hybrid,430309
A01854,Integration,Hybrid,242314
A01855,Infrastructure,Cloud,666274
A01855,Database,No Footprint,0
A01855,Analytics & Data,Cloud,2531525
A01855,AI & ML,Cloud,1466280
A01855,Security,On-Premise,1342820
A01855,Applications,On-Premise,1285075
A01855,Integration,Cloud,6259929
A01856,Infrastructure,No Footprint,0
A01856,Database,No Footprint,0
A01856,Analytics & Data,Hybrid,2532740
A01856,AI & ML,Cloud,173919
A01856,Security,On-Premise,610082
A01856,Applications,Hybrid,532827
A01856,Integration,Hybrid,407749
A01857,Infrastructure,No Footprint,0
A01857,Database,On-Premise,206348
A01857,Analytics & Data,Cloud,145177
A01857,AI & ML,No Footprint,0
A01857,Security,No Footprint,0
A01857,Applications,Cloud,1158786
A01857,Integration,Cloud,5035474
A01858,Infrastructure,No Footprint,0
A01858,Database,Cloud,2308102
A01858,Analytics & Data,Hybrid,2284412
A01858,AI & ML,Cloud,2129146
A01858,Security,Hybrid,1720338
A01858,Applications,No Footprint,0
A01858,Integration,No Footprint,0
A01859,Infrastructure,Cloud,21732
A01859,Database,Cloud,566503
A01859,Analytics & Data,Hybrid,3272356
A01859,AI & ML,No Footprint,0
A01859,Security,Hybrid,1880040
A01859,Applications,Cloud,653897
A01859,Integration,No Footprint,0
A01860,Infrastructure,Hybrid,508081
A01860,Database,Cloud,649340
A01860,Analytics & Data,No Footprint,0
A01860,AI & ML,Cloud,175517
A01860,Security,No Footprint,0
A01860,Applications,On-Premise,193315
A01860,Integration,No Footprint,0
A01861,Infrastructure,No Footprint,0
A01861,Database,Hybrid,350900
A01861,Analytics & Data,No Footprint,0
A01861,AI & ML,No Footprint,0
A01861,Security,Hybrid,374336
A01861,Applications,No Footprint,0
A01861,Integration,Cloud,121260
A01862,Infrastructure,Hybrid,764028
A01862,Database,Cloud,433206
A01862,Analytics & Data,Hybrid,710699
A01862,AI & ML,No Footprint,0
A01862,Security,No Footprint,0
A01862,Applications,Hybrid,2364083
A01862,Integration,No Footprint,0
A01863,Infrastructure,Cloud,1935727
A01863,Database,No Footprint,0
A01863,Analytics & Data,Cloud,1192841
A01863,AI & ML,No Footprint,0
A01863,Security,Cloud,265377
A01863,Applications,No Footprint,0
A01863,Integration,Cloud,147256
A01864,Infrastructure,No Footprint,0
A01864,Database,Hybrid,969794
A01864,Analytics & Data,No Footprint,0
A01864,AI & ML,No Footprint,0
A01864,Security,Cloud,533829
A01864,Applications,Cloud,401539
A01864,Integration,Cloud,497414
A01865,Infrastructure,Hybrid,234709
A01865,Database,On-Premise,280619
A01865,Analytics & Data,No Footprint,0
A01865,AI & ML,Cloud,605715
A01865,Security,On-Premise,784975
A01865,Applications,On-Premise,1103859
A01865,Integration,No Footprint,0
A01866,Infrastructure,On-Premise,4566657
A01866,Database,No Footprint,0
A01866,Analytics & Data,No Footprint,0
A01866,AI & ML,No Footprint,0
A01866,Security,Hybrid,5111585
A01866,Applications,On-Premise,696479
A01866,Integration,Cloud,809828
A01867,Infrastructure,No Footprint,0
A01867,Database,On-Premise,1038974
A01867,Analytics & Data,Cloud,283673
A01867,AI & ML,Cloud,1941621
A01867,Security,Hybrid,2283055
A01867,Applications,On-Premise,350393
A01867,Integration,Hybrid,1021286
A01868,Infrastructure,Cloud,4706161
A01868,Database,Hybrid,1652567
A01868,Analytics & Data,No Footprint,0
A01868,AI & ML,No Footprint,0
A01868,Security,On-Premise,1332028
A01868,Applications,Cloud,482399
A01868,Integration,Hybrid,931052
A01869,Infrastructure,Cloud,559334
A01869,Database,No Footprint,0
A01869,Analytics & Data,Cloud,2897347
A01869,AI & ML,Cloud,455760
A01869,Security,Cloud,690044
A01869,Applications,No Footprint,0
A01869,Integration,Cloud,2360231
A01870,Infrastructure,Hybrid,2366523
A01870,Database,Cloud,964318
A01870,Analytics & Data,Hybrid,3138870
A01870,AI & ML,Cloud,424585
A01870,Security,No Footprint,0
A01870,Applications,On-Premise,650144
A01870,Integration,Hybrid,159544
A01871,Infrastructure,On-Premise,3074193
A01871,Database,On-Premise,400512
A01871,Analytics & Data,Hybrid,352158
A01871,AI & ML,Cloud,1801294
A01871,Security,Hybrid,1038677
A01871,Applications,Cloud,1280322
A01871,Integration,Cloud,2167510
A01872,Infrastructure,No Footprint,0
A01872,Database,No Footprint,0
A01872,Analytics & Data,Cloud,2158748
A01872,AI & ML,Cloud,471290
A01872,Security,Cloud,716381
A01872,Applications,Hybrid,964461
A01872,Integration,Hybrid,1008090
A01873,Infrastructure,Hybrid,1473052
A01873,Database,Cloud,126078
A01873,Analytics & Data,Cloud,1413679
A01873,AI & ML,No Footprint,0
A01873,Security,Hybrid,1756681
A01873,Applications,No Footprint,0
A01873,Integration,No Footprint,0
A01874,Infrastructure,No Footprint,0
A01874,Database,Hybrid,607970
A01874,Analytics & Data,No Footprint,0
A01874,AI & ML,Cloud,2012050
A01874,Security,On-Premise,179912
A01874,Applications,On-Premise,2138810
A01874,Integration,Hybrid,2250664
A01875,Infrastructure,Cloud,1218155
A01875,Database,On-Premise,140239
A01875,Analytics & Data,Hybrid,2196388
A01875,AI & ML,No Footprint,0
A01875,Security,Cloud,1420052
A01875,Applications,No Footprint,0
A01875,Integration,Hybrid,1834895
A01876,Infrastructure,On-Premise,2190411
A01876,Database,No Footprint,0
A01876,Analytics & Data,Cloud,543107
A01876,AI & ML,Cloud,416284
A01876,Security,No Footprint,0
A01876,Applications,Cloud,1569906
A01876,Integration,No Footprint,0
A01877,Infrastructure,On-Premise,1194953
A01877,Database,Cloud,233167
A01877,Analytics & Data,Cloud,263114
A01877,AI & ML,Cloud,318115
A01877,Security,On-Premise,884222
A01877,Applications,On-Premise,6422611
A01877,Integration,Hybrid,2002420
A01878,Infrastructure,No Footprint,0
A01878,Database,Hybrid,437762
A01878,Analytics & Data,No Footprint,0
A01878,AI & ML,No Footprint,0
A01878,Security,On-Premise,1788496
A01878,Applications,No Footprint,0
A01878,Integration,No Footprint,0
A01879,Infrastructure,Hybrid,1277184
A01879,Database,Hybrid,456574
A01879,Analytics & Data,Cloud,586981
A01879,AI & ML,Cloud,772955
A01879,Security,On-Premise,141201
A01879,Applications,Hybrid,837832
A01879,Integration,Cloud,1702174
A01880,Infrastructure,Cloud,1058524
A01880,Database,On-Premise,1296260
A01880,Analytics & Data,No Footprint,0
A01880,AI & ML,No Footprint,0
A01880,Security,On-Premise,63283
A01880,Applications,Hybrid,227944
A01880,Integration,Cloud,995788
A01881,Infrastructure,Cloud,541316
A01881,Database,No Footprint,0
A01881,Analytics & Data,No Footprint,0
A01881,AI & ML,Cloud,1075857
A01881,Security,No Footprint,0
A01881,Applications,Cloud,790803
A01881,Integration,Hybrid,1226886
A01882,Infrastructure,Hybrid,333400
A01882,Database,No Footprint,0
A01882,Analytics & Data,No Footprint,0
A01882,AI & ML,No Footprint,0
A01882,Security,Cloud,225758
A01882,Applications,No Footprint,0
A01882,Integration,Hybrid,802827
A01883,Infrastructure,Hybrid,1449606
A01883,Database,On-Premise,239642
A01883,Analytics & Data,Hybrid,345584
A01883,AI & ML,No Footprint,0
A01883,Security,Hybrid,1996303
A01883,Applications,On-Premise,690775
A01883,Integration,Hybrid,1173792
A01884,Infrastructure,On-Premise,3309114
A01884,Database,Hybrid,744174
A01884,Analytics & Data,No Footprint,0
A01884,AI & ML,No Footprint,0
A01884,Security,No Footprint,0
A01884,Applications,No Footprint,0
A01884,Integration,Hybrid,475810
A01885,Infrastructure,Cloud,595450
A01885,Database,On-Premise,495806
A01885,Analytics & Data,Cloud,335346
A01885,AI & ML,No Footprint,0
A01885,Security,No Footprint,0
A01885,Applications,No Footprint,0
A01885,Integration,Cloud,779469
A01886,Infrastructure,Hybrid,457901
A01886,Database,No Footprint,0
A01886,Analytics & Data,No Footprint,0
A01886,AI & ML,Cloud,3317006
A01886,Security,No Footprint,0
A01886,Applications,No Footprint,0
A01886,Integration,Cloud,1366185
A01887,Infrastructure,Cloud,1135244
A01887,Database,Hybrid,533014
A01887,Analytics & Data,Hybrid,408111
A01887,AI & ML,No Footprint,0
A01887,Security,No Footprint,0
A01887,Applications,On-Premise,4854549
A01887,Integration,Cloud,495296
A01888,Infrastructure,Hybrid,349107
A01888,Database,On-Premise,983798
A01888,Analytics & Data,No Footprint,0
A01888,AI & ML,Cloud,506541
A01888,Security,Hybrid,1274019
A01888,Applications,On-Premise,1622645
A01888,Integration,Hybrid,843264
A01889,Infrastructure,Hybrid,785381
A01889,Database,No Footprint,0
A01889,Analytics & Data,No Footprint,0
A01889,AI & ML,Cloud,607768
A01889,Security,Hybrid,951855
A01889,Applications,On-Premise,431582
A01889,Integration,No Footprint,0
A01890,Infrastructure,No Footprint,0
A01890,Database,No Footprint,0
A01890,Analytics & Data,Cloud,1737969
A01890,AI & ML,Cloud,807927
A01890,Security,Hybrid,444624
A01890,Applications,On-Premise,1202079
A01890,Integration,Hybrid,352237
A01891,Infrastructure,No Footprint,0
A01891,Database,Cloud,198096
A01891,Analytics & Data,Cloud,688915
A01891,AI & ML,No Footprint,0
A01891,Security,No Footprint,0
A01891,Applications,On-Premise,126514
A01891,Integration,Hybrid,1883306
A01892,Infrastructure,Cloud,3587341
A01892,Database,On-Premise,68111
A01892,Analytics & Data,Hybrid,901874
A01892,AI & ML,Cloud,335007
A01892,Security,No Footprint,0
A01892,Applications,Cloud,1056329
A01892,Integration,Cloud,441550
A01893,Infrastructure,Cloud,261098
A01893,Database,No Footprint,0
A01893,Analytics & Data,Cloud,3310154
A01893,AI & ML,No Footprint,0
A01893,Security,On-Premise,174998
A01893,Applications,Cloud,1026242
A01893,Integration,Cloud,11751937
A01894,Infrastructure,On-Premise,1790547
A01894,Database,On-Premise,153930
A01894,Analytics & Data,Hybrid,1164572
A01894,AI & ML,Cloud,929280
A01894,Security,No Footprint,0
A01894,Applications,No Footprint,0
A01894,Integration,Cloud,265440
A01895,Infrastructure,Cloud,349684
A01895,Database,Hybrid,223263
A01895,Analytics & Data,Cloud,3754353
A01895,AI & ML,No Footprint,0
A01895,Security,On-Premise,4329734
A01895,Applications,Hybrid,498688
A01895,Integration,Hybrid,460227
A01896,Infrastructure,Hybrid,418044
A01896,Database,Hybrid,293992
A01896,Analytics & Data,Hybrid,1144212
A01896,AI & ML,Cloud,759683
A01896,Security,On-Premise,505918
A01896,Applications,No Footprint,0
A01896,Integration,Cloud,1023872
A01897,Infrastructure,On-Premise,2433528
A01897,Database,On-Premise,211342
A01897,Analytics & Data,Cloud,399882
A01897,AI & ML,No Footprint,0
A01897,Security,Hybrid,281517
A01897,Applications,No Footprint,0
A01897,Integration,Hybrid,117798
A01898,Infrastructure,On-Premise,200570
A01898,Database,Hybrid,1420739
A01898,Analytics & Data,Cloud,657560
A01898,AI & ML,Cloud,565869
A01898,Security,Hybrid,851054
A01898,Applications,Hybrid,1233582
A01898,Integration,No Footprint,0
A01899,Infrastructure,Cloud,327159
A01899,Database,No Footprint,0
A01899,Analytics & Data,Cloud,850765
A01899,AI & ML,No Footprint,0
A01899,Security,Hybrid,364693
A01899,Applications,On-Premise,1778610
A01899,Integration,Hybrid,433785
A01900,Infrastructure,No Footprint,0
A01900,Database,Hybrid,2953362
A01900,Analytics & Data,No Footprint,0
A01900,AI & ML,No Footprint,0
A01900,Security,Cloud,543679
A01900,Applications,On-Premise,1067807
A01900,Integration,No Footprint,0
A01901,Infrastructure,No Footprint,0
A01901,Database,Cloud,678779
A01901,Analytics & Data,Cloud,4571902
A01901,AI & ML,Cloud,1332659
A01901,Security,On-Premise,1009636
A01901,Applications,Hybrid,312533
A01901,Integration,No Footprint,0
A01902,Infrastructure,Hybrid,4385781
A01902,Database,Cloud,206719
A01902,Analytics & Data,Hybrid,919719
A01902,AI & ML,Cloud,667952
A01902,Security,No Footprint,0
A01902,Applications,On-Premise,1031505
A01902,Integration,No Footprint,0
A01903,Infrastructure,Hybrid,814308
A01903,Database,Cloud,330642
A01903,Analytics & Data,Hybrid,618985
A01903,AI & ML,Cloud,250642
A01903,Security,On-Premise,217246
A01903,Applications,Hybrid,895060
A01903,Integration,Cloud,705006
A01904,Infrastructure,No Footprint,0
A01904,Database,On-Premise,341683
A01904,Analytics & Data,No Footprint,0
A01904,AI & ML,Cloud,2774690
A01904,Security,No Footprint,0
A01904,Applications,Cloud,1333777
A01904,Integration,No Footprint,0
A01905,Infrastructure,Hybrid,515562
A01905,Database,Hybrid,2459086
A01905,Analytics & Data,No Footprint,0
A01905,AI & ML,Cloud,544432
A01905,Security,Hybrid,1308139
A01905,Applications,Cloud,716009
A01905,Integration,Hybrid,713338
A01906,Infrastructure,Hybrid,593129
A01906,Database,No Footprint,0
A01906,Analytics & Data,Cloud,501624
A01906,AI & ML,Cloud,1399573
A01906,Security,No Footprint,0
A01906,Applications,On-Premise,877528
A01906,Integration,Hybrid,696608
A01907,Infrastructure,Hybrid,628888
A01907,Database,Hybrid,520777
A01907,Analytics & Data,Cloud,680814
A01907,AI & ML,Cloud,236581
A01907,Security,Cloud,1303210
A01907,Applications,Hybrid,254301
A01907,Integration,Hybrid,849875
A01908,Infrastructure,On-Premise,338885
A01908,Database,No Footprint,0
A01908,Analytics & Data,Hybrid,164337
A01908,AI & ML,Cloud,751536
A01908,Security,On-Premise,667752
A01908,Applications,Hybrid,796508
A01908,Integration,No Footprint,0
A01909,Infrastructure,Hybrid,540816
A01909,Database,On-Premise,204496
A01909,Analytics & Data,No Footprint,0
A01909,AI & ML,No Footprint,0
A01909,Security,On-Premise,281572
A01909,Applications,On-Premise,603888
A01909,Integration,Hybrid,465503
A01910,Infrastructure,No Footprint,0
A01910,Database,Hybrid,1274181
A01910,Analytics & Data,Hybrid,672388
A01910,AI & ML,No Footprint,0
A01910,Security,Hybrid,1575868
A01910,Applications,Hybrid,5324075
A01910,Integration,Hybrid,335089
A01911,Infrastructure,Cloud,559869
A01911,Database,On-Premise,572033
A01911,Analytics & Data,Cloud,1066697
A01911,AI & ML,Cloud,1095948
A01911,Security,Cloud,202206
A01911,Applications,Cloud,1982915
A01911,Integration,Cloud,1585103
A01912,Infrastructure,No Footprint,0
A01912,Database,On-Premise,445870
A01912,Analytics & Data,No Footprint,0
A01912,AI & ML,No Footprint,0
A01912,Security,On-Premise,690253
A01912,Applications,On-Premise,3353261
A01912,Integration,No Footprint,0
A01913,Infrastructure,Hybrid,491690
A01913,Database,Cloud,466556
A01913,Analytics & Data,Hybrid,669487
A01913,AI & ML,Cloud,852949
A01913,Security,Hybrid,383711
A01913,Applications,No Footprint,0
A01913,Integration,Cloud,1387797
A01914,Infrastructure,On-Premise,2437891
A01914,Database,On-Premise,1682301
A01914,Analytics & Data,No Footprint,0
A01914,AI & ML,Cloud,702278
A01914,Security,No Footprint,0
A01914,Applications,On-Premise,3136804
A01914,Integration,No Footprint,0
A01915,Infrastructure,No Footprint,0
A01915,Database,On-Premise,636128
A01915,Analytics & Data,Cloud,2341107
A01915,AI & ML,Cloud,1186236
A01915,Security,Hybrid,1792111
A01915,Applications,Hybrid,3614893
A01915,Integration,Hybrid,798316
A01916,Infrastructure,No Footprint,0
A01916,Database,Cloud,543029
A01916,Analytics & Data,No Footprint,0
A01916,AI & ML,Cloud,1121021
A01916,Security,No Footprint,0
A01916,Applications,On-Premise,1421703
A01916,Integration,Cloud,640254
A01917,Infrastructure,Hybrid,1096898
A01917,Database,No Footprint,0
A01917,Analytics & Data,Cloud,356216
A01917,AI & ML,Cloud,846717
A01917,Security,Cloud,389340
A01917,Applications,On-Premise,1941969
A01917,Integration,Cloud,613912
A01918,Infrastructure,Hybrid,389975
A01918,Database,No Footprint,0
A01918,Analytics & Data,Hybrid,314921
A01918,AI & ML,Cloud,1205266
A01918,Security,Cloud,457280
A01918,Applications,Hybrid,1031435
A01918,Integration,No Footprint,0
A01919,Infrastructure,On-Premise,391042
A01919,Database,No Footprint,0
A01919,Analytics & Data,Cloud,645028
A01919,AI & ML,Cloud,345841
A01919,Security,On-Premise,255656
A01919,Applications,Hybrid,2733729
A01919,Integration,Cloud,1714167
A01920,Infrastructure,Hybrid,848050
A01920,Database,Hybrid,198196
A01920,Analytics & Data,Cloud,2193465
A01920,AI & ML,Cloud,486862
A01920,Security,No Footprint,0
A01920,Applications,No Footprint,0
A01920,Integration,Hybrid,685862
A01921,Infrastructure,On-Premise,384218
A01921,Database,On-Premise,204624
A01921,Analytics & Data,No Footprint,0
A01921,AI & ML,No Footprint,0
A01921,Security,Hybrid,1743375
A01921,Applications,Hybrid,874481
A01921,Integration,Cloud,666568
A01922,Infrastructure,On-Premise,1693143
A01922,Database,On-Premise,311654
A01922,Analytics & Data,Hybrid,388567
A01922,AI & ML,Cloud,1210262
A01922,Security,On-Premise,7357022
A01922,Applications,Hybrid,310615
A01922,Integration,No Footprint,0
A01923,Infrastructure,No Footprint,0
A01923,Database,Hybrid,511446
A01923,Analytics & Data,No Footprint,0
A01923,AI & ML,Cloud,2135021
A01923,Security,Hybrid,2430225
A01923,Applications,No Footprint,0
A01923,Integration,No Footprint,0
A01924,Infrastructure,No Footprint,0
A01924,Database,No Footprint,0
A01924,Analytics & Data,Cloud,854141
A01924,AI & ML,No Footprint,0
A01924,Security,On-Premise,751399
A01924,Applications,No Footprint,0
A01924,Integration,No Footprint,0
A01925,Infrastructure,No Footprint,0
A01925,Database,Cloud,254253
A01925,Analytics & Data,Hybrid,615090
A01925,AI & ML,No Footprint,0
A01925,Security,Cloud,832592
A01925,Applications,Hybrid,1222283
A01925,Integration,Cloud,980472
A01926,Infrastructure,On-Premise,706541
A01926,Database,On-Premise,412612
A01926,Analytics & Data,No Footprint,0
A01926,AI & ML,No Footprint,0
A01926,Security,Hybrid,1070113
A01926,Applications,Hybrid,505226
A01926,Integration,No Footprint,0
A01927,Infrastructure,No Footprint,0
A01927,Database,No Footprint,0
A01927,Analytics & Data,No Footprint,0
A01927,AI & ML,Cloud,613879
A01927,Security,Cloud,617369
A01927,Applications,Cloud,829724
A01927,Integration,Cloud,171745
A01928,Infrastructure,On-Premise,405338
A01928,Database,Cloud,488204
A01928,Analytics & Data,No Footprint,0
A01928,AI & ML,Cloud,2429361
A01928,Security,On-Premise,2235510
A01928,Applications,On-Premise,5410819
A01928,Integration,Cloud,1251128
A01929,Infrastructure,Cloud,794629
A01929,Database,Cloud,838221
A01929,Analytics & Data,Cloud,185757
A01929,AI & ML,Cloud,685849
A01929,Security,On-Premise,679450
A01929,Applications,On-Premise,1046612
A01929,Integration,No Footprint,0
A01930,Infrastructure,Cloud,2469205
A01930,Database,Hybrid,1994791
A01930,Analytics & Data,No Footprint,0
A01930,AI & ML,No Footprint,0
A01930,Security,Cloud,380048
A01930,Applications,Cloud,228504
A01930,Integration,Hybrid,1534707
A01931,Infrastructure,Hybrid,726017
A01931,Database,On-Premise,1001600
A01931,Analytics & Data,No Footprint,0
A01931,AI & ML,Cloud,584772
A01931,Security,No Footprint,0
A01931,Applications,No Footprint,0
A01931,Integration,Hybrid,1619117
A01932,Infrastructure,Hybrid,978275
A01932,Database,Cloud,1552728
A01932,Analytics & Data,Hybrid,1941616
A01932,AI & ML,Cloud,1192079
A01932,Security,Hybrid,2500311
A01932,Applications,Hybrid,1992109
A01932,Integration,Cloud,575719
A01933,Infrastructure,Hybrid,846995
A01933,Database,Hybrid,2177879
A01933,Analytics & Data,Hybrid,947573
A01933,AI & ML,Cloud,1032269
A01933,Security,Hybrid,593296
A01933,Applications,Hybrid,42945
A01933,Integration,Cloud,175007
A01934,Infrastructure,No Footprint,0
A01934,Database,No Footprint,0
A01934,Analytics & Data,No Footprint,0
A01934,AI & ML,Cloud,1085184
A01934,Security,No Footprint,0
A01934,Applications,Cloud,1501627
A01934,Integration,Cloud,679070
A01935,Infrastructure,Hybrid,707958
A01935,Database,No Footprint,0
A01935,Analytics & Data,Hybrid,766022
A01935,AI & ML,Cloud,1767933
A01935,Security,On-Premise,126397
A01935,Applications,Cloud,198337
A01935,Integration,Cloud,1502448
A01936,Infrastructure,No Footprint,0
A01936,Database,No Footprint,0
A01936,Analytics & Data,Hybrid,675985
A01936,AI & ML,Cloud,4392202
A01936,Security,On-Premise,663392
A01936,Applications,Cloud,1046938
A01936,Integration,Cloud,476354
A01937,Infrastructure,On-Premise,259497
A01937,Database,No Footprint,0
A01937,Analytics & Data,No Footprint,0
A01937,AI & ML,No Footprint,0
A01937,Security,On-Premise,1395070
A01937,Applications,On-Premise,344834
A01937,Integration,Cloud,902443
A01938,Infrastructure,Cloud,195584
A01938,Database,Hybrid,814208
A01938,Analytics & Data,Cloud,313275
A01938,AI & ML,Cloud,498412
A01938,Security,Hybrid,2353755
A01938,Applications,Cloud,2196533
A01938,Integration,No Footprint,0
A01939,Infrastructure,On-Premise,2171138
A01939,Database,Cloud,4707200
A01939,Analytics & Data,Cloud,1951996
A01939,AI & ML,No Footprint,0
A01939,Security,Cloud,468320
A01939,Applications,On-Premise,788411
A01939,Integration,Cloud,701857
A01940,Infrastructure,No Footprint,0
A01940,Database,Hybrid,1727882
A01940,Analytics & Data,Hybrid,810371
A01940,AI & ML,Cloud,1503793
A01940,Security,On-Premise,2488997
A01940,Applications,No Footprint,0
A01940,Integration,Cloud,225607
A01941,Infrastructure,Cloud,2363742
A01941,Database,No Footprint,0
A01941,Analytics & Data,Hybrid,468247
A01941,AI & ML,Cloud,751770
A01941,Security,On-Premise,186785
A01941,Applications,On-Premise,2747189
A01941,Integration,Cloud,169892
A01942,Infrastructure,Hybrid,187081
A01942,Database,No Footprint,0
A01942,Analytics & Data,No Footprint,0
A01942,AI & ML,Cloud,967703
A01942,Security,Cloud,1418409
A01942,Applications,No Footprint,0
A01942,Integration,Hybrid,359187
A01943,Infrastructure,Hybrid,1209896
A01943,Database,On-Premise,931111
A01943,Analytics & Data,Hybrid,1017625
A01943,AI & ML,Cloud,2251405
A01943,Security,Cloud,445277
A01943,Applications,On-Premise,348067
A01943,Integration,Cloud,779689
A01944,Infrastructure,Hybrid,1354123
A01944,Database,On-Premise,1507949
A01944,Analytics & Data,Hybrid,90060
A01944,AI & ML,Cloud,907589
A01944,Security,On-Premise,698199
A01944,Applications,On-Premise,257436
A01944,Integration,Cloud,890810
A01945,Infrastructure,On-Premise,1377998
A01945,Database,On-Premise,537048
A01945,Analytics & Data,Hybrid,1811174
A01945,AI & ML,Cloud,368024
A01945,Security,Hybrid,709064
A01945,Applications,Cloud,464141
A01945,Integration,Hybrid,283111
A01946,Infrastructure,No Footprint,0
A01946,Database,Cloud,561468
A01946,Analytics & Data,No Footprint,0
A01946,AI & ML,Cloud,202503
A01946,Security,On-Premise,1532980
A01946,Applications,On-Premise,2383295
A01946,Integration,Cloud,1325461
A01947,Infrastructure,No Footprint,0
A01947,Database,Hybrid,534885
A01947,Analytics & Data,No Footprint,0
A01947,AI & ML,Cloud,2757554
A01947,Security,Hybrid,230911
A01947,Applications,Hybrid,365716
A01947,Integration,Cloud,151015
A01948,Infrastructure,No Footprint,0
A01948,Database,Cloud,1458207
A01948,Analytics & Data,Hybrid,5954067
A01948,AI & ML,Cloud,2642894
A01948,Security,Hybrid,2045352
A01948,Applications,No Footprint,0
A01948,Integration,Hybrid,1993737
A01949,Infrastructure,Hybrid,1712228
A01949,Database,On-Premise,284185
A01949,Analytics & Data,Cloud,521504
A01949,AI & ML,Cloud,1927864
A01949,Security,No Footprint,0
A01949,Applications,On-Premise,1882257
A01949,Integration,Cloud,2829478
A01950,Infrastructure,No Footprint,0
A01950,Database,Hybrid,714040
A01950,Analytics & Data,Hybrid,1386562
A01950,AI & ML,Cloud,1341304
A01950,Security,No Footprint,0
A01950,Applications,On-Premise,2994039
A01950,Integration,Hybrid,730615
A01951,Infrastructure,Hybrid,1081254
A01951,Database,On-Premise,384951
A01951,Analytics & Data,Hybrid,379991
A01951,AI & ML,Cloud,313933
A01951,Security,On-Premise,973034
A01951,Applications,Cloud,491726
A01951,Integration,Cloud,1166317
A01952,Infrastructure,Hybrid,1888017
A01952,Database,Cloud,379309
A01952,Analytics & Data,No Footprint,0
A01952,AI & ML,No Footprint,0
A01952,Security,No Footprint,0
A01952,Applications,No Footprint,0
A01952,Integration,Hybrid,553398
A01953,Infrastructure,Hybrid,324584
A01953,Database,No Footprint,0
A01953,Analytics & Data,Cloud,1181628
A01953,AI & ML,Cloud,1232225
A01953,Security,No Footprint,0
A01953,Applications,Cloud,249744
A01953,Integration,Cloud,2461026
A01954,Infrastructure,On-Premise,406902
A01954,Database,Cloud,1211298
A01954,Analytics & Data,Hybrid,533120
A01954,AI & ML,No Footprint,0
A01954,Security,On-Premise,190801
A01954,Applications,No Footprint,0
A01954,Integration,No Footprint,0
A01955,Infrastructure,On-Premise,4224941
A01955,Database,On-Premise,108276
A01955,Analytics & Data,Cloud,1488393
A01955,AI & ML,Cloud,596215
A01955,Security,No Footprint,0
A01955,Applications,On-Premise,1734731
A01955,Integration,No Footprint,0
A01956,Infrastructure,Hybrid,3140676
A01956,Database,Hybrid,113201
A01956,Analytics & Data,Hybrid,2097369
A01956,AI & ML,No Footprint,0
A01956,Security,On-Premise,1928317
A01956,Applications,Hybrid,630699
A01956,Integration,Cloud,299115
A01957,Infrastructure,Hybrid,1365934
A01957,Database,On-Premise,242382
A01957,Analytics & Data,Cloud,1775213
A01957,AI & ML,Cloud,584167
A01957,Security,No Footprint,0
A01957,Applications,Hybrid,1000135
A01957,Integration,Cloud,250375
A01958,Infrastructure,On-Premise,688118
A01958,Database,Hybrid,500171
A01958,Analytics & Data,No Footprint,0
A01958,AI & ML,Cloud,1018907
A01958,Security,Cloud,103971
A01958,Applications,On-Premise,592773
A01958,Integration,Hybrid,478571
A01959,Infrastructure,Cloud,710941
A01959,Database,On-Premise,1185158
A01959,Analytics & Data,Hybrid,2910389
A01959,AI & ML,Cloud,1127894
A01959,Security,Cloud,192119
A01959,Applications,On-Premise,260297
A01959,Integration,Cloud,245782
A01960,Infrastructure,On-Premise,877133
A01960,Database,On-Premise,142090
A01960,Analytics & Data,Hybrid,2020951
A01960,AI & ML,Cloud,1296579
A01960,Security,Cloud,569957
A01960,Applications,Cloud,372108
A01960,Integration,No Footprint,0
A01961,Infrastructure,On-Premise,359961
A01961,Database,Cloud,408900
A01961,Analytics & Data,Hybrid,627482
A01961,AI & ML,Cloud,427729
A01961,Security,No Footprint,0
A01961,Applications,Cloud,1189632
A01961,Integration,No Footprint,0
A01962,Infrastructure,On-Premise,342637
A01962,Database,No Footprint,0
A01962,Analytics & Data,No Footprint,0
A01962,AI & ML,Cloud,1426440
A01962,Security,No Footprint,0
A01962,Applications,Hybrid,788332
A01962,Integration,No Footprint,0
A01963,Infrastructure,On-Premise,205951
A01963,Database,Cloud,290774
A01963,Analytics & Data,Cloud,1917484
A01963,AI & ML,No Footprint,0
A01963,Security,Cloud,1211022
A01963,Applications,Cloud,114821
A01963,Integration,Cloud,506450
A01964,Infrastructure,Hybrid,147642
A01964,Database,On-Premise,1466370
A01964,Analytics & Data,No Footprint,0
A01964,AI & ML,Cloud,213598
A01964,Security,On-Premise,866417
A01964,Applications,On-Premise,762695
A01964,Integration,No Footprint,0
A01965,Infrastructure,On-Premise,1163074
A01965,Database,No Footprint,0
A01965,Analytics & Data,No Footprint,0
A01965,AI & ML,Cloud,1068248
A01965,Security,Cloud,2625505
A01965,Applications,Hybrid,220809
A01965,Integration,Cloud,737851
A01966,Infrastructure,On-Premise,590363
A01966,Database,Cloud,1091223
A01966,Analytics & Data,Hybrid,562560
A01966,AI & ML,No Footprint,0
A01966,Security,No Footprint,0
A01966,Applications,On-Premise,856200
A01966,Integration,Cloud,208186
A01967,Infrastructure,On-Premise,790637
A01967,Database,On-Premise,601652
A01967,Analytics & Data,Cloud,564671
A01967,AI & ML,Cloud,699123
A01967,Security,On-Premise,560924
A01967,Applications,Cloud,1912595
A01967,Integration,Hybrid,598210
A01968,Infrastructure,Hybrid,209504
A01968,Database,On-Premise,1062929
A01968,Analytics & Data,Cloud,1195530
A01968,AI & ML,Cloud,1325498
A01968,Security,Hybrid,971964
A01968,Applications,Hybrid,1289116
A01968,Integration,Hybrid,661226
A01969,Infrastructure,On-Premise,1955512
A01969,Database,Hybrid,238465
A01969,Analytics & Data,No Footprint,0
A01969,AI & ML,Cloud,243468
A01969,Security,No Footprint,0
A01969,Applications,On-Premise,1329119
A01969,Integration,Cloud,595092
A01970,Infrastructure,Hybrid,421413
A01970,Database,No Footprint,0
A01970,Analytics & Data,Cloud,896952
A01970,AI & ML,No Footprint,0
A01970,Security,Hybrid,506685
A01970,Applications,On-Premise,387464
A01970,Integration,No Footprint,0
A01971,Infrastructure,On-Premise,270747
A01971,Database,Hybrid,5970370
A01971,Analytics & Data,No Footprint,0
A01971,AI & ML,Cloud,230913
A01971,Security,Hybrid,619806
A01971,Applications,On-Premise,484129
A01971,Integration,Hybrid,939440
A01972,Infrastructure,No Footprint,0
A01972,Database,On-Premise,794100
A01972,Analytics & Data,Cloud,349675
A01972,AI & ML,Cloud,903864
A01972,Security,On-Premise,587592
A01972,Applications,On-Premise,634679
A01972,Integration,Cloud,723502
A01973,Infrastructure,Cloud,604253
A01973,Database,Cloud,385232
A01973,Analytics & Data,Hybrid,215435
A01973,AI & ML,Cloud,500576
A01973,Security,No Footprint,0
A01973,Applications,Cloud,1059684
A01973,Integration,Hybrid,881295
A01974,Infrastructure,On-Premise,1328838
A01974,Database,On-Premise,930290
A01974,Analytics & Data,Hybrid,144255
A01974,AI & ML,Cloud,1944135
A01974,Security,Cloud,628520
A01974,Applications,On-Premise,1007565
A01974,Integration,Cloud,1035455
A01975,Infrastructure,On-Premise,911798
A01975,Database,On-Premise,241641
A01975,Analytics & Data,No Footprint,0
A01975,AI & ML,Cloud,2032219
A01975,Security,On-Premise,610748
A01975,Applications,Cloud,336718
A01975,Integration,Hybrid,1611767
A01976,Infrastructure,On-Premise,779519
A01976,Database,On-Premise,7222033
A01976,Analytics & Data,Hybrid,593711
A01976,AI & ML,No Footprint,0
A01976,Security,Cloud,160290
A01976,Applications,Cloud,260506
A01976,Integration,Hybrid,591775
A01977,Infrastructure,On-Premise,461956
A01977,Database,No Footprint,0
A01977,Analytics & Data,Hybrid,699140
A01977,AI & ML,Cloud,714063
A01977,Security,Hybrid,897453
A01977,Applications,Cloud,1779311
A01977,Integration,Cloud,1002128
A01978,Infrastructure,No Footprint,0
A01978,Database,Cloud,501200
A01978,Analytics & Data,No Footprint,0
A01978,AI & ML,No Footprint,0
A01978,Security,Cloud,553979
A01978,Applications,Hybrid,393817
A01978,Integration,No Footprint,0
A01979,Infrastructure,On-Premise,551303
A01979,Database,On-Premise,1655656
A01979,Analytics & Data,Hybrid,337454
A01979,AI & ML,Cloud,2810280
A01979,Security,On-Premise,746417
A01979,Applications,Cloud,3503466
A01979,Integration,Cloud,1001406
A01980,Infrastructure,Cloud,701340
A01980,Database,Hybrid,5660425
A01980,Analytics & Data,No Footprint,0
A01980,AI & ML,Cloud,2119450
A01980,Security,On-Premise,1195450
A01980,Applications,No Footprint,0
A01980,Integration,No Footprint,0
A01981,Infrastructure,No Footprint,0
A01981,Database,No Footprint,0
A01981,Analytics & Data,Cloud,1223048
A01981,AI & ML,Cloud,225670
A01981,Security,No Footprint,0
A01981,Applications,Hybrid,1122934
A01981,Integration,Cloud,561019
A01982,Infrastructure,Hybrid,463657
A01982,Database,No Footprint,0
A01982,Analytics & Data,Hybrid,923084
A01982,AI & ML,Cloud,2395268
A01982,Security,Hybrid,1354101
A01982,Applications,On-Premise,1441614
A01982,Integration,Hybrid,2213117
A01983,Infrastructure,Hybrid,470481
A01983,Database,Cloud,227902
A01983,Analytics & Data,No Footprint,0
A01983,AI & ML,Cloud,389718
A01983,Security,Cloud,540334
A01983,Applications,No Footprint,0
A01983,Integration,Hybrid,272315
A01984,Infrastructure,Hybrid,244598
A01984,Database,On-Premise,156793
A01984,Analytics & Data,No Footprint,0
A01984,AI & ML,Cloud,1393031
A01984,Security,No Footprint,0
A01984,Applications,Cloud,276380
A01984,Integration,Hybrid,258622
A01985,Infrastructure,On-Premise,5340441
A01985,Database,Hybrid,1795314
A01985,Analytics & Data,No Footprint,0
A01985,AI & ML,Cloud,715366
A01985,Security,Cloud,177067
A01985,Applications,Hybrid,1604797
A01985,Integration,Hybrid,975534
A01986,Infrastructure,Hybrid,522536
A01986,Database,No Footprint,0
A01986,Analytics & Data,Hybrid,363150
A01986,AI & ML,No Footprint,0
A01986,Security,No Footprint,0
A01986,Applications,No Footprint,0
A01986,Integration,Hybrid,757717
A01987,Infrastructure,Cloud,1677559
A01987,Database,On-Premise,1822756
A01987,Analytics & Data,Cloud,1283664
A01987,AI & ML,Cloud,2042734
A01987,Security,On-Premise,3202122
A01987,Applications,No Footprint,0
A01987,Integration,No Footprint,0
A01988,Infrastructure,On-Premise,372438
A01988,Database,Cloud,1077771
A01988,Analytics & Data,No Footprint,0
A01988,AI & ML,No Footprint,0
A01988,Security,Hybrid,352513
A01988,Applications,No Footprint,0
A01988,Integration,Cloud,326597
A01989,Infrastructure,On-Premise,487948
A01989,Database,Cloud,544831
A01989,Analytics & Data,No Footprint,0
A01989,AI & ML,Cloud,695015
A01989,Security,No Footprint,0
A01989,Applications,No Footprint,0
A01989,Integration,Hybrid,1186467
A01990,Infrastructure,Hybrid,315789
A01990,Database,On-Premise,327887
A01990,Analytics & Data,Hybrid,109301
A01990,AI & ML,Cloud,677396
A01990,Security,No Footprint,0
A01990,Applications,Hybrid,314074
A01990,Integration,Cloud,307559
A01991,Infrastructure,Cloud,1851050
A01991,Database,Cloud,691096
A01991,Analytics & Data,Hybrid,76663
A01991,AI & ML,No Footprint,0
A01991,Security,On-Premise,1852174
A01991,Applications,On-Premise,761711
A01991,Integration,Cloud,892394
A01992,Infrastructure,Cloud,968048
A01992,Database,Cloud,980745
A01992,Analytics & Data,Cloud,808888
A01992,AI & ML,No Footprint,0
A01992,Security,Cloud,1247583
A01992,Applications,Hybrid,519669
A01992,Integration,Hybrid,371960
A01993,Infrastructure,On-Premise,944438
A01993,Database,Cloud,621527
A01993,Analytics & Data,Hybrid,1074003
A01993,AI & ML,Cloud,312106
A01993,Security,No Footprint,0
A01993,Applications,No Footprint,0
A01993,Integration,No Footprint,0
A01994,Infrastructure,No Footprint,0
A01994,Database,Hybrid,2042153
A01994,Analytics & Data,No Footprint,0
A01994,AI & ML,No Footprint,0
A01994,Security,Cloud,427578
A01994,Applications,On-Premise,2232061
A01994,Integration,Cloud,619825
A01995,Infrastructure,Hybrid,1383657
A01995,Database,Cloud,2553565
A01995,Analytics & Data,Hybrid,3465143
A01995,AI & ML,Cloud,644127
A01995,Security,On-Premise,381529
A01995,Applications,Hybrid,921627
A01995,Integration,No Footprint,0
A01996,Infrastructure,On-Premise,322260
A01996,Database,No Footprint,0
A01996,Analytics & Data,Hybrid,984184
A01996,AI & ML,No Footprint,0
A01996,Security,On-Premise,660451
A01996,Applications,Hybrid,876827
A01996,Integration,Cloud,1539287
A01997,Infrastructure,Hybrid,178522
A01997,Database,Cloud,1026008
A01997,Analytics & Data,Hybrid,1381485
A01997,AI & ML,Cloud,727961
A01997,Security,Cloud,370945
A01997,Applications,Cloud,457554
A01997,Integration,No Footprint,0
A01998,Infrastructure,Cloud,558408
A01998,Database,Hybrid,1714971
A01998,Analytics & Data,No Footprint,0
A01998,AI & ML,Cloud,532100
A01998,Security,Hybrid,974135
A01998,Applications,On-Premise,1146057
A01998,Integration,Hybrid,3619357
A01999,Infrastructure,Hybrid,364030
A01999,Database,On-Premise,797241
A01999,Analytics & Data,Hybrid,1427740
A01999,AI & ML,Cloud,580471
A01999,Security,On-Premise,6212181
A01999,Applications,Hybrid,3338655
A01999,Integration,Cloud,74428
A02000,Infrastructure,No Footprint,0
A02000,Database,On-Premise,543318
A02000,Analytics & Data,Cloud,1790846
A02000,AI & ML,No Footprint,0
A02000,Security,Hybrid,839416
A02000,Applications,No Footprint,0
A02000,Integration,Hybrid,380146
A02001,Infrastructure,On-Premise,1176557
A02001,Database,Hybrid,489184
A02001,Analytics & Data,Cloud,653906
A02001,AI & ML,Cloud,1048750
A02001,Security,No Footprint,0
A02001,Applications,Hybrid,8471360
A02001,Integration,Cloud,289982
A02002,Infrastructure,No Footprint,0
A02002,Database,On-Premise,389146
A02002,Analytics & Data,Hybrid,1037364
A02002,AI & ML,No Footprint,0
A02002,Security,On-Premise,481133
A02002,Applications,On-Premise,202811
A02002,Integration,Hybrid,249854
A02003,Infrastructure,On-Premise,4017460
A02003,Database,Cloud,1085441
A02003,Analytics & Data,Hybrid,320767
A02003,AI & ML,No Footprint,0
A02003,Security,Hybrid,1768920
A02003,Applications,No Footprint,0
A02003,Integration,Cloud,1802349
A02004,Infrastructure,Cloud,529373
A02004,Database,Hybrid,196448
A02004,Analytics & Data,Cloud,201110
A02004,AI & ML,No Footprint,0
A02004,Security,Hybrid,362853
A02004,Applications,Cloud,910131
A02004,Integration,No Footprint,0
A02005,Infrastructure,No Footprint,0
A02005,Database,Cloud,403058
A02005,Analytics & Data,No Footprint,0
A02005,AI & ML,Cloud,887219
A02005,Security,On-Premise,1648483
A02005,Applications,Hybrid,255248
A02005,Integration,Cloud,682611
A02006,Infrastructure,Hybrid,297928
A02006,Database,Hybrid,131200
A02006,Analytics & Data,Cloud,1841154
A02006,AI & ML,No Footprint,0
A02006,Security,On-Premise,805183
A02006,Applications,On-Premise,976133
A02006,Integration,Cloud,3768286
A02007,Infrastructure,On-Premise,2166825
A02007,Database,On-Premise,287881
A02007,Analytics & Data,Cloud,843500
A02007,AI & ML,No Footprint,0
A02007,Security,Hybrid,1407196
A02007,Applications,No Footprint,0
A02007,Integration,Cloud,717937
A02008,Infrastructure,Cloud,4273491
A02008,Database,Hybrid,467655
A02008,Analytics & Data,Hybrid,192153
A02008,AI & ML,No Footprint,0
A02008,Security,No Footprint,0
A02008,Applications,Cloud,2974772
A02008,Integration,Cloud,2511766
A02009,Infrastructure,Hybrid,1204598
A02009,Database,On-Premise,1810064
A02009,Analytics & Data,No Footprint,0
A02009,AI & ML,Cloud,331791
A02009,Security,Cloud,521386
A02009,Applications,Cloud,1430657
A02009,Integration,Cloud,1052842
A02010,Infrastructure,No Footprint,0
A02010,Database,Cloud,443248
A02010,Analytics & Data,Cloud,287889
A02010,AI & ML,No Footprint,0
A02010,Security,Hybrid,738323
A02010,Applications,Hybrid,512282
A02010,Integration,No Footprint,0
A02011,Infrastructure,Cloud,835981
A02011,Database,Cloud,366940
A02011,Analytics & Data,No Footprint,0
A02011,AI & ML,Cloud,356295
A02011,Security,Hybrid,388313
A02011,Applications,Cloud,594970
A02011,Integration,No Footprint,0
A02012,Infrastructure,Cloud,432655
A02012,Database,Hybrid,117749
A02012,Analytics & Data,Hybrid,1382257
A02012,AI & ML,Cloud,4105646
A02012,Security,Cloud,759100
A02012,Applications,On-Premise,776570
A02012,Integration,No Footprint,0
A02013,Infrastructure,On-Premise,1911831
A02013,Database,On-Premise,319759
A02013,Analytics & Data,No Footprint,0
A02013,AI & ML,Cloud,2303908
A02013,Security,On-Premise,419200
A02013,Applications,On-Premise,176503
A02013,Integration,Cloud,315258
A02014,Infrastructure,Cloud,744034
A02014,Database,On-Premise,419158
A02014,Analytics & Data,Hybrid,1077125
A02014,AI & ML,No Footprint,0
A02014,Security,Cloud,1040055
A02014,Applications,Hybrid,160216
A02014,Integration,No Footprint,0
A02015,Infrastructure,Hybrid,785689
A02015,Database,No Footprint,0
A02015,Analytics & Data,Hybrid,819289
A02015,AI & ML,Cloud,745375
A02015,Security,On-Premise,871573
A02015,Applications,On-Premise,332757
A02015,Integration,Cloud,2048756
A02016,Infrastructure,No Footprint,0
A02016,Database,Hybrid,1873029
A02016,Analytics & Data,Cloud,302997
A02016,AI & ML,No Footprint,0
A02016,Security,On-Premise,492565
A02016,Applications,On-Premise,691931
A02016,Integration,Hybrid,1423923
A02017,Infrastructure,On-Premise,51843
A02017,Database,Cloud,519048
A02017,Analytics & Data,Cloud,1209356
A02017,AI & ML,Cloud,1628724
A02017,Security,On-Premise,1682434
A02017,Applications,No Footprint,0
A02017,Integration,Cloud,213361
A02018,Infrastructure,Hybrid,673794
A02018,Database,Hybrid,8529256
A02018,Analytics & Data,Hybrid,252630
A02018,AI & ML,Cloud,1235839
A02018,Security,No Footprint,0
A02018,Applications,On-Premise,414237
A02018,Integration,Hybrid,802431
A02019,Infrastructure,Hybrid,1087890
A02019,Database,On-Premise,204840
A02019,Analytics & Data,Cloud,2945856
A02019,AI & ML,Cloud,749946
A02019,Security,Cloud,3799190
A02019,Applications,Hybrid,1161477
A02019,Integration,No Footprint,0
A02020,Infrastructure,No Footprint,0
A02020,Database,Cloud,883548
A02020,Analytics & Data,Hybrid,1135030
A02020,AI & ML,Cloud,786024
A02020,Security,On-Premise,908828
A02020,Applications,No Footprint,0
A02020,Integration,Hybrid,5784741
A02021,Infrastructure,No Footprint,0
A02021,Database,No Footprint,0
A02021,Analytics & Data,Cloud,697725
A02021,AI & ML,Cloud,270618
A02021,Security,Hybrid,2164698
A02021,Applications,No Footprint,0
A02021,Integration,No Footprint,0
A02022,Infrastructure,On-Premise,194445
A02022,Database,Hybrid,509911
A02022,Analytics & Data,No Footprint,0
A02022,AI & ML,Cloud,135617
A02022,Security,No Footprint,0
A02022,Applications,No Footprint,0
A02022,Integration,Cloud,2795400
A02023,Infrastructure,Cloud,279314
A02023,Database,Cloud,230571
A02023,Analytics & Data,Cloud,2821508
A02023,AI & ML,No Footprint,0
A02023,Security,On-Premise,4868481
A02023,Applications,Hybrid,1722463
A02023,Integration,Cloud,756161
A02024,Infrastructure,Hybrid,837286
A02024,Database,No Footprint,0
A02024,Analytics & Data,No Footprint,0
A02024,AI & ML,No Footprint,0
A02024,Security,On-Premise,6803328
A02024,Applications,Cloud,2276524
A02024,Integration,Hybrid,684442
A02025,Infrastructure,Hybrid,251377
A02025,Database,Cloud,349900
A02025,Analytics & Data,No Footprint,0
A02025,AI & ML,No Footprint,0
A02025,Security,No Footprint,0
A02025,Applications,Cloud,647328
A02025,Integration,Cloud,912300
A02026,Infrastructure,Cloud,544064
A02026,Database,No Footprint,0
A02026,Analytics & Data,Hybrid,586742
A02026,AI & ML,Cloud,1310364
A02026,Security,On-Premise,512821
A02026,Applications,On-Premise,417791
A02026,Integration,Hybrid,1012606
A02027,Infrastructure,Cloud,481482
A02027,Database,On-Premise,739051
A02027,Analytics & Data,Cloud,225190
A02027,AI & ML,Cloud,235400
A02027,Security,Cloud,383630
A02027,Applications,Cloud,411248
A02027,Integration,Cloud,836989
A02028,Infrastructure,No Footprint,0
A02028,Database,On-Premise,785361
A02028,Analytics & Data,Hybrid,155457
A02028,AI & ML,Cloud,837044
A02028,Security,Cloud,49961
A02028,Applications,On-Premise,1260999
A02028,Integration,Hybrid,340541
A02029,Infrastructure,On-Premise,303733
A02029,Database,Hybrid,339247
A02029,Analytics & Data,No Footprint,0
A02029,AI & ML,Cloud,628093
A02029,Security,On-Premise,278597
A02029,Applications,On-Premise,1303598
A02029,Integration,Cloud,568954
A02030,Infrastructure,Hybrid,1158840
A02030,Database,Cloud,1646612
A02030,Analytics & Data,Cloud,590999
A02030,AI & ML,Cloud,510906
A02030,Security,No Footprint,0
A02030,Applications,No Footprint,0
A02030,Integration,Hybrid,302144
A02031,Infrastructure,Hybrid,260688
A02031,Database,Cloud,447659
A02031,Analytics & Data,Hybrid,1295751
A02031,AI & ML,Cloud,1022260
A02031,Security,Cloud,865074
A02031,Applications,Hybrid,1516406
A02031,Integration,Hybrid,264794
A02032,Infrastructure,Cloud,1393591
A02032,Database,Cloud,507249
A02032,Analytics & Data,No Footprint,0
A02032,AI & ML,Cloud,579956
A02032,Security,No Footprint,0
A02032,Applications,On-Premise,6494908
A02032,Integration,Cloud,482060
A02033,Infrastructure,No Footprint,0
A02033,Database,On-Premise,491770
A02033,Analytics & Data,Cloud,317470
A02033,AI & ML,Cloud,176052
A02033,Security,No Footprint,0
A02033,Applications,No Footprint,0
A02033,Integration,Cloud,991448
A02034,Infrastructure,Cloud,997209
A02034,Database,Cloud,1699363
A02034,Analytics & Data,Cloud,1401775
A02034,AI & ML,Cloud,2001851
A02034,Security,No Footprint,0
A02034,Applications,No Footprint,0
A02034,Integration,No Footprint,0
A02035,Infrastructure,On-Premise,438216
A02035,Database,On-Premise,337670
A02035,Analytics & Data,No Footprint,0
A02035,AI & ML,No Footprint,0
A02035,Security,No Footprint,0
A02035,Applications,No Footprint,0
A02035,Integration,Hybrid,283447
A02036,Infrastructure,No Footprint,0
A02036,Database,No Footprint,0
A02036,Analytics & Data,Hybrid,448764
A02036,AI & ML,Cloud,236136
A02036,Security,On-Premise,966780
A02036,Applications,Hybrid,369850
A02036,Integration,Cloud,210307
A02037,Infrastructure,No Footprint,0
A02037,Database,No Footprint,0
A02037,Analytics & Data,Hybrid,447138
A02037,AI & ML,Cloud,352294
A02037,Security,Cloud,302787
A02037,Applications,Hybrid,1034922
A02037,Integration,No Footprint,0
A02038,Infrastructure,No Footprint,0
A02038,Database,No Footprint,0
A02038,Analytics & Data,No Footprint,0
A02038,AI & ML,Cloud,252451
A02038,Security,No Footprint,0
A02038,Applications,On-Premise,251497
A02038,Integration,Cloud,564485
A02039,Infrastructure,No Footprint,0
A02039,Database,Hybrid,1170183
A02039,Analytics & Data,No Footprint,0
A02039,AI & ML,No Footprint,0
A02039,Security,Cloud,375473
A02039,Applications,Cloud,428329
A02039,Integration,Cloud,343184
A02040,Infrastructure,No Footprint,0
A02040,Database,Cloud,535640
A02040,Analytics & Data,Cloud,3861913
A02040,AI & ML,Cloud,3452222
A02040,Security,On-Premise,541038
A02040,Applications,On-Premise,2705325
A02040,Integration,Hybrid,477369
A02041,Infrastructure,Cloud,1910165
A02041,Database,Hybrid,1108787
A02041,Analytics & Data,Hybrid,1961024
A02041,AI & ML,Cloud,1510786
A02041,Security,Cloud,597935
A02041,Applications,On-Premise,1527472
A02041,Integration,Hybrid,3937237
A02042,Infrastructure,Cloud,1597442
A02042,Database,Hybrid,260065
A02042,Analytics & Data,Cloud,490563
A02042,AI & ML,Cloud,291398
A02042,Security,On-Premise,533191
A02042,Applications,On-Premise,1764921
A02042,Integration,No Footprint,0
A02043,Infrastructure,On-Premise,1087006
A02043,Database,No Footprint,0
A02043,Analytics & Data,Hybrid,935152
A02043,AI & ML,Cloud,2716337
A02043,Security,Cloud,476809
A02043,Applications,Hybrid,489054
A02043,Integration,Hybrid,274840
A02044,Infrastructure,Cloud,484849
A02044,Database,Hybrid,1249837
A02044,Analytics & Data,Hybrid,128335
A02044,AI & ML,No Footprint,0
A02044,Security,No Footprint,0
A02044,Applications,On-Premise,615026
A02044,Integration,Cloud,1128570
A02045,Infrastructure,On-Premise,664953
A02045,Database,On-Premise,225392
A02045,Analytics & Data,No Footprint,0
A02045,AI & ML,No Footprint,0
A02045,Security,On-Premise,4105383
A02045,Applications,On-Premise,821443
A02045,Integration,Hybrid,1032545
A02046,Infrastructure,Hybrid,3722448
A02046,Database,Hybrid,202292
A02046,Analytics & Data,Hybrid,1128129
A02046,AI & ML,No Footprint,0
A02046,Security,Hybrid,332544
A02046,Applications,Hybrid,143318
A02046,Integration,Hybrid,2610595
A02047,Infrastructure,Hybrid,2539020
A02047,Database,Cloud,1027681
A02047,Analytics & Data,Hybrid,594973
A02047,AI & ML,No Footprint,0
A02047,Security,Hybrid,87656
A02047,Applications,On-Premise,485829
A02047,Integration,No Footprint,0
A02048,Infrastructure,On-Premise,5378963
A02048,Database,Hybrid,1035775
A02048,Analytics & Data,Hybrid,752387
A02048,AI & ML,Cloud,308805
A02048,Security,On-Premise,950250
A02048,Applications,No Footprint,0
A02048,Integration,Cloud,337845
A02049,Infrastructure,Cloud,1615039
A02049,Database,No Footprint,0
A02049,Analytics & Data,No Footprint,0
A02049,AI & ML,Cloud,204791
A02049,Security,No Footprint,0
A02049,Applications,Hybrid,645829
A02049,Integration,No Footprint,0
A02050,Infrastructure,No Footprint,0
A02050,Database,Hybrid,547876
A02050,Analytics & Data,No Footprint,0
A02050,AI & ML,Cloud,3895643
A02050,Security,No Footprint,0
A02050,Applications,Cloud,479298
A02050,Integration,No Footprint,0
A02051,Infrastructure,No Footprint,0
A02051,Database,On-Premise,871853
A02051,Analytics & Data,Cloud,1256804
A02051,AI & ML,Cloud,540175
A02051,Security,Hybrid,2801218
A02051,Applications,Hybrid,778435
A02051,Integration,No Footprint,0
A02052,Infrastructure,On-Premise,95276
A02052,Database,Cloud,230424
A02052,Analytics & Data,Cloud,504023
A02052,AI & ML,Cloud,290033
A02052,Security,Cloud,1502214
A02052,Applications,Cloud,297052
A02052,Integration,No Footprint,0
A02053,Infrastructure,Hybrid,283171
A02053,Database,No Footprint,0
A02053,Analytics & Data,No Footprint,0
A02053,AI & ML,No Footprint,0
A02053,Security,On-Premise,4601413
A02053,Applications,Hybrid,267358
A02053,Integration,Hybrid,291537
A02054,Infrastructure,No Footprint,0
A02054,Database,On-Premise,883186
A02054,Analytics & Data,Hybrid,227243
A02054,AI & ML,Cloud,249966
A02054,Security,Hybrid,239498
A02054,Applications,On-Premise,157177
A02054,Integration,No Footprint,0
A02055,Infrastructure,No Footprint,0
A02055,Database,Hybrid,262872
A02055,Analytics & Data,Hybrid,456972
A02055,AI & ML,Cloud,1471148
A02055,Security,No Footprint,0
A02055,Applications,No Footprint,0
A02055,Integration,No Footprint,0
A02056,Infrastructure,Hybrid,401969
A02056,Database,On-Premise,1674523
A02056,Analytics & Data,Cloud,1921806
A02056,AI & ML,Cloud,1118835
A02056,Security,No Footprint,0
A02056,Applications,No Footprint,0
A02056,Integration,No Footprint,0
A02057,Infrastructure,No Footprint,0
A02057,Database,On-Premise,809932
A02057,Analytics & Data,Cloud,3684302
A02057,AI & ML,No Footprint,0
A02057,Security,Hybrid,542036
A02057,Applications,On-Premise,1556157
A02057,Integration,Cloud,1104155
A02058,Infrastructure,Hybrid,1243883
A02058,Database,Hybrid,356109
A02058,Analytics & Data,Hybrid,1289910
A02058,AI & ML,Cloud,1348620
A02058,Security,Cloud,614053
A02058,Applications,Cloud,143773
A02058,Integration,No Footprint,0
A02059,Infrastructure,Hybrid,585797
A02059,Database,Cloud,331534
A02059,Analytics & Data,Hybrid,1211269
A02059,AI & ML,Cloud,1697456
A02059,Security,Cloud,1685745
A02059,Applications,No Footprint,0
A02059,Integration,Hybrid,642467
A02060,Infrastructure,On-Premise,308395
A02060,Database,No Footprint,0
A02060,Analytics & Data,No Footprint,0
A02060,AI & ML,No Footprint,0
A02060,Security,Hybrid,1568420
A02060,Applications,On-Premise,635752
A02060,Integration,No Footprint,0
A02061,Infrastructure,No Footprint,0
A02061,Database,Cloud,168724
A02061,Analytics & Data,Cloud,211552
A02061,AI & ML,No Footprint,0
A02061,Security,Hybrid,270268
A02061,Applications,Cloud,509628
A02061,Integration,Cloud,1107583
A02062,Infrastructure,No Footprint,0
A02062,Database,Hybrid,188629
A02062,Analytics & Data,No Footprint,0
A02062,AI & ML,Cloud,493449
A02062,Security,Cloud,816603
A02062,Applications,Cloud,354799
A02062,Integration,Cloud,536404
A02063,Infrastructure,Hybrid,306933
A02063,Database,No Footprint,0
A02063,Analytics & Data,Cloud,107727
A02063,AI & ML,No Footprint,0
A02063,Security,No Footprint,0
A02063,Applications,Hybrid,3028799
A02063,Integration,No Footprint,0
A02064,Infrastructure,No Footprint,0
A02064,Database,No Footprint,0
A02064,Analytics & Data,Cloud,2840765
A02064,AI & ML,Cloud,309139
A02064,Security,Cloud,707151
A02064,Applications,Hybrid,185321
A02064,Integration,Hybrid,597684
A02065,Infrastructure,Cloud,697419
A02065,Database,Cloud,1199372
A02065,Analytics & Data,Hybrid,584152
A02065,AI & ML,Cloud,1403910
A02065,Security,On-Premise,2726297
A02065,Applications,No Footprint,0
A02065,Integration,Hybrid,558081
A02066,Infrastructure,Cloud,1756300
A02066,Database,Hybrid,1131736
A02066,Analytics & Data,No Footprint,0
A02066,AI & ML,Cloud,778205
A02066,Security,Hybrid,918818
A02066,Applications,No Footprint,0
A02066,Integration,Hybrid,293072
A02067,Infrastructure,On-Premise,319136
A02067,Database,Cloud,1508084
A02067,Analytics & Data,No Footprint,0
A02067,AI & ML,Cloud,645966
A02067,Security,Hybrid,271102
A02067,Applications,On-Premise,600439
A02067,Integration,Hybrid,1695731
A02068,Infrastructure,No Footprint,0
A02068,Database,Hybrid,1594868
A02068,Analytics & Data,Cloud,4956557
A02068,AI & ML,Cloud,146852
A02068,Security,No Footprint,0
A02068,Applications,Hybrid,1185365
A02068,Integration,No Footprint,0
A02069,Infrastructure,Hybrid,426044
A02069,Database,On-Premise,507484
A02069,Analytics & Data,Cloud,278631
A02069,AI & ML,No Footprint,0
A02069,Security,Cloud,1230443
A02069,Applications,Hybrid,3459127
A02069,Integration,Cloud,1090169
A02070,Infrastructure,No Footprint,0
A02070,Database,Hybrid,434096
A02070,Analytics & Data,No Footprint,0
A02070,AI & ML,Cloud,203184
A02070,Security,No Footprint,0
A02070,Applications,No Footprint,0
A02070,Integration,Hybrid,872148
A02071,Infrastructure,Hybrid,1293606
A02071,Database,No Footprint,0
A02071,Analytics & Data,Hybrid,4469941
A02071,AI & ML,Cloud,423360
A02071,Security,Cloud,2054630
A02071,Applications,No Footprint,0
A02071,Integration,Cloud,1562858
A02072,Infrastructure,Hybrid,116445
A02072,Database,Cloud,622037
A02072,Analytics & Data,Cloud,663530
A02072,AI & ML,Cloud,1929178
A02072,Security,On-Premise,533696
A02072,Applications,Cloud,502178
A02072,Integration,Cloud,1571382
A02073,Infrastructure,On-Premise,406991
A02073,Database,Hybrid,6530267
A02073,Analytics & Data,Cloud,3895421
A02073,AI & ML,Cloud,1588527
A02073,Security,No Footprint,0
A02073,Applications,Hybrid,1482171
A02073,Integration,Cloud,410325
A02074,Infrastructure,No Footprint,0
A02074,Database,Cloud,604304
A02074,Analytics & Data,Cloud,355206
A02074,AI & ML,No Footprint,0
A02074,Security,No Footprint,0
A02074,Applications,Hybrid,713660
A02074,Integration,Cloud,915226
A02075,Infrastructure,On-Premise,2079398
A02075,Database,On-Premise,755352
A02075,Analytics & Data,Cloud,2187545
A02075,AI & ML,No Footprint,0
A02075,Security,Hybrid,902308
A02075,Applications,No Footprint,0
A02075,Integration,No Footprint,0
A02076,Infrastructure,Cloud,121988
A02076,Database,On-Premise,769213
A02076,Analytics & Data,Hybrid,840446
A02076,AI & ML,Cloud,768877
A02076,Security,Cloud,1125392
A02076,Applications,Hybrid,515223
A02076,Integration,Hybrid,919653
A02077,Infrastructure,Cloud,918454
A02077,Database,Hybrid,3757896
A02077,Analytics & Data,Hybrid,335372
A02077,AI & ML,Cloud,996913
A02077,Security,On-Premise,2995589
A02077,Applications,On-Premise,233531
A02077,Integration,No Footprint,0
A02078,Infrastructure,No Footprint,0
A02078,Database,No Footprint,0
A02078,Analytics & Data,No Footprint,0
A02078,AI & ML,Cloud,2622970
A02078,Security,Hybrid,68709
A02078,Applications,Hybrid,2335054
A02078,Integration,Cloud,406222
A02079,Infrastructure,Cloud,1247984
A02079,Database,No Footprint,0
A02079,Analytics & Data,Hybrid,634330
A02079,AI & ML,Cloud,281495
A02079,Security,On-Premise,717993
A02079,Applications,On-Premise,2166741
A02079,Integration,Cloud,1001274
A02080,Infrastructure,On-Premise,807164
A02080,Database,Cloud,459709
A02080,Analytics & Data,No Footprint,0
A02080,AI & ML,No Footprint,0
A02080,Security,Hybrid,843127
A02080,Applications,Cloud,631141
A02080,Integration,Hybrid,2742808
A02081,Infrastructure,Hybrid,343095
A02081,Database,On-Premise,920927
A02081,Analytics & Data,Hybrid,2774009
A02081,AI & ML,Cloud,483092
A02081,Security,On-Premise,374252
A02081,Applications,Cloud,300680
A02081,Integration,Cloud,6825123
A02082,Infrastructure,On-Premise,3135800
A02082,Database,Hybrid,203971
A02082,Analytics & Data,Cloud,214694
A02082,AI & ML,No Footprint,0
A02082,Security,Cloud,933715
A02082,Applications,On-Premise,625518
A02082,Integration,Cloud,220325
A02083,Infrastructure,Hybrid,82885
A02083,Database,No Footprint,0
A02083,Analytics & Data,No Footprint,0
A02083,AI & ML,Cloud,644237
A02083,Security,Hybrid,284095
A02083,Applications,No Footprint,0
A02083,Integration,Cloud,189108
A02084,Infrastructure,No Footprint,0
A02084,Database,On-Premise,539610
A02084,Analytics & Data,No Footprint,0
A02084,AI & ML,Cloud,838327
A02084,Security,No Footprint,0
A02084,Applications,On-Premise,1092088
A02084,Integration,Hybrid,1196370
A02085,Infrastructure,No Footprint,0
A02085,Database,No Footprint,0
A02085,Analytics & Data,Cloud,1083264
A02085,AI & ML,Cloud,451831
A02085,Security,Cloud,719245
A02085,Applications,Hybrid,1826537
A02085,Integration,Hybrid,326028
A02086,Infrastructure,On-Premise,1459232
A02086,Database,No Footprint,0
A02086,Analytics & Data,Cloud,597612
A02086,AI & ML,Cloud,583109
A02086,Security,Cloud,529482
A02086,Applications,Hybrid,855565
A02086,Integration,Cloud,431563
A02087,Infrastructure,On-Premise,784036
A02087,Database,No Footprint,0
A02087,Analytics & Data,No Footprint,0
A02087,AI & ML,Cloud,1267090
A02087,Security,Hybrid,428250
A02087,Applications,No Footprint,0
A02087,Integration,Hybrid,1036127
A02088,Infrastructure,On-Premise,1917556
A02088,Database,Cloud,11906323
A02088,Analytics & Data,No Footprint,0
A02088,AI & ML,Cloud,119685
A02088,Security,On-Premise,821546
A02088,Applications,Cloud,408563
A02088,Integration,Hybrid,947064
A02089,Infrastructure,Hybrid,512841
A02089,Database,Hybrid,802106
A02089,Analytics & Data,No Footprint,0
A02089,AI & ML,Cloud,1062971
A02089,Security,No Footprint,0
A02089,Applications,No Footprint,0
A02089,Integration,Hybrid,1229070
A02090,Infrastructure,On-Premise,777120
A02090,Database,Cloud,3442788
A02090,Analytics & Data,Cloud,354463
A02090,AI & ML,Cloud,908950
A02090,Security,Cloud,870265
A02090,Applications,Hybrid,261863
A02090,Integration,Hybrid,431438
A02091,Infrastructure,Cloud,764818
A02091,Database,Hybrid,1518522
A02091,Analytics & Data,Hybrid,426196
A02091,AI & ML,No Footprint,0
A02091,Security,Hybrid,594967
A02091,Applications,On-Premise,563421
A02091,Integration,Cloud,1461282
A02092,Infrastructure,On-Premise,507167
A02092,Database,On-Premise,563246
A02092,Analytics & Data,No Footprint,0
A02092,AI & ML,Cloud,2865359
A02092,Security,Hybrid,198453
A02092,Applications,No Footprint,0
A02092,Integration,Cloud,1306284
A02093,Infrastructure,Hybrid,347285
A02093,Database,On-Premise,1008585
A02093,Analytics & Data,No Footprint,0
A02093,AI & ML,Cloud,566937
A02093,Security,Hybrid,519983
A02093,Applications,Hybrid,480697
A02093,Integration,Cloud,283234
A02094,Infrastructure,On-Premise,348592
A02094,Database,Cloud,316024
A02094,Analytics & Data,Hybrid,1546923
A02094,AI & ML,Cloud,239562
A02094,Security,On-Premise,114404
A02094,Applications,No Footprint,0
A02094,Integration,Cloud,1392866
A02095,Infrastructure,On-Premise,373092
A02095,Database,Cloud,609760
A02095,Analytics & Data,Cloud,2230511
A02095,AI & ML,Cloud,573746
A02095,Security,No Footprint,0
A02095,Applications,No Footprint,0
A02095,Integration,Cloud,558006
A02096,Infrastructure,Cloud,520725
A02096,Database,On-Premise,920735
A02096,Analytics & Data,Cloud,2321857
A02096,AI & ML,Cloud,1444406
A02096,Security,No Footprint,0
A02096,Applications,On-Premise,919358
A02096,Integration,Hybrid,325312
A02097,Infrastructure,Hybrid,561088
A02097,Database,No Footprint,0
A02097,Analytics & Data,No Footprint,0
A02097,AI & ML,No Footprint,0
A02097,Security,On-Premise,2106413
A02097,Applications,On-Premise,242651
A02097,Integration,Cloud,574774
A02098,Infrastructure,No Footprint,0
A02098,Database,Hybrid,1452163
A02098,Analytics & Data,Cloud,1354739
A02098,AI & ML,Cloud,1338044
A02098,Security,Hybrid,130277
A02098,Applications,On-Premise,825723
A02098,Integration,Cloud,292223
A02099,Infrastructure,On-Premise,1838215
A02099,Database,Cloud,662834
A02099,Analytics & Data,No Footprint,0
A02099,AI & ML,Cloud,3021463
A02099,Security,On-Premise,729843
A02099,Applications,No Footprint,0
A02099,Integration,Hybrid,570192
A02100,Infrastructure,On-Premise,5080832
A02100,Database,No Footprint,0
A02100,Analytics & Data,Hybrid,223420
A02100,AI & ML,Cloud,898073
A02100,Security,On-Premise,3359874
A02100,Applications,On-Premise,1657166
A02100,Integration,Hybrid,607972
A02101,Infrastructure,Hybrid,187842
A02101,Database,On-Premise,167778
A02101,Analytics & Data,Hybrid,352489
A02101,AI & ML,Cloud,832653
A02101,Security,No Footprint,0
A02101,Applications,On-Premise,150104
A02101,Integration,No Footprint,0
A02102,Infrastructure,Hybrid,4134819
A02102,Database,No Footprint,0
A02102,Analytics & Data,Cloud,937871
A02102,AI & ML,No Footprint,0
A02102,Security,No Footprint,0
A02102,Applications,On-Premise,137702
A02102,Integration,No Footprint,0
A02103,Infrastructure,Hybrid,2309095
A02103,Database,No Footprint,0
A02103,Analytics & Data,No Footprint,0
A02103,AI & ML,Cloud,810903
A02103,Security,On-Premise,747114
A02103,Applications,Hybrid,1774723
A02103,Integration,Cloud,162646
A02104,Infrastructure,Hybrid,1280275
A02104,Database,On-Premise,481437
A02104,Analytics & Data,Cloud,761787
A02104,AI & ML,Cloud,561088
A02104,Security,No Footprint,0
A02104,Applications,On-Premise,1390478
A02104,Integration,Cloud,317748
A02105,Infrastructure,Hybrid,254057
A02105,Database,Hybrid,1004946
A02105,Analytics & Data,No Footprint,0
A02105,AI & ML,Cloud,1206948
A02105,Security,No Footprint,0
A02105,Applications,No Footprint,0
A02105,Integration,Cloud,766132
A02106,Infrastructure,On-Premise,742477
A02106,Database,On-Premise,394540
A02106,Analytics & Data,No Footprint,0
A02106,AI & ML,Cloud,442237
A02106,Security,On-Premise,1104491
A02106,Applications,On-Premise,150244
A02106,Integration,Hybrid,277395
A02107,Infrastructure,On-Premise,1655701
A02107,Database,On-Premise,293853
A02107,Analytics & Data,Hybrid,2002863
A02107,AI & ML,Cloud,1436374
A02107,Security,No Footprint,0
A02107,Applications,Hybrid,352046
A02107,Integration,Hybrid,1432569
A02108,Infrastructure,On-Premise,895108
A02108,Database,On-Premise,2067284
A02108,Analytics & Data,Hybrid,1796591
A02108,AI & ML,Cloud,1456543
A02108,Security,On-Premise,1460216
A02108,Applications,On-Premise,1077249
A02108,Integration,Hybrid,658853
A02109,Infrastructure,Cloud,830034
A02109,Database,Cloud,1449564
A02109,Analytics & Data,Cloud,840391
A02109,AI & ML,Cloud,1343986
A02109,Security,On-Premise,474371
A02109,Applications,Cloud,305570
A02109,Integration,No Footprint,0
A02110,Infrastructure,Hybrid,7630088
A02110,Database,On-Premise,1536162
A02110,Analytics & Data,Hybrid,355688
A02110,AI & ML,Cloud,2619354
A02110,Security,On-Premise,3381952
A02110,Applications,Cloud,240631
A02110,Integration,Hybrid,1049195
A02111,Infrastructure,Hybrid,329713
A02111,Database,On-Premise,236113
A02111,Analytics & Data,No Footprint,0
A02111,AI & ML,Cloud,481566
A02111,Security,On-Premise,204680
A02111,Applications,Cloud,856203
A02111,Integration,Hybrid,699734
A02112,Infrastructure,On-Premise,750344
A02112,Database,No Footprint,0
A02112,Analytics & Data,Cloud,344764
A02112,AI & ML,Cloud,928297
A02112,Security,Hybrid,309872
A02112,Applications,Hybrid,536737
A02112,Integration,Hybrid,494345
A02113,Infrastructure,Cloud,546487
A02113,Database,On-Premise,3214126
A02113,Analytics & Data,Cloud,362244
A02113,AI & ML,Cloud,546600
A02113,Security,No Footprint,0
A02113,Applications,Hybrid,169758
A02113,Integration,Cloud,438227
A02114,Infrastructure,Cloud,1428109
A02114,Database,No Footprint,0
A02114,Analytics & Data,No Footprint,0
A02114,AI & ML,Cloud,4505717
A02114,Security,No Footprint,0
A02114,Applications,On-Premise,971096
A02114,Integration,No Footprint,0
A02115,Infrastructure,On-Premise,1343311
A02115,Database,No Footprint,0
A02115,Analytics & Data,Cloud,295055
A02115,AI & ML,Cloud,1087193
A02115,Security,Hybrid,1566065
A02115,Applications,No Footprint,0
A02115,Integration,Hybrid,637931
A02116,Infrastructure,Hybrid,1354694
A02116,Database,Cloud,249619
A02116,Analytics & Data,Cloud,443088
A02116,AI & ML,No Footprint,0
A02116,Security,Hybrid,1435755
A02116,Applications,No Footprint,0
A02116,Integration,No Footprint,0
A02117,Infrastructure,Cloud,188575
A02117,Database,No Footprint,0
A02117,Analytics & Data,No Footprint,0
A02117,AI & ML,Cloud,772969
A02117,Security,No Footprint,0
A02117,Applications,Hybrid,417418
A02117,Integration,Cloud,303429
A02118,Infrastructure,No Footprint,0
A02118,Database,No Footprint,0
A02118,Analytics & Data,Cloud,1759398
A02118,AI & ML,Cloud,859787
A02118,Security,Hybrid,400342
A02118,Applications,Cloud,2298843
A02118,Integration,Hybrid,419910
A02119,Infrastructure,No Footprint,0
A02119,Database,No Footprint,0
A02119,Analytics & Data,Hybrid,2789273
A02119,AI & ML,Cloud,317102
A02119,Security,On-Premise,466275
A02119,Applications,Hybrid,583547
A02119,Integration,No Footprint,0
A02120,Infrastructure,Cloud,604300
A02120,Database,On-Premise,1258052
A02120,Analytics & Data,Cloud,998447
A02120,AI & ML,Cloud,932191
A02120,Security,No Footprint,0
A02120,Applications,Hybrid,471367
A02120,Integration,Hybrid,63004
A02121,Infrastructure,No Footprint,0
A02121,Database,No Footprint,0
A02121,Analytics & Data,Hybrid,775858
A02121,AI & ML,Cloud,1289581
A02121,Security,No Footprint,0
A02121,Applications,Cloud,1032163
A02121,Integration,Cloud,177404
A02122,Infrastructure,No Footprint,0
A02122,Database,No Footprint,0
A02122,Analytics & Data,Hybrid,821986
A02122,AI & ML,Cloud,579247
A02122,Security,Cloud,624503
A02122,Applications,Cloud,733977
A02122,Integration,Hybrid,1028047
A02123,Infrastructure,Hybrid,3419959
A02123,Database,No Footprint,0
A02123,Analytics & Data,Cloud,2400712
A02123,AI & ML,Cloud,434826
A02123,Security,Hybrid,2672431
A02123,Applications,No Footprint,0
A02123,Integration,No Footprint,0
A02124,Infrastructure,No Footprint,0
A02124,Database,Hybrid,463284
A02124,Analytics & Data,Hybrid,97969
A02124,AI & ML,No Footprint,0
A02124,Security,On-Premise,1192476
A02124,Applications,No Footprint,0
A02124,Integration,Hybrid,1370802
A02125,Infrastructure,Hybrid,630787
A02125,Database,Hybrid,1142196
A02125,Analytics & Data,No Footprint,0
A02125,AI & ML,Cloud,4022032
A02125,Security,Hybrid,2754767
A02125,Applications,Cloud,658883
A02125,Integration,No Footprint,0
A02126,Infrastructure,No Footprint,0
A02126,Database,Cloud,780724
A02126,Analytics & Data,Cloud,1053141
A02126,AI & ML,Cloud,290862
A02126,Security,Cloud,247777
A02126,Applications,On-Premise,573809
A02126,Integration,Cloud,210351
A02127,Infrastructure,On-Premise,547102
A02127,Database,On-Premise,363169
A02127,Analytics & Data,Cloud,181978
A02127,AI & ML,No Footprint,0
A02127,Security,Hybrid,2174731
A02127,Applications,On-Premise,1372169
A02127,Integration,Hybrid,925049
A02128,Infrastructure,On-Premise,571955
A02128,Database,On-Premise,2042434
A02128,Analytics & Data,Cloud,265685
A02128,AI & ML,No Footprint,0
A02128,Security,Cloud,172377
A02128,Applications,No Footprint,0
A02128,Integration,Hybrid,527573
A02129,Infrastructure,Cloud,931533
A02129,Database,Hybrid,595382
A02129,Analytics & Data,Cloud,819709
A02129,AI & ML,No Footprint,0
A02129,Security,On-Premise,792779
A02129,Applications,Cloud,347242
A02129,Integration,Cloud,655621
A02130,Infrastructure,Cloud,529595
A02130,Database,Cloud,496403
A02130,Analytics & Data,No Footprint,0
A02130,AI & ML,No Footprint,0
A02130,Security,Hybrid,282750
A02130,Applications,Cloud,320712
A02130,Integration,Hybrid,1435396
A02131,Infrastructure,Cloud,334119
A02131,Database,On-Premise,192591
A02131,Analytics & Data,No Footprint,0
A02131,AI & ML,Cloud,887838
A02131,Security,Hybrid,953906
A02131,Applications,No Footprint,0
A02131,Integration,Cloud,1486959
A02132,Infrastructure,Cloud,1283529
A02132,Database,Hybrid,1540355
A02132,Analytics & Data,No Footprint,0
A02132,AI & ML,Cloud,401510
A02132,Security,No Footprint,0
A02132,Applications,Hybrid,778763
A02132,Integration,No Footprint,0
A02133,Infrastructure,On-Premise,1560469
A02133,Database,On-Premise,2896712
A02133,Analytics & Data,Hybrid,531009
A02133,AI & ML,No Footprint,0
A02133,Security,Hybrid,836798
A02133,Applications,Cloud,468840
A02133,Integration,Hybrid,1399666
A02134,Infrastructure,On-Premise,1758424
A02134,Database,Cloud,815285
A02134,Analytics & Data,Cloud,2673953
A02134,AI & ML,Cloud,1578332
A02134,Security,Hybrid,488095
A02134,Applications,Cloud,1511170
A02134,Integration,Hybrid,918170
A02135,Infrastructure,On-Premise,2572374
A02135,Database,Cloud,670730
A02135,Analytics & Data,Cloud,952093
A02135,AI & ML,Cloud,1029179
A02135,Security,No Footprint,0
A02135,Applications,No Footprint,0
A02135,Integration,Cloud,678527
A02136,Infrastructure,No Footprint,0
A02136,Database,Hybrid,3858060
A02136,Analytics & Data,No Footprint,0
A02136,AI & ML,No Footprint,0
A02136,Security,Cloud,531436
A02136,Applications,Hybrid,403821
A02136,Integration,No Footprint,0
A02137,Infrastructure,Cloud,596772
A02137,Database,Hybrid,279769
A02137,Analytics & Data,Hybrid,1836401
A02137,AI & ML,Cloud,647546
A02137,Security,No Footprint,0
A02137,Applications,Cloud,205493
A02137,Integration,Hybrid,179703
A02138,Infrastructure,Cloud,323839
A02138,Database,Hybrid,617256
A02138,Analytics & Data,Cloud,325289
A02138,AI & ML,No Footprint,0
A02138,Security,Cloud,695759
A02138,Applications,On-Premise,424317
A02138,Integration,No Footprint,0
A02139,Infrastructure,Cloud,1915655
A02139,Database,On-Premise,3339154
A02139,Analytics & Data,Cloud,1188015
A02139,AI & ML,Cloud,1310040
A02139,Security,No Footprint,0
A02139,Applications,On-Premise,869106
A02139,Integration,No Footprint,0
A02140,Infrastructure,No Footprint,0
A02140,Database,On-Premise,1524722
A02140,Analytics & Data,Cloud,138932
A02140,AI & ML,Cloud,758143
A02140,Security,No Footprint,0
A02140,Applications,Hybrid,678254
A02140,Integration,Hybrid,435184
A02141,Infrastructure,Hybrid,317075
A02141,Database,Cloud,618769
A02141,Analytics & Data,No Footprint,0
A02141,AI & ML,No Footprint,0
A02141,Security,Cloud,846732
A02141,Applications,Cloud,646257
A02141,Integration,Hybrid,359858
A02142,Infrastructure,On-Premise,1351640
A02142,Database,On-Premise,586088
A02142,Analytics & Data,Hybrid,782773
A02142,AI & ML,Cloud,221088
A02142,Security,On-Premise,1070758
A02142,Applications,Cloud,3254589
A02142,Integration,Cloud,916752
A02143,Infrastructure,No Footprint,0
A02143,Database,Cloud,1340007
A02143,Analytics & Data,Cloud,596270
A02143,AI & ML,Cloud,252074
A02143,Security,Hybrid,166203
A02143,Applications,On-Premise,382870
A02143,Integration,Hybrid,1098571
A02144,Infrastructure,Hybrid,1475348
A02144,Database,On-Premise,1308354
A02144,Analytics & Data,Hybrid,171506
A02144,AI & ML,Cloud,509337
A02144,Security,On-Premise,2476291
A02144,Applications,No Footprint,0
A02144,Integration,Cloud,1031352
A02145,Infrastructure,Hybrid,245214
A02145,Database,On-Premise,1298815
A02145,Analytics & Data,Hybrid,442240
A02145,AI & ML,No Footprint,0
A02145,Security,No Footprint,0
A02145,Applications,Hybrid,633946
A02145,Integration,No Footprint,0
A02146,Infrastructure,Cloud,469171
A02146,Database,On-Premise,3091345
A02146,Analytics & Data,No Footprint,0
A02146,AI & ML,Cloud,272362
A02146,Security,Hybrid,4381444
A02146,Applications,On-Premise,868697
A02146,Integration,No Footprint,0
A02147,Infrastructure,Hybrid,467372
A02147,Database,On-Premise,53019
A02147,Analytics & Data,Cloud,1651897
A02147,AI & ML,Cloud,1045149
A02147,Security,Hybrid,1617262
A02147,Applications,On-Premise,1792084
A02147,Integration,Hybrid,187256
A02148,Infrastructure,On-Premise,896534
A02148,Database,On-Premise,946734
A02148,Analytics & Data,Cloud,941911
A02148,AI & ML,No Footprint,0
A02148,Security,Cloud,644632
A02148,Applications,Hybrid,1872109
A02148,Integration,Hybrid,706401
A02149,Infrastructure,No Footprint,0
A02149,Database,On-Premise,3123889
A02149,Analytics & Data,No Footprint,0
A02149,AI & ML,Cloud,4417454
A02149,Security,No Footprint,0
A02149,Applications,No Footprint,0
A02149,Integration,No Footprint,0
A02150,Infrastructure,Hybrid,154447
A02150,Database,Cloud,442833
A02150,Analytics & Data,Cloud,1116887
A02150,AI & ML,No Footprint,0
A02150,Security,Cloud,125098
A02150,Applications,No Footprint,0
A02150,Integration,Cloud,1422942
A02151,Infrastructure,On-Premise,715085
A02151,Database,On-Premise,791117
A02151,Analytics & Data,No Footprint,0
A02151,AI & ML,Cloud,1100495
A02151,Security,Cloud,416785
A02151,Applications,On-Premise,1076575
A02151,Integration,Cloud,1284689
A02152,Infrastructure,No Footprint,0
A02152,Database,No Footprint,0
A02152,Analytics & Data,Hybrid,326106
A02152,AI & ML,Cloud,157557
A02152,Security,Hybrid,200328
A02152,Applications,On-Premise,544765
A02152,Integration,Cloud,346813
A02153,Infrastructure,No Footprint,0
A02153,Database,Hybrid,246917
A02153,Analytics & Data,No Footprint,0
A02153,AI & ML,Cloud,187818
A02153,Security,Hybrid,1249014
A02153,Applications,On-Premise,2992521
A02153,Integration,Hybrid,1358997
A02154,Infrastructure,No Footprint,0
A02154,Database,On-Premise,541149
A02154,Analytics & Data,Cloud,77124
A02154,AI & ML,No Footprint,0
A02154,Security,Hybrid,357557
A02154,Applications,Hybrid,438500
A02154,Integration,Cloud,152188
A02155,Infrastructure,Hybrid,1167526
A02155,Database,Hybrid,109558
A02155,Analytics & Data,No Footprint,0
A02155,AI & ML,Cloud,926470
A02155,Security,Cloud,878978
A02155,Applications,Hybrid,400626
A02155,Integration,Hybrid,581174
A02156,Infrastructure,Cloud,2169859
A02156,Database,Hybrid,745036
A02156,Analytics & Data,Cloud,184076
A02156,AI & ML,Cloud,1702974
A02156,Security,On-Premise,260751
A02156,Applications,No Footprint,0
A02156,Integration,No Footprint,0
A02157,Infrastructure,No Footprint,0
A02157,Database,No Footprint,0
A02157,Analytics & Data,Cloud,1285186
A02157,AI & ML,No Footprint,0
A02157,Security,Cloud,361913
A02157,Applications,Hybrid,470127
A02157,Integration,No Footprint,0
A02158,Infrastructure,On-Premise,731476
A02158,Database,No Footprint,0
A02158,Analytics & Data,No Footprint,0
A02158,AI & ML,Cloud,544097
A02158,Security,On-Premise,841491
A02158,Applications,Cloud,872378
A02158,Integration,No Footprint,0
A02159,Infrastructure,Cloud,1278712
A02159,Database,Cloud,1005143
A02159,Analytics & Data,No Footprint,0
A02159,AI & ML,No Footprint,0
A02159,Security,Cloud,192593
A02159,Applications,Cloud,398226
A02159,Integration,No Footprint,0
A02160,Infrastructure,Hybrid,601044
A02160,Database,On-Premise,1898304
A02160,Analytics & Data,Cloud,247217
A02160,AI & ML,No Footprint,0
A02160,Security,Hybrid,2064340
A02160,Applications,Cloud,643312
A02160,Integration,Cloud,459515
A02161,Infrastructure,On-Premise,440719
A02161,Database,On-Premise,2334907
A02161,Analytics & Data,No Footprint,0
A02161,AI & ML,Cloud,1670958
A02161,Security,On-Premise,3899327
A02161,Applications,Hybrid,237626
A02161,Integration,No Footprint,0
A02162,Infrastructure,Hybrid,327778
A02162,Database,Hybrid,309873
A02162,Analytics & Data,Hybrid,446442
A02162,AI & ML,Cloud,430565
A02162,Security,No Footprint,0
A02162,Applications,Cloud,3931100
A02162,Integration,Cloud,1201486
A02163,Infrastructure,No Footprint,0
A02163,Database,Hybrid,815933
A02163,Analytics & Data,Hybrid,430025
A02163,AI & ML,Cloud,1061542
A02163,Security,Cloud,515102
A02163,Applications,On-Premise,2342413
A02163,Integration,Cloud,729306
A02164,Infrastructure,No Footprint,0
A02164,Database,Cloud,362260
A02164,Analytics & Data,Hybrid,272002
A02164,AI & ML,Cloud,775681
A02164,Security,On-Premise,2609527
A02164,Applications,On-Premise,603611
A02164,Integration,Cloud,154842
A02165,Infrastructure,No Footprint,0
A02165,Database,Hybrid,326780
A02165,Analytics & Data,Hybrid,184855
A02165,AI & ML,No Footprint,0
A02165,Security,Cloud,211438
A02165,Applications,No Footprint,0
A02165,Integration,Hybrid,327347
A02166,Infrastructure,On-Premise,628535
A02166,Database,No Footprint,0
A02166,Analytics & Data,No Footprint,0
A02166,AI & ML,Cloud,919049
A02166,Security,Hybrid,1834480
A02166,Applications,No Footprint,0
A02166,Integration,Cloud,1046929
A02167,Infrastructure,No Footprint,0
A02167,Database,Hybrid,971676
A02167,Analytics & Data,Cloud,1265779
A02167,AI & ML,Cloud,999107
A02167,Security,On-Premise,230853
A02167,Applications,On-Premise,269105
A02167,Integration,Hybrid,774217
A02168,Infrastructure,No Footprint,0
A02168,Database,No Footprint,0
A02168,Analytics & Data,No Footprint,0
A02168,AI & ML,Cloud,414452
A02168,Security,Cloud,136147
A02168,Applications,On-Premise,111051
A02168,Integration,Cloud,3104306
A02169,Infrastructure,On-Premise,977517
A02169,Database,On-Premise,347851
A02169,Analytics & Data,Cloud,232570
A02169,AI & ML,Cloud,972283
A02169,Security,Cloud,1065368
A02169,Applications,No Footprint,0
A02169,Integration,No Footprint,0
A02170,Infrastructure,Hybrid,612502
A02170,Database,No Footprint,0
A02170,Analytics & Data,No Footprint,0
A02170,AI & ML,Cloud,575310
A02170,Security,On-Premise,1159777
A02170,Applications,On-Premise,1183364
A02170,Integration,Cloud,3553697
A02171,Infrastructure,On-Premise,877178
A02171,Database,On-Premise,519492
A02171,Analytics & Data,No Footprint,0
A02171,AI & ML,Cloud,1000740
A02171,Security,Cloud,576236
A02171,Applications,Hybrid,1658283
A02171,Integration,Hybrid,155332
A02172,Infrastructure,On-Premise,445236
A02172,Database,No Footprint,0
A02172,Analytics & Data,No Footprint,0
A02172,AI & ML,No Footprint,0
A02172,Security,Hybrid,516246
A02172,Applications,No Footprint,0
A02172,Integration,Cloud,576176
A02173,Infrastructure,Cloud,368697
A02173,Database,Cloud,1490895
A02173,Analytics & Data,Hybrid,583501
A02173,AI & ML,Cloud,394638
A02173,Security,Cloud,1030386
A02173,Applications,No Footprint,0
A02173,Integration,Hybrid,401251
A02174,Infrastructure,On-Premise,1245260
A02174,Database,Cloud,1715037
A02174,Analytics & Data,Cloud,1922868
A02174,AI & ML,No Footprint,0
A02174,Security,On-Premise,8110285
A02174,Applications,Cloud,567172
A02174,Integration,Hybrid,690120
A02175,Infrastructure,No Footprint,0
A02175,Database,Hybrid,783042
A02175,Analytics & Data,Hybrid,1646399
A02175,AI & ML,Cloud,381135
A02175,Security,Cloud,1578129
A02175,Applications,No Footprint,0
A02175,Integration,Cloud,1287445
A02176,Infrastructure,On-Premise,2935703
A02176,Database,Cloud,911773
A02176,Analytics & Data,Cloud,321038
A02176,AI & ML,Cloud,1903694
A02176,Security,No Footprint,0
A02176,Applications,On-Premise,1834847
A02176,Integration,Hybrid,1568482
A02177,Infrastructure,Cloud,279777
A02177,Database,Hybrid,834412
A02177,Analytics & Data,Hybrid,1105067
A02177,AI & ML,Cloud,1293017
A02177,Security,On-Premise,4280621
A02177,Applications,No Footprint,0
A02177,Integration,No Footprint,0
A02178,Infrastructure,Cloud,1069348
A02178,Database,No Footprint,0
A02178,Analytics & Data,Cloud,988265
A02178,AI & ML,No Footprint,0
A02178,Security,No Footprint,0
A02178,Applications,On-Premise,1677510
A02178,Integration,Hybrid,1205265
A02179,Infrastructure,No Footprint,0
A02179,Database,On-Premise,184456
A02179,Analytics & Data,Cloud,566013
A02179,AI & ML,Cloud,390242
A02179,Security,Cloud,699544
A02179,Applications,Hybrid,834429
A02179,Integration,No Footprint,0
A02180,Infrastructure,No Footprint,0
A02180,Database,Hybrid,650776
A02180,Analytics & Data,Cloud,684251
A02180,AI & ML,No Footprint,0
A02180,Security,On-Premise,412479
A02180,Applications,Hybrid,2780022
A02180,Integration,Hybrid,1626365
A02181,Infrastructure,On-Premise,5295240
A02181,Database,On-Premise,1194479
A02181,Analytics & Data,Hybrid,443530
A02181,AI & ML,Cloud,565796
A02181,Security,Hybrid,411629
A02181,Applications,Cloud,490426
A02181,Integration,Hybrid,957212
A02182,Infrastructure,Cloud,197065
A02182,Database,No Footprint,0
A02182,Analytics & Data,No Footprint,0
A02182,AI & ML,No Footprint,0
A02182,Security,No Footprint,0
A02182,Applications,Cloud,275282
A02182,Integration,No Footprint,0
A02183,Infrastructure,On-Premise,1945477
A02183,Database,Hybrid,224243
A02183,Analytics & Data,Hybrid,1134303
A02183,AI & ML,Cloud,1162120
A02183,Security,On-Premise,6817679
A02183,Applications,Cloud,243884
A02183,Integration,Cloud,433432
A02184,Infrastructure,No Footprint,0
A02184,Database,No Footprint,0
A02184,Analytics & Data,Cloud,200411
A02184,AI & ML,No Footprint,0
A02184,Security,On-Premise,218412
A02184,Applications,No Footprint,0
A02184,Integration,Hybrid,139728
A02185,Infrastructure,Hybrid,235576
A02185,Database,Hybrid,254762
A02185,Analytics & Data,Cloud,223200
A02185,AI & ML,Cloud,781889
A02185,Security,Hybrid,3049895
A02185,Applications,Hybrid,1533548
A02185,Integration,No Footprint,0
A02186,Infrastructure,Hybrid,689954
A02186,Database,No Footprint,0
A02186,Analytics & Data,Hybrid,968374
A02186,AI & ML,Cloud,2819075
A02186,Security,On-Premise,1743400
A02186,Applications,On-Premise,1085762
A02186,Integration,Hybrid,674605
A02187,Infrastructure,Hybrid,1164546
A02187,Database,Cloud,466449
A02187,Analytics & Data,No Footprint,0
A02187,AI & ML,Cloud,709723
A02187,Security,Cloud,330768
A02187,Applications,Cloud,529496
A02187,Integration,No Footprint,0
A02188,Infrastructure,Cloud,3375779
A02188,Database,No Footprint,0
A02188,Analytics & Data,No Footprint,0
A02188,AI & ML,No Footprint,0
A02188,Security,Hybrid,632262
A02188,Applications,Cloud,340685
A02188,Integration,Hybrid,788873
A02189,Infrastructure,On-Premise,709418
A02189,Database,Hybrid,454608
A02189,Analytics & Data,No Footprint,0
A02189,AI & ML,No Footprint,0
A02189,Security,On-Premise,1594272
A02189,Applications,No Footprint,0
A02189,Integration,No Footprint,0
A02190,Infrastructure,Cloud,788802
A02190,Database,On-Premise,527666
A02190,Analytics & Data,Hybrid,1347432
A02190,AI & ML,Cloud,2316880
A02190,Security,On-Premise,1635781
A02190,Applications,On-Premise,96460
A02190,Integration,Cloud,863017
A02191,Infrastructure,Hybrid,444423
A02191,Database,Hybrid,776739
A02191,Analytics & Data,Hybrid,711987
A02191,AI & ML,Cloud,728992
A02191,Security,On-Premise,971242
A02191,Applications,No Footprint,0
A02191,Integration,Cloud,204240
A02192,Infrastructure,On-Premise,746220
A02192,Database,On-Premise,2350113
A02192,Analytics & Data,Cloud,3877519
A02192,AI & ML,Cloud,415693
A02192,Security,Cloud,626672
A02192,Applications,Hybrid,2091181
A02192,Integration,No Footprint,0
A02193,Infrastructure,Cloud,260141
A02193,Database,On-Premise,220646
A02193,Analytics & Data,Hybrid,471821
A02193,AI & ML,Cloud,850331
A02193,Security,Cloud,474006
A02193,Applications,Hybrid,3376928
A02193,Integration,Cloud,597712
A02194,Infrastructure,On-Premise,1536290
A02194,Database,On-Premise,3640578
A02194,Analytics & Data,No Footprint,0
A02194,AI & ML,Cloud,1364047
A02194,Security,No Footprint,0
A02194,Applications,On-Premise,1838686
A02194,Integration,Cloud,762689
A02195,Infrastructure,On-Premise,457991
A02195,Database,Cloud,208528
A02195,Analytics & Data,Hybrid,172510
A02195,AI & ML,No Footprint,0
A02195,Security,On-Premise,1707287
A02195,Applications,No Footprint,0
A02195,Integration,Cloud,270308
A02196,Infrastructure,On-Premise,630002
A02196,Database,On-Premise,681488
A02196,Analytics & Data,No Footprint,0
A02196,AI & ML,Cloud,586203
A02196,Security,Hybrid,824190
A02196,Applications,On-Premise,166971
A02196,Integration,Hybrid,482034
A02197,Infrastructure,Hybrid,344160
A02197,Database,No Footprint,0
A02197,Analytics & Data,Cloud,242719
A02197,AI & ML,Cloud,816753
A02197,Security,Cloud,641855
A02197,Applications,No Footprint,0
A02197,Integration,Hybrid,1148339
A02198,Infrastructure,Hybrid,1147405
A02198,Database,No Footprint,0
A02198,Analytics & Data,No Footprint,0
A02198,AI & ML,No Footprint,0
A02198,Security,On-Premise,1339784
A02198,Applications,Hybrid,93548
A02198,Integration,Hybrid,1093968
A02199,Infrastructure,Cloud,652937
A02199,Database,No Footprint,0
A02199,Analytics & Data,Hybrid,547555
A02199,AI & ML,No Footprint,0
A02199,Security,On-Premise,628519
A02199,Applications,On-Premise,2764143
A02199,Integration,Hybrid,492993
A02200,Infrastructure,No Footprint,0
A02200,Database,No Footprint,0
A02200,Analytics & Data,Cloud,485643
A02200,AI & ML,Cloud,809752
A02200,Security,Hybrid,1165880
A02200,Applications,On-Premise,1612451
A02200,Integration,Cloud,2212337
A02201,Infrastructure,No Footprint,0
A02201,Database,Cloud,568427
A02201,Analytics & Data,No Footprint,0
A02201,AI & ML,Cloud,587949
A02201,Security,No Footprint,0
A02201,Applications,Cloud,574013
A02201,Integration,No Footprint,0
A02202,Infrastructure,Cloud,992692
A02202,Database,On-Premise,563572
A02202,Analytics & Data,Hybrid,222113
A02202,AI & ML,Cloud,2070306
A02202,Security,On-Premise,1070208
A02202,Applications,On-Premise,796838
A02202,Integration,Hybrid,961723
A02203,Infrastructure,On-Premise,1002560
A02203,Database,Cloud,2024141
A02203,Analytics & Data,Hybrid,609861
A02203,AI & ML,No Footprint,0
A02203,Security,On-Premise,2249968
A02203,Applications,On-Premise,710616
A02203,Integration,No Footprint,0
A02204,Infrastructure,On-Premise,2894533
A02204,Database,On-Premise,945920
A02204,Analytics & Data,No Footprint,0
A02204,AI & ML,No Footprint,0
A02204,Security,Hybrid,894705
A02204,Applications,No Footprint,0
A02204,Integration,Hybrid,402448
A02205,Infrastructure,On-Premise,3222766
A02205,Database,On-Premise,453818
A02205,Analytics & Data,Hybrid,737291
A02205,AI & ML,Cloud,1947003
A02205,Security,Hybrid,2446920
A02205,Applications,Cloud,248791
A02205,Integration,Cloud,683133
A02206,Infrastructure,Cloud,2110753
A02206,Database,Hybrid,837969
A02206,Analytics & Data,Cloud,213731
A02206,AI & ML,Cloud,192385
A02206,Security,Cloud,428545
A02206,Applications,No Footprint,0
A02206,Integration,Cloud,74843
A02207,Infrastructure,No Footprint,0
A02207,Database,Cloud,1876064
A02207,Analytics & Data,Cloud,373133
A02207,AI & ML,Cloud,443335
A02207,Security,On-Premise,1874707
A02207,Applications,On-Premise,279980
A02207,Integration,No Footprint,0
A02208,Infrastructure,On-Premise,154258
A02208,Database,On-Premise,348575
A02208,Analytics & Data,No Footprint,0
A02208,AI & ML,No Footprint,0
A02208,Security,Hybrid,415458
A02208,Applications,On-Premise,1887848
A02208,Integration,Hybrid,321756
A02209,Infrastructure,No Footprint,0
A02209,Database,No Footprint,0
A02209,Analytics & Data,No Footprint,0
A02209,AI & ML,Cloud,1735210
A02209,Security,Hybrid,328046
A02209,Applications,No Footprint,0
A02209,Integration,Cloud,100185
A02210,Infrastructure,Hybrid,2037872
A02210,Database,On-Premise,2534035
A02210,Analytics & Data,Hybrid,3243137
A02210,AI & ML,Cloud,1985534
A02210,Security,Cloud,814528
A02210,Applications,Cloud,282264
A02210,Integration,Hybrid,1684237
A02211,Infrastructure,No Footprint,0
A02211,Database,Cloud,542359
A02211,Analytics & Data,No Footprint,0
A02211,AI & ML,No Footprint,0
A02211,Security,No Footprint,0
A02211,Applications,On-Premise,2518585
A02211,Integration,Hybrid,1472285
A02212,Infrastructure,Hybrid,443835
A02212,Database,On-Premise,898078
A02212,Analytics & Data,Hybrid,1015037
A02212,AI & ML,Cloud,567582
A02212,Security,Cloud,1881221
A02212,Applications,Cloud,1568342
A02212,Integration,Hybrid,135790
A02213,Infrastructure,Hybrid,1594627
A02213,Database,Cloud,122930
A02213,Analytics & Data,No Footprint,0
A02213,AI & ML,Cloud,924327
A02213,Security,On-Premise,2053526
A02213,Applications,On-Premise,1402258
A02213,Integration,Cloud,927632
A02214,Infrastructure,On-Premise,676195
A02214,Database,Hybrid,549977
A02214,Analytics & Data,Hybrid,307075
A02214,AI & ML,Cloud,2951666
A02214,Security,On-Premise,1607188
A02214,Applications,On-Premise,2242366
A02214,Integration,Hybrid,589475
A02215,Infrastructure,Cloud,558311
A02215,Database,No Footprint,0
A02215,Analytics & Data,Hybrid,535301
A02215,AI & ML,No Footprint,0
A02215,Security,On-Premise,482953
A02215,Applications,No Footprint,0
A02215,Integration,Cloud,544577
A02216,Infrastructure,On-Premise,352042
A02216,Database,Hybrid,571467
A02216,Analytics & Data,No Footprint,0
A02216,AI & ML,No Footprint,0
A02216,Security,Cloud,875064
A02216,Applications,No Footprint,0
A02216,Integration,Hybrid,1284343
A02217,Infrastructure,Hybrid,848317
A02217,Database,On-Premise,749160
A02217,Analytics & Data,No Footprint,0
A02217,AI & ML,Cloud,434842
A02217,Security,Hybrid,673102
A02217,Applications,Hybrid,183512
A02217,Integration,Hybrid,370881
A02218,Infrastructure,No Footprint,0
A02218,Database,Cloud,990483
A02218,Analytics & Data,No Footprint,0
A02218,AI & ML,Cloud,788922
A02218,Security,On-Premise,1203437
A02218,Applications,Cloud,384235
A02218,Integration,Hybrid,794501
A02219,Infrastructure,Cloud,621712
A02219,Database,Hybrid,3532670
A02219,Analytics & Data,Hybrid,234911
A02219,AI & ML,Cloud,574290
A02219,Security,No Footprint,0
A02219,Applications,Hybrid,1845998
A02219,Integration,Cloud,193777
A02220,Infrastructure,Cloud,354467
A02220,Database,No Footprint,0
A02220,Analytics & Data,No Footprint,0
A02220,AI & ML,Cloud,1044598
A02220,Security,On-Premise,414580
A02220,Applications,Cloud,793194
A02220,Integration,Cloud,254648
A02221,Infrastructure,Hybrid,486093
A02221,Database,On-Premise,949763
A02221,Analytics & Data,Cloud,634419
A02221,AI & ML,No Footprint,0
A02221,Security,Hybrid,626238
A02221,Applications,On-Premise,1008620
A02221,Integration,Cloud,1523106
A02222,Infrastructure,No Footprint,0
A02222,Database,No Footprint,0
A02222,Analytics & Data,Cloud,862897
A02222,AI & ML,Cloud,2134593
A02222,Security,Hybrid,1325842
A02222,Applications,Cloud,655244
A02222,Integration,No Footprint,0
A02223,Infrastructure,Hybrid,2697131
A02223,Database,Hybrid,1142725
A02223,Analytics & Data,No Footprint,0
A02223,AI & ML,Cloud,1312269
A02223,Security,No Footprint,0
A02223,Applications,On-Premise,76268
A02223,Integration,Cloud,979342
A02224,Infrastructure,Hybrid,288038
A02224,Database,On-Premise,379151
A02224,Analytics & Data,Hybrid,331371
A02224,AI & ML,No Footprint,0
A02224,Security,Hybrid,353428
A02224,Applications,On-Premise,1132524
A02224,Integration,Cloud,553673
A02225,Infrastructure,Cloud,482986
A02225,Database,On-Premise,454834
A02225,Analytics & Data,Hybrid,602052
A02225,AI & ML,Cloud,598265
A02225,Security,On-Premise,2319489
A02225,Applications,Cloud,1389107
A02225,Integration,No Footprint,0
A02226,Infrastructure,On-Premise,3034219
A02226,Database,Cloud,1131349
A02226,Analytics & Data,No Footprint,0
A02226,AI & ML,Cloud,879236
A02226,Security,No Footprint,0
A02226,Applications,Cloud,2483714
A02226,Integration,Cloud,703216
A02227,Infrastructure,Cloud,304648
A02227,Database,Hybrid,1228418
A02227,Analytics & Data,Cloud,258519
A02227,AI & ML,No Footprint,0
A02227,Security,Cloud,1398285
A02227,Applications,On-Premise,6883200
A02227,Integration,Cloud,901167
A02228,Infrastructure,On-Premise,1724302
A02228,Database,On-Premise,2025217
A02228,Analytics & Data,Hybrid,987050
A02228,AI & ML,Cloud,759641
A02228,Security,On-Premise,1989797
A02228,Applications,No Footprint,0
A02228,Integration,Hybrid,2231143
A02229,Infrastructure,No Footprint,0
A02229,Database,On-Premise,1717124
A02229,Analytics & Data,Cloud,1407578
A02229,AI & ML,No Footprint,0
A02229,Security,Cloud,999208
A02229,Applications,On-Premise,593097
A02229,Integration,No Footprint,0
A02230,Infrastructure,Hybrid,282195
A02230,Database,Cloud,349823
A02230,Analytics & Data,No Footprint,0
A02230,AI & ML,Cloud,1555290
A02230,Security,No Footprint,0
A02230,Applications,On-Premise,551543
A02230,Integration,No Footprint,0
A02231,Infrastructure,Cloud,2283356
A02231,Database,Hybrid,139488
A02231,Analytics & Data,No Footprint,0
A02231,AI & ML,No Footprint,0
A02231,Security,Hybrid,2482056
A02231,Applications,On-Premise,1433405
A02231,Integration,No Footprint,0
A02232,Infrastructure,Hybrid,1379855
A02232,Database,Hybrid,315274
A02232,Analytics & Data,No Footprint,0
A02232,AI & ML,Cloud,717224
A02232,Security,Cloud,762546
A02232,Applications,No Footprint,0
A02232,Integration,Cloud,587839
A02233,Infrastructure,On-Premise,602460
A02233,Database,Hybrid,2053310
A02233,Analytics & Data,Cloud,677312
A02233,AI & ML,Cloud,589151
A02233,Security,On-Premise,2115653
A02233,Applications,On-Premise,783332
A02233,Integration,Cloud,502243
A02234,Infrastructure,Hybrid,992020
A02234,Database,No Footprint,0
A02234,Analytics & Data,Cloud,733832
A02234,AI & ML,No Footprint,0
A02234,Security,No Footprint,0
A02234,Applications,On-Premise,1977083
A02234,Integration,No Footprint,0
A02235,Infrastructure,No Footprint,0
A02235,Database,Cloud,778832
A02235,Analytics & Data,Hybrid,1019495
A02235,AI & ML,Cloud,514019
A02235,Security,Hybrid,1455716
A02235,Applications,No Footprint,0
A02235,Integration,No Footprint,0
A02236,Infrastructure,On-Premise,2590267
A02236,Database,No Footprint,0
A02236,Analytics & Data,No Footprint,0
A02236,AI & ML,Cloud,1591151
A02236,Security,No Footprint,0
A02236,Applications,Hybrid,300031
A02236,Integration,Cloud,525310
A02237,Infrastructure,Cloud,88395
A02237,Database,Hybrid,1646064
A02237,Analytics & Data,Hybrid,1965100
A02237,AI & ML,No Footprint,0
A02237,Security,Cloud,313972
A02237,Applications,On-Premise,612502
A02237,Integration,Hybrid,223906
A02238,Infrastructure,No Footprint,0
A02238,Database,Cloud,122344
A02238,Analytics & Data,Cloud,1387759
A02238,AI & ML,No Footprint,0
A02238,Security,Hybrid,127432
A02238,Applications,No Footprint,0
A02238,Integration,Hybrid,3923459
A02239,Infrastructure,On-Premise,839505
A02239,Database,Cloud,455460
A02239,Analytics & Data,Cloud,681736
A02239,AI & ML,No Footprint,0
A02239,Security,On-Premise,888059
A02239,Applications,On-Premise,704117
A02239,Integration,Hybrid,1345381
A02240,Infrastructure,On-Premise,246694
A02240,Database,Hybrid,197554
A02240,Analytics & Data,No Footprint,0
A02240,AI & ML,Cloud,678180
A02240,Security,On-Premise,1232836
A02240,Applications,Cloud,175513
A02240,Integration,Cloud,1058368
A02241,Infrastructure,No Footprint,0
A02241,Database,No Footprint,0
A02241,Analytics & Data,Cloud,1682188
A02241,AI & ML,Cloud,1338330
A02241,Security,On-Premise,1933148
A02241,Applications,On-Premise,969518
A02241,Integration,Cloud,769780
A02242,Infrastructure,On-Premise,371381
A02242,Database,On-Premise,353721
A02242,Analytics & Data,Cloud,188796
A02242,AI & ML,No Footprint,0
A02242,Security,No Footprint,0
A02242,Applications,Cloud,1005691
A02242,Integration,No Footprint,0
A02243,Infrastructure,Hybrid,288569
A02243,Database,No Footprint,0
A02243,Analytics & Data,Hybrid,831120
A02243,AI & ML,Cloud,1967072
A02243,Security,No Footprint,0
A02243,Applications,Hybrid,1502350
A02243,Integration,Hybrid,532774
A02244,Infrastructure,Hybrid,2117741
A02244,Database,No Footprint,0
A02244,Analytics & Data,Cloud,230473
A02244,AI & ML,No Footprint,0
A02244,Security,No Footprint,0
A02244,Applications,Hybrid,988299
A02244,Integration,Cloud,387005
A02245,Infrastructure,On-Premise,2530801
A02245,Database,On-Premise,1130081
A02245,Analytics & Data,No Footprint,0
A02245,AI & ML,Cloud,639005
A02245,Security,Hybrid,2672019
A02245,Applications,Hybrid,4492667
A02245,Integration,Cloud,2015821
A02246,Infrastructure,Hybrid,980559
A02246,Database,On-Premise,330414
A02246,Analytics & Data,Hybrid,744146
A02246,AI & ML,Cloud,628643
A02246,Security,No Footprint,0
A02246,Applications,On-Premise,758934
A02246,Integration,Hybrid,512309
A02247,Infrastructure,Cloud,4159398
A02247,Database,Hybrid,2383334
A02247,Analytics & Data,No Footprint,0
A02247,AI & ML,No Footprint,0
A02247,Security,No Footprint,0
A02247,Applications,No Footprint,0
A02247,Integration,Hybrid,429996
A02248,Infrastructure,Cloud,574655
A02248,Database,Cloud,3148804
A02248,Analytics & Data,No Footprint,0
A02248,AI & ML,No Footprint,0
A02248,Security,On-Premise,3159525
A02248,Applications,Hybrid,2422043
A02248,Integration,No Footprint,0
A02249,Infrastructure,No Footprint,0
A02249,Database,No Footprint,0
A02249,Analytics & Data,No Footprint,0
A02249,AI & ML,Cloud,722829
A02249,Security,No Footprint,0
A02249,Applications,No Footprint,0
A02249,Integration,Cloud,645726
A02250,Infrastructure,Cloud,432730
A02250,Database,On-Premise,561401
A02250,Analytics & Data,Cloud,836676
A02250,AI & ML,Cloud,1449605
A02250,Security,Hybrid,1613081
A02250,Applications,No Footprint,0
A02250,Integration,No Footprint,0
A02251,Infrastructure,Cloud,2290401
A02251,Database,On-Premise,1525682
A02251,Analytics & Data,Cloud,208040
A02251,AI & ML,No Footprint,0
A02251,Security,On-Premise,1195065
A02251,Applications,Cloud,503090
A02251,Integration,Cloud,455755
A02252,Infrastructure,Cloud,713979
A02252,Database,Hybrid,268813
A02252,Analytics & Data,Hybrid,1420327
A02252,AI & ML,No Footprint,0
A02252,Security,No Footprint,0
A02252,Applications,Cloud,426825
A02252,Integration,Cloud,1394348
A02253,Infrastructure,Cloud,333314
A02253,Database,On-Premise,2620781
A02253,Analytics & Data,No Footprint,0
A02253,AI & ML,Cloud,4741595
A02253,Security,On-Premise,335404
A02253,Applications,No Footprint,0
A02253,Integration,Cloud,220116
A02254,Infrastructure,On-Premise,418859
A02254,Database,Hybrid,1670098
A02254,Analytics & Data,Hybrid,635139
A02254,AI & ML,Cloud,2285870
A02254,Security,On-Premise,554056
A02254,Applications,On-Premise,4324049
A02254,Integration,No Footprint,0
A02255,Infrastructure,Cloud,954212
A02255,Database,On-Premise,2094903
A02255,Analytics & Data,No Footprint,0
A02255,AI & ML,No Footprint,0
A02255,Security,On-Premise,3254638
A02255,Applications,No Footprint,0
A02255,Integration,Hybrid,2169065
A02256,Infrastructure,On-Premise,510167
A02256,Database,No Footprint,0
A02256,Analytics & Data,Cloud,2089016
A02256,AI & ML,No Footprint,0
A02256,Security,No Footprint,0
A02256,Applications,No Footprint,0
A02256,Integration,Cloud,701794
A02257,Infrastructure,Cloud,2596688
A02257,Database,On-Premise,1473183
A02257,Analytics & Data,Cloud,2626425
A02257,AI & ML,No Footprint,0
A02257,Security,Cloud,198450
A02257,Applications,Cloud,596290
A02257,Integration,No Footprint,0
A02258,Infrastructure,Hybrid,761462
A02258,Database,Cloud,352574
A02258,Analytics & Data,Hybrid,1096005
A02258,AI & ML,No Footprint,0
A02258,Security,Cloud,622373
A02258,Applications,Hybrid,470159
A02258,Integration,Cloud,272713
A02259,Infrastructure,On-Premise,967046
A02259,Database,On-Premise,315013
A02259,Analytics & Data,Cloud,2537758
A02259,AI & ML,Cloud,477641
A02259,Security,Cloud,1081747
A02259,Applications,No Footprint,0
A02259,Integration,Cloud,4342816
A02260,Infrastructure,On-Premise,1031519
A02260,Database,Cloud,147717
A02260,Analytics & Data,No Footprint,0
A02260,AI & ML,Cloud,478902
A02260,Security,On-Premise,830994
A02260,Applications,No Footprint,0
A02260,Integration,Hybrid,701218
A02261,Infrastructure,On-Premise,740919
A02261,Database,Hybrid,534068
A02261,Analytics & Data,No Footprint,0
A02261,AI & ML,Cloud,1171868
A02261,Security,Cloud,435582
A02261,Applications,No Footprint,0
A02261,Integration,Hybrid,1275285
A02262,Infrastructure,On-Premise,2580594
A02262,Database,On-Premise,804842
A02262,Analytics & Data,No Footprint,0
A02262,AI & ML,Cloud,820538
A02262,Security,No Footprint,0
A02262,Applications,No Footprint,0
A02262,Integration,No Footprint,0
A02263,Infrastructure,No Footprint,0
A02263,Database,No Footprint,0
A02263,Analytics & Data,No Footprint,0
A02263,AI & ML,No Footprint,0
A02263,Security,Hybrid,1346385
A02263,Applications,Cloud,225705
A02263,Integration,Cloud,295689
A02264,Infrastructure,On-Premise,797605
A02264,Database,Hybrid,544438
A02264,Analytics & Data,Cloud,1059505
A02264,AI & ML,No Footprint,0
A02264,Security,On-Premise,1036522
A02264,Applications,Hybrid,217316
A02264,Integration,Cloud,57516
A02265,Infrastructure,No Footprint,0
A02265,Database,Hybrid,341677
A02265,Analytics & Data,Hybrid,128163
A02265,AI & ML,Cloud,671577
A02265,Security,No Footprint,0
A02265,Applications,On-Premise,587274
A02265,Integration,No Footprint,0
A02266,Infrastructure,Hybrid,296384
A02266,Database,No Footprint,0
A02266,Analytics & Data,Cloud,1251471
A02266,AI & ML,Cloud,471890
A02266,Security,Hybrid,1306089
A02266,Applications,Cloud,223928
A02266,Integration,No Footprint,0
A02267,Infrastructure,Cloud,1066462
A02267,Database,Cloud,490503
A02267,Analytics & Data,No Footprint,0
A02267,AI & ML,No Footprint,0
A02267,Security,Hybrid,392545
A02267,Applications,On-Premise,748953
A02267,Integration,No Footprint,0
A02268,Infrastructure,Cloud,816390
A02268,Database,On-Premise,501650
A02268,Analytics & Data,No Footprint,0
A02268,AI & ML,Cloud,767814
A02268,Security,Hybrid,1018314
A02268,Applications,Cloud,324391
A02268,Integration,No Footprint,0
A02269,Infrastructure,Hybrid,2770736
A02269,Database,On-Premise,1503112
A02269,Analytics & Data,Cloud,1957777
A02269,AI & ML,Cloud,238513
A02269,Security,Hybrid,663401
A02269,Applications,No Footprint,0
A02269,Integration,Cloud,5831424
A02270,Infrastructure,Cloud,501407
A02270,Database,No Footprint,0
A02270,Analytics & Data,No Footprint,0
A02270,AI & ML,No Footprint,0
A02270,Security,On-Premise,305971
A02270,Applications,No Footprint,0
A02270,Integration,Cloud,780469
A02271,Infrastructure,On-Premise,76072
A02271,Database,On-Premise,594049
A02271,Analytics & Data,Hybrid,1223501
A02271,AI & ML,No Footprint,0
A02271,Security,On-Premise,429472
A02271,Applications,No Footprint,0
A02271,Integration,Hybrid,706378
A02272,Infrastructure,No Footprint,0
A02272,Database,Hybrid,121954
A02272,Analytics & Data,No Footprint,0
A02272,AI & ML,Cloud,687592
A02272,Security,Hybrid,540730
A02272,Applications,Cloud,889076
A02272,Integration,Hybrid,1109198
A02273,Infrastructure,Hybrid,68586
A02273,Database,On-Premise,827779
A02273,Analytics & Data,Hybrid,576106
A02273,AI & ML,Cloud,442564
A02273,Security,Cloud,856802
A02273,Applications,Hybrid,493591
A02273,Integration,Hybrid,621289
A02274,Infrastructure,Hybrid,133747
A02274,Database,No Footprint,0
A02274,Analytics & Data,No Footprint,0
A02274,AI & ML,No Footprint,0
A02274,Security,On-Premise,322019
A02274,Applications,Cloud,1463270
A02274,Integration,Hybrid,569747
A02275,Infrastructure,On-Premise,3598597
A02275,Database,No Footprint,0
A02275,Analytics & Data,Cloud,1343562
A02275,AI & ML,Cloud,522974
A02275,Security,Cloud,482253
A02275,Applications,On-Premise,328478
A02275,Integration,Hybrid,635644
A02276,Infrastructure,Cloud,551642
A02276,Database,Hybrid,1163049
A02276,Analytics & Data,No Footprint,0
A02276,AI & ML,Cloud,497726
A02276,Security,No Footprint,0
A02276,Applications,No Footprint,0
A02276,Integration,No Footprint,0
A02277,Infrastructure,Hybrid,655885
A02277,Database,No Footprint,0
A02277,Analytics & Data,No Footprint,0
A02277,AI & ML,Cloud,373596
A02277,Security,On-Premise,1944997
A02277,Applications,Hybrid,632448
A02277,Integration,Hybrid,658559
A02278,Infrastructure,On-Premise,495052
A02278,Database,No Footprint,0
A02278,Analytics & Data,Cloud,814749
A02278,AI & ML,Cloud,675029
A02278,Security,No Footprint,0
A02278,Applications,Cloud,846532
A02278,Integration,Hybrid,478603
A02279,Infrastructure,Hybrid,4069591
A02279,Database,On-Premise,1510845
A02279,Analytics & Data,No Footprint,0
A02279,AI & ML,No Footprint,0
A02279,Security,On-Premise,1437582
A02279,Applications,Cloud,478363
A02279,Integration,Hybrid,553092
A02280,Infrastructure,Cloud,1187530
A02280,Database,Hybrid,1827894
A02280,Analytics & Data,Hybrid,213116
A02280,AI & ML,Cloud,2251425
A02280,Security,Hybrid,492748
A02280,Applications,On-Premise,273919
A02280,Integration,Cloud,122990
A02281,Infrastructure,On-Premise,671747
A02281,Database,Hybrid,413424
A02281,Analytics & Data,No Footprint,0
A02281,AI & ML,Cloud,1128417
A02281,Security,On-Premise,2338901
A02281,Applications,Cloud,929297
A02281,Integration,Cloud,4049931
A02282,Infrastructure,Cloud,197843
A02282,Database,Hybrid,231432
A02282,Analytics & Data,Hybrid,619961
A02282,AI & ML,No Footprint,0
A02282,Security,Hybrid,269234
A02282,Applications,Hybrid,796003
A02282,Integration,Cloud,323337
A02283,Infrastructure,Cloud,2060514
A02283,Database,On-Premise,1911753
A02283,Analytics & Data,Cloud,483356
A02283,AI & ML,No Footprint,0
A02283,Security,Cloud,473631
A02283,Applications,Hybrid,1207919
A02283,Integration,Cloud,1021433
A02284,Infrastructure,No Footprint,0
A02284,Database,Cloud,544895
A02284,Analytics & Data,No Footprint,0
A02284,AI & ML,Cloud,669485
A02284,Security,Cloud,159958
A02284,Applications,Cloud,106581
A02284,Integration,Cloud,489936
A02285,Infrastructure,Cloud,320967
A02285,Database,No Footprint,0
A02285,Analytics & Data,No Footprint,0
A02285,AI & ML,Cloud,368438
A02285,Security,On-Premise,218926
A02285,Applications,No Footprint,0
A02285,Integration,No Footprint,0
A02286,Infrastructure,No Footprint,0
A02286,Database,On-Premise,1505701
A02286,Analytics & Data,Cloud,729910
A02286,AI & ML,Cloud,1779103
A02286,Security,Hybrid,2523990
A02286,Applications,Hybrid,560590
A02286,Integration,Cloud,649737
A02287,Infrastructure,Cloud,515448
A02287,Database,No Footprint,0
A02287,Analytics & Data,Cloud,541477
A02287,AI & ML,No Footprint,0
A02287,Security,On-Premise,223863
A02287,Applications,On-Premise,567691
A02287,Integration,Hybrid,981311
A02288,Infrastructure,No Footprint,0
A02288,Database,No Footprint,0
A02288,Analytics & Data,Cloud,1821187
A02288,AI & ML,Cloud,1471010
A02288,Security,On-Premise,445243
A02288,Applications,No Footprint,0
A02288,Integration,Hybrid,738465
A02289,Infrastructure,On-Premise,693748
A02289,Database,Cloud,392509
A02289,Analytics & Data,No Footprint,0
A02289,AI & ML,Cloud,2400386
A02289,Security,On-Premise,865311
A02289,Applications,Hybrid,2483136
A02289,Integration,Cloud,690638
A02290,Infrastructure,No Footprint,0
A02290,Database,Hybrid,583983
A02290,Analytics & Data,Hybrid,789276
A02290,AI & ML,Cloud,1962628
A02290,Security,Cloud,579299
A02290,Applications,On-Premise,545318
A02290,Integration,Cloud,471752
A02291,Infrastructure,Hybrid,341506
A02291,Database,Hybrid,194917
A02291,Analytics & Data,Hybrid,794241
A02291,AI & ML,Cloud,2132238
A02291,Security,Hybrid,332297
A02291,Applications,Hybrid,495511
A02291,Integration,No Footprint,0
A02292,Infrastructure,No Footprint,0
A02292,Database,No Footprint,0
A02292,Analytics & Data,No Footprint,0
A02292,AI & ML,No Footprint,0
A02292,Security,Hybrid,193722
A02292,Applications,On-Premise,173433
A02292,Integration,Hybrid,980845
A02293,Infrastructure,On-Premise,670576
A02293,Database,Hybrid,430402
A02293,Analytics & Data,Hybrid,1973951
A02293,AI & ML,No Footprint,0
A02293,Security,Cloud,3507804
A02293,Applications,No Footprint,0
A02293,Integration,No Footprint,0
A02294,Infrastructure,Hybrid,361882
A02294,Database,No Footprint,0
A02294,Analytics & Data,Hybrid,117561
A02294,AI & ML,Cloud,1152496
A02294,Security,Cloud,513062
A02294,Applications,No Footprint,0
A02294,Integration,Hybrid,673315
A02295,Infrastructure,Hybrid,381751
A02295,Database,On-Premise,1373969
A02295,Analytics & Data,No Footprint,0
A02295,AI & ML,Cloud,532832
A02295,Security,No Footprint,0
A02295,Applications,On-Premise,1834211
A02295,Integration,Cloud,1258534
A02296,Infrastructure,No Footprint,0
A02296,Database,Cloud,152253
A02296,Analytics & Data,Hybrid,877787
A02296,AI & ML,Cloud,519074
A02296,Security,No Footprint,0
A02296,Applications,On-Premise,382992
A02296,Integration,Cloud,760818
A02297,Infrastructure,On-Premise,456407
A02297,Database,Hybrid,225966
A02297,Analytics & Data,Cloud,2101194
A02297,AI & ML,Cloud,1556224
A02297,Security,On-Premise,497203
A02297,Applications,Hybrid,208649
A02297,Integration,No Footprint,0
A02298,Infrastructure,On-Premise,1187721
A02298,Database,On-Premise,502628
A02298,Analytics & Data,Hybrid,924402
A02298,AI & ML,Cloud,2463663
A02298,Security,Hybrid,753268
A02298,Applications,No Footprint,0
A02298,Integration,Hybrid,2327356
A02299,Infrastructure,Cloud,488493
A02299,Database,Hybrid,1168185
A02299,Analytics & Data,No Footprint,0
A02299,AI & ML,Cloud,468638
A02299,Security,On-Premise,505694
A02299,Applications,No Footprint,0
A02299,Integration,No Footprint,0
A02300,Infrastructure,No Footprint,0
A02300,Database,Hybrid,108494
A02300,Analytics & Data,No Footprint,0
A02300,AI & ML,Cloud,512076
A02300,Security,On-Premise,749595
A02300,Applications,On-Premise,419661
A02300,Integration,Hybrid,1316241
A02301,Infrastructure,On-Premise,221229
A02301,Database,Hybrid,578572
A02301,Analytics & Data,Cloud,328280
A02301,AI & ML,No Footprint,0
A02301,Security,Cloud,1927196
A02301,Applications,On-Premise,598429
A02301,Integration,No Footprint,0
A02302,Infrastructure,On-Premise,537836
A02302,Database,Cloud,1952303
A02302,Analytics & Data,Cloud,298800
A02302,AI & ML,Cloud,736484
A02302,Security,On-Premise,104748
A02302,Applications,Cloud,157508
A02302,Integration,Hybrid,407220
A02303,Infrastructure,No Footprint,0
A02303,Database,Cloud,512260
A02303,Analytics & Data,No Footprint,0
A02303,AI & ML,Cloud,1512464
A02303,Security,No Footprint,0
A02303,Applications,Hybrid,168836
A02303,Integration,No Footprint,0
A02304,Infrastructure,Cloud,1466613
A02304,Database,On-Premise,303969
A02304,Analytics & Data,Cloud,788494
A02304,AI & ML,Cloud,2239566
A02304,Security,Hybrid,214070
A02304,Applications,Hybrid,569149
A02304,Integration,No Footprint,0
A02305,Infrastructure,Cloud,1645267
A02305,Database,Cloud,324110
A02305,Analytics & Data,Cloud,195015
A02305,AI & ML,No Footprint,0
A02305,Security,Cloud,439182
A02305,Applications,Hybrid,857209
A02305,Integration,Cloud,248788
A02306,Infrastructure,Hybrid,236587
A02306,Database,On-Premise,752700
A02306,Analytics & Data,Hybrid,344176
A02306,AI & ML,Cloud,201315
A02306,Security,No Footprint,0
A02306,Applications,Cloud,956735
A02306,Integration,No Footprint,0
A02307,Infrastructure,No Footprint,0
A02307,Database,On-Premise,832715
A02307,Analytics & Data,No Footprint,0
A02307,AI & ML,No Footprint,0
A02307,Security,No Footprint,0
A02307,Applications,Hybrid,226802
A02307,Integration,Cloud,2208904
A02308,Infrastructure,No Footprint,0
A02308,Database,No Footprint,0
A02308,Analytics & Data,Hybrid,272726
A02308,AI & ML,Cloud,694381
A02308,Security,On-Premise,1504312
A02308,Applications,Cloud,2040059
A02308,Integration,No Footprint,0
A02309,Infrastructure,No Footprint,0
A02309,Database,On-Premise,507359
A02309,Analytics & Data,Hybrid,911508
A02309,AI & ML,No Footprint,0
A02309,Security,Cloud,312118
A02309,Applications,Hybrid,507036
A02309,Integration,No Footprint,0
A02310,Infrastructure,On-Premise,128659
A02310,Database,Cloud,286456
A02310,Analytics & Data,No Footprint,0
A02310,AI & ML,Cloud,922433
A02310,Security,No Footprint,0
A02310,Applications,Cloud,557110
A02310,Integration,Hybrid,1343229
A02311,Infrastructure,Cloud,852070
A02311,Database,Cloud,135028
A02311,Analytics & Data,Hybrid,640689
A02311,AI & ML,Cloud,394187
A02311,Security,On-Premise,130970
A02311,Applications,No Footprint,0
A02311,Integration,Cloud,687039
A02312,Infrastructure,No Footprint,0
A02312,Database,No Footprint,0
A02312,Analytics & Data,No Footprint,0
A02312,AI & ML,Cloud,476644
A02312,Security,No Footprint,0
A02312,Applications,On-Premise,2492173
A02312,Integration,Hybrid,775205
A02313,Infrastructure,On-Premise,260817
A02313,Database,Cloud,805499
A02313,Analytics & Data,No Footprint,0
A02313,AI & ML,No Footprint,0
A02313,Security,Hybrid,559918
A02313,Applications,No Footprint,0
A02313,Integration,Hybrid,1870279
A02314,Infrastructure,No Footprint,0
A02314,Database,On-Premise,1539895
A02314,Analytics & Data,No Footprint,0
A02314,AI & ML,Cloud,332153
A02314,Security,Hybrid,865531
A02314,Applications,Cloud,947266
A02314,Integration,Hybrid,112944
A02315,Infrastructure,No Footprint,0
A02315,Database,Cloud,1309148
A02315,Analytics & Data,No Footprint,0
A02315,AI & ML,Cloud,2483095
A02315,Security,On-Premise,1971739
A02315,Applications,On-Premise,1572262
A02315,Integration,Cloud,342320
A02316,Infrastructure,No Footprint,0
A02316,Database,Hybrid,2608873
A02316,Analytics & Data,Hybrid,1066458
A02316,AI & ML,Cloud,968595
A02316,Security,Hybrid,1300687
A02316,Applications,Hybrid,839006
A02316,Integration,Hybrid,447634
A02317,Infrastructure,On-Premise,383734
A02317,Database,On-Premise,2929363
A02317,Analytics & Data,No Footprint,0
A02317,AI & ML,Cloud,734785
A02317,Security,On-Premise,1385223
A02317,Applications,On-Premise,561141
A02317,Integration,Cloud,786156
A02318,Infrastructure,No Footprint,0
A02318,Database,Hybrid,1253202
A02318,Analytics & Data,Cloud,754780
A02318,AI & ML,Cloud,174762
A02318,Security,Cloud,1176910
A02318,Applications,Hybrid,462603
A02318,Integration,No Footprint,0
A02319,Infrastructure,No Footprint,0
A02319,Database,Hybrid,340562
A02319,Analytics & Data,No Footprint,0
A02319,AI & ML,Cloud,1842224
A02319,Security,No Footprint,0
A02319,Applications,No Footprint,0
A02319,Integration,No Footprint,0
A02320,Infrastructure,On-Premise,567963
A02320,Database,No Footprint,0
A02320,Analytics & Data,Hybrid,152641
A02320,AI & ML,Cloud,799393
A02320,Security,No Footprint,0
A02320,Applications,Cloud,562225
A02320,Integration,Cloud,960320
A02321,Infrastructure,No Footprint,0
A02321,Database,No Footprint,0
A02321,Analytics & Data,No Footprint,0
A02321,AI & ML,No Footprint,0
A02321,Security,Cloud,910919
A02321,Applications,Hybrid,595826
A02321,Integration,Hybrid,154923
A02322,Infrastructure,On-Premise,442695
A02322,Database,On-Premise,1406622
A02322,Analytics & Data,Cloud,2374273
A02322,AI & ML,Cloud,959773
A02322,Security,Cloud,604708
A02322,Applications,Cloud,751997
A02322,Integration,Hybrid,833561
A02323,Infrastructure,Hybrid,1476512
A02323,Database,No Footprint,0
A02323,Analytics & Data,No Footprint,0
A02323,AI & ML,No Footprint,0
A02323,Security,On-Premise,1481838
A02323,Applications,On-Premise,1182612
A02323,Integration,No Footprint,0
A02324,Infrastructure,No Footprint,0
A02324,Database,On-Premise,5172845
A02324,Analytics & Data,No Footprint,0
A02324,AI & ML,No Footprint,0
A02324,Security,Cloud,1457174
A02324,Applications,No Footprint,0
A02324,Integration,No Footprint,0
A02325,Infrastructure,No Footprint,0
A02325,Database,On-Premise,2036889
A02325,Analytics & Data,Cloud,139137
A02325,AI & ML,Cloud,367071
A02325,Security,No Footprint,0
A02325,Applications,Hybrid,528572
A02325,Integration,Hybrid,895791
A02326,Infrastructure,No Footprint,0
A02326,Database,Cloud,355702
A02326,Analytics & Data,Hybrid,485978
A02326,AI & ML,No Footprint,0
A02326,Security,No Footprint,0
A02326,Applications,Hybrid,302867
A02326,Integration,No Footprint,0
A02327,Infrastructure,On-Premise,246316
A02327,Database,Hybrid,1604749
A02327,Analytics & Data,Cloud,994404
A02327,AI & ML,Cloud,252676
A02327,Security,Cloud,1123586
A02327,Applications,Hybrid,191260
A02327,Integration,Hybrid,378192
A02328,Infrastructure,On-Premise,158939
A02328,Database,Cloud,232116
A02328,Analytics & Data,Cloud,402850
A02328,AI & ML,No Footprint,0
A02328,Security,Cloud,444450
A02328,Applications,Hybrid,847955
A02328,Integration,Cloud,433666
A02329,Infrastructure,No Footprint,0
A02329,Database,No Footprint,0
A02329,Analytics & Data,Cloud,909068
A02329,AI & ML,Cloud,995929
A02329,Security,Hybrid,1806984
A02329,Applications,Hybrid,190918
A02329,Integration,Hybrid,579321
A02330,Infrastructure,On-Premise,348907
A02330,Database,On-Premise,2435679
A02330,Analytics & Data,Hybrid,693449
A02330,AI & ML,No Footprint,0
A02330,Security,Hybrid,194665
A02330,Applications,Cloud,95429
A02330,Integration,Hybrid,180176
A02331,Infrastructure,Hybrid,1306121
A02331,Database,On-Premise,2382264
A02331,Analytics & Data,No Footprint,0
A02331,AI & ML,Cloud,469831
A02331,Security,No Footprint,0
A02331,Applications,On-Premise,136561
A02331,Integration,Cloud,354805
A02332,Infrastructure,On-Premise,458288
A02332,Database,On-Premise,1540104
A02332,Analytics & Data,Hybrid,1306785
A02332,AI & ML,Cloud,300419
A02332,Security,On-Premise,181527
A02332,Applications,On-Premise,1422661
A02332,Integration,No Footprint,0
A02333,Infrastructure,Cloud,1259593
A02333,Database,On-Premise,711395
A02333,Analytics & Data,Hybrid,632964
A02333,AI & ML,Cloud,341425
A02333,Security,No Footprint,0
A02333,Applications,No Footprint,0
A02333,Integration,Cloud,227483
A02334,Infrastructure,Hybrid,2237576
A02334,Database,On-Premise,5510577
A02334,Analytics & Data,Hybrid,1626727
A02334,AI & ML,Cloud,6387535
A02334,Security,Cloud,681589
A02334,Applications,No Footprint,0
A02334,Integration,Hybrid,394201
A02335,Infrastructure,Hybrid,2275728
A02335,Database,No Footprint,0
A02335,Analytics & Data,No Footprint,0
A02335,AI & ML,Cloud,793222
A02335,Security,On-Premise,170123
A02335,Applications,Cloud,234683
A02335,Integration,Cloud,475534
A02336,Infrastructure,On-Premise,2077771
A02336,Database,Cloud,1189869
A02336,Analytics & Data,Hybrid,994575
A02336,AI & ML,No Footprint,0
A02336,Security,Hybrid,1000258
A02336,Applications,Cloud,241932
A02336,Integration,Hybrid,890171
A02337,Infrastructure,No Footprint,0
A02337,Database,On-Premise,1792583
A02337,Analytics & Data,No Footprint,0
A02337,AI & ML,No Footprint,0
A02337,Security,Hybrid,4357848
A02337,Applications,Hybrid,900957
A02337,Integration,No Footprint,0
A02338,Infrastructure,No Footprint,0
A02338,Database,No Footprint,0
A02338,Analytics & Data,No Footprint,0
A02338,AI & ML,Cloud,2999957
A02338,Security,Hybrid,1555800
A02338,Applications,No Footprint,0
A02338,Integration,Cloud,1725868
A02339,Infrastructure,No Footprint,0
A02339,Database,Cloud,241283
A02339,Analytics & Data,No Footprint,0
A02339,AI & ML,No Footprint,0
A02339,Security,On-Premise,473502
A02339,Applications,On-Premise,1369820
A02339,Integration,Hybrid,263020
A02340,Infrastructure,On-Premise,515452
A02340,Database,On-Premise,505909
A02340,Analytics & Data,No Footprint,0
A02340,AI & ML,No Footprint,0
A02340,Security,No Footprint,0
A02340,Applications,Cloud,485720
A02340,Integration,No Footprint,0
A02341,Infrastructure,No Footprint,0
A02341,Database,Hybrid,168787
A02341,Analytics & Data,No Footprint,0
A02341,AI & ML,No Footprint,0
A02341,Security,No Footprint,0
A02341,Applications,On-Premise,419156
A02341,Integration,Hybrid,157029
A02342,Infrastructure,Hybrid,618781
A02342,Database,Hybrid,1685839
A02342,Analytics & Data,No Footprint,0
A02342,AI & ML,Cloud,1366031
A02342,Security,Hybrid,478617
A02342,Applications,Hybrid,536987
A02342,Integration,Cloud,691882
A02343,Infrastructure,Cloud,1815117
A02343,Database,No Footprint,0
A02343,Analytics & Data,Hybrid,2267288
A02343,AI & ML,Cloud,664581
A02343,Security,Hybrid,166697
A02343,Applications,Hybrid,3770894
A02343,Integration,Cloud,518838
A02344,Infrastructure,Cloud,693241
A02344,Database,Cloud,1050532
A02344,Analytics & Data,Cloud,607068
A02344,AI & ML,Cloud,707022
A02344,Security,Cloud,1258162
A02344,Applications,No Footprint,0
A02344,Integration,No Footprint,0
A02345,Infrastructure,No Footprint,0
A02345,Database,On-Premise,5698743
A02345,Analytics & Data,No Footprint,0
A02345,AI & ML,Cloud,408135
A02345,Security,On-Premise,1332095
A02345,Applications,On-Premise,546475
A02345,Integration,Hybrid,92878
A02346,Infrastructure,No Footprint,0
A02346,Database,No Footprint,0
A02346,Analytics & Data,No Footprint,0
A02346,AI & ML,No Footprint,0
A02346,Security,Hybrid,720653
A02346,Applications,Cloud,827305
A02346,Integration,No Footprint,0
A02347,Infrastructure,Cloud,521530
A02347,Database,Hybrid,1161724
A02347,Analytics & Data,Hybrid,467092
A02347,AI & ML,No Footprint,0
A02347,Security,No Footprint,0
A02347,Applications,On-Premise,1688844
A02347,Integration,Hybrid,481656
A02348,Infrastructure,Cloud,358578
A02348,Database,Hybrid,716093
A02348,Analytics & Data,No Footprint,0
A02348,AI & ML,Cloud,711956
A02348,Security,Cloud,107028
A02348,Applications,Cloud,764838
A02348,Integration,No Footprint,0
A02349,Infrastructure,Hybrid,786125
A02349,Database,No Footprint,0
A02349,Analytics & Data,No Footprint,0
A02349,AI & ML,Cloud,563336
A02349,Security,On-Premise,279956
A02349,Applications,Hybrid,191829
A02349,Integration,No Footprint,0
A02350,Infrastructure,No Footprint,0
A02350,Database,On-Premise,1122648
A02350,Analytics & Data,No Footprint,0
A02350,AI & ML,Cloud,983051
A02350,Security,Cloud,785991
A02350,Applications,On-Premise,1464104
A02350,Integration,Cloud,1148304
A02351,Infrastructure,On-Premise,1578824
A02351,Database,No Footprint,0
A02351,Analytics & Data,Hybrid,1149845
A02351,AI & ML,Cloud,293590
A02351,Security,On-Premise,2019411
A02351,Applications,Hybrid,1790835
A02351,Integration,No Footprint,0
A02352,Infrastructure,Hybrid,731301
A02352,Database,Hybrid,489651
A02352,Analytics & Data,Cloud,303632
A02352,AI & ML,No Footprint,0
A02352,Security,Hybrid,238659
A02352,Applications,Cloud,361225
A02352,Integration,Cloud,503404
A02353,Infrastructure,On-Premise,83943
A02353,Database,Hybrid,1866712
A02353,Analytics & Data,Cloud,817609
A02353,AI & ML,Cloud,955179
A02353,Security,Hybrid,502218
A02353,Applications,Hybrid,1193165
A02353,Integration,Cloud,338721
A02354,Infrastructure,On-Premise,736515
A02354,Database,Cloud,1689583
A02354,Analytics & Data,No Footprint,0
A02354,AI & ML,Cloud,448607
A02354,Security,On-Premise,610601
A02354,Applications,Hybrid,913880
A02354,Integration,No Footprint,0
A02355,Infrastructure,Hybrid,994472
A02355,Database,No Footprint,0
A02355,Analytics & Data,Hybrid,1935467
A02355,AI & ML,Cloud,3142164
A02355,Security,On-Premise,328322
A02355,Applications,On-Premise,3539412
A02355,Integration,Hybrid,234186
A02356,Infrastructure,No Footprint,0
A02356,Database,On-Premise,669373
A02356,Analytics & Data,No Footprint,0
A02356,AI & ML,Cloud,487469
A02356,Security,Hybrid,620192
A02356,Applications,On-Premise,470975
A02356,Integration,Cloud,332983
A02357,Infrastructure,On-Premise,1699277
A02357,Database,On-Premise,214398
A02357,Analytics & Data,No Footprint,0
A02357,AI & ML,Cloud,179415
A02357,Security,On-Premise,281858
A02357,Applications,No Footprint,0
A02357,Integration,Hybrid,1386289
A02358,Infrastructure,Hybrid,302165
A02358,Database,On-Premise,690110
A02358,Analytics & Data,Hybrid,734186
A02358,AI & ML,No Footprint,0
A02358,Security,On-Premise,510638
A02358,Applications,Hybrid,352823
A02358,Integration,Cloud,209446
A02359,Infrastructure,No Footprint,0
A02359,Database,Hybrid,2105179
A02359,Analytics & Data,No Footprint,0
A02359,AI & ML,Cloud,771134
A02359,Security,On-Premise,234327
A02359,Applications,No Footprint,0
A02359,Integration,Cloud,1701684
A02360,Infrastructure,Hybrid,252043
A02360,Database,On-Premise,1525735
A02360,Analytics & Data,No Footprint,0
A02360,AI & ML,Cloud,1471917
A02360,Security,On-Premise,790032
A02360,Applications,Cloud,504491
A02360,Integration,Cloud,970964
A02361,Infrastructure,No Footprint,0
A02361,Database,Cloud,351648
A02361,Analytics & Data,No Footprint,0
A02361,AI & ML,No Footprint,0
A02361,Security,Cloud,1056949
A02361,Applications,Hybrid,907054
A02361,Integration,Cloud,426666
A02362,Infrastructure,Hybrid,676197
A02362,Database,No Footprint,0
A02362,Analytics & Data,Cloud,113848
A02362,AI & ML,No Footprint,0
A02362,Security,On-Premise,560127
A02362,Applications,Hybrid,1263026
A02362,Integration,Cloud,182228
A02363,Infrastructure,No Footprint,0
A02363,Database,On-Premise,919790
A02363,Analytics & Data,No Footprint,0
A02363,AI & ML,No Footprint,0
A02363,Security,Hybrid,5920301
A02363,Applications,On-Premise,555305
A02363,Integration,Hybrid,1399510
A02364,Infrastructure,No Footprint,0
A02364,Database,Cloud,1148244
A02364,Analytics & Data,No Footprint,0
A02364,AI & ML,No Footprint,0
A02364,Security,Hybrid,1550484
A02364,Applications,On-Premise,1368006
A02364,Integration,No Footprint,0
A02365,Infrastructure,Hybrid,1909778
A02365,Database,Hybrid,507124
A02365,Analytics & Data,Hybrid,807427
A02365,AI & ML,Cloud,686484
A02365,Security,On-Premise,737705
A02365,Applications,No Footprint,0
A02365,Integration,No Footprint,0
A02366,Infrastructure,Cloud,1316359
A02366,Database,No Footprint,0
A02366,Analytics & Data,Cloud,480700
A02366,AI & ML,Cloud,518674
A02366,Security,No Footprint,0
A02366,Applications,Hybrid,579047
A02366,Integration,Hybrid,606728
A02367,Infrastructure,No Footprint,0
A02367,Database,No Footprint,0
A02367,Analytics & Data,Cloud,466491
A02367,AI & ML,Cloud,694597
A02367,Security,No Footprint,0
A02367,Applications,Hybrid,289586
A02367,Integration,Hybrid,811229
A02368,Infrastructure,Cloud,622321
A02368,Database,Cloud,851447
A02368,Analytics & Data,Cloud,413806
A02368,AI & ML,Cloud,2157827
A02368,Security,Hybrid,1072916
A02368,Applications,On-Premise,868350
A02368,Integration,No Footprint,0
A02369,Infrastructure,On-Premise,1001297
A02369,Database,On-Premise,1812657
A02369,Analytics & Data,Hybrid,999339
A02369,AI & ML,Cloud,725289
A02369,Security,Hybrid,1172232
A02369,Applications,No Footprint,0
A02369,Integration,Hybrid,386032
A02370,Infrastructure,On-Premise,1689737
A02370,Database,Hybrid,208919
A02370,Analytics & Data,No Footprint,0
A02370,AI & ML,Cloud,870985
A02370,Security,No Footprint,0
A02370,Applications,Cloud,498189
A02370,Integration,Cloud,1436652
A02371,Infrastructure,Hybrid,55901
A02371,Database,Cloud,437459
A02371,Analytics & Data,No Footprint,0
A02371,AI & ML,No Footprint,0
A02371,Security,Hybrid,923435
A02371,Applications,No Footprint,0
A02371,Integration,No Footprint,0
A02372,Infrastructure,On-Premise,1291947
A02372,Database,Cloud,1776454
A02372,Analytics & Data,Hybrid,1146144
A02372,AI & ML,No Footprint,0
A02372,Security,On-Premise,219663
A02372,Applications,Hybrid,1370171
A02372,Integration,Cloud,293790
A02373,Infrastructure,No Footprint,0
A02373,Database,No Footprint,0
A02373,Analytics & Data,Hybrid,759218
A02373,AI & ML,Cloud,1387710
A02373,Security,Cloud,264598
A02373,Applications,Hybrid,886790
A02373,Integration,Cloud,1528835
A02374,Infrastructure,On-Premise,181899
A02374,Database,On-Premise,475575
A02374,Analytics & Data,No Footprint,0
A02374,AI & ML,Cloud,932378
A02374,Security,No Footprint,0
A02374,Applications,Hybrid,607247
A02374,Integration,Hybrid,509090
A02375,Infrastructure,No Footprint,0
A02375,Database,Hybrid,1063068
A02375,Analytics & Data,Hybrid,2344268
A02375,AI & ML,Cloud,4869668
A02375,Security,Cloud,681011
A02375,Applications,No Footprint,0
A02375,Integration,No Footprint,0
A02376,Infrastructure,Cloud,1427229
A02376,Database,Cloud,309928
A02376,Analytics & Data,No Footprint,0
A02376,AI & ML,No Footprint,0
A02376,Security,No Footprint,0
A02376,Applications,No Footprint,0
A02376,Integration,Cloud,382014
A02377,Infrastructure,Hybrid,775189
A02377,Database,No Footprint,0
A02377,Analytics & Data,Hybrid,654814
A02377,AI & ML,No Footprint,0
A02377,Security,No Footprint,0
A02377,Applications,Cloud,255448
A02377,Integration,No Footprint,0
A02378,Infrastructure,On-Premise,415547
A02378,Database,No Footprint,0
A02378,Analytics & Data,Cloud,709792
A02378,AI & ML,No Footprint,0
A02378,Security,Cloud,597004
A02378,Applications,No Footprint,0
A02378,Integration,Hybrid,275959
A02379,Infrastructure,Cloud,710216
A02379,Database,Cloud,361453
A02379,Analytics & Data,Cloud,2194510
A02379,AI & ML,Cloud,958314
A02379,Security,On-Premise,56435
A02379,Applications,On-Premise,1505858
A02379,Integration,No Footprint,0
A02380,Infrastructure,Cloud,821660
A02380,Database,No Footprint,0
A02380,Analytics & Data,Hybrid,325215
A02380,AI & ML,Cloud,541470
A02380,Security,No Footprint,0
A02380,Applications,No Footprint,0
A02380,Integration,No Footprint,0
A02381,Infrastructure,Hybrid,434868
A02381,Database,On-Premise,199832
A02381,Analytics & Data,Cloud,548369
A02381,AI & ML,Cloud,439524
A02381,Security,No Footprint,0
A02381,Applications,On-Premise,1694561
A02381,Integration,Hybrid,573015
A02382,Infrastructure,On-Premise,632047
A02382,Database,No Footprint,0
A02382,Analytics & Data,Cloud,581705
A02382,AI & ML,No Footprint,0
A02382,Security,On-Premise,1135661
A02382,Applications,On-Premise,1186363
A02382,Integration,Hybrid,553306
A02383,Infrastructure,No Footprint,0
A02383,Database,On-Premise,277491
A02383,Analytics & Data,Hybrid,1489512
A02383,AI & ML,Cloud,563781
A02383,Security,No Footprint,0
A02383,Applications,Cloud,1678471
A02383,Integration,Cloud,1172731
A02384,Infrastructure,On-Premise,366915
A02384,Database,On-Premise,1390013
A02384,Analytics & Data,No Footprint,0
A02384,AI & ML,Cloud,1092887
A02384,Security,Hybrid,2275873
A02384,Applications,Cloud,236268
A02384,Integration,Hybrid,926309
A02385,Infrastructure,On-Premise,422405
A02385,Database,Hybrid,329526
A02385,Analytics & Data,No Footprint,0
A02385,AI & ML,Cloud,1289577
A02385,Security,On-Premise,478401
A02385,Applications,Hybrid,77251
A02385,Integration,Hybrid,249865
A02386,Infrastructure,No Footprint,0
A02386,Database,On-Premise,294027
A02386,Analytics & Data,No Footprint,0
A02386,AI & ML,No Footprint,0
A02386,Security,No Footprint,0
A02386,Applications,Hybrid,1024382
A02386,Integration,No Footprint,0
A02387,Infrastructure,No Footprint,0
A02387,Database,Cloud,599591
A02387,Analytics & Data,Cloud,318159
A02387,AI & ML,Cloud,912800
A02387,Security,No Footprint,0
A02387,Applications,On-Premise,2470243
A02387,Integration,Hybrid,570851
A02388,Infrastructure,Hybrid,129676
A02388,Database,Hybrid,700399
A02388,Analytics & Data,No Footprint,0
A02388,AI & ML,No Footprint,0
A02388,Security,Cloud,117935
A02388,Applications,On-Premise,2580645
A02388,Integration,Hybrid,201692
A02389,Infrastructure,No Footprint,0
A02389,Database,Hybrid,554618
A02389,Analytics & Data,Cloud,728871
A02389,AI & ML,Cloud,388259
A02389,Security,On-Premise,1614789
A02389,Applications,Cloud,618189
A02389,Integration,Cloud,553055
A02390,Infrastructure,No Footprint,0
A02390,Database,Hybrid,1068881
A02390,Analytics & Data,No Footprint,0
A02390,AI & ML,Cloud,532589
A02390,Security,No Footprint,0
A02390,Applications,Cloud,467035
A02390,Integration,No Footprint,0
A02391,Infrastructure,No Footprint,0
A02391,Database,Cloud,576692
A02391,Analytics & Data,No Footprint,0
A02391,AI & ML,Cloud,122968
A02391,Security,On-Premise,302291
A02391,Applications,Cloud,253193
A02391,Integration,Cloud,100747
A02392,Infrastructure,Hybrid,3394717
A02392,Database,Cloud,712976
A02392,Analytics & Data,Hybrid,751713
A02392,AI & ML,Cloud,1344334
A02392,Security,Hybrid,662344
A02392,Applications,On-Premise,1658854
A02392,Integration,No Footprint,0
A02393,Infrastructure,No Footprint,0
A02393,Database,On-Premise,630253
A02393,Analytics & Data,Cloud,304717
A02393,AI & ML,No Footprint,0
A02393,Security,Hybrid,466918
A02393,Applications,Cloud,1260677
A02393,Integration,No Footprint,0
A02394,Infrastructure,On-Premise,700315
A02394,Database,Hybrid,477364
A02394,Analytics & Data,No Footprint,0
A02394,AI & ML,Cloud,1208846
A02394,Security,No Footprint,0
A02394,Applications,No Footprint,0
A02394,Integration,No Footprint,0
A02395,Infrastructure,No Footprint,0
A02395,Database,Cloud,772777
A02395,Analytics & Data,No Footprint,0
A02395,AI & ML,Cloud,1142483
A02395,Security,No Footprint,0
A02395,Applications,On-Premise,336962
A02395,Integration,Hybrid,727576
A02396,Infrastructure,On-Premise,699850
A02396,Database,No Footprint,0
A02396,Analytics & Data,Cloud,479499
A02396,AI & ML,Cloud,318649
A02396,Security,Cloud,3172104
A02396,Applications,No Footprint,0
A02396,Integration,Hybrid,1278965
A02397,Infrastructure,On-Premise,422586
A02397,Database,On-Premise,723947
A02397,Analytics & Data,No Footprint,0
A02397,AI & ML,Cloud,481804
A02397,Security,No Footprint,0
A02397,Applications,No Footprint,0
A02397,Integration,No Footprint,0
A02398,Infrastructure,No Footprint,0
A02398,Database,No Footprint,0
A02398,Analytics & Data,No Footprint,0
A02398,AI & ML,No Footprint,0
A02398,Security,On-Premise,2972897
A02398,Applications,On-Premise,1329962
A02398,Integration,Cloud,3495436
A02399,Infrastructure,Cloud,938835
A02399,Database,On-Premise,187596
A02399,Analytics & Data,Cloud,1883655
A02399,AI & ML,Cloud,1048279
A02399,Security,Cloud,3492029
A02399,Applications,No Footprint,0
A02399,Integration,Cloud,323455
A02400,Infrastructure,No Footprint,0
A02400,Database,Hybrid,238940
A02400,Analytics & Data,No Footprint,0
A02400,AI & ML,Cloud,911817
A02400,Security,No Footprint,0
A02400,Applications,Cloud,1164012
A02400,Integration,Cloud,167598
A02401,Infrastructure,Cloud,304633
A02401,Database,No Footprint,0
A02401,Analytics & Data,Cloud,280590
A02401,AI & ML,Cloud,537602
A02401,Security,No Footprint,0
A02401,Applications,Hybrid,1301247
A02401,Integration,No Footprint,0
A02402,Infrastructure,Hybrid,1237044
A02402,Database,Cloud,556461
A02402,Analytics & Data,Cloud,1329467
A02402,AI & ML,No Footprint,0
A02402,Security,Hybrid,392691
A02402,Applications,Cloud,2559068
A02402,Integration,Cloud,2475239
A02403,Infrastructure,Hybrid,719531
A02403,Database,Cloud,285193
A02403,Analytics & Data,Hybrid,403644
A02403,AI & ML,Cloud,972759
A02403,Security,No Footprint,0
A02403,Applications,No Footprint,0
A02403,Integration,No Footprint,0
A02404,Infrastructure,Cloud,1258855
A02404,Database,No Footprint,0
A02404,Analytics & Data,Cloud,575523
A02404,AI & ML,Cloud,2470023
A02404,Security,No Footprint,0
A02404,Applications,Cloud,690302
A02404,Integration,Hybrid,878917
A02405,Infrastructure,Cloud,937914
A02405,Database,Hybrid,4531119
A02405,Analytics & Data,Cloud,152525
A02405,AI & ML,Cloud,1550056
A02405,Security,Hybrid,1792250
A02405,Applications,Hybrid,1483233
A02405,Integration,No Footprint,0
A02406,Infrastructure,No Footprint,0
A02406,Database,Cloud,386628
A02406,Analytics & Data,Cloud,1060433
A02406,AI & ML,Cloud,3311176
A02406,Security,No Footprint,0
A02406,Applications,Cloud,1449965
A02406,Integration,No Footprint,0
A02407,Infrastructure,No Footprint,0
A02407,Database,On-Premise,501219
A02407,Analytics & Data,No Footprint,0
A02407,AI & ML,Cloud,2762736
A02407,Security,Cloud,1437840
A02407,Applications,Cloud,489533
A02407,Integration,Hybrid,251004
A02408,Infrastructure,No Footprint,0
A02408,Database,On-Premise,732988
A02408,Analytics & Data,Cloud,971099
A02408,AI & ML,Cloud,962625
A02408,Security,No Footprint,0
A02408,Applications,No Footprint,0
A02408,Integration,Cloud,1134980
A02409,Infrastructure,Cloud,236377
A02409,Database,Hybrid,321008
A02409,Analytics & Data,Cloud,390104
A02409,AI & ML,No Footprint,0
A02409,Security,No Footprint,0
A02409,Applications,Hybrid,942600
A02409,Integration,Cloud,757780
A02410,Infrastructure,No Footprint,0
A02410,Database,No Footprint,0
A02410,Analytics & Data,Hybrid,796446
A02410,AI & ML,Cloud,1769699
A02410,Security,On-Premise,508665
A02410,Applications,Hybrid,511113
A02410,Integration,Hybrid,261567
A02411,Infrastructure,Hybrid,187132
A02411,Database,On-Premise,1621048
A02411,Analytics & Data,Hybrid,443684
A02411,AI & ML,Cloud,1247889
A02411,Security,Cloud,306735
A02411,Applications,On-Premise,264348
A02411,Integration,Hybrid,225078
A02412,Infrastructure,On-Premise,165283
A02412,Database,On-Premise,273190
A02412,Analytics & Data,Cloud,223451
A02412,AI & ML,Cloud,421387
A02412,Security,Hybrid,580393
A02412,Applications,No Footprint,0
A02412,Integration,No Footprint,0
A02413,Infrastructure,Cloud,564574
A02413,Database,Hybrid,1231258
A02413,Analytics & Data,Hybrid,3450683
A02413,AI & ML,Cloud,2555175
A02413,Security,Hybrid,2178212
A02413,Applications,Cloud,478513
A02413,Integration,Cloud,1333112
A02414,Infrastructure,Hybrid,471834
A02414,Database,On-Premise,280339
A02414,Analytics & Data,Cloud,1026756
A02414,AI & ML,No Footprint,0
A02414,Security,On-Premise,265510
A02414,Applications,Hybrid,2825311
A02414,Integration,No Footprint,0
A02415,Infrastructure,No Footprint,0
A02415,Database,Hybrid,323273
A02415,Analytics & Data,Hybrid,219154
A02415,AI & ML,Cloud,2600806
A02415,Security,No Footprint,0
A02415,Applications,Cloud,315450
A02415,Integration,Cloud,1570523
A02416,Infrastructure,Hybrid,1747782
A02416,Database,Hybrid,429561
A02416,Analytics & Data,Cloud,1340545
A02416,AI & ML,Cloud,134891
A02416,Security,Hybrid,491095
A02416,Applications,Cloud,677493
A02416,Integration,Hybrid,396448
A02417,Infrastructure,No Footprint,0
A02417,Database,On-Premise,627391
A02417,Analytics & Data,Hybrid,249483
A02417,AI & ML,Cloud,356317
A02417,Security,No Footprint,0
A02417,Applications,Cloud,449502
A02417,Integration,No Footprint,0
A02418,Infrastructure,No Footprint,0
A02418,Database,On-Premise,284732
A02418,Analytics & Data,Cloud,1135019
A02418,AI & ML,Cloud,637210
A02418,Security,Hybrid,2330616
A02418,Applications,Hybrid,2949341
A02418,Integration,Hybrid,1220283
A02419,Infrastructure,On-Premise,2511684
A02419,Database,Cloud,846368
A02419,Analytics & Data,No Footprint,0
A02419,AI & ML,No Footprint,0
A02419,Security,Hybrid,1798657
A02419,Applications,No Footprint,0
A02419,Integration,Hybrid,247789
A02420,Infrastructure,No Footprint,0
A02420,Database,No Footprint,0
A02420,Analytics & Data,Hybrid,208655
A02420,AI & ML,No Footprint,0
A02420,Security,On-Premise,1090284
A02420,Applications,Cloud,1093554
A02420,Integration,Hybrid,744029
A02421,Infrastructure,Hybrid,580468
A02421,Database,No Footprint,0
A02421,Analytics & Data,Hybrid,1832076
A02421,AI & ML,Cloud,432528
A02421,Security,Hybrid,2204109
A02421,Applications,Cloud,295076
A02421,Integration,Cloud,1729465
A02422,Infrastructure,Hybrid,606620
A02422,Database,No Footprint,0
A02422,Analytics & Data,Hybrid,3450532
A02422,AI & ML,Cloud,655642
A02422,Security,Hybrid,1448758
A02422,Applications,Hybrid,1147842
A02422,Integration,Hybrid,1507933
A02423,Infrastructure,On-Premise,770045
A02423,Database,No Footprint,0
A02423,Analytics & Data,No Footprint,0
A02423,AI & ML,Cloud,1283515
A02423,Security,Cloud,887136
A02423,Applications,Hybrid,1731311
A02423,Integration,No Footprint,0
A02424,Infrastructure,On-Premise,1410538
A02424,Database,No Footprint,0
A02424,Analytics & Data,Cloud,856908
A02424,AI & ML,No Footprint,0
A02424,Security,On-Premise,2925172
A02424,Applications,On-Premise,406033
A02424,Integration,Cloud,206306
A02425,Infrastructure,No Footprint,0
A02425,Database,No Footprint,0
A02425,Analytics & Data,Cloud,913589
A02425,AI & ML,Cloud,4939498
A02425,Security,Cloud,590012
A02425,Applications,On-Premise,219391
A02425,Integration,No Footprint,0
A02426,Infrastructure,On-Premise,1770147
A02426,Database,Cloud,397801
A02426,Analytics & Data,Hybrid,2286448
A02426,AI & ML,Cloud,2420806
A02426,Security,Hybrid,1250864
A02426,Applications,Hybrid,942247
A02426,Integration,Cloud,305216
A02427,Infrastructure,On-Premise,769963
A02427,Database,Cloud,1134033
A02427,Analytics & Data,Cloud,480811
A02427,AI & ML,Cloud,1346671
A02427,Security,Cloud,423317
A02427,Applications,Hybrid,630073
A02427,Integration,Cloud,1365512
A02428,Infrastructure,Hybrid,260900
A02428,Database,No Footprint,0
A02428,Analytics & Data,No Footprint,0
A02428,AI & ML,Cloud,453393
A02428,Security,Cloud,173127
A02428,Applications,No Footprint,0
A02428,Integration,Hybrid,291229
A02429,Infrastructure,No Footprint,0
A02429,Database,Cloud,974695
A02429,Analytics & Data,Hybrid,580331
A02429,AI & ML,Cloud,1200460
A02429,Security,Hybrid,255595
A02429,Applications,Hybrid,574008
A02429,Integration,Cloud,1525711
A02430,Infrastructure,On-Premise,714937
A02430,Database,No Footprint,0
A02430,Analytics & Data,Hybrid,359061
A02430,AI & ML,No Footprint,0
A02430,Security,No Footprint,0
A02430,Applications,Cloud,1353778
A02430,Integration,No Footprint,0
A02431,Infrastructure,No Footprint,0
A02431,Database,Cloud,1086319
A02431,Analytics & Data,Cloud,435360
A02431,AI & ML,Cloud,559794
A02431,Security,Hybrid,2957144
A02431,Applications,No Footprint,0
A02431,Integration,No Footprint,0
A02432,Infrastructure,No Footprint,0
A02432,Database,Hybrid,2560471
A02432,Analytics & Data,Cloud,786603
A02432,AI & ML,Cloud,273092
A02432,Security,No Footprint,0
A02432,Applications,No Footprint,0
A02432,Integration,Hybrid,697554
A02433,Infrastructure,Hybrid,821495
A02433,Database,Hybrid,1140493
A02433,Analytics & Data,Cloud,724310
A02433,AI & ML,Cloud,739611
A02433,Security,On-Premise,483265
A02433,Applications,No Footprint,0
A02433,Integration,Cloud,278528
A02434,Infrastructure,Hybrid,537034
A02434,Database,Hybrid,857920
A02434,Analytics & Data,No Footprint,0
A02434,AI & ML,Cloud,1055255
A02434,Security,No Footprint,0
A02434,Applications,Hybrid,2032764
A02434,Integration,Cloud,3146244
A02435,Infrastructure,Hybrid,186362
A02435,Database,No Footprint,0
A02435,Analytics & Data,Cloud,789520
A02435,AI & ML,Cloud,176975
A02435,Security,Hybrid,423617
A02435,Applications,Cloud,2519519
A02435,Integration,No Footprint,0
A02436,Infrastructure,Hybrid,438117
A02436,Database,On-Premise,596108
A02436,Analytics & Data,Cloud,348910
A02436,AI & ML,No Footprint,0
A02436,Security,Hybrid,132023
A02436,Applications,Hybrid,1952549
A02436,Integration,No Footprint,0
A02437,Infrastructure,No Footprint,0
A02437,Database,No Footprint,0
A02437,Analytics & Data,No Footprint,0
A02437,AI & ML,No Footprint,0
A02437,Security,No Footprint,0
A02437,Applications,Hybrid,1271831
A02437,Integration,Cloud,887002
A02438,Infrastructure,Hybrid,398879
A02438,Database,Hybrid,2529059
A02438,Analytics & Data,No Footprint,0
A02438,AI & ML,No Footprint,0
A02438,Security,On-Premise,113298
A02438,Applications,Cloud,103325
A02438,Integration,Hybrid,888259
A02439,Infrastructure,Hybrid,1503367
A02439,Database,Cloud,475608
A02439,Analytics & Data,Hybrid,388292
A02439,AI & ML,Cloud,502674
A02439,Security,Hybrid,1291399
A02439,Applications,Hybrid,431219
A02439,Integration,Cloud,2818280
A02440,Infrastructure,Hybrid,621117
A02440,Database,No Footprint,0
A02440,Analytics & Data,Hybrid,777894
A02440,AI & ML,No Footprint,0
A02440,Security,Cloud,565720
A02440,Applications,Cloud,427410
A02440,Integration,No Footprint,0
A02441,Infrastructure,No Footprint,0
A02441,Database,On-Premise,1668349
A02441,Analytics & Data,No Footprint,0
A02441,AI & ML,Cloud,864901
A02441,Security,Hybrid,302109
A02441,Applications,On-Premise,546143
A02441,Integration,Cloud,402518
A02442,Infrastructure,On-Premise,586607
A02442,Database,Cloud,1410478
A02442,Analytics & Data,Hybrid,310503
A02442,AI & ML,Cloud,461789
A02442,Security,Cloud,546779
A02442,Applications,Hybrid,715247
A02442,Integration,Hybrid,166035
A02443,Infrastructure,No Footprint,0
A02443,Database,On-Premise,423353
A02443,Analytics & Data,Cloud,536287
A02443,AI & ML,Cloud,385219
A02443,Security,No Footprint,0
A02443,Applications,Cloud,162456
A02443,Integration,Hybrid,639102
A02444,Infrastructure,No Footprint,0
A02444,Database,Hybrid,1621149
A02444,Analytics & Data,Hybrid,481738
A02444,AI & ML,Cloud,2471655
A02444,Security,No Footprint,0
A02444,Applications,Hybrid,1605102
A02444,Integration,Hybrid,271868
A02445,Infrastructure,On-Premise,1296587
A02445,Database,On-Premise,622758
A02445,Analytics & Data,No Footprint,0
A02445,AI & ML,Cloud,648943
A02445,Security,Cloud,5040839
A02445,Applications,No Footprint,0
A02445,Integration,Cloud,746648
A02446,Infrastructure,On-Premise,322700
A02446,Database,On-Premise,720425
A02446,Analytics & Data,Hybrid,103197
A02446,AI & ML,Cloud,980835
A02446,Security,Hybrid,1206682
A02446,Applications,Hybrid,1316723
A02446,Integration,Cloud,214159
A02447,Infrastructure,No Footprint,0
A02447,Database,On-Premise,5276463
A02447,Analytics & Data,Cloud,1122568
A02447,AI & ML,Cloud,872338
A02447,Security,No Footprint,0
A02447,Applications,Cloud,1004104
A02447,Integration,Hybrid,779362
A02448,Infrastructure,No Footprint,0
A02448,Database,Hybrid,246056
A02448,Analytics & Data,Cloud,298871
A02448,AI & ML,No Footprint,0
A02448,Security,On-Premise,2063423
A02448,Applications,Cloud,390417
A02448,Integration,Cloud,2625532
A02449,Infrastructure,Cloud,655176
A02449,Database,Cloud,2844664
A02449,Analytics & Data,Cloud,1661840
A02449,AI & ML,Cloud,337984
A02449,Security,No Footprint,0
A02449,Applications,Hybrid,2070427
A02449,Integration,No Footprint,0
A02450,Infrastructure,No Footprint,0
A02450,Database,Hybrid,88858
A02450,Analytics & Data,No Footprint,0
A02450,AI & ML,No Footprint,0
A02450,Security,No Footprint,0
A02450,Applications,No Footprint,0
A02450,Integration,Cloud,959346
A02451,Infrastructure,Cloud,2431917
A02451,Database,On-Premise,1668405
A02451,Analytics & Data,Cloud,1183737
A02451,AI & ML,No Footprint,0
A02451,Security,On-Premise,887614
A02451,Applications,Cloud,1634343
A02451,Integration,Hybrid,1127582
A02452,Infrastructure,No Footprint,0
A02452,Database,No Footprint,0
A02452,Analytics & Data,Cloud,211693
A02452,AI & ML,No Footprint,0
A02452,Security,No Footprint,0
A02452,Applications,No Footprint,0
A02452,Integration,Cloud,4022054
A02453,Infrastructure,Hybrid,1093541
A02453,Database,On-Premise,2432915
A02453,Analytics & Data,No Footprint,0
A02453,AI & ML,Cloud,2459660
A02453,Security,Cloud,140369
A02453,Applications,Cloud,1846939
A02453,Integration,No Footprint,0
A02454,Infrastructure,No Footprint,0
A02454,Database,On-Premise,890917
A02454,Analytics & Data,Hybrid,333369
A02454,AI & ML,Cloud,141066
A02454,Security,On-Premise,468475
A02454,Applications,On-Premise,459739
A02454,Integration,Cloud,129177
A02455,Infrastructure,Hybrid,986002
A02455,Database,Cloud,440821
A02455,Analytics & Data,Cloud,112163
A02455,AI & ML,Cloud,1260759
A02455,Security,On-Premise,332614
A02455,Applications,No Footprint,0
A02455,Integration,Cloud,300290
A02456,Infrastructure,Hybrid,1620650
A02456,Database,On-Premise,627719
A02456,Analytics & Data,Hybrid,660603
A02456,AI & ML,No Footprint,0
A02456,Security,No Footprint,0
A02456,Applications,Hybrid,2267656
A02456,Integration,No Footprint,0
A02457,Infrastructure,Cloud,633547
A02457,Database,Cloud,346401
A02457,Analytics & Data,Cloud,1355970
A02457,AI & ML,Cloud,598020
A02457,Security,Hybrid,507980
A02457,Applications,Cloud,299335
A02457,Integration,No Footprint,0
A02458,Infrastructure,No Footprint,0
A02458,Database,Hybrid,296202
A02458,Analytics & Data,No Footprint,0
A02458,AI & ML,Cloud,636801
A02458,Security,On-Premise,193693
A02458,Applications,On-Premise,183866
A02458,Integration,Hybrid,889675
A02459,Infrastructure,On-Premise,1715681
A02459,Database,On-Premise,754497
A02459,Analytics & Data,No Footprint,0
A02459,AI & ML,Cloud,152220
A02459,Security,Hybrid,597900
A02459,Applications,No Footprint,0
A02459,Integration,Hybrid,1204585
A02460,Infrastructure,On-Premise,574107
A02460,Database,Cloud,434995
A02460,Analytics & Data,Hybrid,466335
A02460,AI & ML,Cloud,1015980
A02460,Security,Hybrid,548602
A02460,Applications,On-Premise,1950675
A02460,Integration,Hybrid,1381372
A02461,Infrastructure,Hybrid,528915
A02461,Database,No Footprint,0
A02461,Analytics & Data,No Footprint,0
A02461,AI & ML,Cloud,746492
A02461,Security,Hybrid,1466738
A02461,Applications,Hybrid,717298
A02461,Integration,Cloud,2081340
A02462,Infrastructure,No Footprint,0
A02462,Database,Hybrid,1193755
A02462,Analytics & Data,Hybrid,416325
A02462,AI & ML,Cloud,779538
A02462,Security,No Footprint,0
A02462,Applications,On-Premise,1441717
A02462,Integration,No Footprint,0
A02463,Infrastructure,No Footprint,0
A02463,Database,Cloud,617657
A02463,Analytics & Data,Cloud,443447
A02463,AI & ML,No Footprint,0
A02463,Security,No Footprint,0
A02463,Applications,Cloud,2673044
A02463,Integration,Hybrid,1085551
A02464,Infrastructure,On-Premise,577806
A02464,Database,Cloud,433436
A02464,Analytics & Data,Cloud,306581
A02464,AI & ML,No Footprint,0
A02464,Security,No Footprint,0
A02464,Applications,No Footprint,0
A02464,Integration,Cloud,754192
A02465,Infrastructure,No Footprint,0
A02465,Database,On-Premise,1879371
A02465,Analytics & Data,Hybrid,813593
A02465,AI & ML,Cloud,2074119
A02465,Security,On-Premise,2489364
A02465,Applications,Hybrid,896193
A02465,Integration,Hybrid,1121296
A02466,Infrastructure,On-Premise,293824
A02466,Database,No Footprint,0
A02466,Analytics & Data,Cloud,1759438
A02466,AI & ML,Cloud,666092
A02466,Security,Cloud,277861
A02466,Applications,No Footprint,0
A02466,Integration,Hybrid,1542250
A02467,Infrastructure,Cloud,927447
A02467,Database,On-Premise,657265
A02467,Analytics & Data,Cloud,347155
A02467,AI & ML,No Footprint,0
A02467,Security,No Footprint,0
A02467,Applications,On-Premise,244080
A02467,Integration,Cloud,267321
A02468,Infrastructure,Cloud,107258
A02468,Database,Hybrid,1732840
A02468,Analytics & Data,No Footprint,0
A02468,AI & ML,No Footprint,0
A02468,Security,Hybrid,580507
A02468,Applications,Hybrid,456138
A02468,Integration,Cloud,1679906
A02469,Infrastructure,Hybrid,647301
A02469,Database,On-Premise,2843875
A02469,Analytics & Data,Hybrid,6047866
A02469,AI & ML,Cloud,677198
A02469,Security,Hybrid,641448
A02469,Applications,On-Premise,3665517
A02469,Integration,Hybrid,1177527
A02470,Infrastructure,Cloud,247651
A02470,Database,No Footprint,0
A02470,Analytics & Data,Hybrid,141964
A02470,AI & ML,Cloud,1582482
A02470,Security,Hybrid,1019149
A02470,Applications,Cloud,713437
A02470,Integration,Cloud,413421
A02471,Infrastructure,Cloud,378571
A02471,Database,No Footprint,0
A02471,Analytics & Data,No Footprint,0
A02471,AI & ML,No Footprint,0
A02471,Security,Hybrid,362585
A02471,Applications,Cloud,830961
A02471,Integration,Cloud,876665
A02472,Infrastructure,Cloud,475171
A02472,Database,Cloud,1197266
A02472,Analytics & Data,Hybrid,182790
A02472,AI & ML,No Footprint,0
A02472,Security,Hybrid,1560540
A02472,Applications,No Footprint,0
A02472,Integration,Hybrid,450106
A02473,Infrastructure,No Footprint,0
A02473,Database,Cloud,660172
A02473,Analytics & Data,Hybrid,827344
A02473,AI & ML,Cloud,895140
A02473,Security,Cloud,1122854
A02473,Applications,On-Premise,886494
A02473,Integration,Cloud,1700960
A02474,Infrastructure,No Footprint,0
A02474,Database,No Footprint,0
A02474,Analytics & Data,No Footprint,0
A02474,AI & ML,Cloud,1018257
A02474,Security,No Footprint,0
A02474,Applications,Hybrid,271462
A02474,Integration,Hybrid,805873
A02475,Infrastructure,No Footprint,0
A02475,Database,No Footprint,0
A02475,Analytics & Data,Hybrid,587437
A02475,AI & ML,Cloud,2971999
A02475,Security,No Footprint,0
A02475,Applications,Hybrid,327347
A02475,Integration,Cloud,1672980
A02476,Infrastructure,On-Premise,1848092
A02476,Database,No Footprint,0
A02476,Analytics & Data,Hybrid,454662
A02476,AI & ML,No Footprint,0
A02476,Security,Hybrid,438408
A02476,Applications,Hybrid,1266854
A02476,Integration,Cloud,358535
A02477,Infrastructure,On-Premise,230776
A02477,Database,Hybrid,4527698
A02477,Analytics & Data,Cloud,859782
A02477,AI & ML,Cloud,1803949
A02477,Security,No Footprint,0
A02477,Applications,On-Premise,1643874
A02477,Integration,Cloud,503866
A02478,Infrastructure,On-Premise,731677
A02478,Database,No Footprint,0
A02478,Analytics & Data,Hybrid,387170
A02478,AI & ML,Cloud,257334
A02478,Security,On-Premise,307806
A02478,Applications,Cloud,547433
A02478,Integration,Hybrid,714261
A02479,Infrastructure,Cloud,1345596
A02479,Database,On-Premise,1107284
A02479,Analytics & Data,No Footprint,0
A02479,AI & ML,Cloud,304034
A02479,Security,Cloud,927884
A02479,Applications,No Footprint,0
A02479,Integration,Hybrid,1050916
A02480,Infrastructure,Cloud,949571
A02480,Database,Hybrid,443069
A02480,Analytics & Data,No Footprint,0
A02480,AI & ML,Cloud,1272993
A02480,Security,No Footprint,0
A02480,Applications,On-Premise,508538
A02480,Integration,Cloud,527427
A02481,Infrastructure,Cloud,917325
A02481,Database,Hybrid,543740
A02481,Analytics & Data,Hybrid,566923
A02481,AI & ML,No Footprint,0
A02481,Security,Cloud,349357
A02481,Applications,Hybrid,1091822
A02481,Integration,Cloud,561531
A02482,Infrastructure,Cloud,61960
A02482,Database,On-Premise,231512
A02482,Analytics & Data,No Footprint,0
A02482,AI & ML,No Footprint,0
A02482,Security,No Footprint,0
A02482,Applications,No Footprint,0
A02482,Integration,Hybrid,128989
A02483,Infrastructure,On-Premise,1165872
A02483,Database,Cloud,296637
A02483,Analytics & Data,Hybrid,2274287
A02483,AI & ML,Cloud,740947
A02483,Security,No Footprint,0
A02483,Applications,Hybrid,1580583
A02483,Integration,Cloud,345377
A02484,Infrastructure,Cloud,452425
A02484,Database,No Footprint,0
A02484,Analytics & Data,No Footprint,0
A02484,AI & ML,Cloud,497883
A02484,Security,On-Premise,816580
A02484,Applications,Cloud,972532
A02484,Integration,No Footprint,0
A02485,Infrastructure,No Footprint,0
A02485,Database,Hybrid,2074184
A02485,Analytics & Data,Hybrid,575060
A02485,AI & ML,No Footprint,0
A02485,Security,Hybrid,1102028
A02485,Applications,On-Premise,812073
A02485,Integration,Cloud,1936262
A02486,Infrastructure,No Footprint,0
A02486,Database,No Footprint,0
A02486,Analytics & Data,Hybrid,1440047
A02486,AI & ML,Cloud,522812
A02486,Security,Cloud,188419
A02486,Applications,On-Premise,736211
A02486,Integration,Hybrid,205539
A02487,Infrastructure,Cloud,1542658
A02487,Database,Hybrid,2535653
A02487,Analytics & Data,Cloud,769254
A02487,AI & ML,No Footprint,0
A02487,Security,On-Premise,6257541
A02487,Applications,On-Premise,1361187
A02487,Integration,No Footprint,0
A02488,Infrastructure,No Footprint,0
A02488,Database,Cloud,355598
A02488,Analytics & Data,Hybrid,553410
A02488,AI & ML,No Footprint,0
A02488,Security,On-Premise,370821
A02488,Applications,No Footprint,0
A02488,Integration,Cloud,561873
A02489,Infrastructure,Cloud,252909
A02489,Database,Hybrid,10579316
A02489,Analytics & Data,No Footprint,0
A02489,AI & ML,No Footprint,0
A02489,Security,Hybrid,1098030
A02489,Applications,Hybrid,2323943
A02489,Integration,No Footprint,0
A02490,Infrastructure,No Footprint,0
A02490,Database,Hybrid,360204
A02490,Analytics & Data,Hybrid,337101
A02490,AI & ML,No Footprint,0
A02490,Security,Hybrid,441121
A02490,Applications,Cloud,663337
A02490,Integration,No Footprint,0
A02491,Infrastructure,On-Premise,750564
A02491,Database,No Footprint,0
A02491,Analytics & Data,Hybrid,1352848
A02491,AI & ML,Cloud,1071848
A02491,Security,On-Premise,514503
A02491,Applications,On-Premise,315561
A02491,Integration,No Footprint,0
A02492,Infrastructure,Hybrid,1262628
A02492,Database,Cloud,3619457
A02492,Analytics & Data,Cloud,2072087
A02492,AI & ML,Cloud,766874
A02492,Security,Cloud,1917241
A02492,Applications,Hybrid,592430
A02492,Integration,No Footprint,0
A02493,Infrastructure,On-Premise,438528
A02493,Database,No Footprint,0
A02493,Analytics & Data,Hybrid,2178862
A02493,AI & ML,Cloud,2364133
A02493,Security,Hybrid,321218
A02493,Applications,Cloud,420110
A02493,Integration,No Footprint,0
A02494,Infrastructure,No Footprint,0
A02494,Database,No Footprint,0
A02494,Analytics & Data,Hybrid,275510
A02494,AI & ML,No Footprint,0
A02494,Security,No Footprint,0
A02494,Applications,On-Premise,2233824
A02494,Integration,No Footprint,0
A02495,Infrastructure,No Footprint,0
A02495,Database,On-Premise,1597166
A02495,Analytics & Data,Cloud,231855
A02495,AI & ML,Cloud,1487565
A02495,Security,No Footprint,0
A02495,Applications,Cloud,621234
A02495,Integration,Cloud,243446
A02496,Infrastructure,Hybrid,1038712
A02496,Database,No Footprint,0
A02496,Analytics & Data,No Footprint,0
A02496,AI & ML,Cloud,1760137
A02496,Security,Cloud,774374
A02496,Applications,Cloud,497638
A02496,Integration,Hybrid,162753
A02497,Infrastructure,No Footprint,0
A02497,Database,On-Premise,881118
A02497,Analytics & Data,Hybrid,524504
A02497,AI & ML,No Footprint,0
A02497,Security,No Footprint,0
A02497,Applications,On-Premise,1125791
A02497,Integration,Hybrid,840794
A02498,Infrastructure,On-Premise,4110161
A02498,Database,Cloud,725232
A02498,Analytics & Data,Cloud,319245
A02498,AI & ML,Cloud,810498
A02498,Security,Hybrid,433442
A02498,Applications,Cloud,2201749
A02498,Integration,Hybrid,119180
A02499,Infrastructure,On-Premise,684370
A02499,Database,On-Premise,520069
A02499,Analytics & Data,Hybrid,851310
A02499,AI & ML,No Footprint,0
A02499,Security,On-Premise,401036
A02499,Applications,No Footprint,0
A02499,Integration,No Footprint,0
A02500,Infrastructure,On-Premise,595861
A02500,Database,Cloud,1105229
A02500,Analytics & Data,Cloud,2018118
A02500,AI & ML,Cloud,273628
A02500,Security,No Footprint,0
A02500,Applications,On-Premise,567694
A02500,Integration,Cloud,376251
A02501,Infrastructure,On-Premise,2934295
A02501,Database,Cloud,783065
A02501,Analytics & Data,Cloud,602022
A02501,AI & ML,Cloud,1741663
A02501,Security,No Footprint,0
A02501,Applications,On-Premise,390087
A02501,Integration,No Footprint,0
A02502,Infrastructure,Cloud,2272224
A02502,Database,Hybrid,624942
A02502,Analytics & Data,Cloud,545133
A02502,AI & ML,Cloud,1843359
A02502,Security,Hybrid,5614671
A02502,Applications,Hybrid,1544114
A02502,Integration,Hybrid,750201
A02503,Infrastructure,On-Premise,591699
A02503,Database,Hybrid,123253
A02503,Analytics & Data,No Footprint,0
A02503,AI & ML,No Footprint,0
A02503,Security,No Footprint,0
A02503,Applications,Cloud,416279
A02503,Integration,No Footprint,0
A02504,Infrastructure,No Footprint,0
A02504,Database,No Footprint,0
A02504,Analytics & Data,Hybrid,745590
A02504,AI & ML,Cloud,1628175
A02504,Security,No Footprint,0
A02504,Applications,Cloud,328683
A02504,Integration,Cloud,785534
A02505,Infrastructure,On-Premise,189378
A02505,Database,On-Premise,581459
A02505,Analytics & Data,No Footprint,0
A02505,AI & ML,Cloud,328165
A02505,Security,No Footprint,0
A02505,Applications,Hybrid,805840
A02505,Integration,No Footprint,0
A02506,Infrastructure,Hybrid,1171983
A02506,Database,Cloud,921928
A02506,Analytics & Data,Cloud,142029
A02506,AI & ML,Cloud,141775
A02506,Security,On-Premise,235111
A02506,Applications,Hybrid,2656725
A02506,Integration,No Footprint,0
A02507,Infrastructure,Hybrid,228694
A02507,Database,On-Premise,1973634
A02507,Analytics & Data,Hybrid,406113
A02507,AI & ML,No Footprint,0
A02507,Security,No Footprint,0
A02507,Applications,No Footprint,0
A02507,Integration,No Footprint,0
A02508,Infrastructure,Hybrid,377903
A02508,Database,No Footprint,0
A02508,Analytics & Data,Cloud,1045694
A02508,AI & ML,Cloud,535923
A02508,Security,Cloud,352975
A02508,Applications,Cloud,1452365
A02508,Integration,No Footprint,0
A02509,Infrastructure,On-Premise,2010632
A02509,Database,No Footprint,0
A02509,Analytics & Data,No Footprint,0
A02509,AI & ML,No Footprint,0
A02509,Security,Cloud,648054
A02509,Applications,On-Premise,1346561
A02509,Integration,Cloud,479918
A02510,Infrastructure,No Footprint,0
A02510,Database,On-Premise,2218474
A02510,Analytics & Data,Cloud,361521
A02510,AI & ML,Cloud,971568
A02510,Security,On-Premise,407523
A02510,Applications,On-Premise,234791
A02510,Integration,Cloud,2419338
A02511,Infrastructure,Hybrid,410359
A02511,Database,On-Premise,2523141
A02511,Analytics & Data,No Footprint,0
A02511,AI & ML,Cloud,2252429
A02511,Security,No Footprint,0
A02511,Applications,No Footprint,0
A02511,Integration,Cloud,222329
A02512,Infrastructure,On-Premise,2892297
A02512,Database,No Footprint,0
A02512,Analytics & Data,No Footprint,0
A02512,AI & ML,Cloud,416045
A02512,Security,No Footprint,0
A02512,Applications,Hybrid,2044395
A02512,Integration,Hybrid,432161
A02513,Infrastructure,Cloud,526770
A02513,Database,Cloud,498523
A02513,Analytics & Data,Cloud,858257
A02513,AI & ML,Cloud,519076
A02513,Security,No Footprint,0
A02513,Applications,On-Premise,2942027
A02513,Integration,Cloud,393133
A02514,Infrastructure,On-Premise,485924
A02514,Database,Cloud,1923572
A02514,Analytics & Data,Hybrid,267322
A02514,AI & ML,Cloud,1734622
A02514,Security,Cloud,405618
A02514,Applications,On-Premise,1482438
A02514,Integration,Cloud,2207704
A02515,Infrastructure,No Footprint,0
A02515,Database,Cloud,600771
A02515,Analytics & Data,Hybrid,1093788
A02515,AI & ML,No Footprint,0
A02515,Security,Hybrid,308845
A02515,Applications,Hybrid,2474764
A02515,Integration,Cloud,4526632
A02516,Infrastructure,On-Premise,832737
A02516,Database,Cloud,991795
A02516,Analytics & Data,Hybrid,280320
A02516,AI & ML,Cloud,1405073
A02516,Security,No Footprint,0
A02516,Applications,Hybrid,107233
A02516,Integration,Hybrid,1137097
A02517,Infrastructure,Hybrid,457256
A02517,Database,No Footprint,0
A02517,Analytics & Data,Cloud,343795
A02517,AI & ML,Cloud,826933
A02517,Security,Cloud,250654
A02517,Applications,On-Premise,2135514
A02517,Integration,Hybrid,1032956
A02518,Infrastructure,Cloud,855481
A02518,Database,On-Premise,1697286
A02518,Analytics & Data,Cloud,511128
A02518,AI & ML,Cloud,989968
A02518,Security,Hybrid,369165
A02518,Applications,Hybrid,1648309
A02518,Integration,Cloud,174909
A02519,Infrastructure,On-Premise,1038252
A02519,Database,Hybrid,619789
A02519,Analytics & Data,No Footprint,0
A02519,AI & ML,Cloud,230271
A02519,Security,Cloud,2087740
A02519,Applications,No Footprint,0
A02519,Integration,Hybrid,537739
A02520,Infrastructure,No Footprint,0
A02520,Database,Cloud,273953
A02520,Analytics & Data,Hybrid,746863
A02520,AI & ML,Cloud,718413
A02520,Security,No Footprint,0
A02520,Applications,No Footprint,0
A02520,Integration,Hybrid,791767
A02521,Infrastructure,No Footprint,0
A02521,Database,No Footprint,0
A02521,Analytics & Data,Cloud,855533
A02521,AI & ML,Cloud,455444
A02521,Security,Hybrid,342147
A02521,Applications,On-Premise,352236
A02521,Integration,No Footprint,0
A02522,Infrastructure,Cloud,353891
A02522,Database,No Footprint,0
A02522,Analytics & Data,Cloud,1128371
A02522,AI & ML,Cloud,200308
A02522,Security,No Footprint,0
A02522,Applications,On-Premise,1630129
A02522,Integration,No Footprint,0
A02523,Infrastructure,Hybrid,3140959
A02523,Database,No Footprint,0
A02523,Analytics & Data,Hybrid,1516876
A02523,AI & ML,No Footprint,0
A02523,Security,On-Premise,559490
A02523,Applications,On-Premise,617261
A02523,Integration,Hybrid,1408101
A02524,Infrastructure,Cloud,377381
A02524,Database,Cloud,690773
A02524,Analytics & Data,No Footprint,0
A02524,AI & ML,Cloud,2295775
A02524,Security,Cloud,661717
A02524,Applications,Cloud,869997
A02524,Integration,Cloud,424216
A02525,Infrastructure,No Footprint,0
A02525,Database,No Footprint,0
A02525,Analytics & Data,Cloud,259593
A02525,AI & ML,No Footprint,0
A02525,Security,Hybrid,862634
A02525,Applications,On-Premise,2126554
A02525,Integration,Cloud,123257
A02526,Infrastructure,On-Premise,302509
A02526,Database,Hybrid,981083
A02526,Analytics & Data,Hybrid,640479
A02526,AI & ML,Cloud,1230993
A02526,Security,On-Premise,2180668
A02526,Applications,Cloud,1099570
A02526,Integration,Cloud,1352180
A02527,Infrastructure,No Footprint,0
A02527,Database,On-Premise,337903
A02527,Analytics & Data,No Footprint,0
A02527,AI & ML,No Footprint,0
A02527,Security,On-Premise,260968
A02527,Applications,On-Premise,3206449
A02527,Integration,Hybrid,713154
A02528,Infrastructure,On-Premise,345960
A02528,Database,Cloud,1203521
A02528,Analytics & Data,Cloud,1288350
A02528,AI & ML,Cloud,955128
A02528,Security,No Footprint,0
A02528,Applications,On-Premise,1177260
A02528,Integration,Hybrid,1839543
A02529,Infrastructure,On-Premise,1335040
A02529,Database,On-Premise,1023460
A02529,Analytics & Data,No Footprint,0
A02529,AI & ML,Cloud,661563
A02529,Security,On-Premise,3356654
A02529,Applications,Hybrid,1192248
A02529,Integration,No Footprint,0
A02530,Infrastructure,On-Premise,1946974
A02530,Database,Cloud,990828
A02530,Analytics & Data,Cloud,2207022
A02530,AI & ML,No Footprint,0
A02530,Security,No Footprint,0
A02530,Applications,No Footprint,0
A02530,Integration,Cloud,585388
A02531,Infrastructure,Cloud,2014904
A02531,Database,No Footprint,0
A02531,Analytics & Data,Cloud,259836
A02531,AI & ML,Cloud,4750511
A02531,Security,On-Premise,715541
A02531,Applications,No Footprint,0
A02531,Integration,Hybrid,970359
A02532,Infrastructure,No Footprint,0
A02532,Database,Cloud,1122327
A02532,Analytics & Data,Cloud,229885
A02532,AI & ML,Cloud,469717
A02532,Security,Hybrid,284206
A02532,Applications,Hybrid,4918041
A02532,Integration,Hybrid,1491533
A02533,Infrastructure,No Footprint,0
A02533,Database,No Footprint,0
A02533,Analytics & Data,Cloud,2212417
A02533,AI & ML,Cloud,3119551
A02533,Security,Cloud,1081905
A02533,Applications,Cloud,1738085
A02533,Integration,No Footprint,0
A02534,Infrastructure,No Footprint,0
A02534,Database,Hybrid,475891
A02534,Analytics & Data,No Footprint,0
A02534,AI & ML,Cloud,685431
A02534,Security,Cloud,1383882
A02534,Applications,On-Premise,689059
A02534,Integration,Cloud,490603
A02535,Infrastructure,On-Premise,1698796
A02535,Database,On-Premise,403348
A02535,Analytics & Data,No Footprint,0
A02535,AI & ML,No Footprint,0
A02535,Security,On-Premise,398059
A02535,Applications,On-Premise,347501
A02535,Integration,No Footprint,0
A02536,Infrastructure,Cloud,282486
A02536,Database,On-Premise,1877075
A02536,Analytics & Data,No Footprint,0
A02536,AI & ML,No Footprint,0
A02536,Security,No Footprint,0
A02536,Applications,Hybrid,2650217
A02536,Integration,Cloud,579853
A02537,Infrastructure,Cloud,316758
A02537,Database,Hybrid,184371
A02537,Analytics & Data,Hybrid,2061321
A02537,AI & ML,Cloud,1395306
A02537,Security,On-Premise,3568491
A02537,Applications,Hybrid,343084
A02537,Integration,No Footprint,0
A02538,Infrastructure,On-Premise,1191087
A02538,Database,No Footprint,0
A02538,Analytics & Data,Hybrid,843472
A02538,AI & ML,No Footprint,0
A02538,Security,Hybrid,178258
A02538,Applications,On-Premise,1088572
A02538,Integration,Cloud,1242047
A02539,Infrastructure,On-Premise,256272
A02539,Database,Cloud,310048
A02539,Analytics & Data,Cloud,437057
A02539,AI & ML,Cloud,397209
A02539,Security,On-Premise,416523
A02539,Applications,On-Premise,1612066
A02539,Integration,No Footprint,0
A02540,Infrastructure,No Footprint,0
A02540,Database,On-Premise,841371
A02540,Analytics & Data,Hybrid,945697
A02540,AI & ML,No Footprint,0
A02540,Security,Hybrid,670999
A02540,Applications,Cloud,1284293
A02540,Integration,Hybrid,1230215
A02541,Infrastructure,On-Premise,493075
A02541,Database,Cloud,262474
A02541,Analytics & Data,Cloud,1001140
A02541,AI & ML,No Footprint,0
A02541,Security,Cloud,301467
A02541,Applications,Cloud,1174556
A02541,Integration,Hybrid,315338
A02542,Infrastructure,Hybrid,1248443
A02542,Database,Hybrid,333202
A02542,Analytics & Data,Hybrid,1909293
A02542,AI & ML,Cloud,332164
A02542,Security,Hybrid,461646
A02542,Applications,On-Premise,648439
A02542,Integration,No Footprint,0
A02543,Infrastructure,Cloud,679974
A02543,Database,No Footprint,0
A02543,Analytics & Data,Hybrid,1003761
A02543,AI & ML,No Footprint,0
A02543,Security,No Footprint,0
A02543,Applications,Hybrid,476105
A02543,Integration,Hybrid,2650774
A02544,Infrastructure,Cloud,420642
A02544,Database,On-Premise,681862
A02544,Analytics & Data,No Footprint,0
A02544,AI & ML,No Footprint,0
A02544,Security,Hybrid,1381451
A02544,Applications,Hybrid,990784
A02544,Integration,No Footprint,0
A02545,Infrastructure,Hybrid,204420
A02545,Database,No Footprint,0
A02545,Analytics & Data,No Footprint,0
A02545,AI & ML,Cloud,867375
A02545,Security,Hybrid,1229614
A02545,Applications,Cloud,327160
A02545,Integration,No Footprint,0
A02546,Infrastructure,Cloud,747950
A02546,Database,Cloud,751605
A02546,Analytics & Data,No Footprint,0
A02546,AI & ML,No Footprint,0
A02546,Security,On-Premise,121220
A02546,Applications,On-Premise,347855
A02546,Integration,Cloud,166211
A02547,Infrastructure,On-Premise,949422
A02547,Database,On-Premise,3053814
A02547,Analytics & Data,No Footprint,0
A02547,AI & ML,Cloud,2804440
A02547,Security,Hybrid,324981
A02547,Applications,Cloud,1491714
A02547,Integration,Hybrid,1928583
A02548,Infrastructure,Cloud,1267400
A02548,Database,No Footprint,0
A02548,Analytics & Data,No Footprint,0
A02548,AI & ML,Cloud,391081
A02548,Security,Cloud,2042734
A02548,Applications,On-Premise,100889
A02548,Integration,Hybrid,690777
A02549,Infrastructure,No Footprint,0
A02549,Database,On-Premise,406680
A02549,Analytics & Data,Hybrid,744447
A02549,AI & ML,Cloud,236300
A02549,Security,On-Premise,163583
A02549,Applications,No Footprint,0
A02549,Integration,Cloud,1646354
A02550,Infrastructure,Cloud,716844
A02550,Database,On-Premise,212431
A02550,Analytics & Data,Hybrid,1796854
A02550,AI & ML,No Footprint,0
A02550,Security,Cloud,1076413
A02550,Applications,Hybrid,1742301
A02550,Integration,Hybrid,2424955
A02551,Infrastructure,No Footprint,0
A02551,Database,On-Premise,303125
A02551,Analytics & Data,Cloud,252472
A02551,AI & ML,Cloud,316305
A02551,Security,On-Premise,1313457
A02551,Applications,No Footprint,0
A02551,Integration,Hybrid,341649
A02552,Infrastructure,Hybrid,638851
A02552,Database,Cloud,544788
A02552,Analytics & Data,Hybrid,562184
A02552,AI & ML,No Footprint,0
A02552,Security,No Footprint,0
A02552,Applications,No Footprint,0
A02552,Integration,Cloud,593465
A02553,Infrastructure,No Footprint,0
A02553,Database,Cloud,1841581
A02553,Analytics & Data,No Footprint,0
A02553,AI & ML,Cloud,755582
A02553,Security,Hybrid,1082365
A02553,Applications,On-Premise,416177
A02553,Integration,Hybrid,656111
A02554,Infrastructure,On-Premise,409600
A02554,Database,Hybrid,994247
A02554,Analytics & Data,No Footprint,0
A02554,AI & ML,Cloud,2390125
A02554,Security,Cloud,941448
A02554,Applications,On-Premise,1305839
A02554,Integration,No Footprint,0
A02555,Infrastructure,Hybrid,822917
A02555,Database,Cloud,986516
A02555,Analytics & Data,Hybrid,520219
A02555,AI & ML,No Footprint,0
A02555,Security,No Footprint,0
A02555,Applications,Cloud,912180
A02555,Integration,Cloud,789054
A02556,Infrastructure,No Footprint,0
A02556,Database,Hybrid,3201840
A02556,Analytics & Data,No Footprint,0
A02556,AI & ML,No Footprint,0
A02556,Security,No Footprint,0
A02556,Applications,No Footprint,0
A02556,Integration,Cloud,434690
A02557,Infrastructure,Hybrid,1215224
A02557,Database,Cloud,726540
A02557,Analytics & Data,Hybrid,145376
A02557,AI & ML,Cloud,742077
A02557,Security,Cloud,631036
A02557,Applications,Hybrid,497271
A02557,Integration,Hybrid,301635
A02558,Infrastructure,No Footprint,0
A02558,Database,Cloud,941419
A02558,Analytics & Data,Hybrid,272873
A02558,AI & ML,Cloud,1266085
A02558,Security,No Footprint,0
A02558,Applications,Hybrid,292231
A02558,Integration,Hybrid,2367573
A02559,Infrastructure,On-Premise,612823
A02559,Database,On-Premise,2679830
A02559,Analytics & Data,Hybrid,1267270
A02559,AI & ML,Cloud,372007
A02559,Security,Cloud,3248631
A02559,Applications,Hybrid,1043642
A02559,Integration,No Footprint,0
A02560,Infrastructure,Cloud,3305696
A02560,Database,Hybrid,1241453
A02560,Analytics & Data,Hybrid,573365
A02560,AI & ML,No Footprint,0
A02560,Security,Hybrid,463001
A02560,Applications,On-Premise,7315962
A02560,Integration,Cloud,490683
A02561,Infrastructure,Cloud,3992204
A02561,Database,On-Premise,493800
A02561,Analytics & Data,Hybrid,2075726
A02561,AI & ML,Cloud,550523
A02561,Security,Cloud,816826
A02561,Applications,Hybrid,231891
A02561,Integration,Cloud,512677
A02562,Infrastructure,On-Premise,1097185
A02562,Database,No Footprint,0
A02562,Analytics & Data,No Footprint,0
A02562,AI & ML,Cloud,869587
A02562,Security,On-Premise,2188651
A02562,Applications,On-Premise,838159
A02562,Integration,No Footprint,0
A02563,Infrastructure,Hybrid,1088824
A02563,Database,Cloud,402968
A02563,Analytics & Data,Hybrid,7151653
A02563,AI & ML,No Footprint,0
A02563,Security,Hybrid,464024
A02563,Applications,On-Premise,201354
A02563,Integration,Hybrid,480417
A02564,Infrastructure,Cloud,2531800
A02564,Database,Cloud,624757
A02564,Analytics & Data,No Footprint,0
A02564,AI & ML,Cloud,890023
A02564,Security,Hybrid,1212729
A02564,Applications,Hybrid,434349
A02564,Integration,Cloud,801794
A02565,Infrastructure,Hybrid,567133
A02565,Database,No Footprint,0
A02565,Analytics & Data,No Footprint,0
A02565,AI & ML,No Footprint,0
A02565,Security,On-Premise,608928
A02565,Applications,Cloud,297531
A02565,Integration,Cloud,795183
A02566,Infrastructure,No Footprint,0
A02566,Database,Cloud,2870284
A02566,Analytics & Data,Cloud,1965469
A02566,AI & ML,No Footprint,0
A02566,Security,On-Premise,1532743
A02566,Applications,Cloud,1516892
A02566,Integration,No Footprint,0
A02567,Infrastructure,Hybrid,695855
A02567,Database,On-Premise,954999
A02567,Analytics & Data,Cloud,915877
A02567,AI & ML,Cloud,343118
A02567,Security,Cloud,887452
A02567,Applications,On-Premise,950841
A02567,Integration,Hybrid,458601
A02568,Infrastructure,Hybrid,492256
A02568,Database,Cloud,2477747
A02568,Analytics & Data,Cloud,2446067
A02568,AI & ML,Cloud,1090083
A02568,Security,No Footprint,0
A02568,Applications,Hybrid,395637
A02568,Integration,Hybrid,452642
A02569,Infrastructure,On-Premise,1053855
A02569,Database,On-Premise,80132
A02569,Analytics & Data,No Footprint,0
A02569,AI & ML,Cloud,542224
A02569,Security,No Footprint,0
A02569,Applications,Hybrid,815890
A02569,Integration,No Footprint,0
A02570,Infrastructure,Hybrid,153979
A02570,Database,Cloud,738163
A02570,Analytics & Data,Hybrid,2454519
A02570,AI & ML,Cloud,652992
A02570,Security,Cloud,2035355
A02570,Applications,No Footprint,0
A02570,Integration,Cloud,1466073
A02571,Infrastructure,Cloud,813019
A02571,Database,No Footprint,0
A02571,Analytics & Data,Cloud,2943580
A02571,AI & ML,No Footprint,0
A02571,Security,Hybrid,125579
A02571,Applications,Hybrid,6077141
A02571,Integration,Hybrid,792938
A02572,Infrastructure,No Footprint,0
A02572,Database,Hybrid,1364557
A02572,Analytics & Data,Hybrid,1092614
A02572,AI & ML,Cloud,1062677
A02572,Security,Hybrid,2741074
A02572,Applications,No Footprint,0
A02572,Integration,Cloud,127846
A02573,Infrastructure,Cloud,191580
A02573,Database,On-Premise,279822
A02573,Analytics & Data,No Footprint,0
A02573,AI & ML,No Footprint,0
A02573,Security,No Footprint,0
A02573,Applications,Hybrid,267339
A02573,Integration,Cloud,497813
A02574,Infrastructure,Cloud,127700
A02574,Database,On-Premise,1725651
A02574,Analytics & Data,Hybrid,1220486
A02574,AI & ML,No Footprint,0
A02574,Security,Hybrid,2389855
A02574,Applications,No Footprint,0
A02574,Integration,Cloud,4022802
A02575,Infrastructure,On-Premise,1743352
A02575,Database,No Footprint,0
A02575,Analytics & Data,No Footprint,0
A02575,AI & ML,Cloud,795515
A02575,Security,Cloud,295164
A02575,Applications,Hybrid,586354
A02575,Integration,Hybrid,725253
A02576,Infrastructure,Hybrid,1681873
A02576,Database,Hybrid,1714884
A02576,Analytics & Data,Cloud,285257
A02576,AI & ML,Cloud,936563
A02576,Security,On-Premise,798054
A02576,Applications,Hybrid,1133973
A02576,Integration,Hybrid,3464073
A02577,Infrastructure,Cloud,305432
A02577,Database,On-Premise,3234637
A02577,Analytics & Data,Hybrid,2660762
A02577,AI & ML,No Footprint,0
A02577,Security,Cloud,302208
A02577,Applications,Hybrid,476958
A02577,Integration,Hybrid,385499
A02578,Infrastructure,Cloud,611428
A02578,Database,On-Premise,194621
A02578,Analytics & Data,Hybrid,1545591
A02578,AI & ML,No Footprint,0
A02578,Security,No Footprint,0
A02578,Applications,No Footprint,0
A02578,Integration,Hybrid,978178
A02579,Infrastructure,Hybrid,312620
A02579,Database,No Footprint,0
A02579,Analytics & Data,Cloud,272284
A02579,AI & ML,No Footprint,0
A02579,Security,Cloud,352845
A02579,Applications,Hybrid,1607346
A02579,Integration,No Footprint,0
A02580,Infrastructure,No Footprint,0
A02580,Database,No Footprint,0
A02580,Analytics & Data,Cloud,1617641
A02580,AI & ML,Cloud,368297
A02580,Security,Cloud,731198
A02580,Applications,Cloud,239347
A02580,Integration,Hybrid,2005772
A02581,Infrastructure,Cloud,762543
A02581,Database,No Footprint,0
A02581,Analytics & Data,Cloud,795823
A02581,AI & ML,Cloud,423518
A02581,Security,On-Premise,1406744
A02581,Applications,No Footprint,0
A02581,Integration,No Footprint,0
A02582,Infrastructure,Hybrid,244392
A02582,Database,On-Premise,1431855
A02582,Analytics & Data,No Footprint,0
A02582,AI & ML,Cloud,385104
A02582,Security,No Footprint,0
A02582,Applications,Hybrid,1212192
A02582,Integration,Cloud,156917
A02583,Infrastructure,No Footprint,0
A02583,Database,Cloud,1565524
A02583,Analytics & Data,Hybrid,1711003
A02583,AI & ML,No Footprint,0
A02583,Security,No Footprint,0
A02583,Applications,Hybrid,3304548
A02583,Integration,Cloud,216738
A02584,Infrastructure,Hybrid,528292
A02584,Database,Hybrid,940045
A02584,Analytics & Data,Cloud,749575
A02584,AI & ML,Cloud,530630
A02584,Security,Hybrid,614309
A02584,Applications,On-Premise,746881
A02584,Integration,Hybrid,1376292
A02585,Infrastructure,Cloud,1289043
A02585,Database,Cloud,6961928
A02585,Analytics & Data,Cloud,1847617
A02585,AI & ML,Cloud,758994
A02585,Security,Hybrid,2008559
A02585,Applications,No Footprint,0
A02585,Integration,Cloud,2006568
A02586,Infrastructure,On-Premise,435984
A02586,Database,Cloud,887623
A02586,Analytics & Data,No Footprint,0
A02586,AI & ML,Cloud,348477
A02586,Security,No Footprint,0
A02586,Applications,Cloud,875438
A02586,Integration,Cloud,389614
A02587,Infrastructure,Cloud,493361
A02587,Database,On-Premise,1952135
A02587,Analytics & Data,Cloud,82734
A02587,AI & ML,Cloud,1817380
A02587,Security,Cloud,2610148
A02587,Applications,No Footprint,0
A02587,Integration,Cloud,199272
A02588,Infrastructure,Hybrid,1686165
A02588,Database,Hybrid,1196369
A02588,Analytics & Data,No Footprint,0
A02588,AI & ML,Cloud,720468
A02588,Security,Cloud,3239964
A02588,Applications,On-Premise,3428340
A02588,Integration,Hybrid,433172
A02589,Infrastructure,Cloud,1135724
A02589,Database,On-Premise,376314
A02589,Analytics & Data,Hybrid,1162346
A02589,AI & ML,Cloud,2670774
A02589,Security,On-Premise,792414
A02589,Applications,No Footprint,0
A02589,Integration,Hybrid,1323103
A02590,Infrastructure,On-Premise,1711445
A02590,Database,On-Premise,2889193
A02590,Analytics & Data,No Footprint,0
A02590,AI & ML,No Footprint,0
A02590,Security,No Footprint,0
A02590,Applications,No Footprint,0
A02590,Integration,No Footprint,0
A02591,Infrastructure,No Footprint,0
A02591,Database,On-Premise,597194
A02591,Analytics & Data,Hybrid,805162
A02591,AI & ML,Cloud,1085134
A02591,Security,Hybrid,231076
A02591,Applications,No Footprint,0
A02591,Integration,Cloud,1062471
A02592,Infrastructure,No Footprint,0
A02592,Database,Hybrid,6496971
A02592,Analytics & Data,Hybrid,267375
A02592,AI & ML,No Footprint,0
A02592,Security,Cloud,2724022
A02592,Applications,No Footprint,0
A02592,Integration,No Footprint,0
A02593,Infrastructure,Hybrid,1426883
A02593,Database,Cloud,378058
A02593,Analytics & Data,Hybrid,535223
A02593,AI & ML,Cloud,1353940
A02593,Security,No Footprint,0
A02593,Applications,On-Premise,1072200
A02593,Integration,Hybrid,1698703
A02594,Infrastructure,No Footprint,0
A02594,Database,Hybrid,608857
A02594,Analytics & Data,Cloud,1520929
A02594,AI & ML,No Footprint,0
A02594,Security,Hybrid,428150
A02594,Applications,No Footprint,0
A02594,Integration,No Footprint,0
A02595,Infrastructure,On-Premise,702953
A02595,Database,No Footprint,0
A02595,Analytics & Data,Hybrid,1090123
A02595,AI & ML,No Footprint,0
A02595,Security,Hybrid,904922
A02595,Applications,Cloud,637503
A02595,Integration,Hybrid,5060145
A02596,Infrastructure,No Footprint,0
A02596,Database,No Footprint,0
A02596,Analytics & Data,No Footprint,0
A02596,AI & ML,Cloud,1012201
A02596,Security,Hybrid,614128
A02596,Applications,On-Premise,593531
A02596,Integration,Hybrid,944742
A02597,Infrastructure,Hybrid,1009730
A02597,Database,On-Premise,965274
A02597,Analytics & Data,No Footprint,0
A02597,AI & ML,No Footprint,0
A02597,Security,On-Premise,3268083
A02597,Applications,Hybrid,603538
A02597,Integration,No Footprint,0
A02598,Infrastructure,Cloud,1112676
A02598,Database,Hybrid,166322
A02598,Analytics & Data,Hybrid,1131956
A02598,AI & ML,No Footprint,0
A02598,Security,On-Premise,1714809
A02598,Applications,No Footprint,0
A02598,Integration,No Footprint,0
A02599,Infrastructure,Cloud,143437
A02599,Database,No Footprint,0
A02599,Analytics & Data,Cloud,317964
A02599,AI & ML,Cloud,553505
A02599,Security,On-Premise,571769
A02599,Applications,On-Premise,959446
A02599,Integration,No Footprint,0
A02600,Infrastructure,On-Premise,2077545
A02600,Database,Cloud,318655
A02600,Analytics & Data,No Footprint,0
A02600,AI & ML,Cloud,2200086
A02600,Security,No Footprint,0
A02600,Applications,No Footprint,0
A02600,Integration,Hybrid,696395
A02601,Infrastructure,Cloud,783743
A02601,Database,Hybrid,3542725
A02601,Analytics & Data,No Footprint,0
A02601,AI & ML,No Footprint,0
A02601,Security,Cloud,470823
A02601,Applications,On-Premise,321304
A02601,Integration,Cloud,827913
A02602,Infrastructure,Hybrid,746781
A02602,Database,No Footprint,0
A02602,Analytics & Data,Hybrid,621800
A02602,AI & ML,No Footprint,0
A02602,Security,No Footprint,0
A02602,Applications,No Footprint,0
A02602,Integration,Cloud,493259
A02603,Infrastructure,No Footprint,0
A02603,Database,Cloud,183668
A02603,Analytics & Data,Hybrid,530790
A02603,AI & ML,Cloud,271815
A02603,Security,On-Premise,476355
A02603,Applications,Hybrid,388211
A02603,Integration,Hybrid,262533
A02604,Infrastructure,Hybrid,1484466
A02604,Database,Cloud,908319
A02604,Analytics & Data,No Footprint,0
A02604,AI & ML,Cloud,1721527
A02604,Security,On-Premise,264826
A02604,Applications,Cloud,507527
A02604,Integration,Cloud,3067971
A02605,Infrastructure,Cloud,354253
A02605,Database,On-Premise,259345
A02605,Analytics & Data,Hybrid,144488
A02605,AI & ML,No Footprint,0
A02605,Security,On-Premise,465815
A02605,Applications,No Footprint,0
A02605,Integration,Hybrid,1054139
A02606,Infrastructure,No Footprint,0
A02606,Database,No Footprint,0
A02606,Analytics & Data,Cloud,210633
A02606,AI & ML,Cloud,892291
A02606,Security,No Footprint,0
A02606,Applications,On-Premise,417102
A02606,Integration,Hybrid,417759
A02607,Infrastructure,Cloud,335298
A02607,Database,No Footprint,0
A02607,Analytics & Data,Hybrid,935057
A02607,AI & ML,Cloud,403646
A02607,Security,Hybrid,2392067
A02607,Applications,No Footprint,0
A02607,Integration,Hybrid,643987
A02608,Infrastructure,Cloud,773026
A02608,Database,On-Premise,318532
A02608,Analytics & Data,Hybrid,4912699
A02608,AI & ML,No Footprint,0
A02608,Security,No Footprint,0
A02608,Applications,On-Premise,927320
A02608,Integration,Hybrid,414415
A02609,Infrastructure,No Footprint,0
A02609,Database,No Footprint,0
A02609,Analytics & Data,No Footprint,0
A02609,AI & ML,Cloud,754921
A02609,Security,On-Premise,2204849
A02609,Applications,On-Premise,1302556
A02609,Integration,Hybrid,1265511
A02610,Infrastructure,No Footprint,0
A02610,Database,No Footprint,0
A02610,Analytics & Data,No Footprint,0
A02610,AI & ML,Cloud,939177
A02610,Security,On-Premise,951297
A02610,Applications,Hybrid,920488
A02610,Integration,No Footprint,0
A02611,Infrastructure,No Footprint,0
A02611,Database,Cloud,1130138
A02611,Analytics & Data,Hybrid,676780
A02611,AI & ML,Cloud,2050489
A02611,Security,No Footprint,0
A02611,Applications,On-Premise,330530
A02611,Integration,No Footprint,0
A02612,Infrastructure,Hybrid,465363
A02612,Database,Cloud,387263
A02612,Analytics & Data,No Footprint,0
A02612,AI & ML,Cloud,1645878
A02612,Security,No Footprint,0
A02612,Applications,On-Premise,324592
A02612,Integration,Cloud,697394
A02613,Infrastructure,No Footprint,0
A02613,Database,Cloud,1567591
A02613,Analytics & Data,No Footprint,0
A02613,AI & ML,No Footprint,0
A02613,Security,Cloud,622525
A02613,Applications,Cloud,348538
A02613,Integration,Hybrid,600566
A02614,Infrastructure,Cloud,281383
A02614,Database,Hybrid,205160
A02614,Analytics & Data,Cloud,194039
A02614,AI & ML,Cloud,2101788
A02614,Security,No Footprint,0
A02614,Applications,On-Premise,260126
A02614,Integration,Cloud,645951
A02615,Infrastructure,No Footprint,0
A02615,Database,Hybrid,747127
A02615,Analytics & Data,Cloud,275308
A02615,AI & ML,Cloud,3354912
A02615,Security,Hybrid,807988
A02615,Applications,No Footprint,0
A02615,Integration,Hybrid,663124
A02616,Infrastructure,Hybrid,997731
A02616,Database,Hybrid,830263
A02616,Analytics & Data,Cloud,508982
A02616,AI & ML,Cloud,1628001
A02616,Security,Hybrid,1476293
A02616,Applications,Cloud,236584
A02616,Integration,Cloud,248719
A02617,Infrastructure,No Footprint,0
A02617,Database,Cloud,746108
A02617,Analytics & Data,Hybrid,223868
A02617,AI & ML,Cloud,3297362
A02617,Security,No Footprint,0
A02617,Applications,On-Premise,841132
A02617,Integration,No Footprint,0
A02618,Infrastructure,No Footprint,0
A02618,Database,On-Premise,1891540
A02618,Analytics & Data,Cloud,906369
A02618,AI & ML,Cloud,1325695
A02618,Security,No Footprint,0
A02618,Applications,Cloud,229439
A02618,Integration,Hybrid,1147505
A02619,Infrastructure,Hybrid,631259
A02619,Database,Hybrid,126651
A02619,Analytics & Data,Cloud,1335118
A02619,AI & ML,Cloud,1953941
A02619,Security,Hybrid,845452
A02619,Applications,No Footprint,0
A02619,Integration,Hybrid,4168917
A02620,Infrastructure,On-Premise,1359421
A02620,Database,Hybrid,373550
A02620,Analytics & Data,No Footprint,0
A02620,AI & ML,No Footprint,0
A02620,Security,Hybrid,403734
A02620,Applications,Hybrid,1258752
A02620,Integration,No Footprint,0
A02621,Infrastructure,Hybrid,442059
A02621,Database,Cloud,200858
A02621,Analytics & Data,Cloud,297455
A02621,AI & ML,Cloud,1306254
A02621,Security,On-Premise,424973
A02621,Applications,Cloud,344479
A02621,Integration,No Footprint,0
A02622,Infrastructure,Hybrid,494808
A02622,Database,On-Premise,611089
A02622,Analytics & Data,No Footprint,0
A02622,AI & ML,Cloud,1189759
A02622,Security,Cloud,271636
A02622,Applications,Hybrid,537217
A02622,Integration,Hybrid,4893201
A02623,Infrastructure,On-Premise,2338937
A02623,Database,No Footprint,0
A02623,Analytics & Data,No Footprint,0
A02623,AI & ML,Cloud,581226
A02623,Security,On-Premise,781435
A02623,Applications,No Footprint,0
A02623,Integration,No Footprint,0
A02624,Infrastructure,Cloud,116602
A02624,Database,Cloud,4291321
A02624,Analytics & Data,Cloud,442760
A02624,AI & ML,Cloud,1089314
A02624,Security,Hybrid,850904
A02624,Applications,Cloud,531544
A02624,Integration,Hybrid,322981
A02625,Infrastructure,Cloud,1844226
A02625,Database,Hybrid,1776520
A02625,Analytics & Data,Cloud,743899
A02625,AI & ML,No Footprint,0
A02625,Security,Cloud,1209567
A02625,Applications,Hybrid,566427
A02625,Integration,Cloud,1097877
A02626,Infrastructure,Cloud,2546405
A02626,Database,Hybrid,5881162
A02626,Analytics & Data,No Footprint,0
A02626,AI & ML,No Footprint,0
A02626,Security,Cloud,238297
A02626,Applications,No Footprint,0
A02626,Integration,No Footprint,0
A02627,Infrastructure,Hybrid,1999745
A02627,Database,Hybrid,690150
A02627,Analytics & Data,Hybrid,2794554
A02627,AI & ML,Cloud,1296804
A02627,Security,Cloud,1167814
A02627,Applications,On-Premise,834421
A02627,Integration,No Footprint,0
A02628,Infrastructure,Cloud,122349
A02628,Database,Cloud,1044684
A02628,Analytics & Data,No Footprint,0
A02628,AI & ML,Cloud,823845
A02628,Security,Cloud,1564873
A02628,Applications,On-Premise,1010172
A02628,Integration,Cloud,1013740
A02629,Infrastructure,No Footprint,0
A02629,Database,Cloud,221925
A02629,Analytics & Data,Cloud,689881
A02629,AI & ML,Cloud,969663
A02629,Security,No Footprint,0
A02629,Applications,No Footprint,0
A02629,Integration,Cloud,1691403
A02630,Infrastructure,On-Premise,2732457
A02630,Database,On-Premise,1283043
A02630,Analytics & Data,No Footprint,0
A02630,AI & ML,No Footprint,0
A02630,Security,Hybrid,164692
A02630,Applications,On-Premise,687618
A02630,Integration,Hybrid,432801
A02631,Infrastructure,Hybrid,190134
A02631,Database,On-Premise,240645
A02631,Analytics & Data,Cloud,482684
A02631,AI & ML,Cloud,788804
A02631,Security,On-Premise,1106032
A02631,Applications,Hybrid,1238018
A02631,Integration,Cloud,41717
A02632,Infrastructure,Hybrid,223597
A02632,Database,Cloud,1774665
A02632,Analytics & Data,No Footprint,0
A02632,AI & ML,Cloud,1494695
A02632,Security,Cloud,2048000
A02632,Applications,On-Premise,695477
A02632,Integration,No Footprint,0
A02633,Infrastructure,On-Premise,495053
A02633,Database,Hybrid,980000
A02633,Analytics & Data,Hybrid,865370
A02633,AI & ML,Cloud,958324
A02633,Security,On-Premise,3943006
A02633,Applications,Cloud,262982
A02633,Integration,Hybrid,527691
A02634,Infrastructure,No Footprint,0
A02634,Database,No Footprint,0
A02634,Analytics & Data,No Footprint,0
A02634,AI & ML,No Footprint,0
A02634,Security,Cloud,1962309
A02634,Applications,Cloud,4502522
A02634,Integration,Cloud,1718961
A02635,Infrastructure,No Footprint,0
A02635,Database,No Footprint,0
A02635,Analytics & Data,No Footprint,0
A02635,AI & ML,Cloud,261757
A02635,Security,On-Premise,392566
A02635,Applications,On-Premise,1814991
A02635,Integration,No Footprint,0
A02636,Infrastructure,No Footprint,0
A02636,Database,On-Premise,499509
A02636,Analytics & Data,Cloud,5584902
A02636,AI & ML,No Footprint,0
A02636,Security,Cloud,663620
A02636,Applications,Cloud,1218293
A02636,Integration,No Footprint,0
A02637,Infrastructure,Hybrid,1265444
A02637,Database,Hybrid,1326281
A02637,Analytics & Data,Cloud,855085
A02637,AI & ML,No Footprint,0
A02637,Security,No Footprint,0
A02637,Applications,On-Premise,1722039
A02637,Integration,Hybrid,1011178
A02638,Infrastructure,On-Premise,312545
A02638,Database,On-Premise,240983
A02638,Analytics & Data,Hybrid,473792
A02638,AI & ML,Cloud,1288948
A02638,Security,No Footprint,0
A02638,Applications,On-Premise,1090269
A02638,Integration,No Footprint,0
A02639,Infrastructure,Hybrid,696636
A02639,Database,Cloud,158659
A02639,Analytics & Data,Hybrid,607434
A02639,AI & ML,Cloud,1931048
A02639,Security,Hybrid,111986
A02639,Applications,Hybrid,856256
A02639,Integration,Cloud,2172780
A02640,Infrastructure,Hybrid,930630
A02640,Database,Hybrid,2083602
A02640,Analytics & Data,No Footprint,0
A02640,AI & ML,Cloud,1861474
A02640,Security,No Footprint,0
A02640,Applications,No Footprint,0
A02640,Integration,No Footprint,0
A02641,Infrastructure,Hybrid,1502640
A02641,Database,On-Premise,183415
A02641,Analytics & Data,No Footprint,0
A02641,AI & ML,Cloud,1206354
A02641,Security,On-Premise,1692821
A02641,Applications,No Footprint,0
A02641,Integration,Cloud,1105602
A02642,Infrastructure,Cloud,541057
A02642,Database,No Footprint,0
A02642,Analytics & Data,Cloud,171887
A02642,AI & ML,Cloud,3025773
A02642,Security,Hybrid,702458
A02642,Applications,Cloud,1224812
A02642,Integration,Cloud,294726
A02643,Infrastructure,No Footprint,0
A02643,Database,On-Premise,1928089
A02643,Analytics & Data,Cloud,1701530
A02643,AI & ML,Cloud,2125514
A02643,Security,Hybrid,339910
A02643,Applications,Cloud,983843
A02643,Integration,Hybrid,379176
A02644,Infrastructure,On-Premise,676029
A02644,Database,Cloud,270555
A02644,Analytics & Data,No Footprint,0
A02644,AI & ML,Cloud,1493514
A02644,Security,No Footprint,0
A02644,Applications,On-Premise,530419
A02644,Integration,Cloud,811353
A02645,Infrastructure,On-Premise,233306
A02645,Database,On-Premise,1441417
A02645,Analytics & Data,Cloud,2473063
A02645,AI & ML,Cloud,349774
A02645,Security,No Footprint,0
A02645,Applications,Cloud,758765
A02645,Integration,Cloud,1324486
A02646,Infrastructure,Hybrid,5431777
A02646,Database,Cloud,704707
A02646,Analytics & Data,No Footprint,0
A02646,AI & ML,No Footprint,0
A02646,Security,On-Premise,279856
A02646,Applications,Hybrid,988604
A02646,Integration,Hybrid,210394
A02647,Infrastructure,On-Premise,606242
A02647,Database,No Footprint,0
A02647,Analytics & Data,Hybrid,3619249
A02647,AI & ML,No Footprint,0
A02647,Security,Cloud,1307598
A02647,Applications,Cloud,381975
A02647,Integration,Hybrid,226787
A02648,Infrastructure,Cloud,1029687
A02648,Database,Hybrid,1055655
A02648,Analytics & Data,Hybrid,973066
A02648,AI & ML,Cloud,1838497
A02648,Security,Cloud,1492932
A02648,Applications,No Footprint,0
A02648,Integration,Cloud,659976
A02649,Infrastructure,Cloud,1270133
A02649,Database,On-Premise,304294
A02649,Analytics & Data,Hybrid,797020
A02649,AI & ML,No Footprint,0
A02649,Security,On-Premise,1457773
A02649,Applications,No Footprint,0
A02649,Integration,No Footprint,0
A02650,Infrastructure,Hybrid,313660
A02650,Database,On-Premise,496079
A02650,Analytics & Data,No Footprint,0
A02650,AI & ML,Cloud,182956
A02650,Security,Cloud,366786
A02650,Applications,On-Premise,1590638
A02650,Integration,Hybrid,3559761
A02651,Infrastructure,Hybrid,1468487
A02651,Database,Hybrid,209863
A02651,Analytics & Data,No Footprint,0
A02651,AI & ML,Cloud,977410
A02651,Security,Hybrid,1156512
A02651,Applications,No Footprint,0
A02651,Integration,No Footprint,0
A02652,Infrastructure,Hybrid,395369
A02652,Database,No Footprint,0
A02652,Analytics & Data,Cloud,893567
A02652,AI & ML,Cloud,836535
A02652,Security,On-Premise,903509
A02652,Applications,Cloud,2374192
A02652,Integration,Hybrid,1034972
A02653,Infrastructure,Cloud,700463
A02653,Database,No Footprint,0
A02653,Analytics & Data,No Footprint,0
A02653,AI & ML,Cloud,648950
A02653,Security,Cloud,883085
A02653,Applications,No Footprint,0
A02653,Integration,Cloud,897010
A02654,Infrastructure,Hybrid,813207
A02654,Database,On-Premise,3921867
A02654,Analytics & Data,No Footprint,0
A02654,AI & ML,Cloud,948465
A02654,Security,Cloud,1234455
A02654,Applications,Cloud,550080
A02654,Integration,Hybrid,903692
A02655,Infrastructure,No Footprint,0
A02655,Database,Hybrid,1047593
A02655,Analytics & Data,Hybrid,947573
A02655,AI & ML,Cloud,257012
A02655,Security,No Footprint,0
A02655,Applications,No Footprint,0
A02655,Integration,Hybrid,1044209
A02656,Infrastructure,Cloud,798965
A02656,Database,Cloud,199667
A02656,Analytics & Data,Cloud,319636
A02656,AI & ML,No Footprint,0
A02656,Security,No Footprint,0
A02656,Applications,On-Premise,454305
A02656,Integration,Hybrid,1372405
A02657,Infrastructure,On-Premise,2286343
A02657,Database,Hybrid,342919
A02657,Analytics & Data,Hybrid,312346
A02657,AI & ML,No Footprint,0
A02657,Security,Hybrid,1486363
A02657,Applications,Cloud,1229436
A02657,Integration,No Footprint,0
A02658,Infrastructure,Cloud,342786
A02658,Database,Hybrid,2013887
A02658,Analytics & Data,No Footprint,0
A02658,AI & ML,No Footprint,0
A02658,Security,Hybrid,1108044
A02658,Applications,Hybrid,1482242
A02658,Integration,No Footprint,0
A02659,Infrastructure,Cloud,526146
A02659,Database,No Footprint,0
A02659,Analytics & Data,Hybrid,474515
A02659,AI & ML,Cloud,1121507
A02659,Security,Hybrid,778429
A02659,Applications,No Footprint,0
A02659,Integration,Cloud,850472
A02660,Infrastructure,On-Premise,1875893
A02660,Database,Cloud,784135
A02660,Analytics & Data,Cloud,585968
A02660,AI & ML,Cloud,1480483
A02660,Security,On-Premise,277376
A02660,Applications,No Footprint,0
A02660,Integration,No Footprint,0
A02661,Infrastructure,No Footprint,0
A02661,Database,Cloud,723455
A02661,Analytics & Data,Cloud,4564806
A02661,AI & ML,Cloud,1223001
A02661,Security,On-Premise,205395
A02661,Applications,On-Premise,451616
A02661,Integration,No Footprint,0
A02662,Infrastructure,Hybrid,1123681
A02662,Database,Cloud,1760842
A02662,Analytics & Data,Cloud,684785
A02662,AI & ML,No Footprint,0
A02662,Security,Cloud,709042
A02662,Applications,Cloud,1022298
A02662,Integration,Hybrid,503500
A02663,Infrastructure,No Footprint,0
A02663,Database,On-Premise,640305
A02663,Analytics & Data,Cloud,1971069
A02663,AI & ML,Cloud,1026837
A02663,Security,On-Premise,2974809
A02663,Applications,Cloud,384112
A02663,Integration,No Footprint,0
A02664,Infrastructure,On-Premise,1528985
A02664,Database,Cloud,535364
A02664,Analytics & Data,Hybrid,499198
A02664,AI & ML,Cloud,1290635
A02664,Security,On-Premise,754230
A02664,Applications,On-Premise,3584707
A02664,Integration,Hybrid,584861
A02665,Infrastructure,No Footprint,0
A02665,Database,On-Premise,780800
A02665,Analytics & Data,Cloud,361916
A02665,AI & ML,Cloud,965154
A02665,Security,Cloud,2481860
A02665,Applications,Cloud,1122256
A02665,Integration,Hybrid,894573
A02666,Infrastructure,On-Premise,955393
A02666,Database,Cloud,547483
A02666,Analytics & Data,Hybrid,1048327
A02666,AI & ML,Cloud,437248
A02666,Security,Cloud,590099
A02666,Applications,On-Premise,73746
A02666,Integration,Hybrid,1140535
A02667,Infrastructure,Hybrid,469783
A02667,Database,Cloud,137214
A02667,Analytics & Data,Cloud,214292
A02667,AI & ML,Cloud,498724
A02667,Security,Cloud,999571
A02667,Applications,Cloud,190663
A02667,Integration,Hybrid,1300477
A02668,Infrastructure,Cloud,491364
A02668,Database,No Footprint,0
A02668,Analytics & Data,Hybrid,246465
A02668,AI & ML,No Footprint,0
A02668,Security,Hybrid,731954
A02668,Applications,On-Premise,294099
A02668,Integration,Hybrid,347312
A02669,Infrastructure,Hybrid,245654
A02669,Database,On-Premise,2476802
A02669,Analytics & Data,No Footprint,0
A02669,AI & ML,Cloud,1203141
A02669,Security,Hybrid,447734
A02669,Applications,No Footprint,0
A02669,Integration,Hybrid,371142
A02670,Infrastructure,On-Premise,1597333
A02670,Database,No Footprint,0
A02670,Analytics & Data,No Footprint,0
A02670,AI & ML,Cloud,926669
A02670,Security,Hybrid,415644
A02670,Applications,Hybrid,1917475
A02670,Integration,Hybrid,225645
A02671,Infrastructure,No Footprint,0
A02671,Database,On-Premise,433633
A02671,Analytics & Data,Hybrid,3019929
A02671,AI & ML,Cloud,398925
A02671,Security,Cloud,318019
A02671,Applications,Hybrid,613526
A02671,Integration,Cloud,983238
A02672,Infrastructure,Hybrid,1316997
A02672,Database,No Footprint,0
A02672,Analytics & Data,Cloud,674825
A02672,AI & ML,Cloud,628768
A02672,Security,Hybrid,707720
A02672,Applications,Cloud,549253
A02672,Integration,Cloud,1102900
A02673,Infrastructure,No Footprint,0
A02673,Database,No Footprint,0
A02673,Analytics & Data,Hybrid,1230501
A02673,AI & ML,Cloud,2492923
A02673,Security,Cloud,1745018
A02673,Applications,No Footprint,0
A02673,Integration,Cloud,502844
A02674,Infrastructure,Hybrid,346977
A02674,Database,Cloud,1276135
A02674,Analytics & Data,No Footprint,0
A02674,AI & ML,Cloud,1011489
A02674,Security,No Footprint,0
A02674,Applications,Hybrid,742042
A02674,Integration,Cloud,1446856
A02675,Infrastructure,Hybrid,457621
A02675,Database,No Footprint,0
A02675,Analytics & Data,No Footprint,0
A02675,AI & ML,No Footprint,0
A02675,Security,No Footprint,0
A02675,Applications,Hybrid,346987
A02675,Integration,Cloud,867446
A02676,Infrastructure,Cloud,415528
A02676,Database,Hybrid,698773
A02676,Analytics & Data,Cloud,563626
A02676,AI & ML,Cloud,2674437
A02676,Security,Hybrid,688431
A02676,Applications,On-Premise,333502
A02676,Integration,Cloud,932861
A02677,Infrastructure,On-Premise,2531459
A02677,Database,Hybrid,917358
A02677,Analytics & Data,Cloud,1093405
A02677,AI & ML,Cloud,2663776
A02677,Security,On-Premise,748464
A02677,Applications,On-Premise,998970
A02677,Integration,Cloud,818673
A02678,Infrastructure,Cloud,859184
A02678,Database,No Footprint,0
A02678,Analytics & Data,Cloud,1680525
A02678,AI & ML,No Footprint,0
A02678,Security,Cloud,433760
A02678,Applications,Cloud,1481346
A02678,Integration,Hybrid,1194244
A02679,Infrastructure,On-Premise,2063026
A02679,Database,Hybrid,227009
A02679,Analytics & Data,Hybrid,242502
A02679,AI & ML,Cloud,1290048
A02679,Security,No Footprint,0
A02679,Applications,Hybrid,634754
A02679,Integration,Cloud,250680
A02680,Infrastructure,On-Premise,283490
A02680,Database,Cloud,898424
A02680,Analytics & Data,No Footprint,0
A02680,AI & ML,No Footprint,0
A02680,Security,No Footprint,0
A02680,Applications,On-Premise,550622
A02680,Integration,Cloud,2537545
A02681,Infrastructure,Hybrid,407967
A02681,Database,Hybrid,6150889
A02681,Analytics & Data,Hybrid,896771
A02681,AI & ML,No Footprint,0
A02681,Security,Cloud,204701
A02681,Applications,On-Premise,2195233
A02681,Integration,Hybrid,268098
A02682,Infrastructure,On-Premise,550752
A02682,Database,Hybrid,1335760
A02682,Analytics & Data,Cloud,817925
A02682,AI & ML,Cloud,429376
A02682,Security,On-Premise,1487191
A02682,Applications,On-Premise,981544
A02682,Integration,No Footprint,0
A02683,Infrastructure,No Footprint,0
A02683,Database,No Footprint,0
A02683,Analytics & Data,Hybrid,1823180
A02683,AI & ML,No Footprint,0
A02683,Security,No Footprint,0
A02683,Applications,No Footprint,0
A02683,Integration,No Footprint,0
A02684,Infrastructure,On-Premise,432134
A02684,Database,Hybrid,1488521
A02684,Analytics & Data,Hybrid,458386
A02684,AI & ML,Cloud,245607
A02684,Security,No Footprint,0
A02684,Applications,On-Premise,407585
A02684,Integration,Cloud,210834
A02685,Infrastructure,Hybrid,259477
A02685,Database,No Footprint,0
A02685,Analytics & Data,No Footprint,0
A02685,AI & ML,No Footprint,0
A02685,Security,Hybrid,716733
A02685,Applications,On-Premise,5069372
A02685,Integration,No Footprint,0
A02686,Infrastructure,Hybrid,1058925
A02686,Database,No Footprint,0
A02686,Analytics & Data,Cloud,3152397
A02686,AI & ML,Cloud,764858
A02686,Security,Hybrid,605199
A02686,Applications,Cloud,360836
A02686,Integration,No Footprint,0
A02687,Infrastructure,No Footprint,0
A02687,Database,Cloud,109804
A02687,Analytics & Data,No Footprint,0
A02687,AI & ML,Cloud,520188
A02687,Security,No Footprint,0
A02687,Applications,On-Premise,2109647
A02687,Integration,Hybrid,303857
A02688,Infrastructure,Cloud,698022
A02688,Database,Cloud,459895
A02688,Analytics & Data,Hybrid,583147
A02688,AI & ML,Cloud,1145786
A02688,Security,On-Premise,184101
A02688,Applications,On-Premise,1714776
A02688,Integration,No Footprint,0
A02689,Infrastructure,On-Premise,2400753
A02689,Database,No Footprint,0
A02689,Analytics & Data,No Footprint,0
A02689,AI & ML,No Footprint,0
A02689,Security,Cloud,556003
A02689,Applications,No Footprint,0
A02689,Integration,Cloud,2239768
A02690,Infrastructure,No Footprint,0
A02690,Database,No Footprint,0
A02690,Analytics & Data,Cloud,1326032
A02690,AI & ML,Cloud,1085949
A02690,Security,Cloud,373480
A02690,Applications,Cloud,836413
A02690,Integration,Hybrid,1580167
A02691,Infrastructure,Hybrid,1737755
A02691,Database,Cloud,768261
A02691,Analytics & Data,Cloud,689280
A02691,AI & ML,No Footprint,0
A02691,Security,On-Premise,1079827
A02691,Applications,On-Premise,1532274
A02691,Integration,Cloud,447249
A02692,Infrastructure,No Footprint,0
A02692,Database,No Footprint,0
A02692,Analytics & Data,Hybrid,207650
A02692,AI & ML,No Footprint,0
A02692,Security,On-Premise,373114
A02692,Applications,No Footprint,0
A02692,Integration,Cloud,640702
A02693,Infrastructure,Hybrid,583232
A02693,Database,No Footprint,0
A02693,Analytics & Data,Hybrid,737371
A02693,AI & ML,No Footprint,0
A02693,Security,No Footprint,0
A02693,Applications,On-Premise,1073895
A02693,Integration,Cloud,581898
A02694,Infrastructure,Hybrid,466203
A02694,Database,Hybrid,771831
A02694,Analytics & Data,Cloud,537737
A02694,AI & ML,No Footprint,0
A02694,Security,No Footprint,0
A02694,Applications,No Footprint,0
A02694,Integration,Hybrid,1955639
A02695,Infrastructure,On-Premise,881321
A02695,Database,Hybrid,560455
A02695,Analytics & Data,Hybrid,700873
A02695,AI & ML,Cloud,2039049
A02695,Security,On-Premise,507725
A02695,Applications,No Footprint,0
A02695,Integration,Hybrid,5697407
A02696,Infrastructure,No Footprint,0
A02696,Database,On-Premise,1963550
A02696,Analytics & Data,No Footprint,0
A02696,AI & ML,Cloud,1784791
A02696,Security,Cloud,209437
A02696,Applications,On-Premise,2269118
A02696,Integration,Hybrid,531985
A02697,Infrastructure,Cloud,301473
A02697,Database,On-Premise,4522931
A02697,Analytics & Data,No Footprint,0
A02697,AI & ML,No Footprint,0
A02697,Security,Cloud,1295693
A02697,Applications,Cloud,450410
A02697,Integration,Hybrid,1419833
A02698,Infrastructure,Cloud,867761
A02698,Database,No Footprint,0
A02698,Analytics & Data,No Footprint,0
A02698,AI & ML,Cloud,706940
A02698,Security,Hybrid,826183
A02698,Applications,No Footprint,0
A02698,Integration,Cloud,957420
A02699,Infrastructure,Cloud,697666
A02699,Database,No Footprint,0
A02699,Analytics & Data,Cloud,349360
A02699,AI & ML,Cloud,2205175
A02699,Security,Cloud,734707
A02699,Applications,Cloud,244610
A02699,Integration,Hybrid,455990
A02700,Infrastructure,No Footprint,0
A02700,Database,Cloud,335123
A02700,Analytics & Data,Hybrid,1622640
A02700,AI & ML,Cloud,1140890
A02700,Security,Hybrid,188562
A02700,Applications,No Footprint,0
A02700,Integration,Cloud,618686
A02701,Infrastructure,Cloud,950720
A02701,Database,On-Premise,1546140
A02701,Analytics & Data,Hybrid,1709984
A02701,AI & ML,Cloud,1100159
A02701,Security,Hybrid,940769
A02701,Applications,Hybrid,748354
A02701,Integration,Hybrid,938927
A02702,Infrastructure,On-Premise,1514294
A02702,Database,On-Premise,2091344
A02702,Analytics & Data,No Footprint,0
A02702,AI & ML,Cloud,820426
A02702,Security,No Footprint,0
A02702,Applications,Hybrid,1071707
A02702,Integration,Hybrid,3099816
A02703,Infrastructure,Cloud,603123
A02703,Database,On-Premise,977562
A02703,Analytics & Data,Hybrid,805061
A02703,AI & ML,No Footprint,0
A02703,Security,Cloud,1213712
A02703,Applications,Hybrid,339951
A02703,Integration,Hybrid,313978
A02704,Infrastructure,On-Premise,310974
A02704,Database,On-Premise,1273135
A02704,Analytics & Data,No Footprint,0
A02704,AI & ML,No Footprint,0
A02704,Security,Cloud,189258
A02704,Applications,Hybrid,949450
A02704,Integration,Cloud,721275
A02705,Infrastructure,Hybrid,1941344
A02705,Database,Hybrid,4199492
A02705,Analytics & Data,Cloud,741615
A02705,AI & ML,Cloud,1789471
A02705,Security,Cloud,1445946
A02705,Applications,On-Premise,3147101
A02705,Integration,Cloud,248013
A02706,Infrastructure,Cloud,1119234
A02706,Database,On-Premise,1062406
A02706,Analytics & Data,Cloud,2409898
A02706,AI & ML,Cloud,840756
A02706,Security,On-Premise,685147
A02706,Applications,Hybrid,876409
A02706,Integration,Hybrid,1814301
A02707,Infrastructure,Cloud,1393330
A02707,Database,Cloud,380766
A02707,Analytics & Data,No Footprint,0
A02707,AI & ML,Cloud,681899
A02707,Security,Hybrid,222052
A02707,Applications,On-Premise,548337
A02707,Integration,Hybrid,184107
A02708,Infrastructure,No Footprint,0
A02708,Database,No Footprint,0
A02708,Analytics & Data,Hybrid,374660
A02708,AI & ML,No Footprint,0
A02708,Security,No Footprint,0
A02708,Applications,Hybrid,1752689
A02708,Integration,Hybrid,558843
A02709,Infrastructure,Hybrid,2432416
A02709,Database,Hybrid,1953820
A02709,Analytics & Data,No Footprint,0
A02709,AI & ML,Cloud,990084
A02709,Security,On-Premise,497085
A02709,Applications,On-Premise,1572144
A02709,Integration,Hybrid,477515
A02710,Infrastructure,On-Premise,113757
A02710,Database,No Footprint,0
A02710,Analytics & Data,Cloud,477507
A02710,AI & ML,No Footprint,0
A02710,Security,On-Premise,2476729
A02710,Applications,No Footprint,0
A02710,Integration,No Footprint,0
A02711,Infrastructure,Hybrid,1173506
A02711,Database,On-Premise,708181
A02711,Analytics & Data,No Footprint,0
A02711,AI & ML,No Footprint,0
A02711,Security,Hybrid,3672416
A02711,Applications,Hybrid,753314
A02711,Integration,No Footprint,0
A02712,Infrastructure,No Footprint,0
A02712,Database,No Footprint,0
A02712,Analytics & Data,Hybrid,201593
A02712,AI & ML,Cloud,866951
A02712,Security,Hybrid,166493
A02712,Applications,No Footprint,0
A02712,Integration,Hybrid,368120
A02713,Infrastructure,Hybrid,469057
A02713,Database,Hybrid,1347655
A02713,Analytics & Data,Cloud,3131517
A02713,AI & ML,Cloud,436465
A02713,Security,Cloud,690402
A02713,Applications,No Footprint,0
A02713,Integration,No Footprint,0
A02714,Infrastructure,No Footprint,0
A02714,Database,No Footprint,0
A02714,Analytics & Data,Cloud,796351
A02714,AI & ML,No Footprint,0
A02714,Security,Cloud,254405
A02714,Applications,Cloud,1282180
A02714,Integration,Cloud,635551
A02715,Infrastructure,No Footprint,0
A02715,Database,On-Premise,6493031
A02715,Analytics & Data,No Footprint,0
A02715,AI & ML,Cloud,363515
A02715,Security,No Footprint,0
A02715,Applications,No Footprint,0
A02715,Integration,No Footprint,0
A02716,Infrastructure,No Footprint,0
A02716,Database,Cloud,2179831
A02716,Analytics & Data,Cloud,480359
A02716,AI & ML,Cloud,820551
A02716,Security,Hybrid,1756101
A02716,Applications,Cloud,730602
A02716,Integration,Cloud,1671943
A02717,Infrastructure,No Footprint,0
A02717,Database,On-Premise,309101
A02717,Analytics & Data,Hybrid,706677
A02717,AI & ML,No Footprint,0
A02717,Security,On-Premise,799426
A02717,Applications,Cloud,50860
A02717,Integration,Cloud,1280893
A02718,Infrastructure,No Footprint,0
A02718,Database,No Footprint,0
A02718,Analytics & Data,Cloud,498526
A02718,AI & ML,No Footprint,0
A02718,Security,No Footprint,0
A02718,Applications,On-Premise,1036146
A02718,Integration,Cloud,859232
A02719,Infrastructure,Hybrid,1394676
A02719,Database,No Footprint,0
A02719,Analytics & Data,No Footprint,0
A02719,AI & ML,Cloud,894626
A02719,Security,Hybrid,598308
A02719,Applications,No Footprint,0
A02719,Integration,Hybrid,748640
A02720,Infrastructure,No Footprint,0
A02720,Database,No Footprint,0
A02720,Analytics & Data,No Footprint,0
A02720,AI & ML,Cloud,592399
A02720,Security,No Footprint,0
A02720,Applications,On-Premise,751681
A02720,Integration,Cloud,365979
A02721,Infrastructure,Cloud,2441670
A02721,Database,Hybrid,2750027
A02721,Analytics & Data,No Footprint,0
A02721,AI & ML,No Footprint,0
A02721,Security,On-Premise,328814
A02721,Applications,On-Premise,2304770
A02721,Integration,Hybrid,1705146
A02722,Infrastructure,On-Premise,520580
A02722,Database,No Footprint,0
A02722,Analytics & Data,Hybrid,615171
A02722,AI & ML,Cloud,3551905
A02722,Security,Hybrid,847423
A02722,Applications,On-Premise,651080
A02722,Integration,No Footprint,0
A02723,Infrastructure,Hybrid,258526
A02723,Database,Hybrid,833096
A02723,Analytics & Data,Hybrid,632343
A02723,AI & ML,Cloud,918227
A02723,Security,Cloud,3473847
A02723,Applications,No Footprint,0
A02723,Integration,Cloud,1996413
A02724,Infrastructure,No Footprint,0
A02724,Database,On-Premise,1453687
A02724,Analytics & Data,No Footprint,0
A02724,AI & ML,No Footprint,0
A02724,Security,On-Premise,370563
A02724,Applications,No Footprint,0
A02724,Integration,Cloud,266282
A02725,Infrastructure,On-Premise,206124
A02725,Database,On-Premise,1619572
A02725,Analytics & Data,No Footprint,0
A02725,AI & ML,Cloud,325652
A02725,Security,Cloud,282245
A02725,Applications,Hybrid,846285
A02725,Integration,Hybrid,628869
A02726,Infrastructure,Cloud,1685065
A02726,Database,No Footprint,0
A02726,Analytics & Data,Hybrid,698356
A02726,AI & ML,Cloud,537077
A02726,Security,Hybrid,3315010
A02726,Applications,On-Premise,1028123
A02726,Integration,Hybrid,1086790
A02727,Infrastructure,Hybrid,595917
A02727,Database,Hybrid,1267753
A02727,Analytics & Data,No Footprint,0
A02727,AI & ML,Cloud,599500
A02727,Security,Cloud,261435
A02727,Applications,On-Premise,306062
A02727,Integration,No Footprint,0
A02728,Infrastructure,Hybrid,398874
A02728,Database,No Footprint,0
A02728,Analytics & Data,Cloud,415657
A02728,AI & ML,Cloud,590367
A02728,Security,On-Premise,434562
A02728,Applications,Cloud,2065883
A02728,Integration,No Footprint,0
A02729,Infrastructure,Hybrid,561175
A02729,Database,Hybrid,413799
A02729,Analytics & Data,No Footprint,0
A02729,AI & ML,Cloud,774153
A02729,Security,No Footprint,0
A02729,Applications,No Footprint,0
A02729,Integration,Hybrid,400712
A02730,Infrastructure,No Footprint,0
A02730,Database,Cloud,2264998
A02730,Analytics & Data,Cloud,573677
A02730,AI & ML,Cloud,490681
A02730,Security,Hybrid,1292350
A02730,Applications,Cloud,406177
A02730,Integration,Hybrid,104906
A02731,Infrastructure,Hybrid,536993
A02731,Database,No Footprint,0
A02731,Analytics & Data,Hybrid,429323
A02731,AI & ML,Cloud,1526318
A02731,Security,On-Premise,3183839
A02731,Applications,No Footprint,0
A02731,Integration,Hybrid,1269257
A02732,Infrastructure,Cloud,266559
A02732,Database,On-Premise,519111
A02732,Analytics & Data,No Footprint,0
A02732,AI & ML,Cloud,491062
A02732,Security,No Footprint,0
A02732,Applications,Hybrid,2457329
A02732,Integration,Cloud,236035
A02733,Infrastructure,Cloud,891462
A02733,Database,No Footprint,0
A02733,Analytics & Data,Hybrid,479171
A02733,AI & ML,Cloud,959273
A02733,Security,Cloud,1728774
A02733,Applications,No Footprint,0
A02733,Integration,Hybrid,92876
A02734,Infrastructure,Hybrid,1513006
A02734,Database,Hybrid,416776
A02734,Analytics & Data,No Footprint,0
A02734,AI & ML,No Footprint,0
A02734,Security,No Footprint,0
A02734,Applications,Hybrid,523092
A02734,Integration,No Footprint,0
A02735,Infrastructure,Hybrid,345312
A02735,Database,On-Premise,1255242
A02735,Analytics & Data,Cloud,2544503
A02735,AI & ML,Cloud,1729275
A02735,Security,On-Premise,2917900
A02735,Applications,Cloud,383682
A02735,Integration,No Footprint,0
A02736,Infrastructure,On-Premise,588159
A02736,Database,On-Premise,456751
A02736,Analytics & Data,Cloud,1474175
A02736,AI & ML,Cloud,1269497
A02736,Security,Cloud,387409
A02736,Applications,Cloud,796054
A02736,Integration,Cloud,351775
A02737,Infrastructure,Hybrid,380318
A02737,Database,On-Premise,91654
A02737,Analytics & Data,Hybrid,187155
A02737,AI & ML,No Footprint,0
A02737,Security,Hybrid,2299844
A02737,Applications,No Footprint,0
A02737,Integration,Hybrid,643123
A02738,Infrastructure,Hybrid,466379
A02738,Database,Cloud,301857
A02738,Analytics & Data,Cloud,1305740
A02738,AI & ML,No Footprint,0
A02738,Security,No Footprint,0
A02738,Applications,No Footprint,0
A02738,Integration,Cloud,1905615
A02739,Infrastructure,No Footprint,0
A02739,Database,On-Premise,945097
A02739,Analytics & Data,Cloud,1027930
A02739,AI & ML,Cloud,443480
A02739,Security,On-Premise,287183
A02739,Applications,Hybrid,611281
A02739,Integration,Hybrid,335656
A02740,Infrastructure,No Footprint,0
A02740,Database,No Footprint,0
A02740,Analytics & Data,Cloud,4738814
A02740,AI & ML,Cloud,871541
A02740,Security,Cloud,168738
A02740,Applications,Hybrid,404801
A02740,Integration,No Footprint,0
A02741,Infrastructure,On-Premise,602487
A02741,Database,No Footprint,0
A02741,Analytics & Data,Hybrid,2426495
A02741,AI & ML,Cloud,888212
A02741,Security,Hybrid,1236561
A02741,Applications,No Footprint,0
A02741,Integration,Cloud,68014
A02742,Infrastructure,On-Premise,299445
A02742,Database,Hybrid,286685
A02742,Analytics & Data,Cloud,869533
A02742,AI & ML,Cloud,623984
A02742,Security,Hybrid,200435
A02742,Applications,Cloud,1220570
A02742,Integration,Cloud,667664
A02743,Infrastructure,No Footprint,0
A02743,Database,No Footprint,0
A02743,Analytics & Data,Cloud,1079916
A02743,AI & ML,No Footprint,0
A02743,Security,Cloud,379973
A02743,Applications,Cloud,2459939
A02743,Integration,Cloud,324446
A02744,Infrastructure,Hybrid,3082221
A02744,Database,Hybrid,242302
A02744,Analytics & Data,Cloud,2230568
A02744,AI & ML,Cloud,437734
A02744,Security,Cloud,598960
A02744,Applications,No Footprint,0
A02744,Integration,Cloud,315783
A02745,Infrastructure,No Footprint,0
A02745,Database,Hybrid,654687
A02745,Analytics & Data,No Footprint,0
A02745,AI & ML,No Footprint,0
A02745,Security,Hybrid,522650
A02745,Applications,Cloud,124896
A02745,Integration,No Footprint,0
A02746,Infrastructure,Hybrid,885043
A02746,Database,No Footprint,0
A02746,Analytics & Data,Hybrid,830193
A02746,AI & ML,Cloud,3267678
A02746,Security,On-Premise,1174208
A02746,Applications,Cloud,298980
A02746,Integration,Hybrid,2243448
A02747,Infrastructure,On-Premise,538935
A02747,Database,Cloud,795236
A02747,Analytics & Data,Cloud,248019
A02747,AI & ML,No Footprint,0
A02747,Security,On-Premise,2050330
A02747,Applications,Hybrid,1103130
A02747,Integration,Hybrid,284629
A02748,Infrastructure,Hybrid,68092
A02748,Database,No Footprint,0
A02748,Analytics & Data,No Footprint,0
A02748,AI & ML,No Footprint,0
A02748,Security,On-Premise,1023870
A02748,Applications,Hybrid,2093555
A02748,Integration,Cloud,1522469
A02749,Infrastructure,Cloud,450155
A02749,Database,On-Premise,962594
A02749,Analytics & Data,Cloud,713065
A02749,AI & ML,Cloud,1602418
A02749,Security,Hybrid,1397182
A02749,Applications,Cloud,151578
A02749,Integration,Hybrid,1815985
A02750,Infrastructure,No Footprint,0
A02750,Database,No Footprint,0
A02750,Analytics & Data,Hybrid,3581143
A02750,AI & ML,Cloud,682577
A02750,Security,Hybrid,560469
A02750,Applications,On-Premise,770381
A02750,Integration,No Footprint,0
A02751,Infrastructure,On-Premise,609854
A02751,Database,On-Premise,735882
A02751,Analytics & Data,Hybrid,486750
A02751,AI & ML,Cloud,879559
A02751,Security,On-Premise,594025
A02751,Applications,Cloud,1832853
A02751,Integration,Hybrid,1386200
A02752,Infrastructure,Hybrid,701930
A02752,Database,Cloud,366854
A02752,Analytics & Data,Cloud,1432533
A02752,AI & ML,Cloud,1443985
A02752,Security,On-Premise,625859
A02752,Applications,On-Premise,447494
A02752,Integration,Cloud,563836
A02753,Infrastructure,Cloud,233949
A02753,Database,No Footprint,0
A02753,Analytics & Data,Cloud,636103
A02753,AI & ML,No Footprint,0
A02753,Security,Hybrid,401004
A02753,Applications,No Footprint,0
A02753,Integration,Cloud,1290683
A02754,Infrastructure,Cloud,1874998
A02754,Database,Hybrid,202714
A02754,Analytics & Data,Hybrid,559210
A02754,AI & ML,Cloud,1190944
A02754,Security,No Footprint,0
A02754,Applications,Hybrid,422186
A02754,Integration,No Footprint,0
A02755,Infrastructure,On-Premise,3305077
A02755,Database,No Footprint,0
A02755,Analytics & Data,Hybrid,430848
A02755,AI & ML,Cloud,4085653
A02755,Security,Hybrid,86048
A02755,Applications,On-Premise,7117639
A02755,Integration,Cloud,553505
A02756,Infrastructure,Hybrid,558144
A02756,Database,Cloud,728663
A02756,Analytics & Data,Cloud,2996710
A02756,AI & ML,Cloud,432386
A02756,Security,No Footprint,0
A02756,Applications,On-Premise,193647
A02756,Integration,No Footprint,0
A02757,Infrastructure,Hybrid,293063
A02757,Database,Cloud,601704
A02757,Analytics & Data,No Footprint,0
A02757,AI & ML,No Footprint,0
A02757,Security,Cloud,1342782
A02757,Applications,No Footprint,0
A02757,Integration,Hybrid,369236
A02758,Infrastructure,On-Premise,1081573
A02758,Database,Hybrid,2671160
A02758,Analytics & Data,Hybrid,506566
A02758,AI & ML,Cloud,793502
A02758,Security,No Footprint,0
A02758,Applications,No Footprint,0
A02758,Integration,Cloud,866523
A02759,Infrastructure,No Footprint,0
A02759,Database,No Footprint,0
A02759,Analytics & Data,Cloud,532524
A02759,AI & ML,No Footprint,0
A02759,Security,Hybrid,2950322
A02759,Applications,Hybrid,1010479
A02759,Integration,Cloud,867694
A02760,Infrastructure,No Footprint,0
A02760,Database,On-Premise,384441
A02760,Analytics & Data,Cloud,3002401
A02760,AI & ML,No Footprint,0
A02760,Security,No Footprint,0
A02760,Applications,Cloud,769270
A02760,Integration,No Footprint,0
A02761,Infrastructure,On-Premise,2220467
A02761,Database,Cloud,243951
A02761,Analytics & Data,Hybrid,584561
A02761,AI & ML,Cloud,1158252
A02761,Security,Hybrid,427730
A02761,Applications,Cloud,640034
A02761,Integration,No Footprint,0
A02762,Infrastructure,On-Premise,537237
A02762,Database,Hybrid,1760117
A02762,Analytics & Data,No Footprint,0
A02762,AI & ML,Cloud,1184908
A02762,Security,No Footprint,0
A02762,Applications,On-Premise,2278033
A02762,Integration,No Footprint,0
A02763,Infrastructure,Cloud,408067
A02763,Database,Hybrid,105420
A02763,Analytics & Data,Cloud,901107
A02763,AI & ML,Cloud,206444
A02763,Security,On-Premise,132862
A02763,Applications,On-Premise,794062
A02763,Integration,Cloud,366329
A02764,Infrastructure,No Footprint,0
A02764,Database,No Footprint,0
A02764,Analytics & Data,Cloud,407891
A02764,AI & ML,No Footprint,0
A02764,Security,On-Premise,752642
A02764,Applications,No Footprint,0
A02764,Integration,Cloud,549881
A02765,Infrastructure,Cloud,2336082
A02765,Database,On-Premise,291407
A02765,Analytics & Data,Hybrid,637461
A02765,AI & ML,Cloud,415348
A02765,Security,On-Premise,581444
A02765,Applications,Cloud,324725
A02765,Integration,Cloud,333581
A02766,Infrastructure,No Footprint,0
A02766,Database,Hybrid,800098
A02766,Analytics & Data,No Footprint,0
A02766,AI & ML,Cloud,1223257
A02766,Security,On-Premise,1521582
A02766,Applications,On-Premise,1162062
A02766,Integration,Hybrid,574877
A02767,Infrastructure,No Footprint,0
A02767,Database,Cloud,312655
A02767,Analytics & Data,Cloud,194416
A02767,AI & ML,Cloud,1041227
A02767,Security,No Footprint,0
A02767,Applications,On-Premise,9040551
A02767,Integration,Hybrid,1103945
A02768,Infrastructure,On-Premise,327994
A02768,Database,Hybrid,202215
A02768,Analytics & Data,No Footprint,0
A02768,AI & ML,Cloud,921329
A02768,Security,On-Premise,409824
A02768,Applications,On-Premise,1820542
A02768,Integration,Hybrid,369149
A02769,Infrastructure,No Footprint,0
A02769,Database,Hybrid,1580895
A02769,Analytics & Data,Cloud,848227
A02769,AI & ML,Cloud,399783
A02769,Security,Hybrid,390982
A02769,Applications,Cloud,1189492
A02769,Integration,Cloud,966491
A02770,Infrastructure,Cloud,1280927
A02770,Database,Cloud,275732
A02770,Analytics & Data,Cloud,366950
A02770,AI & ML,Cloud,4622263
A02770,Security,On-Premise,247000
A02770,Applications,Hybrid,243180
A02770,Integration,Hybrid,920956
A02771,Infrastructure,Hybrid,139711
A02771,Database,Hybrid,223241
A02771,Analytics & Data,No Footprint,0
A02771,AI & ML,No Footprint,0
A02771,Security,Hybrid,1125051
A02771,Applications,Cloud,578991
A02771,Integration,No Footprint,0
A02772,Infrastructure,On-Premise,494015
A02772,Database,Hybrid,1317435
A02772,Analytics & Data,Cloud,1256843
A02772,AI & ML,Cloud,638994
A02772,Security,Hybrid,369760
A02772,Applications,On-Premise,427624
A02772,Integration,Cloud,888486
A02773,Infrastructure,Cloud,486001
A02773,Database,Hybrid,406302
A02773,Analytics & Data,Hybrid,492983
A02773,AI & ML,No Footprint,0
A02773,Security,No Footprint,0
A02773,Applications,Hybrid,2205703
A02773,Integration,Cloud,3021759
A02774,Infrastructure,No Footprint,0
A02774,Database,On-Premise,404408
A02774,Analytics & Data,No Footprint,0
A02774,AI & ML,No Footprint,0
A02774,Security,On-Premise,2362008
A02774,Applications,Cloud,563674
A02774,Integration,Hybrid,181882
A02775,Infrastructure,No Footprint,0
A02775,Database,No Footprint,0
A02775,Analytics & Data,No Footprint,0
A02775,AI & ML,No Footprint,0
A02775,Security,Hybrid,626177
A02775,Applications,On-Premise,1403119
A02775,Integration,No Footprint,0
A02776,Infrastructure,Hybrid,314621
A02776,Database,On-Premise,223400
A02776,Analytics & Data,Cloud,553436
A02776,AI & ML,Cloud,300100
A02776,Security,On-Premise,814224
A02776,Applications,On-Premise,518149
A02776,Integration,Hybrid,1829392
A02777,Infrastructure,Hybrid,1620728
A02777,Database,Hybrid,1232396
A02777,Analytics & Data,No Footprint,0
A02777,AI & ML,Cloud,384471
A02777,Security,On-Premise,1802899
A02777,Applications,Cloud,494419
A02777,Integration,Cloud,362820
A02778,Infrastructure,On-Premise,2417613
A02778,Database,No Footprint,0
A02778,Analytics & Data,Cloud,965051
A02778,AI & ML,Cloud,1507797
A02778,Security,No Footprint,0
A02778,Applications,On-Premise,230949
A02778,Integration,Cloud,1081953
A02779,Infrastructure,No Footprint,0
A02779,Database,On-Premise,599529
A02779,Analytics & Data,No Footprint,0
A02779,AI & ML,No Footprint,0
A02779,Security,On-Premise,1929894
A02779,Applications,Cloud,285612
A02779,Integration,Hybrid,284852
A02780,Infrastructure,On-Premise,1039227
A02780,Database,Hybrid,941854
A02780,Analytics & Data,Hybrid,3026265
A02780,AI & ML,Cloud,221273
A02780,Security,Hybrid,917232
A02780,Applications,Hybrid,2952108
A02780,Integration,No Footprint,0
A02781,Infrastructure,Hybrid,163127
A02781,Database,Hybrid,1462715
A02781,Analytics & Data,Hybrid,312885
A02781,AI & ML,Cloud,488263
A02781,Security,On-Premise,1340799
A02781,Applications,On-Premise,1290690
A02781,Integration,Hybrid,1195061
A02782,Infrastructure,Hybrid,2763516
A02782,Database,No Footprint,0
A02782,Analytics & Data,Hybrid,2034284
A02782,AI & ML,Cloud,392412
A02782,Security,Cloud,933924
A02782,Applications,On-Premise,4437328
A02782,Integration,Cloud,1199748
A02783,Infrastructure,On-Premise,2362109
A02783,Database,On-Premise,1009582
A02783,Analytics & Data,Cloud,1179058
A02783,AI & ML,No Footprint,0
A02783,Security,Cloud,521482
A02783,Applications,On-Premise,224397
A02783,Integration,Hybrid,179154
A02784,Infrastructure,On-Premise,1118948
A02784,Database,Cloud,1644870
A02784,Analytics & Data,No Footprint,0
A02784,AI & ML,Cloud,1475746
A02784,Security,No Footprint,0
A02784,Applications,Hybrid,1636737
A02784,Integration,Hybrid,2005526
A02785,Infrastructure,On-Premise,2139450
A02785,Database,Hybrid,2379622
A02785,Analytics & Data,Cloud,858295
A02785,AI & ML,Cloud,175673
A02785,Security,Hybrid,3258848
A02785,Applications,Hybrid,4267581
A02785,Integration,No Footprint,0
A02786,Infrastructure,No Footprint,0
A02786,Database,On-Premise,2606293
A02786,Analytics & Data,Hybrid,300500
A02786,AI & ML,Cloud,536252
A02786,Security,Hybrid,365532
A02786,Applications,Cloud,677910
A02786,Integration,No Footprint,0
A02787,Infrastructure,On-Premise,1108844
A02787,Database,No Footprint,0
A02787,Analytics & Data,Hybrid,1067831
A02787,AI & ML,Cloud,722331
A02787,Security,On-Premise,1727397
A02787,Applications,No Footprint,0
A02787,Integration,No Footprint,0
A02788,Infrastructure,No Footprint,0
A02788,Database,On-Premise,670843
A02788,Analytics & Data,Cloud,1303085
A02788,AI & ML,Cloud,506318
A02788,Security,On-Premise,758009
A02788,Applications,No Footprint,0
A02788,Integration,Hybrid,441385
A02789,Infrastructure,No Footprint,0
A02789,Database,No Footprint,0
A02789,Analytics & Data,No Footprint,0
A02789,AI & ML,Cloud,850595
A02789,Security,On-Premise,506203
A02789,Applications,No Footprint,0
A02789,Integration,Cloud,477838
A02790,Infrastructure,On-Premise,393649
A02790,Database,Cloud,733945
A02790,Analytics & Data,Hybrid,909949
A02790,AI & ML,No Footprint,0
A02790,Security,Cloud,477122
A02790,Applications,No Footprint,0
A02790,Integration,Cloud,221359
A02791,Infrastructure,Cloud,912097
A02791,Database,Cloud,899402
A02791,Analytics & Data,Cloud,1380507
A02791,AI & ML,Cloud,551712
A02791,Security,No Footprint,0
A02791,Applications,On-Premise,596087
A02791,Integration,No Footprint,0
A02792,Infrastructure,Hybrid,3003048
A02792,Database,On-Premise,2826267
A02792,Analytics & Data,Cloud,613465
A02792,AI & ML,Cloud,469225
A02792,Security,No Footprint,0
A02792,Applications,No Footprint,0
A02792,Integration,Cloud,626274
A02793,Infrastructure,No Footprint,0
A02793,Database,Hybrid,665526
A02793,Analytics & Data,Hybrid,240589
A02793,AI & ML,Cloud,794892
A02793,Security,On-Premise,500564
A02793,Applications,On-Premise,1370412
A02793,Integration,Cloud,205382
A02794,Infrastructure,No Footprint,0
A02794,Database,Hybrid,1361962
A02794,Analytics & Data,Hybrid,500355
A02794,AI & ML,Cloud,1565657
A02794,Security,On-Premise,704724
A02794,Applications,Hybrid,503162
A02794,Integration,Hybrid,1606973
A02795,Infrastructure,On-Premise,399952
A02795,Database,No Footprint,0
A02795,Analytics & Data,Cloud,265440
A02795,AI & ML,No Footprint,0
A02795,Security,Cloud,1527793
A02795,Applications,On-Premise,408257
A02795,Integration,No Footprint,0
A02796,Infrastructure,Cloud,513696
A02796,Database,Cloud,1352563
A02796,Analytics & Data,Cloud,428770
A02796,AI & ML,Cloud,492561
A02796,Security,No Footprint,0
A02796,Applications,Cloud,249684
A02796,Integration,No Footprint,0
A02797,Infrastructure,Hybrid,543735
A02797,Database,No Footprint,0
A02797,Analytics & Data,Hybrid,704112
A02797,AI & ML,No Footprint,0
A02797,Security,No Footprint,0
A02797,Applications,Hybrid,757623
A02797,Integration,Cloud,65984
A02798,Infrastructure,Hybrid,493283
A02798,Database,No Footprint,0
A02798,Analytics & Data,Cloud,897083
A02798,AI & ML,No Footprint,0
A02798,Security,No Footprint,0
A02798,Applications,Hybrid,134030
A02798,Integration,No Footprint,0
A02799,Infrastructure,Hybrid,429143
A02799,Database,Hybrid,57153
A02799,Analytics & Data,Cloud,202410
A02799,AI & ML,Cloud,290268
A02799,Security,No Footprint,0
A02799,Applications,No Footprint,0
A02799,Integration,No Footprint,0
A02800,Infrastructure,No Footprint,0
A02800,Database,Hybrid,557918
A02800,Analytics & Data,No Footprint,0
A02800,AI & ML,Cloud,1206743
A02800,Security,No Footprint,0
A02800,Applications,Cloud,627348
A02800,Integration,Hybrid,381401
A02801,Infrastructure,No Footprint,0
A02801,Database,Hybrid,1881721
A02801,Analytics & Data,Hybrid,1113550
A02801,AI & ML,Cloud,851795
A02801,Security,On-Premise,1599249
A02801,Applications,Cloud,1184334
A02801,Integration,Hybrid,3700466
A02802,Infrastructure,No Footprint,0
A02802,Database,Hybrid,951182
A02802,Analytics & Data,No Footprint,0
A02802,AI & ML,Cloud,188795
A02802,Security,Hybrid,1353326
A02802,Applications,No Footprint,0
A02802,Integration,No Footprint,0
A02803,Infrastructure,No Footprint,0
A02803,Database,No Footprint,0
A02803,Analytics & Data,No Footprint,0
A02803,AI & ML,Cloud,920018
A02803,Security,On-Premise,2725304
A02803,Applications,No Footprint,0
A02803,Integration,Hybrid,128871
A02804,Infrastructure,Hybrid,535320
A02804,Database,Cloud,1571007
A02804,Analytics & Data,Hybrid,205565
A02804,AI & ML,No Footprint,0
A02804,Security,Cloud,227798
A02804,Applications,On-Premise,832844
A02804,Integration,Cloud,526947
A02805,Infrastructure,Hybrid,417013
A02805,Database,Hybrid,100626
A02805,Analytics & Data,Hybrid,2621743
A02805,AI & ML,Cloud,907672
A02805,Security,Cloud,1483917
A02805,Applications,Hybrid,297870
A02805,Integration,Cloud,1043762
A02806,Infrastructure,Cloud,171108
A02806,Database,No Footprint,0
A02806,Analytics & Data,Hybrid,432338
A02806,AI & ML,Cloud,495226
A02806,Security,No Footprint,0
A02806,Applications,On-Premise,274083
A02806,Integration,Hybrid,808279
A02807,Infrastructure,No Footprint,0
A02807,Database,On-Premise,6127472
A02807,Analytics & Data,Hybrid,786211
A02807,AI & ML,No Footprint,0
A02807,Security,On-Premise,530406
A02807,Applications,No Footprint,0
A02807,Integration,Hybrid,2577893
A02808,Infrastructure,Hybrid,548490
A02808,Database,On-Premise,3286903
A02808,Analytics & Data,No Footprint,0
A02808,AI & ML,Cloud,137377
A02808,Security,No Footprint,0
A02808,Applications,Cloud,240799
A02808,Integration,No Footprint,0
A02809,Infrastructure,Cloud,426534
A02809,Database,Cloud,385012
A02809,Analytics & Data,Hybrid,900455
A02809,AI & ML,Cloud,388625
A02809,Security,Cloud,914968
A02809,Applications,Hybrid,2526092
A02809,Integration,Cloud,140838
A02810,Infrastructure,Hybrid,623166
A02810,Database,On-Premise,7682992
A02810,Analytics & Data,No Footprint,0
A02810,AI & ML,No Footprint,0
A02810,Security,No Footprint,0
A02810,Applications,Hybrid,347592
A02810,Integration,No Footprint,0
A02811,Infrastructure,No Footprint,0
A02811,Database,Cloud,254995
A02811,Analytics & Data,Cloud,183444
A02811,AI & ML,No Footprint,0
A02811,Security,No Footprint,0
A02811,Applications,Cloud,1135757
A02811,Integration,Cloud,2692343
A02812,Infrastructure,No Footprint,0
A02812,Database,On-Premise,116252
A02812,Analytics & Data,Cloud,1442962
A02812,AI & ML,Cloud,455880
A02812,Security,On-Premise,6149669
A02812,Applications,Hybrid,2531878
A02812,Integration,Hybrid,1070696
A02813,Infrastructure,Hybrid,335873
A02813,Database,No Footprint,0
A02813,Analytics & Data,Hybrid,2427073
A02813,AI & ML,Cloud,3134505
A02813,Security,On-Premise,992468
A02813,Applications,No Footprint,0
A02813,Integration,Hybrid,269155
A02814,Infrastructure,No Footprint,0
A02814,Database,Hybrid,657458
A02814,Analytics & Data,Hybrid,734888
A02814,AI & ML,Cloud,783486
A02814,Security,On-Premise,937820
A02814,Applications,On-Premise,2599276
A02814,Integration,Hybrid,684503
A02815,Infrastructure,Cloud,1373226
A02815,Database,Hybrid,244208
A02815,Analytics & Data,Hybrid,156739
A02815,AI & ML,Cloud,793757
A02815,Security,On-Premise,5351881
A02815,Applications,Cloud,762827
A02815,Integration,Cloud,607429
A02816,Infrastructure,On-Premise,912213
A02816,Database,No Footprint,0
A02816,Analytics & Data,Hybrid,551994
A02816,AI & ML,Cloud,1477825
A02816,Security,No Footprint,0
A02816,Applications,On-Premise,510322
A02816,Integration,Cloud,1988937
A02817,Infrastructure,On-Premise,596300
A02817,Database,On-Premise,431535
A02817,Analytics & Data,Hybrid,356462
A02817,AI & ML,No Footprint,0
A02817,Security,On-Premise,362155
A02817,Applications,Hybrid,768025
A02817,Integration,Hybrid,1170205
A02818,Infrastructure,No Footprint,0
A02818,Database,On-Premise,4461752
A02818,Analytics & Data,No Footprint,0
A02818,AI & ML,Cloud,805372
A02818,Security,Cloud,706308
A02818,Applications,No Footprint,0
A02818,Integration,Cloud,747263
A02819,Infrastructure,Hybrid,589485
A02819,Database,Hybrid,846905
A02819,Analytics & Data,Cloud,723056
A02819,AI & ML,No Footprint,0
A02819,Security,Hybrid,330913
A02819,Applications,Cloud,251271
A02819,Integration,No Footprint,0
A02820,Infrastructure,Cloud,2766676
A02820,Database,No Footprint,0
A02820,Analytics & Data,No Footprint,0
A02820,AI & ML,No Footprint,0
A02820,Security,On-Premise,665013
A02820,Applications,No Footprint,0
A02820,Integration,Cloud,282102
A02821,Infrastructure,No Footprint,0
A02821,Database,Hybrid,2673022
A02821,Analytics & Data,Hybrid,3512369
A02821,AI & ML,Cloud,2672609
A02821,Security,Hybrid,175529
A02821,Applications,On-Premise,810386
A02821,Integration,No Footprint,0
A02822,Infrastructure,No Footprint,0
A02822,Database,Hybrid,605495
A02822,Analytics & Data,Cloud,308604
A02822,AI & ML,No Footprint,0
A02822,Security,Cloud,1887259
A02822,Applications,Cloud,3050128
A02822,Integration,No Footprint,0
A02823,Infrastructure,Cloud,1302094
A02823,Database,Cloud,707272
A02823,Analytics & Data,Cloud,801412
A02823,AI & ML,Cloud,439392
A02823,Security,No Footprint,0
A02823,Applications,No Footprint,0
A02823,Integration,Cloud,633525
A02824,Infrastructure,No Footprint,0
A02824,Database,On-Premise,1117283
A02824,Analytics & Data,No Footprint,0
A02824,AI & ML,Cloud,1132649
A02824,Security,No Footprint,0
A02824,Applications,No Footprint,0
A02824,Integration,Hybrid,1358269
A02825,Infrastructure,No Footprint,0
A02825,Database,On-Premise,1934832
A02825,Analytics & Data,Cloud,628323
A02825,AI & ML,Cloud,505079
A02825,Security,No Footprint,0
A02825,Applications,On-Premise,871179
A02825,Integration,Cloud,884724
A02826,Infrastructure,Hybrid,5192536
A02826,Database,Hybrid,3174330
A02826,Analytics & Data,No Footprint,0
A02826,AI & ML,Cloud,1146422
A02826,Security,Cloud,1008148
A02826,Applications,No Footprint,0
A02826,Integration,Cloud,2139864
A02827,Infrastructure,Cloud,214112
A02827,Database,No Footprint,0
A02827,Analytics & Data,Hybrid,196271
A02827,AI & ML,No Footprint,0
A02827,Security,No Footprint,0
A02827,Applications,On-Premise,948770
A02827,Integration,Hybrid,1102336
A02828,Infrastructure,Cloud,278180
A02828,Database,Cloud,1241296
A02828,Analytics & Data,No Footprint,0
A02828,AI & ML,Cloud,1299591
A02828,Security,No Footprint,0
A02828,Applications,Cloud,484310
A02828,Integration,Hybrid,1034826
A02829,Infrastructure,Cloud,312458
A02829,Database,No Footprint,0
A02829,Analytics & Data,No Footprint,0
A02829,AI & ML,Cloud,707749
A02829,Security,On-Premise,1471785
A02829,Applications,On-Premise,1695774
A02829,Integration,Cloud,882885
A02830,Infrastructure,Hybrid,1411697
A02830,Database,No Footprint,0
A02830,Analytics & Data,Cloud,297377
A02830,AI & ML,Cloud,701246
A02830,Security,Cloud,476265
A02830,Applications,Cloud,571897
A02830,Integration,Cloud,809577
A02831,Infrastructure,On-Premise,491703
A02831,Database,Cloud,391501
A02831,Analytics & Data,No Footprint,0
A02831,AI & ML,Cloud,1110426
A02831,Security,Hybrid,353073
A02831,Applications,Hybrid,177488
A02831,Integration,Cloud,1570798
A02832,Infrastructure,No Footprint,0
A02832,Database,Hybrid,1721809
A02832,Analytics & Data,Cloud,457560
A02832,AI & ML,No Footprint,0
A02832,Security,No Footprint,0
A02832,Applications,No Footprint,0
A02832,Integration,Hybrid,839746
A02833,Infrastructure,Cloud,1188102
A02833,Database,Cloud,1183739
A02833,Analytics & Data,Cloud,1211802
A02833,AI & ML,No Footprint,0
A02833,Security,Cloud,382512
A02833,Applications,Cloud,656125
A02833,Integration,Hybrid,403648
A02834,Infrastructure,No Footprint,0
A02834,Database,Cloud,630646
A02834,Analytics & Data,No Footprint,0
A02834,AI & ML,Cloud,1958357
A02834,Security,No Footprint,0
A02834,Applications,No Footprint,0
A02834,Integration,No Footprint,0
A02835,Infrastructure,Hybrid,1602014
A02835,Database,On-Premise,1194909
A02835,Analytics & Data,Hybrid,193027
A02835,AI & ML,Cloud,1351308
A02835,Security,Cloud,286708
A02835,Applications,Hybrid,172617
A02835,Integration,Cloud,2410347
A02836,Infrastructure,On-Premise,585437
A02836,Database,Cloud,5008928
A02836,Analytics & Data,Hybrid,1048456
A02836,AI & ML,Cloud,649771
A02836,Security,Hybrid,1133600
A02836,Applications,No Footprint,0
A02836,Integration,Hybrid,374175
A02837,Infrastructure,No Footprint,0
A02837,Database,Cloud,96384
A02837,Analytics & Data,Hybrid,196602
A02837,AI & ML,Cloud,958217
A02837,Security,No Footprint,0
A02837,Applications,On-Premise,807512
A02837,Integration,No Footprint,0
A02838,Infrastructure,No Footprint,0
A02838,Database,Hybrid,461357
A02838,Analytics & Data,Cloud,761354
A02838,AI & ML,Cloud,622264
A02838,Security,No Footprint,0
A02838,Applications,On-Premise,589399
A02838,Integration,No Footprint,0
A02839,Infrastructure,Hybrid,1512202
A02839,Database,On-Premise,2558842
A02839,Analytics & Data,Hybrid,1417029
A02839,AI & ML,No Footprint,0
A02839,Security,Hybrid,1439856
A02839,Applications,On-Premise,453141
A02839,Integration,Cloud,619132
A02840,Infrastructure,No Footprint,0
A02840,Database,Cloud,612187
A02840,Analytics & Data,Cloud,918419
A02840,AI & ML,No Footprint,0
A02840,Security,On-Premise,665090
A02840,Applications,Hybrid,3046821
A02840,Integration,Hybrid,906963
A02841,Infrastructure,Hybrid,1690542
A02841,Database,Cloud,140301
A02841,Analytics & Data,Cloud,2221184
A02841,AI & ML,No Footprint,0
A02841,Security,On-Premise,967798
A02841,Applications,No Footprint,0
A02841,Integration,Hybrid,599033
A02842,Infrastructure,No Footprint,0
A02842,Database,Cloud,650654
A02842,Analytics & Data,No Footprint,0
A02842,AI & ML,Cloud,2363667
A02842,Security,On-Premise,1353718
A02842,Applications,On-Premise,5539886
A02842,Integration,Hybrid,142324
A02843,Infrastructure,Cloud,1108360
A02843,Database,No Footprint,0
A02843,Analytics & Data,Cloud,394164
A02843,AI & ML,Cloud,1217796
A02843,Security,Hybrid,1347729
A02843,Applications,Hybrid,502498
A02843,Integration,No Footprint,0
A02844,Infrastructure,On-Premise,4837528
A02844,Database,Cloud,250535
A02844,Analytics & Data,No Footprint,0
A02844,AI & ML,Cloud,2424380
A02844,Security,Hybrid,1747829
A02844,Applications,Cloud,369826
A02844,Integration,No Footprint,0
A02845,Infrastructure,On-Premise,312903
A02845,Database,No Footprint,0
A02845,Analytics & Data,Hybrid,580986
A02845,AI & ML,Cloud,1694810
A02845,Security,Hybrid,1652258
A02845,Applications,On-Premise,764372
A02845,Integration,Hybrid,2008955
A02846,Infrastructure,On-Premise,7164582
A02846,Database,On-Premise,1402042
A02846,Analytics & Data,No Footprint,0
A02846,AI & ML,Cloud,2633622
A02846,Security,Hybrid,1451910
A02846,Applications,Cloud,527158
A02846,Integration,Hybrid,465439
A02847,Infrastructure,No Footprint,0
A02847,Database,On-Premise,585116
A02847,Analytics & Data,Cloud,2615948
A02847,AI & ML,No Footprint,0
A02847,Security,Hybrid,1664000
A02847,Applications,Hybrid,655418
A02847,Integration,Hybrid,886637
A02848,Infrastructure,No Footprint,0
A02848,Database,Hybrid,556493
A02848,Analytics & Data,No Footprint,0
A02848,AI & ML,No Footprint,0
A02848,Security,Cloud,176305
A02848,Applications,Hybrid,323047
A02848,Integration,Hybrid,467540
A02849,Infrastructure,Hybrid,259472
A02849,Database,On-Premise,160139
A02849,Analytics & Data,Cloud,462654
A02849,AI & ML,Cloud,968656
A02849,Security,On-Premise,491019
A02849,Applications,Cloud,2125798
A02849,Integration,Cloud,632392
A02850,Infrastructure,Hybrid,1388543
A02850,Database,On-Premise,281233
A02850,Analytics & Data,Hybrid,1068144
A02850,AI & ML,Cloud,910877
A02850,Security,Hybrid,117616
A02850,Applications,Hybrid,550681
A02850,Integration,Cloud,777179
A02851,Infrastructure,On-Premise,230878
A02851,Database,No Footprint,0
A02851,Analytics & Data,Cloud,247447
A02851,AI & ML,Cloud,385061
A02851,Security,No Footprint,0
A02851,Applications,On-Premise,1086994
A02851,Integration,Hybrid,634096
A02852,Infrastructure,No Footprint,0
A02852,Database,Hybrid,1529533
A02852,Analytics & Data,Hybrid,2986764
A02852,AI & ML,No Footprint,0
A02852,Security,Hybrid,341292
A02852,Applications,No Footprint,0
A02852,Integration,Cloud,228357
A02853,Infrastructure,On-Premise,352905
A02853,Database,On-Premise,516516
A02853,Analytics & Data,Cloud,481835
A02853,AI & ML,No Footprint,0
A02853,Security,On-Premise,862140
A02853,Applications,No Footprint,0
A02853,Integration,No Footprint,0
A02854,Infrastructure,Hybrid,554753
A02854,Database,Cloud,354334
A02854,Analytics & Data,Cloud,409062
A02854,AI & ML,Cloud,1112592
A02854,Security,Cloud,157290
A02854,Applications,Hybrid,607703
A02854,Integration,Cloud,336125
A02855,Infrastructure,Cloud,749303
A02855,Database,On-Premise,453051
A02855,Analytics & Data,Cloud,1352739
A02855,AI & ML,Cloud,830616
A02855,Security,Cloud,350069
A02855,Applications,On-Premise,875399
A02855,Integration,Hybrid,100379
A02856,Infrastructure,On-Premise,570215
A02856,Database,Cloud,651298
A02856,Analytics & Data,Cloud,717049
A02856,AI & ML,No Footprint,0
A02856,Security,Cloud,414508
A02856,Applications,Hybrid,696200
A02856,Integration,Cloud,2525514
A02857,Infrastructure,Cloud,505609
A02857,Database,Hybrid,3160496
A02857,Analytics & Data,No Footprint,0
A02857,AI & ML,No Footprint,0
A02857,Security,Cloud,625082
A02857,Applications,No Footprint,0
A02857,Integration,No Footprint,0
A02858,Infrastructure,Hybrid,522367
A02858,Database,Cloud,850548
A02858,Analytics & Data,Cloud,1274911
A02858,AI & ML,Cloud,1667032
A02858,Security,On-Premise,1383286
A02858,Applications,No Footprint,0
A02858,Integration,Cloud,1434487
A02859,Infrastructure,On-Premise,590660
A02859,Database,On-Premise,439550
A02859,Analytics & Data,Cloud,423489
A02859,AI & ML,Cloud,1722395
A02859,Security,On-Premise,640500
A02859,Applications,Hybrid,603043
A02859,Integration,No Footprint,0
A02860,Infrastructure,Cloud,368508
A02860,Database,Cloud,334583
A02860,Analytics & Data,No Footprint,0
A02860,AI & ML,Cloud,2033796
A02860,Security,On-Premise,304230
A02860,Applications,Cloud,974431
A02860,Integration,Hybrid,557699
A02861,Infrastructure,On-Premise,304424
A02861,Database,On-Premise,200216
A02861,Analytics & Data,Cloud,160821
A02861,AI & ML,Cloud,687561
A02861,Security,No Footprint,0
A02861,Applications,No Footprint,0
A02861,Integration,Hybrid,2474635
A02862,Infrastructure,On-Premise,3058377
A02862,Database,No Footprint,0
A02862,Analytics & Data,No Footprint,0
A02862,AI & ML,No Footprint,0
A02862,Security,Hybrid,1828990
A02862,Applications,Hybrid,164191
A02862,Integration,Hybrid,448783
A02863,Infrastructure,On-Premise,540809
A02863,Database,On-Premise,1063100
A02863,Analytics & Data,Cloud,1410462
A02863,AI & ML,No Footprint,0
A02863,Security,Cloud,4703779
A02863,Applications,On-Premise,171969
A02863,Integration,Hybrid,1048296
A02864,Infrastructure,No Footprint,0
A02864,Database,Hybrid,1316633
A02864,Analytics & Data,Cloud,423464
A02864,AI & ML,No Footprint,0
A02864,Security,No Footprint,0
A02864,Applications,Hybrid,571501
A02864,Integration,Cloud,846197
A02865,Infrastructure,Hybrid,302678
A02865,Database,No Footprint,0
A02865,Analytics & Data,Hybrid,280720
A02865,AI & ML,No Footprint,0
A02865,Security,Hybrid,1141028
A02865,Applications,On-Premise,1480746
A02865,Integration,Cloud,1443205
A02866,Infrastructure,No Footprint,0
A02866,Database,No Footprint,0
A02866,Analytics & Data,Cloud,148943
A02866,AI & ML,Cloud,260629
A02866,Security,Cloud,350488
A02866,Applications,No Footprint,0
A02866,Integration,Cloud,874405
A02867,Infrastructure,Hybrid,787170
A02867,Database,On-Premise,3778294
A02867,Analytics & Data,Cloud,728986
A02867,AI & ML,Cloud,802143
A02867,Security,On-Premise,546709
A02867,Applications,Hybrid,1307199
A02867,Integration,Cloud,1014924
A02868,Infrastructure,On-Premise,896291
A02868,Database,On-Premise,1782350
A02868,Analytics & Data,No Footprint,0
A02868,AI & ML,Cloud,1996250
A02868,Security,No Footprint,0
A02868,Applications,Cloud,305322
A02868,Integration,Hybrid,4035252
A02869,Infrastructure,No Footprint,0
A02869,Database,No Footprint,0
A02869,Analytics & Data,Cloud,661580
A02869,AI & ML,Cloud,1636553
A02869,Security,Hybrid,748858
A02869,Applications,Hybrid,1201300
A02869,Integration,No Footprint,0
A02870,Infrastructure,Cloud,411568
A02870,Database,On-Premise,757775
A02870,Analytics & Data,Hybrid,599087
A02870,AI & ML,No Footprint,0
A02870,Security,Cloud,2413843
A02870,Applications,No Footprint,0
A02870,Integration,No Footprint,0
A02871,Infrastructure,On-Premise,476670
A02871,Database,On-Premise,270330
A02871,Analytics & Data,Hybrid,243108
A02871,AI & ML,Cloud,2380088
A02871,Security,No Footprint,0
A02871,Applications,No Footprint,0
A02871,Integration,Cloud,391385
A02872,Infrastructure,Hybrid,384554
A02872,Database,Cloud,732302
A02872,Analytics & Data,Cloud,1673737
A02872,AI & ML,Cloud,483433
A02872,Security,No Footprint,0
A02872,Applications,On-Premise,838609
A02872,Integration,Hybrid,452318
A02873,Infrastructure,Hybrid,416421
A02873,Database,Hybrid,945942
A02873,Analytics & Data,Cloud,596505
A02873,AI & ML,Cloud,761405
A02873,Security,No Footprint,0
A02873,Applications,On-Premise,155645
A02873,Integration,No Footprint,0
A02874,Infrastructure,No Footprint,0
A02874,Database,On-Premise,500167
A02874,Analytics & Data,Hybrid,550132
A02874,AI & ML,Cloud,926012
A02874,Security,On-Premise,547322
A02874,Applications,Hybrid,2414095
A02874,Integration,Hybrid,217865
A02875,Infrastructure,On-Premise,429858
A02875,Database,On-Premise,713026
A02875,Analytics & Data,No Footprint,0
A02875,AI & ML,No Footprint,0
A02875,Security,Cloud,877728
A02875,Applications,On-Premise,5009849
A02875,Integration,Hybrid,473586
A02876,Infrastructure,Cloud,1096847
A02876,Database,On-Premise,205963
A02876,Analytics & Data,No Footprint,0
A02876,AI & ML,No Footprint,0
A02876,Security,Cloud,497061
A02876,Applications,Cloud,4940546
A02876,Integration,Cloud,224963
A02877,Infrastructure,Hybrid,1456241
A02877,Database,On-Premise,425224
A02877,Analytics & Data,Cloud,1330170
A02877,AI & ML,No Footprint,0
A02877,Security,On-Premise,2899963
A02877,Applications,Hybrid,2993833
A02877,Integration,Hybrid,1376646
A02878,Infrastructure,Cloud,515798
A02878,Database,Hybrid,323252
A02878,Analytics & Data,No Footprint,0
A02878,AI & ML,No Footprint,0
A02878,Security,Hybrid,1662797
A02878,Applications,No Footprint,0
A02878,Integration,Hybrid,1397719
A02879,Infrastructure,No Footprint,0
A02879,Database,No Footprint,0
A02879,Analytics & Data,Hybrid,2665099
A02879,AI & ML,No Footprint,0
A02879,Security,On-Premise,5127467
A02879,Applications,On-Premise,99817
A02879,Integration,No Footprint,0
A02880,Infrastructure,No Footprint,0
A02880,Database,No Footprint,0
A02880,Analytics & Data,No Footprint,0
A02880,AI & ML,Cloud,967727
A02880,Security,Hybrid,390338
A02880,Applications,Cloud,75128
A02880,Integration,Cloud,489522
A02881,Infrastructure,Cloud,422536
A02881,Database,Cloud,358778
A02881,Analytics & Data,Cloud,429900
A02881,AI & ML,Cloud,1109320
A02881,Security,Hybrid,218148
A02881,Applications,Hybrid,970893
A02881,Integration,No Footprint,0
A02882,Infrastructure,No Footprint,0
A02882,Database,Hybrid,697747
A02882,Analytics & Data,Cloud,2621815
A02882,AI & ML,No Footprint,0
A02882,Security,No Footprint,0
A02882,Applications,On-Premise,7554242
A02882,Integration,No Footprint,0
A02883,Infrastructure,Cloud,783612
A02883,Database,Hybrid,821136
A02883,Analytics & Data,No Footprint,0
A02883,AI & ML,No Footprint,0
A02883,Security,No Footprint,0
A02883,Applications,On-Premise,1264519
A02883,Integration,Cloud,359862
A02884,Infrastructure,On-Premise,616570
A02884,Database,Cloud,1573719
A02884,Analytics & Data,No Footprint,0
A02884,AI & ML,Cloud,439533
A02884,Security,Hybrid,504267
A02884,Applications,Hybrid,927033
A02884,Integration,No Footprint,0
A02885,Infrastructure,No Footprint,0
A02885,Database,Hybrid,1605362
A02885,Analytics & Data,Hybrid,2586076
A02885,AI & ML,Cloud,546256
A02885,Security,No Footprint,0
A02885,Applications,Cloud,444883
A02885,Integration,Hybrid,1357572
A02886,Infrastructure,On-Premise,961493
A02886,Database,No Footprint,0
A02886,Analytics & Data,No Footprint,0
A02886,AI & ML,Cloud,1360965
A02886,Security,On-Premise,181439
A02886,Applications,Cloud,267892
A02886,Integration,Hybrid,4231442
A02887,Infrastructure,On-Premise,693972
A02887,Database,On-Premise,320390
A02887,Analytics & Data,Cloud,823240
A02887,AI & ML,No Footprint,0
A02887,Security,Hybrid,163628
A02887,Applications,On-Premise,279651
A02887,Integration,Cloud,699899
A02888,Infrastructure,On-Premise,293078
A02888,Database,No Footprint,0
A02888,Analytics & Data,Cloud,1218769
A02888,AI & ML,Cloud,1291833
A02888,Security,No Footprint,0
A02888,Applications,Cloud,768463
A02888,Integration,Cloud,2087548
A02889,Infrastructure,No Footprint,0
A02889,Database,Hybrid,1167532
A02889,Analytics & Data,Hybrid,1180869
A02889,AI & ML,Cloud,447379
A02889,Security,Cloud,479427
A02889,Applications,Hybrid,576383
A02889,Integration,No Footprint,0
A02890,Infrastructure,On-Premise,120141
A02890,Database,No Footprint,0
A02890,Analytics & Data,Cloud,285328
A02890,AI & ML,Cloud,906187
A02890,Security,No Footprint,0
A02890,Applications,On-Premise,510119
A02890,Integration,Cloud,743410
A02891,Infrastructure,Hybrid,132276
A02891,Database,No Footprint,0
A02891,Analytics & Data,Cloud,398350
A02891,AI & ML,Cloud,1026351
A02891,Security,No Footprint,0
A02891,Applications,Cloud,325061
A02891,Integration,No Footprint,0
A02892,Infrastructure,Hybrid,829249
A02892,Database,Cloud,2468072
A02892,Analytics & Data,Hybrid,365765
A02892,AI & ML,Cloud,314901
A02892,Security,Hybrid,569189
A02892,Applications,No Footprint,0
A02892,Integration,Cloud,889427
A02893,Infrastructure,Hybrid,174553
A02893,Database,Hybrid,1366722
A02893,Analytics & Data,No Footprint,0
A02893,AI & ML,Cloud,647004
A02893,Security,No Footprint,0
A02893,Applications,On-Premise,1128892
A02893,Integration,No Footprint,0
A02894,Infrastructure,On-Premise,3428641
A02894,Database,No Footprint,0
A02894,Analytics & Data,Cloud,332171
A02894,AI & ML,Cloud,784978
A02894,Security,On-Premise,1521431
A02894,Applications,No Footprint,0
A02894,Integration,No Footprint,0
A02895,Infrastructure,On-Premise,781026
A02895,Database,No Footprint,0
A02895,Analytics & Data,Cloud,284437
A02895,AI & ML,Cloud,791547
A02895,Security,Hybrid,149785
A02895,Applications,Cloud,1773395
A02895,Integration,Hybrid,1676197
A02896,Infrastructure,Hybrid,690504
A02896,Database,Cloud,334400
A02896,Analytics & Data,No Footprint,0
A02896,AI & ML,Cloud,1580508
A02896,Security,Cloud,205163
A02896,Applications,On-Premise,1709206
A02896,Integration,Hybrid,1151999
A02897,Infrastructure,Hybrid,747806
A02897,Database,Cloud,1836672
A02897,Analytics & Data,No Footprint,0
A02897,AI & ML,No Footprint,0
A02897,Security,Hybrid,1777985
A02897,Applications,Cloud,1032365
A02897,Integration,Hybrid,522815
A02898,Infrastructure,Cloud,315756
A02898,Database,No Footprint,0
A02898,Analytics & Data,Hybrid,269214
A02898,AI & ML,Cloud,853926
A02898,Security,Cloud,198218
A02898,Applications,Hybrid,953733
A02898,Integration,Cloud,268764
A02899,Infrastructure,No Footprint,0
A02899,Database,On-Premise,2559482
A02899,Analytics & Data,No Footprint,0
A02899,AI & ML,Cloud,240017
A02899,Security,On-Premise,258952
A02899,Applications,On-Premise,932935
A02899,Integration,Hybrid,465536
A02900,Infrastructure,No Footprint,0
A02900,Database,On-Premise,155365
A02900,Analytics & Data,Hybrid,670108
A02900,AI & ML,Cloud,956219
A02900,Security,No Footprint,0
A02900,Applications,Cloud,188275
A02900,Integration,Hybrid,556130
A02901,Infrastructure,No Footprint,0
A02901,Database,Cloud,262904
A02901,Analytics & Data,Cloud,212803
A02901,AI & ML,Cloud,748149
A02901,Security,No Footprint,0
A02901,Applications,On-Premise,483478
A02901,Integration,Hybrid,1231151
A02902,Infrastructure,No Footprint,0
A02902,Database,On-Premise,168809
A02902,Analytics & Data,No Footprint,0
A02902,AI & ML,No Footprint,0
A02902,Security,Hybrid,462443
A02902,Applications,Hybrid,205754
A02902,Integration,Cloud,1612449
A02903,Infrastructure,No Footprint,0
A02903,Database,On-Premise,788082
A02903,Analytics & Data,No Footprint,0
A02903,AI & ML,Cloud,1478490
A02903,Security,On-Premise,404677
A02903,Applications,No Footprint,0
A02903,Integration,Cloud,1717759
A02904,Infrastructure,On-Premise,471223
A02904,Database,No Footprint,0
A02904,Analytics & Data,Hybrid,124366
A02904,AI & ML,No Footprint,0
A02904,Security,Hybrid,891335
A02904,Applications,No Footprint,0
A02904,Integration,No Footprint,0
A02905,Infrastructure,On-Premise,1130531
A02905,Database,On-Premise,831311
A02905,Analytics & Data,Hybrid,883886
A02905,AI & ML,Cloud,2199936
A02905,Security,Hybrid,1898161
A02905,Applications,Hybrid,539359
A02905,Integration,Cloud,315820
A02906,Infrastructure,Hybrid,4017110
A02906,Database,On-Premise,1134135
A02906,Analytics & Data,Cloud,1160205
A02906,AI & ML,No Footprint,0
A02906,Security,Hybrid,675992
A02906,Applications,On-Premise,1846315
A02906,Integration,Cloud,497114
A02907,Infrastructure,Hybrid,303387
A02907,Database,No Footprint,0
A02907,Analytics & Data,Cloud,184713
A02907,AI & ML,No Footprint,0
A02907,Security,On-Premise,3182631
A02907,Applications,On-Premise,2969634
A02907,Integration,Cloud,2480511
A02908,Infrastructure,On-Premise,916682
A02908,Database,Hybrid,506066
A02908,Analytics & Data,Cloud,361689
A02908,AI & ML,Cloud,772063
A02908,Security,No Footprint,0
A02908,Applications,On-Premise,1120566
A02908,Integration,No Footprint,0
A02909,Infrastructure,No Footprint,0
A02909,Database,Hybrid,729225
A02909,Analytics & Data,Hybrid,634331
A02909,AI & ML,Cloud,707641
A02909,Security,Cloud,1952374
A02909,Applications,No Footprint,0
A02909,Integration,Cloud,2899382
A02910,Infrastructure,No Footprint,0
A02910,Database,Hybrid,2871963
A02910,Analytics & Data,Hybrid,1557188
A02910,AI & ML,Cloud,632179
A02910,Security,Cloud,1114961
A02910,Applications,On-Premise,775274
A02910,Integration,No Footprint,0
A02911,Infrastructure,Hybrid,1012608
A02911,Database,Cloud,170092
A02911,Analytics & Data,Hybrid,221610
A02911,AI & ML,Cloud,398106
A02911,Security,Cloud,3781057
A02911,Applications,On-Premise,87111
A02911,Integration,No Footprint,0
A02912,Infrastructure,On-Premise,1765246
A02912,Database,No Footprint,0
A02912,Analytics & Data,No Footprint,0
A02912,AI & ML,No Footprint,0
A02912,Security,Hybrid,1109957
A02912,Applications,On-Premise,2385611
A02912,Integration,Cloud,714301
A02913,Infrastructure,On-Premise,684646
A02913,Database,Cloud,1586716
A02913,Analytics & Data,Hybrid,337373
A02913,AI & ML,Cloud,793207
A02913,Security,No Footprint,0
A02913,Applications,On-Premise,815785
A02913,Integration,Hybrid,150604
A02914,Infrastructure,Cloud,766314
A02914,Database,No Footprint,0
A02914,Analytics & Data,Cloud,949100
A02914,AI & ML,Cloud,787661
A02914,Security,No Footprint,0
A02914,Applications,Cloud,298507
A02914,Integration,Cloud,384729
A02915,Infrastructure,Cloud,767747
A02915,Database,On-Premise,1363241
A02915,Analytics & Data,Cloud,1701703
A02915,AI & ML,Cloud,1423063
A02915,Security,On-Premise,3627836
A02915,Applications,Hybrid,302158
A02915,Integration,Cloud,4663276
A02916,Infrastructure,Hybrid,2996243
A02916,Database,Cloud,1536551
A02916,Analytics & Data,No Footprint,0
A02916,AI & ML,Cloud,1519799
A02916,Security,Cloud,423005
A02916,Applications,On-Premise,4350442
A02916,Integration,Cloud,1229700
A02917,Infrastructure,Cloud,235054
A02917,Database,Cloud,1464013
A02917,Analytics & Data,No Footprint,0
A02917,AI & ML,No Footprint,0
A02917,Security,Cloud,805144
A02917,Applications,On-Premise,2281353
A02917,Integration,Cloud,559609
A02918,Infrastructure,No Footprint,0
A02918,Database,On-Premise,764971
A02918,Analytics & Data,Cloud,1406824
A02918,AI & ML,Cloud,258175
A02918,Security,Hybrid,646866
A02918,Applications,No Footprint,0
A02918,Integration,Cloud,142875
A02919,Infrastructure,Cloud,802108
A02919,Database,No Footprint,0
A02919,Analytics & Data,No Footprint,0
A02919,AI & ML,Cloud,1212590
A02919,Security,On-Premise,3379350
A02919,Applications,On-Premise,446471
A02919,Integration,Cloud,733732
A02920,Infrastructure,On-Premise,1001486
A02920,Database,No Footprint,0
A02920,Analytics & Data,No Footprint,0
A02920,AI & ML,No Footprint,0
A02920,Security,Cloud,2687794
A02920,Applications,Hybrid,7817171
A02920,Integration,Hybrid,488779
A02921,Infrastructure,Hybrid,226132
A02921,Database,No Footprint,0
A02921,Analytics & Data,No Footprint,0
A02921,AI & ML,Cloud,1731796
A02921,Security,No Footprint,0
A02921,Applications,No Footprint,0
A02921,Integration,No Footprint,0
A02922,Infrastructure,On-Premise,452872
A02922,Database,Cloud,1723808
A02922,Analytics & Data,Cloud,675634
A02922,AI & ML,Cloud,353129
A02922,Security,On-Premise,935468
A02922,Applications,No Footprint,0
A02922,Integration,Hybrid,3208296
A02923,Infrastructure,On-Premise,155097
A02923,Database,On-Premise,1586290
A02923,Analytics & Data,No Footprint,0
A02923,AI & ML,Cloud,1493499
A02923,Security,No Footprint,0
A02923,Applications,On-Premise,882103
A02923,Integration,Hybrid,389752
A02924,Infrastructure,Hybrid,307546
A02924,Database,Hybrid,446982
A02924,Analytics & Data,No Footprint,0
A02924,AI & ML,Cloud,1199450
A02924,Security,On-Premise,287682
A02924,Applications,No Footprint,0
A02924,Integration,No Footprint,0
A02925,Infrastructure,No Footprint,0
A02925,Database,On-Premise,2599825
A02925,Analytics & Data,Cloud,1478670
A02925,AI & ML,Cloud,368701
A02925,Security,Hybrid,412800
A02925,Applications,No Footprint,0
A02925,Integration,No Footprint,0
A02926,Infrastructure,No Footprint,0
A02926,Database,On-Premise,3576532
A02926,Analytics & Data,No Footprint,0
A02926,AI & ML,Cloud,567250
A02926,Security,Cloud,288954
A02926,Applications,On-Premise,441390
A02926,Integration,Cloud,436876
A02927,Infrastructure,Hybrid,1043466
A02927,Database,Hybrid,268446
A02927,Analytics & Data,No Footprint,0
A02927,AI & ML,Cloud,889822
A02927,Security,No Footprint,0
A02927,Applications,On-Premise,1624849
A02927,Integration,No Footprint,0
A02928,Infrastructure,No Footprint,0
A02928,Database,No Footprint,0
A02928,Analytics & Data,Cloud,191553
A02928,AI & ML,Cloud,1008736
A02928,Security,Cloud,103316
A02928,Applications,On-Premise,2502688
A02928,Integration,No Footprint,0
A02929,Infrastructure,No Footprint,0
A02929,Database,Cloud,116178
A02929,Analytics & Data,Hybrid,567826
A02929,AI & ML,No Footprint,0
A02929,Security,On-Premise,1605253
A02929,Applications,No Footprint,0
A02929,Integration,Cloud,563632
A02930,Infrastructure,Cloud,660741
A02930,Database,Hybrid,433570
A02930,Analytics & Data,Hybrid,662765
A02930,AI & ML,Cloud,2461817
A02930,Security,Cloud,466007
A02930,Applications,No Footprint,0
A02930,Integration,Hybrid,132989
A02931,Infrastructure,Hybrid,366727
A02931,Database,Cloud,403101
A02931,Analytics & Data,Hybrid,317199
A02931,AI & ML,Cloud,586415
A02931,Security,Hybrid,1520345
A02931,Applications,On-Premise,712853
A02931,Integration,Cloud,1165999
A02932,Infrastructure,Hybrid,219162
A02932,Database,On-Premise,1609337
A02932,Analytics & Data,Cloud,2746671
A02932,AI & ML,No Footprint,0
A02932,Security,No Footprint,0
A02932,Applications,On-Premise,420544
A02932,Integration,Cloud,236975
A02933,Infrastructure,No Footprint,0
A02933,Database,No Footprint,0
A02933,Analytics & Data,Cloud,397931
A02933,AI & ML,No Footprint,0
A02933,Security,On-Premise,446241
A02933,Applications,Hybrid,245945
A02933,Integration,Cloud,1318701
A02934,Infrastructure,Hybrid,2510031
A02934,Database,Hybrid,1442058
A02934,Analytics & Data,Cloud,1609338
A02934,AI & ML,No Footprint,0
A02934,Security,Hybrid,307425
A02934,Applications,On-Premise,276150
A02934,Integration,Cloud,1548204
A02935,Infrastructure,Cloud,479313
A02935,Database,Cloud,203852
A02935,Analytics & Data,Hybrid,672635
A02935,AI & ML,Cloud,304199
A02935,Security,Cloud,373773
A02935,Applications,Cloud,918130
A02935,Integration,Cloud,386828
A02936,Infrastructure,Cloud,144816
A02936,Database,Hybrid,656333
A02936,Analytics & Data,No Footprint,0
A02936,AI & ML,Cloud,307010
A02936,Security,Hybrid,1823008
A02936,Applications,On-Premise,147450
A02936,Integration,Cloud,196601
A02937,Infrastructure,On-Premise,2802816
A02937,Database,On-Premise,137419
A02937,Analytics & Data,No Footprint,0
A02937,AI & ML,Cloud,621008
A02937,Security,Hybrid,438882
A02937,Applications,Cloud,434366
A02937,Integration,No Footprint,0
A02938,Infrastructure,On-Premise,2255545
A02938,Database,Cloud,1285367
A02938,Analytics & Data,Cloud,460702
A02938,AI & ML,No Footprint,0
A02938,Security,Hybrid,1333625
A02938,Applications,Cloud,193121
A02938,Integration,Hybrid,964032
A02939,Infrastructure,On-Premise,530515
A02939,Database,Hybrid,533792
A02939,Analytics & Data,Cloud,505686
A02939,AI & ML,Cloud,718267
A02939,Security,Hybrid,2812373
A02939,Applications,Cloud,611163
A02939,Integration,Cloud,656704
A02940,Infrastructure,No Footprint,0
A02940,Database,No Footprint,0
A02940,Analytics & Data,Hybrid,1140208
A02940,AI & ML,Cloud,622395
A02940,Security,No Footprint,0
A02940,Applications,On-Premise,703864
A02940,Integration,No Footprint,0
A02941,Infrastructure,Hybrid,439143
A02941,Database,Hybrid,2787153
A02941,Analytics & Data,Cloud,1894790
A02941,AI & ML,Cloud,1107957
A02941,Security,On-Premise,788935
A02941,Applications,No Footprint,0
A02941,Integration,Cloud,619013
A02942,Infrastructure,Hybrid,1776915
A02942,Database,Hybrid,986383
A02942,Analytics & Data,No Footprint,0
A02942,AI & ML,Cloud,1306048
A02942,Security,On-Premise,4775649
A02942,Applications,Hybrid,428207
A02942,Integration,Hybrid,1260183
A02943,Infrastructure,On-Premise,761912
A02943,Database,No Footprint,0
A02943,Analytics & Data,Hybrid,312058
A02943,AI & ML,Cloud,2651814
A02943,Security,Cloud,383502
A02943,Applications,No Footprint,0
A02943,Integration,No Footprint,0
A02944,Infrastructure,On-Premise,1658409
A02944,Database,No Footprint,0
A02944,Analytics & Data,Cloud,454693
A02944,AI & ML,Cloud,1362022
A02944,Security,No Footprint,0
A02944,Applications,No Footprint,0
A02944,Integration,No Footprint,0
A02945,Infrastructure,No Footprint,0
A02945,Database,On-Premise,1666064
A02945,Analytics & Data,Cloud,647321
A02945,AI & ML,Cloud,805939
A02945,Security,On-Premise,739615
A02945,Applications,No Footprint,0
A02945,Integration,Cloud,945890
A02946,Infrastructure,No Footprint,0
A02946,Database,On-Premise,2023943
A02946,Analytics & Data,Cloud,2014064
A02946,AI & ML,Cloud,2809507
A02946,Security,On-Premise,451297
A02946,Applications,No Footprint,0
A02946,Integration,Hybrid,167078
A02947,Infrastructure,Hybrid,728611
A02947,Database,No Footprint,0
A02947,Analytics & Data,Cloud,301987
A02947,AI & ML,Cloud,1106266
A02947,Security,Hybrid,1093982
A02947,Applications,Hybrid,3406509
A02947,Integration,No Footprint,0
A02948,Infrastructure,On-Premise,4290635
A02948,Database,No Footprint,0
A02948,Analytics & Data,No Footprint,0
A02948,AI & ML,Cloud,633955
A02948,Security,No Footprint,0
A02948,Applications,Hybrid,1617900
A02948,Integration,Hybrid,479032
A02949,Infrastructure,Hybrid,691043
A02949,Database,On-Premise,499228
A02949,Analytics & Data,No Footprint,0
A02949,AI & ML,Cloud,372272
A02949,Security,Hybrid,113561
A02949,Applications,No Footprint,0
A02949,Integration,No Footprint,0
A02950,Infrastructure,No Footprint,0
A02950,Database,On-Premise,425939
A02950,Analytics & Data,Cloud,181962
A02950,AI & ML,No Footprint,0
A02950,Security,Cloud,919783
A02950,Applications,On-Premise,1246337
A02950,Integration,Hybrid,1198489
A02951,Infrastructure,On-Premise,339841
A02951,Database,Hybrid,1287675
A02951,Analytics & Data,Hybrid,812384
A02951,AI & ML,Cloud,269051
A02951,Security,Cloud,339207
A02951,Applications,On-Premise,680388
A02951,Integration,Cloud,1323725
A02952,Infrastructure,On-Premise,929174
A02952,Database,On-Premise,1038681
A02952,Analytics & Data,Cloud,737941
A02952,AI & ML,Cloud,590012
A02952,Security,Cloud,387919
A02952,Applications,Hybrid,585732
A02952,Integration,No Footprint,0
A02953,Infrastructure,Hybrid,514784
A02953,Database,Hybrid,935288
A02953,Analytics & Data,Hybrid,516677
A02953,AI & ML,Cloud,319575
A02953,Security,On-Premise,76954
A02953,Applications,Cloud,378357
A02953,Integration,Cloud,720757
A02954,Infrastructure,Cloud,1740999
A02954,Database,Hybrid,1190748
A02954,Analytics & Data,Hybrid,67653
A02954,AI & ML,Cloud,4685930
A02954,Security,Cloud,387656
A02954,Applications,On-Premise,2311797
A02954,Integration,Cloud,538864
A02955,Infrastructure,Hybrid,1596155
A02955,Database,No Footprint,0
A02955,Analytics & Data,No Footprint,0
A02955,AI & ML,Cloud,1601938
A02955,Security,Hybrid,438342
A02955,Applications,On-Premise,1148570
A02955,Integration,Cloud,875166
A02956,Infrastructure,No Footprint,0
A02956,Database,No Footprint,0
A02956,Analytics & Data,Cloud,530358
A02956,AI & ML,Cloud,860323
A02956,Security,No Footprint,0
A02956,Applications,Cloud,522186
A02956,Integration,Hybrid,592279
A02957,Infrastructure,No Footprint,0
A02957,Database,Cloud,398246
A02957,Analytics & Data,Cloud,1445545
A02957,AI & ML,Cloud,1591692
A02957,Security,On-Premise,477280
A02957,Applications,No Footprint,0
A02957,Integration,No Footprint,0
A02958,Infrastructure,Cloud,715789
A02958,Database,On-Premise,471040
A02958,Analytics & Data,No Footprint,0
A02958,AI & ML,Cloud,379648
A02958,Security,Hybrid,176425
A02958,Applications,Cloud,1122255
A02958,Integration,No Footprint,0
A02959,Infrastructure,Cloud,1608861
A02959,Database,On-Premise,1294054
A02959,Analytics & Data,No Footprint,0
A02959,AI & ML,Cloud,363069
A02959,Security,On-Premise,484247
A02959,Applications,Hybrid,297488
A02959,Integration,No Footprint,0
A02960,Infrastructure,Cloud,1062216
A02960,Database,Hybrid,1082884
A02960,Analytics & Data,Cloud,756354
A02960,AI & ML,Cloud,607514
A02960,Security,Cloud,192660
A02960,Applications,Cloud,1037535
A02960,Integration,Cloud,498335
A02961,Infrastructure,On-Premise,2265451
A02961,Database,No Footprint,0
A02961,Analytics & Data,No Footprint,0
A02961,AI & ML,Cloud,428482
A02961,Security,No Footprint,0
A02961,Applications,On-Premise,1002299
A02961,Integration,No Footprint,0
A02962,Infrastructure,Hybrid,850435
A02962,Database,Cloud,1960034
A02962,Analytics & Data,Hybrid,332589
A02962,AI & ML,No Footprint,0
A02962,Security,No Footprint,0
A02962,Applications,Cloud,5432870
A02962,Integration,Cloud,110276
A02963,Infrastructure,No Footprint,0
A02963,Database,On-Premise,2652466
A02963,Analytics & Data,Cloud,822223
A02963,AI & ML,No Footprint,0
A02963,Security,On-Premise,1448506
A02963,Applications,On-Premise,280522
A02963,Integration,No Footprint,0
A02964,Infrastructure,On-Premise,355429
A02964,Database,No Footprint,0
A02964,Analytics & Data,Hybrid,4747806
A02964,AI & ML,Cloud,427427
A02964,Security,Cloud,1589909
A02964,Applications,On-Premise,1650943
A02964,Integration,Cloud,2320852
A02965,Infrastructure,No Footprint,0
A02965,Database,Hybrid,1406423
A02965,Analytics & Data,Cloud,3005533
A02965,AI & ML,Cloud,964293
A02965,Security,Cloud,443934
A02965,Applications,No Footprint,0
A02965,Integration,Cloud,1123546
A02966,Infrastructure,On-Premise,1848816
A02966,Database,Hybrid,438995
A02966,Analytics & Data,No Footprint,0
A02966,AI & ML,No Footprint,0
A02966,Security,On-Premise,1772193
A02966,Applications,Hybrid,142439
A02966,Integration,Hybrid,1339224
A02967,Infrastructure,Hybrid,1371117
A02967,Database,No Footprint,0
A02967,Analytics & Data,No Footprint,0
A02967,AI & ML,No Footprint,0
A02967,Security,Hybrid,2608067
A02967,Applications,Cloud,1050425
A02967,Integration,Hybrid,1070070
A02968,Infrastructure,On-Premise,358766
A02968,Database,Hybrid,3419120
A02968,Analytics & Data,No Footprint,0
A02968,AI & ML,No Footprint,0
A02968,Security,Hybrid,582728
A02968,Applications,Cloud,232367
A02968,Integration,Hybrid,468676
A02969,Infrastructure,On-Premise,1012441
A02969,Database,On-Premise,3252538
A02969,Analytics & Data,Hybrid,228013
A02969,AI & ML,Cloud,698381
A02969,Security,Hybrid,1322685
A02969,Applications,On-Premise,918372
A02969,Integration,No Footprint,0
A02970,Infrastructure,Cloud,126548
A02970,Database,Cloud,4028358
A02970,Analytics & Data,Hybrid,2723038
A02970,AI & ML,Cloud,308771
A02970,Security,Cloud,356908
A02970,Applications,On-Premise,796951
A02970,Integration,Cloud,1086242
A02971,Infrastructure,On-Premise,1315850
A02971,Database,Cloud,1210527
A02971,Analytics & Data,No Footprint,0
A02971,AI & ML,Cloud,183376
A02971,Security,On-Premise,837144
A02971,Applications,On-Premise,63947
A02971,Integration,Hybrid,535056
A02972,Infrastructure,No Footprint,0
A02972,Database,Cloud,652727
A02972,Analytics & Data,No Footprint,0
A02972,AI & ML,No Footprint,0
A02972,Security,Cloud,657563
A02972,Applications,Cloud,1483843
A02972,Integration,Cloud,1052406
A02973,Infrastructure,On-Premise,441611
A02973,Database,On-Premise,296567
A02973,Analytics & Data,Cloud,3567800
A02973,AI & ML,No Footprint,0
A02973,Security,On-Premise,599608
A02973,Applications,On-Premise,2622943
A02973,Integration,No Footprint,0
A02974,Infrastructure,No Footprint,0
A02974,Database,Hybrid,187007
A02974,Analytics & Data,No Footprint,0
A02974,AI & ML,Cloud,1409292
A02974,Security,No Footprint,0
A02974,Applications,Cloud,700078
A02974,Integration,Cloud,456169
A02975,Infrastructure,On-Premise,1152141
A02975,Database,No Footprint,0
A02975,Analytics & Data,Hybrid,1510740
A02975,AI & ML,Cloud,2784447
A02975,Security,On-Premise,232939
A02975,Applications,Hybrid,605504
A02975,Integration,Hybrid,1455320
A02976,Infrastructure,Hybrid,600120
A02976,Database,No Footprint,0
A02976,Analytics & Data,No Footprint,0
A02976,AI & ML,Cloud,506893
A02976,Security,Cloud,4128842
A02976,Applications,On-Premise,656023
A02976,Integration,Hybrid,3167325
A02977,Infrastructure,No Footprint,0
A02977,Database,No Footprint,0
A02977,Analytics & Data,Hybrid,216162
A02977,AI & ML,No Footprint,0
A02977,Security,No Footprint,0
A02977,Applications,Cloud,321877
A02977,Integration,Hybrid,569676
A02978,Infrastructure,Hybrid,1870311
A02978,Database,No Footprint,0
A02978,Analytics & Data,No Footprint,0
A02978,AI & ML,Cloud,953641
A02978,Security,Hybrid,695773
A02978,Applications,On-Premise,390054
A02978,Integration,Hybrid,5218378
A02979,Infrastructure,On-Premise,66011
A02979,Database,On-Premise,180323
A02979,Analytics & Data,No Footprint,0
A02979,AI & ML,No Footprint,0
A02979,Security,No Footprint,0
A02979,Applications,Cloud,1309355
A02979,Integration,Hybrid,1206859
A02980,Infrastructure,Cloud,572176
A02980,Database,No Footprint,0
A02980,Analytics & Data,Hybrid,580538
A02980,AI & ML,Cloud,1396141
A02980,Security,No Footprint,0
A02980,Applications,No Footprint,0
A02980,Integration,Hybrid,861274
A02981,Infrastructure,On-Premise,1052799
A02981,Database,On-Premise,3466623
A02981,Analytics & Data,Cloud,1090316
A02981,AI & ML,Cloud,2383693
A02981,Security,No Footprint,0
A02981,Applications,On-Premise,167036
A02981,Integration,No Footprint,0
A02982,Infrastructure,No Footprint,0
A02982,Database,No Footprint,0
A02982,Analytics & Data,Hybrid,635058
A02982,AI & ML,Cloud,1148646
A02982,Security,Hybrid,908560
A02982,Applications,Cloud,1469676
A02982,Integration,Hybrid,638234
A02983,Infrastructure,On-Premise,429259
A02983,Database,On-Premise,578957
A02983,Analytics & Data,Cloud,1053270
A02983,AI & ML,Cloud,358182
A02983,Security,Hybrid,639550
A02983,Applications,On-Premise,1529411
A02983,Integration,No Footprint,0
A02984,Infrastructure,On-Premise,3326664
A02984,Database,On-Premise,1328586
A02984,Analytics & Data,No Footprint,0
A02984,AI & ML,No Footprint,0
A02984,Security,No Footprint,0
A02984,Applications,On-Premise,672962
A02984,Integration,No Footprint,0
A02985,Infrastructure,Cloud,449258
A02985,Database,No Footprint,0
A02985,Analytics & Data,Hybrid,553661
A02985,AI & ML,Cloud,1066723
A02985,Security,Hybrid,251633
A02985,Applications,No Footprint,0
A02985,Integration,No Footprint,0
A02986,Infrastructure,Hybrid,758507
A02986,Database,No Footprint,0
A02986,Analytics & Data,No Footprint,0
A02986,AI & ML,Cloud,939829
A02986,Security,No Footprint,0
A02986,Applications,Hybrid,242332
A02986,Integration,No Footprint,0
A02987,Infrastructure,No Footprint,0
A02987,Database,No Footprint,0
A02987,Analytics & Data,Hybrid,190144
A02987,AI & ML,Cloud,2163280
A02987,Security,Cloud,436216
A02987,Applications,Cloud,2067363
A02987,Integration,Cloud,631631
A02988,Infrastructure,No Footprint,0
A02988,Database,Cloud,3634542
A02988,Analytics & Data,Cloud,525223
A02988,AI & ML,No Footprint,0
A02988,Security,No Footprint,0
A02988,Applications,Cloud,503642
A02988,Integration,Cloud,886562
A02989,Infrastructure,On-Premise,182652
A02989,Database,On-Premise,3569172
A02989,Analytics & Data,No Footprint,0
A02989,AI & ML,Cloud,455167
A02989,Security,On-Premise,2824767
A02989,Applications,Cloud,3569606
A02989,Integration,No Footprint,0
A02990,Infrastructure,Hybrid,610101
A02990,Database,No Footprint,0
A02990,Analytics & Data,Hybrid,569600
A02990,AI & ML,No Footprint,0
A02990,Security,Hybrid,511510
A02990,Applications,Hybrid,638230
A02990,Integration,Cloud,302732
A02991,Infrastructure,No Footprint,0
A02991,Database,On-Premise,1131421
A02991,Analytics & Data,Hybrid,2332695
A02991,AI & ML,Cloud,392778
A02991,Security,Cloud,202971
A02991,Applications,Cloud,119389
A02991,Integration,Hybrid,1180723
A02992,Infrastructure,Cloud,244544
A02992,Database,No Footprint,0
A02992,Analytics & Data,No Footprint,0
A02992,AI & ML,Cloud,1629896
A02992,Security,Cloud,597784
A02992,Applications,On-Premise,1429204
A02992,Integration,Hybrid,421083
A02993,Infrastructure,On-Premise,641079
A02993,Database,Cloud,685800
A02993,Analytics & Data,No Footprint,0
A02993,AI & ML,Cloud,834983
A02993,Security,No Footprint,0
A02993,Applications,Hybrid,645097
A02993,Integration,Hybrid,557467
A02994,Infrastructure,No Footprint,0
A02994,Database,On-Premise,1306661
A02994,Analytics & Data,No Footprint,0
A02994,AI & ML,Cloud,589635
A02994,Security,On-Premise,4313956
A02994,Applications,On-Premise,1684271
A02994,Integration,Hybrid,411624
A02995,Infrastructure,No Footprint,0
A02995,Database,Cloud,3980996
A02995,Analytics & Data,Cloud,1940303
A02995,AI & ML,Cloud,1136095
A02995,Security,On-Premise,1813038
A02995,Applications,Cloud,457197
A02995,Integration,Cloud,299802
A02996,Infrastructure,Hybrid,707310
A02996,Database,Hybrid,777647
A02996,Analytics & Data,Hybrid,555892
A02996,AI & ML,Cloud,263613
A02996,Security,On-Premise,1212910
A02996,Applications,Cloud,753745
A02996,Integration,Hybrid,1255908
A02997,Infrastructure,On-Premise,5534350
A02997,Database,Hybrid,208902
A02997,Analytics & Data,No Footprint,0
A02997,AI & ML,Cloud,1295270
A02997,Security,No Footprint,0
A02997,Applications,Cloud,2063533
A02997,Integration,Cloud,466134
A02998,Infrastructure,Cloud,352254
A02998,Database,Hybrid,2500475
A02998,Analytics & Data,Cloud,918129
A02998,AI & ML,Cloud,568639
A02998,Security,Cloud,288036
A02998,Applications,Cloud,454555
A02998,Integration,Cloud,798421
A02999,Infrastructure,Hybrid,780341
A02999,Database,On-Premise,245002
A02999,Analytics & Data,Hybrid,413619
A02999,AI & ML,No Footprint,0
A02999,Security,Hybrid,571060
A02999,Applications,No Footprint,0
A02999,Integration,Hybrid,821773
A03000,Infrastructure,On-Premise,2808136
A03000,Database,No Footprint,0
A03000,Analytics & Data,Cloud,535354
A03000,AI & ML,Cloud,582359
A03000,Security,No Footprint,0
A03000,Applications,Cloud,761570
A03000,Integration,Hybrid,304116
