account_id,product_family,product_engagement_score
A00001,Infrastructure,60
A00001,Database,49
A00001,Analytics & Data,32
A00001,AI & ML,28
A00001,Security,61
A00001,Applications,78
A00001,Integration,68
A00002,Infrastructure,67
A00002,Database,63
A00002,Analytics & Data,63
A00002,AI & ML,32
A00002,Security,37
A00002,Applications,35
A00002,Integration,13
A00003,Infrastructure,74
A00003,Database,43
A00003,Analytics & Data,33
A00003,AI & ML,53
A00003,Security,55
A00003,Applications,29
A00003,Integration,38
A00004,Infrastructure,81
A00004,Database,39
A00004,Analytics & Data,46
A00004,AI & ML,47
A00004,Security,29
A00004,Applications,66
A00004,Integration,43
A00005,Infrastructure,29
A00005,Database,74
A00005,Analytics & Data,33
A00005,AI & ML,43
A00005,Security,39
A00005,Applications,51
A00005,Integration,37
A00006,Infrastructure,82
A00006,Database,38
A00006,Analytics & Data,44
A00006,AI & ML,35
A00006,Security,47
A00006,Applications,61
A00006,Integration,58
A00007,Infrastructure,32
A00007,Database,54
A00007,Analytics & Data,52
A00007,AI & ML,47
A00007,Security,38
A00007,Applications,71
A00007,Integration,68
A00008,Infrastructure,42
A00008,Database,21
A00008,Analytics & Data,52
A00008,AI & ML,45
A00008,Security,38
A00008,Applications,37
A00008,Integration,36
A00009,Infrastructure,46
A00009,Database,96
A00009,Analytics & Data,68
A00009,AI & ML,52
A00009,Security,73
A00009,Applications,34
A00009,Integration,43
A00010,Infrastructure,38
A00010,Database,46
A00010,Analytics & Data,50
A00010,AI & ML,53
A00010,Security,38
A00010,Applications,19
A00010,Integration,46
A00011,Infrastructure,76
A00011,Database,77
A00011,Analytics & Data,61
A00011,AI & ML,49
A00011,Security,100
A00011,Applications,39
A00011,Integration,31
A00012,Infrastructure,49
A00012,Database,55
A00012,Analytics & Data,90
A00012,AI & ML,64
A00012,Security,35
A00012,Applications,28
A00012,Integration,57
A00013,Infrastructure,24
A00013,Database,63
A00013,Analytics & Data,26
A00013,AI & ML,31
A00013,Security,53
A00013,Applications,34
A00013,Integration,81
A00014,Infrastructure,37
A00014,Database,90
A00014,Analytics & Data,52
A00014,AI & ML,56
A00014,Security,56
A00014,Applications,28
A00014,Integration,58
A00015,Infrastructure,53
A00015,Database,45
A00015,Analytics & Data,47
A00015,AI & ML,81
A00015,Security,30
A00015,Applications,41
A00015,Integration,77
A00016,Infrastructure,27
A00016,Database,41
A00016,Analytics & Data,53
A00016,AI & ML,52
A00016,Security,76
A00016,Applications,90
A00016,Integration,100
A00017,Infrastructure,32
A00017,Database,30
A00017,Analytics & Data,53
A00017,AI & ML,34
A00017,Security,64
A00017,Applications,55
A00017,Integration,81
A00018,Infrastructure,100
A00018,Database,38
A00018,Analytics & Data,34
A00018,AI & ML,28
A00018,Security,44
A00018,Applications,47
A00018,Integration,61
A00019,Infrastructure,23
A00019,Database,46
A00019,Analytics & Data,57
A00019,AI & ML,34
A00019,Security,92
A00019,Applications,68
A00019,Integration,40
A00020,Infrastructure,49
A00020,Database,34
A00020,Analytics & Data,92
A00020,AI & ML,44
A00020,Security,55
A00020,Applications,26
A00020,Integration,65
A00021,Infrastructure,40
A00021,Database,89
A00021,Analytics & Data,30
A00021,AI & ML,50
A00021,Security,78
A00021,Applications,62
A00021,Integration,36
A00022,Infrastructure,53
A00022,Database,17
A00022,Analytics & Data,51
A00022,AI & ML,66
A00022,Security,38
A00022,Applications,55
A00022,Integration,90
A00023,Infrastructure,32
A00023,Database,42
A00023,Analytics & Data,100
A00023,AI & ML,59
A00023,Security,19
A00023,Applications,26
A00023,Integration,27
A00024,Infrastructure,29
A00024,Database,22
A00024,Analytics & Data,56
A00024,AI & ML,56
A00024,Security,37
A00024,Applications,37
A00024,Integration,50
A00025,Infrastructure,35
A00025,Database,41
A00025,Analytics & Data,74
A00025,AI & ML,81
A00025,Security,37
A00025,Applications,30
A00025,Integration,48
A00026,Infrastructure,50
A00026,Database,49
A00026,Analytics & Data,41
A00026,AI & ML,82
A00026,Security,50
A00026,Applications,87
A00026,Integration,60
A00027,Infrastructure,26
A00027,Database,81
A00027,Analytics & Data,49
A00027,AI & ML,34
A00027,Security,73
A00027,Applications,90
A00027,Integration,51
A00028,Infrastructure,46
A00028,Database,40
A00028,Analytics & Data,41
A00028,AI & ML,49
A00028,Security,81
A00028,Applications,61
A00028,Integration,38
A00029,Infrastructure,59
A00029,Database,61
A00029,Analytics & Data,49
A00029,AI & ML,51
A00029,Security,47
A00029,Applications,61
A00029,Integration,61
A00030,Infrastructure,54
A00030,Database,49
A00030,Analytics & Data,48
A00030,AI & ML,33
A00030,Security,44
A00030,Applications,65
A00030,Integration,31
A00031,Infrastructure,48
A00031,Database,42
A00031,Analytics & Data,62
A00031,AI & ML,44
A00031,Security,31
A00031,Applications,40
A00031,Integration,65
A00032,Infrastructure,79
A00032,Database,73
A00032,Analytics & Data,43
A00032,AI & ML,35
A00032,Security,45
A00032,Applications,98
A00032,Integration,38
A00033,Infrastructure,44
A00033,Database,84
A00033,Analytics & Data,36
A00033,AI & ML,41
A00033,Security,35
A00033,Applications,36
A00033,Integration,47
A00034,Infrastructure,44
A00034,Database,31
A00034,Analytics & Data,52
A00034,AI & ML,71
A00034,Security,39
A00034,Applications,50
A00034,Integration,20
A00035,Infrastructure,85
A00035,Database,28
A00035,Analytics & Data,20
A00035,AI & ML,31
A00035,Security,37
A00035,Applications,73
A00035,Integration,25
A00036,Infrastructure,41
A00036,Database,36
A00036,Analytics & Data,89
A00036,AI & ML,33
A00036,Security,31
A00036,Applications,53
A00036,Integration,59
A00037,Infrastructure,19
A00037,Database,50
A00037,Analytics & Data,29
A00037,AI & ML,73
A00037,Security,74
A00037,Applications,38
A00037,Integration,46
A00038,Infrastructure,36
A00038,Database,46
A00038,Analytics & Data,39
A00038,AI & ML,34
A00038,Security,32
A00038,Applications,49
A00038,Integration,95
A00039,Infrastructure,38
A00039,Database,48
A00039,Analytics & Data,60
A00039,AI & ML,86
A00039,Security,52
A00039,Applications,61
A00039,Integration,56
A00040,Infrastructure,39
A00040,Database,46
A00040,Analytics & Data,32
A00040,AI & ML,41
A00040,Security,29
A00040,Applications,54
A00040,Integration,30
A00041,Infrastructure,70
A00041,Database,23
A00041,Analytics & Data,91
A00041,AI & ML,69
A00041,Security,100
A00041,Applications,27
A00041,Integration,36
A00042,Infrastructure,50
A00042,Database,50
A00042,Analytics & Data,47
A00042,AI & ML,53
A00042,Security,56
A00042,Applications,78
A00042,Integration,57
A00043,Infrastructure,27
A00043,Database,41
A00043,Analytics & Data,19
A00043,AI & ML,44
A00043,Security,42
A00043,Applications,64
A00043,Integration,47
A00044,Infrastructure,43
A00044,Database,26
A00044,Analytics & Data,89
A00044,AI & ML,57
A00044,Security,44
A00044,Applications,23
A00044,Integration,47
A00045,Infrastructure,32
A00045,Database,44
A00045,Analytics & Data,46
A00045,AI & ML,86
A00045,Security,41
A00045,Applications,29
A00045,Integration,36
A00046,Infrastructure,22
A00046,Database,41
A00046,Analytics & Data,67
A00046,AI & ML,56
A00046,Security,36
A00046,Applications,40
A00046,Integration,44
A00047,Infrastructure,70
A00047,Database,74
A00047,Analytics & Data,36
A00047,AI & ML,18
A00047,Security,42
A00047,Applications,32
A00047,Integration,42
A00048,Infrastructure,43
A00048,Database,55
A00048,Analytics & Data,93
A00048,AI & ML,54
A00048,Security,59
A00048,Applications,38
A00048,Integration,87
A00049,Infrastructure,25
A00049,Database,45
A00049,Analytics & Data,31
A00049,AI & ML,40
A00049,Security,53
A00049,Applications,31
A00049,Integration,75
A00050,Infrastructure,50
A00050,Database,86
A00050,Analytics & Data,67
A00050,AI & ML,17
A00050,Security,73
A00050,Applications,34
A00050,Integration,39
A00051,Infrastructure,74
A00051,Database,17
A00051,Analytics & Data,51
A00051,AI & ML,47
A00051,Security,54
A00051,Applications,81
A00051,Integration,42
A00052,Infrastructure,57
A00052,Database,77
A00052,Analytics & Data,80
A00052,AI & ML,40
A00052,Security,72
A00052,Applications,28
A00052,Integration,48
A00053,Infrastructure,26
A00053,Database,77
A00053,Analytics & Data,46
A00053,AI & ML,56
A00053,Security,96
A00053,Applications,24
A00053,Integration,19
A00054,Infrastructure,74
A00054,Database,38
A00054,Analytics & Data,38
A00054,AI & ML,35
A00054,Security,38
A00054,Applications,69
A00054,Integration,80
A00055,Infrastructure,28
A00055,Database,42
A00055,Analytics & Data,24
A00055,AI & ML,26
A00055,Security,55
A00055,Applications,47
A00055,Integration,65
A00056,Infrastructure,62
A00056,Database,28
A00056,Analytics & Data,58
A00056,AI & ML,50
A00056,Security,53
A00056,Applications,46
A00056,Integration,38
A00057,Infrastructure,35
A00057,Database,64
A00057,Analytics & Data,62
A00057,AI & ML,41
A00057,Security,50
A00057,Applications,36
A00057,Integration,54
A00058,Infrastructure,57
A00058,Database,32
A00058,Analytics & Data,38
A00058,AI & ML,42
A00058,Security,52
A00058,Applications,45
A00058,Integration,76
A00059,Infrastructure,62
A00059,Database,34
A00059,Analytics & Data,74
A00059,AI & ML,93
A00059,Security,60
A00059,Applications,48
A00059,Integration,43
A00060,Infrastructure,28
A00060,Database,32
A00060,Analytics & Data,35
A00060,AI & ML,33
A00060,Security,67
A00060,Applications,32
A00060,Integration,43
A00061,Infrastructure,81
A00061,Database,94
A00061,Analytics & Data,71
A00061,AI & ML,65
A00061,Security,51
A00061,Applications,30
A00061,Integration,27
A00062,Infrastructure,32
A00062,Database,50
A00062,Analytics & Data,73
A00062,AI & ML,42
A00062,Security,52
A00062,Applications,59
A00062,Integration,42
A00063,Infrastructure,48
A00063,Database,42
A00063,Analytics & Data,51
A00063,AI & ML,38
A00063,Security,44
A00063,Applications,63
A00063,Integration,65
A00064,Infrastructure,39
A00064,Database,95
A00064,Analytics & Data,84
A00064,AI & ML,42
A00064,Security,40
A00064,Applications,53
A00064,Integration,97
A00065,Infrastructure,36
A00065,Database,45
A00065,Analytics & Data,44
A00065,AI & ML,38
A00065,Security,48
A00065,Applications,45
A00065,Integration,38
A00066,Infrastructure,51
A00066,Database,44
A00066,Analytics & Data,46
A00066,AI & ML,91
A00066,Security,32
A00066,Applications,34
A00066,Integration,27
A00067,Infrastructure,76
A00067,Database,41
A00067,Analytics & Data,55
A00067,AI & ML,79
A00067,Security,71
A00067,Applications,38
A00067,Integration,22
A00068,Infrastructure,93
A00068,Database,15
A00068,Analytics & Data,18
A00068,AI & ML,31
A00068,Security,30
A00068,Applications,42
A00068,Integration,61
A00069,Infrastructure,35
A00069,Database,46
A00069,Analytics & Data,62
A00069,AI & ML,34
A00069,Security,28
A00069,Applications,35
A00069,Integration,48
A00070,Infrastructure,60
A00070,Database,97
A00070,Analytics & Data,19
A00070,AI & ML,93
A00070,Security,63
A00070,Applications,58
A00070,Integration,20
A00071,Infrastructure,41
A00071,Database,56
A00071,Analytics & Data,43
A00071,AI & ML,39
A00071,Security,73
A00071,Applications,100
A00071,Integration,43
A00072,Infrastructure,75
A00072,Database,19
A00072,Analytics & Data,26
A00072,AI & ML,34
A00072,Security,15
A00072,Applications,53
A00072,Integration,43
A00073,Infrastructure,26
A00073,Database,50
A00073,Analytics & Data,16
A00073,AI & ML,41
A00073,Security,50
A00073,Applications,51
A00073,Integration,35
A00074,Infrastructure,37
A00074,Database,64
A00074,Analytics & Data,75
A00074,AI & ML,35
A00074,Security,56
A00074,Applications,38
A00074,Integration,51
A00075,Infrastructure,81
A00075,Database,94
A00075,Analytics & Data,34
A00075,AI & ML,40
A00075,Security,41
A00075,Applications,33
A00075,Integration,67
A00076,Infrastructure,37
A00076,Database,38
A00076,Analytics & Data,33
A00076,AI & ML,37
A00076,Security,59
A00076,Applications,40
A00076,Integration,77
A00077,Infrastructure,37
A00077,Database,29
A00077,Analytics & Data,45
A00077,AI & ML,39
A00077,Security,33
A00077,Applications,82
A00077,Integration,16
A00078,Infrastructure,20
A00078,Database,91
A00078,Analytics & Data,79
A00078,AI & ML,40
A00078,Security,22
A00078,Applications,15
A00078,Integration,42
A00079,Infrastructure,47
A00079,Database,33
A00079,Analytics & Data,37
A00079,AI & ML,49
A00079,Security,45
A00079,Applications,42
A00079,Integration,96
A00080,Infrastructure,57
A00080,Database,52
A00080,Analytics & Data,49
A00080,AI & ML,44
A00080,Security,73
A00080,Applications,75
A00080,Integration,49
A00081,Infrastructure,23
A00081,Database,65
A00081,Analytics & Data,31
A00081,AI & ML,35
A00081,Security,38
A00081,Applications,32
A00081,Integration,41
A00082,Infrastructure,40
A00082,Database,44
A00082,Analytics & Data,36
A00082,AI & ML,28
A00082,Security,31
A00082,Applications,22
A00082,Integration,18
A00083,Infrastructure,64
A00083,Database,38
A00083,Analytics & Data,71
A00083,AI & ML,40
A00083,Security,40
A00083,Applications,27
A00083,Integration,61
A00084,Infrastructure,50
A00084,Database,65
A00084,Analytics & Data,32
A00084,AI & ML,41
A00084,Security,38
A00084,Applications,46
A00084,Integration,44
A00085,Infrastructure,89
A00085,Database,39
A00085,Analytics & Data,69
A00085,AI & ML,35
A00085,Security,35
A00085,Applications,26
A00085,Integration,100
A00086,Infrastructure,80
A00086,Database,44
A00086,Analytics & Data,55
A00086,AI & ML,37
A00086,Security,39
A00086,Applications,28
A00086,Integration,43
A00087,Infrastructure,39
A00087,Database,64
A00087,Analytics & Data,42
A00087,AI & ML,25
A00087,Security,55
A00087,Applications,61
A00087,Integration,27
A00088,Infrastructure,55
A00088,Database,100
A00088,Analytics & Data,43
A00088,AI & ML,33
A00088,Security,45
A00088,Applications,47
A00088,Integration,42
A00089,Infrastructure,91
A00089,Database,38
A00089,Analytics & Data,39
A00089,AI & ML,34
A00089,Security,36
A00089,Applications,32
A00089,Integration,36
A00090,Infrastructure,91
A00090,Database,32
A00090,Analytics & Data,100
A00090,AI & ML,38
A00090,Security,37
A00090,Applications,63
A00090,Integration,71
A00091,Infrastructure,69
A00091,Database,49
A00091,Analytics & Data,18
A00091,AI & ML,35
A00091,Security,82
A00091,Applications,50
A00091,Integration,55
A00092,Infrastructure,32
A00092,Database,68
A00092,Analytics & Data,30
A00092,AI & ML,52
A00092,Security,38
A00092,Applications,45
A00092,Integration,52
A00093,Infrastructure,67
A00093,Database,82
A00093,Analytics & Data,28
A00093,AI & ML,24
A00093,Security,42
A00093,Applications,61
A00093,Integration,26
A00094,Infrastructure,38
A00094,Database,18
A00094,Analytics & Data,40
A00094,AI & ML,84
A00094,Security,35
A00094,Applications,64
A00094,Integration,49
A00095,Infrastructure,40
A00095,Database,89
A00095,Analytics & Data,53
A00095,AI & ML,44
A00095,Security,56
A00095,Applications,34
A00095,Integration,24
A00096,Infrastructure,30
A00096,Database,41
A00096,Analytics & Data,43
A00096,AI & ML,36
A00096,Security,32
A00096,Applications,82
A00096,Integration,32
A00097,Infrastructure,100
A00097,Database,37
A00097,Analytics & Data,29
A00097,AI & ML,59
A00097,Security,31
A00097,Applications,33
A00097,Integration,19
A00098,Infrastructure,66
A00098,Database,80
A00098,Analytics & Data,71
A00098,AI & ML,57
A00098,Security,38
A00098,Applications,48
A00098,Integration,56
A00099,Infrastructure,46
A00099,Database,70
A00099,Analytics & Data,64
A00099,AI & ML,53
A00099,Security,46
A00099,Applications,78
A00099,Integration,89
A00100,Infrastructure,44
A00100,Database,44
A00100,Analytics & Data,32
A00100,AI & ML,64
A00100,Security,78
A00100,Applications,93
A00100,Integration,38
A00101,Infrastructure,46
A00101,Database,54
A00101,Analytics & Data,46
A00101,AI & ML,41
A00101,Security,25
A00101,Applications,46
A00101,Integration,32
A00102,Infrastructure,34
A00102,Database,57
A00102,Analytics & Data,33
A00102,AI & ML,83
A00102,Security,46
A00102,Applications,42
A00102,Integration,30
A00103,Infrastructure,42
A00103,Database,42
A00103,Analytics & Data,90
A00103,AI & ML,25
A00103,Security,50
A00103,Applications,28
A00103,Integration,37
A00104,Infrastructure,46
A00104,Database,21
A00104,Analytics & Data,65
A00104,AI & ML,19
A00104,Security,52
A00104,Applications,66
A00104,Integration,75
A00105,Infrastructure,64
A00105,Database,35
A00105,Analytics & Data,30
A00105,AI & ML,34
A00105,Security,13
A00105,Applications,42
A00105,Integration,65
A00106,Infrastructure,100
A00106,Database,50
A00106,Analytics & Data,55
A00106,AI & ML,56
A00106,Security,44
A00106,Applications,97
A00106,Integration,51
A00107,Infrastructure,26
A00107,Database,27
A00107,Analytics & Data,27
A00107,AI & ML,100
A00107,Security,37
A00107,Applications,53
A00107,Integration,23
A00108,Infrastructure,50
A00108,Database,48
A00108,Analytics & Data,43
A00108,AI & ML,85
A00108,Security,46
A00108,Applications,27
A00108,Integration,37
A00109,Infrastructure,34
A00109,Database,59
A00109,Analytics & Data,52
A00109,AI & ML,58
A00109,Security,79
A00109,Applications,46
A00109,Integration,27
A00110,Infrastructure,56
A00110,Database,51
A00110,Analytics & Data,79
A00110,AI & ML,24
A00110,Security,42
A00110,Applications,41
A00110,Integration,53
A00111,Infrastructure,78
A00111,Database,45
A00111,Analytics & Data,35
A00111,AI & ML,93
A00111,Security,38
A00111,Applications,25
A00111,Integration,96
A00112,Infrastructure,30
A00112,Database,38
A00112,Analytics & Data,53
A00112,AI & ML,33
A00112,Security,54
A00112,Applications,20
A00112,Integration,48
A00113,Infrastructure,38
A00113,Database,44
A00113,Analytics & Data,58
A00113,AI & ML,67
A00113,Security,31
A00113,Applications,35
A00113,Integration,42
A00114,Infrastructure,51
A00114,Database,23
A00114,Analytics & Data,66
A00114,AI & ML,76
A00114,Security,68
A00114,Applications,41
A00114,Integration,32
A00115,Infrastructure,50
A00115,Database,44
A00115,Analytics & Data,51
A00115,AI & ML,35
A00115,Security,58
A00115,Applications,29
A00115,Integration,32
A00116,Infrastructure,53
A00116,Database,50
A00116,Analytics & Data,29
A00116,AI & ML,30
A00116,Security,52
A00116,Applications,18
A00116,Integration,84
A00117,Infrastructure,62
A00117,Database,37
A00117,Analytics & Data,43
A00117,AI & ML,43
A00117,Security,62
A00117,Applications,45
A00117,Integration,50
A00118,Infrastructure,30
A00118,Database,21
A00118,Analytics & Data,74
A00118,AI & ML,34
A00118,Security,96
A00118,Applications,31
A00118,Integration,40
A00119,Infrastructure,43
A00119,Database,76
A00119,Analytics & Data,61
A00119,AI & ML,61
A00119,Security,48
A00119,Applications,47
A00119,Integration,46
A00120,Infrastructure,16
A00120,Database,23
A00120,Analytics & Data,80
A00120,AI & ML,57
A00120,Security,84
A00120,Applications,59
A00120,Integration,61
A00121,Infrastructure,47
A00121,Database,62
A00121,Analytics & Data,79
A00121,AI & ML,51
A00121,Security,26
A00121,Applications,22
A00121,Integration,43
A00122,Infrastructure,55
A00122,Database,99
A00122,Analytics & Data,44
A00122,AI & ML,52
A00122,Security,54
A00122,Applications,29
A00122,Integration,69
A00123,Infrastructure,39
A00123,Database,64
A00123,Analytics & Data,69
A00123,AI & ML,95
A00123,Security,70
A00123,Applications,90
A00123,Integration,100
A00124,Infrastructure,65
A00124,Database,31
A00124,Analytics & Data,39
A00124,AI & ML,45
A00124,Security,47
A00124,Applications,18
A00124,Integration,42
A00125,Infrastructure,33
A00125,Database,43
A00125,Analytics & Data,57
A00125,AI & ML,65
A00125,Security,35
A00125,Applications,57
A00125,Integration,44
A00126,Infrastructure,27
A00126,Database,19
A00126,Analytics & Data,55
A00126,AI & ML,46
A00126,Security,81
A00126,Applications,58
A00126,Integration,74
A00127,Infrastructure,60
A00127,Database,42
A00127,Analytics & Data,26
A00127,AI & ML,36
A00127,Security,46
A00127,Applications,47
A00127,Integration,34
A00128,Infrastructure,84
A00128,Database,32
A00128,Analytics & Data,56
A00128,AI & ML,62
A00128,Security,69
A00128,Applications,43
A00128,Integration,81
A00129,Infrastructure,52
A00129,Database,27
A00129,Analytics & Data,55
A00129,AI & ML,34
A00129,Security,36
A00129,Applications,26
A00129,Integration,29
A00130,Infrastructure,41
A00130,Database,34
A00130,Analytics & Data,29
A00130,AI & ML,24
A00130,Security,46
A00130,Applications,28
A00130,Integration,46
A00131,Infrastructure,45
A00131,Database,74
A00131,Analytics & Data,32
A00131,AI & ML,79
A00131,Security,23
A00131,Applications,48
A00131,Integration,27
A00132,Infrastructure,41
A00132,Database,65
A00132,Analytics & Data,36
A00132,AI & ML,80
A00132,Security,39
A00132,Applications,38
A00132,Integration,46
A00133,Infrastructure,30
A00133,Database,100
A00133,Analytics & Data,44
A00133,AI & ML,33
A00133,Security,75
A00133,Applications,63
A00133,Integration,35
A00134,Infrastructure,39
A00134,Database,80
A00134,Analytics & Data,85
A00134,AI & ML,46
A00134,Security,87
A00134,Applications,46
A00134,Integration,39
A00135,Infrastructure,86
A00135,Database,95
A00135,Analytics & Data,49
A00135,AI & ML,66
A00135,Security,58
A00135,Applications,50
A00135,Integration,56
A00136,Infrastructure,82
A00136,Database,89
A00136,Analytics & Data,53
A00136,AI & ML,31
A00136,Security,60
A00136,Applications,47
A00136,Integration,36
A00137,Infrastructure,62
A00137,Database,64
A00137,Analytics & Data,32
A00137,AI & ML,22
A00137,Security,67
A00137,Applications,40
A00137,Integration,47
A00138,Infrastructure,51
A00138,Database,48
A00138,Analytics & Data,37
A00138,AI & ML,37
A00138,Security,78
A00138,Applications,32
A00138,Integration,46
A00139,Infrastructure,100
A00139,Database,46
A00139,Analytics & Data,30
A00139,AI & ML,45
A00139,Security,32
A00139,Applications,51
A00139,Integration,36
A00140,Infrastructure,31
A00140,Database,68
A00140,Analytics & Data,42
A00140,AI & ML,60
A00140,Security,35
A00140,Applications,43
A00140,Integration,35
A00141,Infrastructure,25
A00141,Database,66
A00141,Analytics & Data,57
A00141,AI & ML,36
A00141,Security,25
A00141,Applications,27
A00141,Integration,49
A00142,Infrastructure,35
A00142,Database,35
A00142,Analytics & Data,43
A00142,AI & ML,94
A00142,Security,61
A00142,Applications,94
A00142,Integration,45
A00143,Infrastructure,46
A00143,Database,36
A00143,Analytics & Data,78
A00143,AI & ML,46
A00143,Security,27
A00143,Applications,45
A00143,Integration,66
A00144,Infrastructure,24
A00144,Database,60
A00144,Analytics & Data,87
A00144,AI & ML,33
A00144,Security,47
A00144,Applications,72
A00144,Integration,29
A00145,Infrastructure,27
A00145,Database,53
A00145,Analytics & Data,40
A00145,AI & ML,31
A00145,Security,42
A00145,Applications,35
A00145,Integration,43
A00146,Infrastructure,89
A00146,Database,33
A00146,Analytics & Data,22
A00146,AI & ML,56
A00146,Security,78
A00146,Applications,43
A00146,Integration,55
A00147,Infrastructure,39
A00147,Database,29
A00147,Analytics & Data,42
A00147,AI & ML,54
A00147,Security,24
A00147,Applications,34
A00147,Integration,77
A00148,Infrastructure,60
A00148,Database,83
A00148,Analytics & Data,27
A00148,AI & ML,93
A00148,Security,45
A00148,Applications,38
A00148,Integration,47
A00149,Infrastructure,88
A00149,Database,58
A00149,Analytics & Data,16
A00149,AI & ML,48
A00149,Security,32
A00149,Applications,75
A00149,Integration,59
A00150,Infrastructure,52
A00150,Database,50
A00150,Analytics & Data,68
A00150,AI & ML,54
A00150,Security,29
A00150,Applications,44
A00150,Integration,77
A00151,Infrastructure,36
A00151,Database,48
A00151,Analytics & Data,69
A00151,AI & ML,22
A00151,Security,100
A00151,Applications,31
A00151,Integration,27
A00152,Infrastructure,43
A00152,Database,42
A00152,Analytics & Data,62
A00152,AI & ML,61
A00152,Security,22
A00152,Applications,37
A00152,Integration,51
A00153,Infrastructure,62
A00153,Database,67
A00153,Analytics & Data,75
A00153,AI & ML,40
A00153,Security,38
A00153,Applications,28
A00153,Integration,41
A00154,Infrastructure,19
A00154,Database,56
A00154,Analytics & Data,42
A00154,AI & ML,42
A00154,Security,81
A00154,Applications,40
A00154,Integration,29
A00155,Infrastructure,41
A00155,Database,87
A00155,Analytics & Data,37
A00155,AI & ML,36
A00155,Security,43
A00155,Applications,56
A00155,Integration,48
A00156,Infrastructure,18
A00156,Database,79
A00156,Analytics & Data,48
A00156,AI & ML,100
A00156,Security,87
A00156,Applications,48
A00156,Integration,27
A00157,Infrastructure,42
A00157,Database,64
A00157,Analytics & Data,47
A00157,AI & ML,37
A00157,Security,61
A00157,Applications,83
A00157,Integration,36
A00158,Infrastructure,68
A00158,Database,58
A00158,Analytics & Data,43
A00158,AI & ML,82
A00158,Security,36
A00158,Applications,56
A00158,Integration,30
A00159,Infrastructure,58
A00159,Database,45
A00159,Analytics & Data,98
A00159,AI & ML,68
A00159,Security,36
A00159,Applications,30
A00159,Integration,98
A00160,Infrastructure,31
A00160,Database,28
A00160,Analytics & Data,62
A00160,AI & ML,33
A00160,Security,29
A00160,Applications,34
A00160,Integration,40
A00161,Infrastructure,25
A00161,Database,60
A00161,Analytics & Data,52
A00161,AI & ML,43
A00161,Security,66
A00161,Applications,44
A00161,Integration,60
A00162,Infrastructure,85
A00162,Database,88
A00162,Analytics & Data,71
A00162,AI & ML,46
A00162,Security,70
A00162,Applications,40
A00162,Integration,49
A00163,Infrastructure,96
A00163,Database,95
A00163,Analytics & Data,60
A00163,AI & ML,39
A00163,Security,27
A00163,Applications,17
A00163,Integration,90
A00164,Infrastructure,34
A00164,Database,35
A00164,Analytics & Data,47
A00164,AI & ML,27
A00164,Security,33
A00164,Applications,60
A00164,Integration,42
A00165,Infrastructure,25
A00165,Database,66
A00165,Analytics & Data,29
A00165,AI & ML,37
A00165,Security,41
A00165,Applications,100
A00165,Integration,35
A00166,Infrastructure,86
A00166,Database,52
A00166,Analytics & Data,48
A00166,AI & ML,48
A00166,Security,41
A00166,Applications,62
A00166,Integration,39
A00167,Infrastructure,28
A00167,Database,45
A00167,Analytics & Data,45
A00167,AI & ML,35
A00167,Security,61
A00167,Applications,43
A00167,Integration,67
A00168,Infrastructure,39
A00168,Database,75
A00168,Analytics & Data,25
A00168,AI & ML,51
A00168,Security,58
A00168,Applications,18
A00168,Integration,37
A00169,Infrastructure,32
A00169,Database,66
A00169,Analytics & Data,44
A00169,AI & ML,51
A00169,Security,37
A00169,Applications,40
A00169,Integration,40
A00170,Infrastructure,40
A00170,Database,34
A00170,Analytics & Data,36
A00170,AI & ML,44
A00170,Security,50
A00170,Applications,26
A00170,Integration,83
A00171,Infrastructure,63
A00171,Database,56
A00171,Analytics & Data,25
A00171,AI & ML,44
A00171,Security,40
A00171,Applications,80
A00171,Integration,44
A00172,Infrastructure,55
A00172,Database,39
A00172,Analytics & Data,31
A00172,AI & ML,59
A00172,Security,27
A00172,Applications,25
A00172,Integration,79
A00173,Infrastructure,31
A00173,Database,86
A00173,Analytics & Data,42
A00173,AI & ML,26
A00173,Security,53
A00173,Applications,55
A00173,Integration,55
A00174,Infrastructure,32
A00174,Database,29
A00174,Analytics & Data,53
A00174,AI & ML,57
A00174,Security,53
A00174,Applications,51
A00174,Integration,46
A00175,Infrastructure,32
A00175,Database,74
A00175,Analytics & Data,36
A00175,AI & ML,46
A00175,Security,38
A00175,Applications,87
A00175,Integration,80
A00176,Infrastructure,50
A00176,Database,65
A00176,Analytics & Data,52
A00176,AI & ML,52
A00176,Security,21
A00176,Applications,51
A00176,Integration,44
A00177,Infrastructure,79
A00177,Database,87
A00177,Analytics & Data,21
A00177,AI & ML,97
A00177,Security,46
A00177,Applications,34
A00177,Integration,67
A00178,Infrastructure,37
A00178,Database,92
A00178,Analytics & Data,19
A00178,AI & ML,83
A00178,Security,47
A00178,Applications,72
A00178,Integration,41
A00179,Infrastructure,43
A00179,Database,69
A00179,Analytics & Data,89
A00179,AI & ML,38
A00179,Security,82
A00179,Applications,36
A00179,Integration,37
A00180,Infrastructure,45
A00180,Database,35
A00180,Analytics & Data,55
A00180,AI & ML,49
A00180,Security,33
A00180,Applications,75
A00180,Integration,75
A00181,Infrastructure,45
A00181,Database,26
A00181,Analytics & Data,37
A00181,AI & ML,30
A00181,Security,55
A00181,Applications,45
A00181,Integration,21
A00182,Infrastructure,76
A00182,Database,62
A00182,Analytics & Data,31
A00182,AI & ML,41
A00182,Security,71
A00182,Applications,43
A00182,Integration,32
A00183,Infrastructure,33
A00183,Database,46
A00183,Analytics & Data,25
A00183,AI & ML,52
A00183,Security,24
A00183,Applications,39
A00183,Integration,48
A00184,Infrastructure,82
A00184,Database,46
A00184,Analytics & Data,27
A00184,AI & ML,39
A00184,Security,39
A00184,Applications,30
A00184,Integration,33
A00185,Infrastructure,69
A00185,Database,36
A00185,Analytics & Data,73
A00185,AI & ML,54
A00185,Security,65
A00185,Applications,93
A00185,Integration,36
A00186,Infrastructure,67
A00186,Database,57
A00186,Analytics & Data,76
A00186,AI & ML,34
A00186,Security,40
A00186,Applications,35
A00186,Integration,100
A00187,Infrastructure,29
A00187,Database,41
A00187,Analytics & Data,41
A00187,AI & ML,25
A00187,Security,40
A00187,Applications,49
A00187,Integration,29
A00188,Infrastructure,33
A00188,Database,47
A00188,Analytics & Data,48
A00188,AI & ML,79
A00188,Security,29
A00188,Applications,40
A00188,Integration,46
A00189,Infrastructure,70
A00189,Database,37
A00189,Analytics & Data,40
A00189,AI & ML,57
A00189,Security,33
A00189,Applications,50
A00189,Integration,54
A00190,Infrastructure,73
A00190,Database,19
A00190,Analytics & Data,79
A00190,AI & ML,37
A00190,Security,65
A00190,Applications,42
A00190,Integration,52
A00191,Infrastructure,97
A00191,Database,63
A00191,Analytics & Data,21
A00191,AI & ML,42
A00191,Security,30
A00191,Applications,69
A00191,Integration,47
A00192,Infrastructure,56
A00192,Database,48
A00192,Analytics & Data,88
A00192,AI & ML,48
A00192,Security,26
A00192,Applications,53
A00192,Integration,36
A00193,Infrastructure,35
A00193,Database,92
A00193,Analytics & Data,59
A00193,AI & ML,54
A00193,Security,72
A00193,Applications,28
A00193,Integration,26
A00194,Infrastructure,42
A00194,Database,69
A00194,Analytics & Data,38
A00194,AI & ML,87
A00194,Security,82
A00194,Applications,32
A00194,Integration,43
A00195,Infrastructure,39
A00195,Database,32
A00195,Analytics & Data,98
A00195,AI & ML,39
A00195,Security,27
A00195,Applications,52
A00195,Integration,35
A00196,Infrastructure,62
A00196,Database,33
A00196,Analytics & Data,34
A00196,AI & ML,64
A00196,Security,70
A00196,Applications,29
A00196,Integration,36
A00197,Infrastructure,98
A00197,Database,65
A00197,Analytics & Data,55
A00197,AI & ML,42
A00197,Security,26
A00197,Applications,36
A00197,Integration,76
A00198,Infrastructure,49
A00198,Database,10
A00198,Analytics & Data,70
A00198,AI & ML,38
A00198,Security,33
A00198,Applications,29
A00198,Integration,38
A00199,Infrastructure,51
A00199,Database,50
A00199,Analytics & Data,75
A00199,AI & ML,37
A00199,Security,72
A00199,Applications,18
A00199,Integration,66
A00200,Infrastructure,34
A00200,Database,53
A00200,Analytics & Data,28
A00200,AI & ML,65
A00200,Security,59
A00200,Applications,20
A00200,Integration,40
A00201,Infrastructure,42
A00201,Database,90
A00201,Analytics & Data,88
A00201,AI & ML,50
A00201,Security,54
A00201,Applications,45
A00201,Integration,39
A00202,Infrastructure,41
A00202,Database,52
A00202,Analytics & Data,56
A00202,AI & ML,47
A00202,Security,44
A00202,Applications,29
A00202,Integration,50
A00203,Infrastructure,36
A00203,Database,34
A00203,Analytics & Data,61
A00203,AI & ML,29
A00203,Security,57
A00203,Applications,29
A00203,Integration,24
A00204,Infrastructure,98
A00204,Database,81
A00204,Analytics & Data,39
A00204,AI & ML,61
A00204,Security,26
A00204,Applications,74
A00204,Integration,78
A00205,Infrastructure,49
A00205,Database,30
A00205,Analytics & Data,97
A00205,AI & ML,34
A00205,Security,77
A00205,Applications,50
A00205,Integration,33
A00206,Infrastructure,100
A00206,Database,59
A00206,Analytics & Data,45
A00206,AI & ML,55
A00206,Security,31
A00206,Applications,100
A00206,Integration,86
A00207,Infrastructure,51
A00207,Database,74
A00207,Analytics & Data,57
A00207,AI & ML,22
A00207,Security,52
A00207,Applications,42
A00207,Integration,47
A00208,Infrastructure,72
A00208,Database,44
A00208,Analytics & Data,54
A00208,AI & ML,50
A00208,Security,19
A00208,Applications,68
A00208,Integration,52
A00209,Infrastructure,62
A00209,Database,38
A00209,Analytics & Data,88
A00209,AI & ML,33
A00209,Security,28
A00209,Applications,28
A00209,Integration,51
A00210,Infrastructure,29
A00210,Database,32
A00210,Analytics & Data,31
A00210,AI & ML,77
A00210,Security,39
A00210,Applications,31
A00210,Integration,45
A00211,Infrastructure,53
A00211,Database,55
A00211,Analytics & Data,41
A00211,AI & ML,79
A00211,Security,39
A00211,Applications,42
A00211,Integration,34
A00212,Infrastructure,77
A00212,Database,41
A00212,Analytics & Data,70
A00212,AI & ML,17
A00212,Security,33
A00212,Applications,42
A00212,Integration,82
A00213,Infrastructure,95
A00213,Database,46
A00213,Analytics & Data,34
A00213,AI & ML,79
A00213,Security,58
A00213,Applications,41
A00213,Integration,29
A00214,Infrastructure,22
A00214,Database,44
A00214,Analytics & Data,85
A00214,AI & ML,53
A00214,Security,61
A00214,Applications,34
A00214,Integration,28
A00215,Infrastructure,33
A00215,Database,52
A00215,Analytics & Data,41
A00215,AI & ML,33
A00215,Security,45
A00215,Applications,48
A00215,Integration,65
A00216,Infrastructure,27
A00216,Database,35
A00216,Analytics & Data,36
A00216,AI & ML,39
A00216,Security,57
A00216,Applications,42
A00216,Integration,25
A00217,Infrastructure,32
A00217,Database,23
A00217,Analytics & Data,82
A00217,AI & ML,72
A00217,Security,71
A00217,Applications,49
A00217,Integration,31
A00218,Infrastructure,46
A00218,Database,33
A00218,Analytics & Data,49
A00218,AI & ML,54
A00218,Security,45
A00218,Applications,50
A00218,Integration,31
A00219,Infrastructure,52
A00219,Database,90
A00219,Analytics & Data,74
A00219,AI & ML,58
A00219,Security,54
A00219,Applications,48
A00219,Integration,54
A00220,Infrastructure,49
A00220,Database,30
A00220,Analytics & Data,67
A00220,AI & ML,37
A00220,Security,50
A00220,Applications,34
A00220,Integration,29
A00221,Infrastructure,88
A00221,Database,36
A00221,Analytics & Data,60
A00221,AI & ML,39
A00221,Security,88
A00221,Applications,40
A00221,Integration,52
A00222,Infrastructure,43
A00222,Database,70
A00222,Analytics & Data,47
A00222,AI & ML,48
A00222,Security,44
A00222,Applications,52
A00222,Integration,100
A00223,Infrastructure,41
A00223,Database,74
A00223,Analytics & Data,51
A00223,AI & ML,79
A00223,Security,33
A00223,Applications,78
A00223,Integration,54
A00224,Infrastructure,37
A00224,Database,36
A00224,Analytics & Data,54
A00224,AI & ML,31
A00224,Security,21
A00224,Applications,41
A00224,Integration,26
A00225,Infrastructure,46
A00225,Database,64
A00225,Analytics & Data,65
A00225,AI & ML,74
A00225,Security,33
A00225,Applications,42
A00225,Integration,24
A00226,Infrastructure,59
A00226,Database,67
A00226,Analytics & Data,67
A00226,AI & ML,23
A00226,Security,67
A00226,Applications,29
A00226,Integration,50
A00227,Infrastructure,72
A00227,Database,42
A00227,Analytics & Data,62
A00227,AI & ML,30
A00227,Security,77
A00227,Applications,51
A00227,Integration,48
A00228,Infrastructure,63
A00228,Database,30
A00228,Analytics & Data,29
A00228,AI & ML,60
A00228,Security,38
A00228,Applications,100
A00228,Integration,35
A00229,Infrastructure,17
A00229,Database,41
A00229,Analytics & Data,36
A00229,AI & ML,52
A00229,Security,56
A00229,Applications,34
A00229,Integration,37
A00230,Infrastructure,37
A00230,Database,61
A00230,Analytics & Data,93
A00230,AI & ML,46
A00230,Security,40
A00230,Applications,49
A00230,Integration,32
A00231,Infrastructure,65
A00231,Database,42
A00231,Analytics & Data,62
A00231,AI & ML,33
A00231,Security,58
A00231,Applications,23
A00231,Integration,21
A00232,Infrastructure,63
A00232,Database,40
A00232,Analytics & Data,49
A00232,AI & ML,84
A00232,Security,50
A00232,Applications,51
A00232,Integration,45
A00233,Infrastructure,20
A00233,Database,38
A00233,Analytics & Data,64
A00233,AI & ML,29
A00233,Security,42
A00233,Applications,50
A00233,Integration,50
A00234,Infrastructure,36
A00234,Database,55
A00234,Analytics & Data,98
A00234,AI & ML,40
A00234,Security,34
A00234,Applications,71
A00234,Integration,74
A00235,Infrastructure,39
A00235,Database,48
A00235,Analytics & Data,17
A00235,AI & ML,59
A00235,Security,62
A00235,Applications,33
A00235,Integration,25
A00236,Infrastructure,43
A00236,Database,57
A00236,Analytics & Data,17
A00236,AI & ML,26
A00236,Security,66
A00236,Applications,51
A00236,Integration,47
A00237,Infrastructure,57
A00237,Database,90
A00237,Analytics & Data,33
A00237,AI & ML,75
A00237,Security,31
A00237,Applications,39
A00237,Integration,18
A00238,Infrastructure,54
A00238,Database,52
A00238,Analytics & Data,67
A00238,AI & ML,42
A00238,Security,30
A00238,Applications,19
A00238,Integration,32
A00239,Infrastructure,53
A00239,Database,58
A00239,Analytics & Data,44
A00239,AI & ML,51
A00239,Security,32
A00239,Applications,61
A00239,Integration,55
A00240,Infrastructure,54
A00240,Database,45
A00240,Analytics & Data,81
A00240,AI & ML,51
A00240,Security,100
A00240,Applications,42
A00240,Integration,38
A00241,Infrastructure,75
A00241,Database,74
A00241,Analytics & Data,38
A00241,AI & ML,47
A00241,Security,91
A00241,Applications,71
A00241,Integration,32
A00242,Infrastructure,47
A00242,Database,44
A00242,Analytics & Data,43
A00242,AI & ML,63
A00242,Security,43
A00242,Applications,50
A00242,Integration,61
A00243,Infrastructure,39
A00243,Database,34
A00243,Analytics & Data,34
A00243,AI & ML,40
A00243,Security,65
A00243,Applications,21
A00243,Integration,61
A00244,Infrastructure,40
A00244,Database,38
A00244,Analytics & Data,40
A00244,AI & ML,28
A00244,Security,36
A00244,Applications,59
A00244,Integration,33
A00245,Infrastructure,40
A00245,Database,67
A00245,Analytics & Data,32
A00245,AI & ML,86
A00245,Security,34
A00245,Applications,73
A00245,Integration,29
A00246,Infrastructure,27
A00246,Database,25
A00246,Analytics & Data,44
A00246,AI & ML,15
A00246,Security,37
A00246,Applications,34
A00246,Integration,23
A00247,Infrastructure,21
A00247,Database,65
A00247,Analytics & Data,41
A00247,AI & ML,24
A00247,Security,38
A00247,Applications,40
A00247,Integration,95
A00248,Infrastructure,36
A00248,Database,44
A00248,Analytics & Data,45
A00248,AI & ML,48
A00248,Security,38
A00248,Applications,55
A00248,Integration,41
A00249,Infrastructure,56
A00249,Database,34
A00249,Analytics & Data,29
A00249,AI & ML,50
A00249,Security,91
A00249,Applications,56
A00249,Integration,44
A00250,Infrastructure,47
A00250,Database,78
A00250,Analytics & Data,46
A00250,AI & ML,63
A00250,Security,60
A00250,Applications,76
A00250,Integration,43
A00251,Infrastructure,47
A00251,Database,35
A00251,Analytics & Data,54
A00251,AI & ML,40
A00251,Security,18
A00251,Applications,39
A00251,Integration,42
A00252,Infrastructure,55
A00252,Database,51
A00252,Analytics & Data,68
A00252,AI & ML,49
A00252,Security,52
A00252,Applications,48
A00252,Integration,76
A00253,Infrastructure,29
A00253,Database,45
A00253,Analytics & Data,65
A00253,AI & ML,52
A00253,Security,47
A00253,Applications,75
A00253,Integration,23
A00254,Infrastructure,38
A00254,Database,73
A00254,Analytics & Data,53
A00254,AI & ML,43
A00254,Security,18
A00254,Applications,71
A00254,Integration,26
A00255,Infrastructure,20
A00255,Database,72
A00255,Analytics & Data,24
A00255,AI & ML,71
A00255,Security,45
A00255,Applications,48
A00255,Integration,38
A00256,Infrastructure,89
A00256,Database,82
A00256,Analytics & Data,27
A00256,AI & ML,62
A00256,Security,42
A00256,Applications,51
A00256,Integration,26
A00257,Infrastructure,78
A00257,Database,69
A00257,Analytics & Data,81
A00257,AI & ML,23
A00257,Security,75
A00257,Applications,48
A00257,Integration,44
A00258,Infrastructure,39
A00258,Database,33
A00258,Analytics & Data,47
A00258,AI & ML,78
A00258,Security,27
A00258,Applications,41
A00258,Integration,36
A00259,Infrastructure,25
A00259,Database,27
A00259,Analytics & Data,61
A00259,AI & ML,52
A00259,Security,46
A00259,Applications,52
A00259,Integration,25
A00260,Infrastructure,39
A00260,Database,87
A00260,Analytics & Data,47
A00260,AI & ML,25
A00260,Security,75
A00260,Applications,23
A00260,Integration,44
A00261,Infrastructure,44
A00261,Database,32
A00261,Analytics & Data,50
A00261,AI & ML,52
A00261,Security,49
A00261,Applications,49
A00261,Integration,54
A00262,Infrastructure,37
A00262,Database,35
A00262,Analytics & Data,48
A00262,AI & ML,39
A00262,Security,64
A00262,Applications,28
A00262,Integration,35
A00263,Infrastructure,59
A00263,Database,27
A00263,Analytics & Data,32
A00263,AI & ML,48
A00263,Security,37
A00263,Applications,60
A00263,Integration,50
A00264,Infrastructure,34
A00264,Database,29
A00264,Analytics & Data,28
A00264,AI & ML,42
A00264,Security,26
A00264,Applications,45
A00264,Integration,39
A00265,Infrastructure,88
A00265,Database,40
A00265,Analytics & Data,46
A00265,AI & ML,100
A00265,Security,33
A00265,Applications,37
A00265,Integration,62
A00266,Infrastructure,66
A00266,Database,44
A00266,Analytics & Data,35
A00266,AI & ML,70
A00266,Security,52
A00266,Applications,71
A00266,Integration,42
A00267,Infrastructure,38
A00267,Database,56
A00267,Analytics & Data,99
A00267,AI & ML,62
A00267,Security,20
A00267,Applications,29
A00267,Integration,40
A00268,Infrastructure,65
A00268,Database,49
A00268,Analytics & Data,66
A00268,AI & ML,25
A00268,Security,52
A00268,Applications,43
A00268,Integration,41
A00269,Infrastructure,54
A00269,Database,38
A00269,Analytics & Data,43
A00269,AI & ML,31
A00269,Security,51
A00269,Applications,26
A00269,Integration,47
A00270,Infrastructure,80
A00270,Database,42
A00270,Analytics & Data,28
A00270,AI & ML,58
A00270,Security,59
A00270,Applications,50
A00270,Integration,100
A00271,Infrastructure,45
A00271,Database,48
A00271,Analytics & Data,63
A00271,AI & ML,53
A00271,Security,46
A00271,Applications,48
A00271,Integration,91
A00272,Infrastructure,44
A00272,Database,24
A00272,Analytics & Data,68
A00272,AI & ML,39
A00272,Security,29
A00272,Applications,71
A00272,Integration,61
A00273,Infrastructure,43
A00273,Database,52
A00273,Analytics & Data,56
A00273,AI & ML,32
A00273,Security,66
A00273,Applications,55
A00273,Integration,61
A00274,Infrastructure,31
A00274,Database,54
A00274,Analytics & Data,34
A00274,AI & ML,31
A00274,Security,24
A00274,Applications,57
A00274,Integration,36
A00275,Infrastructure,51
A00275,Database,40
A00275,Analytics & Data,37
A00275,AI & ML,39
A00275,Security,36
A00275,Applications,77
A00275,Integration,77
A00276,Infrastructure,100
A00276,Database,41
A00276,Analytics & Data,57
A00276,AI & ML,34
A00276,Security,24
A00276,Applications,43
A00276,Integration,30
A00277,Infrastructure,40
A00277,Database,45
A00277,Analytics & Data,42
A00277,AI & ML,36
A00277,Security,46
A00277,Applications,42
A00277,Integration,53
A00278,Infrastructure,13
A00278,Database,54
A00278,Analytics & Data,39
A00278,AI & ML,43
A00278,Security,71
A00278,Applications,46
A00278,Integration,19
A00279,Infrastructure,58
A00279,Database,39
A00279,Analytics & Data,38
A00279,AI & ML,68
A00279,Security,76
A00279,Applications,64
A00279,Integration,14
A00280,Infrastructure,49
A00280,Database,47
A00280,Analytics & Data,42
A00280,AI & ML,67
A00280,Security,55
A00280,Applications,44
A00280,Integration,67
A00281,Infrastructure,45
A00281,Database,55
A00281,Analytics & Data,31
A00281,AI & ML,44
A00281,Security,17
A00281,Applications,33
A00281,Integration,74
A00282,Infrastructure,35
A00282,Database,26
A00282,Analytics & Data,48
A00282,AI & ML,35
A00282,Security,35
A00282,Applications,31
A00282,Integration,28
A00283,Infrastructure,45
A00283,Database,55
A00283,Analytics & Data,97
A00283,AI & ML,40
A00283,Security,72
A00283,Applications,100
A00283,Integration,57
A00284,Infrastructure,25
A00284,Database,50
A00284,Analytics & Data,41
A00284,AI & ML,47
A00284,Security,31
A00284,Applications,42
A00284,Integration,32
A00285,Infrastructure,44
A00285,Database,25
A00285,Analytics & Data,71
A00285,AI & ML,46
A00285,Security,35
A00285,Applications,68
A00285,Integration,66
A00286,Infrastructure,47
A00286,Database,17
A00286,Analytics & Data,22
A00286,AI & ML,49
A00286,Security,32
A00286,Applications,53
A00286,Integration,58
A00287,Infrastructure,98
A00287,Database,30
A00287,Analytics & Data,56
A00287,AI & ML,32
A00287,Security,47
A00287,Applications,60
A00287,Integration,36
A00288,Infrastructure,29
A00288,Database,37
A00288,Analytics & Data,74
A00288,AI & ML,74
A00288,Security,66
A00288,Applications,28
A00288,Integration,19
A00289,Infrastructure,56
A00289,Database,94
A00289,Analytics & Data,33
A00289,AI & ML,54
A00289,Security,36
A00289,Applications,27
A00289,Integration,38
A00290,Infrastructure,46
A00290,Database,55
A00290,Analytics & Data,29
A00290,AI & ML,30
A00290,Security,95
A00290,Applications,26
A00290,Integration,82
A00291,Infrastructure,27
A00291,Database,52
A00291,Analytics & Data,44
A00291,AI & ML,67
A00291,Security,92
A00291,Applications,63
A00291,Integration,11
A00292,Infrastructure,45
A00292,Database,36
A00292,Analytics & Data,41
A00292,AI & ML,60
A00292,Security,45
A00292,Applications,34
A00292,Integration,28
A00293,Infrastructure,42
A00293,Database,98
A00293,Analytics & Data,32
A00293,AI & ML,49
A00293,Security,42
A00293,Applications,45
A00293,Integration,40
A00294,Infrastructure,39
A00294,Database,42
A00294,Analytics & Data,34
A00294,AI & ML,50
A00294,Security,51
A00294,Applications,69
A00294,Integration,66
A00295,Infrastructure,44
A00295,Database,50
A00295,Analytics & Data,20
A00295,AI & ML,92
A00295,Security,40
A00295,Applications,39
A00295,Integration,43
A00296,Infrastructure,29
A00296,Database,44
A00296,Analytics & Data,27
A00296,AI & ML,46
A00296,Security,49
A00296,Applications,75
A00296,Integration,21
A00297,Infrastructure,44
A00297,Database,38
A00297,Analytics & Data,39
A00297,AI & ML,37
A00297,Security,43
A00297,Applications,19
A00297,Integration,21
A00298,Infrastructure,37
A00298,Database,87
A00298,Analytics & Data,21
A00298,AI & ML,17
A00298,Security,51
A00298,Applications,56
A00298,Integration,26
A00299,Infrastructure,37
A00299,Database,59
A00299,Analytics & Data,70
A00299,AI & ML,33
A00299,Security,45
A00299,Applications,42
A00299,Integration,63
A00300,Infrastructure,44
A00300,Database,32
A00300,Analytics & Data,81
A00300,AI & ML,62
A00300,Security,90
A00300,Applications,69
A00300,Integration,32
A00301,Infrastructure,58
A00301,Database,49
A00301,Analytics & Data,39
A00301,AI & ML,36
A00301,Security,33
A00301,Applications,53
A00301,Integration,47
A00302,Infrastructure,40
A00302,Database,53
A00302,Analytics & Data,41
A00302,AI & ML,30
A00302,Security,47
A00302,Applications,41
A00302,Integration,56
A00303,Infrastructure,42
A00303,Database,53
A00303,Analytics & Data,72
A00303,AI & ML,79
A00303,Security,29
A00303,Applications,37
A00303,Integration,32
A00304,Infrastructure,80
A00304,Database,86
A00304,Analytics & Data,51
A00304,AI & ML,46
A00304,Security,65
A00304,Applications,75
A00304,Integration,50
A00305,Infrastructure,28
A00305,Database,63
A00305,Analytics & Data,38
A00305,AI & ML,40
A00305,Security,79
A00305,Applications,54
A00305,Integration,43
A00306,Infrastructure,30
A00306,Database,64
A00306,Analytics & Data,34
A00306,AI & ML,95
A00306,Security,52
A00306,Applications,88
A00306,Integration,24
A00307,Infrastructure,42
A00307,Database,31
A00307,Analytics & Data,32
A00307,AI & ML,69
A00307,Security,41
A00307,Applications,25
A00307,Integration,28
A00308,Infrastructure,50
A00308,Database,51
A00308,Analytics & Data,29
A00308,AI & ML,70
A00308,Security,58
A00308,Applications,48
A00308,Integration,38
A00309,Infrastructure,47
A00309,Database,44
A00309,Analytics & Data,60
A00309,AI & ML,45
A00309,Security,42
A00309,Applications,38
A00309,Integration,78
A00310,Infrastructure,53
A00310,Database,38
A00310,Analytics & Data,38
A00310,AI & ML,93
A00310,Security,41
A00310,Applications,69
A00310,Integration,26
A00311,Infrastructure,48
A00311,Database,54
A00311,Analytics & Data,66
A00311,AI & ML,48
A00311,Security,52
A00311,Applications,91
A00311,Integration,46
A00312,Infrastructure,37
A00312,Database,57
A00312,Analytics & Data,36
A00312,AI & ML,46
A00312,Security,60
A00312,Applications,60
A00312,Integration,58
A00313,Infrastructure,48
A00313,Database,87
A00313,Analytics & Data,82
A00313,AI & ML,30
A00313,Security,46
A00313,Applications,56
A00313,Integration,42
A00314,Infrastructure,54
A00314,Database,17
A00314,Analytics & Data,75
A00314,AI & ML,33
A00314,Security,41
A00314,Applications,44
A00314,Integration,100
A00315,Infrastructure,70
A00315,Database,50
A00315,Analytics & Data,48
A00315,AI & ML,72
A00315,Security,40
A00315,Applications,45
A00315,Integration,56
A00316,Infrastructure,80
A00316,Database,42
A00316,Analytics & Data,22
A00316,AI & ML,45
A00316,Security,39
A00316,Applications,36
A00316,Integration,45
A00317,Infrastructure,61
A00317,Database,79
A00317,Analytics & Data,33
A00317,AI & ML,37
A00317,Security,64
A00317,Applications,29
A00317,Integration,39
A00318,Infrastructure,65
A00318,Database,45
A00318,Analytics & Data,60
A00318,AI & ML,61
A00318,Security,35
A00318,Applications,47
A00318,Integration,44
A00319,Infrastructure,58
A00319,Database,19
A00319,Analytics & Data,61
A00319,AI & ML,53
A00319,Security,90
A00319,Applications,33
A00319,Integration,57
A00320,Infrastructure,27
A00320,Database,34
A00320,Analytics & Data,49
A00320,AI & ML,32
A00320,Security,21
A00320,Applications,78
A00320,Integration,61
A00321,Infrastructure,67
A00321,Database,39
A00321,Analytics & Data,47
A00321,AI & ML,41
A00321,Security,44
A00321,Applications,36
A00321,Integration,83
A00322,Infrastructure,28
A00322,Database,82
A00322,Analytics & Data,59
A00322,AI & ML,26
A00322,Security,43
A00322,Applications,45
A00322,Integration,75
A00323,Infrastructure,45
A00323,Database,33
A00323,Analytics & Data,50
A00323,AI & ML,42
A00323,Security,35
A00323,Applications,43
A00323,Integration,26
A00324,Infrastructure,26
A00324,Database,38
A00324,Analytics & Data,66
A00324,AI & ML,32
A00324,Security,45
A00324,Applications,40
A00324,Integration,36
A00325,Infrastructure,38
A00325,Database,33
A00325,Analytics & Data,57
A00325,AI & ML,31
A00325,Security,42
A00325,Applications,51
A00325,Integration,24
A00326,Infrastructure,56
A00326,Database,25
A00326,Analytics & Data,100
A00326,AI & ML,50
A00326,Security,48
A00326,Applications,59
A00326,Integration,44
A00327,Infrastructure,70
A00327,Database,39
A00327,Analytics & Data,43
A00327,AI & ML,60
A00327,Security,78
A00327,Applications,31
A00327,Integration,46
A00328,Infrastructure,77
A00328,Database,56
A00328,Analytics & Data,36
A00328,AI & ML,65
A00328,Security,50
A00328,Applications,34
A00328,Integration,32
A00329,Infrastructure,29
A00329,Database,59
A00329,Analytics & Data,73
A00329,AI & ML,76
A00329,Security,91
A00329,Applications,33
A00329,Integration,45
A00330,Infrastructure,45
A00330,Database,66
A00330,Analytics & Data,27
A00330,AI & ML,32
A00330,Security,42
A00330,Applications,28
A00330,Integration,54
A00331,Infrastructure,70
A00331,Database,42
A00331,Analytics & Data,36
A00331,AI & ML,43
A00331,Security,34
A00331,Applications,44
A00331,Integration,40
A00332,Infrastructure,55
A00332,Database,100
A00332,Analytics & Data,77
A00332,AI & ML,33
A00332,Security,92
A00332,Applications,47
A00332,Integration,29
A00333,Infrastructure,50
A00333,Database,80
A00333,Analytics & Data,57
A00333,AI & ML,58
A00333,Security,30
A00333,Applications,90
A00333,Integration,37
A00334,Infrastructure,35
A00334,Database,39
A00334,Analytics & Data,35
A00334,AI & ML,45
A00334,Security,33
A00334,Applications,58
A00334,Integration,27
A00335,Infrastructure,100
A00335,Database,50
A00335,Analytics & Data,88
A00335,AI & ML,52
A00335,Security,60
A00335,Applications,17
A00335,Integration,38
A00336,Infrastructure,81
A00336,Database,53
A00336,Analytics & Data,51
A00336,AI & ML,47
A00336,Security,82
A00336,Applications,91
A00336,Integration,70
A00337,Infrastructure,37
A00337,Database,39
A00337,Analytics & Data,70
A00337,AI & ML,34
A00337,Security,31
A00337,Applications,76
A00337,Integration,46
A00338,Infrastructure,34
A00338,Database,43
A00338,Analytics & Data,17
A00338,AI & ML,26
A00338,Security,43
A00338,Applications,41
A00338,Integration,5
A00339,Infrastructure,43
A00339,Database,37
A00339,Analytics & Data,82
A00339,AI & ML,45
A00339,Security,38
A00339,Applications,43
A00339,Integration,25
A00340,Infrastructure,53
A00340,Database,43
A00340,Analytics & Data,60
A00340,AI & ML,22
A00340,Security,22
A00340,Applications,35
A00340,Integration,26
A00341,Infrastructure,52
A00341,Database,65
A00341,Analytics & Data,61
A00341,AI & ML,90
A00341,Security,39
A00341,Applications,53
A00341,Integration,38
A00342,Infrastructure,45
A00342,Database,47
A00342,Analytics & Data,29
A00342,AI & ML,35
A00342,Security,71
A00342,Applications,28
A00342,Integration,39
A00343,Infrastructure,58
A00343,Database,23
A00343,Analytics & Data,40
A00343,AI & ML,100
A00343,Security,41
A00343,Applications,64
A00343,Integration,76
A00344,Infrastructure,100
A00344,Database,24
A00344,Analytics & Data,56
A00344,AI & ML,51
A00344,Security,36
A00344,Applications,24
A00344,Integration,42
A00345,Infrastructure,37
A00345,Database,38
A00345,Analytics & Data,35
A00345,AI & ML,34
A00345,Security,69
A00345,Applications,37
A00345,Integration,43
A00346,Infrastructure,41
A00346,Database,70
A00346,Analytics & Data,40
A00346,AI & ML,49
A00346,Security,23
A00346,Applications,44
A00346,Integration,39
A00347,Infrastructure,37
A00347,Database,39
A00347,Analytics & Data,69
A00347,AI & ML,95
A00347,Security,79
A00347,Applications,47
A00347,Integration,76
A00348,Infrastructure,43
A00348,Database,22
A00348,Analytics & Data,66
A00348,AI & ML,43
A00348,Security,42
A00348,Applications,59
A00348,Integration,52
A00349,Infrastructure,75
A00349,Database,80
A00349,Analytics & Data,39
A00349,AI & ML,19
A00349,Security,81
A00349,Applications,75
A00349,Integration,33
A00350,Infrastructure,36
A00350,Database,84
A00350,Analytics & Data,40
A00350,AI & ML,54
A00350,Security,36
A00350,Applications,57
A00350,Integration,38
A00351,Infrastructure,45
A00351,Database,77
A00351,Analytics & Data,30
A00351,AI & ML,42
A00351,Security,54
A00351,Applications,45
A00351,Integration,66
A00352,Infrastructure,56
A00352,Database,51
A00352,Analytics & Data,47
A00352,AI & ML,39
A00352,Security,27
A00352,Applications,80
A00352,Integration,29
A00353,Infrastructure,80
A00353,Database,56
A00353,Analytics & Data,28
A00353,AI & ML,78
A00353,Security,52
A00353,Applications,33
A00353,Integration,48
A00354,Infrastructure,47
A00354,Database,87
A00354,Analytics & Data,32
A00354,AI & ML,39
A00354,Security,43
A00354,Applications,74
A00354,Integration,21
A00355,Infrastructure,54
A00355,Database,21
A00355,Analytics & Data,53
A00355,AI & ML,78
A00355,Security,54
A00355,Applications,37
A00355,Integration,84
A00356,Infrastructure,51
A00356,Database,20
A00356,Analytics & Data,45
A00356,AI & ML,87
A00356,Security,37
A00356,Applications,87
A00356,Integration,40
A00357,Infrastructure,49
A00357,Database,30
A00357,Analytics & Data,36
A00357,AI & ML,52
A00357,Security,47
A00357,Applications,43
A00357,Integration,34
A00358,Infrastructure,85
A00358,Database,36
A00358,Analytics & Data,47
A00358,AI & ML,83
A00358,Security,34
A00358,Applications,10
A00358,Integration,51
A00359,Infrastructure,33
A00359,Database,32
A00359,Analytics & Data,39
A00359,AI & ML,25
A00359,Security,60
A00359,Applications,32
A00359,Integration,55
A00360,Infrastructure,51
A00360,Database,44
A00360,Analytics & Data,42
A00360,AI & ML,52
A00360,Security,37
A00360,Applications,55
A00360,Integration,44
A00361,Infrastructure,48
A00361,Database,43
A00361,Analytics & Data,44
A00361,AI & ML,40
A00361,Security,78
A00361,Applications,48
A00361,Integration,48
A00362,Infrastructure,30
A00362,Database,54
A00362,Analytics & Data,82
A00362,AI & ML,41
A00362,Security,40
A00362,Applications,48
A00362,Integration,54
A00363,Infrastructure,58
A00363,Database,100
A00363,Analytics & Data,41
A00363,AI & ML,49
A00363,Security,50
A00363,Applications,31
A00363,Integration,43
A00364,Infrastructure,19
A00364,Database,57
A00364,Analytics & Data,47
A00364,AI & ML,46
A00364,Security,25
A00364,Applications,35
A00364,Integration,94
A00365,Infrastructure,47
A00365,Database,77
A00365,Analytics & Data,84
A00365,AI & ML,92
A00365,Security,100
A00365,Applications,42
A00365,Integration,79
A00366,Infrastructure,24
A00366,Database,29
A00366,Analytics & Data,21
A00366,AI & ML,40
A00366,Security,37
A00366,Applications,100
A00366,Integration,43
A00367,Infrastructure,39
A00367,Database,81
A00367,Analytics & Data,49
A00367,AI & ML,63
A00367,Security,42
A00367,Applications,69
A00367,Integration,83
A00368,Infrastructure,23
A00368,Database,30
A00368,Analytics & Data,52
A00368,AI & ML,55
A00368,Security,17
A00368,Applications,29
A00368,Integration,34
A00369,Infrastructure,43
A00369,Database,43
A00369,Analytics & Data,84
A00369,AI & ML,58
A00369,Security,49
A00369,Applications,37
A00369,Integration,58
A00370,Infrastructure,44
A00370,Database,54
A00370,Analytics & Data,38
A00370,AI & ML,34
A00370,Security,30
A00370,Applications,37
A00370,Integration,27
A00371,Infrastructure,29
A00371,Database,44
A00371,Analytics & Data,38
A00371,AI & ML,40
A00371,Security,18
A00371,Applications,69
A00371,Integration,34
A00372,Infrastructure,90
A00372,Database,38
A00372,Analytics & Data,30
A00372,AI & ML,40
A00372,Security,56
A00372,Applications,30
A00372,Integration,30
A00373,Infrastructure,43
A00373,Database,47
A00373,Analytics & Data,21
A00373,AI & ML,26
A00373,Security,76
A00373,Applications,55
A00373,Integration,41
A00374,Infrastructure,52
A00374,Database,45
A00374,Analytics & Data,40
A00374,AI & ML,71
A00374,Security,40
A00374,Applications,45
A00374,Integration,44
A00375,Infrastructure,74
A00375,Database,46
A00375,Analytics & Data,55
A00375,AI & ML,24
A00375,Security,60
A00375,Applications,45
A00375,Integration,26
A00376,Infrastructure,47
A00376,Database,45
A00376,Analytics & Data,64
A00376,AI & ML,39
A00376,Security,30
A00376,Applications,83
A00376,Integration,22
A00377,Infrastructure,37
A00377,Database,68
A00377,Analytics & Data,24
A00377,AI & ML,37
A00377,Security,77
A00377,Applications,37
A00377,Integration,77
A00378,Infrastructure,42
A00378,Database,41
A00378,Analytics & Data,39
A00378,AI & ML,35
A00378,Security,72
A00378,Applications,33
A00378,Integration,41
A00379,Infrastructure,52
A00379,Database,78
A00379,Analytics & Data,25
A00379,AI & ML,35
A00379,Security,38
A00379,Applications,41
A00379,Integration,59
A00380,Infrastructure,75
A00380,Database,34
A00380,Analytics & Data,55
A00380,AI & ML,84
A00380,Security,71
A00380,Applications,37
A00380,Integration,68
A00381,Infrastructure,37
A00381,Database,41
A00381,Analytics & Data,59
A00381,AI & ML,97
A00381,Security,34
A00381,Applications,31
A00381,Integration,27
A00382,Infrastructure,39
A00382,Database,33
A00382,Analytics & Data,92
A00382,AI & ML,50
A00382,Security,35
A00382,Applications,96
A00382,Integration,34
A00383,Infrastructure,39
A00383,Database,28
A00383,Analytics & Data,50
A00383,AI & ML,45
A00383,Security,49
A00383,Applications,38
A00383,Integration,41
A00384,Infrastructure,44
A00384,Database,18
A00384,Analytics & Data,27
A00384,AI & ML,80
A00384,Security,56
A00384,Applications,22
A00384,Integration,87
A00385,Infrastructure,81
A00385,Database,37
A00385,Analytics & Data,61
A00385,AI & ML,55
A00385,Security,54
A00385,Applications,30
A00385,Integration,32
A00386,Infrastructure,39
A00386,Database,42
A00386,Analytics & Data,38
A00386,AI & ML,37
A00386,Security,73
A00386,Applications,70
A00386,Integration,45
A00387,Infrastructure,43
A00387,Database,45
A00387,Analytics & Data,42
A00387,AI & ML,26
A00387,Security,49
A00387,Applications,81
A00387,Integration,30
A00388,Infrastructure,28
A00388,Database,30
A00388,Analytics & Data,34
A00388,AI & ML,33
A00388,Security,47
A00388,Applications,71
A00388,Integration,41
A00389,Infrastructure,92
A00389,Database,89
A00389,Analytics & Data,38
A00389,AI & ML,50
A00389,Security,45
A00389,Applications,52
A00389,Integration,29
A00390,Infrastructure,32
A00390,Database,32
A00390,Analytics & Data,51
A00390,AI & ML,31
A00390,Security,78
A00390,Applications,100
A00390,Integration,49
A00391,Infrastructure,32
A00391,Database,100
A00391,Analytics & Data,30
A00391,AI & ML,78
A00391,Security,37
A00391,Applications,45
A00391,Integration,30
A00392,Infrastructure,59
A00392,Database,74
A00392,Analytics & Data,67
A00392,AI & ML,43
A00392,Security,24
A00392,Applications,51
A00392,Integration,37
A00393,Infrastructure,28
A00393,Database,16
A00393,Analytics & Data,40
A00393,AI & ML,49
A00393,Security,95
A00393,Applications,28
A00393,Integration,39
A00394,Infrastructure,31
A00394,Database,49
A00394,Analytics & Data,40
A00394,AI & ML,48
A00394,Security,37
A00394,Applications,33
A00394,Integration,34
A00395,Infrastructure,58
A00395,Database,65
A00395,Analytics & Data,62
A00395,AI & ML,19
A00395,Security,99
A00395,Applications,41
A00395,Integration,46
A00396,Infrastructure,75
A00396,Database,32
A00396,Analytics & Data,65
A00396,AI & ML,71
A00396,Security,47
A00396,Applications,41
A00396,Integration,38
A00397,Infrastructure,30
A00397,Database,68
A00397,Analytics & Data,58
A00397,AI & ML,28
A00397,Security,77
A00397,Applications,100
A00397,Integration,18
A00398,Infrastructure,46
A00398,Database,48
A00398,Analytics & Data,21
A00398,AI & ML,68
A00398,Security,64
A00398,Applications,35
A00398,Integration,24
A00399,Infrastructure,42
A00399,Database,39
A00399,Analytics & Data,37
A00399,AI & ML,53
A00399,Security,27
A00399,Applications,51
A00399,Integration,95
A00400,Infrastructure,38
A00400,Database,36
A00400,Analytics & Data,20
A00400,AI & ML,37
A00400,Security,53
A00400,Applications,46
A00400,Integration,39
A00401,Infrastructure,42
A00401,Database,46
A00401,Analytics & Data,25
A00401,AI & ML,42
A00401,Security,48
A00401,Applications,48
A00401,Integration,39
A00402,Infrastructure,62
A00402,Database,21
A00402,Analytics & Data,42
A00402,AI & ML,57
A00402,Security,48
A00402,Applications,87
A00402,Integration,42
A00403,Infrastructure,23
A00403,Database,54
A00403,Analytics & Data,53
A00403,AI & ML,39
A00403,Security,50
A00403,Applications,35
A00403,Integration,52
A00404,Infrastructure,49
A00404,Database,32
A00404,Analytics & Data,36
A00404,AI & ML,43
A00404,Security,39
A00404,Applications,37
A00404,Integration,28
A00405,Infrastructure,46
A00405,Database,64
A00405,Analytics & Data,57
A00405,AI & ML,66
A00405,Security,49
A00405,Applications,30
A00405,Integration,53
A00406,Infrastructure,75
A00406,Database,46
A00406,Analytics & Data,31
A00406,AI & ML,64
A00406,Security,43
A00406,Applications,44
A00406,Integration,42
A00407,Infrastructure,35
A00407,Database,96
A00407,Analytics & Data,68
A00407,AI & ML,39
A00407,Security,34
A00407,Applications,42
A00407,Integration,42
A00408,Infrastructure,32
A00408,Database,31
A00408,Analytics & Data,21
A00408,AI & ML,62
A00408,Security,32
A00408,Applications,35
A00408,Integration,46
A00409,Infrastructure,41
A00409,Database,19
A00409,Analytics & Data,31
A00409,AI & ML,41
A00409,Security,50
A00409,Applications,65
A00409,Integration,40
A00410,Infrastructure,60
A00410,Database,19
A00410,Analytics & Data,42
A00410,AI & ML,40
A00410,Security,37
A00410,Applications,47
A00410,Integration,48
A00411,Infrastructure,40
A00411,Database,55
A00411,Analytics & Data,47
A00411,AI & ML,33
A00411,Security,62
A00411,Applications,44
A00411,Integration,49
A00412,Infrastructure,48
A00412,Database,35
A00412,Analytics & Data,24
A00412,AI & ML,36
A00412,Security,48
A00412,Applications,67
A00412,Integration,45
A00413,Infrastructure,43
A00413,Database,73
A00413,Analytics & Data,40
A00413,AI & ML,45
A00413,Security,50
A00413,Applications,14
A00413,Integration,29
A00414,Infrastructure,38
A00414,Database,50
A00414,Analytics & Data,34
A00414,AI & ML,61
A00414,Security,47
A00414,Applications,30
A00414,Integration,29
A00415,Infrastructure,63
A00415,Database,52
A00415,Analytics & Data,29
A00415,AI & ML,37
A00415,Security,74
A00415,Applications,26
A00415,Integration,52
A00416,Infrastructure,21
A00416,Database,76
A00416,Analytics & Data,40
A00416,AI & ML,79
A00416,Security,92
A00416,Applications,39
A00416,Integration,65
A00417,Infrastructure,52
A00417,Database,34
A00417,Analytics & Data,30
A00417,AI & ML,50
A00417,Security,49
A00417,Applications,46
A00417,Integration,58
A00418,Infrastructure,48
A00418,Database,19
A00418,Analytics & Data,35
A00418,AI & ML,37
A00418,Security,24
A00418,Applications,32
A00418,Integration,36
A00419,Infrastructure,41
A00419,Database,93
A00419,Analytics & Data,43
A00419,AI & ML,31
A00419,Security,48
A00419,Applications,42
A00419,Integration,25
A00420,Infrastructure,45
A00420,Database,46
A00420,Analytics & Data,46
A00420,AI & ML,51
A00420,Security,51
A00420,Applications,49
A00420,Integration,41
A00421,Infrastructure,74
A00421,Database,33
A00421,Analytics & Data,65
A00421,AI & ML,48
A00421,Security,21
A00421,Applications,63
A00421,Integration,55
A00422,Infrastructure,37
A00422,Database,43
A00422,Analytics & Data,47
A00422,AI & ML,50
A00422,Security,23
A00422,Applications,53
A00422,Integration,38
A00423,Infrastructure,39
A00423,Database,71
A00423,Analytics & Data,31
A00423,AI & ML,58
A00423,Security,99
A00423,Applications,82
A00423,Integration,36
A00424,Infrastructure,52
A00424,Database,71
A00424,Analytics & Data,25
A00424,AI & ML,52
A00424,Security,27
A00424,Applications,34
A00424,Integration,46
A00425,Infrastructure,71
A00425,Database,46
A00425,Analytics & Data,74
A00425,AI & ML,36
A00425,Security,46
A00425,Applications,85
A00425,Integration,32
A00426,Infrastructure,39
A00426,Database,34
A00426,Analytics & Data,55
A00426,AI & ML,85
A00426,Security,73
A00426,Applications,48
A00426,Integration,47
A00427,Infrastructure,18
A00427,Database,50
A00427,Analytics & Data,33
A00427,AI & ML,25
A00427,Security,37
A00427,Applications,49
A00427,Integration,68
A00428,Infrastructure,35
A00428,Database,53
A00428,Analytics & Data,29
A00428,AI & ML,32
A00428,Security,37
A00428,Applications,26
A00428,Integration,63
A00429,Infrastructure,54
A00429,Database,21
A00429,Analytics & Data,53
A00429,AI & ML,33
A00429,Security,78
A00429,Applications,69
A00429,Integration,88
A00430,Infrastructure,40
A00430,Database,22
A00430,Analytics & Data,66
A00430,AI & ML,63
A00430,Security,46
A00430,Applications,87
A00430,Integration,76
A00431,Infrastructure,42
A00431,Database,53
A00431,Analytics & Data,53
A00431,AI & ML,40
A00431,Security,20
A00431,Applications,27
A00431,Integration,53
A00432,Infrastructure,59
A00432,Database,41
A00432,Analytics & Data,46
A00432,AI & ML,28
A00432,Security,51
A00432,Applications,45
A00432,Integration,56
A00433,Infrastructure,18
A00433,Database,64
A00433,Analytics & Data,60
A00433,AI & ML,56
A00433,Security,42
A00433,Applications,39
A00433,Integration,83
A00434,Infrastructure,61
A00434,Database,37
A00434,Analytics & Data,22
A00434,AI & ML,56
A00434,Security,33
A00434,Applications,37
A00434,Integration,24
A00435,Infrastructure,46
A00435,Database,41
A00435,Analytics & Data,54
A00435,AI & ML,44
A00435,Security,80
A00435,Applications,62
A00435,Integration,71
A00436,Infrastructure,51
A00436,Database,37
A00436,Analytics & Data,91
A00436,AI & ML,37
A00436,Security,54
A00436,Applications,63
A00436,Integration,28
A00437,Infrastructure,32
A00437,Database,38
A00437,Analytics & Data,38
A00437,AI & ML,34
A00437,Security,47
A00437,Applications,63
A00437,Integration,36
A00438,Infrastructure,58
A00438,Database,34
A00438,Analytics & Data,53
A00438,AI & ML,35
A00438,Security,43
A00438,Applications,60
A00438,Integration,58
A00439,Infrastructure,31
A00439,Database,63
A00439,Analytics & Data,61
A00439,AI & ML,57
A00439,Security,37
A00439,Applications,51
A00439,Integration,50
A00440,Infrastructure,22
A00440,Database,48
A00440,Analytics & Data,70
A00440,AI & ML,41
A00440,Security,96
A00440,Applications,32
A00440,Integration,63
A00441,Infrastructure,44
A00441,Database,30
A00441,Analytics & Data,26
A00441,AI & ML,42
A00441,Security,62
A00441,Applications,57
A00441,Integration,21
A00442,Infrastructure,35
A00442,Database,57
A00442,Analytics & Data,39
A00442,AI & ML,22
A00442,Security,47
A00442,Applications,30
A00442,Integration,62
A00443,Infrastructure,79
A00443,Database,47
A00443,Analytics & Data,39
A00443,AI & ML,17
A00443,Security,19
A00443,Applications,64
A00443,Integration,43
A00444,Infrastructure,35
A00444,Database,25
A00444,Analytics & Data,29
A00444,AI & ML,43
A00444,Security,47
A00444,Applications,51
A00444,Integration,54
A00445,Infrastructure,26
A00445,Database,21
A00445,Analytics & Data,45
A00445,AI & ML,47
A00445,Security,43
A00445,Applications,48
A00445,Integration,52
A00446,Infrastructure,39
A00446,Database,100
A00446,Analytics & Data,58
A00446,AI & ML,29
A00446,Security,69
A00446,Applications,47
A00446,Integration,50
A00447,Infrastructure,74
A00447,Database,42
A00447,Analytics & Data,30
A00447,AI & ML,41
A00447,Security,70
A00447,Applications,49
A00447,Integration,79
A00448,Infrastructure,64
A00448,Database,55
A00448,Analytics & Data,63
A00448,AI & ML,80
A00448,Security,22
A00448,Applications,38
A00448,Integration,42
A00449,Infrastructure,49
A00449,Database,37
A00449,Analytics & Data,69
A00449,AI & ML,44
A00449,Security,42
A00449,Applications,25
A00449,Integration,38
A00450,Infrastructure,32
A00450,Database,35
A00450,Analytics & Data,84
A00450,AI & ML,34
A00450,Security,37
A00450,Applications,62
A00450,Integration,42
A00451,Infrastructure,23
A00451,Database,42
A00451,Analytics & Data,42
A00451,AI & ML,45
A00451,Security,93
A00451,Applications,41
A00451,Integration,41
A00452,Infrastructure,26
A00452,Database,29
A00452,Analytics & Data,70
A00452,AI & ML,29
A00452,Security,32
A00452,Applications,50
A00452,Integration,40
A00453,Infrastructure,72
A00453,Database,40
A00453,Analytics & Data,26
A00453,AI & ML,64
A00453,Security,81
A00453,Applications,43
A00453,Integration,71
A00454,Infrastructure,41
A00454,Database,41
A00454,Analytics & Data,41
A00454,AI & ML,25
A00454,Security,47
A00454,Applications,32
A00454,Integration,45
A00455,Infrastructure,62
A00455,Database,24
A00455,Analytics & Data,81
A00455,AI & ML,37
A00455,Security,27
A00455,Applications,52
A00455,Integration,92
A00456,Infrastructure,41
A00456,Database,25
A00456,Analytics & Data,36
A00456,AI & ML,30
A00456,Security,40
A00456,Applications,78
A00456,Integration,23
A00457,Infrastructure,44
A00457,Database,36
A00457,Analytics & Data,31
A00457,AI & ML,64
A00457,Security,48
A00457,Applications,43
A00457,Integration,38
A00458,Infrastructure,33
A00458,Database,42
A00458,Analytics & Data,31
A00458,AI & ML,82
A00458,Security,27
A00458,Applications,97
A00458,Integration,52
A00459,Infrastructure,84
A00459,Database,37
A00459,Analytics & Data,22
A00459,AI & ML,91
A00459,Security,47
A00459,Applications,38
A00459,Integration,94
A00460,Infrastructure,65
A00460,Database,12
A00460,Analytics & Data,52
A00460,AI & ML,33
A00460,Security,27
A00460,Applications,36
A00460,Integration,27
A00461,Infrastructure,37
A00461,Database,76
A00461,Analytics & Data,38
A00461,AI & ML,37
A00461,Security,40
A00461,Applications,40
A00461,Integration,35
A00462,Infrastructure,42
A00462,Database,90
A00462,Analytics & Data,28
A00462,AI & ML,34
A00462,Security,39
A00462,Applications,66
A00462,Integration,59
A00463,Infrastructure,46
A00463,Database,39
A00463,Analytics & Data,30
A00463,AI & ML,32
A00463,Security,48
A00463,Applications,29
A00463,Integration,53
A00464,Infrastructure,77
A00464,Database,70
A00464,Analytics & Data,83
A00464,AI & ML,68
A00464,Security,24
A00464,Applications,61
A00464,Integration,79
A00465,Infrastructure,81
A00465,Database,100
A00465,Analytics & Data,34
A00465,AI & ML,88
A00465,Security,73
A00465,Applications,38
A00465,Integration,25
A00466,Infrastructure,22
A00466,Database,37
A00466,Analytics & Data,45
A00466,AI & ML,83
A00466,Security,33
A00466,Applications,87
A00466,Integration,41
A00467,Infrastructure,77
A00467,Database,36
A00467,Analytics & Data,35
A00467,AI & ML,53
A00467,Security,41
A00467,Applications,80
A00467,Integration,100
A00468,Infrastructure,58
A00468,Database,78
A00468,Analytics & Data,36
A00468,AI & ML,47
A00468,Security,97
A00468,Applications,34
A00468,Integration,67
A00469,Infrastructure,49
A00469,Database,22
A00469,Analytics & Data,37
A00469,AI & ML,44
A00469,Security,60
A00469,Applications,49
A00469,Integration,65
A00470,Infrastructure,32
A00470,Database,36
A00470,Analytics & Data,30
A00470,AI & ML,56
A00470,Security,55
A00470,Applications,81
A00470,Integration,64
A00471,Infrastructure,80
A00471,Database,32
A00471,Analytics & Data,49
A00471,AI & ML,17
A00471,Security,73
A00471,Applications,54
A00471,Integration,38
A00472,Infrastructure,66
A00472,Database,39
A00472,Analytics & Data,77
A00472,AI & ML,26
A00472,Security,45
A00472,Applications,32
A00472,Integration,92
A00473,Infrastructure,87
A00473,Database,50
A00473,Analytics & Data,69
A00473,AI & ML,100
A00473,Security,24
A00473,Applications,88
A00473,Integration,83
A00474,Infrastructure,48
A00474,Database,25
A00474,Analytics & Data,34
A00474,AI & ML,37
A00474,Security,45
A00474,Applications,37
A00474,Integration,62
A00475,Infrastructure,92
A00475,Database,39
A00475,Analytics & Data,67
A00475,AI & ML,49
A00475,Security,25
A00475,Applications,38
A00475,Integration,73
A00476,Infrastructure,63
A00476,Database,30
A00476,Analytics & Data,36
A00476,AI & ML,33
A00476,Security,20
A00476,Applications,44
A00476,Integration,40
A00477,Infrastructure,61
A00477,Database,41
A00477,Analytics & Data,51
A00477,AI & ML,31
A00477,Security,71
A00477,Applications,26
A00477,Integration,26
A00478,Infrastructure,45
A00478,Database,37
A00478,Analytics & Data,40
A00478,AI & ML,52
A00478,Security,79
A00478,Applications,43
A00478,Integration,41
A00479,Infrastructure,46
A00479,Database,95
A00479,Analytics & Data,51
A00479,AI & ML,50
A00479,Security,47
A00479,Applications,73
A00479,Integration,34
A00480,Infrastructure,32
A00480,Database,44
A00480,Analytics & Data,56
A00480,AI & ML,33
A00480,Security,26
A00480,Applications,45
A00480,Integration,39
A00481,Infrastructure,53
A00481,Database,89
A00481,Analytics & Data,25
A00481,AI & ML,34
A00481,Security,46
A00481,Applications,76
A00481,Integration,19
A00482,Infrastructure,32
A00482,Database,50
A00482,Analytics & Data,66
A00482,AI & ML,78
A00482,Security,42
A00482,Applications,61
A00482,Integration,35
A00483,Infrastructure,52
A00483,Database,67
A00483,Analytics & Data,65
A00483,AI & ML,28
A00483,Security,48
A00483,Applications,39
A00483,Integration,19
A00484,Infrastructure,61
A00484,Database,54
A00484,Analytics & Data,38
A00484,AI & ML,52
A00484,Security,47
A00484,Applications,56
A00484,Integration,39
A00485,Infrastructure,70
A00485,Database,40
A00485,Analytics & Data,44
A00485,AI & ML,20
A00485,Security,56
A00485,Applications,44
A00485,Integration,23
A00486,Infrastructure,47
A00486,Database,39
A00486,Analytics & Data,72
A00486,AI & ML,82
A00486,Security,57
A00486,Applications,45
A00486,Integration,61
A00487,Infrastructure,62
A00487,Database,57
A00487,Analytics & Data,96
A00487,AI & ML,100
A00487,Security,63
A00487,Applications,54
A00487,Integration,91
A00488,Infrastructure,58
A00488,Database,35
A00488,Analytics & Data,28
A00488,AI & ML,47
A00488,Security,58
A00488,Applications,57
A00488,Integration,61
A00489,Infrastructure,32
A00489,Database,35
A00489,Analytics & Data,25
A00489,AI & ML,31
A00489,Security,53
A00489,Applications,39
A00489,Integration,73
A00490,Infrastructure,34
A00490,Database,48
A00490,Analytics & Data,26
A00490,AI & ML,46
A00490,Security,31
A00490,Applications,43
A00490,Integration,70
A00491,Infrastructure,33
A00491,Database,68
A00491,Analytics & Data,100
A00491,AI & ML,47
A00491,Security,41
A00491,Applications,18
A00491,Integration,66
A00492,Infrastructure,47
A00492,Database,47
A00492,Analytics & Data,53
A00492,AI & ML,26
A00492,Security,55
A00492,Applications,51
A00492,Integration,29
A00493,Infrastructure,45
A00493,Database,47
A00493,Analytics & Data,40
A00493,AI & ML,85
A00493,Security,58
A00493,Applications,68
A00493,Integration,69
A00494,Infrastructure,97
A00494,Database,20
A00494,Analytics & Data,36
A00494,AI & ML,41
A00494,Security,33
A00494,Applications,44
A00494,Integration,35
A00495,Infrastructure,36
A00495,Database,43
A00495,Analytics & Data,41
A00495,AI & ML,40
A00495,Security,32
A00495,Applications,53
A00495,Integration,32
A00496,Infrastructure,44
A00496,Database,25
A00496,Analytics & Data,29
A00496,AI & ML,28
A00496,Security,75
A00496,Applications,46
A00496,Integration,51
A00497,Infrastructure,21
A00497,Database,70
A00497,Analytics & Data,28
A00497,AI & ML,47
A00497,Security,38
A00497,Applications,54
A00497,Integration,22
A00498,Infrastructure,41
A00498,Database,72
A00498,Analytics & Data,32
A00498,AI & ML,31
A00498,Security,53
A00498,Applications,29
A00498,Integration,29
A00499,Infrastructure,47
A00499,Database,78
A00499,Analytics & Data,38
A00499,AI & ML,44
A00499,Security,32
A00499,Applications,18
A00499,Integration,45
A00500,Infrastructure,47
A00500,Database,89
A00500,Analytics & Data,72
A00500,AI & ML,40
A00500,Security,32
A00500,Applications,35
A00500,Integration,40
A00501,Infrastructure,88
A00501,Database,39
A00501,Analytics & Data,39
A00501,AI & ML,49
A00501,Security,44
A00501,Applications,37
A00501,Integration,36
A00502,Infrastructure,59
A00502,Database,43
A00502,Analytics & Data,67
A00502,AI & ML,39
A00502,Security,34
A00502,Applications,70
A00502,Integration,57
A00503,Infrastructure,48
A00503,Database,35
A00503,Analytics & Data,24
A00503,AI & ML,51
A00503,Security,83
A00503,Applications,63
A00503,Integration,41
A00504,Infrastructure,35
A00504,Database,67
A00504,Analytics & Data,73
A00504,AI & ML,54
A00504,Security,34
A00504,Applications,63
A00504,Integration,40
A00505,Infrastructure,33
A00505,Database,94
A00505,Analytics & Data,46
A00505,AI & ML,38
A00505,Security,91
A00505,Applications,39
A00505,Integration,43
A00506,Infrastructure,94
A00506,Database,41
A00506,Analytics & Data,38
A00506,AI & ML,66
A00506,Security,39
A00506,Applications,42
A00506,Integration,56
A00507,Infrastructure,23
A00507,Database,78
A00507,Analytics & Data,76
A00507,AI & ML,51
A00507,Security,37
A00507,Applications,53
A00507,Integration,26
A00508,Infrastructure,18
A00508,Database,83
A00508,Analytics & Data,29
A00508,AI & ML,29
A00508,Security,42
A00508,Applications,56
A00508,Integration,51
A00509,Infrastructure,26
A00509,Database,33
A00509,Analytics & Data,63
A00509,AI & ML,24
A00509,Security,23
A00509,Applications,36
A00509,Integration,16
A00510,Infrastructure,43
A00510,Database,53
A00510,Analytics & Data,28
A00510,AI & ML,31
A00510,Security,34
A00510,Applications,36
A00510,Integration,50
A00511,Infrastructure,40
A00511,Database,47
A00511,Analytics & Data,79
A00511,AI & ML,16
A00511,Security,36
A00511,Applications,46
A00511,Integration,38
A00512,Infrastructure,58
A00512,Database,39
A00512,Analytics & Data,65
A00512,AI & ML,43
A00512,Security,88
A00512,Applications,22
A00512,Integration,96
A00513,Infrastructure,49
A00513,Database,37
A00513,Analytics & Data,54
A00513,AI & ML,36
A00513,Security,92
A00513,Applications,52
A00513,Integration,96
A00514,Infrastructure,78
A00514,Database,69
A00514,Analytics & Data,49
A00514,AI & ML,21
A00514,Security,46
A00514,Applications,75
A00514,Integration,48
A00515,Infrastructure,73
A00515,Database,37
A00515,Analytics & Data,42
A00515,AI & ML,48
A00515,Security,80
A00515,Applications,23
A00515,Integration,58
A00516,Infrastructure,86
A00516,Database,58
A00516,Analytics & Data,79
A00516,AI & ML,35
A00516,Security,19
A00516,Applications,41
A00516,Integration,37
A00517,Infrastructure,43
A00517,Database,48
A00517,Analytics & Data,68
A00517,AI & ML,28
A00517,Security,55
A00517,Applications,41
A00517,Integration,55
A00518,Infrastructure,41
A00518,Database,51
A00518,Analytics & Data,41
A00518,AI & ML,89
A00518,Security,61
A00518,Applications,74
A00518,Integration,40
A00519,Infrastructure,63
A00519,Database,80
A00519,Analytics & Data,48
A00519,AI & ML,50
A00519,Security,53
A00519,Applications,73
A00519,Integration,35
A00520,Infrastructure,85
A00520,Database,61
A00520,Analytics & Data,61
A00520,AI & ML,40
A00520,Security,48
A00520,Applications,41
A00520,Integration,49
A00521,Infrastructure,24
A00521,Database,35
A00521,Analytics & Data,32
A00521,AI & ML,31
A00521,Security,48
A00521,Applications,88
A00521,Integration,30
A00522,Infrastructure,84
A00522,Database,55
A00522,Analytics & Data,43
A00522,AI & ML,13
A00522,Security,26
A00522,Applications,65
A00522,Integration,57
A00523,Infrastructure,44
A00523,Database,48
A00523,Analytics & Data,64
A00523,AI & ML,42
A00523,Security,50
A00523,Applications,44
A00523,Integration,34
A00524,Infrastructure,39
A00524,Database,84
A00524,Analytics & Data,82
A00524,AI & ML,57
A00524,Security,33
A00524,Applications,39
A00524,Integration,43
A00525,Infrastructure,25
A00525,Database,34
A00525,Analytics & Data,86
A00525,AI & ML,19
A00525,Security,31
A00525,Applications,35
A00525,Integration,95
A00526,Infrastructure,28
A00526,Database,40
A00526,Analytics & Data,35
A00526,AI & ML,30
A00526,Security,26
A00526,Applications,27
A00526,Integration,33
A00527,Infrastructure,33
A00527,Database,54
A00527,Analytics & Data,46
A00527,AI & ML,67
A00527,Security,52
A00527,Applications,25
A00527,Integration,58
A00528,Infrastructure,49
A00528,Database,50
A00528,Analytics & Data,36
A00528,AI & ML,74
A00528,Security,35
A00528,Applications,41
A00528,Integration,47
A00529,Infrastructure,52
A00529,Database,42
A00529,Analytics & Data,23
A00529,AI & ML,61
A00529,Security,35
A00529,Applications,72
A00529,Integration,97
A00530,Infrastructure,42
A00530,Database,83
A00530,Analytics & Data,40
A00530,AI & ML,52
A00530,Security,62
A00530,Applications,32
A00530,Integration,53
A00531,Infrastructure,54
A00531,Database,79
A00531,Analytics & Data,48
A00531,AI & ML,37
A00531,Security,57
A00531,Applications,46
A00531,Integration,75
A00532,Infrastructure,39
A00532,Database,25
A00532,Analytics & Data,52
A00532,AI & ML,40
A00532,Security,47
A00532,Applications,43
A00532,Integration,22
A00533,Infrastructure,36
A00533,Database,38
A00533,Analytics & Data,50
A00533,AI & ML,40
A00533,Security,40
A00533,Applications,26
A00533,Integration,42
A00534,Infrastructure,49
A00534,Database,28
A00534,Analytics & Data,55
A00534,AI & ML,22
A00534,Security,21
A00534,Applications,48
A00534,Integration,50
A00535,Infrastructure,20
A00535,Database,27
A00535,Analytics & Data,53
A00535,AI & ML,32
A00535,Security,37
A00535,Applications,27
A00535,Integration,44
A00536,Infrastructure,83
A00536,Database,39
A00536,Analytics & Data,47
A00536,AI & ML,43
A00536,Security,48
A00536,Applications,49
A00536,Integration,21
A00537,Infrastructure,34
A00537,Database,56
A00537,Analytics & Data,76
A00537,AI & ML,28
A00537,Security,35
A00537,Applications,31
A00537,Integration,62
A00538,Infrastructure,76
A00538,Database,16
A00538,Analytics & Data,44
A00538,AI & ML,34
A00538,Security,42
A00538,Applications,63
A00538,Integration,33
A00539,Infrastructure,57
A00539,Database,35
A00539,Analytics & Data,80
A00539,AI & ML,49
A00539,Security,35
A00539,Applications,30
A00539,Integration,31
A00540,Infrastructure,56
A00540,Database,36
A00540,Analytics & Data,31
A00540,AI & ML,43
A00540,Security,47
A00540,Applications,60
A00540,Integration,44
A00541,Infrastructure,60
A00541,Database,25
A00541,Analytics & Data,82
A00541,AI & ML,37
A00541,Security,76
A00541,Applications,36
A00541,Integration,45
A00542,Infrastructure,22
A00542,Database,41
A00542,Analytics & Data,29
A00542,AI & ML,82
A00542,Security,50
A00542,Applications,27
A00542,Integration,12
A00543,Infrastructure,28
A00543,Database,75
A00543,Analytics & Data,45
A00543,AI & ML,36
A00543,Security,50
A00543,Applications,47
A00543,Integration,81
A00544,Infrastructure,51
A00544,Database,44
A00544,Analytics & Data,42
A00544,AI & ML,84
A00544,Security,40
A00544,Applications,24
A00544,Integration,70
A00545,Infrastructure,57
A00545,Database,78
A00545,Analytics & Data,41
A00545,AI & ML,26
A00545,Security,37
A00545,Applications,37
A00545,Integration,42
A00546,Infrastructure,27
A00546,Database,56
A00546,Analytics & Data,49
A00546,AI & ML,27
A00546,Security,59
A00546,Applications,64
A00546,Integration,27
A00547,Infrastructure,87
A00547,Database,44
A00547,Analytics & Data,29
A00547,AI & ML,46
A00547,Security,44
A00547,Applications,100
A00547,Integration,62
A00548,Infrastructure,47
A00548,Database,70
A00548,Analytics & Data,75
A00548,AI & ML,37
A00548,Security,51
A00548,Applications,55
A00548,Integration,48
A00549,Infrastructure,33
A00549,Database,43
A00549,Analytics & Data,28
A00549,AI & ML,51
A00549,Security,92
A00549,Applications,43
A00549,Integration,46
A00550,Infrastructure,59
A00550,Database,58
A00550,Analytics & Data,49
A00550,AI & ML,32
A00550,Security,42
A00550,Applications,42
A00550,Integration,31
A00551,Infrastructure,37
A00551,Database,32
A00551,Analytics & Data,51
A00551,AI & ML,46
A00551,Security,28
A00551,Applications,49
A00551,Integration,43
A00552,Infrastructure,59
A00552,Database,38
A00552,Analytics & Data,40
A00552,AI & ML,25
A00552,Security,32
A00552,Applications,34
A00552,Integration,38
A00553,Infrastructure,52
A00553,Database,77
A00553,Analytics & Data,51
A00553,AI & ML,90
A00553,Security,27
A00553,Applications,92
A00553,Integration,62
A00554,Infrastructure,28
A00554,Database,53
A00554,Analytics & Data,36
A00554,AI & ML,40
A00554,Security,81
A00554,Applications,60
A00554,Integration,51
A00555,Infrastructure,39
A00555,Database,42
A00555,Analytics & Data,31
A00555,AI & ML,42
A00555,Security,49
A00555,Applications,41
A00555,Integration,41
A00556,Infrastructure,18
A00556,Database,37
A00556,Analytics & Data,43
A00556,AI & ML,52
A00556,Security,50
A00556,Applications,37
A00556,Integration,69
A00557,Infrastructure,71
A00557,Database,65
A00557,Analytics & Data,95
A00557,AI & ML,29
A00557,Security,94
A00557,Applications,61
A00557,Integration,42
A00558,Infrastructure,79
A00558,Database,81
A00558,Analytics & Data,48
A00558,AI & ML,38
A00558,Security,61
A00558,Applications,39
A00558,Integration,45
A00559,Infrastructure,66
A00559,Database,53
A00559,Analytics & Data,30
A00559,AI & ML,34
A00559,Security,45
A00559,Applications,78
A00559,Integration,52
A00560,Infrastructure,44
A00560,Database,36
A00560,Analytics & Data,75
A00560,AI & ML,86
A00560,Security,34
A00560,Applications,47
A00560,Integration,30
A00561,Infrastructure,44
A00561,Database,43
A00561,Analytics & Data,72
A00561,AI & ML,32
A00561,Security,62
A00561,Applications,40
A00561,Integration,76
A00562,Infrastructure,30
A00562,Database,31
A00562,Analytics & Data,86
A00562,AI & ML,72
A00562,Security,48
A00562,Applications,31
A00562,Integration,33
A00563,Infrastructure,91
A00563,Database,40
A00563,Analytics & Data,72
A00563,AI & ML,29
A00563,Security,36
A00563,Applications,50
A00563,Integration,31
A00564,Infrastructure,93
A00564,Database,75
A00564,Analytics & Data,36
A00564,AI & ML,59
A00564,Security,62
A00564,Applications,32
A00564,Integration,27
A00565,Infrastructure,81
A00565,Database,47
A00565,Analytics & Data,94
A00565,AI & ML,67
A00565,Security,74
A00565,Applications,55
A00565,Integration,67
A00566,Infrastructure,32
A00566,Database,16
A00566,Analytics & Data,51
A00566,AI & ML,57
A00566,Security,34
A00566,Applications,28
A00566,Integration,46
A00567,Infrastructure,79
A00567,Database,41
A00567,Analytics & Data,56
A00567,AI & ML,40
A00567,Security,75
A00567,Applications,42
A00567,Integration,30
A00568,Infrastructure,91
A00568,Database,46
A00568,Analytics & Data,36
A00568,AI & ML,50
A00568,Security,69
A00568,Applications,49
A00568,Integration,55
A00569,Infrastructure,73
A00569,Database,100
A00569,Analytics & Data,24
A00569,AI & ML,62
A00569,Security,71
A00569,Applications,31
A00569,Integration,49
A00570,Infrastructure,38
A00570,Database,57
A00570,Analytics & Data,64
A00570,AI & ML,33
A00570,Security,50
A00570,Applications,55
A00570,Integration,62
A00571,Infrastructure,69
A00571,Database,36
A00571,Analytics & Data,41
A00571,AI & ML,53
A00571,Security,49
A00571,Applications,46
A00571,Integration,31
A00572,Infrastructure,38
A00572,Database,37
A00572,Analytics & Data,64
A00572,AI & ML,56
A00572,Security,39
A00572,Applications,31
A00572,Integration,18
A00573,Infrastructure,67
A00573,Database,24
A00573,Analytics & Data,53
A00573,AI & ML,84
A00573,Security,28
A00573,Applications,37
A00573,Integration,93
A00574,Infrastructure,42
A00574,Database,63
A00574,Analytics & Data,37
A00574,AI & ML,37
A00574,Security,38
A00574,Applications,35
A00574,Integration,41
A00575,Infrastructure,35
A00575,Database,85
A00575,Analytics & Data,36
A00575,AI & ML,54
A00575,Security,50
A00575,Applications,17
A00575,Integration,30
A00576,Infrastructure,33
A00576,Database,39
A00576,Analytics & Data,48
A00576,AI & ML,65
A00576,Security,40
A00576,Applications,18
A00576,Integration,33
A00577,Infrastructure,41
A00577,Database,40
A00577,Analytics & Data,44
A00577,AI & ML,26
A00577,Security,24
A00577,Applications,59
A00577,Integration,33
A00578,Infrastructure,66
A00578,Database,37
A00578,Analytics & Data,26
A00578,AI & ML,97
A00578,Security,30
A00578,Applications,82
A00578,Integration,58
A00579,Infrastructure,45
A00579,Database,37
A00579,Analytics & Data,79
A00579,AI & ML,80
A00579,Security,47
A00579,Applications,52
A00579,Integration,40
A00580,Infrastructure,28
A00580,Database,97
A00580,Analytics & Data,56
A00580,AI & ML,55
A00580,Security,77
A00580,Applications,41
A00580,Integration,15
A00581,Infrastructure,28
A00581,Database,66
A00581,Analytics & Data,38
A00581,AI & ML,55
A00581,Security,16
A00581,Applications,30
A00581,Integration,27
A00582,Infrastructure,47
A00582,Database,59
A00582,Analytics & Data,41
A00582,AI & ML,41
A00582,Security,25
A00582,Applications,32
A00582,Integration,53
A00583,Infrastructure,24
A00583,Database,93
A00583,Analytics & Data,20
A00583,AI & ML,39
A00583,Security,45
A00583,Applications,72
A00583,Integration,24
A00584,Infrastructure,18
A00584,Database,85
A00584,Analytics & Data,35
A00584,AI & ML,37
A00584,Security,40
A00584,Applications,39
A00584,Integration,47
A00585,Infrastructure,64
A00585,Database,35
A00585,Analytics & Data,30
A00585,AI & ML,47
A00585,Security,34
A00585,Applications,44
A00585,Integration,100
A00586,Infrastructure,77
A00586,Database,36
A00586,Analytics & Data,34
A00586,AI & ML,30
A00586,Security,36
A00586,Applications,51
A00586,Integration,42
A00587,Infrastructure,45
A00587,Database,39
A00587,Analytics & Data,47
A00587,AI & ML,100
A00587,Security,43
A00587,Applications,29
A00587,Integration,34
A00588,Infrastructure,42
A00588,Database,56
A00588,Analytics & Data,100
A00588,AI & ML,29
A00588,Security,31
A00588,Applications,28
A00588,Integration,59
A00589,Infrastructure,60
A00589,Database,22
A00589,Analytics & Data,32
A00589,AI & ML,35
A00589,Security,98
A00589,Applications,72
A00589,Integration,47
A00590,Infrastructure,28
A00590,Database,30
A00590,Analytics & Data,68
A00590,AI & ML,36
A00590,Security,79
A00590,Applications,52
A00590,Integration,44
A00591,Infrastructure,41
A00591,Database,83
A00591,Analytics & Data,75
A00591,AI & ML,53
A00591,Security,40
A00591,Applications,48
A00591,Integration,96
A00592,Infrastructure,44
A00592,Database,57
A00592,Analytics & Data,45
A00592,AI & ML,44
A00592,Security,85
A00592,Applications,30
A00592,Integration,54
A00593,Infrastructure,24
A00593,Database,45
A00593,Analytics & Data,47
A00593,AI & ML,22
A00593,Security,36
A00593,Applications,35
A00593,Integration,31
A00594,Infrastructure,24
A00594,Database,69
A00594,Analytics & Data,45
A00594,AI & ML,85
A00594,Security,25
A00594,Applications,37
A00594,Integration,49
A00595,Infrastructure,80
A00595,Database,26
A00595,Analytics & Data,50
A00595,AI & ML,34
A00595,Security,45
A00595,Applications,80
A00595,Integration,37
A00596,Infrastructure,40
A00596,Database,35
A00596,Analytics & Data,26
A00596,AI & ML,42
A00596,Security,35
A00596,Applications,46
A00596,Integration,60
A00597,Infrastructure,35
A00597,Database,57
A00597,Analytics & Data,44
A00597,AI & ML,36
A00597,Security,33
A00597,Applications,36
A00597,Integration,28
A00598,Infrastructure,53
A00598,Database,24
A00598,Analytics & Data,36
A00598,AI & ML,52
A00598,Security,47
A00598,Applications,90
A00598,Integration,48
A00599,Infrastructure,23
A00599,Database,55
A00599,Analytics & Data,50
A00599,AI & ML,41
A00599,Security,44
A00599,Applications,41
A00599,Integration,42
A00600,Infrastructure,45
A00600,Database,43
A00600,Analytics & Data,53
A00600,AI & ML,28
A00600,Security,52
A00600,Applications,28
A00600,Integration,40
A00601,Infrastructure,36
A00601,Database,76
A00601,Analytics & Data,72
A00601,AI & ML,44
A00601,Security,73
A00601,Applications,26
A00601,Integration,26
A00602,Infrastructure,26
A00602,Database,36
A00602,Analytics & Data,29
A00602,AI & ML,51
A00602,Security,62
A00602,Applications,34
A00602,Integration,42
A00603,Infrastructure,70
A00603,Database,52
A00603,Analytics & Data,39
A00603,AI & ML,67
A00603,Security,91
A00603,Applications,54
A00603,Integration,37
A00604,Infrastructure,44
A00604,Database,99
A00604,Analytics & Data,47
A00604,AI & ML,53
A00604,Security,44
A00604,Applications,65
A00604,Integration,54
A00605,Infrastructure,41
A00605,Database,90
A00605,Analytics & Data,47
A00605,AI & ML,55
A00605,Security,85
A00605,Applications,40
A00605,Integration,64
A00606,Infrastructure,78
A00606,Database,66
A00606,Analytics & Data,34
A00606,AI & ML,48
A00606,Security,41
A00606,Applications,38
A00606,Integration,58
A00607,Infrastructure,37
A00607,Database,67
A00607,Analytics & Data,53
A00607,AI & ML,35
A00607,Security,36
A00607,Applications,31
A00607,Integration,83
A00608,Infrastructure,60
A00608,Database,47
A00608,Analytics & Data,34
A00608,AI & ML,55
A00608,Security,25
A00608,Applications,54
A00608,Integration,41
A00609,Infrastructure,21
A00609,Database,37
A00609,Analytics & Data,58
A00609,AI & ML,47
A00609,Security,50
A00609,Applications,43
A00609,Integration,41
A00610,Infrastructure,43
A00610,Database,47
A00610,Analytics & Data,30
A00610,AI & ML,71
A00610,Security,40
A00610,Applications,86
A00610,Integration,43
A00611,Infrastructure,20
A00611,Database,36
A00611,Analytics & Data,77
A00611,AI & ML,73
A00611,Security,33
A00611,Applications,32
A00611,Integration,87
A00612,Infrastructure,59
A00612,Database,36
A00612,Analytics & Data,64
A00612,AI & ML,40
A00612,Security,58
A00612,Applications,59
A00612,Integration,35
A00613,Infrastructure,53
A00613,Database,77
A00613,Analytics & Data,64
A00613,AI & ML,38
A00613,Security,57
A00613,Applications,86
A00613,Integration,35
A00614,Infrastructure,92
A00614,Database,49
A00614,Analytics & Data,34
A00614,AI & ML,47
A00614,Security,30
A00614,Applications,54
A00614,Integration,65
A00615,Infrastructure,46
A00615,Database,81
A00615,Analytics & Data,55
A00615,AI & ML,47
A00615,Security,45
A00615,Applications,35
A00615,Integration,56
A00616,Infrastructure,73
A00616,Database,66
A00616,Analytics & Data,62
A00616,AI & ML,66
A00616,Security,95
A00616,Applications,43
A00616,Integration,55
A00617,Infrastructure,52
A00617,Database,37
A00617,Analytics & Data,35
A00617,AI & ML,87
A00617,Security,100
A00617,Applications,11
A00617,Integration,43
A00618,Infrastructure,42
A00618,Database,59
A00618,Analytics & Data,74
A00618,AI & ML,46
A00618,Security,74
A00618,Applications,68
A00618,Integration,46
A00619,Infrastructure,37
A00619,Database,9
A00619,Analytics & Data,38
A00619,AI & ML,89
A00619,Security,45
A00619,Applications,40
A00619,Integration,24
A00620,Infrastructure,51
A00620,Database,28
A00620,Analytics & Data,32
A00620,AI & ML,72
A00620,Security,45
A00620,Applications,58
A00620,Integration,44
A00621,Infrastructure,79
A00621,Database,39
A00621,Analytics & Data,53
A00621,AI & ML,35
A00621,Security,36
A00621,Applications,62
A00621,Integration,42
A00622,Infrastructure,27
A00622,Database,54
A00622,Analytics & Data,66
A00622,AI & ML,26
A00622,Security,47
A00622,Applications,36
A00622,Integration,85
A00623,Infrastructure,29
A00623,Database,43
A00623,Analytics & Data,30
A00623,AI & ML,100
A00623,Security,78
A00623,Applications,65
A00623,Integration,20
A00624,Infrastructure,46
A00624,Database,29
A00624,Analytics & Data,39
A00624,AI & ML,66
A00624,Security,39
A00624,Applications,30
A00624,Integration,44
A00625,Infrastructure,61
A00625,Database,27
A00625,Analytics & Data,75
A00625,AI & ML,43
A00625,Security,48
A00625,Applications,47
A00625,Integration,78
A00626,Infrastructure,26
A00626,Database,85
A00626,Analytics & Data,53
A00626,AI & ML,40
A00626,Security,48
A00626,Applications,33
A00626,Integration,76
A00627,Infrastructure,38
A00627,Database,41
A00627,Analytics & Data,66
A00627,AI & ML,40
A00627,Security,22
A00627,Applications,78
A00627,Integration,38
A00628,Infrastructure,75
A00628,Database,89
A00628,Analytics & Data,77
A00628,AI & ML,30
A00628,Security,94
A00628,Applications,37
A00628,Integration,46
A00629,Infrastructure,24
A00629,Database,42
A00629,Analytics & Data,42
A00629,AI & ML,51
A00629,Security,34
A00629,Applications,45
A00629,Integration,32
A00630,Infrastructure,41
A00630,Database,74
A00630,Analytics & Data,41
A00630,AI & ML,32
A00630,Security,39
A00630,Applications,95
A00630,Integration,46
A00631,Infrastructure,30
A00631,Database,31
A00631,Analytics & Data,64
A00631,AI & ML,53
A00631,Security,85
A00631,Applications,32
A00631,Integration,24
A00632,Infrastructure,76
A00632,Database,48
A00632,Analytics & Data,63
A00632,AI & ML,91
A00632,Security,52
A00632,Applications,77
A00632,Integration,100
A00633,Infrastructure,43
A00633,Database,43
A00633,Analytics & Data,37
A00633,AI & ML,75
A00633,Security,45
A00633,Applications,42
A00633,Integration,33
A00634,Infrastructure,90
A00634,Database,44
A00634,Analytics & Data,69
A00634,AI & ML,47
A00634,Security,88
A00634,Applications,25
A00634,Integration,31
A00635,Infrastructure,44
A00635,Database,80
A00635,Analytics & Data,52
A00635,AI & ML,46
A00635,Security,26
A00635,Applications,57
A00635,Integration,31
A00636,Infrastructure,46
A00636,Database,49
A00636,Analytics & Data,67
A00636,AI & ML,58
A00636,Security,47
A00636,Applications,59
A00636,Integration,56
A00637,Infrastructure,54
A00637,Database,47
A00637,Analytics & Data,46
A00637,AI & ML,36
A00637,Security,89
A00637,Applications,89
A00637,Integration,27
A00638,Infrastructure,32
A00638,Database,44
A00638,Analytics & Data,43
A00638,AI & ML,44
A00638,Security,43
A00638,Applications,50
A00638,Integration,36
A00639,Infrastructure,76
A00639,Database,44
A00639,Analytics & Data,60
A00639,AI & ML,34
A00639,Security,31
A00639,Applications,42
A00639,Integration,45
A00640,Infrastructure,50
A00640,Database,49
A00640,Analytics & Data,67
A00640,AI & ML,40
A00640,Security,34
A00640,Applications,18
A00640,Integration,38
A00641,Infrastructure,66
A00641,Database,25
A00641,Analytics & Data,71
A00641,AI & ML,72
A00641,Security,79
A00641,Applications,45
A00641,Integration,78
A00642,Infrastructure,48
A00642,Database,18
A00642,Analytics & Data,45
A00642,AI & ML,35
A00642,Security,38
A00642,Applications,40
A00642,Integration,55
A00643,Infrastructure,60
A00643,Database,39
A00643,Analytics & Data,25
A00643,AI & ML,46
A00643,Security,69
A00643,Applications,100
A00643,Integration,71
A00644,Infrastructure,47
A00644,Database,32
A00644,Analytics & Data,97
A00644,AI & ML,45
A00644,Security,31
A00644,Applications,40
A00644,Integration,51
A00645,Infrastructure,19
A00645,Database,81
A00645,Analytics & Data,47
A00645,AI & ML,50
A00645,Security,50
A00645,Applications,45
A00645,Integration,30
A00646,Infrastructure,47
A00646,Database,55
A00646,Analytics & Data,32
A00646,AI & ML,90
A00646,Security,42
A00646,Applications,28
A00646,Integration,30
A00647,Infrastructure,25
A00647,Database,22
A00647,Analytics & Data,50
A00647,AI & ML,44
A00647,Security,43
A00647,Applications,56
A00647,Integration,39
A00648,Infrastructure,59
A00648,Database,45
A00648,Analytics & Data,55
A00648,AI & ML,36
A00648,Security,69
A00648,Applications,44
A00648,Integration,33
A00649,Infrastructure,28
A00649,Database,45
A00649,Analytics & Data,34
A00649,AI & ML,34
A00649,Security,74
A00649,Applications,44
A00649,Integration,81
A00650,Infrastructure,36
A00650,Database,53
A00650,Analytics & Data,36
A00650,AI & ML,92
A00650,Security,39
A00650,Applications,46
A00650,Integration,64
A00651,Infrastructure,78
A00651,Database,37
A00651,Analytics & Data,48
A00651,AI & ML,52
A00651,Security,23
A00651,Applications,38
A00651,Integration,47
A00652,Infrastructure,44
A00652,Database,41
A00652,Analytics & Data,34
A00652,AI & ML,36
A00652,Security,50
A00652,Applications,42
A00652,Integration,24
A00653,Infrastructure,50
A00653,Database,35
A00653,Analytics & Data,33
A00653,AI & ML,26
A00653,Security,80
A00653,Applications,97
A00653,Integration,48
A00654,Infrastructure,35
A00654,Database,73
A00654,Analytics & Data,82
A00654,AI & ML,100
A00654,Security,36
A00654,Applications,24
A00654,Integration,11
A00655,Infrastructure,70
A00655,Database,29
A00655,Analytics & Data,35
A00655,AI & ML,29
A00655,Security,56
A00655,Applications,42
A00655,Integration,45
A00656,Infrastructure,44
A00656,Database,27
A00656,Analytics & Data,44
A00656,AI & ML,21
A00656,Security,53
A00656,Applications,46
A00656,Integration,36
A00657,Infrastructure,87
A00657,Database,55
A00657,Analytics & Data,17
A00657,AI & ML,31
A00657,Security,66
A00657,Applications,63
A00657,Integration,65
A00658,Infrastructure,40
A00658,Database,68
A00658,Analytics & Data,38
A00658,AI & ML,78
A00658,Security,22
A00658,Applications,27
A00658,Integration,40
A00659,Infrastructure,32
A00659,Database,61
A00659,Analytics & Data,56
A00659,AI & ML,92
A00659,Security,29
A00659,Applications,37
A00659,Integration,35
A00660,Infrastructure,46
A00660,Database,83
A00660,Analytics & Data,34
A00660,AI & ML,44
A00660,Security,39
A00660,Applications,53
A00660,Integration,32
A00661,Infrastructure,57
A00661,Database,64
A00661,Analytics & Data,35
A00661,AI & ML,17
A00661,Security,64
A00661,Applications,66
A00661,Integration,37
A00662,Infrastructure,51
A00662,Database,83
A00662,Analytics & Data,28
A00662,AI & ML,26
A00662,Security,48
A00662,Applications,40
A00662,Integration,35
A00663,Infrastructure,59
A00663,Database,46
A00663,Analytics & Data,94
A00663,AI & ML,70
A00663,Security,86
A00663,Applications,78
A00663,Integration,36
A00664,Infrastructure,23
A00664,Database,47
A00664,Analytics & Data,33
A00664,AI & ML,42
A00664,Security,37
A00664,Applications,94
A00664,Integration,23
A00665,Infrastructure,60
A00665,Database,32
A00665,Analytics & Data,47
A00665,AI & ML,66
A00665,Security,84
A00665,Applications,41
A00665,Integration,43
A00666,Infrastructure,36
A00666,Database,42
A00666,Analytics & Data,69
A00666,AI & ML,38
A00666,Security,46
A00666,Applications,79
A00666,Integration,38
A00667,Infrastructure,57
A00667,Database,38
A00667,Analytics & Data,77
A00667,AI & ML,29
A00667,Security,100
A00667,Applications,50
A00667,Integration,36
A00668,Infrastructure,34
A00668,Database,32
A00668,Analytics & Data,50
A00668,AI & ML,89
A00668,Security,49
A00668,Applications,85
A00668,Integration,42
A00669,Infrastructure,53
A00669,Database,44
A00669,Analytics & Data,98
A00669,AI & ML,33
A00669,Security,17
A00669,Applications,21
A00669,Integration,40
A00670,Infrastructure,91
A00670,Database,28
A00670,Analytics & Data,84
A00670,AI & ML,28
A00670,Security,44
A00670,Applications,40
A00670,Integration,86
A00671,Infrastructure,79
A00671,Database,36
A00671,Analytics & Data,27
A00671,AI & ML,59
A00671,Security,42
A00671,Applications,35
A00671,Integration,48
A00672,Infrastructure,34
A00672,Database,38
A00672,Analytics & Data,44
A00672,AI & ML,38
A00672,Security,26
A00672,Applications,74
A00672,Integration,42
A00673,Infrastructure,48
A00673,Database,32
A00673,Analytics & Data,65
A00673,AI & ML,76
A00673,Security,33
A00673,Applications,78
A00673,Integration,45
A00674,Infrastructure,61
A00674,Database,43
A00674,Analytics & Data,45
A00674,AI & ML,64
A00674,Security,51
A00674,Applications,48
A00674,Integration,68
A00675,Infrastructure,86
A00675,Database,41
A00675,Analytics & Data,39
A00675,AI & ML,100
A00675,Security,78
A00675,Applications,47
A00675,Integration,32
A00676,Infrastructure,28
A00676,Database,84
A00676,Analytics & Data,26
A00676,AI & ML,45
A00676,Security,78
A00676,Applications,100
A00676,Integration,41
A00677,Infrastructure,19
A00677,Database,73
A00677,Analytics & Data,40
A00677,AI & ML,96
A00677,Security,47
A00677,Applications,36
A00677,Integration,43
A00678,Infrastructure,30
A00678,Database,31
A00678,Analytics & Data,37
A00678,AI & ML,60
A00678,Security,40
A00678,Applications,29
A00678,Integration,87
A00679,Infrastructure,42
A00679,Database,40
A00679,Analytics & Data,48
A00679,AI & ML,42
A00679,Security,32
A00679,Applications,78
A00679,Integration,59
A00680,Infrastructure,27
A00680,Database,40
A00680,Analytics & Data,31
A00680,AI & ML,23
A00680,Security,38
A00680,Applications,78
A00680,Integration,35
A00681,Infrastructure,40
A00681,Database,67
A00681,Analytics & Data,30
A00681,AI & ML,69
A00681,Security,77
A00681,Applications,42
A00681,Integration,50
A00682,Infrastructure,28
A00682,Database,71
A00682,Analytics & Data,41
A00682,AI & ML,53
A00682,Security,55
A00682,Applications,44
A00682,Integration,41
A00683,Infrastructure,65
A00683,Database,68
A00683,Analytics & Data,37
A00683,AI & ML,34
A00683,Security,53
A00683,Applications,75
A00683,Integration,58
A00684,Infrastructure,38
A00684,Database,43
A00684,Analytics & Data,32
A00684,AI & ML,58
A00684,Security,27
A00684,Applications,29
A00684,Integration,29
A00685,Infrastructure,63
A00685,Database,50
A00685,Analytics & Data,53
A00685,AI & ML,35
A00685,Security,66
A00685,Applications,82
A00685,Integration,77
A00686,Infrastructure,29
A00686,Database,88
A00686,Analytics & Data,41
A00686,AI & ML,41
A00686,Security,32
A00686,Applications,45
A00686,Integration,42
A00687,Infrastructure,48
A00687,Database,60
A00687,Analytics & Data,48
A00687,AI & ML,31
A00687,Security,54
A00687,Applications,43
A00687,Integration,48
A00688,Infrastructure,37
A00688,Database,53
A00688,Analytics & Data,82
A00688,AI & ML,35
A00688,Security,23
A00688,Applications,45
A00688,Integration,43
A00689,Infrastructure,66
A00689,Database,68
A00689,Analytics & Data,34
A00689,AI & ML,64
A00689,Security,44
A00689,Applications,45
A00689,Integration,27
A00690,Infrastructure,40
A00690,Database,72
A00690,Analytics & Data,41
A00690,AI & ML,38
A00690,Security,64
A00690,Applications,52
A00690,Integration,70
A00691,Infrastructure,85
A00691,Database,38
A00691,Analytics & Data,95
A00691,AI & ML,100
A00691,Security,97
A00691,Applications,32
A00691,Integration,46
A00692,Infrastructure,38
A00692,Database,56
A00692,Analytics & Data,42
A00692,AI & ML,40
A00692,Security,55
A00692,Applications,56
A00692,Integration,42
A00693,Infrastructure,51
A00693,Database,83
A00693,Analytics & Data,31
A00693,AI & ML,47
A00693,Security,95
A00693,Applications,32
A00693,Integration,48
A00694,Infrastructure,41
A00694,Database,61
A00694,Analytics & Data,67
A00694,AI & ML,35
A00694,Security,35
A00694,Applications,52
A00694,Integration,43
A00695,Infrastructure,82
A00695,Database,38
A00695,Analytics & Data,29
A00695,AI & ML,58
A00695,Security,33
A00695,Applications,73
A00695,Integration,38
A00696,Infrastructure,77
A00696,Database,60
A00696,Analytics & Data,33
A00696,AI & ML,16
A00696,Security,14
A00696,Applications,52
A00696,Integration,85
A00697,Infrastructure,74
A00697,Database,51
A00697,Analytics & Data,32
A00697,AI & ML,59
A00697,Security,33
A00697,Applications,42
A00697,Integration,36
A00698,Infrastructure,43
A00698,Database,50
A00698,Analytics & Data,45
A00698,AI & ML,89
A00698,Security,37
A00698,Applications,34
A00698,Integration,49
A00699,Infrastructure,21
A00699,Database,100
A00699,Analytics & Data,76
A00699,AI & ML,76
A00699,Security,49
A00699,Applications,69
A00699,Integration,49
A00700,Infrastructure,51
A00700,Database,64
A00700,Analytics & Data,42
A00700,AI & ML,40
A00700,Security,24
A00700,Applications,60
A00700,Integration,41
A00701,Infrastructure,17
A00701,Database,43
A00701,Analytics & Data,63
A00701,AI & ML,67
A00701,Security,39
A00701,Applications,64
A00701,Integration,29
A00702,Infrastructure,23
A00702,Database,40
A00702,Analytics & Data,27
A00702,AI & ML,17
A00702,Security,66
A00702,Applications,60
A00702,Integration,41
A00703,Infrastructure,38
A00703,Database,41
A00703,Analytics & Data,35
A00703,AI & ML,34
A00703,Security,41
A00703,Applications,54
A00703,Integration,51
A00704,Infrastructure,26
A00704,Database,71
A00704,Analytics & Data,49
A00704,AI & ML,95
A00704,Security,43
A00704,Applications,47
A00704,Integration,32
A00705,Infrastructure,16
A00705,Database,36
A00705,Analytics & Data,29
A00705,AI & ML,59
A00705,Security,35
A00705,Applications,43
A00705,Integration,91
A00706,Infrastructure,47
A00706,Database,66
A00706,Analytics & Data,43
A00706,AI & ML,82
A00706,Security,23
A00706,Applications,43
A00706,Integration,35
A00707,Infrastructure,44
A00707,Database,60
A00707,Analytics & Data,54
A00707,AI & ML,59
A00707,Security,27
A00707,Applications,56
A00707,Integration,58
A00708,Infrastructure,82
A00708,Database,39
A00708,Analytics & Data,41
A00708,AI & ML,69
A00708,Security,45
A00708,Applications,35
A00708,Integration,35
A00709,Infrastructure,35
A00709,Database,40
A00709,Analytics & Data,28
A00709,AI & ML,48
A00709,Security,54
A00709,Applications,42
A00709,Integration,35
A00710,Infrastructure,39
A00710,Database,54
A00710,Analytics & Data,49
A00710,AI & ML,41
A00710,Security,54
A00710,Applications,46
A00710,Integration,47
A00711,Infrastructure,47
A00711,Database,42
A00711,Analytics & Data,44
A00711,AI & ML,33
A00711,Security,37
A00711,Applications,67
A00711,Integration,33
A00712,Infrastructure,36
A00712,Database,49
A00712,Analytics & Data,39
A00712,AI & ML,36
A00712,Security,23
A00712,Applications,38
A00712,Integration,54
A00713,Infrastructure,46
A00713,Database,69
A00713,Analytics & Data,63
A00713,AI & ML,43
A00713,Security,47
A00713,Applications,57
A00713,Integration,29
A00714,Infrastructure,78
A00714,Database,35
A00714,Analytics & Data,39
A00714,AI & ML,46
A00714,Security,37
A00714,Applications,92
A00714,Integration,86
A00715,Infrastructure,59
A00715,Database,48
A00715,Analytics & Data,27
A00715,AI & ML,72
A00715,Security,29
A00715,Applications,56
A00715,Integration,32
A00716,Infrastructure,64
A00716,Database,49
A00716,Analytics & Data,31
A00716,AI & ML,52
A00716,Security,36
A00716,Applications,56
A00716,Integration,31
A00717,Infrastructure,47
A00717,Database,32
A00717,Analytics & Data,77
A00717,AI & ML,56
A00717,Security,92
A00717,Applications,47
A00717,Integration,49
A00718,Infrastructure,88
A00718,Database,93
A00718,Analytics & Data,54
A00718,AI & ML,61
A00718,Security,99
A00718,Applications,91
A00718,Integration,24
A00719,Infrastructure,35
A00719,Database,45
A00719,Analytics & Data,93
A00719,AI & ML,66
A00719,Security,72
A00719,Applications,33
A00719,Integration,53
A00720,Infrastructure,54
A00720,Database,48
A00720,Analytics & Data,49
A00720,AI & ML,26
A00720,Security,63
A00720,Applications,37
A00720,Integration,42
A00721,Infrastructure,46
A00721,Database,49
A00721,Analytics & Data,37
A00721,AI & ML,72
A00721,Security,35
A00721,Applications,26
A00721,Integration,35
A00722,Infrastructure,53
A00722,Database,48
A00722,Analytics & Data,39
A00722,AI & ML,52
A00722,Security,91
A00722,Applications,31
A00722,Integration,100
A00723,Infrastructure,43
A00723,Database,40
A00723,Analytics & Data,95
A00723,AI & ML,38
A00723,Security,22
A00723,Applications,44
A00723,Integration,29
A00724,Infrastructure,85
A00724,Database,35
A00724,Analytics & Data,44
A00724,AI & ML,42
A00724,Security,71
A00724,Applications,30
A00724,Integration,74
A00725,Infrastructure,41
A00725,Database,41
A00725,Analytics & Data,42
A00725,AI & ML,58
A00725,Security,38
A00725,Applications,28
A00725,Integration,62
A00726,Infrastructure,28
A00726,Database,38
A00726,Analytics & Data,33
A00726,AI & ML,65
A00726,Security,47
A00726,Applications,52
A00726,Integration,61
A00727,Infrastructure,77
A00727,Database,72
A00727,Analytics & Data,70
A00727,AI & ML,24
A00727,Security,44
A00727,Applications,50
A00727,Integration,60
A00728,Infrastructure,69
A00728,Database,45
A00728,Analytics & Data,36
A00728,AI & ML,51
A00728,Security,50
A00728,Applications,22
A00728,Integration,38
A00729,Infrastructure,50
A00729,Database,46
A00729,Analytics & Data,54
A00729,AI & ML,38
A00729,Security,48
A00729,Applications,43
A00729,Integration,27
A00730,Infrastructure,34
A00730,Database,36
A00730,Analytics & Data,40
A00730,AI & ML,35
A00730,Security,41
A00730,Applications,60
A00730,Integration,32
A00731,Infrastructure,43
A00731,Database,42
A00731,Analytics & Data,62
A00731,AI & ML,35
A00731,Security,44
A00731,Applications,75
A00731,Integration,86
A00732,Infrastructure,32
A00732,Database,49
A00732,Analytics & Data,53
A00732,AI & ML,48
A00732,Security,72
A00732,Applications,30
A00732,Integration,39
A00733,Infrastructure,36
A00733,Database,53
A00733,Analytics & Data,43
A00733,AI & ML,52
A00733,Security,63
A00733,Applications,38
A00733,Integration,75
A00734,Infrastructure,50
A00734,Database,79
A00734,Analytics & Data,45
A00734,AI & ML,58
A00734,Security,45
A00734,Applications,60
A00734,Integration,92
A00735,Infrastructure,68
A00735,Database,61
A00735,Analytics & Data,29
A00735,AI & ML,54
A00735,Security,39
A00735,Applications,68
A00735,Integration,61
A00736,Infrastructure,42
A00736,Database,84
A00736,Analytics & Data,51
A00736,AI & ML,37
A00736,Security,41
A00736,Applications,62
A00736,Integration,32
A00737,Infrastructure,97
A00737,Database,84
A00737,Analytics & Data,21
A00737,AI & ML,42
A00737,Security,83
A00737,Applications,24
A00737,Integration,52
A00738,Infrastructure,67
A00738,Database,35
A00738,Analytics & Data,35
A00738,AI & ML,43
A00738,Security,38
A00738,Applications,52
A00738,Integration,38
A00739,Infrastructure,50
A00739,Database,50
A00739,Analytics & Data,26
A00739,AI & ML,89
A00739,Security,44
A00739,Applications,70
A00739,Integration,43
A00740,Infrastructure,41
A00740,Database,34
A00740,Analytics & Data,51
A00740,AI & ML,86
A00740,Security,50
A00740,Applications,31
A00740,Integration,53
A00741,Infrastructure,32
A00741,Database,59
A00741,Analytics & Data,40
A00741,AI & ML,13
A00741,Security,38
A00741,Applications,69
A00741,Integration,60
A00742,Infrastructure,61
A00742,Database,88
A00742,Analytics & Data,16
A00742,AI & ML,47
A00742,Security,9
A00742,Applications,47
A00742,Integration,33
A00743,Infrastructure,53
A00743,Database,49
A00743,Analytics & Data,38
A00743,AI & ML,65
A00743,Security,78
A00743,Applications,40
A00743,Integration,51
A00744,Infrastructure,40
A00744,Database,59
A00744,Analytics & Data,37
A00744,AI & ML,27
A00744,Security,36
A00744,Applications,80
A00744,Integration,42
A00745,Infrastructure,43
A00745,Database,82
A00745,Analytics & Data,86
A00745,AI & ML,40
A00745,Security,57
A00745,Applications,41
A00745,Integration,60
A00746,Infrastructure,33
A00746,Database,38
A00746,Analytics & Data,47
A00746,AI & ML,40
A00746,Security,73
A00746,Applications,39
A00746,Integration,49
A00747,Infrastructure,76
A00747,Database,53
A00747,Analytics & Data,49
A00747,AI & ML,45
A00747,Security,84
A00747,Applications,71
A00747,Integration,87
A00748,Infrastructure,42
A00748,Database,50
A00748,Analytics & Data,29
A00748,AI & ML,31
A00748,Security,38
A00748,Applications,58
A00748,Integration,63
A00749,Infrastructure,52
A00749,Database,53
A00749,Analytics & Data,99
A00749,AI & ML,30
A00749,Security,33
A00749,Applications,89
A00749,Integration,50
A00750,Infrastructure,49
A00750,Database,42
A00750,Analytics & Data,51
A00750,AI & ML,43
A00750,Security,63
A00750,Applications,66
A00750,Integration,39
A00751,Infrastructure,33
A00751,Database,23
A00751,Analytics & Data,34
A00751,AI & ML,33
A00751,Security,29
A00751,Applications,38
A00751,Integration,58
A00752,Infrastructure,47
A00752,Database,50
A00752,Analytics & Data,31
A00752,AI & ML,65
A00752,Security,26
A00752,Applications,58
A00752,Integration,57
A00753,Infrastructure,29
A00753,Database,47
A00753,Analytics & Data,48
A00753,AI & ML,47
A00753,Security,33
A00753,Applications,43
A00753,Integration,37
A00754,Infrastructure,56
A00754,Database,56
A00754,Analytics & Data,48
A00754,AI & ML,47
A00754,Security,40
A00754,Applications,28
A00754,Integration,28
A00755,Infrastructure,48
A00755,Database,26
A00755,Analytics & Data,34
A00755,AI & ML,64
A00755,Security,55
A00755,Applications,20
A00755,Integration,41
A00756,Infrastructure,84
A00756,Database,42
A00756,Analytics & Data,45
A00756,AI & ML,73
A00756,Security,35
A00756,Applications,29
A00756,Integration,91
A00757,Infrastructure,57
A00757,Database,32
A00757,Analytics & Data,45
A00757,AI & ML,31
A00757,Security,82
A00757,Applications,75
A00757,Integration,15
A00758,Infrastructure,73
A00758,Database,34
A00758,Analytics & Data,67
A00758,AI & ML,32
A00758,Security,44
A00758,Applications,50
A00758,Integration,39
A00759,Infrastructure,64
A00759,Database,77
A00759,Analytics & Data,55
A00759,AI & ML,44
A00759,Security,54
A00759,Applications,34
A00759,Integration,47
A00760,Infrastructure,44
A00760,Database,36
A00760,Analytics & Data,73
A00760,AI & ML,69
A00760,Security,61
A00760,Applications,33
A00760,Integration,38
A00761,Infrastructure,39
A00761,Database,46
A00761,Analytics & Data,40
A00761,AI & ML,55
A00761,Security,35
A00761,Applications,50
A00761,Integration,42
A00762,Infrastructure,40
A00762,Database,46
A00762,Analytics & Data,52
A00762,AI & ML,44
A00762,Security,53
A00762,Applications,53
A00762,Integration,18
A00763,Infrastructure,79
A00763,Database,46
A00763,Analytics & Data,36
A00763,AI & ML,82
A00763,Security,42
A00763,Applications,41
A00763,Integration,96
A00764,Infrastructure,48
A00764,Database,41
A00764,Analytics & Data,44
A00764,AI & ML,47
A00764,Security,38
A00764,Applications,43
A00764,Integration,45
A00765,Infrastructure,53
A00765,Database,95
A00765,Analytics & Data,44
A00765,AI & ML,31
A00765,Security,38
A00765,Applications,48
A00765,Integration,60
A00766,Infrastructure,51
A00766,Database,92
A00766,Analytics & Data,48
A00766,AI & ML,45
A00766,Security,73
A00766,Applications,66
A00766,Integration,35
A00767,Infrastructure,91
A00767,Database,42
A00767,Analytics & Data,57
A00767,AI & ML,56
A00767,Security,29
A00767,Applications,45
A00767,Integration,55
A00768,Infrastructure,18
A00768,Database,64
A00768,Analytics & Data,69
A00768,AI & ML,25
A00768,Security,83
A00768,Applications,58
A00768,Integration,41
A00769,Infrastructure,73
A00769,Database,95
A00769,Analytics & Data,41
A00769,AI & ML,44
A00769,Security,67
A00769,Applications,42
A00769,Integration,34
A00770,Infrastructure,80
A00770,Database,80
A00770,Analytics & Data,22
A00770,AI & ML,32
A00770,Security,45
A00770,Applications,25
A00770,Integration,63
A00771,Infrastructure,62
A00771,Database,49
A00771,Analytics & Data,31
A00771,AI & ML,47
A00771,Security,92
A00771,Applications,30
A00771,Integration,54
A00772,Infrastructure,39
A00772,Database,22
A00772,Analytics & Data,36
A00772,AI & ML,84
A00772,Security,51
A00772,Applications,72
A00772,Integration,92
A00773,Infrastructure,29
A00773,Database,39
A00773,Analytics & Data,42
A00773,AI & ML,43
A00773,Security,30
A00773,Applications,45
A00773,Integration,25
A00774,Infrastructure,87
A00774,Database,24
A00774,Analytics & Data,71
A00774,AI & ML,70
A00774,Security,34
A00774,Applications,22
A00774,Integration,53
A00775,Infrastructure,45
A00775,Database,51
A00775,Analytics & Data,48
A00775,AI & ML,41
A00775,Security,80
A00775,Applications,50
A00775,Integration,28
A00776,Infrastructure,87
A00776,Database,86
A00776,Analytics & Data,80
A00776,AI & ML,57
A00776,Security,35
A00776,Applications,56
A00776,Integration,54
A00777,Infrastructure,31
A00777,Database,41
A00777,Analytics & Data,21
A00777,AI & ML,38
A00777,Security,49
A00777,Applications,22
A00777,Integration,39
A00778,Infrastructure,71
A00778,Database,58
A00778,Analytics & Data,35
A00778,AI & ML,83
A00778,Security,42
A00778,Applications,42
A00778,Integration,58
A00779,Infrastructure,44
A00779,Database,43
A00779,Analytics & Data,61
A00779,AI & ML,44
A00779,Security,64
A00779,Applications,55
A00779,Integration,55
A00780,Infrastructure,90
A00780,Database,51
A00780,Analytics & Data,62
A00780,AI & ML,41
A00780,Security,34
A00780,Applications,53
A00780,Integration,78
A00781,Infrastructure,93
A00781,Database,65
A00781,Analytics & Data,75
A00781,AI & ML,73
A00781,Security,45
A00781,Applications,52
A00781,Integration,55
A00782,Infrastructure,41
A00782,Database,48
A00782,Analytics & Data,23
A00782,AI & ML,64
A00782,Security,51
A00782,Applications,48
A00782,Integration,36
A00783,Infrastructure,47
A00783,Database,44
A00783,Analytics & Data,49
A00783,AI & ML,33
A00783,Security,90
A00783,Applications,70
A00783,Integration,42
A00784,Infrastructure,97
A00784,Database,75
A00784,Analytics & Data,25
A00784,AI & ML,35
A00784,Security,89
A00784,Applications,22
A00784,Integration,35
A00785,Infrastructure,91
A00785,Database,56
A00785,Analytics & Data,62
A00785,AI & ML,47
A00785,Security,51
A00785,Applications,75
A00785,Integration,37
A00786,Infrastructure,42
A00786,Database,39
A00786,Analytics & Data,32
A00786,AI & ML,34
A00786,Security,64
A00786,Applications,40
A00786,Integration,89
A00787,Infrastructure,58
A00787,Database,65
A00787,Analytics & Data,62
A00787,AI & ML,41
A00787,Security,43
A00787,Applications,50
A00787,Integration,42
A00788,Infrastructure,47
A00788,Database,86
A00788,Analytics & Data,63
A00788,AI & ML,43
A00788,Security,53
A00788,Applications,69
A00788,Integration,51
A00789,Infrastructure,42
A00789,Database,42
A00789,Analytics & Data,86
A00789,AI & ML,69
A00789,Security,44
A00789,Applications,58
A00789,Integration,34
A00790,Infrastructure,73
A00790,Database,47
A00790,Analytics & Data,19
A00790,AI & ML,54
A00790,Security,78
A00790,Applications,90
A00790,Integration,42
A00791,Infrastructure,86
A00791,Database,28
A00791,Analytics & Data,43
A00791,AI & ML,66
A00791,Security,94
A00791,Applications,49
A00791,Integration,50
A00792,Infrastructure,34
A00792,Database,65
A00792,Analytics & Data,29
A00792,AI & ML,39
A00792,Security,75
A00792,Applications,45
A00792,Integration,28
A00793,Infrastructure,64
A00793,Database,57
A00793,Analytics & Data,69
A00793,AI & ML,81
A00793,Security,28
A00793,Applications,40
A00793,Integration,31
A00794,Infrastructure,49
A00794,Database,42
A00794,Analytics & Data,51
A00794,AI & ML,45
A00794,Security,31
A00794,Applications,63
A00794,Integration,50
A00795,Infrastructure,65
A00795,Database,55
A00795,Analytics & Data,35
A00795,AI & ML,62
A00795,Security,37
A00795,Applications,41
A00795,Integration,85
A00796,Infrastructure,44
A00796,Database,55
A00796,Analytics & Data,32
A00796,AI & ML,81
A00796,Security,47
A00796,Applications,72
A00796,Integration,68
A00797,Infrastructure,88
A00797,Database,41
A00797,Analytics & Data,43
A00797,AI & ML,35
A00797,Security,60
A00797,Applications,68
A00797,Integration,41
A00798,Infrastructure,41
A00798,Database,47
A00798,Analytics & Data,46
A00798,AI & ML,39
A00798,Security,42
A00798,Applications,14
A00798,Integration,36
A00799,Infrastructure,94
A00799,Database,39
A00799,Analytics & Data,38
A00799,AI & ML,36
A00799,Security,51
A00799,Applications,91
A00799,Integration,44
A00800,Infrastructure,16
A00800,Database,19
A00800,Analytics & Data,78
A00800,AI & ML,40
A00800,Security,49
A00800,Applications,69
A00800,Integration,88
A00801,Infrastructure,26
A00801,Database,39
A00801,Analytics & Data,25
A00801,AI & ML,51
A00801,Security,66
A00801,Applications,90
A00801,Integration,25
A00802,Infrastructure,73
A00802,Database,60
A00802,Analytics & Data,49
A00802,AI & ML,31
A00802,Security,24
A00802,Applications,43
A00802,Integration,68
A00803,Infrastructure,70
A00803,Database,90
A00803,Analytics & Data,89
A00803,AI & ML,50
A00803,Security,39
A00803,Applications,54
A00803,Integration,100
A00804,Infrastructure,47
A00804,Database,41
A00804,Analytics & Data,18
A00804,AI & ML,34
A00804,Security,36
A00804,Applications,42
A00804,Integration,62
A00805,Infrastructure,100
A00805,Database,33
A00805,Analytics & Data,59
A00805,AI & ML,45
A00805,Security,38
A00805,Applications,35
A00805,Integration,37
A00806,Infrastructure,74
A00806,Database,20
A00806,Analytics & Data,64
A00806,AI & ML,81
A00806,Security,45
A00806,Applications,42
A00806,Integration,72
A00807,Infrastructure,36
A00807,Database,45
A00807,Analytics & Data,77
A00807,AI & ML,39
A00807,Security,34
A00807,Applications,43
A00807,Integration,57
A00808,Infrastructure,78
A00808,Database,74
A00808,Analytics & Data,43
A00808,AI & ML,39
A00808,Security,38
A00808,Applications,49
A00808,Integration,35
A00809,Infrastructure,13
A00809,Database,86
A00809,Analytics & Data,35
A00809,AI & ML,60
A00809,Security,33
A00809,Applications,46
A00809,Integration,69
A00810,Infrastructure,52
A00810,Database,72
A00810,Analytics & Data,82
A00810,AI & ML,43
A00810,Security,45
A00810,Applications,37
A00810,Integration,33
A00811,Infrastructure,43
A00811,Database,37
A00811,Analytics & Data,36
A00811,AI & ML,48
A00811,Security,29
A00811,Applications,40
A00811,Integration,59
A00812,Infrastructure,59
A00812,Database,70
A00812,Analytics & Data,32
A00812,AI & ML,44
A00812,Security,49
A00812,Applications,29
A00812,Integration,28
A00813,Infrastructure,43
A00813,Database,35
A00813,Analytics & Data,40
A00813,AI & ML,38
A00813,Security,19
A00813,Applications,51
A00813,Integration,25
A00814,Infrastructure,67
A00814,Database,79
A00814,Analytics & Data,36
A00814,AI & ML,64
A00814,Security,45
A00814,Applications,58
A00814,Integration,65
A00815,Infrastructure,40
A00815,Database,57
A00815,Analytics & Data,49
A00815,AI & ML,53
A00815,Security,43
A00815,Applications,26
A00815,Integration,42
A00816,Infrastructure,40
A00816,Database,67
A00816,Analytics & Data,48
A00816,AI & ML,51
A00816,Security,39
A00816,Applications,55
A00816,Integration,40
A00817,Infrastructure,42
A00817,Database,51
A00817,Analytics & Data,50
A00817,AI & ML,63
A00817,Security,34
A00817,Applications,21
A00817,Integration,65
A00818,Infrastructure,32
A00818,Database,39
A00818,Analytics & Data,21
A00818,AI & ML,27
A00818,Security,33
A00818,Applications,24
A00818,Integration,77
A00819,Infrastructure,64
A00819,Database,78
A00819,Analytics & Data,34
A00819,AI & ML,69
A00819,Security,48
A00819,Applications,74
A00819,Integration,74
A00820,Infrastructure,59
A00820,Database,45
A00820,Analytics & Data,52
A00820,AI & ML,45
A00820,Security,18
A00820,Applications,22
A00820,Integration,76
A00821,Infrastructure,94
A00821,Database,69
A00821,Analytics & Data,64
A00821,AI & ML,42
A00821,Security,35
A00821,Applications,37
A00821,Integration,26
A00822,Infrastructure,68
A00822,Database,43
A00822,Analytics & Data,62
A00822,AI & ML,49
A00822,Security,62
A00822,Applications,48
A00822,Integration,99
A00823,Infrastructure,53
A00823,Database,83
A00823,Analytics & Data,26
A00823,AI & ML,35
A00823,Security,27
A00823,Applications,24
A00823,Integration,51
A00824,Infrastructure,94
A00824,Database,39
A00824,Analytics & Data,57
A00824,AI & ML,72
A00824,Security,19
A00824,Applications,48
A00824,Integration,95
A00825,Infrastructure,48
A00825,Database,41
A00825,Analytics & Data,96
A00825,AI & ML,39
A00825,Security,40
A00825,Applications,67
A00825,Integration,38
A00826,Infrastructure,49
A00826,Database,19
A00826,Analytics & Data,39
A00826,AI & ML,13
A00826,Security,36
A00826,Applications,40
A00826,Integration,40
A00827,Infrastructure,47
A00827,Database,37
A00827,Analytics & Data,34
A00827,AI & ML,51
A00827,Security,25
A00827,Applications,51
A00827,Integration,40
A00828,Infrastructure,69
A00828,Database,36
A00828,Analytics & Data,60
A00828,AI & ML,31
A00828,Security,68
A00828,Applications,34
A00828,Integration,62
A00829,Infrastructure,44
A00829,Database,56
A00829,Analytics & Data,42
A00829,AI & ML,39
A00829,Security,34
A00829,Applications,40
A00829,Integration,28
A00830,Infrastructure,74
A00830,Database,61
A00830,Analytics & Data,44
A00830,AI & ML,75
A00830,Security,35
A00830,Applications,43
A00830,Integration,62
A00831,Infrastructure,25
A00831,Database,24
A00831,Analytics & Data,51
A00831,AI & ML,62
A00831,Security,41
A00831,Applications,54
A00831,Integration,56
A00832,Infrastructure,40
A00832,Database,22
A00832,Analytics & Data,51
A00832,AI & ML,56
A00832,Security,46
A00832,Applications,84
A00832,Integration,25
A00833,Infrastructure,25
A00833,Database,50
A00833,Analytics & Data,30
A00833,AI & ML,36
A00833,Security,72
A00833,Applications,26
A00833,Integration,53
A00834,Infrastructure,43
A00834,Database,29
A00834,Analytics & Data,45
A00834,AI & ML,36
A00834,Security,26
A00834,Applications,39
A00834,Integration,25
A00835,Infrastructure,49
A00835,Database,76
A00835,Analytics & Data,78
A00835,AI & ML,63
A00835,Security,48
A00835,Applications,50
A00835,Integration,43
A00836,Infrastructure,48
A00836,Database,44
A00836,Analytics & Data,57
A00836,AI & ML,63
A00836,Security,71
A00836,Applications,68
A00836,Integration,25
A00837,Infrastructure,85
A00837,Database,27
A00837,Analytics & Data,39
A00837,AI & ML,52
A00837,Security,48
A00837,Applications,48
A00837,Integration,37
A00838,Infrastructure,37
A00838,Database,49
A00838,Analytics & Data,86
A00838,AI & ML,34
A00838,Security,37
A00838,Applications,50
A00838,Integration,50
A00839,Infrastructure,91
A00839,Database,100
A00839,Analytics & Data,80
A00839,AI & ML,61
A00839,Security,46
A00839,Applications,50
A00839,Integration,44
A00840,Infrastructure,69
A00840,Database,33
A00840,Analytics & Data,48
A00840,AI & ML,37
A00840,Security,39
A00840,Applications,40
A00840,Integration,37
A00841,Infrastructure,37
A00841,Database,29
A00841,Analytics & Data,33
A00841,AI & ML,47
A00841,Security,68
A00841,Applications,71
A00841,Integration,34
A00842,Infrastructure,66
A00842,Database,36
A00842,Analytics & Data,53
A00842,AI & ML,50
A00842,Security,39
A00842,Applications,47
A00842,Integration,61
A00843,Infrastructure,52
A00843,Database,65
A00843,Analytics & Data,50
A00843,AI & ML,45
A00843,Security,65
A00843,Applications,67
A00843,Integration,16
A00844,Infrastructure,40
A00844,Database,35
A00844,Analytics & Data,66
A00844,AI & ML,75
A00844,Security,36
A00844,Applications,51
A00844,Integration,53
A00845,Infrastructure,66
A00845,Database,43
A00845,Analytics & Data,38
A00845,AI & ML,21
A00845,Security,48
A00845,Applications,57
A00845,Integration,26
A00846,Infrastructure,28
A00846,Database,48
A00846,Analytics & Data,61
A00846,AI & ML,31
A00846,Security,99
A00846,Applications,36
A00846,Integration,33
A00847,Infrastructure,56
A00847,Database,21
A00847,Analytics & Data,41
A00847,AI & ML,95
A00847,Security,36
A00847,Applications,43
A00847,Integration,35
A00848,Infrastructure,20
A00848,Database,36
A00848,Analytics & Data,39
A00848,AI & ML,83
A00848,Security,75
A00848,Applications,36
A00848,Integration,19
A00849,Infrastructure,41
A00849,Database,42
A00849,Analytics & Data,76
A00849,AI & ML,48
A00849,Security,38
A00849,Applications,44
A00849,Integration,39
A00850,Infrastructure,35
A00850,Database,63
A00850,Analytics & Data,43
A00850,AI & ML,35
A00850,Security,25
A00850,Applications,37
A00850,Integration,34
A00851,Infrastructure,86
A00851,Database,43
A00851,Analytics & Data,96
A00851,AI & ML,50
A00851,Security,26
A00851,Applications,47
A00851,Integration,24
A00852,Infrastructure,80
A00852,Database,51
A00852,Analytics & Data,36
A00852,AI & ML,60
A00852,Security,21
A00852,Applications,35
A00852,Integration,58
A00853,Infrastructure,77
A00853,Database,49
A00853,Analytics & Data,38
A00853,AI & ML,57
A00853,Security,70
A00853,Applications,53
A00853,Integration,61
A00854,Infrastructure,74
A00854,Database,27
A00854,Analytics & Data,51
A00854,AI & ML,54
A00854,Security,34
A00854,Applications,40
A00854,Integration,30
A00855,Infrastructure,55
A00855,Database,59
A00855,Analytics & Data,38
A00855,AI & ML,38
A00855,Security,49
A00855,Applications,49
A00855,Integration,37
A00856,Infrastructure,42
A00856,Database,44
A00856,Analytics & Data,46
A00856,AI & ML,44
A00856,Security,32
A00856,Applications,32
A00856,Integration,43
A00857,Infrastructure,24
A00857,Database,25
A00857,Analytics & Data,70
A00857,AI & ML,35
A00857,Security,98
A00857,Applications,46
A00857,Integration,77
A00858,Infrastructure,62
A00858,Database,63
A00858,Analytics & Data,24
A00858,AI & ML,74
A00858,Security,97
A00858,Applications,84
A00858,Integration,55
A00859,Infrastructure,34
A00859,Database,68
A00859,Analytics & Data,44
A00859,AI & ML,31
A00859,Security,31
A00859,Applications,65
A00859,Integration,23
A00860,Infrastructure,67
A00860,Database,29
A00860,Analytics & Data,62
A00860,AI & ML,41
A00860,Security,53
A00860,Applications,100
A00860,Integration,55
A00861,Infrastructure,30
A00861,Database,65
A00861,Analytics & Data,34
A00861,AI & ML,61
A00861,Security,39
A00861,Applications,35
A00861,Integration,26
A00862,Infrastructure,83
A00862,Database,40
A00862,Analytics & Data,37
A00862,AI & ML,39
A00862,Security,47
A00862,Applications,62
A00862,Integration,55
A00863,Infrastructure,80
A00863,Database,56
A00863,Analytics & Data,83
A00863,AI & ML,45
A00863,Security,45
A00863,Applications,62
A00863,Integration,52
A00864,Infrastructure,60
A00864,Database,81
A00864,Analytics & Data,47
A00864,AI & ML,45
A00864,Security,47
A00864,Applications,52
A00864,Integration,82
A00865,Infrastructure,35
A00865,Database,85
A00865,Analytics & Data,30
A00865,AI & ML,31
A00865,Security,25
A00865,Applications,37
A00865,Integration,99
A00866,Infrastructure,81
A00866,Database,46
A00866,Analytics & Data,46
A00866,AI & ML,72
A00866,Security,53
A00866,Applications,83
A00866,Integration,80
A00867,Infrastructure,50
A00867,Database,37
A00867,Analytics & Data,26
A00867,AI & ML,69
A00867,Security,47
A00867,Applications,79
A00867,Integration,93
A00868,Infrastructure,44
A00868,Database,47
A00868,Analytics & Data,41
A00868,AI & ML,31
A00868,Security,27
A00868,Applications,52
A00868,Integration,43
A00869,Infrastructure,41
A00869,Database,84
A00869,Analytics & Data,57
A00869,AI & ML,22
A00869,Security,39
A00869,Applications,19
A00869,Integration,52
A00870,Infrastructure,78
A00870,Database,36
A00870,Analytics & Data,33
A00870,AI & ML,20
A00870,Security,39
A00870,Applications,36
A00870,Integration,37
A00871,Infrastructure,60
A00871,Database,45
A00871,Analytics & Data,41
A00871,AI & ML,27
A00871,Security,30
A00871,Applications,72
A00871,Integration,68
A00872,Infrastructure,33
A00872,Database,41
A00872,Analytics & Data,24
A00872,AI & ML,86
A00872,Security,80
A00872,Applications,25
A00872,Integration,72
A00873,Infrastructure,35
A00873,Database,39
A00873,Analytics & Data,49
A00873,AI & ML,42
A00873,Security,44
A00873,Applications,62
A00873,Integration,93
A00874,Infrastructure,48
A00874,Database,34
A00874,Analytics & Data,70
A00874,AI & ML,23
A00874,Security,43
A00874,Applications,45
A00874,Integration,42
A00875,Infrastructure,23
A00875,Database,46
A00875,Analytics & Data,39
A00875,AI & ML,59
A00875,Security,30
A00875,Applications,41
A00875,Integration,76
A00876,Infrastructure,60
A00876,Database,50
A00876,Analytics & Data,49
A00876,AI & ML,27
A00876,Security,35
A00876,Applications,51
A00876,Integration,41
A00877,Infrastructure,34
A00877,Database,45
A00877,Analytics & Data,47
A00877,AI & ML,57
A00877,Security,66
A00877,Applications,45
A00877,Integration,35
A00878,Infrastructure,34
A00878,Database,30
A00878,Analytics & Data,33
A00878,AI & ML,26
A00878,Security,35
A00878,Applications,68
A00878,Integration,43
A00879,Infrastructure,60
A00879,Database,73
A00879,Analytics & Data,19
A00879,AI & ML,62
A00879,Security,50
A00879,Applications,38
A00879,Integration,29
A00880,Infrastructure,34
A00880,Database,74
A00880,Analytics & Data,59
A00880,AI & ML,74
A00880,Security,40
A00880,Applications,48
A00880,Integration,59
A00881,Infrastructure,35
A00881,Database,62
A00881,Analytics & Data,42
A00881,AI & ML,63
A00881,Security,50
A00881,Applications,54
A00881,Integration,52
A00882,Infrastructure,40
A00882,Database,32
A00882,Analytics & Data,67
A00882,AI & ML,65
A00882,Security,45
A00882,Applications,34
A00882,Integration,38
A00883,Infrastructure,61
A00883,Database,76
A00883,Analytics & Data,92
A00883,AI & ML,33
A00883,Security,68
A00883,Applications,39
A00883,Integration,100
A00884,Infrastructure,72
A00884,Database,60
A00884,Analytics & Data,55
A00884,AI & ML,76
A00884,Security,47
A00884,Applications,47
A00884,Integration,44
A00885,Infrastructure,40
A00885,Database,51
A00885,Analytics & Data,46
A00885,AI & ML,63
A00885,Security,30
A00885,Applications,50
A00885,Integration,34
A00886,Infrastructure,36
A00886,Database,45
A00886,Analytics & Data,57
A00886,AI & ML,34
A00886,Security,89
A00886,Applications,40
A00886,Integration,65
A00887,Infrastructure,37
A00887,Database,49
A00887,Analytics & Data,35
A00887,AI & ML,44
A00887,Security,44
A00887,Applications,41
A00887,Integration,40
A00888,Infrastructure,41
A00888,Database,31
A00888,Analytics & Data,53
A00888,AI & ML,55
A00888,Security,31
A00888,Applications,66
A00888,Integration,66
A00889,Infrastructure,19
A00889,Database,40
A00889,Analytics & Data,17
A00889,AI & ML,68
A00889,Security,47
A00889,Applications,34
A00889,Integration,71
A00890,Infrastructure,65
A00890,Database,31
A00890,Analytics & Data,46
A00890,AI & ML,63
A00890,Security,41
A00890,Applications,45
A00890,Integration,50
A00891,Infrastructure,37
A00891,Database,27
A00891,Analytics & Data,64
A00891,AI & ML,17
A00891,Security,41
A00891,Applications,20
A00891,Integration,66
A00892,Infrastructure,48
A00892,Database,40
A00892,Analytics & Data,37
A00892,AI & ML,39
A00892,Security,37
A00892,Applications,78
A00892,Integration,52
A00893,Infrastructure,43
A00893,Database,54
A00893,Analytics & Data,52
A00893,AI & ML,60
A00893,Security,100
A00893,Applications,53
A00893,Integration,36
A00894,Infrastructure,37
A00894,Database,21
A00894,Analytics & Data,100
A00894,AI & ML,35
A00894,Security,83
A00894,Applications,39
A00894,Integration,24
A00895,Infrastructure,48
A00895,Database,41
A00895,Analytics & Data,27
A00895,AI & ML,47
A00895,Security,45
A00895,Applications,43
A00895,Integration,94
A00896,Infrastructure,43
A00896,Database,46
A00896,Analytics & Data,85
A00896,AI & ML,39
A00896,Security,36
A00896,Applications,64
A00896,Integration,50
A00897,Infrastructure,22
A00897,Database,81
A00897,Analytics & Data,37
A00897,AI & ML,63
A00897,Security,44
A00897,Applications,51
A00897,Integration,47
A00898,Infrastructure,57
A00898,Database,53
A00898,Analytics & Data,44
A00898,AI & ML,49
A00898,Security,38
A00898,Applications,41
A00898,Integration,40
A00899,Infrastructure,20
A00899,Database,49
A00899,Analytics & Data,27
A00899,AI & ML,73
A00899,Security,63
A00899,Applications,43
A00899,Integration,57
A00900,Infrastructure,61
A00900,Database,63
A00900,Analytics & Data,28
A00900,AI & ML,47
A00900,Security,42
A00900,Applications,27
A00900,Integration,44
A00901,Infrastructure,32
A00901,Database,17
A00901,Analytics & Data,35
A00901,AI & ML,28
A00901,Security,23
A00901,Applications,33
A00901,Integration,46
A00902,Infrastructure,65
A00902,Database,39
A00902,Analytics & Data,40
A00902,AI & ML,53
A00902,Security,39
A00902,Applications,88
A00902,Integration,41
A00903,Infrastructure,22
A00903,Database,51
A00903,Analytics & Data,45
A00903,AI & ML,32
A00903,Security,42
A00903,Applications,91
A00903,Integration,30
A00904,Infrastructure,85
A00904,Database,44
A00904,Analytics & Data,40
A00904,AI & ML,49
A00904,Security,50
A00904,Applications,53
A00904,Integration,29
A00905,Infrastructure,35
A00905,Database,30
A00905,Analytics & Data,37
A00905,AI & ML,36
A00905,Security,20
A00905,Applications,44
A00905,Integration,40
A00906,Infrastructure,38
A00906,Database,38
A00906,Analytics & Data,57
A00906,AI & ML,75
A00906,Security,58
A00906,Applications,42
A00906,Integration,55
A00907,Infrastructure,63
A00907,Database,29
A00907,Analytics & Data,76
A00907,AI & ML,45
A00907,Security,28
A00907,Applications,41
A00907,Integration,32
A00908,Infrastructure,64
A00908,Database,56
A00908,Analytics & Data,64
A00908,AI & ML,53
A00908,Security,33
A00908,Applications,63
A00908,Integration,58
A00909,Infrastructure,34
A00909,Database,61
A00909,Analytics & Data,24
A00909,AI & ML,52
A00909,Security,36
A00909,Applications,53
A00909,Integration,78
A00910,Infrastructure,60
A00910,Database,39
A00910,Analytics & Data,83
A00910,AI & ML,35
A00910,Security,89
A00910,Applications,44
A00910,Integration,34
A00911,Infrastructure,51
A00911,Database,26
A00911,Analytics & Data,41
A00911,AI & ML,19
A00911,Security,27
A00911,Applications,69
A00911,Integration,94
A00912,Infrastructure,64
A00912,Database,42
A00912,Analytics & Data,19
A00912,AI & ML,46
A00912,Security,40
A00912,Applications,48
A00912,Integration,38
A00913,Infrastructure,44
A00913,Database,34
A00913,Analytics & Data,41
A00913,AI & ML,35
A00913,Security,46
A00913,Applications,18
A00913,Integration,68
A00914,Infrastructure,74
A00914,Database,74
A00914,Analytics & Data,77
A00914,AI & ML,79
A00914,Security,39
A00914,Applications,37
A00914,Integration,59
A00915,Infrastructure,77
A00915,Database,33
A00915,Analytics & Data,40
A00915,AI & ML,74
A00915,Security,30
A00915,Applications,56
A00915,Integration,48
A00916,Infrastructure,38
A00916,Database,44
A00916,Analytics & Data,41
A00916,AI & ML,65
A00916,Security,69
A00916,Applications,67
A00916,Integration,52
A00917,Infrastructure,34
A00917,Database,45
A00917,Analytics & Data,27
A00917,AI & ML,23
A00917,Security,38
A00917,Applications,28
A00917,Integration,46
A00918,Infrastructure,72
A00918,Database,58
A00918,Analytics & Data,56
A00918,AI & ML,36
A00918,Security,41
A00918,Applications,72
A00918,Integration,74
A00919,Infrastructure,31
A00919,Database,55
A00919,Analytics & Data,27
A00919,AI & ML,64
A00919,Security,23
A00919,Applications,41
A00919,Integration,36
A00920,Infrastructure,100
A00920,Database,77
A00920,Analytics & Data,73
A00920,AI & ML,46
A00920,Security,22
A00920,Applications,33
A00920,Integration,41
A00921,Infrastructure,45
A00921,Database,19
A00921,Analytics & Data,16
A00921,AI & ML,50
A00921,Security,42
A00921,Applications,92
A00921,Integration,57
A00922,Infrastructure,34
A00922,Database,56
A00922,Analytics & Data,51
A00922,AI & ML,54
A00922,Security,31
A00922,Applications,37
A00922,Integration,52
A00923,Infrastructure,53
A00923,Database,54
A00923,Analytics & Data,87
A00923,AI & ML,40
A00923,Security,41
A00923,Applications,44
A00923,Integration,37
A00924,Infrastructure,26
A00924,Database,38
A00924,Analytics & Data,83
A00924,AI & ML,38
A00924,Security,52
A00924,Applications,68
A00924,Integration,52
A00925,Infrastructure,39
A00925,Database,51
A00925,Analytics & Data,41
A00925,AI & ML,61
A00925,Security,27
A00925,Applications,50
A00925,Integration,100
A00926,Infrastructure,14
A00926,Database,21
A00926,Analytics & Data,45
A00926,AI & ML,40
A00926,Security,86
A00926,Applications,39
A00926,Integration,46
A00927,Infrastructure,57
A00927,Database,44
A00927,Analytics & Data,19
A00927,AI & ML,37
A00927,Security,38
A00927,Applications,28
A00927,Integration,91
A00928,Infrastructure,58
A00928,Database,44
A00928,Analytics & Data,47
A00928,AI & ML,75
A00928,Security,48
A00928,Applications,48
A00928,Integration,31
A00929,Infrastructure,38
A00929,Database,87
A00929,Analytics & Data,45
A00929,AI & ML,69
A00929,Security,36
A00929,Applications,63
A00929,Integration,66
A00930,Infrastructure,32
A00930,Database,29
A00930,Analytics & Data,51
A00930,AI & ML,42
A00930,Security,18
A00930,Applications,31
A00930,Integration,43
A00931,Infrastructure,71
A00931,Database,30
A00931,Analytics & Data,49
A00931,AI & ML,44
A00931,Security,79
A00931,Applications,33
A00931,Integration,37
A00932,Infrastructure,38
A00932,Database,53
A00932,Analytics & Data,31
A00932,AI & ML,34
A00932,Security,43
A00932,Applications,62
A00932,Integration,38
A00933,Infrastructure,49
A00933,Database,76
A00933,Analytics & Data,90
A00933,AI & ML,20
A00933,Security,54
A00933,Applications,73
A00933,Integration,57
A00934,Infrastructure,49
A00934,Database,49
A00934,Analytics & Data,28
A00934,AI & ML,40
A00934,Security,38
A00934,Applications,39
A00934,Integration,47
A00935,Infrastructure,24
A00935,Database,51
A00935,Analytics & Data,55
A00935,AI & ML,75
A00935,Security,31
A00935,Applications,31
A00935,Integration,23
A00936,Infrastructure,30
A00936,Database,36
A00936,Analytics & Data,45
A00936,AI & ML,56
A00936,Security,57
A00936,Applications,64
A00936,Integration,70
A00937,Infrastructure,48
A00937,Database,48
A00937,Analytics & Data,47
A00937,AI & ML,82
A00937,Security,20
A00937,Applications,49
A00937,Integration,49
A00938,Infrastructure,83
A00938,Database,67
A00938,Analytics & Data,86
A00938,AI & ML,76
A00938,Security,31
A00938,Applications,62
A00938,Integration,66
A00939,Infrastructure,69
A00939,Database,61
A00939,Analytics & Data,40
A00939,AI & ML,13
A00939,Security,40
A00939,Applications,51
A00939,Integration,40
A00940,Infrastructure,91
A00940,Database,39
A00940,Analytics & Data,38
A00940,AI & ML,34
A00940,Security,35
A00940,Applications,38
A00940,Integration,35
A00941,Infrastructure,42
A00941,Database,37
A00941,Analytics & Data,79
A00941,AI & ML,20
A00941,Security,31
A00941,Applications,22
A00941,Integration,29
A00942,Infrastructure,52
A00942,Database,43
A00942,Analytics & Data,49
A00942,AI & ML,34
A00942,Security,37
A00942,Applications,26
A00942,Integration,24
A00943,Infrastructure,32
A00943,Database,55
A00943,Analytics & Data,27
A00943,AI & ML,32
A00943,Security,39
A00943,Applications,46
A00943,Integration,33
A00944,Infrastructure,54
A00944,Database,36
A00944,Analytics & Data,34
A00944,AI & ML,52
A00944,Security,41
A00944,Applications,24
A00944,Integration,39
A00945,Infrastructure,53
A00945,Database,46
A00945,Analytics & Data,76
A00945,AI & ML,45
A00945,Security,65
A00945,Applications,57
A00945,Integration,41
A00946,Infrastructure,33
A00946,Database,52
A00946,Analytics & Data,41
A00946,AI & ML,76
A00946,Security,79
A00946,Applications,22
A00946,Integration,76
A00947,Infrastructure,81
A00947,Database,74
A00947,Analytics & Data,46
A00947,AI & ML,23
A00947,Security,19
A00947,Applications,71
A00947,Integration,37
A00948,Infrastructure,45
A00948,Database,81
A00948,Analytics & Data,66
A00948,AI & ML,64
A00948,Security,61
A00948,Applications,25
A00948,Integration,56
A00949,Infrastructure,52
A00949,Database,33
A00949,Analytics & Data,51
A00949,AI & ML,29
A00949,Security,19
A00949,Applications,42
A00949,Integration,39
A00950,Infrastructure,32
A00950,Database,30
A00950,Analytics & Data,42
A00950,AI & ML,31
A00950,Security,20
A00950,Applications,58
A00950,Integration,56
A00951,Infrastructure,98
A00951,Database,26
A00951,Analytics & Data,27
A00951,AI & ML,40
A00951,Security,48
A00951,Applications,46
A00951,Integration,39
A00952,Infrastructure,26
A00952,Database,67
A00952,Analytics & Data,44
A00952,AI & ML,100
A00952,Security,43
A00952,Applications,34
A00952,Integration,53
A00953,Infrastructure,53
A00953,Database,49
A00953,Analytics & Data,38
A00953,AI & ML,35
A00953,Security,84
A00953,Applications,33
A00953,Integration,35
A00954,Infrastructure,69
A00954,Database,49
A00954,Analytics & Data,78
A00954,AI & ML,90
A00954,Security,43
A00954,Applications,48
A00954,Integration,61
A00955,Infrastructure,38
A00955,Database,41
A00955,Analytics & Data,43
A00955,AI & ML,93
A00955,Security,57
A00955,Applications,48
A00955,Integration,50
A00956,Infrastructure,57
A00956,Database,52
A00956,Analytics & Data,32
A00956,AI & ML,22
A00956,Security,52
A00956,Applications,28
A00956,Integration,17
A00957,Infrastructure,83
A00957,Database,32
A00957,Analytics & Data,97
A00957,AI & ML,48
A00957,Security,53
A00957,Applications,33
A00957,Integration,29
A00958,Infrastructure,43
A00958,Database,14
A00958,Analytics & Data,30
A00958,AI & ML,36
A00958,Security,45
A00958,Applications,36
A00958,Integration,27
A00959,Infrastructure,38
A00959,Database,55
A00959,Analytics & Data,42
A00959,AI & ML,28
A00959,Security,45
A00959,Applications,86
A00959,Integration,33
A00960,Infrastructure,18
A00960,Database,87
A00960,Analytics & Data,47
A00960,AI & ML,35
A00960,Security,44
A00960,Applications,83
A00960,Integration,70
A00961,Infrastructure,41
A00961,Database,29
A00961,Analytics & Data,33
A00961,AI & ML,51
A00961,Security,39
A00961,Applications,47
A00961,Integration,37
A00962,Infrastructure,46
A00962,Database,50
A00962,Analytics & Data,35
A00962,AI & ML,35
A00962,Security,69
A00962,Applications,60
A00962,Integration,52
A00963,Infrastructure,46
A00963,Database,52
A00963,Analytics & Data,39
A00963,AI & ML,39
A00963,Security,62
A00963,Applications,71
A00963,Integration,55
A00964,Infrastructure,47
A00964,Database,21
A00964,Analytics & Data,91
A00964,AI & ML,47
A00964,Security,42
A00964,Applications,41
A00964,Integration,19
A00965,Infrastructure,58
A00965,Database,26
A00965,Analytics & Data,24
A00965,AI & ML,42
A00965,Security,55
A00965,Applications,53
A00965,Integration,56
A00966,Infrastructure,34
A00966,Database,42
A00966,Analytics & Data,14
A00966,AI & ML,36
A00966,Security,85
A00966,Applications,46
A00966,Integration,75
A00967,Infrastructure,73
A00967,Database,40
A00967,Analytics & Data,33
A00967,AI & ML,36
A00967,Security,57
A00967,Applications,87
A00967,Integration,75
A00968,Infrastructure,32
A00968,Database,64
A00968,Analytics & Data,26
A00968,AI & ML,34
A00968,Security,99
A00968,Applications,41
A00968,Integration,21
A00969,Infrastructure,90
A00969,Database,44
A00969,Analytics & Data,36
A00969,AI & ML,65
A00969,Security,37
A00969,Applications,64
A00969,Integration,50
A00970,Infrastructure,28
A00970,Database,41
A00970,Analytics & Data,76
A00970,AI & ML,36
A00970,Security,43
A00970,Applications,99
A00970,Integration,31
A00971,Infrastructure,66
A00971,Database,20
A00971,Analytics & Data,39
A00971,AI & ML,42
A00971,Security,91
A00971,Applications,53
A00971,Integration,54
A00972,Infrastructure,66
A00972,Database,43
A00972,Analytics & Data,30
A00972,AI & ML,59
A00972,Security,50
A00972,Applications,42
A00972,Integration,64
A00973,Infrastructure,52
A00973,Database,63
A00973,Analytics & Data,54
A00973,AI & ML,33
A00973,Security,45
A00973,Applications,58
A00973,Integration,44
A00974,Infrastructure,65
A00974,Database,40
A00974,Analytics & Data,78
A00974,AI & ML,80
A00974,Security,47
A00974,Applications,78
A00974,Integration,36
A00975,Infrastructure,60
A00975,Database,38
A00975,Analytics & Data,53
A00975,AI & ML,52
A00975,Security,69
A00975,Applications,60
A00975,Integration,43
A00976,Infrastructure,41
A00976,Database,56
A00976,Analytics & Data,42
A00976,AI & ML,54
A00976,Security,45
A00976,Applications,54
A00976,Integration,28
A00977,Infrastructure,24
A00977,Database,53
A00977,Analytics & Data,45
A00977,AI & ML,57
A00977,Security,42
A00977,Applications,34
A00977,Integration,24
A00978,Infrastructure,24
A00978,Database,54
A00978,Analytics & Data,21
A00978,AI & ML,79
A00978,Security,60
A00978,Applications,27
A00978,Integration,66
A00979,Infrastructure,68
A00979,Database,41
A00979,Analytics & Data,36
A00979,AI & ML,45
A00979,Security,53
A00979,Applications,28
A00979,Integration,65
A00980,Infrastructure,75
A00980,Database,52
A00980,Analytics & Data,47
A00980,AI & ML,55
A00980,Security,30
A00980,Applications,74
A00980,Integration,33
A00981,Infrastructure,44
A00981,Database,48
A00981,Analytics & Data,56
A00981,AI & ML,59
A00981,Security,46
A00981,Applications,52
A00981,Integration,67
A00982,Infrastructure,36
A00982,Database,41
A00982,Analytics & Data,29
A00982,AI & ML,89
A00982,Security,54
A00982,Applications,33
A00982,Integration,23
A00983,Infrastructure,37
A00983,Database,52
A00983,Analytics & Data,23
A00983,AI & ML,49
A00983,Security,19
A00983,Applications,28
A00983,Integration,42
A00984,Infrastructure,44
A00984,Database,80
A00984,Analytics & Data,31
A00984,AI & ML,20
A00984,Security,48
A00984,Applications,69
A00984,Integration,78
A00985,Infrastructure,34
A00985,Database,85
A00985,Analytics & Data,25
A00985,AI & ML,36
A00985,Security,73
A00985,Applications,36
A00985,Integration,56
A00986,Infrastructure,35
A00986,Database,71
A00986,Analytics & Data,52
A00986,AI & ML,91
A00986,Security,47
A00986,Applications,34
A00986,Integration,62
A00987,Infrastructure,31
A00987,Database,14
A00987,Analytics & Data,49
A00987,AI & ML,27
A00987,Security,37
A00987,Applications,34
A00987,Integration,31
A00988,Infrastructure,40
A00988,Database,38
A00988,Analytics & Data,63
A00988,AI & ML,33
A00988,Security,62
A00988,Applications,43
A00988,Integration,47
A00989,Infrastructure,80
A00989,Database,24
A00989,Analytics & Data,64
A00989,AI & ML,18
A00989,Security,23
A00989,Applications,69
A00989,Integration,47
A00990,Infrastructure,73
A00990,Database,28
A00990,Analytics & Data,32
A00990,AI & ML,77
A00990,Security,44
A00990,Applications,40
A00990,Integration,81
A00991,Infrastructure,22
A00991,Database,34
A00991,Analytics & Data,42
A00991,AI & ML,26
A00991,Security,58
A00991,Applications,38
A00991,Integration,40
A00992,Infrastructure,35
A00992,Database,48
A00992,Analytics & Data,35
A00992,AI & ML,56
A00992,Security,40
A00992,Applications,45
A00992,Integration,62
A00993,Infrastructure,36
A00993,Database,27
A00993,Analytics & Data,80
A00993,AI & ML,92
A00993,Security,43
A00993,Applications,42
A00993,Integration,94
A00994,Infrastructure,34
A00994,Database,24
A00994,Analytics & Data,37
A00994,AI & ML,58
A00994,Security,56
A00994,Applications,94
A00994,Integration,66
A00995,Infrastructure,42
A00995,Database,37
A00995,Analytics & Data,45
A00995,AI & ML,37
A00995,Security,96
A00995,Applications,49
A00995,Integration,82
A00996,Infrastructure,28
A00996,Database,68
A00996,Analytics & Data,49
A00996,AI & ML,52
A00996,Security,41
A00996,Applications,37
A00996,Integration,31
A00997,Infrastructure,28
A00997,Database,28
A00997,Analytics & Data,37
A00997,AI & ML,30
A00997,Security,45
A00997,Applications,36
A00997,Integration,44
A00998,Infrastructure,34
A00998,Database,73
A00998,Analytics & Data,33
A00998,AI & ML,57
A00998,Security,32
A00998,Applications,74
A00998,Integration,46
A00999,Infrastructure,39
A00999,Database,41
A00999,Analytics & Data,52
A00999,AI & ML,22
A00999,Security,37
A00999,Applications,25
A00999,Integration,54
A01000,Infrastructure,41
A01000,Database,36
A01000,Analytics & Data,71
A01000,AI & ML,49
A01000,Security,36
A01000,Applications,38
A01000,Integration,46
A01001,Infrastructure,37
A01001,Database,42
A01001,Analytics & Data,48
A01001,AI & ML,34
A01001,Security,41
A01001,Applications,66
A01001,Integration,68
A01002,Infrastructure,77
A01002,Database,89
A01002,Analytics & Data,91
A01002,AI & ML,50
A01002,Security,59
A01002,Applications,25
A01002,Integration,71
A01003,Infrastructure,27
A01003,Database,71
A01003,Analytics & Data,67
A01003,AI & ML,64
A01003,Security,48
A01003,Applications,63
A01003,Integration,43
A01004,Infrastructure,29
A01004,Database,30
A01004,Analytics & Data,69
A01004,AI & ML,34
A01004,Security,37
A01004,Applications,52
A01004,Integration,32
A01005,Infrastructure,83
A01005,Database,44
A01005,Analytics & Data,43
A01005,AI & ML,37
A01005,Security,40
A01005,Applications,64
A01005,Integration,73
A01006,Infrastructure,52
A01006,Database,38
A01006,Analytics & Data,19
A01006,AI & ML,51
A01006,Security,74
A01006,Applications,50
A01006,Integration,45
A01007,Infrastructure,30
A01007,Database,41
A01007,Analytics & Data,46
A01007,AI & ML,35
A01007,Security,60
A01007,Applications,39
A01007,Integration,27
A01008,Infrastructure,31
A01008,Database,91
A01008,Analytics & Data,29
A01008,AI & ML,93
A01008,Security,84
A01008,Applications,35
A01008,Integration,39
A01009,Infrastructure,35
A01009,Database,34
A01009,Analytics & Data,32
A01009,AI & ML,49
A01009,Security,92
A01009,Applications,60
A01009,Integration,70
A01010,Infrastructure,32
A01010,Database,33
A01010,Analytics & Data,81
A01010,AI & ML,81
A01010,Security,57
A01010,Applications,41
A01010,Integration,95
A01011,Infrastructure,46
A01011,Database,26
A01011,Analytics & Data,89
A01011,AI & ML,54
A01011,Security,49
A01011,Applications,67
A01011,Integration,41
A01012,Infrastructure,45
A01012,Database,34
A01012,Analytics & Data,40
A01012,AI & ML,58
A01012,Security,37
A01012,Applications,32
A01012,Integration,48
A01013,Infrastructure,77
A01013,Database,58
A01013,Analytics & Data,38
A01013,AI & ML,45
A01013,Security,21
A01013,Applications,39
A01013,Integration,32
A01014,Infrastructure,98
A01014,Database,24
A01014,Analytics & Data,63
A01014,AI & ML,71
A01014,Security,33
A01014,Applications,48
A01014,Integration,21
A01015,Infrastructure,52
A01015,Database,53
A01015,Analytics & Data,30
A01015,AI & ML,70
A01015,Security,45
A01015,Applications,52
A01015,Integration,23
A01016,Infrastructure,48
A01016,Database,59
A01016,Analytics & Data,23
A01016,AI & ML,51
A01016,Security,47
A01016,Applications,34
A01016,Integration,69
A01017,Infrastructure,43
A01017,Database,34
A01017,Analytics & Data,80
A01017,AI & ML,49
A01017,Security,42
A01017,Applications,92
A01017,Integration,53
A01018,Infrastructure,49
A01018,Database,47
A01018,Analytics & Data,43
A01018,AI & ML,22
A01018,Security,68
A01018,Applications,37
A01018,Integration,43
A01019,Infrastructure,56
A01019,Database,46
A01019,Analytics & Data,27
A01019,AI & ML,28
A01019,Security,53
A01019,Applications,36
A01019,Integration,33
A01020,Infrastructure,30
A01020,Database,43
A01020,Analytics & Data,31
A01020,AI & ML,43
A01020,Security,50
A01020,Applications,62
A01020,Integration,15
A01021,Infrastructure,38
A01021,Database,34
A01021,Analytics & Data,34
A01021,AI & ML,69
A01021,Security,30
A01021,Applications,90
A01021,Integration,34
A01022,Infrastructure,43
A01022,Database,31
A01022,Analytics & Data,54
A01022,AI & ML,54
A01022,Security,32
A01022,Applications,40
A01022,Integration,41
A01023,Infrastructure,19
A01023,Database,35
A01023,Analytics & Data,37
A01023,AI & ML,44
A01023,Security,30
A01023,Applications,93
A01023,Integration,33
A01024,Infrastructure,43
A01024,Database,47
A01024,Analytics & Data,50
A01024,AI & ML,55
A01024,Security,74
A01024,Applications,43
A01024,Integration,37
A01025,Infrastructure,15
A01025,Database,27
A01025,Analytics & Data,21
A01025,AI & ML,42
A01025,Security,21
A01025,Applications,90
A01025,Integration,49
A01026,Infrastructure,95
A01026,Database,51
A01026,Analytics & Data,50
A01026,AI & ML,62
A01026,Security,72
A01026,Applications,65
A01026,Integration,57
A01027,Infrastructure,43
A01027,Database,60
A01027,Analytics & Data,83
A01027,AI & ML,37
A01027,Security,41
A01027,Applications,61
A01027,Integration,15
A01028,Infrastructure,39
A01028,Database,40
A01028,Analytics & Data,56
A01028,AI & ML,52
A01028,Security,43
A01028,Applications,52
A01028,Integration,41
A01029,Infrastructure,60
A01029,Database,42
A01029,Analytics & Data,47
A01029,AI & ML,32
A01029,Security,44
A01029,Applications,34
A01029,Integration,40
A01030,Infrastructure,30
A01030,Database,30
A01030,Analytics & Data,66
A01030,AI & ML,37
A01030,Security,28
A01030,Applications,36
A01030,Integration,31
A01031,Infrastructure,62
A01031,Database,77
A01031,Analytics & Data,37
A01031,AI & ML,75
A01031,Security,45
A01031,Applications,59
A01031,Integration,36
A01032,Infrastructure,48
A01032,Database,50
A01032,Analytics & Data,26
A01032,AI & ML,29
A01032,Security,48
A01032,Applications,23
A01032,Integration,39
A01033,Infrastructure,92
A01033,Database,55
A01033,Analytics & Data,35
A01033,AI & ML,30
A01033,Security,61
A01033,Applications,52
A01033,Integration,37
A01034,Infrastructure,38
A01034,Database,26
A01034,Analytics & Data,51
A01034,AI & ML,48
A01034,Security,42
A01034,Applications,55
A01034,Integration,81
A01035,Infrastructure,36
A01035,Database,22
A01035,Analytics & Data,53
A01035,AI & ML,19
A01035,Security,38
A01035,Applications,26
A01035,Integration,74
A01036,Infrastructure,34
A01036,Database,48
A01036,Analytics & Data,59
A01036,AI & ML,46
A01036,Security,38
A01036,Applications,100
A01036,Integration,48
A01037,Infrastructure,44
A01037,Database,39
A01037,Analytics & Data,39
A01037,AI & ML,56
A01037,Security,13
A01037,Applications,39
A01037,Integration,28
A01038,Infrastructure,60
A01038,Database,38
A01038,Analytics & Data,48
A01038,AI & ML,38
A01038,Security,28
A01038,Applications,49
A01038,Integration,47
A01039,Infrastructure,32
A01039,Database,37
A01039,Analytics & Data,39
A01039,AI & ML,100
A01039,Security,71
A01039,Applications,24
A01039,Integration,29
A01040,Infrastructure,43
A01040,Database,29
A01040,Analytics & Data,90
A01040,AI & ML,43
A01040,Security,74
A01040,Applications,25
A01040,Integration,40
A01041,Infrastructure,31
A01041,Database,18
A01041,Analytics & Data,38
A01041,AI & ML,34
A01041,Security,38
A01041,Applications,29
A01041,Integration,23
A01042,Infrastructure,50
A01042,Database,72
A01042,Analytics & Data,40
A01042,AI & ML,34
A01042,Security,29
A01042,Applications,50
A01042,Integration,47
A01043,Infrastructure,77
A01043,Database,93
A01043,Analytics & Data,47
A01043,AI & ML,42
A01043,Security,31
A01043,Applications,46
A01043,Integration,38
A01044,Infrastructure,45
A01044,Database,65
A01044,Analytics & Data,32
A01044,AI & ML,40
A01044,Security,48
A01044,Applications,34
A01044,Integration,77
A01045,Infrastructure,15
A01045,Database,44
A01045,Analytics & Data,64
A01045,AI & ML,58
A01045,Security,24
A01045,Applications,51
A01045,Integration,63
A01046,Infrastructure,28
A01046,Database,62
A01046,Analytics & Data,23
A01046,AI & ML,60
A01046,Security,42
A01046,Applications,36
A01046,Integration,81
A01047,Infrastructure,40
A01047,Database,36
A01047,Analytics & Data,34
A01047,AI & ML,56
A01047,Security,21
A01047,Applications,41
A01047,Integration,41
A01048,Infrastructure,52
A01048,Database,67
A01048,Analytics & Data,72
A01048,AI & ML,39
A01048,Security,23
A01048,Applications,68
A01048,Integration,63
A01049,Infrastructure,41
A01049,Database,57
A01049,Analytics & Data,37
A01049,AI & ML,36
A01049,Security,71
A01049,Applications,26
A01049,Integration,55
A01050,Infrastructure,49
A01050,Database,37
A01050,Analytics & Data,96
A01050,AI & ML,52
A01050,Security,67
A01050,Applications,64
A01050,Integration,99
A01051,Infrastructure,40
A01051,Database,54
A01051,Analytics & Data,74
A01051,AI & ML,44
A01051,Security,28
A01051,Applications,44
A01051,Integration,39
A01052,Infrastructure,34
A01052,Database,37
A01052,Analytics & Data,47
A01052,AI & ML,58
A01052,Security,52
A01052,Applications,54
A01052,Integration,51
A01053,Infrastructure,33
A01053,Database,33
A01053,Analytics & Data,73
A01053,AI & ML,40
A01053,Security,40
A01053,Applications,41
A01053,Integration,81
A01054,Infrastructure,48
A01054,Database,88
A01054,Analytics & Data,68
A01054,AI & ML,25
A01054,Security,47
A01054,Applications,35
A01054,Integration,33
A01055,Infrastructure,68
A01055,Database,38
A01055,Analytics & Data,51
A01055,AI & ML,41
A01055,Security,31
A01055,Applications,51
A01055,Integration,53
A01056,Infrastructure,64
A01056,Database,74
A01056,Analytics & Data,40
A01056,AI & ML,46
A01056,Security,36
A01056,Applications,60
A01056,Integration,62
A01057,Infrastructure,63
A01057,Database,24
A01057,Analytics & Data,83
A01057,AI & ML,48
A01057,Security,48
A01057,Applications,44
A01057,Integration,55
A01058,Infrastructure,30
A01058,Database,97
A01058,Analytics & Data,50
A01058,AI & ML,91
A01058,Security,53
A01058,Applications,26
A01058,Integration,77
A01059,Infrastructure,27
A01059,Database,27
A01059,Analytics & Data,45
A01059,AI & ML,51
A01059,Security,23
A01059,Applications,40
A01059,Integration,67
A01060,Infrastructure,57
A01060,Database,60
A01060,Analytics & Data,49
A01060,AI & ML,35
A01060,Security,33
A01060,Applications,42
A01060,Integration,46
A01061,Infrastructure,51
A01061,Database,38
A01061,Analytics & Data,61
A01061,AI & ML,27
A01061,Security,34
A01061,Applications,48
A01061,Integration,38
A01062,Infrastructure,55
A01062,Database,45
A01062,Analytics & Data,46
A01062,AI & ML,29
A01062,Security,38
A01062,Applications,33
A01062,Integration,52
A01063,Infrastructure,41
A01063,Database,95
A01063,Analytics & Data,70
A01063,AI & ML,31
A01063,Security,35
A01063,Applications,39
A01063,Integration,34
A01064,Infrastructure,29
A01064,Database,65
A01064,Analytics & Data,29
A01064,AI & ML,35
A01064,Security,35
A01064,Applications,80
A01064,Integration,94
A01065,Infrastructure,45
A01065,Database,75
A01065,Analytics & Data,53
A01065,AI & ML,87
A01065,Security,66
A01065,Applications,28
A01065,Integration,61
A01066,Infrastructure,43
A01066,Database,49
A01066,Analytics & Data,100
A01066,AI & ML,100
A01066,Security,93
A01066,Applications,30
A01066,Integration,32
A01067,Infrastructure,97
A01067,Database,100
A01067,Analytics & Data,84
A01067,AI & ML,39
A01067,Security,22
A01067,Applications,85
A01067,Integration,28
A01068,Infrastructure,71
A01068,Database,37
A01068,Analytics & Data,25
A01068,AI & ML,58
A01068,Security,40
A01068,Applications,37
A01068,Integration,74
A01069,Infrastructure,68
A01069,Database,35
A01069,Analytics & Data,60
A01069,AI & ML,43
A01069,Security,31
A01069,Applications,66
A01069,Integration,45
A01070,Infrastructure,27
A01070,Database,55
A01070,Analytics & Data,33
A01070,AI & ML,42
A01070,Security,75
A01070,Applications,97
A01070,Integration,38
A01071,Infrastructure,63
A01071,Database,36
A01071,Analytics & Data,41
A01071,AI & ML,38
A01071,Security,83
A01071,Applications,54
A01071,Integration,32
A01072,Infrastructure,65
A01072,Database,31
A01072,Analytics & Data,100
A01072,AI & ML,38
A01072,Security,56
A01072,Applications,29
A01072,Integration,30
A01073,Infrastructure,39
A01073,Database,47
A01073,Analytics & Data,33
A01073,AI & ML,36
A01073,Security,55
A01073,Applications,50
A01073,Integration,77
A01074,Infrastructure,39
A01074,Database,44
A01074,Analytics & Data,61
A01074,AI & ML,47
A01074,Security,62
A01074,Applications,85
A01074,Integration,45
A01075,Infrastructure,50
A01075,Database,48
A01075,Analytics & Data,32
A01075,AI & ML,37
A01075,Security,39
A01075,Applications,46
A01075,Integration,44
A01076,Infrastructure,99
A01076,Database,34
A01076,Analytics & Data,35
A01076,AI & ML,63
A01076,Security,43
A01076,Applications,44
A01076,Integration,42
A01077,Infrastructure,39
A01077,Database,34
A01077,Analytics & Data,47
A01077,AI & ML,25
A01077,Security,61
A01077,Applications,37
A01077,Integration,62
A01078,Infrastructure,80
A01078,Database,33
A01078,Analytics & Data,66
A01078,AI & ML,52
A01078,Security,50
A01078,Applications,35
A01078,Integration,25
A01079,Infrastructure,42
A01079,Database,50
A01079,Analytics & Data,51
A01079,AI & ML,44
A01079,Security,52
A01079,Applications,42
A01079,Integration,45
A01080,Infrastructure,50
A01080,Database,78
A01080,Analytics & Data,43
A01080,AI & ML,41
A01080,Security,49
A01080,Applications,45
A01080,Integration,60
A01081,Infrastructure,54
A01081,Database,61
A01081,Analytics & Data,46
A01081,AI & ML,93
A01081,Security,54
A01081,Applications,33
A01081,Integration,49
A01082,Infrastructure,50
A01082,Database,42
A01082,Analytics & Data,50
A01082,AI & ML,47
A01082,Security,50
A01082,Applications,35
A01082,Integration,45
A01083,Infrastructure,34
A01083,Database,33
A01083,Analytics & Data,70
A01083,AI & ML,62
A01083,Security,97
A01083,Applications,65
A01083,Integration,53
A01084,Infrastructure,52
A01084,Database,50
A01084,Analytics & Data,48
A01084,AI & ML,50
A01084,Security,55
A01084,Applications,66
A01084,Integration,65
A01085,Infrastructure,37
A01085,Database,47
A01085,Analytics & Data,94
A01085,AI & ML,26
A01085,Security,37
A01085,Applications,44
A01085,Integration,28
A01086,Infrastructure,81
A01086,Database,69
A01086,Analytics & Data,32
A01086,AI & ML,98
A01086,Security,49
A01086,Applications,67
A01086,Integration,80
A01087,Infrastructure,37
A01087,Database,58
A01087,Analytics & Data,41
A01087,AI & ML,45
A01087,Security,68
A01087,Applications,36
A01087,Integration,45
A01088,Infrastructure,33
A01088,Database,59
A01088,Analytics & Data,53
A01088,AI & ML,50
A01088,Security,38
A01088,Applications,28
A01088,Integration,48
A01089,Infrastructure,41
A01089,Database,37
A01089,Analytics & Data,46
A01089,AI & ML,45
A01089,Security,61
A01089,Applications,78
A01089,Integration,44
A01090,Infrastructure,42
A01090,Database,25
A01090,Analytics & Data,47
A01090,AI & ML,50
A01090,Security,53
A01090,Applications,32
A01090,Integration,31
A01091,Infrastructure,62
A01091,Database,54
A01091,Analytics & Data,24
A01091,AI & ML,22
A01091,Security,46
A01091,Applications,26
A01091,Integration,83
A01092,Infrastructure,43
A01092,Database,39
A01092,Analytics & Data,43
A01092,AI & ML,82
A01092,Security,28
A01092,Applications,28
A01092,Integration,58
A01093,Infrastructure,26
A01093,Database,96
A01093,Analytics & Data,52
A01093,AI & ML,58
A01093,Security,40
A01093,Applications,59
A01093,Integration,67
A01094,Infrastructure,36
A01094,Database,71
A01094,Analytics & Data,49
A01094,AI & ML,66
A01094,Security,39
A01094,Applications,83
A01094,Integration,72
A01095,Infrastructure,53
A01095,Database,58
A01095,Analytics & Data,24
A01095,AI & ML,21
A01095,Security,59
A01095,Applications,53
A01095,Integration,41
A01096,Infrastructure,20
A01096,Database,29
A01096,Analytics & Data,48
A01096,AI & ML,89
A01096,Security,32
A01096,Applications,36
A01096,Integration,62
A01097,Infrastructure,100
A01097,Database,49
A01097,Analytics & Data,32
A01097,AI & ML,59
A01097,Security,91
A01097,Applications,74
A01097,Integration,42
A01098,Infrastructure,34
A01098,Database,50
A01098,Analytics & Data,64
A01098,AI & ML,42
A01098,Security,33
A01098,Applications,59
A01098,Integration,37
A01099,Infrastructure,81
A01099,Database,47
A01099,Analytics & Data,33
A01099,AI & ML,45
A01099,Security,75
A01099,Applications,88
A01099,Integration,29
A01100,Infrastructure,91
A01100,Database,100
A01100,Analytics & Data,89
A01100,AI & ML,37
A01100,Security,69
A01100,Applications,38
A01100,Integration,41
A01101,Infrastructure,97
A01101,Database,33
A01101,Analytics & Data,48
A01101,AI & ML,68
A01101,Security,49
A01101,Applications,55
A01101,Integration,21
A01102,Infrastructure,21
A01102,Database,42
A01102,Analytics & Data,37
A01102,AI & ML,79
A01102,Security,28
A01102,Applications,17
A01102,Integration,39
A01103,Infrastructure,67
A01103,Database,48
A01103,Analytics & Data,56
A01103,AI & ML,87
A01103,Security,44
A01103,Applications,64
A01103,Integration,71
A01104,Infrastructure,35
A01104,Database,49
A01104,Analytics & Data,56
A01104,AI & ML,36
A01104,Security,86
A01104,Applications,72
A01104,Integration,44
A01105,Infrastructure,37
A01105,Database,60
A01105,Analytics & Data,33
A01105,AI & ML,64
A01105,Security,65
A01105,Applications,72
A01105,Integration,54
A01106,Infrastructure,30
A01106,Database,29
A01106,Analytics & Data,63
A01106,AI & ML,22
A01106,Security,38
A01106,Applications,87
A01106,Integration,21
A01107,Infrastructure,33
A01107,Database,66
A01107,Analytics & Data,88
A01107,AI & ML,31
A01107,Security,44
A01107,Applications,38
A01107,Integration,61
A01108,Infrastructure,56
A01108,Database,27
A01108,Analytics & Data,45
A01108,AI & ML,63
A01108,Security,87
A01108,Applications,34
A01108,Integration,23
A01109,Infrastructure,31
A01109,Database,57
A01109,Analytics & Data,78
A01109,AI & ML,28
A01109,Security,69
A01109,Applications,49
A01109,Integration,36
A01110,Infrastructure,93
A01110,Database,38
A01110,Analytics & Data,63
A01110,AI & ML,61
A01110,Security,36
A01110,Applications,38
A01110,Integration,47
A01111,Infrastructure,36
A01111,Database,75
A01111,Analytics & Data,38
A01111,AI & ML,30
A01111,Security,43
A01111,Applications,32
A01111,Integration,43
A01112,Infrastructure,49
A01112,Database,55
A01112,Analytics & Data,40
A01112,AI & ML,38
A01112,Security,100
A01112,Applications,32
A01112,Integration,42
A01113,Infrastructure,36
A01113,Database,67
A01113,Analytics & Data,26
A01113,AI & ML,42
A01113,Security,30
A01113,Applications,78
A01113,Integration,49
A01114,Infrastructure,75
A01114,Database,68
A01114,Analytics & Data,44
A01114,AI & ML,60
A01114,Security,54
A01114,Applications,39
A01114,Integration,48
A01115,Infrastructure,50
A01115,Database,55
A01115,Analytics & Data,60
A01115,AI & ML,90
A01115,Security,36
A01115,Applications,21
A01115,Integration,49
A01116,Infrastructure,74
A01116,Database,50
A01116,Analytics & Data,20
A01116,AI & ML,27
A01116,Security,30
A01116,Applications,46
A01116,Integration,62
A01117,Infrastructure,30
A01117,Database,67
A01117,Analytics & Data,19
A01117,AI & ML,42
A01117,Security,43
A01117,Applications,47
A01117,Integration,71
A01118,Infrastructure,26
A01118,Database,49
A01118,Analytics & Data,41
A01118,AI & ML,33
A01118,Security,51
A01118,Applications,23
A01118,Integration,36
A01119,Infrastructure,34
A01119,Database,24
A01119,Analytics & Data,33
A01119,AI & ML,68
A01119,Security,39
A01119,Applications,35
A01119,Integration,30
A01120,Infrastructure,21
A01120,Database,57
A01120,Analytics & Data,52
A01120,AI & ML,59
A01120,Security,46
A01120,Applications,69
A01120,Integration,31
A01121,Infrastructure,38
A01121,Database,54
A01121,Analytics & Data,83
A01121,AI & ML,33
A01121,Security,70
A01121,Applications,78
A01121,Integration,28
A01122,Infrastructure,36
A01122,Database,36
A01122,Analytics & Data,38
A01122,AI & ML,97
A01122,Security,31
A01122,Applications,30
A01122,Integration,43
A01123,Infrastructure,83
A01123,Database,38
A01123,Analytics & Data,51
A01123,AI & ML,40
A01123,Security,51
A01123,Applications,49
A01123,Integration,27
A01124,Infrastructure,49
A01124,Database,52
A01124,Analytics & Data,30
A01124,AI & ML,34
A01124,Security,60
A01124,Applications,30
A01124,Integration,37
A01125,Infrastructure,78
A01125,Database,62
A01125,Analytics & Data,50
A01125,AI & ML,66
A01125,Security,46
A01125,Applications,53
A01125,Integration,65
A01126,Infrastructure,38
A01126,Database,71
A01126,Analytics & Data,45
A01126,AI & ML,48
A01126,Security,36
A01126,Applications,42
A01126,Integration,56
A01127,Infrastructure,45
A01127,Database,39
A01127,Analytics & Data,45
A01127,AI & ML,52
A01127,Security,80
A01127,Applications,86
A01127,Integration,42
A01128,Infrastructure,47
A01128,Database,39
A01128,Analytics & Data,37
A01128,AI & ML,54
A01128,Security,31
A01128,Applications,77
A01128,Integration,40
A01129,Infrastructure,64
A01129,Database,36
A01129,Analytics & Data,37
A01129,AI & ML,44
A01129,Security,70
A01129,Applications,38
A01129,Integration,39
A01130,Infrastructure,76
A01130,Database,65
A01130,Analytics & Data,31
A01130,AI & ML,68
A01130,Security,51
A01130,Applications,49
A01130,Integration,45
A01131,Infrastructure,53
A01131,Database,26
A01131,Analytics & Data,42
A01131,AI & ML,43
A01131,Security,65
A01131,Applications,66
A01131,Integration,21
A01132,Infrastructure,62
A01132,Database,72
A01132,Analytics & Data,37
A01132,AI & ML,48
A01132,Security,37
A01132,Applications,48
A01132,Integration,28
A01133,Infrastructure,27
A01133,Database,56
A01133,Analytics & Data,43
A01133,AI & ML,28
A01133,Security,57
A01133,Applications,53
A01133,Integration,53
A01134,Infrastructure,35
A01134,Database,47
A01134,Analytics & Data,34
A01134,AI & ML,43
A01134,Security,27
A01134,Applications,41
A01134,Integration,75
A01135,Infrastructure,48
A01135,Database,50
A01135,Analytics & Data,37
A01135,AI & ML,34
A01135,Security,46
A01135,Applications,45
A01135,Integration,34
A01136,Infrastructure,32
A01136,Database,100
A01136,Analytics & Data,45
A01136,AI & ML,34
A01136,Security,60
A01136,Applications,24
A01136,Integration,33
A01137,Infrastructure,70
A01137,Database,68
A01137,Analytics & Data,38
A01137,AI & ML,31
A01137,Security,41
A01137,Applications,100
A01137,Integration,24
A01138,Infrastructure,61
A01138,Database,31
A01138,Analytics & Data,17
A01138,AI & ML,45
A01138,Security,32
A01138,Applications,75
A01138,Integration,47
A01139,Infrastructure,38
A01139,Database,39
A01139,Analytics & Data,49
A01139,AI & ML,52
A01139,Security,50
A01139,Applications,58
A01139,Integration,46
A01140,Infrastructure,89
A01140,Database,32
A01140,Analytics & Data,37
A01140,AI & ML,54
A01140,Security,55
A01140,Applications,38
A01140,Integration,41
A01141,Infrastructure,36
A01141,Database,36
A01141,Analytics & Data,42
A01141,AI & ML,43
A01141,Security,30
A01141,Applications,49
A01141,Integration,92
A01142,Infrastructure,26
A01142,Database,26
A01142,Analytics & Data,23
A01142,AI & ML,20
A01142,Security,49
A01142,Applications,95
A01142,Integration,29
A01143,Infrastructure,41
A01143,Database,39
A01143,Analytics & Data,40
A01143,AI & ML,29
A01143,Security,56
A01143,Applications,33
A01143,Integration,52
A01144,Infrastructure,20
A01144,Database,24
A01144,Analytics & Data,40
A01144,AI & ML,60
A01144,Security,30
A01144,Applications,40
A01144,Integration,75
A01145,Infrastructure,32
A01145,Database,54
A01145,Analytics & Data,40
A01145,AI & ML,27
A01145,Security,46
A01145,Applications,54
A01145,Integration,46
A01146,Infrastructure,87
A01146,Database,47
A01146,Analytics & Data,38
A01146,AI & ML,34
A01146,Security,97
A01146,Applications,36
A01146,Integration,52
A01147,Infrastructure,49
A01147,Database,42
A01147,Analytics & Data,32
A01147,AI & ML,35
A01147,Security,43
A01147,Applications,100
A01147,Integration,94
A01148,Infrastructure,47
A01148,Database,59
A01148,Analytics & Data,36
A01148,AI & ML,53
A01148,Security,48
A01148,Applications,45
A01148,Integration,60
A01149,Infrastructure,45
A01149,Database,27
A01149,Analytics & Data,47
A01149,AI & ML,76
A01149,Security,95
A01149,Applications,68
A01149,Integration,41
A01150,Infrastructure,68
A01150,Database,27
A01150,Analytics & Data,44
A01150,AI & ML,34
A01150,Security,96
A01150,Applications,78
A01150,Integration,56
A01151,Infrastructure,40
A01151,Database,43
A01151,Analytics & Data,25
A01151,AI & ML,72
A01151,Security,35
A01151,Applications,35
A01151,Integration,94
A01152,Infrastructure,100
A01152,Database,57
A01152,Analytics & Data,42
A01152,AI & ML,63
A01152,Security,44
A01152,Applications,70
A01152,Integration,17
A01153,Infrastructure,25
A01153,Database,43
A01153,Analytics & Data,94
A01153,AI & ML,44
A01153,Security,52
A01153,Applications,91
A01153,Integration,72
A01154,Infrastructure,47
A01154,Database,53
A01154,Analytics & Data,63
A01154,AI & ML,42
A01154,Security,83
A01154,Applications,32
A01154,Integration,52
A01155,Infrastructure,52
A01155,Database,55
A01155,Analytics & Data,28
A01155,AI & ML,28
A01155,Security,71
A01155,Applications,17
A01155,Integration,42
A01156,Infrastructure,68
A01156,Database,41
A01156,Analytics & Data,57
A01156,AI & ML,90
A01156,Security,41
A01156,Applications,22
A01156,Integration,43
A01157,Infrastructure,40
A01157,Database,63
A01157,Analytics & Data,34
A01157,AI & ML,52
A01157,Security,100
A01157,Applications,76
A01157,Integration,36
A01158,Infrastructure,63
A01158,Database,59
A01158,Analytics & Data,46
A01158,AI & ML,94
A01158,Security,64
A01158,Applications,40
A01158,Integration,45
A01159,Infrastructure,38
A01159,Database,100
A01159,Analytics & Data,53
A01159,AI & ML,30
A01159,Security,79
A01159,Applications,56
A01159,Integration,48
A01160,Infrastructure,30
A01160,Database,24
A01160,Analytics & Data,30
A01160,AI & ML,90
A01160,Security,52
A01160,Applications,26
A01160,Integration,59
A01161,Infrastructure,94
A01161,Database,39
A01161,Analytics & Data,28
A01161,AI & ML,42
A01161,Security,26
A01161,Applications,58
A01161,Integration,36
A01162,Infrastructure,68
A01162,Database,52
A01162,Analytics & Data,53
A01162,AI & ML,63
A01162,Security,32
A01162,Applications,17
A01162,Integration,39
A01163,Infrastructure,49
A01163,Database,47
A01163,Analytics & Data,69
A01163,AI & ML,26
A01163,Security,19
A01163,Applications,49
A01163,Integration,67
A01164,Infrastructure,30
A01164,Database,43
A01164,Analytics & Data,28
A01164,AI & ML,57
A01164,Security,88
A01164,Applications,38
A01164,Integration,53
A01165,Infrastructure,38
A01165,Database,52
A01165,Analytics & Data,42
A01165,AI & ML,61
A01165,Security,72
A01165,Applications,38
A01165,Integration,90
A01166,Infrastructure,37
A01166,Database,31
A01166,Analytics & Data,97
A01166,AI & ML,38
A01166,Security,40
A01166,Applications,33
A01166,Integration,53
A01167,Infrastructure,17
A01167,Database,43
A01167,Analytics & Data,91
A01167,AI & ML,19
A01167,Security,64
A01167,Applications,36
A01167,Integration,64
A01168,Infrastructure,80
A01168,Database,60
A01168,Analytics & Data,93
A01168,AI & ML,26
A01168,Security,51
A01168,Applications,48
A01168,Integration,40
A01169,Infrastructure,27
A01169,Database,32
A01169,Analytics & Data,20
A01169,AI & ML,95
A01169,Security,40
A01169,Applications,61
A01169,Integration,49
A01170,Infrastructure,33
A01170,Database,52
A01170,Analytics & Data,42
A01170,AI & ML,49
A01170,Security,44
A01170,Applications,57
A01170,Integration,37
A01171,Infrastructure,50
A01171,Database,79
A01171,Analytics & Data,39
A01171,AI & ML,45
A01171,Security,69
A01171,Applications,55
A01171,Integration,41
A01172,Infrastructure,31
A01172,Database,59
A01172,Analytics & Data,59
A01172,AI & ML,37
A01172,Security,36
A01172,Applications,74
A01172,Integration,41
A01173,Infrastructure,100
A01173,Database,49
A01173,Analytics & Data,71
A01173,AI & ML,33
A01173,Security,16
A01173,Applications,55
A01173,Integration,33
A01174,Infrastructure,58
A01174,Database,92
A01174,Analytics & Data,59
A01174,AI & ML,45
A01174,Security,53
A01174,Applications,30
A01174,Integration,43
A01175,Infrastructure,40
A01175,Database,31
A01175,Analytics & Data,37
A01175,AI & ML,61
A01175,Security,35
A01175,Applications,42
A01175,Integration,26
A01176,Infrastructure,57
A01176,Database,58
A01176,Analytics & Data,62
A01176,AI & ML,56
A01176,Security,80
A01176,Applications,49
A01176,Integration,32
A01177,Infrastructure,84
A01177,Database,45
A01177,Analytics & Data,42
A01177,AI & ML,32
A01177,Security,35
A01177,Applications,36
A01177,Integration,22
A01178,Infrastructure,46
A01178,Database,53
A01178,Analytics & Data,40
A01178,AI & ML,65
A01178,Security,51
A01178,Applications,54
A01178,Integration,89
A01179,Infrastructure,36
A01179,Database,57
A01179,Analytics & Data,60
A01179,AI & ML,42
A01179,Security,25
A01179,Applications,52
A01179,Integration,32
A01180,Infrastructure,43
A01180,Database,46
A01180,Analytics & Data,74
A01180,AI & ML,60
A01180,Security,23
A01180,Applications,34
A01180,Integration,36
A01181,Infrastructure,30
A01181,Database,76
A01181,Analytics & Data,79
A01181,AI & ML,78
A01181,Security,70
A01181,Applications,22
A01181,Integration,60
A01182,Infrastructure,34
A01182,Database,47
A01182,Analytics & Data,34
A01182,AI & ML,53
A01182,Security,50
A01182,Applications,35
A01182,Integration,42
A01183,Infrastructure,32
A01183,Database,39
A01183,Analytics & Data,29
A01183,AI & ML,59
A01183,Security,75
A01183,Applications,73
A01183,Integration,79
A01184,Infrastructure,29
A01184,Database,40
A01184,Analytics & Data,54
A01184,AI & ML,64
A01184,Security,51
A01184,Applications,16
A01184,Integration,35
A01185,Infrastructure,34
A01185,Database,44
A01185,Analytics & Data,42
A01185,AI & ML,42
A01185,Security,46
A01185,Applications,42
A01185,Integration,57
A01186,Infrastructure,21
A01186,Database,37
A01186,Analytics & Data,72
A01186,AI & ML,49
A01186,Security,46
A01186,Applications,41
A01186,Integration,47
A01187,Infrastructure,84
A01187,Database,25
A01187,Analytics & Data,45
A01187,AI & ML,49
A01187,Security,97
A01187,Applications,52
A01187,Integration,39
A01188,Infrastructure,40
A01188,Database,82
A01188,Analytics & Data,25
A01188,AI & ML,45
A01188,Security,59
A01188,Applications,37
A01188,Integration,29
A01189,Infrastructure,32
A01189,Database,36
A01189,Analytics & Data,40
A01189,AI & ML,72
A01189,Security,75
A01189,Applications,86
A01189,Integration,41
A01190,Infrastructure,84
A01190,Database,59
A01190,Analytics & Data,32
A01190,AI & ML,69
A01190,Security,31
A01190,Applications,95
A01190,Integration,19
A01191,Infrastructure,45
A01191,Database,36
A01191,Analytics & Data,33
A01191,AI & ML,19
A01191,Security,49
A01191,Applications,31
A01191,Integration,57
A01192,Infrastructure,40
A01192,Database,35
A01192,Analytics & Data,35
A01192,AI & ML,81
A01192,Security,48
A01192,Applications,45
A01192,Integration,43
A01193,Infrastructure,59
A01193,Database,51
A01193,Analytics & Data,40
A01193,AI & ML,65
A01193,Security,61
A01193,Applications,64
A01193,Integration,42
A01194,Infrastructure,43
A01194,Database,80
A01194,Analytics & Data,46
A01194,AI & ML,17
A01194,Security,98
A01194,Applications,46
A01194,Integration,91
A01195,Infrastructure,35
A01195,Database,43
A01195,Analytics & Data,46
A01195,AI & ML,33
A01195,Security,62
A01195,Applications,19
A01195,Integration,35
A01196,Infrastructure,58
A01196,Database,92
A01196,Analytics & Data,48
A01196,AI & ML,49
A01196,Security,53
A01196,Applications,46
A01196,Integration,38
A01197,Infrastructure,48
A01197,Database,52
A01197,Analytics & Data,76
A01197,AI & ML,94
A01197,Security,73
A01197,Applications,54
A01197,Integration,44
A01198,Infrastructure,31
A01198,Database,26
A01198,Analytics & Data,37
A01198,AI & ML,87
A01198,Security,55
A01198,Applications,42
A01198,Integration,30
A01199,Infrastructure,46
A01199,Database,63
A01199,Analytics & Data,52
A01199,AI & ML,46
A01199,Security,20
A01199,Applications,38
A01199,Integration,42
A01200,Infrastructure,31
A01200,Database,30
A01200,Analytics & Data,33
A01200,AI & ML,28
A01200,Security,79
A01200,Applications,28
A01200,Integration,42
A01201,Infrastructure,98
A01201,Database,79
A01201,Analytics & Data,31
A01201,AI & ML,32
A01201,Security,80
A01201,Applications,49
A01201,Integration,56
A01202,Infrastructure,66
A01202,Database,65
A01202,Analytics & Data,42
A01202,AI & ML,78
A01202,Security,100
A01202,Applications,39
A01202,Integration,45
A01203,Infrastructure,33
A01203,Database,52
A01203,Analytics & Data,39
A01203,AI & ML,46
A01203,Security,68
A01203,Applications,73
A01203,Integration,20
A01204,Infrastructure,47
A01204,Database,51
A01204,Analytics & Data,35
A01204,AI & ML,40
A01204,Security,62
A01204,Applications,22
A01204,Integration,28
A01205,Infrastructure,46
A01205,Database,55
A01205,Analytics & Data,27
A01205,AI & ML,45
A01205,Security,20
A01205,Applications,31
A01205,Integration,56
A01206,Infrastructure,47
A01206,Database,36
A01206,Analytics & Data,43
A01206,AI & ML,57
A01206,Security,93
A01206,Applications,37
A01206,Integration,40
A01207,Infrastructure,36
A01207,Database,43
A01207,Analytics & Data,52
A01207,AI & ML,44
A01207,Security,50
A01207,Applications,23
A01207,Integration,40
A01208,Infrastructure,52
A01208,Database,52
A01208,Analytics & Data,53
A01208,AI & ML,50
A01208,Security,43
A01208,Applications,98
A01208,Integration,47
A01209,Infrastructure,11
A01209,Database,53
A01209,Analytics & Data,62
A01209,AI & ML,33
A01209,Security,31
A01209,Applications,23
A01209,Integration,19
A01210,Infrastructure,98
A01210,Database,69
A01210,Analytics & Data,72
A01210,AI & ML,46
A01210,Security,85
A01210,Applications,75
A01210,Integration,46
A01211,Infrastructure,63
A01211,Database,36
A01211,Analytics & Data,28
A01211,AI & ML,39
A01211,Security,54
A01211,Applications,31
A01211,Integration,26
A01212,Infrastructure,42
A01212,Database,56
A01212,Analytics & Data,32
A01212,AI & ML,45
A01212,Security,28
A01212,Applications,84
A01212,Integration,38
A01213,Infrastructure,43
A01213,Database,44
A01213,Analytics & Data,31
A01213,AI & ML,52
A01213,Security,28
A01213,Applications,43
A01213,Integration,43
A01214,Infrastructure,78
A01214,Database,49
A01214,Analytics & Data,59
A01214,AI & ML,48
A01214,Security,38
A01214,Applications,40
A01214,Integration,47
A01215,Infrastructure,13
A01215,Database,30
A01215,Analytics & Data,55
A01215,AI & ML,55
A01215,Security,47
A01215,Applications,42
A01215,Integration,40
A01216,Infrastructure,77
A01216,Database,40
A01216,Analytics & Data,57
A01216,AI & ML,31
A01216,Security,45
A01216,Applications,40
A01216,Integration,34
A01217,Infrastructure,42
A01217,Database,47
A01217,Analytics & Data,26
A01217,AI & ML,68
A01217,Security,43
A01217,Applications,38
A01217,Integration,58
A01218,Infrastructure,82
A01218,Database,60
A01218,Analytics & Data,55
A01218,AI & ML,76
A01218,Security,20
A01218,Applications,90
A01218,Integration,37
A01219,Infrastructure,29
A01219,Database,35
A01219,Analytics & Data,29
A01219,AI & ML,45
A01219,Security,40
A01219,Applications,38
A01219,Integration,30
A01220,Infrastructure,40
A01220,Database,46
A01220,Analytics & Data,72
A01220,AI & ML,47
A01220,Security,89
A01220,Applications,30
A01220,Integration,32
A01221,Infrastructure,43
A01221,Database,61
A01221,Analytics & Data,48
A01221,AI & ML,29
A01221,Security,44
A01221,Applications,34
A01221,Integration,50
A01222,Infrastructure,42
A01222,Database,45
A01222,Analytics & Data,59
A01222,AI & ML,50
A01222,Security,34
A01222,Applications,22
A01222,Integration,73
A01223,Infrastructure,34
A01223,Database,47
A01223,Analytics & Data,16
A01223,AI & ML,41
A01223,Security,61
A01223,Applications,100
A01223,Integration,51
A01224,Infrastructure,26
A01224,Database,37
A01224,Analytics & Data,40
A01224,AI & ML,50
A01224,Security,33
A01224,Applications,89
A01224,Integration,60
A01225,Infrastructure,53
A01225,Database,71
A01225,Analytics & Data,45
A01225,AI & ML,72
A01225,Security,45
A01225,Applications,66
A01225,Integration,90
A01226,Infrastructure,73
A01226,Database,56
A01226,Analytics & Data,30
A01226,AI & ML,58
A01226,Security,40
A01226,Applications,46
A01226,Integration,74
A01227,Infrastructure,59
A01227,Database,37
A01227,Analytics & Data,65
A01227,AI & ML,29
A01227,Security,44
A01227,Applications,49
A01227,Integration,51
A01228,Infrastructure,32
A01228,Database,37
A01228,Analytics & Data,23
A01228,AI & ML,52
A01228,Security,36
A01228,Applications,88
A01228,Integration,55
A01229,Infrastructure,94
A01229,Database,39
A01229,Analytics & Data,92
A01229,AI & ML,85
A01229,Security,72
A01229,Applications,40
A01229,Integration,45
A01230,Infrastructure,40
A01230,Database,51
A01230,Analytics & Data,51
A01230,AI & ML,42
A01230,Security,58
A01230,Applications,77
A01230,Integration,54
A01231,Infrastructure,50
A01231,Database,55
A01231,Analytics & Data,69
A01231,AI & ML,75
A01231,Security,56
A01231,Applications,71
A01231,Integration,36
A01232,Infrastructure,71
A01232,Database,40
A01232,Analytics & Data,86
A01232,AI & ML,46
A01232,Security,66
A01232,Applications,16
A01232,Integration,60
A01233,Infrastructure,49
A01233,Database,69
A01233,Analytics & Data,38
A01233,AI & ML,27
A01233,Security,89
A01233,Applications,43
A01233,Integration,46
A01234,Infrastructure,32
A01234,Database,36
A01234,Analytics & Data,37
A01234,AI & ML,65
A01234,Security,61
A01234,Applications,57
A01234,Integration,39
A01235,Infrastructure,22
A01235,Database,63
A01235,Analytics & Data,44
A01235,AI & ML,47
A01235,Security,53
A01235,Applications,81
A01235,Integration,43
A01236,Infrastructure,94
A01236,Database,48
A01236,Analytics & Data,31
A01236,AI & ML,65
A01236,Security,47
A01236,Applications,29
A01236,Integration,47
A01237,Infrastructure,27
A01237,Database,73
A01237,Analytics & Data,42
A01237,AI & ML,51
A01237,Security,40
A01237,Applications,63
A01237,Integration,49
A01238,Infrastructure,57
A01238,Database,46
A01238,Analytics & Data,30
A01238,AI & ML,82
A01238,Security,21
A01238,Applications,50
A01238,Integration,48
A01239,Infrastructure,66
A01239,Database,82
A01239,Analytics & Data,36
A01239,AI & ML,46
A01239,Security,45
A01239,Applications,29
A01239,Integration,35
A01240,Infrastructure,34
A01240,Database,14
A01240,Analytics & Data,60
A01240,AI & ML,45
A01240,Security,39
A01240,Applications,49
A01240,Integration,96
A01241,Infrastructure,83
A01241,Database,58
A01241,Analytics & Data,44
A01241,AI & ML,48
A01241,Security,52
A01241,Applications,53
A01241,Integration,43
A01242,Infrastructure,37
A01242,Database,40
A01242,Analytics & Data,84
A01242,AI & ML,40
A01242,Security,39
A01242,Applications,55
A01242,Integration,100
A01243,Infrastructure,52
A01243,Database,35
A01243,Analytics & Data,70
A01243,AI & ML,51
A01243,Security,82
A01243,Applications,48
A01243,Integration,63
A01244,Infrastructure,83
A01244,Database,45
A01244,Analytics & Data,34
A01244,AI & ML,56
A01244,Security,40
A01244,Applications,42
A01244,Integration,39
A01245,Infrastructure,43
A01245,Database,46
A01245,Analytics & Data,51
A01245,AI & ML,70
A01245,Security,53
A01245,Applications,31
A01245,Integration,36
A01246,Infrastructure,33
A01246,Database,21
A01246,Analytics & Data,98
A01246,AI & ML,55
A01246,Security,56
A01246,Applications,100
A01246,Integration,35
A01247,Infrastructure,50
A01247,Database,21
A01247,Analytics & Data,92
A01247,AI & ML,70
A01247,Security,78
A01247,Applications,41
A01247,Integration,36
A01248,Infrastructure,30
A01248,Database,94
A01248,Analytics & Data,53
A01248,AI & ML,33
A01248,Security,36
A01248,Applications,41
A01248,Integration,47
A01249,Infrastructure,46
A01249,Database,51
A01249,Analytics & Data,83
A01249,AI & ML,27
A01249,Security,57
A01249,Applications,62
A01249,Integration,31
A01250,Infrastructure,53
A01250,Database,39
A01250,Analytics & Data,44
A01250,AI & ML,35
A01250,Security,19
A01250,Applications,36
A01250,Integration,52
A01251,Infrastructure,16
A01251,Database,43
A01251,Analytics & Data,52
A01251,AI & ML,35
A01251,Security,34
A01251,Applications,35
A01251,Integration,84
A01252,Infrastructure,46
A01252,Database,19
A01252,Analytics & Data,89
A01252,AI & ML,84
A01252,Security,39
A01252,Applications,15
A01252,Integration,43
A01253,Infrastructure,63
A01253,Database,55
A01253,Analytics & Data,44
A01253,AI & ML,22
A01253,Security,88
A01253,Applications,34
A01253,Integration,61
A01254,Infrastructure,36
A01254,Database,72
A01254,Analytics & Data,71
A01254,AI & ML,42
A01254,Security,37
A01254,Applications,43
A01254,Integration,67
A01255,Infrastructure,35
A01255,Database,25
A01255,Analytics & Data,45
A01255,AI & ML,39
A01255,Security,39
A01255,Applications,100
A01255,Integration,42
A01256,Infrastructure,52
A01256,Database,49
A01256,Analytics & Data,37
A01256,AI & ML,41
A01256,Security,63
A01256,Applications,42
A01256,Integration,25
A01257,Infrastructure,41
A01257,Database,75
A01257,Analytics & Data,45
A01257,AI & ML,33
A01257,Security,32
A01257,Applications,80
A01257,Integration,40
A01258,Infrastructure,44
A01258,Database,42
A01258,Analytics & Data,47
A01258,AI & ML,46
A01258,Security,42
A01258,Applications,53
A01258,Integration,33
A01259,Infrastructure,77
A01259,Database,42
A01259,Analytics & Data,61
A01259,AI & ML,25
A01259,Security,76
A01259,Applications,61
A01259,Integration,73
A01260,Infrastructure,96
A01260,Database,27
A01260,Analytics & Data,74
A01260,AI & ML,39
A01260,Security,39
A01260,Applications,92
A01260,Integration,42
A01261,Infrastructure,47
A01261,Database,46
A01261,Analytics & Data,36
A01261,AI & ML,38
A01261,Security,45
A01261,Applications,70
A01261,Integration,38
A01262,Infrastructure,80
A01262,Database,30
A01262,Analytics & Data,80
A01262,AI & ML,41
A01262,Security,81
A01262,Applications,25
A01262,Integration,43
A01263,Infrastructure,38
A01263,Database,43
A01263,Analytics & Data,39
A01263,AI & ML,80
A01263,Security,92
A01263,Applications,68
A01263,Integration,48
A01264,Infrastructure,38
A01264,Database,46
A01264,Analytics & Data,87
A01264,AI & ML,76
A01264,Security,45
A01264,Applications,100
A01264,Integration,40
A01265,Infrastructure,23
A01265,Database,30
A01265,Analytics & Data,47
A01265,AI & ML,80
A01265,Security,38
A01265,Applications,26
A01265,Integration,52
A01266,Infrastructure,64
A01266,Database,16
A01266,Analytics & Data,30
A01266,AI & ML,27
A01266,Security,58
A01266,Applications,80
A01266,Integration,32
A01267,Infrastructure,73
A01267,Database,34
A01267,Analytics & Data,92
A01267,AI & ML,45
A01267,Security,72
A01267,Applications,88
A01267,Integration,50
A01268,Infrastructure,67
A01268,Database,44
A01268,Analytics & Data,57
A01268,AI & ML,70
A01268,Security,86
A01268,Applications,33
A01268,Integration,28
A01269,Infrastructure,50
A01269,Database,20
A01269,Analytics & Data,78
A01269,AI & ML,28
A01269,Security,36
A01269,Applications,77
A01269,Integration,100
A01270,Infrastructure,21
A01270,Database,23
A01270,Analytics & Data,22
A01270,AI & ML,40
A01270,Security,43
A01270,Applications,45
A01270,Integration,35
A01271,Infrastructure,64
A01271,Database,28
A01271,Analytics & Data,90
A01271,AI & ML,64
A01271,Security,54
A01271,Applications,46
A01271,Integration,40
A01272,Infrastructure,49
A01272,Database,30
A01272,Analytics & Data,44
A01272,AI & ML,28
A01272,Security,39
A01272,Applications,39
A01272,Integration,43
A01273,Infrastructure,29
A01273,Database,50
A01273,Analytics & Data,47
A01273,AI & ML,38
A01273,Security,99
A01273,Applications,88
A01273,Integration,39
A01274,Infrastructure,28
A01274,Database,29
A01274,Analytics & Data,34
A01274,AI & ML,56
A01274,Security,35
A01274,Applications,20
A01274,Integration,45
A01275,Infrastructure,91
A01275,Database,56
A01275,Analytics & Data,35
A01275,AI & ML,52
A01275,Security,38
A01275,Applications,66
A01275,Integration,30
A01276,Infrastructure,43
A01276,Database,73
A01276,Analytics & Data,42
A01276,AI & ML,42
A01276,Security,49
A01276,Applications,35
A01276,Integration,42
A01277,Infrastructure,45
A01277,Database,47
A01277,Analytics & Data,96
A01277,AI & ML,32
A01277,Security,44
A01277,Applications,31
A01277,Integration,44
A01278,Infrastructure,97
A01278,Database,52
A01278,Analytics & Data,36
A01278,AI & ML,8
A01278,Security,42
A01278,Applications,58
A01278,Integration,42
A01279,Infrastructure,20
A01279,Database,51
A01279,Analytics & Data,85
A01279,AI & ML,41
A01279,Security,24
A01279,Applications,60
A01279,Integration,21
A01280,Infrastructure,32
A01280,Database,32
A01280,Analytics & Data,31
A01280,AI & ML,23
A01280,Security,31
A01280,Applications,92
A01280,Integration,41
A01281,Infrastructure,48
A01281,Database,32
A01281,Analytics & Data,84
A01281,AI & ML,49
A01281,Security,69
A01281,Applications,76
A01281,Integration,66
A01282,Infrastructure,42
A01282,Database,61
A01282,Analytics & Data,45
A01282,AI & ML,66
A01282,Security,85
A01282,Applications,73
A01282,Integration,64
A01283,Infrastructure,34
A01283,Database,41
A01283,Analytics & Data,83
A01283,AI & ML,61
A01283,Security,32
A01283,Applications,57
A01283,Integration,51
A01284,Infrastructure,66
A01284,Database,47
A01284,Analytics & Data,89
A01284,AI & ML,94
A01284,Security,26
A01284,Applications,53
A01284,Integration,63
A01285,Infrastructure,53
A01285,Database,35
A01285,Analytics & Data,34
A01285,AI & ML,90
A01285,Security,24
A01285,Applications,21
A01285,Integration,45
A01286,Infrastructure,46
A01286,Database,41
A01286,Analytics & Data,18
A01286,AI & ML,37
A01286,Security,37
A01286,Applications,46
A01286,Integration,65
A01287,Infrastructure,100
A01287,Database,33
A01287,Analytics & Data,39
A01287,AI & ML,82
A01287,Security,60
A01287,Applications,43
A01287,Integration,63
A01288,Infrastructure,52
A01288,Database,58
A01288,Analytics & Data,43
A01288,AI & ML,67
A01288,Security,33
A01288,Applications,29
A01288,Integration,38
A01289,Infrastructure,77
A01289,Database,23
A01289,Analytics & Data,25
A01289,AI & ML,37
A01289,Security,50
A01289,Applications,46
A01289,Integration,81
A01290,Infrastructure,69
A01290,Database,55
A01290,Analytics & Data,28
A01290,AI & ML,47
A01290,Security,41
A01290,Applications,25
A01290,Integration,84
A01291,Infrastructure,59
A01291,Database,86
A01291,Analytics & Data,37
A01291,AI & ML,45
A01291,Security,30
A01291,Applications,52
A01291,Integration,45
A01292,Infrastructure,34
A01292,Database,26
A01292,Analytics & Data,72
A01292,AI & ML,48
A01292,Security,50
A01292,Applications,41
A01292,Integration,41
A01293,Infrastructure,92
A01293,Database,58
A01293,Analytics & Data,75
A01293,AI & ML,100
A01293,Security,42
A01293,Applications,45
A01293,Integration,85
A01294,Infrastructure,45
A01294,Database,66
A01294,Analytics & Data,39
A01294,AI & ML,43
A01294,Security,47
A01294,Applications,32
A01294,Integration,47
A01295,Infrastructure,57
A01295,Database,87
A01295,Analytics & Data,53
A01295,AI & ML,62
A01295,Security,45
A01295,Applications,44
A01295,Integration,73
A01296,Infrastructure,95
A01296,Database,53
A01296,Analytics & Data,53
A01296,AI & ML,54
A01296,Security,74
A01296,Applications,48
A01296,Integration,60
A01297,Infrastructure,75
A01297,Database,30
A01297,Analytics & Data,46
A01297,AI & ML,32
A01297,Security,66
A01297,Applications,32
A01297,Integration,34
A01298,Infrastructure,94
A01298,Database,57
A01298,Analytics & Data,26
A01298,AI & ML,37
A01298,Security,26
A01298,Applications,44
A01298,Integration,88
A01299,Infrastructure,43
A01299,Database,52
A01299,Analytics & Data,41
A01299,AI & ML,37
A01299,Security,48
A01299,Applications,53
A01299,Integration,39
A01300,Infrastructure,30
A01300,Database,75
A01300,Analytics & Data,26
A01300,AI & ML,22
A01300,Security,43
A01300,Applications,99
A01300,Integration,44
A01301,Infrastructure,99
A01301,Database,49
A01301,Analytics & Data,31
A01301,AI & ML,48
A01301,Security,43
A01301,Applications,50
A01301,Integration,50
A01302,Infrastructure,37
A01302,Database,30
A01302,Analytics & Data,28
A01302,AI & ML,77
A01302,Security,25
A01302,Applications,99
A01302,Integration,53
A01303,Infrastructure,33
A01303,Database,43
A01303,Analytics & Data,61
A01303,AI & ML,51
A01303,Security,41
A01303,Applications,45
A01303,Integration,43
A01304,Infrastructure,47
A01304,Database,39
A01304,Analytics & Data,44
A01304,AI & ML,40
A01304,Security,44
A01304,Applications,47
A01304,Integration,31
A01305,Infrastructure,40
A01305,Database,44
A01305,Analytics & Data,76
A01305,AI & ML,36
A01305,Security,48
A01305,Applications,92
A01305,Integration,54
A01306,Infrastructure,30
A01306,Database,23
A01306,Analytics & Data,49
A01306,AI & ML,49
A01306,Security,60
A01306,Applications,66
A01306,Integration,36
A01307,Infrastructure,92
A01307,Database,38
A01307,Analytics & Data,74
A01307,AI & ML,28
A01307,Security,53
A01307,Applications,26
A01307,Integration,54
A01308,Infrastructure,66
A01308,Database,50
A01308,Analytics & Data,36
A01308,AI & ML,76
A01308,Security,34
A01308,Applications,31
A01308,Integration,100
A01309,Infrastructure,89
A01309,Database,94
A01309,Analytics & Data,62
A01309,AI & ML,45
A01309,Security,49
A01309,Applications,45
A01309,Integration,53
A01310,Infrastructure,26
A01310,Database,45
A01310,Analytics & Data,28
A01310,AI & ML,50
A01310,Security,42
A01310,Applications,50
A01310,Integration,33
A01311,Infrastructure,66
A01311,Database,44
A01311,Analytics & Data,55
A01311,AI & ML,57
A01311,Security,44
A01311,Applications,47
A01311,Integration,21
A01312,Infrastructure,56
A01312,Database,49
A01312,Analytics & Data,43
A01312,AI & ML,22
A01312,Security,19
A01312,Applications,38
A01312,Integration,75
A01313,Infrastructure,41
A01313,Database,46
A01313,Analytics & Data,56
A01313,AI & ML,37
A01313,Security,95
A01313,Applications,77
A01313,Integration,36
A01314,Infrastructure,86
A01314,Database,84
A01314,Analytics & Data,37
A01314,AI & ML,83
A01314,Security,36
A01314,Applications,91
A01314,Integration,36
A01315,Infrastructure,41
A01315,Database,29
A01315,Analytics & Data,89
A01315,AI & ML,36
A01315,Security,45
A01315,Applications,43
A01315,Integration,45
A01316,Infrastructure,34
A01316,Database,49
A01316,Analytics & Data,52
A01316,AI & ML,53
A01316,Security,38
A01316,Applications,81
A01316,Integration,43
A01317,Infrastructure,54
A01317,Database,33
A01317,Analytics & Data,91
A01317,AI & ML,28
A01317,Security,63
A01317,Applications,48
A01317,Integration,49
A01318,Infrastructure,26
A01318,Database,32
A01318,Analytics & Data,44
A01318,AI & ML,38
A01318,Security,32
A01318,Applications,93
A01318,Integration,48
A01319,Infrastructure,30
A01319,Database,13
A01319,Analytics & Data,29
A01319,AI & ML,54
A01319,Security,42
A01319,Applications,24
A01319,Integration,62
A01320,Infrastructure,68
A01320,Database,34
A01320,Analytics & Data,35
A01320,AI & ML,100
A01320,Security,37
A01320,Applications,22
A01320,Integration,47
A01321,Infrastructure,34
A01321,Database,100
A01321,Analytics & Data,40
A01321,AI & ML,30
A01321,Security,60
A01321,Applications,29
A01321,Integration,31
A01322,Infrastructure,78
A01322,Database,26
A01322,Analytics & Data,44
A01322,AI & ML,34
A01322,Security,33
A01322,Applications,51
A01322,Integration,43
A01323,Infrastructure,74
A01323,Database,46
A01323,Analytics & Data,51
A01323,AI & ML,41
A01323,Security,43
A01323,Applications,35
A01323,Integration,56
A01324,Infrastructure,57
A01324,Database,49
A01324,Analytics & Data,68
A01324,AI & ML,33
A01324,Security,38
A01324,Applications,46
A01324,Integration,35
A01325,Infrastructure,24
A01325,Database,36
A01325,Analytics & Data,61
A01325,AI & ML,47
A01325,Security,60
A01325,Applications,72
A01325,Integration,37
A01326,Infrastructure,51
A01326,Database,58
A01326,Analytics & Data,33
A01326,AI & ML,44
A01326,Security,27
A01326,Applications,22
A01326,Integration,78
A01327,Infrastructure,49
A01327,Database,31
A01327,Analytics & Data,58
A01327,AI & ML,75
A01327,Security,54
A01327,Applications,28
A01327,Integration,91
A01328,Infrastructure,46
A01328,Database,35
A01328,Analytics & Data,40
A01328,AI & ML,58
A01328,Security,40
A01328,Applications,61
A01328,Integration,30
A01329,Infrastructure,21
A01329,Database,35
A01329,Analytics & Data,30
A01329,AI & ML,51
A01329,Security,41
A01329,Applications,75
A01329,Integration,29
A01330,Infrastructure,37
A01330,Database,40
A01330,Analytics & Data,48
A01330,AI & ML,52
A01330,Security,31
A01330,Applications,43
A01330,Integration,79
A01331,Infrastructure,62
A01331,Database,54
A01331,Analytics & Data,43
A01331,AI & ML,39
A01331,Security,85
A01331,Applications,44
A01331,Integration,47
A01332,Infrastructure,83
A01332,Database,29
A01332,Analytics & Data,46
A01332,AI & ML,41
A01332,Security,26
A01332,Applications,59
A01332,Integration,40
A01333,Infrastructure,56
A01333,Database,36
A01333,Analytics & Data,53
A01333,AI & ML,45
A01333,Security,44
A01333,Applications,38
A01333,Integration,57
A01334,Infrastructure,43
A01334,Database,52
A01334,Analytics & Data,68
A01334,AI & ML,95
A01334,Security,80
A01334,Applications,37
A01334,Integration,41
A01335,Infrastructure,82
A01335,Database,32
A01335,Analytics & Data,36
A01335,AI & ML,56
A01335,Security,30
A01335,Applications,78
A01335,Integration,27
A01336,Infrastructure,37
A01336,Database,56
A01336,Analytics & Data,86
A01336,AI & ML,67
A01336,Security,39
A01336,Applications,80
A01336,Integration,46
A01337,Infrastructure,94
A01337,Database,61
A01337,Analytics & Data,38
A01337,AI & ML,69
A01337,Security,31
A01337,Applications,47
A01337,Integration,79
A01338,Infrastructure,34
A01338,Database,43
A01338,Analytics & Data,31
A01338,AI & ML,34
A01338,Security,40
A01338,Applications,39
A01338,Integration,43
A01339,Infrastructure,48
A01339,Database,35
A01339,Analytics & Data,76
A01339,AI & ML,99
A01339,Security,87
A01339,Applications,11
A01339,Integration,55
A01340,Infrastructure,71
A01340,Database,40
A01340,Analytics & Data,41
A01340,AI & ML,36
A01340,Security,40
A01340,Applications,22
A01340,Integration,53
A01341,Infrastructure,63
A01341,Database,72
A01341,Analytics & Data,47
A01341,AI & ML,61
A01341,Security,42
A01341,Applications,36
A01341,Integration,20
A01342,Infrastructure,38
A01342,Database,35
A01342,Analytics & Data,72
A01342,AI & ML,32
A01342,Security,28
A01342,Applications,26
A01342,Integration,89
A01343,Infrastructure,30
A01343,Database,82
A01343,Analytics & Data,54
A01343,AI & ML,86
A01343,Security,41
A01343,Applications,46
A01343,Integration,43
A01344,Infrastructure,57
A01344,Database,39
A01344,Analytics & Data,48
A01344,AI & ML,60
A01344,Security,93
A01344,Applications,53
A01344,Integration,29
A01345,Infrastructure,38
A01345,Database,41
A01345,Analytics & Data,40
A01345,AI & ML,53
A01345,Security,55
A01345,Applications,43
A01345,Integration,49
A01346,Infrastructure,38
A01346,Database,60
A01346,Analytics & Data,66
A01346,AI & ML,48
A01346,Security,33
A01346,Applications,45
A01346,Integration,18
A01347,Infrastructure,49
A01347,Database,48
A01347,Analytics & Data,42
A01347,AI & ML,58
A01347,Security,45
A01347,Applications,68
A01347,Integration,38
A01348,Infrastructure,42
A01348,Database,40
A01348,Analytics & Data,43
A01348,AI & ML,75
A01348,Security,30
A01348,Applications,40
A01348,Integration,41
A01349,Infrastructure,22
A01349,Database,48
A01349,Analytics & Data,46
A01349,AI & ML,65
A01349,Security,72
A01349,Applications,23
A01349,Integration,56
A01350,Infrastructure,31
A01350,Database,21
A01350,Analytics & Data,100
A01350,AI & ML,28
A01350,Security,47
A01350,Applications,87
A01350,Integration,66
A01351,Infrastructure,55
A01351,Database,27
A01351,Analytics & Data,44
A01351,AI & ML,47
A01351,Security,39
A01351,Applications,41
A01351,Integration,42
A01352,Infrastructure,76
A01352,Database,63
A01352,Analytics & Data,30
A01352,AI & ML,42
A01352,Security,47
A01352,Applications,41
A01352,Integration,63
A01353,Infrastructure,65
A01353,Database,67
A01353,Analytics & Data,51
A01353,AI & ML,55
A01353,Security,42
A01353,Applications,55
A01353,Integration,71
A01354,Infrastructure,36
A01354,Database,74
A01354,Analytics & Data,31
A01354,AI & ML,58
A01354,Security,38
A01354,Applications,76
A01354,Integration,53
A01355,Infrastructure,49
A01355,Database,30
A01355,Analytics & Data,63
A01355,AI & ML,31
A01355,Security,62
A01355,Applications,34
A01355,Integration,47
A01356,Infrastructure,55
A01356,Database,62
A01356,Analytics & Data,42
A01356,AI & ML,36
A01356,Security,50
A01356,Applications,52
A01356,Integration,40
A01357,Infrastructure,60
A01357,Database,49
A01357,Analytics & Data,32
A01357,AI & ML,38
A01357,Security,40
A01357,Applications,67
A01357,Integration,91
A01358,Infrastructure,82
A01358,Database,91
A01358,Analytics & Data,72
A01358,AI & ML,71
A01358,Security,93
A01358,Applications,96
A01358,Integration,41
A01359,Infrastructure,90
A01359,Database,38
A01359,Analytics & Data,47
A01359,AI & ML,52
A01359,Security,45
A01359,Applications,26
A01359,Integration,51
A01360,Infrastructure,41
A01360,Database,50
A01360,Analytics & Data,60
A01360,AI & ML,29
A01360,Security,44
A01360,Applications,35
A01360,Integration,86
A01361,Infrastructure,44
A01361,Database,75
A01361,Analytics & Data,64
A01361,AI & ML,41
A01361,Security,65
A01361,Applications,37
A01361,Integration,37
A01362,Infrastructure,50
A01362,Database,50
A01362,Analytics & Data,55
A01362,AI & ML,68
A01362,Security,30
A01362,Applications,80
A01362,Integration,76
A01363,Infrastructure,41
A01363,Database,67
A01363,Analytics & Data,64
A01363,AI & ML,48
A01363,Security,100
A01363,Applications,58
A01363,Integration,20
A01364,Infrastructure,27
A01364,Database,25
A01364,Analytics & Data,49
A01364,AI & ML,54
A01364,Security,65
A01364,Applications,44
A01364,Integration,31
A01365,Infrastructure,48
A01365,Database,45
A01365,Analytics & Data,51
A01365,AI & ML,33
A01365,Security,72
A01365,Applications,21
A01365,Integration,39
A01366,Infrastructure,74
A01366,Database,21
A01366,Analytics & Data,28
A01366,AI & ML,52
A01366,Security,100
A01366,Applications,32
A01366,Integration,38
A01367,Infrastructure,29
A01367,Database,71
A01367,Analytics & Data,45
A01367,AI & ML,78
A01367,Security,39
A01367,Applications,55
A01367,Integration,39
A01368,Infrastructure,76
A01368,Database,42
A01368,Analytics & Data,65
A01368,AI & ML,43
A01368,Security,49
A01368,Applications,100
A01368,Integration,35
A01369,Infrastructure,59
A01369,Database,14
A01369,Analytics & Data,31
A01369,AI & ML,37
A01369,Security,83
A01369,Applications,64
A01369,Integration,44
A01370,Infrastructure,40
A01370,Database,47
A01370,Analytics & Data,29
A01370,AI & ML,65
A01370,Security,75
A01370,Applications,65
A01370,Integration,47
A01371,Infrastructure,45
A01371,Database,28
A01371,Analytics & Data,47
A01371,AI & ML,44
A01371,Security,39
A01371,Applications,61
A01371,Integration,31
A01372,Infrastructure,33
A01372,Database,46
A01372,Analytics & Data,51
A01372,AI & ML,41
A01372,Security,20
A01372,Applications,45
A01372,Integration,50
A01373,Infrastructure,36
A01373,Database,32
A01373,Analytics & Data,59
A01373,AI & ML,66
A01373,Security,36
A01373,Applications,38
A01373,Integration,80
A01374,Infrastructure,72
A01374,Database,47
A01374,Analytics & Data,42
A01374,AI & ML,42
A01374,Security,36
A01374,Applications,31
A01374,Integration,30
A01375,Infrastructure,60
A01375,Database,25
A01375,Analytics & Data,55
A01375,AI & ML,28
A01375,Security,25
A01375,Applications,70
A01375,Integration,40
A01376,Infrastructure,62
A01376,Database,46
A01376,Analytics & Data,100
A01376,AI & ML,41
A01376,Security,94
A01376,Applications,37
A01376,Integration,47
A01377,Infrastructure,51
A01377,Database,40
A01377,Analytics & Data,65
A01377,AI & ML,45
A01377,Security,41
A01377,Applications,35
A01377,Integration,95
A01378,Infrastructure,49
A01378,Database,72
A01378,Analytics & Data,28
A01378,AI & ML,31
A01378,Security,54
A01378,Applications,90
A01378,Integration,69
A01379,Infrastructure,31
A01379,Database,41
A01379,Analytics & Data,37
A01379,AI & ML,70
A01379,Security,38
A01379,Applications,57
A01379,Integration,44
A01380,Infrastructure,51
A01380,Database,24
A01380,Analytics & Data,27
A01380,AI & ML,86
A01380,Security,49
A01380,Applications,43
A01380,Integration,65
A01381,Infrastructure,48
A01381,Database,42
A01381,Analytics & Data,36
A01381,AI & ML,83
A01381,Security,52
A01381,Applications,68
A01381,Integration,48
A01382,Infrastructure,61
A01382,Database,55
A01382,Analytics & Data,36
A01382,AI & ML,80
A01382,Security,47
A01382,Applications,33
A01382,Integration,25
A01383,Infrastructure,45
A01383,Database,34
A01383,Analytics & Data,24
A01383,AI & ML,48
A01383,Security,30
A01383,Applications,54
A01383,Integration,47
A01384,Infrastructure,50
A01384,Database,91
A01384,Analytics & Data,30
A01384,AI & ML,27
A01384,Security,75
A01384,Applications,63
A01384,Integration,34
A01385,Infrastructure,81
A01385,Database,29
A01385,Analytics & Data,77
A01385,AI & ML,49
A01385,Security,75
A01385,Applications,32
A01385,Integration,45
A01386,Infrastructure,44
A01386,Database,31
A01386,Analytics & Data,56
A01386,AI & ML,36
A01386,Security,33
A01386,Applications,30
A01386,Integration,48
A01387,Infrastructure,36
A01387,Database,31
A01387,Analytics & Data,52
A01387,AI & ML,41
A01387,Security,31
A01387,Applications,58
A01387,Integration,30
A01388,Infrastructure,31
A01388,Database,83
A01388,Analytics & Data,46
A01388,AI & ML,44
A01388,Security,40
A01388,Applications,44
A01388,Integration,55
A01389,Infrastructure,26
A01389,Database,57
A01389,Analytics & Data,51
A01389,AI & ML,32
A01389,Security,54
A01389,Applications,35
A01389,Integration,42
A01390,Infrastructure,64
A01390,Database,83
A01390,Analytics & Data,48
A01390,AI & ML,29
A01390,Security,48
A01390,Applications,72
A01390,Integration,30
A01391,Infrastructure,41
A01391,Database,49
A01391,Analytics & Data,44
A01391,AI & ML,41
A01391,Security,22
A01391,Applications,55
A01391,Integration,39
A01392,Infrastructure,84
A01392,Database,59
A01392,Analytics & Data,47
A01392,AI & ML,42
A01392,Security,39
A01392,Applications,56
A01392,Integration,29
A01393,Infrastructure,25
A01393,Database,41
A01393,Analytics & Data,80
A01393,AI & ML,73
A01393,Security,39
A01393,Applications,46
A01393,Integration,39
A01394,Infrastructure,22
A01394,Database,84
A01394,Analytics & Data,24
A01394,AI & ML,30
A01394,Security,48
A01394,Applications,41
A01394,Integration,51
A01395,Infrastructure,41
A01395,Database,49
A01395,Analytics & Data,39
A01395,AI & ML,30
A01395,Security,31
A01395,Applications,83
A01395,Integration,36
A01396,Infrastructure,27
A01396,Database,79
A01396,Analytics & Data,69
A01396,AI & ML,62
A01396,Security,45
A01396,Applications,30
A01396,Integration,29
A01397,Infrastructure,96
A01397,Database,43
A01397,Analytics & Data,50
A01397,AI & ML,43
A01397,Security,38
A01397,Applications,24
A01397,Integration,40
A01398,Infrastructure,22
A01398,Database,69
A01398,Analytics & Data,39
A01398,AI & ML,33
A01398,Security,33
A01398,Applications,62
A01398,Integration,40
A01399,Infrastructure,29
A01399,Database,90
A01399,Analytics & Data,32
A01399,AI & ML,29
A01399,Security,41
A01399,Applications,47
A01399,Integration,59
A01400,Infrastructure,41
A01400,Database,37
A01400,Analytics & Data,68
A01400,AI & ML,53
A01400,Security,41
A01400,Applications,47
A01400,Integration,66
A01401,Infrastructure,48
A01401,Database,46
A01401,Analytics & Data,25
A01401,AI & ML,25
A01401,Security,73
A01401,Applications,47
A01401,Integration,53
A01402,Infrastructure,47
A01402,Database,63
A01402,Analytics & Data,38
A01402,AI & ML,48
A01402,Security,17
A01402,Applications,61
A01402,Integration,55
A01403,Infrastructure,46
A01403,Database,52
A01403,Analytics & Data,24
A01403,AI & ML,72
A01403,Security,84
A01403,Applications,62
A01403,Integration,70
A01404,Infrastructure,33
A01404,Database,50
A01404,Analytics & Data,36
A01404,AI & ML,24
A01404,Security,49
A01404,Applications,33
A01404,Integration,70
A01405,Infrastructure,63
A01405,Database,59
A01405,Analytics & Data,35
A01405,AI & ML,60
A01405,Security,49
A01405,Applications,55
A01405,Integration,20
A01406,Infrastructure,43
A01406,Database,26
A01406,Analytics & Data,31
A01406,AI & ML,76
A01406,Security,40
A01406,Applications,32
A01406,Integration,36
A01407,Infrastructure,37
A01407,Database,25
A01407,Analytics & Data,46
A01407,AI & ML,36
A01407,Security,32
A01407,Applications,72
A01407,Integration,35
A01408,Infrastructure,67
A01408,Database,75
A01408,Analytics & Data,35
A01408,AI & ML,43
A01408,Security,69
A01408,Applications,32
A01408,Integration,47
A01409,Infrastructure,67
A01409,Database,58
A01409,Analytics & Data,41
A01409,AI & ML,35
A01409,Security,69
A01409,Applications,48
A01409,Integration,51
A01410,Infrastructure,59
A01410,Database,26
A01410,Analytics & Data,61
A01410,AI & ML,75
A01410,Security,36
A01410,Applications,46
A01410,Integration,45
A01411,Infrastructure,23
A01411,Database,30
A01411,Analytics & Data,63
A01411,AI & ML,91
A01411,Security,38
A01411,Applications,46
A01411,Integration,83
A01412,Infrastructure,31
A01412,Database,100
A01412,Analytics & Data,44
A01412,AI & ML,47
A01412,Security,48
A01412,Applications,52
A01412,Integration,32
A01413,Infrastructure,45
A01413,Database,50
A01413,Analytics & Data,19
A01413,AI & ML,43
A01413,Security,46
A01413,Applications,48
A01413,Integration,41
A01414,Infrastructure,36
A01414,Database,46
A01414,Analytics & Data,31
A01414,AI & ML,33
A01414,Security,46
A01414,Applications,58
A01414,Integration,38
A01415,Infrastructure,69
A01415,Database,28
A01415,Analytics & Data,34
A01415,AI & ML,41
A01415,Security,31
A01415,Applications,60
A01415,Integration,35
A01416,Infrastructure,84
A01416,Database,31
A01416,Analytics & Data,34
A01416,AI & ML,48
A01416,Security,34
A01416,Applications,45
A01416,Integration,46
A01417,Infrastructure,48
A01417,Database,45
A01417,Analytics & Data,44
A01417,AI & ML,47
A01417,Security,62
A01417,Applications,31
A01417,Integration,31
A01418,Infrastructure,57
A01418,Database,88
A01418,Analytics & Data,95
A01418,AI & ML,34
A01418,Security,68
A01418,Applications,84
A01418,Integration,45
A01419,Infrastructure,42
A01419,Database,32
A01419,Analytics & Data,23
A01419,AI & ML,74
A01419,Security,33
A01419,Applications,78
A01419,Integration,32
A01420,Infrastructure,60
A01420,Database,33
A01420,Analytics & Data,35
A01420,AI & ML,24
A01420,Security,49
A01420,Applications,100
A01420,Integration,48
A01421,Infrastructure,31
A01421,Database,74
A01421,Analytics & Data,46
A01421,AI & ML,44
A01421,Security,40
A01421,Applications,75
A01421,Integration,25
A01422,Infrastructure,37
A01422,Database,78
A01422,Analytics & Data,41
A01422,AI & ML,78
A01422,Security,46
A01422,Applications,39
A01422,Integration,43
A01423,Infrastructure,80
A01423,Database,34
A01423,Analytics & Data,29
A01423,AI & ML,50
A01423,Security,32
A01423,Applications,36
A01423,Integration,43
A01424,Infrastructure,100
A01424,Database,50
A01424,Analytics & Data,61
A01424,AI & ML,69
A01424,Security,35
A01424,Applications,26
A01424,Integration,55
A01425,Infrastructure,43
A01425,Database,38
A01425,Analytics & Data,95
A01425,AI & ML,55
A01425,Security,20
A01425,Applications,47
A01425,Integration,69
A01426,Infrastructure,16
A01426,Database,25
A01426,Analytics & Data,40
A01426,AI & ML,28
A01426,Security,66
A01426,Applications,61
A01426,Integration,36
A01427,Infrastructure,46
A01427,Database,71
A01427,Analytics & Data,25
A01427,AI & ML,100
A01427,Security,79
A01427,Applications,52
A01427,Integration,71
A01428,Infrastructure,34
A01428,Database,53
A01428,Analytics & Data,100
A01428,AI & ML,56
A01428,Security,41
A01428,Applications,61
A01428,Integration,39
A01429,Infrastructure,45
A01429,Database,62
A01429,Analytics & Data,44
A01429,AI & ML,21
A01429,Security,35
A01429,Applications,69
A01429,Integration,57
A01430,Infrastructure,30
A01430,Database,49
A01430,Analytics & Data,38
A01430,AI & ML,17
A01430,Security,100
A01430,Applications,53
A01430,Integration,71
A01431,Infrastructure,54
A01431,Database,24
A01431,Analytics & Data,74
A01431,AI & ML,37
A01431,Security,22
A01431,Applications,53
A01431,Integration,20
A01432,Infrastructure,48
A01432,Database,54
A01432,Analytics & Data,95
A01432,AI & ML,60
A01432,Security,54
A01432,Applications,38
A01432,Integration,42
A01433,Infrastructure,30
A01433,Database,34
A01433,Analytics & Data,56
A01433,AI & ML,39
A01433,Security,49
A01433,Applications,65
A01433,Integration,43
A01434,Infrastructure,53
A01434,Database,43
A01434,Analytics & Data,24
A01434,AI & ML,29
A01434,Security,38
A01434,Applications,31
A01434,Integration,67
A01435,Infrastructure,35
A01435,Database,40
A01435,Analytics & Data,53
A01435,AI & ML,35
A01435,Security,80
A01435,Applications,81
A01435,Integration,33
A01436,Infrastructure,60
A01436,Database,33
A01436,Analytics & Data,44
A01436,AI & ML,65
A01436,Security,75
A01436,Applications,45
A01436,Integration,46
A01437,Infrastructure,63
A01437,Database,31
A01437,Analytics & Data,39
A01437,AI & ML,52
A01437,Security,55
A01437,Applications,44
A01437,Integration,72
A01438,Infrastructure,41
A01438,Database,32
A01438,Analytics & Data,46
A01438,AI & ML,52
A01438,Security,86
A01438,Applications,48
A01438,Integration,72
A01439,Infrastructure,28
A01439,Database,47
A01439,Analytics & Data,42
A01439,AI & ML,37
A01439,Security,22
A01439,Applications,45
A01439,Integration,45
A01440,Infrastructure,48
A01440,Database,33
A01440,Analytics & Data,23
A01440,AI & ML,37
A01440,Security,53
A01440,Applications,59
A01440,Integration,41
A01441,Infrastructure,39
A01441,Database,40
A01441,Analytics & Data,100
A01441,AI & ML,49
A01441,Security,57
A01441,Applications,37
A01441,Integration,36
A01442,Infrastructure,48
A01442,Database,36
A01442,Analytics & Data,37
A01442,AI & ML,69
A01442,Security,35
A01442,Applications,33
A01442,Integration,72
A01443,Infrastructure,69
A01443,Database,23
A01443,Analytics & Data,51
A01443,AI & ML,52
A01443,Security,35
A01443,Applications,46
A01443,Integration,67
A01444,Infrastructure,38
A01444,Database,40
A01444,Analytics & Data,31
A01444,AI & ML,55
A01444,Security,45
A01444,Applications,35
A01444,Integration,62
A01445,Infrastructure,73
A01445,Database,52
A01445,Analytics & Data,31
A01445,AI & ML,48
A01445,Security,40
A01445,Applications,44
A01445,Integration,61
A01446,Infrastructure,55
A01446,Database,69
A01446,Analytics & Data,53
A01446,AI & ML,43
A01446,Security,60
A01446,Applications,37
A01446,Integration,33
A01447,Infrastructure,52
A01447,Database,58
A01447,Analytics & Data,62
A01447,AI & ML,33
A01447,Security,43
A01447,Applications,52
A01447,Integration,81
A01448,Infrastructure,35
A01448,Database,29
A01448,Analytics & Data,75
A01448,AI & ML,61
A01448,Security,47
A01448,Applications,51
A01448,Integration,63
A01449,Infrastructure,60
A01449,Database,32
A01449,Analytics & Data,85
A01449,AI & ML,42
A01449,Security,73
A01449,Applications,85
A01449,Integration,42
A01450,Infrastructure,68
A01450,Database,46
A01450,Analytics & Data,41
A01450,AI & ML,44
A01450,Security,36
A01450,Applications,31
A01450,Integration,26
A01451,Infrastructure,39
A01451,Database,58
A01451,Analytics & Data,85
A01451,AI & ML,27
A01451,Security,68
A01451,Applications,35
A01451,Integration,36
A01452,Infrastructure,17
A01452,Database,44
A01452,Analytics & Data,66
A01452,AI & ML,40
A01452,Security,63
A01452,Applications,84
A01452,Integration,61
A01453,Infrastructure,54
A01453,Database,64
A01453,Analytics & Data,63
A01453,AI & ML,100
A01453,Security,39
A01453,Applications,39
A01453,Integration,33
A01454,Infrastructure,89
A01454,Database,44
A01454,Analytics & Data,52
A01454,AI & ML,42
A01454,Security,65
A01454,Applications,90
A01454,Integration,68
A01455,Infrastructure,37
A01455,Database,60
A01455,Analytics & Data,38
A01455,AI & ML,27
A01455,Security,62
A01455,Applications,55
A01455,Integration,27
A01456,Infrastructure,42
A01456,Database,43
A01456,Analytics & Data,69
A01456,AI & ML,71
A01456,Security,48
A01456,Applications,31
A01456,Integration,88
A01457,Infrastructure,19
A01457,Database,43
A01457,Analytics & Data,51
A01457,AI & ML,21
A01457,Security,81
A01457,Applications,34
A01457,Integration,25
A01458,Infrastructure,25
A01458,Database,39
A01458,Analytics & Data,38
A01458,AI & ML,46
A01458,Security,44
A01458,Applications,50
A01458,Integration,39
A01459,Infrastructure,35
A01459,Database,45
A01459,Analytics & Data,47
A01459,AI & ML,34
A01459,Security,18
A01459,Applications,23
A01459,Integration,23
A01460,Infrastructure,36
A01460,Database,87
A01460,Analytics & Data,73
A01460,AI & ML,36
A01460,Security,41
A01460,Applications,59
A01460,Integration,41
A01461,Infrastructure,77
A01461,Database,46
A01461,Analytics & Data,68
A01461,AI & ML,79
A01461,Security,20
A01461,Applications,78
A01461,Integration,14
A01462,Infrastructure,70
A01462,Database,97
A01462,Analytics & Data,52
A01462,AI & ML,36
A01462,Security,49
A01462,Applications,32
A01462,Integration,46
A01463,Infrastructure,58
A01463,Database,62
A01463,Analytics & Data,87
A01463,AI & ML,24
A01463,Security,53
A01463,Applications,35
A01463,Integration,44
A01464,Infrastructure,25
A01464,Database,20
A01464,Analytics & Data,39
A01464,AI & ML,83
A01464,Security,44
A01464,Applications,54
A01464,Integration,45
A01465,Infrastructure,16
A01465,Database,49
A01465,Analytics & Data,28
A01465,AI & ML,51
A01465,Security,74
A01465,Applications,47
A01465,Integration,46
A01466,Infrastructure,49
A01466,Database,43
A01466,Analytics & Data,85
A01466,AI & ML,45
A01466,Security,60
A01466,Applications,80
A01466,Integration,45
A01467,Infrastructure,50
A01467,Database,36
A01467,Analytics & Data,57
A01467,AI & ML,37
A01467,Security,55
A01467,Applications,85
A01467,Integration,26
A01468,Infrastructure,23
A01468,Database,82
A01468,Analytics & Data,49
A01468,AI & ML,53
A01468,Security,38
A01468,Applications,41
A01468,Integration,50
A01469,Infrastructure,84
A01469,Database,32
A01469,Analytics & Data,45
A01469,AI & ML,65
A01469,Security,38
A01469,Applications,36
A01469,Integration,38
A01470,Infrastructure,48
A01470,Database,44
A01470,Analytics & Data,37
A01470,AI & ML,48
A01470,Security,49
A01470,Applications,38
A01470,Integration,51
A01471,Infrastructure,41
A01471,Database,28
A01471,Analytics & Data,47
A01471,AI & ML,85
A01471,Security,27
A01471,Applications,93
A01471,Integration,78
A01472,Infrastructure,39
A01472,Database,26
A01472,Analytics & Data,33
A01472,AI & ML,26
A01472,Security,48
A01472,Applications,38
A01472,Integration,80
A01473,Infrastructure,37
A01473,Database,46
A01473,Analytics & Data,35
A01473,AI & ML,38
A01473,Security,48
A01473,Applications,73
A01473,Integration,26
A01474,Infrastructure,83
A01474,Database,32
A01474,Analytics & Data,29
A01474,AI & ML,35
A01474,Security,40
A01474,Applications,66
A01474,Integration,44
A01475,Infrastructure,100
A01475,Database,87
A01475,Analytics & Data,46
A01475,AI & ML,98
A01475,Security,42
A01475,Applications,36
A01475,Integration,23
A01476,Infrastructure,99
A01476,Database,36
A01476,Analytics & Data,40
A01476,AI & ML,77
A01476,Security,69
A01476,Applications,38
A01476,Integration,36
A01477,Infrastructure,34
A01477,Database,44
A01477,Analytics & Data,35
A01477,AI & ML,38
A01477,Security,52
A01477,Applications,29
A01477,Integration,40
A01478,Infrastructure,32
A01478,Database,28
A01478,Analytics & Data,37
A01478,AI & ML,53
A01478,Security,23
A01478,Applications,48
A01478,Integration,95
A01479,Infrastructure,46
A01479,Database,44
A01479,Analytics & Data,60
A01479,AI & ML,18
A01479,Security,66
A01479,Applications,42
A01479,Integration,25
A01480,Infrastructure,52
A01480,Database,45
A01480,Analytics & Data,30
A01480,AI & ML,62
A01480,Security,44
A01480,Applications,32
A01480,Integration,21
A01481,Infrastructure,53
A01481,Database,25
A01481,Analytics & Data,30
A01481,AI & ML,44
A01481,Security,75
A01481,Applications,54
A01481,Integration,45
A01482,Infrastructure,23
A01482,Database,66
A01482,Analytics & Data,24
A01482,AI & ML,56
A01482,Security,35
A01482,Applications,62
A01482,Integration,45
A01483,Infrastructure,73
A01483,Database,47
A01483,Analytics & Data,45
A01483,AI & ML,96
A01483,Security,38
A01483,Applications,77
A01483,Integration,49
A01484,Infrastructure,61
A01484,Database,76
A01484,Analytics & Data,24
A01484,AI & ML,50
A01484,Security,42
A01484,Applications,28
A01484,Integration,84
A01485,Infrastructure,70
A01485,Database,92
A01485,Analytics & Data,65
A01485,AI & ML,50
A01485,Security,47
A01485,Applications,31
A01485,Integration,41
A01486,Infrastructure,81
A01486,Database,56
A01486,Analytics & Data,41
A01486,AI & ML,68
A01486,Security,34
A01486,Applications,48
A01486,Integration,29
A01487,Infrastructure,41
A01487,Database,38
A01487,Analytics & Data,44
A01487,AI & ML,33
A01487,Security,100
A01487,Applications,50
A01487,Integration,37
A01488,Infrastructure,76
A01488,Database,42
A01488,Analytics & Data,66
A01488,AI & ML,37
A01488,Security,34
A01488,Applications,51
A01488,Integration,55
A01489,Infrastructure,39
A01489,Database,33
A01489,Analytics & Data,47
A01489,AI & ML,28
A01489,Security,43
A01489,Applications,41
A01489,Integration,35
A01490,Infrastructure,80
A01490,Database,86
A01490,Analytics & Data,52
A01490,AI & ML,29
A01490,Security,24
A01490,Applications,40
A01490,Integration,59
A01491,Infrastructure,23
A01491,Database,46
A01491,Analytics & Data,65
A01491,AI & ML,38
A01491,Security,41
A01491,Applications,30
A01491,Integration,89
A01492,Infrastructure,40
A01492,Database,13
A01492,Analytics & Data,62
A01492,AI & ML,53
A01492,Security,36
A01492,Applications,24
A01492,Integration,96
A01493,Infrastructure,64
A01493,Database,21
A01493,Analytics & Data,53
A01493,AI & ML,34
A01493,Security,29
A01493,Applications,48
A01493,Integration,44
A01494,Infrastructure,42
A01494,Database,33
A01494,Analytics & Data,98
A01494,AI & ML,30
A01494,Security,47
A01494,Applications,38
A01494,Integration,47
A01495,Infrastructure,69
A01495,Database,40
A01495,Analytics & Data,60
A01495,AI & ML,80
A01495,Security,44
A01495,Applications,58
A01495,Integration,63
A01496,Infrastructure,24
A01496,Database,61
A01496,Analytics & Data,41
A01496,AI & ML,19
A01496,Security,21
A01496,Applications,80
A01496,Integration,47
A01497,Infrastructure,48
A01497,Database,34
A01497,Analytics & Data,18
A01497,AI & ML,37
A01497,Security,85
A01497,Applications,52
A01497,Integration,54
A01498,Infrastructure,57
A01498,Database,98
A01498,Analytics & Data,39
A01498,AI & ML,46
A01498,Security,24
A01498,Applications,33
A01498,Integration,51
A01499,Infrastructure,42
A01499,Database,26
A01499,Analytics & Data,50
A01499,AI & ML,79
A01499,Security,58
A01499,Applications,41
A01499,Integration,70
A01500,Infrastructure,37
A01500,Database,63
A01500,Analytics & Data,28
A01500,AI & ML,54
A01500,Security,32
A01500,Applications,70
A01500,Integration,46
A01501,Infrastructure,17
A01501,Database,42
A01501,Analytics & Data,43
A01501,AI & ML,34
A01501,Security,38
A01501,Applications,46
A01501,Integration,25
A01502,Infrastructure,44
A01502,Database,27
A01502,Analytics & Data,41
A01502,AI & ML,38
A01502,Security,33
A01502,Applications,28
A01502,Integration,10
A01503,Infrastructure,45
A01503,Database,45
A01503,Analytics & Data,40
A01503,AI & ML,40
A01503,Security,34
A01503,Applications,25
A01503,Integration,30
A01504,Infrastructure,52
A01504,Database,35
A01504,Analytics & Data,47
A01504,AI & ML,89
A01504,Security,42
A01504,Applications,50
A01504,Integration,45
A01505,Infrastructure,34
A01505,Database,68
A01505,Analytics & Data,65
A01505,AI & ML,46
A01505,Security,40
A01505,Applications,40
A01505,Integration,69
A01506,Infrastructure,33
A01506,Database,34
A01506,Analytics & Data,75
A01506,AI & ML,46
A01506,Security,26
A01506,Applications,97
A01506,Integration,67
A01507,Infrastructure,60
A01507,Database,48
A01507,Analytics & Data,45
A01507,AI & ML,76
A01507,Security,37
A01507,Applications,50
A01507,Integration,16
A01508,Infrastructure,45
A01508,Database,61
A01508,Analytics & Data,23
A01508,AI & ML,31
A01508,Security,40
A01508,Applications,50
A01508,Integration,48
A01509,Infrastructure,37
A01509,Database,48
A01509,Analytics & Data,38
A01509,AI & ML,72
A01509,Security,43
A01509,Applications,53
A01509,Integration,49
A01510,Infrastructure,55
A01510,Database,36
A01510,Analytics & Data,54
A01510,AI & ML,47
A01510,Security,65
A01510,Applications,86
A01510,Integration,19
A01511,Infrastructure,45
A01511,Database,96
A01511,Analytics & Data,17
A01511,AI & ML,63
A01511,Security,46
A01511,Applications,49
A01511,Integration,49
A01512,Infrastructure,26
A01512,Database,40
A01512,Analytics & Data,33
A01512,AI & ML,96
A01512,Security,20
A01512,Applications,84
A01512,Integration,60
A01513,Infrastructure,23
A01513,Database,40
A01513,Analytics & Data,26
A01513,AI & ML,46
A01513,Security,65
A01513,Applications,25
A01513,Integration,48
A01514,Infrastructure,64
A01514,Database,41
A01514,Analytics & Data,53
A01514,AI & ML,38
A01514,Security,77
A01514,Applications,28
A01514,Integration,43
A01515,Infrastructure,56
A01515,Database,36
A01515,Analytics & Data,42
A01515,AI & ML,88
A01515,Security,53
A01515,Applications,31
A01515,Integration,32
A01516,Infrastructure,36
A01516,Database,55
A01516,Analytics & Data,34
A01516,AI & ML,39
A01516,Security,40
A01516,Applications,42
A01516,Integration,25
A01517,Infrastructure,33
A01517,Database,48
A01517,Analytics & Data,57
A01517,AI & ML,60
A01517,Security,41
A01517,Applications,64
A01517,Integration,57
A01518,Infrastructure,68
A01518,Database,61
A01518,Analytics & Data,38
A01518,AI & ML,56
A01518,Security,50
A01518,Applications,32
A01518,Integration,33
A01519,Infrastructure,35
A01519,Database,31
A01519,Analytics & Data,50
A01519,AI & ML,39
A01519,Security,28
A01519,Applications,74
A01519,Integration,40
A01520,Infrastructure,54
A01520,Database,63
A01520,Analytics & Data,27
A01520,AI & ML,100
A01520,Security,36
A01520,Applications,65
A01520,Integration,100
A01521,Infrastructure,63
A01521,Database,39
A01521,Analytics & Data,80
A01521,AI & ML,35
A01521,Security,28
A01521,Applications,28
A01521,Integration,18
A01522,Infrastructure,35
A01522,Database,53
A01522,Analytics & Data,40
A01522,AI & ML,44
A01522,Security,45
A01522,Applications,73
A01522,Integration,56
A01523,Infrastructure,54
A01523,Database,82
A01523,Analytics & Data,50
A01523,AI & ML,27
A01523,Security,38
A01523,Applications,45
A01523,Integration,51
A01524,Infrastructure,26
A01524,Database,34
A01524,Analytics & Data,34
A01524,AI & ML,39
A01524,Security,43
A01524,Applications,38
A01524,Integration,43
A01525,Infrastructure,15
A01525,Database,38
A01525,Analytics & Data,67
A01525,AI & ML,95
A01525,Security,43
A01525,Applications,52
A01525,Integration,88
A01526,Infrastructure,25
A01526,Database,65
A01526,Analytics & Data,32
A01526,AI & ML,43
A01526,Security,51
A01526,Applications,38
A01526,Integration,13
A01527,Infrastructure,65
A01527,Database,20
A01527,Analytics & Data,37
A01527,AI & ML,51
A01527,Security,46
A01527,Applications,41
A01527,Integration,45
A01528,Infrastructure,43
A01528,Database,51
A01528,Analytics & Data,32
A01528,AI & ML,33
A01528,Security,30
A01528,Applications,49
A01528,Integration,44
A01529,Infrastructure,25
A01529,Database,35
A01529,Analytics & Data,78
A01529,AI & ML,46
A01529,Security,42
A01529,Applications,31
A01529,Integration,32
A01530,Infrastructure,44
A01530,Database,47
A01530,Analytics & Data,33
A01530,AI & ML,73
A01530,Security,25
A01530,Applications,46
A01530,Integration,100
A01531,Infrastructure,28
A01531,Database,76
A01531,Analytics & Data,57
A01531,AI & ML,72
A01531,Security,41
A01531,Applications,29
A01531,Integration,68
A01532,Infrastructure,43
A01532,Database,41
A01532,Analytics & Data,39
A01532,AI & ML,18
A01532,Security,71
A01532,Applications,45
A01532,Integration,38
A01533,Infrastructure,48
A01533,Database,43
A01533,Analytics & Data,85
A01533,AI & ML,24
A01533,Security,50
A01533,Applications,67
A01533,Integration,24
A01534,Infrastructure,37
A01534,Database,39
A01534,Analytics & Data,34
A01534,AI & ML,88
A01534,Security,24
A01534,Applications,71
A01534,Integration,37
A01535,Infrastructure,30
A01535,Database,49
A01535,Analytics & Data,43
A01535,AI & ML,50
A01535,Security,34
A01535,Applications,38
A01535,Integration,45
A01536,Infrastructure,72
A01536,Database,38
A01536,Analytics & Data,41
A01536,AI & ML,77
A01536,Security,46
A01536,Applications,43
A01536,Integration,26
A01537,Infrastructure,63
A01537,Database,43
A01537,Analytics & Data,94
A01537,AI & ML,53
A01537,Security,36
A01537,Applications,30
A01537,Integration,47
A01538,Infrastructure,74
A01538,Database,69
A01538,Analytics & Data,44
A01538,AI & ML,25
A01538,Security,48
A01538,Applications,75
A01538,Integration,36
A01539,Infrastructure,40
A01539,Database,54
A01539,Analytics & Data,32
A01539,AI & ML,36
A01539,Security,51
A01539,Applications,47
A01539,Integration,26
A01540,Infrastructure,36
A01540,Database,54
A01540,Analytics & Data,24
A01540,AI & ML,26
A01540,Security,82
A01540,Applications,47
A01540,Integration,51
A01541,Infrastructure,64
A01541,Database,82
A01541,Analytics & Data,40
A01541,AI & ML,42
A01541,Security,70
A01541,Applications,20
A01541,Integration,58
A01542,Infrastructure,29
A01542,Database,96
A01542,Analytics & Data,79
A01542,AI & ML,79
A01542,Security,25
A01542,Applications,76
A01542,Integration,56
A01543,Infrastructure,40
A01543,Database,54
A01543,Analytics & Data,53
A01543,AI & ML,71
A01543,Security,29
A01543,Applications,27
A01543,Integration,30
A01544,Infrastructure,60
A01544,Database,69
A01544,Analytics & Data,52
A01544,AI & ML,55
A01544,Security,59
A01544,Applications,66
A01544,Integration,27
A01545,Infrastructure,85
A01545,Database,39
A01545,Analytics & Data,34
A01545,AI & ML,60
A01545,Security,35
A01545,Applications,50
A01545,Integration,34
A01546,Infrastructure,59
A01546,Database,35
A01546,Analytics & Data,37
A01546,AI & ML,61
A01546,Security,64
A01546,Applications,52
A01546,Integration,48
A01547,Infrastructure,30
A01547,Database,64
A01547,Analytics & Data,28
A01547,AI & ML,49
A01547,Security,34
A01547,Applications,94
A01547,Integration,89
A01548,Infrastructure,35
A01548,Database,95
A01548,Analytics & Data,48
A01548,AI & ML,27
A01548,Security,43
A01548,Applications,12
A01548,Integration,82
A01549,Infrastructure,25
A01549,Database,47
A01549,Analytics & Data,54
A01549,AI & ML,56
A01549,Security,44
A01549,Applications,64
A01549,Integration,49
A01550,Infrastructure,84
A01550,Database,67
A01550,Analytics & Data,43
A01550,AI & ML,28
A01550,Security,59
A01550,Applications,40
A01550,Integration,33
A01551,Infrastructure,22
A01551,Database,48
A01551,Analytics & Data,39
A01551,AI & ML,33
A01551,Security,39
A01551,Applications,18
A01551,Integration,71
A01552,Infrastructure,28
A01552,Database,27
A01552,Analytics & Data,45
A01552,AI & ML,50
A01552,Security,36
A01552,Applications,12
A01552,Integration,36
A01553,Infrastructure,35
A01553,Database,24
A01553,Analytics & Data,72
A01553,AI & ML,53
A01553,Security,36
A01553,Applications,40
A01553,Integration,54
A01554,Infrastructure,23
A01554,Database,37
A01554,Analytics & Data,40
A01554,AI & ML,88
A01554,Security,45
A01554,Applications,70
A01554,Integration,29
A01555,Infrastructure,29
A01555,Database,29
A01555,Analytics & Data,50
A01555,AI & ML,100
A01555,Security,27
A01555,Applications,51
A01555,Integration,52
A01556,Infrastructure,49
A01556,Database,83
A01556,Analytics & Data,37
A01556,AI & ML,33
A01556,Security,98
A01556,Applications,53
A01556,Integration,44
A01557,Infrastructure,43
A01557,Database,84
A01557,Analytics & Data,44
A01557,AI & ML,59
A01557,Security,51
A01557,Applications,52
A01557,Integration,62
A01558,Infrastructure,43
A01558,Database,37
A01558,Analytics & Data,68
A01558,AI & ML,39
A01558,Security,51
A01558,Applications,32
A01558,Integration,45
A01559,Infrastructure,31
A01559,Database,38
A01559,Analytics & Data,100
A01559,AI & ML,53
A01559,Security,52
A01559,Applications,52
A01559,Integration,63
A01560,Infrastructure,87
A01560,Database,57
A01560,Analytics & Data,21
A01560,AI & ML,74
A01560,Security,29
A01560,Applications,45
A01560,Integration,30
A01561,Infrastructure,53
A01561,Database,63
A01561,Analytics & Data,65
A01561,AI & ML,56
A01561,Security,49
A01561,Applications,64
A01561,Integration,37
A01562,Infrastructure,40
A01562,Database,67
A01562,Analytics & Data,33
A01562,AI & ML,42
A01562,Security,23
A01562,Applications,51
A01562,Integration,27
A01563,Infrastructure,54
A01563,Database,100
A01563,Analytics & Data,50
A01563,AI & ML,26
A01563,Security,26
A01563,Applications,60
A01563,Integration,36
A01564,Infrastructure,49
A01564,Database,51
A01564,Analytics & Data,44
A01564,AI & ML,39
A01564,Security,39
A01564,Applications,11
A01564,Integration,12
A01565,Infrastructure,28
A01565,Database,40
A01565,Analytics & Data,31
A01565,AI & ML,23
A01565,Security,33
A01565,Applications,32
A01565,Integration,59
A01566,Infrastructure,48
A01566,Database,100
A01566,Analytics & Data,60
A01566,AI & ML,97
A01566,Security,37
A01566,Applications,43
A01566,Integration,79
A01567,Infrastructure,43
A01567,Database,94
A01567,Analytics & Data,33
A01567,AI & ML,45
A01567,Security,96
A01567,Applications,88
A01567,Integration,42
A01568,Infrastructure,32
A01568,Database,75
A01568,Analytics & Data,45
A01568,AI & ML,29
A01568,Security,46
A01568,Applications,43
A01568,Integration,39
A01569,Infrastructure,94
A01569,Database,45
A01569,Analytics & Data,53
A01569,AI & ML,55
A01569,Security,49
A01569,Applications,49
A01569,Integration,38
A01570,Infrastructure,46
A01570,Database,45
A01570,Analytics & Data,28
A01570,AI & ML,46
A01570,Security,39
A01570,Applications,54
A01570,Integration,45
A01571,Infrastructure,55
A01571,Database,51
A01571,Analytics & Data,54
A01571,AI & ML,53
A01571,Security,34
A01571,Applications,25
A01571,Integration,46
A01572,Infrastructure,39
A01572,Database,84
A01572,Analytics & Data,89
A01572,AI & ML,91
A01572,Security,38
A01572,Applications,52
A01572,Integration,68
A01573,Infrastructure,56
A01573,Database,75
A01573,Analytics & Data,38
A01573,AI & ML,53
A01573,Security,36
A01573,Applications,87
A01573,Integration,70
A01574,Infrastructure,23
A01574,Database,42
A01574,Analytics & Data,49
A01574,AI & ML,43
A01574,Security,46
A01574,Applications,84
A01574,Integration,84
A01575,Infrastructure,30
A01575,Database,99
A01575,Analytics & Data,42
A01575,AI & ML,46
A01575,Security,41
A01575,Applications,54
A01575,Integration,35
A01576,Infrastructure,49
A01576,Database,48
A01576,Analytics & Data,38
A01576,AI & ML,100
A01576,Security,41
A01576,Applications,87
A01576,Integration,66
A01577,Infrastructure,76
A01577,Database,36
A01577,Analytics & Data,45
A01577,AI & ML,19
A01577,Security,84
A01577,Applications,36
A01577,Integration,69
A01578,Infrastructure,36
A01578,Database,74
A01578,Analytics & Data,46
A01578,AI & ML,34
A01578,Security,44
A01578,Applications,73
A01578,Integration,49
A01579,Infrastructure,50
A01579,Database,82
A01579,Analytics & Data,76
A01579,AI & ML,48
A01579,Security,81
A01579,Applications,24
A01579,Integration,50
A01580,Infrastructure,100
A01580,Database,33
A01580,Analytics & Data,96
A01580,AI & ML,92
A01580,Security,52
A01580,Applications,56
A01580,Integration,46
A01581,Infrastructure,35
A01581,Database,72
A01581,Analytics & Data,47
A01581,AI & ML,52
A01581,Security,38
A01581,Applications,100
A01581,Integration,42
A01582,Infrastructure,60
A01582,Database,26
A01582,Analytics & Data,36
A01582,AI & ML,42
A01582,Security,32
A01582,Applications,22
A01582,Integration,40
A01583,Infrastructure,14
A01583,Database,33
A01583,Analytics & Data,61
A01583,AI & ML,97
A01583,Security,38
A01583,Applications,100
A01583,Integration,32
A01584,Infrastructure,66
A01584,Database,48
A01584,Analytics & Data,66
A01584,AI & ML,53
A01584,Security,54
A01584,Applications,21
A01584,Integration,29
A01585,Infrastructure,52
A01585,Database,18
A01585,Analytics & Data,22
A01585,AI & ML,36
A01585,Security,30
A01585,Applications,57
A01585,Integration,60
A01586,Infrastructure,44
A01586,Database,37
A01586,Analytics & Data,38
A01586,AI & ML,55
A01586,Security,38
A01586,Applications,49
A01586,Integration,52
A01587,Infrastructure,37
A01587,Database,35
A01587,Analytics & Data,47
A01587,AI & ML,38
A01587,Security,81
A01587,Applications,49
A01587,Integration,58
A01588,Infrastructure,44
A01588,Database,46
A01588,Analytics & Data,39
A01588,AI & ML,33
A01588,Security,26
A01588,Applications,43
A01588,Integration,100
A01589,Infrastructure,23
A01589,Database,48
A01589,Analytics & Data,30
A01589,AI & ML,57
A01589,Security,34
A01589,Applications,41
A01589,Integration,30
A01590,Infrastructure,46
A01590,Database,67
A01590,Analytics & Data,39
A01590,AI & ML,32
A01590,Security,79
A01590,Applications,64
A01590,Integration,68
A01591,Infrastructure,40
A01591,Database,61
A01591,Analytics & Data,24
A01591,AI & ML,39
A01591,Security,41
A01591,Applications,44
A01591,Integration,43
A01592,Infrastructure,43
A01592,Database,89
A01592,Analytics & Data,46
A01592,AI & ML,55
A01592,Security,34
A01592,Applications,59
A01592,Integration,33
A01593,Infrastructure,78
A01593,Database,47
A01593,Analytics & Data,97
A01593,AI & ML,21
A01593,Security,36
A01593,Applications,55
A01593,Integration,66
A01594,Infrastructure,44
A01594,Database,36
A01594,Analytics & Data,51
A01594,AI & ML,45
A01594,Security,57
A01594,Applications,16
A01594,Integration,69
A01595,Infrastructure,29
A01595,Database,43
A01595,Analytics & Data,43
A01595,AI & ML,42
A01595,Security,68
A01595,Applications,55
A01595,Integration,99
A01596,Infrastructure,49
A01596,Database,31
A01596,Analytics & Data,37
A01596,AI & ML,94
A01596,Security,39
A01596,Applications,51
A01596,Integration,88
A01597,Infrastructure,40
A01597,Database,38
A01597,Analytics & Data,64
A01597,AI & ML,17
A01597,Security,38
A01597,Applications,38
A01597,Integration,54
A01598,Infrastructure,31
A01598,Database,94
A01598,Analytics & Data,42
A01598,AI & ML,49
A01598,Security,40
A01598,Applications,37
A01598,Integration,12
A01599,Infrastructure,58
A01599,Database,33
A01599,Analytics & Data,61
A01599,AI & ML,50
A01599,Security,24
A01599,Applications,24
A01599,Integration,26
A01600,Infrastructure,48
A01600,Database,42
A01600,Analytics & Data,64
A01600,AI & ML,73
A01600,Security,31
A01600,Applications,95
A01600,Integration,35
A01601,Infrastructure,44
A01601,Database,58
A01601,Analytics & Data,22
A01601,AI & ML,37
A01601,Security,41
A01601,Applications,42
A01601,Integration,44
A01602,Infrastructure,70
A01602,Database,21
A01602,Analytics & Data,41
A01602,AI & ML,79
A01602,Security,100
A01602,Applications,72
A01602,Integration,85
A01603,Infrastructure,44
A01603,Database,66
A01603,Analytics & Data,30
A01603,AI & ML,70
A01603,Security,33
A01603,Applications,24
A01603,Integration,40
A01604,Infrastructure,55
A01604,Database,78
A01604,Analytics & Data,46
A01604,AI & ML,32
A01604,Security,30
A01604,Applications,58
A01604,Integration,62
A01605,Infrastructure,34
A01605,Database,44
A01605,Analytics & Data,47
A01605,AI & ML,45
A01605,Security,63
A01605,Applications,24
A01605,Integration,40
A01606,Infrastructure,67
A01606,Database,44
A01606,Analytics & Data,64
A01606,AI & ML,55
A01606,Security,42
A01606,Applications,42
A01606,Integration,70
A01607,Infrastructure,55
A01607,Database,63
A01607,Analytics & Data,68
A01607,AI & ML,52
A01607,Security,41
A01607,Applications,55
A01607,Integration,55
A01608,Infrastructure,36
A01608,Database,36
A01608,Analytics & Data,69
A01608,AI & ML,67
A01608,Security,28
A01608,Applications,68
A01608,Integration,54
A01609,Infrastructure,49
A01609,Database,34
A01609,Analytics & Data,34
A01609,AI & ML,47
A01609,Security,43
A01609,Applications,47
A01609,Integration,45
A01610,Infrastructure,72
A01610,Database,56
A01610,Analytics & Data,87
A01610,AI & ML,41
A01610,Security,42
A01610,Applications,69
A01610,Integration,66
A01611,Infrastructure,83
A01611,Database,46
A01611,Analytics & Data,30
A01611,AI & ML,52
A01611,Security,26
A01611,Applications,65
A01611,Integration,44
A01612,Infrastructure,38
A01612,Database,55
A01612,Analytics & Data,63
A01612,AI & ML,46
A01612,Security,41
A01612,Applications,45
A01612,Integration,50
A01613,Infrastructure,53
A01613,Database,43
A01613,Analytics & Data,36
A01613,AI & ML,48
A01613,Security,19
A01613,Applications,33
A01613,Integration,43
A01614,Infrastructure,47
A01614,Database,91
A01614,Analytics & Data,45
A01614,AI & ML,38
A01614,Security,61
A01614,Applications,42
A01614,Integration,72
A01615,Infrastructure,51
A01615,Database,70
A01615,Analytics & Data,67
A01615,AI & ML,61
A01615,Security,51
A01615,Applications,98
A01615,Integration,48
A01616,Infrastructure,39
A01616,Database,68
A01616,Analytics & Data,41
A01616,AI & ML,89
A01616,Security,42
A01616,Applications,45
A01616,Integration,85
A01617,Infrastructure,94
A01617,Database,32
A01617,Analytics & Data,34
A01617,AI & ML,41
A01617,Security,46
A01617,Applications,82
A01617,Integration,64
A01618,Infrastructure,35
A01618,Database,77
A01618,Analytics & Data,44
A01618,AI & ML,66
A01618,Security,88
A01618,Applications,46
A01618,Integration,62
A01619,Infrastructure,64
A01619,Database,62
A01619,Analytics & Data,35
A01619,AI & ML,44
A01619,Security,55
A01619,Applications,45
A01619,Integration,39
A01620,Infrastructure,32
A01620,Database,47
A01620,Analytics & Data,49
A01620,AI & ML,41
A01620,Security,53
A01620,Applications,76
A01620,Integration,60
A01621,Infrastructure,26
A01621,Database,92
A01621,Analytics & Data,96
A01621,AI & ML,30
A01621,Security,43
A01621,Applications,66
A01621,Integration,31
A01622,Infrastructure,70
A01622,Database,34
A01622,Analytics & Data,64
A01622,AI & ML,22
A01622,Security,53
A01622,Applications,56
A01622,Integration,34
A01623,Infrastructure,36
A01623,Database,40
A01623,Analytics & Data,80
A01623,AI & ML,82
A01623,Security,36
A01623,Applications,42
A01623,Integration,36
A01624,Infrastructure,39
A01624,Database,43
A01624,Analytics & Data,37
A01624,AI & ML,90
A01624,Security,66
A01624,Applications,74
A01624,Integration,71
A01625,Infrastructure,82
A01625,Database,52
A01625,Analytics & Data,32
A01625,AI & ML,61
A01625,Security,17
A01625,Applications,28
A01625,Integration,58
A01626,Infrastructure,55
A01626,Database,45
A01626,Analytics & Data,42
A01626,AI & ML,47
A01626,Security,49
A01626,Applications,31
A01626,Integration,38
A01627,Infrastructure,70
A01627,Database,54
A01627,Analytics & Data,52
A01627,AI & ML,66
A01627,Security,71
A01627,Applications,33
A01627,Integration,41
A01628,Infrastructure,41
A01628,Database,41
A01628,Analytics & Data,51
A01628,AI & ML,30
A01628,Security,33
A01628,Applications,28
A01628,Integration,46
A01629,Infrastructure,70
A01629,Database,84
A01629,Analytics & Data,42
A01629,AI & ML,66
A01629,Security,45
A01629,Applications,39
A01629,Integration,33
A01630,Infrastructure,37
A01630,Database,31
A01630,Analytics & Data,48
A01630,AI & ML,51
A01630,Security,38
A01630,Applications,42
A01630,Integration,23
A01631,Infrastructure,50
A01631,Database,43
A01631,Analytics & Data,46
A01631,AI & ML,25
A01631,Security,34
A01631,Applications,72
A01631,Integration,30
A01632,Infrastructure,54
A01632,Database,56
A01632,Analytics & Data,88
A01632,AI & ML,69
A01632,Security,53
A01632,Applications,44
A01632,Integration,23
A01633,Infrastructure,69
A01633,Database,100
A01633,Analytics & Data,71
A01633,AI & ML,52
A01633,Security,75
A01633,Applications,50
A01633,Integration,50
A01634,Infrastructure,24
A01634,Database,31
A01634,Analytics & Data,61
A01634,AI & ML,36
A01634,Security,32
A01634,Applications,34
A01634,Integration,97
A01635,Infrastructure,57
A01635,Database,76
A01635,Analytics & Data,68
A01635,AI & ML,33
A01635,Security,56
A01635,Applications,47
A01635,Integration,67
A01636,Infrastructure,28
A01636,Database,51
A01636,Analytics & Data,57
A01636,AI & ML,37
A01636,Security,29
A01636,Applications,35
A01636,Integration,29
A01637,Infrastructure,38
A01637,Database,38
A01637,Analytics & Data,39
A01637,AI & ML,59
A01637,Security,31
A01637,Applications,38
A01637,Integration,46
A01638,Infrastructure,90
A01638,Database,36
A01638,Analytics & Data,68
A01638,AI & ML,35
A01638,Security,35
A01638,Applications,83
A01638,Integration,35
A01639,Infrastructure,48
A01639,Database,25
A01639,Analytics & Data,37
A01639,AI & ML,52
A01639,Security,54
A01639,Applications,37
A01639,Integration,31
A01640,Infrastructure,50
A01640,Database,52
A01640,Analytics & Data,53
A01640,AI & ML,42
A01640,Security,48
A01640,Applications,31
A01640,Integration,25
A01641,Infrastructure,29
A01641,Database,28
A01641,Analytics & Data,52
A01641,AI & ML,100
A01641,Security,80
A01641,Applications,25
A01641,Integration,39
A01642,Infrastructure,98
A01642,Database,30
A01642,Analytics & Data,41
A01642,AI & ML,44
A01642,Security,91
A01642,Applications,33
A01642,Integration,61
A01643,Infrastructure,34
A01643,Database,87
A01643,Analytics & Data,67
A01643,AI & ML,69
A01643,Security,34
A01643,Applications,38
A01643,Integration,29
A01644,Infrastructure,39
A01644,Database,58
A01644,Analytics & Data,44
A01644,AI & ML,33
A01644,Security,58
A01644,Applications,58
A01644,Integration,58
A01645,Infrastructure,74
A01645,Database,39
A01645,Analytics & Data,79
A01645,AI & ML,53
A01645,Security,48
A01645,Applications,35
A01645,Integration,44
A01646,Infrastructure,44
A01646,Database,26
A01646,Analytics & Data,70
A01646,AI & ML,34
A01646,Security,28
A01646,Applications,42
A01646,Integration,59
A01647,Infrastructure,20
A01647,Database,34
A01647,Analytics & Data,39
A01647,AI & ML,37
A01647,Security,81
A01647,Applications,48
A01647,Integration,50
A01648,Infrastructure,38
A01648,Database,49
A01648,Analytics & Data,78
A01648,AI & ML,38
A01648,Security,54
A01648,Applications,34
A01648,Integration,56
A01649,Infrastructure,43
A01649,Database,66
A01649,Analytics & Data,49
A01649,AI & ML,24
A01649,Security,67
A01649,Applications,68
A01649,Integration,35
A01650,Infrastructure,24
A01650,Database,42
A01650,Analytics & Data,32
A01650,AI & ML,33
A01650,Security,65
A01650,Applications,56
A01650,Integration,44
A01651,Infrastructure,46
A01651,Database,99
A01651,Analytics & Data,74
A01651,AI & ML,88
A01651,Security,49
A01651,Applications,49
A01651,Integration,51
A01652,Infrastructure,67
A01652,Database,81
A01652,Analytics & Data,69
A01652,AI & ML,42
A01652,Security,43
A01652,Applications,40
A01652,Integration,99
A01653,Infrastructure,32
A01653,Database,49
A01653,Analytics & Data,34
A01653,AI & ML,35
A01653,Security,86
A01653,Applications,31
A01653,Integration,46
A01654,Infrastructure,51
A01654,Database,50
A01654,Analytics & Data,47
A01654,AI & ML,53
A01654,Security,100
A01654,Applications,54
A01654,Integration,50
A01655,Infrastructure,46
A01655,Database,38
A01655,Analytics & Data,77
A01655,AI & ML,34
A01655,Security,34
A01655,Applications,69
A01655,Integration,46
A01656,Infrastructure,59
A01656,Database,40
A01656,Analytics & Data,28
A01656,AI & ML,20
A01656,Security,87
A01656,Applications,87
A01656,Integration,45
A01657,Infrastructure,45
A01657,Database,85
A01657,Analytics & Data,38
A01657,AI & ML,31
A01657,Security,26
A01657,Applications,48
A01657,Integration,36
A01658,Infrastructure,63
A01658,Database,38
A01658,Analytics & Data,31
A01658,AI & ML,31
A01658,Security,74
A01658,Applications,55
A01658,Integration,43
A01659,Infrastructure,34
A01659,Database,55
A01659,Analytics & Data,55
A01659,AI & ML,49
A01659,Security,27
A01659,Applications,59
A01659,Integration,81
A01660,Infrastructure,48
A01660,Database,45
A01660,Analytics & Data,59
A01660,AI & ML,65
A01660,Security,31
A01660,Applications,35
A01660,Integration,88
A01661,Infrastructure,35
A01661,Database,31
A01661,Analytics & Data,56
A01661,AI & ML,59
A01661,Security,32
A01661,Applications,61
A01661,Integration,53
A01662,Infrastructure,26
A01662,Database,75
A01662,Analytics & Data,42
A01662,AI & ML,53
A01662,Security,82
A01662,Applications,33
A01662,Integration,94
A01663,Infrastructure,57
A01663,Database,93
A01663,Analytics & Data,37
A01663,AI & ML,33
A01663,Security,66
A01663,Applications,36
A01663,Integration,43
A01664,Infrastructure,67
A01664,Database,77
A01664,Analytics & Data,48
A01664,AI & ML,36
A01664,Security,62
A01664,Applications,83
A01664,Integration,46
A01665,Infrastructure,35
A01665,Database,24
A01665,Analytics & Data,39
A01665,AI & ML,86
A01665,Security,59
A01665,Applications,35
A01665,Integration,40
A01666,Infrastructure,13
A01666,Database,58
A01666,Analytics & Data,31
A01666,AI & ML,40
A01666,Security,47
A01666,Applications,53
A01666,Integration,42
A01667,Infrastructure,82
A01667,Database,35
A01667,Analytics & Data,38
A01667,AI & ML,41
A01667,Security,52
A01667,Applications,33
A01667,Integration,54
A01668,Infrastructure,21
A01668,Database,48
A01668,Analytics & Data,63
A01668,AI & ML,59
A01668,Security,48
A01668,Applications,56
A01668,Integration,42
A01669,Infrastructure,45
A01669,Database,36
A01669,Analytics & Data,46
A01669,AI & ML,54
A01669,Security,98
A01669,Applications,100
A01669,Integration,43
A01670,Infrastructure,29
A01670,Database,41
A01670,Analytics & Data,95
A01670,AI & ML,49
A01670,Security,85
A01670,Applications,71
A01670,Integration,46
A01671,Infrastructure,71
A01671,Database,56
A01671,Analytics & Data,46
A01671,AI & ML,59
A01671,Security,69
A01671,Applications,32
A01671,Integration,33
A01672,Infrastructure,66
A01672,Database,63
A01672,Analytics & Data,57
A01672,AI & ML,63
A01672,Security,53
A01672,Applications,29
A01672,Integration,24
A01673,Infrastructure,59
A01673,Database,54
A01673,Analytics & Data,32
A01673,AI & ML,35
A01673,Security,49
A01673,Applications,44
A01673,Integration,68
A01674,Infrastructure,86
A01674,Database,12
A01674,Analytics & Data,40
A01674,AI & ML,57
A01674,Security,65
A01674,Applications,38
A01674,Integration,54
A01675,Infrastructure,29
A01675,Database,88
A01675,Analytics & Data,29
A01675,AI & ML,44
A01675,Security,41
A01675,Applications,20
A01675,Integration,69
A01676,Infrastructure,71
A01676,Database,39
A01676,Analytics & Data,48
A01676,AI & ML,72
A01676,Security,81
A01676,Applications,47
A01676,Integration,41
A01677,Infrastructure,64
A01677,Database,22
A01677,Analytics & Data,43
A01677,AI & ML,39
A01677,Security,52
A01677,Applications,32
A01677,Integration,63
A01678,Infrastructure,47
A01678,Database,36
A01678,Analytics & Data,17
A01678,AI & ML,54
A01678,Security,28
A01678,Applications,29
A01678,Integration,83
A01679,Infrastructure,38
A01679,Database,29
A01679,Analytics & Data,41
A01679,AI & ML,34
A01679,Security,88
A01679,Applications,37
A01679,Integration,29
A01680,Infrastructure,39
A01680,Database,41
A01680,Analytics & Data,100
A01680,AI & ML,41
A01680,Security,69
A01680,Applications,52
A01680,Integration,64
A01681,Infrastructure,49
A01681,Database,20
A01681,Analytics & Data,36
A01681,AI & ML,48
A01681,Security,34
A01681,Applications,31
A01681,Integration,35
A01682,Infrastructure,29
A01682,Database,49
A01682,Analytics & Data,33
A01682,AI & ML,34
A01682,Security,71
A01682,Applications,31
A01682,Integration,56
A01683,Infrastructure,29
A01683,Database,47
A01683,Analytics & Data,62
A01683,AI & ML,33
A01683,Security,93
A01683,Applications,20
A01683,Integration,86
A01684,Infrastructure,37
A01684,Database,45
A01684,Analytics & Data,44
A01684,AI & ML,54
A01684,Security,30
A01684,Applications,42
A01684,Integration,46
A01685,Infrastructure,41
A01685,Database,95
A01685,Analytics & Data,37
A01685,AI & ML,32
A01685,Security,38
A01685,Applications,62
A01685,Integration,42
A01686,Infrastructure,35
A01686,Database,37
A01686,Analytics & Data,61
A01686,AI & ML,46
A01686,Security,75
A01686,Applications,79
A01686,Integration,88
A01687,Infrastructure,40
A01687,Database,40
A01687,Analytics & Data,74
A01687,AI & ML,57
A01687,Security,44
A01687,Applications,26
A01687,Integration,36
A01688,Infrastructure,100
A01688,Database,44
A01688,Analytics & Data,34
A01688,AI & ML,51
A01688,Security,48
A01688,Applications,86
A01688,Integration,49
A01689,Infrastructure,31
A01689,Database,42
A01689,Analytics & Data,44
A01689,AI & ML,24
A01689,Security,49
A01689,Applications,63
A01689,Integration,56
A01690,Infrastructure,66
A01690,Database,99
A01690,Analytics & Data,60
A01690,AI & ML,82
A01690,Security,77
A01690,Applications,61
A01690,Integration,34
A01691,Infrastructure,42
A01691,Database,48
A01691,Analytics & Data,67
A01691,AI & ML,37
A01691,Security,52
A01691,Applications,49
A01691,Integration,72
A01692,Infrastructure,40
A01692,Database,40
A01692,Analytics & Data,42
A01692,AI & ML,25
A01692,Security,43
A01692,Applications,58
A01692,Integration,39
A01693,Infrastructure,62
A01693,Database,26
A01693,Analytics & Data,33
A01693,AI & ML,77
A01693,Security,46
A01693,Applications,33
A01693,Integration,75
A01694,Infrastructure,51
A01694,Database,32
A01694,Analytics & Data,63
A01694,AI & ML,21
A01694,Security,62
A01694,Applications,56
A01694,Integration,61
A01695,Infrastructure,30
A01695,Database,25
A01695,Analytics & Data,41
A01695,AI & ML,35
A01695,Security,51
A01695,Applications,36
A01695,Integration,57
A01696,Infrastructure,38
A01696,Database,37
A01696,Analytics & Data,87
A01696,AI & ML,43
A01696,Security,42
A01696,Applications,61
A01696,Integration,41
A01697,Infrastructure,56
A01697,Database,39
A01697,Analytics & Data,34
A01697,AI & ML,32
A01697,Security,86
A01697,Applications,29
A01697,Integration,60
A01698,Infrastructure,45
A01698,Database,32
A01698,Analytics & Data,40
A01698,AI & ML,54
A01698,Security,54
A01698,Applications,41
A01698,Integration,30
A01699,Infrastructure,16
A01699,Database,65
A01699,Analytics & Data,28
A01699,AI & ML,61
A01699,Security,40
A01699,Applications,50
A01699,Integration,22
A01700,Infrastructure,73
A01700,Database,62
A01700,Analytics & Data,73
A01700,AI & ML,52
A01700,Security,23
A01700,Applications,34
A01700,Integration,15
A01701,Infrastructure,46
A01701,Database,62
A01701,Analytics & Data,26
A01701,AI & ML,17
A01701,Security,56
A01701,Applications,22
A01701,Integration,62
A01702,Infrastructure,17
A01702,Database,23
A01702,Analytics & Data,51
A01702,AI & ML,25
A01702,Security,65
A01702,Applications,26
A01702,Integration,38
A01703,Infrastructure,37
A01703,Database,92
A01703,Analytics & Data,36
A01703,AI & ML,46
A01703,Security,61
A01703,Applications,51
A01703,Integration,46
A01704,Infrastructure,48
A01704,Database,13
A01704,Analytics & Data,29
A01704,AI & ML,74
A01704,Security,38
A01704,Applications,33
A01704,Integration,74
A01705,Infrastructure,27
A01705,Database,32
A01705,Analytics & Data,42
A01705,AI & ML,25
A01705,Security,78
A01705,Applications,57
A01705,Integration,50
A01706,Infrastructure,75
A01706,Database,51
A01706,Analytics & Data,47
A01706,AI & ML,43
A01706,Security,32
A01706,Applications,47
A01706,Integration,41
A01707,Infrastructure,42
A01707,Database,66
A01707,Analytics & Data,42
A01707,AI & ML,38
A01707,Security,38
A01707,Applications,93
A01707,Integration,54
A01708,Infrastructure,45
A01708,Database,28
A01708,Analytics & Data,82
A01708,AI & ML,25
A01708,Security,62
A01708,Applications,88
A01708,Integration,63
A01709,Infrastructure,40
A01709,Database,38
A01709,Analytics & Data,42
A01709,AI & ML,39
A01709,Security,70
A01709,Applications,48
A01709,Integration,51
A01710,Infrastructure,35
A01710,Database,99
A01710,Analytics & Data,37
A01710,AI & ML,52
A01710,Security,18
A01710,Applications,58
A01710,Integration,60
A01711,Infrastructure,35
A01711,Database,25
A01711,Analytics & Data,33
A01711,AI & ML,51
A01711,Security,48
A01711,Applications,38
A01711,Integration,27
A01712,Infrastructure,52
A01712,Database,17
A01712,Analytics & Data,31
A01712,AI & ML,42
A01712,Security,33
A01712,Applications,34
A01712,Integration,44
A01713,Infrastructure,44
A01713,Database,88
A01713,Analytics & Data,39
A01713,AI & ML,44
A01713,Security,48
A01713,Applications,41
A01713,Integration,53
A01714,Infrastructure,28
A01714,Database,67
A01714,Analytics & Data,42
A01714,AI & ML,47
A01714,Security,63
A01714,Applications,75
A01714,Integration,46
A01715,Infrastructure,77
A01715,Database,53
A01715,Analytics & Data,59
A01715,AI & ML,53
A01715,Security,73
A01715,Applications,15
A01715,Integration,34
A01716,Infrastructure,60
A01716,Database,41
A01716,Analytics & Data,46
A01716,AI & ML,98
A01716,Security,40
A01716,Applications,41
A01716,Integration,53
A01717,Infrastructure,86
A01717,Database,46
A01717,Analytics & Data,18
A01717,AI & ML,56
A01717,Security,41
A01717,Applications,48
A01717,Integration,34
A01718,Infrastructure,50
A01718,Database,35
A01718,Analytics & Data,60
A01718,AI & ML,40
A01718,Security,38
A01718,Applications,59
A01718,Integration,48
A01719,Infrastructure,49
A01719,Database,54
A01719,Analytics & Data,66
A01719,AI & ML,43
A01719,Security,62
A01719,Applications,77
A01719,Integration,63
A01720,Infrastructure,41
A01720,Database,22
A01720,Analytics & Data,44
A01720,AI & ML,42
A01720,Security,50
A01720,Applications,69
A01720,Integration,36
A01721,Infrastructure,52
A01721,Database,45
A01721,Analytics & Data,53
A01721,AI & ML,31
A01721,Security,41
A01721,Applications,35
A01721,Integration,41
A01722,Infrastructure,55
A01722,Database,35
A01722,Analytics & Data,33
A01722,AI & ML,73
A01722,Security,28
A01722,Applications,50
A01722,Integration,63
A01723,Infrastructure,41
A01723,Database,50
A01723,Analytics & Data,57
A01723,AI & ML,40
A01723,Security,52
A01723,Applications,67
A01723,Integration,43
A01724,Infrastructure,41
A01724,Database,45
A01724,Analytics & Data,39
A01724,AI & ML,37
A01724,Security,83
A01724,Applications,55
A01724,Integration,40
A01725,Infrastructure,31
A01725,Database,45
A01725,Analytics & Data,32
A01725,AI & ML,34
A01725,Security,48
A01725,Applications,41
A01725,Integration,32
A01726,Infrastructure,35
A01726,Database,42
A01726,Analytics & Data,50
A01726,AI & ML,53
A01726,Security,43
A01726,Applications,50
A01726,Integration,95
A01727,Infrastructure,65
A01727,Database,29
A01727,Analytics & Data,76
A01727,AI & ML,100
A01727,Security,44
A01727,Applications,76
A01727,Integration,38
A01728,Infrastructure,34
A01728,Database,68
A01728,Analytics & Data,35
A01728,AI & ML,28
A01728,Security,38
A01728,Applications,32
A01728,Integration,26
A01729,Infrastructure,37
A01729,Database,41
A01729,Analytics & Data,22
A01729,AI & ML,40
A01729,Security,69
A01729,Applications,66
A01729,Integration,96
A01730,Infrastructure,30
A01730,Database,97
A01730,Analytics & Data,34
A01730,AI & ML,50
A01730,Security,36
A01730,Applications,67
A01730,Integration,25
A01731,Infrastructure,66
A01731,Database,36
A01731,Analytics & Data,48
A01731,AI & ML,57
A01731,Security,23
A01731,Applications,28
A01731,Integration,31
A01732,Infrastructure,29
A01732,Database,41
A01732,Analytics & Data,41
A01732,AI & ML,42
A01732,Security,52
A01732,Applications,35
A01732,Integration,36
A01733,Infrastructure,57
A01733,Database,38
A01733,Analytics & Data,48
A01733,AI & ML,64
A01733,Security,24
A01733,Applications,61
A01733,Integration,38
A01734,Infrastructure,37
A01734,Database,47
A01734,Analytics & Data,50
A01734,AI & ML,39
A01734,Security,32
A01734,Applications,47
A01734,Integration,44
A01735,Infrastructure,37
A01735,Database,82
A01735,Analytics & Data,72
A01735,AI & ML,39
A01735,Security,27
A01735,Applications,99
A01735,Integration,32
A01736,Infrastructure,59
A01736,Database,33
A01736,Analytics & Data,23
A01736,AI & ML,62
A01736,Security,42
A01736,Applications,92
A01736,Integration,32
A01737,Infrastructure,47
A01737,Database,44
A01737,Analytics & Data,53
A01737,AI & ML,29
A01737,Security,28
A01737,Applications,47
A01737,Integration,41
A01738,Infrastructure,91
A01738,Database,50
A01738,Analytics & Data,49
A01738,AI & ML,51
A01738,Security,26
A01738,Applications,88
A01738,Integration,80
A01739,Infrastructure,43
A01739,Database,34
A01739,Analytics & Data,48
A01739,AI & ML,48
A01739,Security,21
A01739,Applications,38
A01739,Integration,66
A01740,Infrastructure,53
A01740,Database,20
A01740,Analytics & Data,42
A01740,AI & ML,37
A01740,Security,25
A01740,Applications,40
A01740,Integration,79
A01741,Infrastructure,71
A01741,Database,37
A01741,Analytics & Data,82
A01741,AI & ML,32
A01741,Security,63
A01741,Applications,55
A01741,Integration,33
A01742,Infrastructure,45
A01742,Database,36
A01742,Analytics & Data,82
A01742,AI & ML,60
A01742,Security,58
A01742,Applications,54
A01742,Integration,50
A01743,Infrastructure,54
A01743,Database,97
A01743,Analytics & Data,40
A01743,AI & ML,41
A01743,Security,54
A01743,Applications,48
A01743,Integration,23
A01744,Infrastructure,57
A01744,Database,65
A01744,Analytics & Data,43
A01744,AI & ML,56
A01744,Security,23
A01744,Applications,39
A01744,Integration,52
A01745,Infrastructure,85
A01745,Database,55
A01745,Analytics & Data,35
A01745,AI & ML,73
A01745,Security,28
A01745,Applications,38
A01745,Integration,46
A01746,Infrastructure,82
A01746,Database,40
A01746,Analytics & Data,51
A01746,AI & ML,49
A01746,Security,39
A01746,Applications,46
A01746,Integration,59
A01747,Infrastructure,47
A01747,Database,47
A01747,Analytics & Data,40
A01747,AI & ML,32
A01747,Security,45
A01747,Applications,59
A01747,Integration,59
A01748,Infrastructure,100
A01748,Database,43
A01748,Analytics & Data,71
A01748,AI & ML,43
A01748,Security,53
A01748,Applications,46
A01748,Integration,26
A01749,Infrastructure,62
A01749,Database,42
A01749,Analytics & Data,93
A01749,AI & ML,38
A01749,Security,50
A01749,Applications,56
A01749,Integration,33
A01750,Infrastructure,51
A01750,Database,34
A01750,Analytics & Data,48
A01750,AI & ML,33
A01750,Security,58
A01750,Applications,36
A01750,Integration,33
A01751,Infrastructure,40
A01751,Database,37
A01751,Analytics & Data,80
A01751,AI & ML,80
A01751,Security,65
A01751,Applications,44
A01751,Integration,43
A01752,Infrastructure,45
A01752,Database,50
A01752,Analytics & Data,68
A01752,AI & ML,60
A01752,Security,38
A01752,Applications,40
A01752,Integration,57
A01753,Infrastructure,20
A01753,Database,29
A01753,Analytics & Data,100
A01753,AI & ML,66
A01753,Security,30
A01753,Applications,60
A01753,Integration,71
A01754,Infrastructure,55
A01754,Database,57
A01754,Analytics & Data,41
A01754,AI & ML,74
A01754,Security,37
A01754,Applications,42
A01754,Integration,69
A01755,Infrastructure,47
A01755,Database,36
A01755,Analytics & Data,38
A01755,AI & ML,42
A01755,Security,86
A01755,Applications,39
A01755,Integration,42
A01756,Infrastructure,67
A01756,Database,77
A01756,Analytics & Data,76
A01756,AI & ML,58
A01756,Security,49
A01756,Applications,37
A01756,Integration,46
A01757,Infrastructure,77
A01757,Database,21
A01757,Analytics & Data,35
A01757,AI & ML,47
A01757,Security,47
A01757,Applications,27
A01757,Integration,67
A01758,Infrastructure,98
A01758,Database,43
A01758,Analytics & Data,63
A01758,AI & ML,72
A01758,Security,53
A01758,Applications,53
A01758,Integration,47
A01759,Infrastructure,42
A01759,Database,26
A01759,Analytics & Data,37
A01759,AI & ML,48
A01759,Security,43
A01759,Applications,36
A01759,Integration,38
A01760,Infrastructure,42
A01760,Database,33
A01760,Analytics & Data,82
A01760,AI & ML,52
A01760,Security,47
A01760,Applications,56
A01760,Integration,46
A01761,Infrastructure,41
A01761,Database,69
A01761,Analytics & Data,29
A01761,AI & ML,71
A01761,Security,27
A01761,Applications,84
A01761,Integration,36
A01762,Infrastructure,45
A01762,Database,100
A01762,Analytics & Data,68
A01762,AI & ML,39
A01762,Security,40
A01762,Applications,59
A01762,Integration,100
A01763,Infrastructure,83
A01763,Database,35
A01763,Analytics & Data,32
A01763,AI & ML,33
A01763,Security,49
A01763,Applications,78
A01763,Integration,44
A01764,Infrastructure,38
A01764,Database,36
A01764,Analytics & Data,59
A01764,AI & ML,44
A01764,Security,33
A01764,Applications,49
A01764,Integration,75
A01765,Infrastructure,27
A01765,Database,41
A01765,Analytics & Data,69
A01765,AI & ML,78
A01765,Security,70
A01765,Applications,72
A01765,Integration,42
A01766,Infrastructure,27
A01766,Database,35
A01766,Analytics & Data,42
A01766,AI & ML,50
A01766,Security,82
A01766,Applications,49
A01766,Integration,21
A01767,Infrastructure,26
A01767,Database,31
A01767,Analytics & Data,41
A01767,AI & ML,96
A01767,Security,49
A01767,Applications,49
A01767,Integration,17
A01768,Infrastructure,35
A01768,Database,40
A01768,Analytics & Data,33
A01768,AI & ML,54
A01768,Security,24
A01768,Applications,37
A01768,Integration,65
A01769,Infrastructure,77
A01769,Database,41
A01769,Analytics & Data,48
A01769,AI & ML,43
A01769,Security,54
A01769,Applications,39
A01769,Integration,26
A01770,Infrastructure,35
A01770,Database,54
A01770,Analytics & Data,51
A01770,AI & ML,32
A01770,Security,49
A01770,Applications,39
A01770,Integration,57
A01771,Infrastructure,55
A01771,Database,51
A01771,Analytics & Data,42
A01771,AI & ML,41
A01771,Security,67
A01771,Applications,55
A01771,Integration,59
A01772,Infrastructure,83
A01772,Database,24
A01772,Analytics & Data,34
A01772,AI & ML,34
A01772,Security,100
A01772,Applications,22
A01772,Integration,80
A01773,Infrastructure,52
A01773,Database,80
A01773,Analytics & Data,89
A01773,AI & ML,30
A01773,Security,41
A01773,Applications,57
A01773,Integration,100
A01774,Infrastructure,50
A01774,Database,25
A01774,Analytics & Data,39
A01774,AI & ML,90
A01774,Security,39
A01774,Applications,31
A01774,Integration,46
A01775,Infrastructure,38
A01775,Database,37
A01775,Analytics & Data,56
A01775,AI & ML,50
A01775,Security,49
A01775,Applications,29
A01775,Integration,42
A01776,Infrastructure,32
A01776,Database,76
A01776,Analytics & Data,36
A01776,AI & ML,57
A01776,Security,91
A01776,Applications,23
A01776,Integration,28
A01777,Infrastructure,30
A01777,Database,27
A01777,Analytics & Data,81
A01777,AI & ML,51
A01777,Security,37
A01777,Applications,85
A01777,Integration,64
A01778,Infrastructure,46
A01778,Database,38
A01778,Analytics & Data,43
A01778,AI & ML,58
A01778,Security,32
A01778,Applications,20
A01778,Integration,44
A01779,Infrastructure,84
A01779,Database,56
A01779,Analytics & Data,59
A01779,AI & ML,35
A01779,Security,55
A01779,Applications,40
A01779,Integration,48
A01780,Infrastructure,28
A01780,Database,78
A01780,Analytics & Data,26
A01780,AI & ML,41
A01780,Security,22
A01780,Applications,39
A01780,Integration,43
A01781,Infrastructure,41
A01781,Database,28
A01781,Analytics & Data,38
A01781,AI & ML,40
A01781,Security,47
A01781,Applications,28
A01781,Integration,34
A01782,Infrastructure,42
A01782,Database,43
A01782,Analytics & Data,74
A01782,AI & ML,100
A01782,Security,46
A01782,Applications,44
A01782,Integration,41
A01783,Infrastructure,39
A01783,Database,73
A01783,Analytics & Data,9
A01783,AI & ML,65
A01783,Security,34
A01783,Applications,31
A01783,Integration,89
A01784,Infrastructure,65
A01784,Database,26
A01784,Analytics & Data,89
A01784,AI & ML,53
A01784,Security,39
A01784,Applications,43
A01784,Integration,61
A01785,Infrastructure,44
A01785,Database,50
A01785,Analytics & Data,64
A01785,AI & ML,48
A01785,Security,83
A01785,Applications,50
A01785,Integration,34
A01786,Infrastructure,35
A01786,Database,53
A01786,Analytics & Data,33
A01786,AI & ML,43
A01786,Security,36
A01786,Applications,36
A01786,Integration,66
A01787,Infrastructure,88
A01787,Database,29
A01787,Analytics & Data,19
A01787,AI & ML,35
A01787,Security,52
A01787,Applications,100
A01787,Integration,32
A01788,Infrastructure,38
A01788,Database,20
A01788,Analytics & Data,28
A01788,AI & ML,58
A01788,Security,58
A01788,Applications,88
A01788,Integration,40
A01789,Infrastructure,29
A01789,Database,21
A01789,Analytics & Data,38
A01789,AI & ML,30
A01789,Security,71
A01789,Applications,36
A01789,Integration,26
A01790,Infrastructure,47
A01790,Database,69
A01790,Analytics & Data,82
A01790,AI & ML,81
A01790,Security,39
A01790,Applications,38
A01790,Integration,51
A01791,Infrastructure,61
A01791,Database,57
A01791,Analytics & Data,58
A01791,AI & ML,55
A01791,Security,41
A01791,Applications,78
A01791,Integration,51
A01792,Infrastructure,92
A01792,Database,28
A01792,Analytics & Data,95
A01792,AI & ML,69
A01792,Security,45
A01792,Applications,46
A01792,Integration,62
A01793,Infrastructure,61
A01793,Database,38
A01793,Analytics & Data,48
A01793,AI & ML,73
A01793,Security,26
A01793,Applications,69
A01793,Integration,46
A01794,Infrastructure,48
A01794,Database,54
A01794,Analytics & Data,79
A01794,AI & ML,37
A01794,Security,57
A01794,Applications,55
A01794,Integration,42
A01795,Infrastructure,53
A01795,Database,68
A01795,Analytics & Data,37
A01795,AI & ML,37
A01795,Security,68
A01795,Applications,61
A01795,Integration,47
A01796,Infrastructure,58
A01796,Database,86
A01796,Analytics & Data,76
A01796,AI & ML,70
A01796,Security,44
A01796,Applications,57
A01796,Integration,37
A01797,Infrastructure,51
A01797,Database,51
A01797,Analytics & Data,25
A01797,AI & ML,52
A01797,Security,26
A01797,Applications,82
A01797,Integration,48
A01798,Infrastructure,61
A01798,Database,63
A01798,Analytics & Data,52
A01798,AI & ML,37
A01798,Security,54
A01798,Applications,46
A01798,Integration,80
A01799,Infrastructure,39
A01799,Database,41
A01799,Analytics & Data,76
A01799,AI & ML,92
A01799,Security,56
A01799,Applications,29
A01799,Integration,57
A01800,Infrastructure,81
A01800,Database,45
A01800,Analytics & Data,29
A01800,AI & ML,42
A01800,Security,45
A01800,Applications,17
A01800,Integration,52
A01801,Infrastructure,32
A01801,Database,33
A01801,Analytics & Data,33
A01801,AI & ML,85
A01801,Security,95
A01801,Applications,18
A01801,Integration,27
A01802,Infrastructure,40
A01802,Database,33
A01802,Analytics & Data,74
A01802,AI & ML,25
A01802,Security,34
A01802,Applications,86
A01802,Integration,61
A01803,Infrastructure,50
A01803,Database,90
A01803,Analytics & Data,56
A01803,AI & ML,48
A01803,Security,39
A01803,Applications,41
A01803,Integration,60
A01804,Infrastructure,36
A01804,Database,43
A01804,Analytics & Data,42
A01804,AI & ML,100
A01804,Security,40
A01804,Applications,66
A01804,Integration,63
A01805,Infrastructure,26
A01805,Database,77
A01805,Analytics & Data,63
A01805,AI & ML,42
A01805,Security,64
A01805,Applications,49
A01805,Integration,60
A01806,Infrastructure,54
A01806,Database,36
A01806,Analytics & Data,73
A01806,AI & ML,47
A01806,Security,25
A01806,Applications,50
A01806,Integration,34
A01807,Infrastructure,57
A01807,Database,48
A01807,Analytics & Data,52
A01807,AI & ML,81
A01807,Security,40
A01807,Applications,44
A01807,Integration,36
A01808,Infrastructure,45
A01808,Database,37
A01808,Analytics & Data,46
A01808,AI & ML,44
A01808,Security,37
A01808,Applications,62
A01808,Integration,20
A01809,Infrastructure,52
A01809,Database,26
A01809,Analytics & Data,25
A01809,AI & ML,69
A01809,Security,61
A01809,Applications,95
A01809,Integration,27
A01810,Infrastructure,40
A01810,Database,50
A01810,Analytics & Data,41
A01810,AI & ML,64
A01810,Security,61
A01810,Applications,47
A01810,Integration,61
A01811,Infrastructure,49
A01811,Database,83
A01811,Analytics & Data,47
A01811,AI & ML,35
A01811,Security,44
A01811,Applications,39
A01811,Integration,93
A01812,Infrastructure,36
A01812,Database,67
A01812,Analytics & Data,40
A01812,AI & ML,30
A01812,Security,61
A01812,Applications,59
A01812,Integration,58
A01813,Infrastructure,44
A01813,Database,42
A01813,Analytics & Data,34
A01813,AI & ML,75
A01813,Security,34
A01813,Applications,33
A01813,Integration,47
A01814,Infrastructure,50
A01814,Database,29
A01814,Analytics & Data,55
A01814,AI & ML,74
A01814,Security,29
A01814,Applications,43
A01814,Integration,64
A01815,Infrastructure,63
A01815,Database,29
A01815,Analytics & Data,45
A01815,AI & ML,34
A01815,Security,24
A01815,Applications,38
A01815,Integration,20
A01816,Infrastructure,64
A01816,Database,27
A01816,Analytics & Data,32
A01816,AI & ML,53
A01816,Security,52
A01816,Applications,63
A01816,Integration,34
A01817,Infrastructure,35
A01817,Database,52
A01817,Analytics & Data,36
A01817,AI & ML,42
A01817,Security,28
A01817,Applications,63
A01817,Integration,59
A01818,Infrastructure,52
A01818,Database,35
A01818,Analytics & Data,40
A01818,AI & ML,49
A01818,Security,83
A01818,Applications,48
A01818,Integration,35
A01819,Infrastructure,31
A01819,Database,57
A01819,Analytics & Data,43
A01819,AI & ML,31
A01819,Security,68
A01819,Applications,72
A01819,Integration,45
A01820,Infrastructure,46
A01820,Database,27
A01820,Analytics & Data,66
A01820,AI & ML,30
A01820,Security,43
A01820,Applications,74
A01820,Integration,84
A01821,Infrastructure,48
A01821,Database,35
A01821,Analytics & Data,39
A01821,AI & ML,56
A01821,Security,93
A01821,Applications,55
A01821,Integration,75
A01822,Infrastructure,27
A01822,Database,71
A01822,Analytics & Data,47
A01822,AI & ML,40
A01822,Security,36
A01822,Applications,42
A01822,Integration,31
A01823,Infrastructure,100
A01823,Database,33
A01823,Analytics & Data,60
A01823,AI & ML,66
A01823,Security,32
A01823,Applications,38
A01823,Integration,42
A01824,Infrastructure,50
A01824,Database,42
A01824,Analytics & Data,24
A01824,AI & ML,76
A01824,Security,46
A01824,Applications,52
A01824,Integration,42
A01825,Infrastructure,35
A01825,Database,31
A01825,Analytics & Data,85
A01825,AI & ML,69
A01825,Security,58
A01825,Applications,43
A01825,Integration,85
A01826,Infrastructure,54
A01826,Database,72
A01826,Analytics & Data,41
A01826,AI & ML,55
A01826,Security,58
A01826,Applications,48
A01826,Integration,64
A01827,Infrastructure,46
A01827,Database,29
A01827,Analytics & Data,31
A01827,AI & ML,42
A01827,Security,83
A01827,Applications,78
A01827,Integration,31
A01828,Infrastructure,22
A01828,Database,69
A01828,Analytics & Data,32
A01828,AI & ML,92
A01828,Security,100
A01828,Applications,24
A01828,Integration,48
A01829,Infrastructure,27
A01829,Database,38
A01829,Analytics & Data,31
A01829,AI & ML,79
A01829,Security,46
A01829,Applications,79
A01829,Integration,28
A01830,Infrastructure,98
A01830,Database,95
A01830,Analytics & Data,31
A01830,AI & ML,46
A01830,Security,42
A01830,Applications,33
A01830,Integration,49
A01831,Infrastructure,30
A01831,Database,66
A01831,Analytics & Data,34
A01831,AI & ML,46
A01831,Security,33
A01831,Applications,38
A01831,Integration,49
A01832,Infrastructure,31
A01832,Database,66
A01832,Analytics & Data,19
A01832,AI & ML,44
A01832,Security,15
A01832,Applications,80
A01832,Integration,39
A01833,Infrastructure,58
A01833,Database,40
A01833,Analytics & Data,88
A01833,AI & ML,38
A01833,Security,94
A01833,Applications,45
A01833,Integration,20
A01834,Infrastructure,40
A01834,Database,39
A01834,Analytics & Data,43
A01834,AI & ML,37
A01834,Security,50
A01834,Applications,46
A01834,Integration,77
A01835,Infrastructure,25
A01835,Database,31
A01835,Analytics & Data,32
A01835,AI & ML,31
A01835,Security,42
A01835,Applications,53
A01835,Integration,27
A01836,Infrastructure,61
A01836,Database,39
A01836,Analytics & Data,30
A01836,AI & ML,42
A01836,Security,52
A01836,Applications,7
A01836,Integration,76
A01837,Infrastructure,31
A01837,Database,79
A01837,Analytics & Data,41
A01837,AI & ML,31
A01837,Security,37
A01837,Applications,25
A01837,Integration,43
A01838,Infrastructure,88
A01838,Database,43
A01838,Analytics & Data,53
A01838,AI & ML,87
A01838,Security,52
A01838,Applications,45
A01838,Integration,33
A01839,Infrastructure,55
A01839,Database,47
A01839,Analytics & Data,35
A01839,AI & ML,49
A01839,Security,49
A01839,Applications,34
A01839,Integration,48
A01840,Infrastructure,45
A01840,Database,62
A01840,Analytics & Data,42
A01840,AI & ML,35
A01840,Security,30
A01840,Applications,41
A01840,Integration,38
A01841,Infrastructure,37
A01841,Database,41
A01841,Analytics & Data,35
A01841,AI & ML,49
A01841,Security,46
A01841,Applications,59
A01841,Integration,59
A01842,Infrastructure,41
A01842,Database,26
A01842,Analytics & Data,33
A01842,AI & ML,61
A01842,Security,88
A01842,Applications,27
A01842,Integration,67
A01843,Infrastructure,36
A01843,Database,56
A01843,Analytics & Data,34
A01843,AI & ML,46
A01843,Security,39
A01843,Applications,65
A01843,Integration,38
A01844,Infrastructure,97
A01844,Database,66
A01844,Analytics & Data,23
A01844,AI & ML,45
A01844,Security,21
A01844,Applications,92
A01844,Integration,43
A01845,Infrastructure,69
A01845,Database,63
A01845,Analytics & Data,67
A01845,AI & ML,41
A01845,Security,40
A01845,Applications,83
A01845,Integration,34
A01846,Infrastructure,85
A01846,Database,30
A01846,Analytics & Data,93
A01846,AI & ML,61
A01846,Security,46
A01846,Applications,58
A01846,Integration,57
A01847,Infrastructure,39
A01847,Database,44
A01847,Analytics & Data,28
A01847,AI & ML,45
A01847,Security,52
A01847,Applications,87
A01847,Integration,97
A01848,Infrastructure,76
A01848,Database,43
A01848,Analytics & Data,39
A01848,AI & ML,86
A01848,Security,63
A01848,Applications,53
A01848,Integration,85
A01849,Infrastructure,59
A01849,Database,29
A01849,Analytics & Data,28
A01849,AI & ML,57
A01849,Security,28
A01849,Applications,84
A01849,Integration,36
A01850,Infrastructure,38
A01850,Database,41
A01850,Analytics & Data,44
A01850,AI & ML,34
A01850,Security,46
A01850,Applications,58
A01850,Integration,40
A01851,Infrastructure,51
A01851,Database,49
A01851,Analytics & Data,20
A01851,AI & ML,17
A01851,Security,61
A01851,Applications,62
A01851,Integration,36
A01852,Infrastructure,45
A01852,Database,41
A01852,Analytics & Data,38
A01852,AI & ML,89
A01852,Security,37
A01852,Applications,63
A01852,Integration,58
A01853,Infrastructure,45
A01853,Database,69
A01853,Analytics & Data,26
A01853,AI & ML,38
A01853,Security,28
A01853,Applications,34
A01853,Integration,70
A01854,Infrastructure,38
A01854,Database,76
A01854,Analytics & Data,36
A01854,AI & ML,42
A01854,Security,48
A01854,Applications,45
A01854,Integration,21
A01855,Infrastructure,75
A01855,Database,76
A01855,Analytics & Data,22
A01855,AI & ML,62
A01855,Security,55
A01855,Applications,31
A01855,Integration,68
A01856,Infrastructure,64
A01856,Database,51
A01856,Analytics & Data,41
A01856,AI & ML,30
A01856,Security,58
A01856,Applications,35
A01856,Integration,54
A01857,Infrastructure,43
A01857,Database,38
A01857,Analytics & Data,81
A01857,AI & ML,44
A01857,Security,60
A01857,Applications,41
A01857,Integration,80
A01858,Infrastructure,50
A01858,Database,37
A01858,Analytics & Data,78
A01858,AI & ML,74
A01858,Security,100
A01858,Applications,46
A01858,Integration,45
A01859,Infrastructure,41
A01859,Database,24
A01859,Analytics & Data,61
A01859,AI & ML,36
A01859,Security,81
A01859,Applications,40
A01859,Integration,51
A01860,Infrastructure,27
A01860,Database,37
A01860,Analytics & Data,29
A01860,AI & ML,35
A01860,Security,21
A01860,Applications,40
A01860,Integration,28
A01861,Infrastructure,40
A01861,Database,54
A01861,Analytics & Data,56
A01861,AI & ML,40
A01861,Security,40
A01861,Applications,58
A01861,Integration,49
A01862,Infrastructure,37
A01862,Database,55
A01862,Analytics & Data,43
A01862,AI & ML,53
A01862,Security,37
A01862,Applications,39
A01862,Integration,82
A01863,Infrastructure,34
A01863,Database,38
A01863,Analytics & Data,84
A01863,AI & ML,48
A01863,Security,83
A01863,Applications,55
A01863,Integration,46
A01864,Infrastructure,33
A01864,Database,28
A01864,Analytics & Data,95
A01864,AI & ML,75
A01864,Security,43
A01864,Applications,33
A01864,Integration,40
A01865,Infrastructure,71
A01865,Database,61
A01865,Analytics & Data,46
A01865,AI & ML,52
A01865,Security,43
A01865,Applications,41
A01865,Integration,66
A01866,Infrastructure,84
A01866,Database,78
A01866,Analytics & Data,39
A01866,AI & ML,30
A01866,Security,45
A01866,Applications,45
A01866,Integration,37
A01867,Infrastructure,55
A01867,Database,98
A01867,Analytics & Data,38
A01867,AI & ML,53
A01867,Security,30
A01867,Applications,43
A01867,Integration,58
A01868,Infrastructure,55
A01868,Database,49
A01868,Analytics & Data,50
A01868,AI & ML,29
A01868,Security,44
A01868,Applications,39
A01868,Integration,59
A01869,Infrastructure,53
A01869,Database,34
A01869,Analytics & Data,84
A01869,AI & ML,36
A01869,Security,39
A01869,Applications,56
A01869,Integration,73
A01870,Infrastructure,53
A01870,Database,49
A01870,Analytics & Data,100
A01870,AI & ML,44
A01870,Security,36
A01870,Applications,45
A01870,Integration,35
A01871,Infrastructure,100
A01871,Database,29
A01871,Analytics & Data,46
A01871,AI & ML,39
A01871,Security,79
A01871,Applications,77
A01871,Integration,81
A01872,Infrastructure,53
A01872,Database,50
A01872,Analytics & Data,72
A01872,AI & ML,58
A01872,Security,62
A01872,Applications,29
A01872,Integration,35
A01873,Infrastructure,77
A01873,Database,38
A01873,Analytics & Data,69
A01873,AI & ML,46
A01873,Security,64
A01873,Applications,23
A01873,Integration,48
A01874,Infrastructure,66
A01874,Database,40
A01874,Analytics & Data,55
A01874,AI & ML,85
A01874,Security,40
A01874,Applications,35
A01874,Integration,41
A01875,Infrastructure,64
A01875,Database,51
A01875,Analytics & Data,79
A01875,AI & ML,54
A01875,Security,25
A01875,Applications,31
A01875,Integration,41
A01876,Infrastructure,42
A01876,Database,43
A01876,Analytics & Data,42
A01876,AI & ML,47
A01876,Security,42
A01876,Applications,47
A01876,Integration,40
A01877,Infrastructure,30
A01877,Database,26
A01877,Analytics & Data,35
A01877,AI & ML,32
A01877,Security,40
A01877,Applications,87
A01877,Integration,50
A01878,Infrastructure,75
A01878,Database,36
A01878,Analytics & Data,27
A01878,AI & ML,39
A01878,Security,40
A01878,Applications,30
A01878,Integration,40
A01879,Infrastructure,66
A01879,Database,53
A01879,Analytics & Data,16
A01879,AI & ML,33
A01879,Security,31
A01879,Applications,66
A01879,Integration,24
A01880,Infrastructure,32
A01880,Database,87
A01880,Analytics & Data,33
A01880,AI & ML,45
A01880,Security,39
A01880,Applications,21
A01880,Integration,45
A01881,Infrastructure,41
A01881,Database,62
A01881,Analytics & Data,60
A01881,AI & ML,28
A01881,Security,37
A01881,Applications,23
A01881,Integration,50
A01882,Infrastructure,37
A01882,Database,30
A01882,Analytics & Data,23
A01882,AI & ML,50
A01882,Security,43
A01882,Applications,28
A01882,Integration,55
A01883,Infrastructure,63
A01883,Database,35
A01883,Analytics & Data,38
A01883,AI & ML,43
A01883,Security,89
A01883,Applications,50
A01883,Integration,77
A01884,Infrastructure,64
A01884,Database,33
A01884,Analytics & Data,43
A01884,AI & ML,80
A01884,Security,95
A01884,Applications,35
A01884,Integration,23
A01885,Infrastructure,83
A01885,Database,41
A01885,Analytics & Data,20
A01885,AI & ML,36
A01885,Security,29
A01885,Applications,37
A01885,Integration,55
A01886,Infrastructure,44
A01886,Database,26
A01886,Analytics & Data,31
A01886,AI & ML,56
A01886,Security,76
A01886,Applications,44
A01886,Integration,18
A01887,Infrastructure,26
A01887,Database,38
A01887,Analytics & Data,30
A01887,AI & ML,46
A01887,Security,79
A01887,Applications,90
A01887,Integration,83
A01888,Infrastructure,55
A01888,Database,35
A01888,Analytics & Data,50
A01888,AI & ML,50
A01888,Security,46
A01888,Applications,100
A01888,Integration,75
A01889,Infrastructure,51
A01889,Database,40
A01889,Analytics & Data,34
A01889,AI & ML,36
A01889,Security,57
A01889,Applications,38
A01889,Integration,41
A01890,Infrastructure,46
A01890,Database,35
A01890,Analytics & Data,60
A01890,AI & ML,36
A01890,Security,62
A01890,Applications,40
A01890,Integration,99
A01891,Infrastructure,71
A01891,Database,52
A01891,Analytics & Data,26
A01891,AI & ML,37
A01891,Security,44
A01891,Applications,44
A01891,Integration,73
A01892,Infrastructure,81
A01892,Database,58
A01892,Analytics & Data,39
A01892,AI & ML,48
A01892,Security,44
A01892,Applications,61
A01892,Integration,54
A01893,Infrastructure,42
A01893,Database,23
A01893,Analytics & Data,55
A01893,AI & ML,74
A01893,Security,30
A01893,Applications,46
A01893,Integration,94
A01894,Infrastructure,92
A01894,Database,49
A01894,Analytics & Data,94
A01894,AI & ML,48
A01894,Security,29
A01894,Applications,49
A01894,Integration,37
A01895,Infrastructure,45
A01895,Database,37
A01895,Analytics & Data,63
A01895,AI & ML,21
A01895,Security,97
A01895,Applications,61
A01895,Integration,97
A01896,Infrastructure,40
A01896,Database,39
A01896,Analytics & Data,52
A01896,AI & ML,46
A01896,Security,37
A01896,Applications,34
A01896,Integration,79
A01897,Infrastructure,56
A01897,Database,26
A01897,Analytics & Data,20
A01897,AI & ML,100
A01897,Security,37
A01897,Applications,27
A01897,Integration,39
A01898,Infrastructure,26
A01898,Database,52
A01898,Analytics & Data,39
A01898,AI & ML,40
A01898,Security,56
A01898,Applications,68
A01898,Integration,27
A01899,Infrastructure,54
A01899,Database,33
A01899,Analytics & Data,47
A01899,AI & ML,29
A01899,Security,37
A01899,Applications,100
A01899,Integration,62
A01900,Infrastructure,25
A01900,Database,83
A01900,Analytics & Data,42
A01900,AI & ML,49
A01900,Security,46
A01900,Applications,64
A01900,Integration,40
A01901,Infrastructure,24
A01901,Database,53
A01901,Analytics & Data,93
A01901,AI & ML,77
A01901,Security,54
A01901,Applications,30
A01901,Integration,36
A01902,Infrastructure,54
A01902,Database,30
A01902,Analytics & Data,40
A01902,AI & ML,81
A01902,Security,82
A01902,Applications,72
A01902,Integration,42
A01903,Infrastructure,56
A01903,Database,70
A01903,Analytics & Data,80
A01903,AI & ML,38
A01903,Security,23
A01903,Applications,40
A01903,Integration,48
A01904,Infrastructure,41
A01904,Database,49
A01904,Analytics & Data,46
A01904,AI & ML,41
A01904,Security,54
A01904,Applications,75
A01904,Integration,63
A01905,Infrastructure,53
A01905,Database,65
A01905,Analytics & Data,45
A01905,AI & ML,47
A01905,Security,77
A01905,Applications,70
A01905,Integration,37
A01906,Infrastructure,63
A01906,Database,36
A01906,Analytics & Data,30
A01906,AI & ML,44
A01906,Security,50
A01906,Applications,52
A01906,Integration,39
A01907,Infrastructure,54
A01907,Database,69
A01907,Analytics & Data,37
A01907,AI & ML,23
A01907,Security,44
A01907,Applications,43
A01907,Integration,99
A01908,Infrastructure,44
A01908,Database,67
A01908,Analytics & Data,43
A01908,AI & ML,46
A01908,Security,49
A01908,Applications,76
A01908,Integration,55
A01909,Infrastructure,20
A01909,Database,25
A01909,Analytics & Data,40
A01909,AI & ML,73
A01909,Security,27
A01909,Applications,96
A01909,Integration,34
A01910,Infrastructure,75
A01910,Database,88
A01910,Analytics & Data,36
A01910,AI & ML,17
A01910,Security,28
A01910,Applications,39
A01910,Integration,33
A01911,Infrastructure,41
A01911,Database,50
A01911,Analytics & Data,81
A01911,AI & ML,95
A01911,Security,39
A01911,Applications,46
A01911,Integration,62
A01912,Infrastructure,46
A01912,Database,38
A01912,Analytics & Data,43
A01912,AI & ML,76
A01912,Security,49
A01912,Applications,81
A01912,Integration,88
A01913,Infrastructure,30
A01913,Database,46
A01913,Analytics & Data,40
A01913,AI & ML,75
A01913,Security,43
A01913,Applications,79
A01913,Integration,50
A01914,Infrastructure,56
A01914,Database,32
A01914,Analytics & Data,38
A01914,AI & ML,58
A01914,Security,45
A01914,Applications,49
A01914,Integration,71
A01915,Infrastructure,44
A01915,Database,66
A01915,Analytics & Data,52
A01915,AI & ML,21
A01915,Security,91
A01915,Applications,76
A01915,Integration,40
A01916,Infrastructure,22
A01916,Database,38
A01916,Analytics & Data,45
A01916,AI & ML,38
A01916,Security,37
A01916,Applications,44
A01916,Integration,22
A01917,Infrastructure,25
A01917,Database,24
A01917,Analytics & Data,33
A01917,AI & ML,43
A01917,Security,48
A01917,Applications,30
A01917,Integration,69
A01918,Infrastructure,39
A01918,Database,30
A01918,Analytics & Data,58
A01918,AI & ML,73
A01918,Security,42
A01918,Applications,84
A01918,Integration,43
A01919,Infrastructure,68
A01919,Database,46
A01919,Analytics & Data,45
A01919,AI & ML,65
A01919,Security,31
A01919,Applications,92
A01919,Integration,41
A01920,Infrastructure,52
A01920,Database,50
A01920,Analytics & Data,38
A01920,AI & ML,36
A01920,Security,57
A01920,Applications,50
A01920,Integration,43
A01921,Infrastructure,45
A01921,Database,35
A01921,Analytics & Data,54
A01921,AI & ML,41
A01921,Security,55
A01921,Applications,45
A01921,Integration,66
A01922,Infrastructure,55
A01922,Database,85
A01922,Analytics & Data,23
A01922,AI & ML,55
A01922,Security,89
A01922,Applications,60
A01922,Integration,35
A01923,Infrastructure,51
A01923,Database,30
A01923,Analytics & Data,30
A01923,AI & ML,42
A01923,Security,38
A01923,Applications,47
A01923,Integration,45
A01924,Infrastructure,43
A01924,Database,66
A01924,Analytics & Data,38
A01924,AI & ML,26
A01924,Security,20
A01924,Applications,39
A01924,Integration,44
A01925,Infrastructure,36
A01925,Database,39
A01925,Analytics & Data,36
A01925,AI & ML,24
A01925,Security,32
A01925,Applications,69
A01925,Integration,63
A01926,Infrastructure,42
A01926,Database,64
A01926,Analytics & Data,27
A01926,AI & ML,39
A01926,Security,95
A01926,Applications,26
A01926,Integration,32
A01927,Infrastructure,44
A01927,Database,41
A01927,Analytics & Data,35
A01927,AI & ML,35
A01927,Security,63
A01927,Applications,57
A01927,Integration,34
A01928,Infrastructure,38
A01928,Database,51
A01928,Analytics & Data,70
A01928,AI & ML,60
A01928,Security,78
A01928,Applications,95
A01928,Integration,59
A01929,Infrastructure,57
A01929,Database,55
A01929,Analytics & Data,48
A01929,AI & ML,15
A01929,Security,35
A01929,Applications,48
A01929,Integration,30
A01930,Infrastructure,61
A01930,Database,87
A01930,Analytics & Data,24
A01930,AI & ML,37
A01930,Security,43
A01930,Applications,77
A01930,Integration,69
A01931,Infrastructure,63
A01931,Database,92
A01931,Analytics & Data,29
A01931,AI & ML,46
A01931,Security,33
A01931,Applications,41
A01931,Integration,29
A01932,Infrastructure,76
A01932,Database,32
A01932,Analytics & Data,89
A01932,AI & ML,32
A01932,Security,50
A01932,Applications,58
A01932,Integration,52
A01933,Infrastructure,63
A01933,Database,58
A01933,Analytics & Data,62
A01933,AI & ML,58
A01933,Security,47
A01933,Applications,26
A01933,Integration,33
A01934,Infrastructure,61
A01934,Database,38
A01934,Analytics & Data,35
A01934,AI & ML,29
A01934,Security,42
A01934,Applications,80
A01934,Integration,46
A01935,Infrastructure,37
A01935,Database,55
A01935,Analytics & Data,45
A01935,AI & ML,41
A01935,Security,35
A01935,Applications,40
A01935,Integration,57
A01936,Infrastructure,45
A01936,Database,30
A01936,Analytics & Data,48
A01936,AI & ML,94
A01936,Security,66
A01936,Applications,44
A01936,Integration,99
A01937,Infrastructure,61
A01937,Database,39
A01937,Analytics & Data,41
A01937,AI & ML,24
A01937,Security,83
A01937,Applications,18
A01937,Integration,38
A01938,Infrastructure,49
A01938,Database,50
A01938,Analytics & Data,47
A01938,AI & ML,47
A01938,Security,86
A01938,Applications,38
A01938,Integration,92
A01939,Infrastructure,87
A01939,Database,54
A01939,Analytics & Data,41
A01939,AI & ML,52
A01939,Security,65
A01939,Applications,32
A01939,Integration,32
A01940,Infrastructure,45
A01940,Database,52
A01940,Analytics & Data,24
A01940,AI & ML,78
A01940,Security,87
A01940,Applications,77
A01940,Integration,34
A01941,Infrastructure,49
A01941,Database,59
A01941,Analytics & Data,30
A01941,AI & ML,35
A01941,Security,51
A01941,Applications,67
A01941,Integration,49
A01942,Infrastructure,27
A01942,Database,62
A01942,Analytics & Data,39
A01942,AI & ML,63
A01942,Security,49
A01942,Applications,48
A01942,Integration,24
A01943,Infrastructure,40
A01943,Database,42
A01943,Analytics & Data,76
A01943,AI & ML,90
A01943,Security,45
A01943,Applications,52
A01943,Integration,45
A01944,Infrastructure,42
A01944,Database,31
A01944,Analytics & Data,34
A01944,AI & ML,47
A01944,Security,62
A01944,Applications,29
A01944,Integration,95
A01945,Infrastructure,92
A01945,Database,74
A01945,Analytics & Data,74
A01945,AI & ML,57
A01945,Security,58
A01945,Applications,41
A01945,Integration,34
A01946,Infrastructure,45
A01946,Database,22
A01946,Analytics & Data,50
A01946,AI & ML,44
A01946,Security,72
A01946,Applications,81
A01946,Integration,52
A01947,Infrastructure,36
A01947,Database,46
A01947,Analytics & Data,48
A01947,AI & ML,45
A01947,Security,32
A01947,Applications,24
A01947,Integration,27
A01948,Infrastructure,53
A01948,Database,52
A01948,Analytics & Data,81
A01948,AI & ML,46
A01948,Security,52
A01948,Applications,79
A01948,Integration,32
A01949,Infrastructure,32
A01949,Database,47
A01949,Analytics & Data,79
A01949,AI & ML,50
A01949,Security,25
A01949,Applications,77
A01949,Integration,25
A01950,Infrastructure,70
A01950,Database,56
A01950,Analytics & Data,72
A01950,AI & ML,80
A01950,Security,72
A01950,Applications,40
A01950,Integration,52
A01951,Infrastructure,46
A01951,Database,37
A01951,Analytics & Data,49
A01951,AI & ML,98
A01951,Security,50
A01951,Applications,65
A01951,Integration,48
A01952,Infrastructure,68
A01952,Database,36
A01952,Analytics & Data,47
A01952,AI & ML,44
A01952,Security,31
A01952,Applications,35
A01952,Integration,54
A01953,Infrastructure,42
A01953,Database,35
A01953,Analytics & Data,36
A01953,AI & ML,41
A01953,Security,35
A01953,Applications,52
A01953,Integration,38
A01954,Infrastructure,31
A01954,Database,42
A01954,Analytics & Data,67
A01954,AI & ML,39
A01954,Security,22
A01954,Applications,36
A01954,Integration,35
A01955,Infrastructure,48
A01955,Database,32
A01955,Analytics & Data,71
A01955,AI & ML,100
A01955,Security,46
A01955,Applications,62
A01955,Integration,34
A01956,Infrastructure,69
A01956,Database,34
A01956,Analytics & Data,32
A01956,AI & ML,37
A01956,Security,100
A01956,Applications,65
A01956,Integration,56
A01957,Infrastructure,84
A01957,Database,24
A01957,Analytics & Data,47
A01957,AI & ML,89
A01957,Security,61
A01957,Applications,95
A01957,Integration,24
A01958,Infrastructure,49
A01958,Database,53
A01958,Analytics & Data,37
A01958,AI & ML,67
A01958,Security,36
A01958,Applications,33
A01958,Integration,25
A01959,Infrastructure,36
A01959,Database,81
A01959,Analytics & Data,81
A01959,AI & ML,70
A01959,Security,23
A01959,Applications,40
A01959,Integration,19
A01960,Infrastructure,38
A01960,Database,41
A01960,Analytics & Data,100
A01960,AI & ML,30
A01960,Security,67
A01960,Applications,57
A01960,Integration,27
A01961,Infrastructure,65
A01961,Database,44
A01961,Analytics & Data,28
A01961,AI & ML,22
A01961,Security,31
A01961,Applications,26
A01961,Integration,32
A01962,Infrastructure,22
A01962,Database,33
A01962,Analytics & Data,91
A01962,AI & ML,50
A01962,Security,83
A01962,Applications,38
A01962,Integration,31
A01963,Infrastructure,51
A01963,Database,42
A01963,Analytics & Data,41
A01963,AI & ML,32
A01963,Security,47
A01963,Applications,17
A01963,Integration,100
A01964,Infrastructure,33
A01964,Database,51
A01964,Analytics & Data,53
A01964,AI & ML,38
A01964,Security,56
A01964,Applications,65
A01964,Integration,39
A01965,Infrastructure,41
A01965,Database,27
A01965,Analytics & Data,29
A01965,AI & ML,42
A01965,Security,62
A01965,Applications,38
A01965,Integration,24
A01966,Infrastructure,40
A01966,Database,50
A01966,Analytics & Data,100
A01966,AI & ML,45
A01966,Security,57
A01966,Applications,43
A01966,Integration,50
A01967,Infrastructure,54
A01967,Database,35
A01967,Analytics & Data,26
A01967,AI & ML,54
A01967,Security,81
A01967,Applications,54
A01967,Integration,41
A01968,Infrastructure,52
A01968,Database,58
A01968,Analytics & Data,92
A01968,AI & ML,49
A01968,Security,38
A01968,Applications,32
A01968,Integration,38
A01969,Infrastructure,51
A01969,Database,28
A01969,Analytics & Data,35
A01969,AI & ML,50
A01969,Security,47
A01969,Applications,81
A01969,Integration,34
A01970,Infrastructure,43
A01970,Database,36
A01970,Analytics & Data,87
A01970,AI & ML,52
A01970,Security,23
A01970,Applications,59
A01970,Integration,62
A01971,Infrastructure,63
A01971,Database,98
A01971,Analytics & Data,34
A01971,AI & ML,28
A01971,Security,57
A01971,Applications,37
A01971,Integration,64
A01972,Infrastructure,36
A01972,Database,73
A01972,Analytics & Data,29
A01972,AI & ML,38
A01972,Security,75
A01972,Applications,32
A01972,Integration,52
A01973,Infrastructure,24
A01973,Database,29
A01973,Analytics & Data,31
A01973,AI & ML,24
A01973,Security,43
A01973,Applications,20
A01973,Integration,41
A01974,Infrastructure,57
A01974,Database,36
A01974,Analytics & Data,35
A01974,AI & ML,42
A01974,Security,31
A01974,Applications,100
A01974,Integration,74
A01975,Infrastructure,27
A01975,Database,40
A01975,Analytics & Data,40
A01975,AI & ML,87
A01975,Security,65
A01975,Applications,62
A01975,Integration,100
A01976,Infrastructure,41
A01976,Database,100
A01976,Analytics & Data,85
A01976,AI & ML,43
A01976,Security,39
A01976,Applications,29
A01976,Integration,19
A01977,Infrastructure,66
A01977,Database,36
A01977,Analytics & Data,45
A01977,AI & ML,61
A01977,Security,94
A01977,Applications,50
A01977,Integration,30
A01978,Infrastructure,50
A01978,Database,43
A01978,Analytics & Data,43
A01978,AI & ML,96
A01978,Security,20
A01978,Applications,38
A01978,Integration,53
A01979,Infrastructure,89
A01979,Database,75
A01979,Analytics & Data,33
A01979,AI & ML,64
A01979,Security,39
A01979,Applications,70
A01979,Integration,52
A01980,Infrastructure,41
A01980,Database,72
A01980,Analytics & Data,37
A01980,AI & ML,97
A01980,Security,94
A01980,Applications,57
A01980,Integration,47
A01981,Infrastructure,45
A01981,Database,20
A01981,Analytics & Data,70
A01981,AI & ML,37
A01981,Security,55
A01981,Applications,61
A01981,Integration,100
A01982,Infrastructure,19
A01982,Database,16
A01982,Analytics & Data,89
A01982,AI & ML,98
A01982,Security,68
A01982,Applications,87
A01982,Integration,43
A01983,Infrastructure,70
A01983,Database,44
A01983,Analytics & Data,42
A01983,AI & ML,94
A01983,Security,52
A01983,Applications,47
A01983,Integration,36
A01984,Infrastructure,23
A01984,Database,37
A01984,Analytics & Data,21
A01984,AI & ML,36
A01984,Security,68
A01984,Applications,43
A01984,Integration,47
A01985,Infrastructure,87
A01985,Database,85
A01985,Analytics & Data,37
A01985,AI & ML,40
A01985,Security,40
A01985,Applications,72
A01985,Integration,39
A01986,Infrastructure,57
A01986,Database,47
A01986,Analytics & Data,50
A01986,AI & ML,27
A01986,Security,59
A01986,Applications,34
A01986,Integration,86
A01987,Infrastructure,61
A01987,Database,100
A01987,Analytics & Data,29
A01987,AI & ML,78
A01987,Security,91
A01987,Applications,46
A01987,Integration,42
A01988,Infrastructure,38
A01988,Database,40
A01988,Analytics & Data,61
A01988,AI & ML,61
A01988,Security,24
A01988,Applications,33
A01988,Integration,54
A01989,Infrastructure,37
A01989,Database,46
A01989,Analytics & Data,82
A01989,AI & ML,33
A01989,Security,44
A01989,Applications,77
A01989,Integration,97
A01990,Infrastructure,70
A01990,Database,67
A01990,Analytics & Data,47
A01990,AI & ML,43
A01990,Security,39
A01990,Applications,36
A01990,Integration,50
A01991,Infrastructure,51
A01991,Database,77
A01991,Analytics & Data,42
A01991,AI & ML,62
A01991,Security,72
A01991,Applications,51
A01991,Integration,41
A01992,Infrastructure,37
A01992,Database,47
A01992,Analytics & Data,48
A01992,AI & ML,36
A01992,Security,34
A01992,Applications,49
A01992,Integration,61
A01993,Infrastructure,34
A01993,Database,49
A01993,Analytics & Data,45
A01993,AI & ML,40
A01993,Security,82
A01993,Applications,75
A01993,Integration,80
A01994,Infrastructure,53
A01994,Database,52
A01994,Analytics & Data,47
A01994,AI & ML,27
A01994,Security,42
A01994,Applications,82
A01994,Integration,46
A01995,Infrastructure,57
A01995,Database,74
A01995,Analytics & Data,50
A01995,AI & ML,22
A01995,Security,43
A01995,Applications,52
A01995,Integration,42
A01996,Infrastructure,63
A01996,Database,62
A01996,Analytics & Data,49
A01996,AI & ML,54
A01996,Security,30
A01996,Applications,33
A01996,Integration,70
A01997,Infrastructure,56
A01997,Database,50
A01997,Analytics & Data,92
A01997,AI & ML,52
A01997,Security,27
A01997,Applications,31
A01997,Integration,71
A01998,Infrastructure,45
A01998,Database,45
A01998,Analytics & Data,84
A01998,AI & ML,34
A01998,Security,67
A01998,Applications,54
A01998,Integration,47
A01999,Infrastructure,33
A01999,Database,36
A01999,Analytics & Data,69
A01999,AI & ML,31
A01999,Security,87
A01999,Applications,77
A01999,Integration,44
A02000,Infrastructure,42
A02000,Database,66
A02000,Analytics & Data,49
A02000,AI & ML,71
A02000,Security,43
A02000,Applications,42
A02000,Integration,53
A02001,Infrastructure,78
A02001,Database,40
A02001,Analytics & Data,31
A02001,AI & ML,98
A02001,Security,34
A02001,Applications,97
A02001,Integration,38
A02002,Infrastructure,32
A02002,Database,36
A02002,Analytics & Data,25
A02002,AI & ML,19
A02002,Security,44
A02002,Applications,29
A02002,Integration,39
A02003,Infrastructure,49
A02003,Database,27
A02003,Analytics & Data,50
A02003,AI & ML,35
A02003,Security,71
A02003,Applications,26
A02003,Integration,46
A02004,Infrastructure,41
A02004,Database,44
A02004,Analytics & Data,37
A02004,AI & ML,36
A02004,Security,22
A02004,Applications,53
A02004,Integration,25
A02005,Infrastructure,42
A02005,Database,47
A02005,Analytics & Data,30
A02005,AI & ML,85
A02005,Security,89
A02005,Applications,39
A02005,Integration,57
A02006,Infrastructure,52
A02006,Database,16
A02006,Analytics & Data,57
A02006,AI & ML,78
A02006,Security,45
A02006,Applications,49
A02006,Integration,31
A02007,Infrastructure,80
A02007,Database,46
A02007,Analytics & Data,93
A02007,AI & ML,37
A02007,Security,96
A02007,Applications,24
A02007,Integration,41
A02008,Infrastructure,59
A02008,Database,8
A02008,Analytics & Data,21
A02008,AI & ML,46
A02008,Security,34
A02008,Applications,54
A02008,Integration,82
A02009,Infrastructure,32
A02009,Database,37
A02009,Analytics & Data,72
A02009,AI & ML,45
A02009,Security,41
A02009,Applications,32
A02009,Integration,37
A02010,Infrastructure,82
A02010,Database,34
A02010,Analytics & Data,29
A02010,AI & ML,42
A02010,Security,37
A02010,Applications,62
A02010,Integration,56
A02011,Infrastructure,44
A02011,Database,48
A02011,Analytics & Data,32
A02011,AI & ML,87
A02011,Security,41
A02011,Applications,54
A02011,Integration,98
A02012,Infrastructure,21
A02012,Database,25
A02012,Analytics & Data,40
A02012,AI & ML,94
A02012,Security,80
A02012,Applications,51
A02012,Integration,64
A02013,Infrastructure,84
A02013,Database,25
A02013,Analytics & Data,52
A02013,AI & ML,76
A02013,Security,48
A02013,Applications,40
A02013,Integration,43
A02014,Infrastructure,71
A02014,Database,61
A02014,Analytics & Data,100
A02014,AI & ML,45
A02014,Security,36
A02014,Applications,26
A02014,Integration,49
A02015,Infrastructure,45
A02015,Database,52
A02015,Analytics & Data,50
A02015,AI & ML,35
A02015,Security,73
A02015,Applications,35
A02015,Integration,83
A02016,Infrastructure,60
A02016,Database,70
A02016,Analytics & Data,42
A02016,AI & ML,68
A02016,Security,71
A02016,Applications,55
A02016,Integration,40
A02017,Infrastructure,43
A02017,Database,34
A02017,Analytics & Data,65
A02017,AI & ML,36
A02017,Security,48
A02017,Applications,27
A02017,Integration,33
A02018,Infrastructure,34
A02018,Database,76
A02018,Analytics & Data,29
A02018,AI & ML,38
A02018,Security,47
A02018,Applications,45
A02018,Integration,39
A02019,Infrastructure,56
A02019,Database,17
A02019,Analytics & Data,52
A02019,AI & ML,44
A02019,Security,66
A02019,Applications,92
A02019,Integration,47
A02020,Infrastructure,17
A02020,Database,32
A02020,Analytics & Data,58
A02020,AI & ML,56
A02020,Security,51
A02020,Applications,35
A02020,Integration,54
A02021,Infrastructure,36
A02021,Database,19
A02021,Analytics & Data,39
A02021,AI & ML,45
A02021,Security,67
A02021,Applications,49
A02021,Integration,49
A02022,Infrastructure,31
A02022,Database,47
A02022,Analytics & Data,29
A02022,AI & ML,23
A02022,Security,59
A02022,Applications,93
A02022,Integration,57
A02023,Infrastructure,42
A02023,Database,65
A02023,Analytics & Data,31
A02023,AI & ML,52
A02023,Security,94
A02023,Applications,67
A02023,Integration,18
A02024,Infrastructure,37
A02024,Database,40
A02024,Analytics & Data,18
A02024,AI & ML,63
A02024,Security,91
A02024,Applications,59
A02024,Integration,31
A02025,Infrastructure,40
A02025,Database,47
A02025,Analytics & Data,55
A02025,AI & ML,50
A02025,Security,91
A02025,Applications,32
A02025,Integration,53
A02026,Infrastructure,27
A02026,Database,34
A02026,Analytics & Data,50
A02026,AI & ML,32
A02026,Security,65
A02026,Applications,54
A02026,Integration,48
A02027,Infrastructure,22
A02027,Database,34
A02027,Analytics & Data,46
A02027,AI & ML,67
A02027,Security,40
A02027,Applications,48
A02027,Integration,14
A02028,Infrastructure,29
A02028,Database,73
A02028,Analytics & Data,70
A02028,AI & ML,20
A02028,Security,17
A02028,Applications,70
A02028,Integration,26
A02029,Infrastructure,23
A02029,Database,54
A02029,Analytics & Data,55
A02029,AI & ML,28
A02029,Security,65
A02029,Applications,95
A02029,Integration,80
A02030,Infrastructure,41
A02030,Database,38
A02030,Analytics & Data,39
A02030,AI & ML,40
A02030,Security,38
A02030,Applications,100
A02030,Integration,27
A02031,Infrastructure,43
A02031,Database,71
A02031,Analytics & Data,20
A02031,AI & ML,86
A02031,Security,58
A02031,Applications,46
A02031,Integration,32
A02032,Infrastructure,35
A02032,Database,42
A02032,Analytics & Data,66
A02032,AI & ML,34
A02032,Security,60
A02032,Applications,38
A02032,Integration,25
A02033,Infrastructure,39
A02033,Database,38
A02033,Analytics & Data,68
A02033,AI & ML,43
A02033,Security,85
A02033,Applications,33
A02033,Integration,34
A02034,Infrastructure,59
A02034,Database,55
A02034,Analytics & Data,40
A02034,AI & ML,32
A02034,Security,79
A02034,Applications,41
A02034,Integration,41
A02035,Infrastructure,48
A02035,Database,34
A02035,Analytics & Data,34
A02035,AI & ML,92
A02035,Security,35
A02035,Applications,30
A02035,Integration,30
A02036,Infrastructure,47
A02036,Database,67
A02036,Analytics & Data,47
A02036,AI & ML,33
A02036,Security,38
A02036,Applications,77
A02036,Integration,29
A02037,Infrastructure,39
A02037,Database,85
A02037,Analytics & Data,37
A02037,AI & ML,65
A02037,Security,57
A02037,Applications,83
A02037,Integration,38
A02038,Infrastructure,47
A02038,Database,64
A02038,Analytics & Data,36
A02038,AI & ML,42
A02038,Security,57
A02038,Applications,63
A02038,Integration,52
A02039,Infrastructure,18
A02039,Database,65
A02039,Analytics & Data,47
A02039,AI & ML,32
A02039,Security,78
A02039,Applications,37
A02039,Integration,24
A02040,Infrastructure,79
A02040,Database,39
A02040,Analytics & Data,53
A02040,AI & ML,47
A02040,Security,46
A02040,Applications,41
A02040,Integration,78
A02041,Infrastructure,44
A02041,Database,75
A02041,Analytics & Data,44
A02041,AI & ML,56
A02041,Security,82
A02041,Applications,45
A02041,Integration,84
A02042,Infrastructure,49
A02042,Database,32
A02042,Analytics & Data,34
A02042,AI & ML,45
A02042,Security,61
A02042,Applications,96
A02042,Integration,67
A02043,Infrastructure,36
A02043,Database,48
A02043,Analytics & Data,27
A02043,AI & ML,71
A02043,Security,41
A02043,Applications,70
A02043,Integration,47
A02044,Infrastructure,29
A02044,Database,57
A02044,Analytics & Data,51
A02044,AI & ML,28
A02044,Security,29
A02044,Applications,36
A02044,Integration,42
A02045,Infrastructure,32
A02045,Database,76
A02045,Analytics & Data,48
A02045,AI & ML,65
A02045,Security,62
A02045,Applications,48
A02045,Integration,26
A02046,Infrastructure,51
A02046,Database,34
A02046,Analytics & Data,41
A02046,AI & ML,33
A02046,Security,34
A02046,Applications,36
A02046,Integration,87
A02047,Infrastructure,37
A02047,Database,43
A02047,Analytics & Data,30
A02047,AI & ML,57
A02047,Security,20
A02047,Applications,14
A02047,Integration,64
A02048,Infrastructure,100
A02048,Database,66
A02048,Analytics & Data,42
A02048,AI & ML,54
A02048,Security,91
A02048,Applications,61
A02048,Integration,40
A02049,Infrastructure,59
A02049,Database,34
A02049,Analytics & Data,66
A02049,AI & ML,45
A02049,Security,38
A02049,Applications,18
A02049,Integration,30
A02050,Infrastructure,19
A02050,Database,45
A02050,Analytics & Data,23
A02050,AI & ML,83
A02050,Security,42
A02050,Applications,50
A02050,Integration,51
A02051,Infrastructure,55
A02051,Database,100
A02051,Analytics & Data,48
A02051,AI & ML,25
A02051,Security,73
A02051,Applications,38
A02051,Integration,27
A02052,Infrastructure,46
A02052,Database,27
A02052,Analytics & Data,54
A02052,AI & ML,30
A02052,Security,56
A02052,Applications,32
A02052,Integration,80
A02053,Infrastructure,30
A02053,Database,21
A02053,Analytics & Data,29
A02053,AI & ML,34
A02053,Security,89
A02053,Applications,72
A02053,Integration,64
A02054,Infrastructure,22
A02054,Database,96
A02054,Analytics & Data,45
A02054,AI & ML,35
A02054,Security,66
A02054,Applications,38
A02054,Integration,61
A02055,Infrastructure,41
A02055,Database,42
A02055,Analytics & Data,64
A02055,AI & ML,51
A02055,Security,61
A02055,Applications,75
A02055,Integration,78
A02056,Infrastructure,22
A02056,Database,66
A02056,Analytics & Data,27
A02056,AI & ML,57
A02056,Security,90
A02056,Applications,39
A02056,Integration,29
A02057,Infrastructure,66
A02057,Database,94
A02057,Analytics & Data,63
A02057,AI & ML,33
A02057,Security,38
A02057,Applications,100
A02057,Integration,96
A02058,Infrastructure,81
A02058,Database,39
A02058,Analytics & Data,45
A02058,AI & ML,42
A02058,Security,34
A02058,Applications,51
A02058,Integration,45
A02059,Infrastructure,54
A02059,Database,35
A02059,Analytics & Data,80
A02059,AI & ML,35
A02059,Security,29
A02059,Applications,38
A02059,Integration,39
A02060,Infrastructure,40
A02060,Database,62
A02060,Analytics & Data,30
A02060,AI & ML,48
A02060,Security,46
A02060,Applications,23
A02060,Integration,48
A02061,Infrastructure,100
A02061,Database,36
A02061,Analytics & Data,38
A02061,AI & ML,40
A02061,Security,44
A02061,Applications,44
A02061,Integration,39
A02062,Infrastructure,25
A02062,Database,41
A02062,Analytics & Data,74
A02062,AI & ML,38
A02062,Security,37
A02062,Applications,31
A02062,Integration,38
A02063,Infrastructure,17
A02063,Database,37
A02063,Analytics & Data,50
A02063,AI & ML,35
A02063,Security,46
A02063,Applications,76
A02063,Integration,39
A02064,Infrastructure,48
A02064,Database,43
A02064,Analytics & Data,78
A02064,AI & ML,48
A02064,Security,52
A02064,Applications,25
A02064,Integration,36
A02065,Infrastructure,22
A02065,Database,42
A02065,Analytics & Data,30
A02065,AI & ML,28
A02065,Security,55
A02065,Applications,48
A02065,Integration,28
A02066,Infrastructure,60
A02066,Database,51
A02066,Analytics & Data,36
A02066,AI & ML,65
A02066,Security,43
A02066,Applications,33
A02066,Integration,26
A02067,Infrastructure,21
A02067,Database,42
A02067,Analytics & Data,53
A02067,AI & ML,32
A02067,Security,41
A02067,Applications,20
A02067,Integration,37
A02068,Infrastructure,37
A02068,Database,35
A02068,Analytics & Data,65
A02068,AI & ML,29
A02068,Security,52
A02068,Applications,50
A02068,Integration,32
A02069,Infrastructure,35
A02069,Database,52
A02069,Analytics & Data,41
A02069,AI & ML,37
A02069,Security,59
A02069,Applications,100
A02069,Integration,66
A02070,Infrastructure,75
A02070,Database,64
A02070,Analytics & Data,47
A02070,AI & ML,52
A02070,Security,37
A02070,Applications,62
A02070,Integration,58
A02071,Infrastructure,100
A02071,Database,58
A02071,Analytics & Data,64
A02071,AI & ML,74
A02071,Security,16
A02071,Applications,51
A02071,Integration,40
A02072,Infrastructure,43
A02072,Database,62
A02072,Analytics & Data,57
A02072,AI & ML,55
A02072,Security,54
A02072,Applications,47
A02072,Integration,30
A02073,Infrastructure,63
A02073,Database,77
A02073,Analytics & Data,100
A02073,AI & ML,87
A02073,Security,65
A02073,Applications,15
A02073,Integration,39
A02074,Infrastructure,54
A02074,Database,29
A02074,Analytics & Data,66
A02074,AI & ML,50
A02074,Security,53
A02074,Applications,77
A02074,Integration,21
A02075,Infrastructure,66
A02075,Database,82
A02075,Analytics & Data,80
A02075,AI & ML,36
A02075,Security,46
A02075,Applications,25
A02075,Integration,40
A02076,Infrastructure,40
A02076,Database,44
A02076,Analytics & Data,60
A02076,AI & ML,44
A02076,Security,45
A02076,Applications,45
A02076,Integration,77
A02077,Infrastructure,49
A02077,Database,87
A02077,Analytics & Data,26
A02077,AI & ML,92
A02077,Security,80
A02077,Applications,14
A02077,Integration,41
A02078,Infrastructure,68
A02078,Database,34
A02078,Analytics & Data,28
A02078,AI & ML,68
A02078,Security,42
A02078,Applications,40
A02078,Integration,42
A02079,Infrastructure,56
A02079,Database,20
A02079,Analytics & Data,24
A02079,AI & ML,48
A02079,Security,73
A02079,Applications,33
A02079,Integration,75
A02080,Infrastructure,33
A02080,Database,51
A02080,Analytics & Data,62
A02080,AI & ML,37
A02080,Security,48
A02080,Applications,46
A02080,Integration,57
A02081,Infrastructure,64
A02081,Database,96
A02081,Analytics & Data,36
A02081,AI & ML,27
A02081,Security,39
A02081,Applications,57
A02081,Integration,81
A02082,Infrastructure,47
A02082,Database,51
A02082,Analytics & Data,35
A02082,AI & ML,29
A02082,Security,67
A02082,Applications,21
A02082,Integration,85
A02083,Infrastructure,50
A02083,Database,41
A02083,Analytics & Data,14
A02083,AI & ML,75
A02083,Security,33
A02083,Applications,75
A02083,Integration,43
A02084,Infrastructure,38
A02084,Database,55
A02084,Analytics & Data,41
A02084,AI & ML,16
A02084,Security,42
A02084,Applications,33
A02084,Integration,31
A02085,Infrastructure,30
A02085,Database,74
A02085,Analytics & Data,67
A02085,AI & ML,88
A02085,Security,31
A02085,Applications,100
A02085,Integration,82
A02086,Infrastructure,45
A02086,Database,78
A02086,Analytics & Data,38
A02086,AI & ML,38
A02086,Security,57
A02086,Applications,37
A02086,Integration,88
A02087,Infrastructure,48
A02087,Database,83
A02087,Analytics & Data,22
A02087,AI & ML,79
A02087,Security,39
A02087,Applications,63
A02087,Integration,33
A02088,Infrastructure,51
A02088,Database,70
A02088,Analytics & Data,35
A02088,AI & ML,49
A02088,Security,82
A02088,Applications,75
A02088,Integration,66
A02089,Infrastructure,50
A02089,Database,69
A02089,Analytics & Data,44
A02089,AI & ML,47
A02089,Security,34
A02089,Applications,48
A02089,Integration,41
A02090,Infrastructure,30
A02090,Database,57
A02090,Analytics & Data,56
A02090,AI & ML,59
A02090,Security,35
A02090,Applications,35
A02090,Integration,43
A02091,Infrastructure,30
A02091,Database,51
A02091,Analytics & Data,66
A02091,AI & ML,43
A02091,Security,65
A02091,Applications,42
A02091,Integration,48
A02092,Infrastructure,48
A02092,Database,59
A02092,Analytics & Data,39
A02092,AI & ML,52
A02092,Security,62
A02092,Applications,79
A02092,Integration,59
A02093,Infrastructure,67
A02093,Database,29
A02093,Analytics & Data,24
A02093,AI & ML,50
A02093,Security,46
A02093,Applications,29
A02093,Integration,53
A02094,Infrastructure,28
A02094,Database,36
A02094,Analytics & Data,100
A02094,AI & ML,38
A02094,Security,21
A02094,Applications,14
A02094,Integration,89
A02095,Infrastructure,37
A02095,Database,30
A02095,Analytics & Data,80
A02095,AI & ML,43
A02095,Security,37
A02095,Applications,29
A02095,Integration,35
A02096,Infrastructure,40
A02096,Database,38
A02096,Analytics & Data,93
A02096,AI & ML,87
A02096,Security,57
A02096,Applications,42
A02096,Integration,23
A02097,Infrastructure,54
A02097,Database,90
A02097,Analytics & Data,35
A02097,AI & ML,57
A02097,Security,60
A02097,Applications,40
A02097,Integration,41
A02098,Infrastructure,27
A02098,Database,100
A02098,Analytics & Data,96
A02098,AI & ML,53
A02098,Security,30
A02098,Applications,98
A02098,Integration,70
A02099,Infrastructure,85
A02099,Database,65
A02099,Analytics & Data,56
A02099,AI & ML,100
A02099,Security,24
A02099,Applications,30
A02099,Integration,40
A02100,Infrastructure,94
A02100,Database,44
A02100,Analytics & Data,28
A02100,AI & ML,31
A02100,Security,63
A02100,Applications,100
A02100,Integration,36
A02101,Infrastructure,59
A02101,Database,42
A02101,Analytics & Data,46
A02101,AI & ML,87
A02101,Security,63
A02101,Applications,47
A02101,Integration,64
A02102,Infrastructure,95
A02102,Database,41
A02102,Analytics & Data,41
A02102,AI & ML,44
A02102,Security,46
A02102,Applications,39
A02102,Integration,41
A02103,Infrastructure,47
A02103,Database,26
A02103,Analytics & Data,25
A02103,AI & ML,51
A02103,Security,38
A02103,Applications,88
A02103,Integration,23
A02104,Infrastructure,59
A02104,Database,49
A02104,Analytics & Data,30
A02104,AI & ML,54
A02104,Security,59
A02104,Applications,77
A02104,Integration,51
A02105,Infrastructure,35
A02105,Database,50
A02105,Analytics & Data,55
A02105,AI & ML,34
A02105,Security,65
A02105,Applications,52
A02105,Integration,38
A02106,Infrastructure,39
A02106,Database,42
A02106,Analytics & Data,35
A02106,AI & ML,53
A02106,Security,90
A02106,Applications,32
A02106,Integration,41
A02107,Infrastructure,49
A02107,Database,38
A02107,Analytics & Data,91
A02107,AI & ML,76
A02107,Security,36
A02107,Applications,43
A02107,Integration,62
A02108,Infrastructure,47
A02108,Database,95
A02108,Analytics & Data,46
A02108,AI & ML,47
A02108,Security,56
A02108,Applications,94
A02108,Integration,30
A02109,Infrastructure,72
A02109,Database,61
A02109,Analytics & Data,61
A02109,AI & ML,45
A02109,Security,66
A02109,Applications,37
A02109,Integration,95
A02110,Infrastructure,76
A02110,Database,47
A02110,Analytics & Data,39
A02110,AI & ML,45
A02110,Security,84
A02110,Applications,55
A02110,Integration,45
A02111,Infrastructure,36
A02111,Database,41
A02111,Analytics & Data,28
A02111,AI & ML,55
A02111,Security,55
A02111,Applications,50
A02111,Integration,42
A02112,Infrastructure,54
A02112,Database,41
A02112,Analytics & Data,32
A02112,AI & ML,27
A02112,Security,53
A02112,Applications,33
A02112,Integration,35
A02113,Infrastructure,53
A02113,Database,99
A02113,Analytics & Data,24
A02113,AI & ML,73
A02113,Security,38
A02113,Applications,44
A02113,Integration,30
A02114,Infrastructure,62
A02114,Database,35
A02114,Analytics & Data,40
A02114,AI & ML,92
A02114,Security,82
A02114,Applications,44
A02114,Integration,47
A02115,Infrastructure,95
A02115,Database,62
A02115,Analytics & Data,54
A02115,AI & ML,80
A02115,Security,38
A02115,Applications,60
A02115,Integration,79
A02116,Infrastructure,32
A02116,Database,30
A02116,Analytics & Data,26
A02116,AI & ML,34
A02116,Security,55
A02116,Applications,77
A02116,Integration,47
A02117,Infrastructure,42
A02117,Database,48
A02117,Analytics & Data,52
A02117,AI & ML,47
A02117,Security,48
A02117,Applications,58
A02117,Integration,86
A02118,Infrastructure,39
A02118,Database,49
A02118,Analytics & Data,100
A02118,AI & ML,40
A02118,Security,42
A02118,Applications,28
A02118,Integration,26
A02119,Infrastructure,25
A02119,Database,50
A02119,Analytics & Data,83
A02119,AI & ML,19
A02119,Security,33
A02119,Applications,56
A02119,Integration,55
A02120,Infrastructure,46
A02120,Database,72
A02120,Analytics & Data,49
A02120,AI & ML,67
A02120,Security,18
A02120,Applications,37
A02120,Integration,26
A02121,Infrastructure,29
A02121,Database,33
A02121,Analytics & Data,28
A02121,AI & ML,27
A02121,Security,48
A02121,Applications,36
A02121,Integration,32
A02122,Infrastructure,37
A02122,Database,39
A02122,Analytics & Data,61
A02122,AI & ML,100
A02122,Security,48
A02122,Applications,37
A02122,Integration,79
A02123,Infrastructure,83
A02123,Database,98
A02123,Analytics & Data,49
A02123,AI & ML,25
A02123,Security,79
A02123,Applications,53
A02123,Integration,45
A02124,Infrastructure,77
A02124,Database,37
A02124,Analytics & Data,47
A02124,AI & ML,30
A02124,Security,39
A02124,Applications,26
A02124,Integration,100
A02125,Infrastructure,35
A02125,Database,51
A02125,Analytics & Data,43
A02125,AI & ML,65
A02125,Security,47
A02125,Applications,67
A02125,Integration,47
A02126,Infrastructure,39
A02126,Database,40
A02126,Analytics & Data,86
A02126,AI & ML,38
A02126,Security,43
A02126,Applications,37
A02126,Integration,40
A02127,Infrastructure,57
A02127,Database,56
A02127,Analytics & Data,39
A02127,AI & ML,55
A02127,Security,100
A02127,Applications,48
A02127,Integration,92
A02128,Infrastructure,32
A02128,Database,45
A02128,Analytics & Data,66
A02128,AI & ML,35
A02128,Security,32
A02128,Applications,52
A02128,Integration,22
A02129,Infrastructure,23
A02129,Database,79
A02129,Analytics & Data,62
A02129,AI & ML,35
A02129,Security,68
A02129,Applications,48
A02129,Integration,85
A02130,Infrastructure,31
A02130,Database,30
A02130,Analytics & Data,64
A02130,AI & ML,45
A02130,Security,30
A02130,Applications,73
A02130,Integration,57
A02131,Infrastructure,32
A02131,Database,27
A02131,Analytics & Data,45
A02131,AI & ML,51
A02131,Security,56
A02131,Applications,39
A02131,Integration,47
A02132,Infrastructure,39
A02132,Database,70
A02132,Analytics & Data,45
A02132,AI & ML,58
A02132,Security,52
A02132,Applications,64
A02132,Integration,63
A02133,Infrastructure,53
A02133,Database,90
A02133,Analytics & Data,54
A02133,AI & ML,46
A02133,Security,95
A02133,Applications,19
A02133,Integration,48
A02134,Infrastructure,83
A02134,Database,45
A02134,Analytics & Data,96
A02134,AI & ML,30
A02134,Security,38
A02134,Applications,58
A02134,Integration,52
A02135,Infrastructure,90
A02135,Database,38
A02135,Analytics & Data,28
A02135,AI & ML,38
A02135,Security,61
A02135,Applications,34
A02135,Integration,37
A02136,Infrastructure,41
A02136,Database,93
A02136,Analytics & Data,41
A02136,AI & ML,41
A02136,Security,77
A02136,Applications,46
A02136,Integration,42
A02137,Infrastructure,68
A02137,Database,54
A02137,Analytics & Data,45
A02137,AI & ML,41
A02137,Security,46
A02137,Applications,27
A02137,Integration,40
A02138,Infrastructure,31
A02138,Database,32
A02138,Analytics & Data,33
A02138,AI & ML,95
A02138,Security,39
A02138,Applications,32
A02138,Integration,49
A02139,Infrastructure,27
A02139,Database,80
A02139,Analytics & Data,70
A02139,AI & ML,41
A02139,Security,37
A02139,Applications,60
A02139,Integration,69
A02140,Infrastructure,61
A02140,Database,39
A02140,Analytics & Data,46
A02140,AI & ML,58
A02140,Security,41
A02140,Applications,63
A02140,Integration,37
A02141,Infrastructure,54
A02141,Database,49
A02141,Analytics & Data,26
A02141,AI & ML,52
A02141,Security,51
A02141,Applications,47
A02141,Integration,26
A02142,Infrastructure,59
A02142,Database,38
A02142,Analytics & Data,83
A02142,AI & ML,43
A02142,Security,41
A02142,Applications,83
A02142,Integration,66
A02143,Infrastructure,32
A02143,Database,32
A02143,Analytics & Data,26
A02143,AI & ML,36
A02143,Security,52
A02143,Applications,63
A02143,Integration,52
A02144,Infrastructure,80
A02144,Database,76
A02144,Analytics & Data,77
A02144,AI & ML,42
A02144,Security,45
A02144,Applications,71
A02144,Integration,82
A02145,Infrastructure,28
A02145,Database,38
A02145,Analytics & Data,55
A02145,AI & ML,43
A02145,Security,76
A02145,Applications,53
A02145,Integration,39
A02146,Infrastructure,35
A02146,Database,75
A02146,Analytics & Data,24
A02146,AI & ML,50
A02146,Security,60
A02146,Applications,64
A02146,Integration,64
A02147,Infrastructure,50
A02147,Database,54
A02147,Analytics & Data,69
A02147,AI & ML,57
A02147,Security,86
A02147,Applications,83
A02147,Integration,45
A02148,Infrastructure,74
A02148,Database,59
A02148,Analytics & Data,46
A02148,AI & ML,77
A02148,Security,44
A02148,Applications,97
A02148,Integration,29
A02149,Infrastructure,49
A02149,Database,100
A02149,Analytics & Data,54
A02149,AI & ML,86
A02149,Security,35
A02149,Applications,56
A02149,Integration,23
A02150,Infrastructure,27
A02150,Database,40
A02150,Analytics & Data,33
A02150,AI & ML,44
A02150,Security,60
A02150,Applications,41
A02150,Integration,82
A02151,Infrastructure,67
A02151,Database,39
A02151,Analytics & Data,41
A02151,AI & ML,81
A02151,Security,37
A02151,Applications,33
A02151,Integration,74
A02152,Infrastructure,17
A02152,Database,72
A02152,Analytics & Data,33
A02152,AI & ML,34
A02152,Security,37
A02152,Applications,22
A02152,Integration,53
A02153,Infrastructure,48
A02153,Database,28
A02153,Analytics & Data,59
A02153,AI & ML,61
A02153,Security,38
A02153,Applications,97
A02153,Integration,67
A02154,Infrastructure,37
A02154,Database,40
A02154,Analytics & Data,28
A02154,AI & ML,26
A02154,Security,64
A02154,Applications,63
A02154,Integration,59
A02155,Infrastructure,16
A02155,Database,37
A02155,Analytics & Data,41
A02155,AI & ML,35
A02155,Security,45
A02155,Applications,42
A02155,Integration,38
A02156,Infrastructure,41
A02156,Database,70
A02156,Analytics & Data,42
A02156,AI & ML,76
A02156,Security,35
A02156,Applications,25
A02156,Integration,60
A02157,Infrastructure,49
A02157,Database,64
A02157,Analytics & Data,34
A02157,AI & ML,35
A02157,Security,45
A02157,Applications,41
A02157,Integration,46
A02158,Infrastructure,78
A02158,Database,10
A02158,Analytics & Data,42
A02158,AI & ML,47
A02158,Security,74
A02158,Applications,51
A02158,Integration,58
A02159,Infrastructure,66
A02159,Database,65
A02159,Analytics & Data,35
A02159,AI & ML,31
A02159,Security,41
A02159,Applications,63
A02159,Integration,46
A02160,Infrastructure,33
A02160,Database,87
A02160,Analytics & Data,42
A02160,AI & ML,32
A02160,Security,29
A02160,Applications,29
A02160,Integration,51
A02161,Infrastructure,42
A02161,Database,36
A02161,Analytics & Data,39
A02161,AI & ML,69
A02161,Security,85
A02161,Applications,23
A02161,Integration,35
A02162,Infrastructure,31
A02162,Database,34
A02162,Analytics & Data,58
A02162,AI & ML,42
A02162,Security,26
A02162,Applications,73
A02162,Integration,93
A02163,Infrastructure,44
A02163,Database,53
A02163,Analytics & Data,89
A02163,AI & ML,45
A02163,Security,45
A02163,Applications,31
A02163,Integration,41
A02164,Infrastructure,25
A02164,Database,35
A02164,Analytics & Data,34
A02164,AI & ML,22
A02164,Security,44
A02164,Applications,79
A02164,Integration,47
A02165,Infrastructure,43
A02165,Database,55
A02165,Analytics & Data,49
A02165,AI & ML,32
A02165,Security,27
A02165,Applications,32
A02165,Integration,90
A02166,Infrastructure,36
A02166,Database,26
A02166,Analytics & Data,67
A02166,AI & ML,27
A02166,Security,76
A02166,Applications,94
A02166,Integration,33
A02167,Infrastructure,41
A02167,Database,43
A02167,Analytics & Data,50
A02167,AI & ML,56
A02167,Security,45
A02167,Applications,44
A02167,Integration,54
A02168,Infrastructure,40
A02168,Database,35
A02168,Analytics & Data,54
A02168,AI & ML,51
A02168,Security,26
A02168,Applications,48
A02168,Integration,31
A02169,Infrastructure,26
A02169,Database,43
A02169,Analytics & Data,31
A02169,AI & ML,34
A02169,Security,44
A02169,Applications,52
A02169,Integration,52
A02170,Infrastructure,79
A02170,Database,43
A02170,Analytics & Data,43
A02170,AI & ML,43
A02170,Security,50
A02170,Applications,86
A02170,Integration,60
A02171,Infrastructure,28
A02171,Database,68
A02171,Analytics & Data,47
A02171,AI & ML,38
A02171,Security,70
A02171,Applications,35
A02171,Integration,30
A02172,Infrastructure,62
A02172,Database,47
A02172,Analytics & Data,65
A02172,AI & ML,34
A02172,Security,44
A02172,Applications,31
A02172,Integration,50
A02173,Infrastructure,26
A02173,Database,53
A02173,Analytics & Data,36
A02173,AI & ML,39
A02173,Security,60
A02173,Applications,57
A02173,Integration,40
A02174,Infrastructure,44
A02174,Database,48
A02174,Analytics & Data,46
A02174,AI & ML,33
A02174,Security,53
A02174,Applications,47
A02174,Integration,66
A02175,Infrastructure,66
A02175,Database,44
A02175,Analytics & Data,45
A02175,AI & ML,39
A02175,Security,70
A02175,Applications,14
A02175,Integration,69
A02176,Infrastructure,49
A02176,Database,65
A02176,Analytics & Data,27
A02176,AI & ML,94
A02176,Security,26
A02176,Applications,40
A02176,Integration,77
A02177,Infrastructure,35
A02177,Database,47
A02177,Analytics & Data,50
A02177,AI & ML,35
A02177,Security,94
A02177,Applications,32
A02177,Integration,36
A02178,Infrastructure,58
A02178,Database,46
A02178,Analytics & Data,74
A02178,AI & ML,54
A02178,Security,23
A02178,Applications,61
A02178,Integration,49
A02179,Infrastructure,54
A02179,Database,28
A02179,Analytics & Data,45
A02179,AI & ML,57
A02179,Security,73
A02179,Applications,23
A02179,Integration,48
A02180,Infrastructure,49
A02180,Database,78
A02180,Analytics & Data,48
A02180,AI & ML,53
A02180,Security,29
A02180,Applications,48
A02180,Integration,100
A02181,Infrastructure,79
A02181,Database,37
A02181,Analytics & Data,42
A02181,AI & ML,28
A02181,Security,72
A02181,Applications,44
A02181,Integration,35
A02182,Infrastructure,35
A02182,Database,56
A02182,Analytics & Data,41
A02182,AI & ML,67
A02182,Security,44
A02182,Applications,41
A02182,Integration,30
A02183,Infrastructure,80
A02183,Database,52
A02183,Analytics & Data,31
A02183,AI & ML,44
A02183,Security,92
A02183,Applications,44
A02183,Integration,47
A02184,Infrastructure,27
A02184,Database,39
A02184,Analytics & Data,57
A02184,AI & ML,52
A02184,Security,19
A02184,Applications,57
A02184,Integration,30
A02185,Infrastructure,52
A02185,Database,38
A02185,Analytics & Data,36
A02185,AI & ML,49
A02185,Security,99
A02185,Applications,47
A02185,Integration,40
A02186,Infrastructure,44
A02186,Database,31
A02186,Analytics & Data,63
A02186,AI & ML,96
A02186,Security,84
A02186,Applications,59
A02186,Integration,32
A02187,Infrastructure,25
A02187,Database,15
A02187,Analytics & Data,22
A02187,AI & ML,64
A02187,Security,43
A02187,Applications,34
A02187,Integration,51
A02188,Infrastructure,59
A02188,Database,31
A02188,Analytics & Data,40
A02188,AI & ML,30
A02188,Security,36
A02188,Applications,39
A02188,Integration,47
A02189,Infrastructure,46
A02189,Database,41
A02189,Analytics & Data,64
A02189,AI & ML,33
A02189,Security,83
A02189,Applications,25
A02189,Integration,43
A02190,Infrastructure,43
A02190,Database,36
A02190,Analytics & Data,57
A02190,AI & ML,100
A02190,Security,100
A02190,Applications,29
A02190,Integration,32
A02191,Infrastructure,33
A02191,Database,41
A02191,Analytics & Data,50
A02191,AI & ML,47
A02191,Security,51
A02191,Applications,33
A02191,Integration,49
A02192,Infrastructure,39
A02192,Database,68
A02192,Analytics & Data,39
A02192,AI & ML,32
A02192,Security,21
A02192,Applications,75
A02192,Integration,37
A02193,Infrastructure,40
A02193,Database,43
A02193,Analytics & Data,50
A02193,AI & ML,91
A02193,Security,41
A02193,Applications,95
A02193,Integration,37
A02194,Infrastructure,95
A02194,Database,93
A02194,Analytics & Data,75
A02194,AI & ML,45
A02194,Security,40
A02194,Applications,68
A02194,Integration,41
A02195,Infrastructure,50
A02195,Database,46
A02195,Analytics & Data,40
A02195,AI & ML,44
A02195,Security,88
A02195,Applications,21
A02195,Integration,45
A02196,Infrastructure,68
A02196,Database,46
A02196,Analytics & Data,45
A02196,AI & ML,42
A02196,Security,28
A02196,Applications,26
A02196,Integration,53
A02197,Infrastructure,29
A02197,Database,45
A02197,Analytics & Data,42
A02197,AI & ML,54
A02197,Security,41
A02197,Applications,43
A02197,Integration,53
A02198,Infrastructure,59
A02198,Database,53
A02198,Analytics & Data,39
A02198,AI & ML,38
A02198,Security,75
A02198,Applications,47
A02198,Integration,53
A02199,Infrastructure,70
A02199,Database,56
A02199,Analytics & Data,35
A02199,AI & ML,49
A02199,Security,25
A02199,Applications,44
A02199,Integration,44
A02200,Infrastructure,56
A02200,Database,39
A02200,Analytics & Data,23
A02200,AI & ML,56
A02200,Security,39
A02200,Applications,80
A02200,Integration,94
A02201,Infrastructure,49
A02201,Database,53
A02201,Analytics & Data,44
A02201,AI & ML,18
A02201,Security,83
A02201,Applications,51
A02201,Integration,38
A02202,Infrastructure,55
A02202,Database,84
A02202,Analytics & Data,51
A02202,AI & ML,39
A02202,Security,46
A02202,Applications,58
A02202,Integration,77
A02203,Infrastructure,48
A02203,Database,32
A02203,Analytics & Data,55
A02203,AI & ML,22
A02203,Security,94
A02203,Applications,53
A02203,Integration,44
A02204,Infrastructure,97
A02204,Database,66
A02204,Analytics & Data,34
A02204,AI & ML,83
A02204,Security,25
A02204,Applications,43
A02204,Integration,38
A02205,Infrastructure,86
A02205,Database,46
A02205,Analytics & Data,48
A02205,AI & ML,43
A02205,Security,74
A02205,Applications,45
A02205,Integration,27
A02206,Infrastructure,76
A02206,Database,43
A02206,Analytics & Data,29
A02206,AI & ML,43
A02206,Security,44
A02206,Applications,47
A02206,Integration,26
A02207,Infrastructure,45
A02207,Database,41
A02207,Analytics & Data,38
A02207,AI & ML,40
A02207,Security,61
A02207,Applications,33
A02207,Integration,35
A02208,Infrastructure,31
A02208,Database,59
A02208,Analytics & Data,45
A02208,AI & ML,21
A02208,Security,41
A02208,Applications,76
A02208,Integration,54
A02209,Infrastructure,66
A02209,Database,35
A02209,Analytics & Data,40
A02209,AI & ML,88
A02209,Security,59
A02209,Applications,26
A02209,Integration,31
A02210,Infrastructure,45
A02210,Database,90
A02210,Analytics & Data,92
A02210,AI & ML,17
A02210,Security,41
A02210,Applications,55
A02210,Integration,24
A02211,Infrastructure,52
A02211,Database,27
A02211,Analytics & Data,50
A02211,AI & ML,66
A02211,Security,80
A02211,Applications,54
A02211,Integration,84
A02212,Infrastructure,48
A02212,Database,82
A02212,Analytics & Data,40
A02212,AI & ML,41
A02212,Security,34
A02212,Applications,36
A02212,Integration,47
A02213,Infrastructure,89
A02213,Database,48
A02213,Analytics & Data,60
A02213,AI & ML,49
A02213,Security,96
A02213,Applications,60
A02213,Integration,93
A02214,Infrastructure,36
A02214,Database,53
A02214,Analytics & Data,61
A02214,AI & ML,51
A02214,Security,62
A02214,Applications,100
A02214,Integration,60
A02215,Infrastructure,35
A02215,Database,53
A02215,Analytics & Data,81
A02215,AI & ML,29
A02215,Security,55
A02215,Applications,37
A02215,Integration,53
A02216,Infrastructure,48
A02216,Database,94
A02216,Analytics & Data,48
A02216,AI & ML,37
A02216,Security,29
A02216,Applications,54
A02216,Integration,83
A02217,Infrastructure,29
A02217,Database,63
A02217,Analytics & Data,44
A02217,AI & ML,44
A02217,Security,40
A02217,Applications,37
A02217,Integration,34
A02218,Infrastructure,48
A02218,Database,45
A02218,Analytics & Data,40
A02218,AI & ML,39
A02218,Security,54
A02218,Applications,73
A02218,Integration,45
A02219,Infrastructure,29
A02219,Database,35
A02219,Analytics & Data,26
A02219,AI & ML,19
A02219,Security,63
A02219,Applications,17
A02219,Integration,25
A02220,Infrastructure,44
A02220,Database,69
A02220,Analytics & Data,58
A02220,AI & ML,56
A02220,Security,60
A02220,Applications,81
A02220,Integration,34
A02221,Infrastructure,55
A02221,Database,60
A02221,Analytics & Data,39
A02221,AI & ML,55
A02221,Security,28
A02221,Applications,33
A02221,Integration,72
A02222,Infrastructure,75
A02222,Database,96
A02222,Analytics & Data,93
A02222,AI & ML,54
A02222,Security,58
A02222,Applications,61
A02222,Integration,47
A02223,Infrastructure,100
A02223,Database,29
A02223,Analytics & Data,63
A02223,AI & ML,45
A02223,Security,48
A02223,Applications,42
A02223,Integration,41
A02224,Infrastructure,73
A02224,Database,70
A02224,Analytics & Data,51
A02224,AI & ML,29
A02224,Security,86
A02224,Applications,13
A02224,Integration,43
A02225,Infrastructure,43
A02225,Database,54
A02225,Analytics & Data,26
A02225,AI & ML,34
A02225,Security,85
A02225,Applications,66
A02225,Integration,58
A02226,Infrastructure,75
A02226,Database,60
A02226,Analytics & Data,37
A02226,AI & ML,63
A02226,Security,41
A02226,Applications,61
A02226,Integration,26
A02227,Infrastructure,35
A02227,Database,79
A02227,Analytics & Data,47
A02227,AI & ML,44
A02227,Security,40
A02227,Applications,100
A02227,Integration,58
A02228,Infrastructure,55
A02228,Database,93
A02228,Analytics & Data,43
A02228,AI & ML,33
A02228,Security,40
A02228,Applications,44
A02228,Integration,35
A02229,Infrastructure,43
A02229,Database,58
A02229,Analytics & Data,44
A02229,AI & ML,50
A02229,Security,55
A02229,Applications,44
A02229,Integration,40
A02230,Infrastructure,46
A02230,Database,51
A02230,Analytics & Data,33
A02230,AI & ML,58
A02230,Security,44
A02230,Applications,42
A02230,Integration,30
A02231,Infrastructure,69
A02231,Database,59
A02231,Analytics & Data,33
A02231,AI & ML,71
A02231,Security,77
A02231,Applications,40
A02231,Integration,41
A02232,Infrastructure,34
A02232,Database,45
A02232,Analytics & Data,77
A02232,AI & ML,91
A02232,Security,53
A02232,Applications,21
A02232,Integration,41
A02233,Infrastructure,50
A02233,Database,79
A02233,Analytics & Data,53
A02233,AI & ML,41
A02233,Security,82
A02233,Applications,47
A02233,Integration,35
A02234,Infrastructure,36
A02234,Database,35
A02234,Analytics & Data,34
A02234,AI & ML,50
A02234,Security,22
A02234,Applications,87
A02234,Integration,59
A02235,Infrastructure,73
A02235,Database,40
A02235,Analytics & Data,43
A02235,AI & ML,54
A02235,Security,29
A02235,Applications,27
A02235,Integration,39
A02236,Infrastructure,53
A02236,Database,37
A02236,Analytics & Data,23
A02236,AI & ML,76
A02236,Security,42
A02236,Applications,41
A02236,Integration,100
A02237,Infrastructure,47
A02237,Database,50
A02237,Analytics & Data,50
A02237,AI & ML,62
A02237,Security,42
A02237,Applications,50
A02237,Integration,32
A02238,Infrastructure,40
A02238,Database,37
A02238,Analytics & Data,86
A02238,AI & ML,36
A02238,Security,40
A02238,Applications,30
A02238,Integration,71
A02239,Infrastructure,55
A02239,Database,46
A02239,Analytics & Data,62
A02239,AI & ML,54
A02239,Security,90
A02239,Applications,46
A02239,Integration,79
A02240,Infrastructure,42
A02240,Database,28
A02240,Analytics & Data,28
A02240,AI & ML,52
A02240,Security,60
A02240,Applications,48
A02240,Integration,72
A02241,Infrastructure,25
A02241,Database,35
A02241,Analytics & Data,35
A02241,AI & ML,47
A02241,Security,57
A02241,Applications,33
A02241,Integration,54
A02242,Infrastructure,42
A02242,Database,70
A02242,Analytics & Data,35
A02242,AI & ML,51
A02242,Security,42
A02242,Applications,71
A02242,Integration,53
A02243,Infrastructure,48
A02243,Database,66
A02243,Analytics & Data,51
A02243,AI & ML,97
A02243,Security,18
A02243,Applications,53
A02243,Integration,32
A02244,Infrastructure,91
A02244,Database,62
A02244,Analytics & Data,33
A02244,AI & ML,29
A02244,Security,35
A02244,Applications,46
A02244,Integration,39
A02245,Infrastructure,86
A02245,Database,11
A02245,Analytics & Data,43
A02245,AI & ML,30
A02245,Security,47
A02245,Applications,87
A02245,Integration,66
A02246,Infrastructure,65
A02246,Database,30
A02246,Analytics & Data,73
A02246,AI & ML,27
A02246,Security,37
A02246,Applications,43
A02246,Integration,76
A02247,Infrastructure,67
A02247,Database,79
A02247,Analytics & Data,50
A02247,AI & ML,58
A02247,Security,32
A02247,Applications,23
A02247,Integration,100
A02248,Infrastructure,37
A02248,Database,57
A02248,Analytics & Data,74
A02248,AI & ML,44
A02248,Security,88
A02248,Applications,41
A02248,Integration,73
A02249,Infrastructure,47
A02249,Database,26
A02249,Analytics & Data,33
A02249,AI & ML,65
A02249,Security,47
A02249,Applications,82
A02249,Integration,40
A02250,Infrastructure,38
A02250,Database,48
A02250,Analytics & Data,41
A02250,AI & ML,72
A02250,Security,80
A02250,Applications,33
A02250,Integration,37
A02251,Infrastructure,42
A02251,Database,80
A02251,Analytics & Data,70
A02251,AI & ML,100
A02251,Security,47
A02251,Applications,36
A02251,Integration,48
A02252,Infrastructure,37
A02252,Database,26
A02252,Analytics & Data,75
A02252,AI & ML,49
A02252,Security,33
A02252,Applications,41
A02252,Integration,37
A02253,Infrastructure,16
A02253,Database,84
A02253,Analytics & Data,58
A02253,AI & ML,49
A02253,Security,44
A02253,Applications,44
A02253,Integration,36
A02254,Infrastructure,45
A02254,Database,97
A02254,Analytics & Data,91
A02254,AI & ML,71
A02254,Security,53
A02254,Applications,71
A02254,Integration,94
A02255,Infrastructure,48
A02255,Database,35
A02255,Analytics & Data,64
A02255,AI & ML,48
A02255,Security,64
A02255,Applications,53
A02255,Integration,67
A02256,Infrastructure,38
A02256,Database,47
A02256,Analytics & Data,98
A02256,AI & ML,80
A02256,Security,99
A02256,Applications,20
A02256,Integration,92
A02257,Infrastructure,65
A02257,Database,96
A02257,Analytics & Data,76
A02257,AI & ML,32
A02257,Security,41
A02257,Applications,29
A02257,Integration,53
A02258,Infrastructure,34
A02258,Database,36
A02258,Analytics & Data,85
A02258,AI & ML,39
A02258,Security,65
A02258,Applications,52
A02258,Integration,48
A02259,Infrastructure,39
A02259,Database,62
A02259,Analytics & Data,98
A02259,AI & ML,32
A02259,Security,50
A02259,Applications,39
A02259,Integration,71
A02260,Infrastructure,63
A02260,Database,52
A02260,Analytics & Data,53
A02260,AI & ML,57
A02260,Security,44
A02260,Applications,78
A02260,Integration,56
A02261,Infrastructure,54
A02261,Database,38
A02261,Analytics & Data,42
A02261,AI & ML,73
A02261,Security,40
A02261,Applications,43
A02261,Integration,52
A02262,Infrastructure,32
A02262,Database,70
A02262,Analytics & Data,40
A02262,AI & ML,34
A02262,Security,33
A02262,Applications,71
A02262,Integration,17
A02263,Infrastructure,49
A02263,Database,36
A02263,Analytics & Data,44
A02263,AI & ML,45
A02263,Security,79
A02263,Applications,37
A02263,Integration,40
A02264,Infrastructure,56
A02264,Database,31
A02264,Analytics & Data,26
A02264,AI & ML,26
A02264,Security,40
A02264,Applications,31
A02264,Integration,38
A02265,Infrastructure,32
A02265,Database,57
A02265,Analytics & Data,28
A02265,AI & ML,36
A02265,Security,39
A02265,Applications,73
A02265,Integration,34
A02266,Infrastructure,19
A02266,Database,52
A02266,Analytics & Data,40
A02266,AI & ML,15
A02266,Security,41
A02266,Applications,25
A02266,Integration,46
A02267,Infrastructure,36
A02267,Database,57
A02267,Analytics & Data,23
A02267,AI & ML,37
A02267,Security,24
A02267,Applications,29
A02267,Integration,48
A02268,Infrastructure,43
A02268,Database,53
A02268,Analytics & Data,59
A02268,AI & ML,91
A02268,Security,50
A02268,Applications,51
A02268,Integration,35
A02269,Infrastructure,36
A02269,Database,100
A02269,Analytics & Data,48
A02269,AI & ML,29
A02269,Security,23
A02269,Applications,21
A02269,Integration,46
A02270,Infrastructure,67
A02270,Database,65
A02270,Analytics & Data,28
A02270,AI & ML,53
A02270,Security,33
A02270,Applications,19
A02270,Integration,83
A02271,Infrastructure,40
A02271,Database,37
A02271,Analytics & Data,41
A02271,AI & ML,75
A02271,Security,43
A02271,Applications,36
A02271,Integration,46
A02272,Infrastructure,19
A02272,Database,47
A02272,Analytics & Data,62
A02272,AI & ML,49
A02272,Security,57
A02272,Applications,66
A02272,Integration,51
A02273,Infrastructure,49
A02273,Database,78
A02273,Analytics & Data,48
A02273,AI & ML,40
A02273,Security,30
A02273,Applications,71
A02273,Integration,100
A02274,Infrastructure,20
A02274,Database,23
A02274,Analytics & Data,69
A02274,AI & ML,43
A02274,Security,23
A02274,Applications,44
A02274,Integration,53
A02275,Infrastructure,97
A02275,Database,42
A02275,Analytics & Data,34
A02275,AI & ML,41
A02275,Security,35
A02275,Applications,54
A02275,Integration,33
A02276,Infrastructure,42
A02276,Database,79
A02276,Analytics & Data,41
A02276,AI & ML,38
A02276,Security,38
A02276,Applications,32
A02276,Integration,57
A02277,Infrastructure,37
A02277,Database,37
A02277,Analytics & Data,43
A02277,AI & ML,60
A02277,Security,88
A02277,Applications,35
A02277,Integration,74
A02278,Infrastructure,48
A02278,Database,28
A02278,Analytics & Data,75
A02278,AI & ML,53
A02278,Security,40
A02278,Applications,54
A02278,Integration,39
A02279,Infrastructure,88
A02279,Database,95
A02279,Analytics & Data,51
A02279,AI & ML,58
A02279,Security,74
A02279,Applications,54
A02279,Integration,100
A02280,Infrastructure,78
A02280,Database,56
A02280,Analytics & Data,67
A02280,AI & ML,69
A02280,Security,41
A02280,Applications,20
A02280,Integration,27
A02281,Infrastructure,34
A02281,Database,57
A02281,Analytics & Data,30
A02281,AI & ML,43
A02281,Security,48
A02281,Applications,62
A02281,Integration,92
A02282,Infrastructure,59
A02282,Database,51
A02282,Analytics & Data,37
A02282,AI & ML,26
A02282,Security,40
A02282,Applications,67
A02282,Integration,47
A02283,Infrastructure,43
A02283,Database,88
A02283,Analytics & Data,58
A02283,AI & ML,43
A02283,Security,50
A02283,Applications,48
A02283,Integration,46
A02284,Infrastructure,40
A02284,Database,74
A02284,Analytics & Data,62
A02284,AI & ML,48
A02284,Security,49
A02284,Applications,44
A02284,Integration,63
A02285,Infrastructure,38
A02285,Database,18
A02285,Analytics & Data,45
A02285,AI & ML,33
A02285,Security,22
A02285,Applications,59
A02285,Integration,31
A02286,Infrastructure,20
A02286,Database,76
A02286,Analytics & Data,53
A02286,AI & ML,74
A02286,Security,49
A02286,Applications,40
A02286,Integration,37
A02287,Infrastructure,40
A02287,Database,68
A02287,Analytics & Data,29
A02287,AI & ML,34
A02287,Security,47
A02287,Applications,33
A02287,Integration,14
A02288,Infrastructure,29
A02288,Database,56
A02288,Analytics & Data,57
A02288,AI & ML,47
A02288,Security,29
A02288,Applications,54
A02288,Integration,55
A02289,Infrastructure,76
A02289,Database,51
A02289,Analytics & Data,41
A02289,AI & ML,69
A02289,Security,76
A02289,Applications,39
A02289,Integration,57
A02290,Infrastructure,32
A02290,Database,46
A02290,Analytics & Data,21
A02290,AI & ML,91
A02290,Security,38
A02290,Applications,76
A02290,Integration,31
A02291,Infrastructure,16
A02291,Database,28
A02291,Analytics & Data,61
A02291,AI & ML,30
A02291,Security,40
A02291,Applications,21
A02291,Integration,36
A02292,Infrastructure,26
A02292,Database,35
A02292,Analytics & Data,16
A02292,AI & ML,69
A02292,Security,41
A02292,Applications,28
A02292,Integration,32
A02293,Infrastructure,44
A02293,Database,55
A02293,Analytics & Data,45
A02293,AI & ML,51
A02293,Security,64
A02293,Applications,43
A02293,Integration,39
A02294,Infrastructure,39
A02294,Database,27
A02294,Analytics & Data,46
A02294,AI & ML,54
A02294,Security,47
A02294,Applications,41
A02294,Integration,60
A02295,Infrastructure,36
A02295,Database,90
A02295,Analytics & Data,100
A02295,AI & ML,18
A02295,Security,52
A02295,Applications,83
A02295,Integration,46
A02296,Infrastructure,74
A02296,Database,42
A02296,Analytics & Data,64
A02296,AI & ML,38
A02296,Security,42
A02296,Applications,18
A02296,Integration,64
A02297,Infrastructure,48
A02297,Database,29
A02297,Analytics & Data,61
A02297,AI & ML,45
A02297,Security,40
A02297,Applications,37
A02297,Integration,36
A02298,Infrastructure,46
A02298,Database,45
A02298,Analytics & Data,56
A02298,AI & ML,44
A02298,Security,80
A02298,Applications,48
A02298,Integration,58
A02299,Infrastructure,62
A02299,Database,24
A02299,Analytics & Data,36
A02299,AI & ML,24
A02299,Security,33
A02299,Applications,23
A02299,Integration,42
A02300,Infrastructure,51
A02300,Database,24
A02300,Analytics & Data,34
A02300,AI & ML,53
A02300,Security,41
A02300,Applications,59
A02300,Integration,70
A02301,Infrastructure,27
A02301,Database,51
A02301,Analytics & Data,41
A02301,AI & ML,44
A02301,Security,49
A02301,Applications,34
A02301,Integration,99
A02302,Infrastructure,30
A02302,Database,53
A02302,Analytics & Data,30
A02302,AI & ML,100
A02302,Security,25
A02302,Applications,41
A02302,Integration,63
A02303,Infrastructure,27
A02303,Database,32
A02303,Analytics & Data,34
A02303,AI & ML,78
A02303,Security,53
A02303,Applications,36
A02303,Integration,55
A02304,Infrastructure,45
A02304,Database,42
A02304,Analytics & Data,52
A02304,AI & ML,95
A02304,Security,85
A02304,Applications,27
A02304,Integration,61
A02305,Infrastructure,40
A02305,Database,21
A02305,Analytics & Data,43
A02305,AI & ML,40
A02305,Security,38
A02305,Applications,41
A02305,Integration,53
A02306,Infrastructure,53
A02306,Database,54
A02306,Analytics & Data,49
A02306,AI & ML,72
A02306,Security,55
A02306,Applications,52
A02306,Integration,77
A02307,Infrastructure,57
A02307,Database,40
A02307,Analytics & Data,84
A02307,AI & ML,73
A02307,Security,58
A02307,Applications,48
A02307,Integration,76
A02308,Infrastructure,51
A02308,Database,51
A02308,Analytics & Data,56
A02308,AI & ML,42
A02308,Security,40
A02308,Applications,77
A02308,Integration,36
A02309,Infrastructure,21
A02309,Database,86
A02309,Analytics & Data,94
A02309,AI & ML,42
A02309,Security,29
A02309,Applications,23
A02309,Integration,38
A02310,Infrastructure,100
A02310,Database,36
A02310,Analytics & Data,31
A02310,AI & ML,67
A02310,Security,65
A02310,Applications,41
A02310,Integration,88
A02311,Infrastructure,46
A02311,Database,37
A02311,Analytics & Data,56
A02311,AI & ML,67
A02311,Security,35
A02311,Applications,29
A02311,Integration,72
A02312,Infrastructure,41
A02312,Database,50
A02312,Analytics & Data,29
A02312,AI & ML,18
A02312,Security,21
A02312,Applications,51
A02312,Integration,53
A02313,Infrastructure,33
A02313,Database,71
A02313,Analytics & Data,48
A02313,AI & ML,82
A02313,Security,50
A02313,Applications,58
A02313,Integration,64
A02314,Infrastructure,37
A02314,Database,40
A02314,Analytics & Data,51
A02314,AI & ML,41
A02314,Security,90
A02314,Applications,55
A02314,Integration,35
A02315,Infrastructure,29
A02315,Database,33
A02315,Analytics & Data,72
A02315,AI & ML,47
A02315,Security,59
A02315,Applications,100
A02315,Integration,35
A02316,Infrastructure,38
A02316,Database,56
A02316,Analytics & Data,47
A02316,AI & ML,39
A02316,Security,41
A02316,Applications,45
A02316,Integration,40
A02317,Infrastructure,53
A02317,Database,62
A02317,Analytics & Data,51
A02317,AI & ML,22
A02317,Security,82
A02317,Applications,44
A02317,Integration,34
A02318,Infrastructure,36
A02318,Database,72
A02318,Analytics & Data,46
A02318,AI & ML,19
A02318,Security,45
A02318,Applications,42
A02318,Integration,78
A02319,Infrastructure,62
A02319,Database,43
A02319,Analytics & Data,66
A02319,AI & ML,33
A02319,Security,36
A02319,Applications,18
A02319,Integration,54
A02320,Infrastructure,43
A02320,Database,34
A02320,Analytics & Data,28
A02320,AI & ML,42
A02320,Security,60
A02320,Applications,32
A02320,Integration,58
A02321,Infrastructure,28
A02321,Database,75
A02321,Analytics & Data,55
A02321,AI & ML,31
A02321,Security,59
A02321,Applications,43
A02321,Integration,48
A02322,Infrastructure,50
A02322,Database,43
A02322,Analytics & Data,75
A02322,AI & ML,37
A02322,Security,38
A02322,Applications,76
A02322,Integration,20
A02323,Infrastructure,29
A02323,Database,42
A02323,Analytics & Data,45
A02323,AI & ML,40
A02323,Security,91
A02323,Applications,65
A02323,Integration,34
A02324,Infrastructure,71
A02324,Database,80
A02324,Analytics & Data,43
A02324,AI & ML,18
A02324,Security,49
A02324,Applications,40
A02324,Integration,43
A02325,Infrastructure,43
A02325,Database,44
A02325,Analytics & Data,44
A02325,AI & ML,50
A02325,Security,51
A02325,Applications,46
A02325,Integration,35
A02326,Infrastructure,32
A02326,Database,32
A02326,Analytics & Data,53
A02326,AI & ML,25
A02326,Security,100
A02326,Applications,25
A02326,Integration,41
A02327,Infrastructure,44
A02327,Database,26
A02327,Analytics & Data,45
A02327,AI & ML,32
A02327,Security,52
A02327,Applications,28
A02327,Integration,55
A02328,Infrastructure,37
A02328,Database,40
A02328,Analytics & Data,34
A02328,AI & ML,69
A02328,Security,48
A02328,Applications,61
A02328,Integration,57
A02329,Infrastructure,42
A02329,Database,34
A02329,Analytics & Data,44
A02329,AI & ML,94
A02329,Security,72
A02329,Applications,47
A02329,Integration,35
A02330,Infrastructure,33
A02330,Database,79
A02330,Analytics & Data,69
A02330,AI & ML,46
A02330,Security,27
A02330,Applications,39
A02330,Integration,27
A02331,Infrastructure,92
A02331,Database,97
A02331,Analytics & Data,27
A02331,AI & ML,42
A02331,Security,32
A02331,Applications,38
A02331,Integration,47
A02332,Infrastructure,24
A02332,Database,85
A02332,Analytics & Data,45
A02332,AI & ML,44
A02332,Security,38
A02332,Applications,64
A02332,Integration,38
A02333,Infrastructure,24
A02333,Database,62
A02333,Analytics & Data,56
A02333,AI & ML,41
A02333,Security,45
A02333,Applications,35
A02333,Integration,46
A02334,Infrastructure,73
A02334,Database,48
A02334,Analytics & Data,48
A02334,AI & ML,33
A02334,Security,49
A02334,Applications,39
A02334,Integration,33
A02335,Infrastructure,93
A02335,Database,70
A02335,Analytics & Data,29
A02335,AI & ML,59
A02335,Security,44
A02335,Applications,74
A02335,Integration,30
A02336,Infrastructure,37
A02336,Database,79
A02336,Analytics & Data,27
A02336,AI & ML,66
A02336,Security,14
A02336,Applications,34
A02336,Integration,58
A02337,Infrastructure,49
A02337,Database,77
A02337,Analytics & Data,19
A02337,AI & ML,40
A02337,Security,52
A02337,Applications,38
A02337,Integration,39
A02338,Infrastructure,60
A02338,Database,46
A02338,Analytics & Data,31
A02338,AI & ML,88
A02338,Security,28
A02338,Applications,32
A02338,Integration,38
A02339,Infrastructure,43
A02339,Database,47
A02339,Analytics & Data,33
A02339,AI & ML,84
A02339,Security,75
A02339,Applications,37
A02339,Integration,27
A02340,Infrastructure,44
A02340,Database,50
A02340,Analytics & Data,27
A02340,AI & ML,100
A02340,Security,45
A02340,Applications,85
A02340,Integration,41
A02341,Infrastructure,32
A02341,Database,58
A02341,Analytics & Data,32
A02341,AI & ML,41
A02341,Security,62
A02341,Applications,73
A02341,Integration,35
A02342,Infrastructure,33
A02342,Database,42
A02342,Analytics & Data,22
A02342,AI & ML,30
A02342,Security,35
A02342,Applications,43
A02342,Integration,57
A02343,Infrastructure,76
A02343,Database,67
A02343,Analytics & Data,100
A02343,AI & ML,37
A02343,Security,46
A02343,Applications,67
A02343,Integration,26
A02344,Infrastructure,44
A02344,Database,25
A02344,Analytics & Data,49
A02344,AI & ML,49
A02344,Security,45
A02344,Applications,41
A02344,Integration,50
A02345,Infrastructure,49
A02345,Database,82
A02345,Analytics & Data,42
A02345,AI & ML,31
A02345,Security,61
A02345,Applications,48
A02345,Integration,35
A02346,Infrastructure,40
A02346,Database,51
A02346,Analytics & Data,23
A02346,AI & ML,38
A02346,Security,50
A02346,Applications,66
A02346,Integration,34
A02347,Infrastructure,39
A02347,Database,84
A02347,Analytics & Data,41
A02347,AI & ML,35
A02347,Security,46
A02347,Applications,60
A02347,Integration,31
A02348,Infrastructure,22
A02348,Database,52
A02348,Analytics & Data,28
A02348,AI & ML,47
A02348,Security,70
A02348,Applications,66
A02348,Integration,57
A02349,Infrastructure,52
A02349,Database,39
A02349,Analytics & Data,69
A02349,AI & ML,61
A02349,Security,92
A02349,Applications,50
A02349,Integration,40
A02350,Infrastructure,25
A02350,Database,87
A02350,Analytics & Data,54
A02350,AI & ML,52
A02350,Security,39
A02350,Applications,100
A02350,Integration,60
A02351,Infrastructure,24
A02351,Database,54
A02351,Analytics & Data,43
A02351,AI & ML,18
A02351,Security,75
A02351,Applications,88
A02351,Integration,55
A02352,Infrastructure,30
A02352,Database,71
A02352,Analytics & Data,49
A02352,AI & ML,60
A02352,Security,60
A02352,Applications,52
A02352,Integration,85
A02353,Infrastructure,49
A02353,Database,75
A02353,Analytics & Data,61
A02353,AI & ML,44
A02353,Security,63
A02353,Applications,71
A02353,Integration,84
A02354,Infrastructure,41
A02354,Database,41
A02354,Analytics & Data,37
A02354,AI & ML,30
A02354,Security,50
A02354,Applications,30
A02354,Integration,65
A02355,Infrastructure,40
A02355,Database,78
A02355,Analytics & Data,45
A02355,AI & ML,49
A02355,Security,66
A02355,Applications,46
A02355,Integration,51
A02356,Infrastructure,51
A02356,Database,40
A02356,Analytics & Data,24
A02356,AI & ML,23
A02356,Security,89
A02356,Applications,42
A02356,Integration,23
A02357,Infrastructure,49
A02357,Database,52
A02357,Analytics & Data,30
A02357,AI & ML,13
A02357,Security,28
A02357,Applications,29
A02357,Integration,37
A02358,Infrastructure,25
A02358,Database,47
A02358,Analytics & Data,55
A02358,AI & ML,59
A02358,Security,28
A02358,Applications,19
A02358,Integration,55
A02359,Infrastructure,36
A02359,Database,52
A02359,Analytics & Data,28
A02359,AI & ML,57
A02359,Security,47
A02359,Applications,48
A02359,Integration,95
A02360,Infrastructure,49
A02360,Database,63
A02360,Analytics & Data,69
A02360,AI & ML,50
A02360,Security,85
A02360,Applications,50
A02360,Integration,46
A02361,Infrastructure,45
A02361,Database,48
A02361,Analytics & Data,31
A02361,AI & ML,41
A02361,Security,39
A02361,Applications,30
A02361,Integration,51
A02362,Infrastructure,47
A02362,Database,25
A02362,Analytics & Data,48
A02362,AI & ML,42
A02362,Security,33
A02362,Applications,57
A02362,Integration,13
A02363,Infrastructure,47
A02363,Database,82
A02363,Analytics & Data,29
A02363,AI & ML,31
A02363,Security,61
A02363,Applications,33
A02363,Integration,55
A02364,Infrastructure,25
A02364,Database,62
A02364,Analytics & Data,35
A02364,AI & ML,62
A02364,Security,75
A02364,Applications,87
A02364,Integration,40
A02365,Infrastructure,79
A02365,Database,12
A02365,Analytics & Data,44
A02365,AI & ML,50
A02365,Security,43
A02365,Applications,53
A02365,Integration,41
A02366,Infrastructure,68
A02366,Database,24
A02366,Analytics & Data,30
A02366,AI & ML,80
A02366,Security,33
A02366,Applications,29
A02366,Integration,43
A02367,Infrastructure,19
A02367,Database,22
A02367,Analytics & Data,100
A02367,AI & ML,59
A02367,Security,38
A02367,Applications,42
A02367,Integration,54
A02368,Infrastructure,43
A02368,Database,35
A02368,Analytics & Data,56
A02368,AI & ML,50
A02368,Security,52
A02368,Applications,46
A02368,Integration,44
A02369,Infrastructure,33
A02369,Database,68
A02369,Analytics & Data,33
A02369,AI & ML,74
A02369,Security,98
A02369,Applications,37
A02369,Integration,65
A02370,Infrastructure,38
A02370,Database,23
A02370,Analytics & Data,75
A02370,AI & ML,36
A02370,Security,22
A02370,Applications,29
A02370,Integration,21
A02371,Infrastructure,29
A02371,Database,76
A02371,Analytics & Data,57
A02371,AI & ML,45
A02371,Security,43
A02371,Applications,44
A02371,Integration,50
A02372,Infrastructure,46
A02372,Database,58
A02372,Analytics & Data,54
A02372,AI & ML,87
A02372,Security,14
A02372,Applications,86
A02372,Integration,47
A02373,Infrastructure,72
A02373,Database,83
A02373,Analytics & Data,32
A02373,AI & ML,44
A02373,Security,40
A02373,Applications,36
A02373,Integration,66
A02374,Infrastructure,29
A02374,Database,28
A02374,Analytics & Data,42
A02374,AI & ML,38
A02374,Security,50
A02374,Applications,16
A02374,Integration,41
A02375,Infrastructure,40
A02375,Database,38
A02375,Analytics & Data,100
A02375,AI & ML,70
A02375,Security,63
A02375,Applications,92
A02375,Integration,36
A02376,Infrastructure,60
A02376,Database,42
A02376,Analytics & Data,34
A02376,AI & ML,29
A02376,Security,30
A02376,Applications,28
A02376,Integration,33
A02377,Infrastructure,42
A02377,Database,28
A02377,Analytics & Data,49
A02377,AI & ML,32
A02377,Security,36
A02377,Applications,47
A02377,Integration,50
A02378,Infrastructure,18
A02378,Database,47
A02378,Analytics & Data,100
A02378,AI & ML,33
A02378,Security,34
A02378,Applications,38
A02378,Integration,43
A02379,Infrastructure,71
A02379,Database,29
A02379,Analytics & Data,33
A02379,AI & ML,19
A02379,Security,26
A02379,Applications,54
A02379,Integration,34
A02380,Infrastructure,33
A02380,Database,60
A02380,Analytics & Data,37
A02380,AI & ML,51
A02380,Security,33
A02380,Applications,41
A02380,Integration,18
A02381,Infrastructure,37
A02381,Database,59
A02381,Analytics & Data,54
A02381,AI & ML,35
A02381,Security,36
A02381,Applications,82
A02381,Integration,40
A02382,Infrastructure,44
A02382,Database,45
A02382,Analytics & Data,50
A02382,AI & ML,19
A02382,Security,87
A02382,Applications,42
A02382,Integration,28
A02383,Infrastructure,39
A02383,Database,58
A02383,Analytics & Data,100
A02383,AI & ML,26
A02383,Security,43
A02383,Applications,37
A02383,Integration,80
A02384,Infrastructure,53
A02384,Database,40
A02384,Analytics & Data,49
A02384,AI & ML,33
A02384,Security,40
A02384,Applications,42
A02384,Integration,25
A02385,Infrastructure,50
A02385,Database,52
A02385,Analytics & Data,50
A02385,AI & ML,33
A02385,Security,52
A02385,Applications,35
A02385,Integration,43
A02386,Infrastructure,56
A02386,Database,21
A02386,Analytics & Data,79
A02386,AI & ML,30
A02386,Security,49
A02386,Applications,44
A02386,Integration,47
A02387,Infrastructure,45
A02387,Database,44
A02387,Analytics & Data,34
A02387,AI & ML,46
A02387,Security,25
A02387,Applications,93
A02387,Integration,29
A02388,Infrastructure,46
A02388,Database,33
A02388,Analytics & Data,34
A02388,AI & ML,42
A02388,Security,39
A02388,Applications,67
A02388,Integration,54
A02389,Infrastructure,92
A02389,Database,36
A02389,Analytics & Data,100
A02389,AI & ML,49
A02389,Security,67
A02389,Applications,18
A02389,Integration,45
A02390,Infrastructure,36
A02390,Database,33
A02390,Analytics & Data,26
A02390,AI & ML,28
A02390,Security,35
A02390,Applications,42
A02390,Integration,45
A02391,Infrastructure,29
A02391,Database,76
A02391,Analytics & Data,49
A02391,AI & ML,28
A02391,Security,29
A02391,Applications,34
A02391,Integration,34
A02392,Infrastructure,76
A02392,Database,22
A02392,Analytics & Data,69
A02392,AI & ML,57
A02392,Security,64
A02392,Applications,22
A02392,Integration,45
A02393,Infrastructure,31
A02393,Database,39
A02393,Analytics & Data,31
A02393,AI & ML,35
A02393,Security,37
A02393,Applications,52
A02393,Integration,47
A02394,Infrastructure,28
A02394,Database,83
A02394,Analytics & Data,38
A02394,AI & ML,62
A02394,Security,41
A02394,Applications,23
A02394,Integration,38
A02395,Infrastructure,20
A02395,Database,66
A02395,Analytics & Data,21
A02395,AI & ML,35
A02395,Security,30
A02395,Applications,41
A02395,Integration,33
A02396,Infrastructure,36
A02396,Database,46
A02396,Analytics & Data,55
A02396,AI & ML,23
A02396,Security,16
A02396,Applications,34
A02396,Integration,40
A02397,Infrastructure,28
A02397,Database,29
A02397,Analytics & Data,63
A02397,AI & ML,44
A02397,Security,47
A02397,Applications,30
A02397,Integration,77
A02398,Infrastructure,32
A02398,Database,30
A02398,Analytics & Data,20
A02398,AI & ML,39
A02398,Security,44
A02398,Applications,47
A02398,Integration,62
A02399,Infrastructure,42
A02399,Database,74
A02399,Analytics & Data,73
A02399,AI & ML,48
A02399,Security,69
A02399,Applications,50
A02399,Integration,41
A02400,Infrastructure,87
A02400,Database,35
A02400,Analytics & Data,50
A02400,AI & ML,81
A02400,Security,43
A02400,Applications,34
A02400,Integration,37
A02401,Infrastructure,68
A02401,Database,43
A02401,Analytics & Data,51
A02401,AI & ML,40
A02401,Security,39
A02401,Applications,27
A02401,Integration,38
A02402,Infrastructure,43
A02402,Database,41
A02402,Analytics & Data,37
A02402,AI & ML,87
A02402,Security,45
A02402,Applications,39
A02402,Integration,84
A02403,Infrastructure,47
A02403,Database,49
A02403,Analytics & Data,43
A02403,AI & ML,57
A02403,Security,43
A02403,Applications,58
A02403,Integration,50
A02404,Infrastructure,59
A02404,Database,39
A02404,Analytics & Data,58
A02404,AI & ML,48
A02404,Security,43
A02404,Applications,75
A02404,Integration,68
A02405,Infrastructure,25
A02405,Database,89
A02405,Analytics & Data,44
A02405,AI & ML,79
A02405,Security,46
A02405,Applications,70
A02405,Integration,34
A02406,Infrastructure,25
A02406,Database,53
A02406,Analytics & Data,62
A02406,AI & ML,52
A02406,Security,57
A02406,Applications,70
A02406,Integration,34
A02407,Infrastructure,54
A02407,Database,80
A02407,Analytics & Data,67
A02407,AI & ML,44
A02407,Security,54
A02407,Applications,24
A02407,Integration,27
A02408,Infrastructure,36
A02408,Database,50
A02408,Analytics & Data,70
A02408,AI & ML,27
A02408,Security,42
A02408,Applications,61
A02408,Integration,35
A02409,Infrastructure,46
A02409,Database,26
A02409,Analytics & Data,88
A02409,AI & ML,31
A02409,Security,37
A02409,Applications,85
A02409,Integration,70
A02410,Infrastructure,74
A02410,Database,30
A02410,Analytics & Data,27
A02410,AI & ML,40
A02410,Security,41
A02410,Applications,50
A02410,Integration,48
A02411,Infrastructure,32
A02411,Database,98
A02411,Analytics & Data,89
A02411,AI & ML,73
A02411,Security,64
A02411,Applications,48
A02411,Integration,39
A02412,Infrastructure,23
A02412,Database,23
A02412,Analytics & Data,27
A02412,AI & ML,46
A02412,Security,52
A02412,Applications,44
A02412,Integration,46
A02413,Infrastructure,43
A02413,Database,49
A02413,Analytics & Data,60
A02413,AI & ML,83
A02413,Security,74
A02413,Applications,30
A02413,Integration,79
A02414,Infrastructure,31
A02414,Database,29
A02414,Analytics & Data,43
A02414,AI & ML,69
A02414,Security,21
A02414,Applications,70
A02414,Integration,51
A02415,Infrastructure,31
A02415,Database,32
A02415,Analytics & Data,87
A02415,AI & ML,37
A02415,Security,82
A02415,Applications,45
A02415,Integration,48
A02416,Infrastructure,45
A02416,Database,56
A02416,Analytics & Data,37
A02416,AI & ML,38
A02416,Security,25
A02416,Applications,39
A02416,Integration,81
A02417,Infrastructure,40
A02417,Database,38
A02417,Analytics & Data,39
A02417,AI & ML,20
A02417,Security,32
A02417,Applications,54
A02417,Integration,36
A02418,Infrastructure,83
A02418,Database,37
A02418,Analytics & Data,39
A02418,AI & ML,44
A02418,Security,58
A02418,Applications,89
A02418,Integration,68
A02419,Infrastructure,18
A02419,Database,54
A02419,Analytics & Data,35
A02419,AI & ML,55
A02419,Security,31
A02419,Applications,26
A02419,Integration,28
A02420,Infrastructure,42
A02420,Database,43
A02420,Analytics & Data,87
A02420,AI & ML,43
A02420,Security,31
A02420,Applications,37
A02420,Integration,38
A02421,Infrastructure,37
A02421,Database,31
A02421,Analytics & Data,93
A02421,AI & ML,40
A02421,Security,34
A02421,Applications,44
A02421,Integration,42
A02422,Infrastructure,38
A02422,Database,37
A02422,Analytics & Data,37
A02422,AI & ML,75
A02422,Security,43
A02422,Applications,44
A02422,Integration,53
A02423,Infrastructure,84
A02423,Database,88
A02423,Analytics & Data,68
A02423,AI & ML,52
A02423,Security,51
A02423,Applications,68
A02423,Integration,27
A02424,Infrastructure,47
A02424,Database,50
A02424,Analytics & Data,28
A02424,AI & ML,37
A02424,Security,38
A02424,Applications,88
A02424,Integration,45
A02425,Infrastructure,67
A02425,Database,60
A02425,Analytics & Data,25
A02425,AI & ML,74
A02425,Security,61
A02425,Applications,47
A02425,Integration,55
A02426,Infrastructure,73
A02426,Database,41
A02426,Analytics & Data,27
A02426,AI & ML,56
A02426,Security,40
A02426,Applications,46
A02426,Integration,49
A02427,Infrastructure,32
A02427,Database,32
A02427,Analytics & Data,40
A02427,AI & ML,54
A02427,Security,39
A02427,Applications,31
A02427,Integration,84
A02428,Infrastructure,47
A02428,Database,58
A02428,Analytics & Data,42
A02428,AI & ML,81
A02428,Security,39
A02428,Applications,34
A02428,Integration,25
A02429,Infrastructure,33
A02429,Database,35
A02429,Analytics & Data,52
A02429,AI & ML,30
A02429,Security,44
A02429,Applications,41
A02429,Integration,42
A02430,Infrastructure,62
A02430,Database,23
A02430,Analytics & Data,73
A02430,AI & ML,27
A02430,Security,36
A02430,Applications,69
A02430,Integration,41
A02431,Infrastructure,38
A02431,Database,49
A02431,Analytics & Data,79
A02431,AI & ML,95
A02431,Security,66
A02431,Applications,68
A02431,Integration,60
A02432,Infrastructure,34
A02432,Database,88
A02432,Analytics & Data,53
A02432,AI & ML,63
A02432,Security,41
A02432,Applications,56
A02432,Integration,72
A02433,Infrastructure,31
A02433,Database,57
A02433,Analytics & Data,66
A02433,AI & ML,36
A02433,Security,19
A02433,Applications,78
A02433,Integration,26
A02434,Infrastructure,41
A02434,Database,57
A02434,Analytics & Data,50
A02434,AI & ML,59
A02434,Security,66
A02434,Applications,93
A02434,Integration,73
A02435,Infrastructure,44
A02435,Database,49
A02435,Analytics & Data,44
A02435,AI & ML,26
A02435,Security,35
A02435,Applications,40
A02435,Integration,36
A02436,Infrastructure,41
A02436,Database,58
A02436,Analytics & Data,53
A02436,AI & ML,53
A02436,Security,33
A02436,Applications,44
A02436,Integration,44
A02437,Infrastructure,47
A02437,Database,40
A02437,Analytics & Data,46
A02437,AI & ML,49
A02437,Security,50
A02437,Applications,40
A02437,Integration,71
A02438,Infrastructure,44
A02438,Database,67
A02438,Analytics & Data,63
A02438,AI & ML,34
A02438,Security,33
A02438,Applications,59
A02438,Integration,26
A02439,Infrastructure,36
A02439,Database,45
A02439,Analytics & Data,35
A02439,AI & ML,38
A02439,Security,37
A02439,Applications,36
A02439,Integration,51
A02440,Infrastructure,59
A02440,Database,40
A02440,Analytics & Data,46
A02440,AI & ML,22
A02440,Security,44
A02440,Applications,42
A02440,Integration,51
A02441,Infrastructure,55
A02441,Database,66
A02441,Analytics & Data,48
A02441,AI & ML,73
A02441,Security,31
A02441,Applications,31
A02441,Integration,41
A02442,Infrastructure,39
A02442,Database,36
A02442,Analytics & Data,48
A02442,AI & ML,88
A02442,Security,54
A02442,Applications,44
A02442,Integration,43
A02443,Infrastructure,41
A02443,Database,49
A02443,Analytics & Data,19
A02443,AI & ML,43
A02443,Security,23
A02443,Applications,64
A02443,Integration,72
A02444,Infrastructure,50
A02444,Database,91
A02444,Analytics & Data,73
A02444,AI & ML,48
A02444,Security,35
A02444,Applications,73
A02444,Integration,60
A02445,Infrastructure,88
A02445,Database,45
A02445,Analytics & Data,43
A02445,AI & ML,41
A02445,Security,66
A02445,Applications,27
A02445,Integration,44
A02446,Infrastructure,34
A02446,Database,39
A02446,Analytics & Data,31
A02446,AI & ML,32
A02446,Security,42
A02446,Applications,72
A02446,Integration,25
A02447,Infrastructure,59
A02447,Database,95
A02447,Analytics & Data,61
A02447,AI & ML,34
A02447,Security,45
A02447,Applications,46
A02447,Integration,43
A02448,Infrastructure,55
A02448,Database,41
A02448,Analytics & Data,42
A02448,AI & ML,41
A02448,Security,76
A02448,Applications,26
A02448,Integration,87
A02449,Infrastructure,31
A02449,Database,86
A02449,Analytics & Data,32
A02449,AI & ML,56
A02449,Security,49
A02449,Applications,62
A02449,Integration,32
A02450,Infrastructure,35
A02450,Database,48
A02450,Analytics & Data,35
A02450,AI & ML,37
A02450,Security,90
A02450,Applications,42
A02450,Integration,64
A02451,Infrastructure,36
A02451,Database,84
A02451,Analytics & Data,76
A02451,AI & ML,37
A02451,Security,51
A02451,Applications,45
A02451,Integration,69
A02452,Infrastructure,17
A02452,Database,42
A02452,Analytics & Data,69
A02452,AI & ML,29
A02452,Security,65
A02452,Applications,60
A02452,Integration,68
A02453,Infrastructure,62
A02453,Database,60
A02453,Analytics & Data,23
A02453,AI & ML,80
A02453,Security,28
A02453,Applications,37
A02453,Integration,62
A02454,Infrastructure,48
A02454,Database,87
A02454,Analytics & Data,42
A02454,AI & ML,30
A02454,Security,41
A02454,Applications,43
A02454,Integration,18
A02455,Infrastructure,56
A02455,Database,26
A02455,Analytics & Data,35
A02455,AI & ML,81
A02455,Security,23
A02455,Applications,36
A02455,Integration,38
A02456,Infrastructure,85
A02456,Database,28
A02456,Analytics & Data,47
A02456,AI & ML,22
A02456,Security,41
A02456,Applications,74
A02456,Integration,26
A02457,Infrastructure,39
A02457,Database,71
A02457,Analytics & Data,54
A02457,AI & ML,33
A02457,Security,25
A02457,Applications,29
A02457,Integration,50
A02458,Infrastructure,45
A02458,Database,29
A02458,Analytics & Data,37
A02458,AI & ML,15
A02458,Security,66
A02458,Applications,24
A02458,Integration,78
A02459,Infrastructure,64
A02459,Database,40
A02459,Analytics & Data,35
A02459,AI & ML,33
A02459,Security,92
A02459,Applications,41
A02459,Integration,48
A02460,Infrastructure,51
A02460,Database,42
A02460,Analytics & Data,51
A02460,AI & ML,89
A02460,Security,42
A02460,Applications,76
A02460,Integration,76
A02461,Infrastructure,57
A02461,Database,73
A02461,Analytics & Data,25
A02461,AI & ML,78
A02461,Security,69
A02461,Applications,41
A02461,Integration,49
A02462,Infrastructure,49
A02462,Database,30
A02462,Analytics & Data,88
A02462,AI & ML,54
A02462,Security,38
A02462,Applications,32
A02462,Integration,28
A02463,Infrastructure,44
A02463,Database,37
A02463,Analytics & Data,68
A02463,AI & ML,39
A02463,Security,72
A02463,Applications,33
A02463,Integration,44
A02464,Infrastructure,42
A02464,Database,40
A02464,Analytics & Data,38
A02464,AI & ML,48
A02464,Security,51
A02464,Applications,58
A02464,Integration,69
A02465,Infrastructure,51
A02465,Database,41
A02465,Analytics & Data,41
A02465,AI & ML,95
A02465,Security,44
A02465,Applications,27
A02465,Integration,49
A02466,Infrastructure,65
A02466,Database,67
A02466,Analytics & Data,50
A02466,AI & ML,61
A02466,Security,34
A02466,Applications,34
A02466,Integration,56
A02467,Infrastructure,42
A02467,Database,35
A02467,Analytics & Data,79
A02467,AI & ML,44
A02467,Security,24
A02467,Applications,47
A02467,Integration,38
A02468,Infrastructure,41
A02468,Database,62
A02468,Analytics & Data,35
A02468,AI & ML,30
A02468,Security,45
A02468,Applications,31
A02468,Integration,38
A02469,Infrastructure,38
A02469,Database,84
A02469,Analytics & Data,55
A02469,AI & ML,46
A02469,Security,31
A02469,Applications,86
A02469,Integration,70
A02470,Infrastructure,46
A02470,Database,33
A02470,Analytics & Data,59
A02470,AI & ML,44
A02470,Security,37
A02470,Applications,27
A02470,Integration,49
A02471,Infrastructure,40
A02471,Database,45
A02471,Analytics & Data,41
A02471,AI & ML,72
A02471,Security,41
A02471,Applications,52
A02471,Integration,38
A02472,Infrastructure,38
A02472,Database,61
A02472,Analytics & Data,74
A02472,AI & ML,58
A02472,Security,42
A02472,Applications,42
A02472,Integration,70
A02473,Infrastructure,61
A02473,Database,30
A02473,Analytics & Data,79
A02473,AI & ML,31
A02473,Security,50
A02473,Applications,55
A02473,Integration,57
A02474,Infrastructure,35
A02474,Database,39
A02474,Analytics & Data,17
A02474,AI & ML,67
A02474,Security,47
A02474,Applications,17
A02474,Integration,65
A02475,Infrastructure,29
A02475,Database,43
A02475,Analytics & Data,26
A02475,AI & ML,90
A02475,Security,49
A02475,Applications,70
A02475,Integration,38
A02476,Infrastructure,66
A02476,Database,21
A02476,Analytics & Data,41
A02476,AI & ML,36
A02476,Security,56
A02476,Applications,63
A02476,Integration,41
A02477,Infrastructure,32
A02477,Database,94
A02477,Analytics & Data,31
A02477,AI & ML,94
A02477,Security,16
A02477,Applications,90
A02477,Integration,41
A02478,Infrastructure,31
A02478,Database,42
A02478,Analytics & Data,63
A02478,AI & ML,23
A02478,Security,27
A02478,Applications,71
A02478,Integration,44
A02479,Infrastructure,42
A02479,Database,60
A02479,Analytics & Data,37
A02479,AI & ML,36
A02479,Security,30
A02479,Applications,45
A02479,Integration,80
A02480,Infrastructure,63
A02480,Database,33
A02480,Analytics & Data,48
A02480,AI & ML,32
A02480,Security,35
A02480,Applications,74
A02480,Integration,35
A02481,Infrastructure,56
A02481,Database,79
A02481,Analytics & Data,40
A02481,AI & ML,53
A02481,Security,23
A02481,Applications,39
A02481,Integration,36
A02482,Infrastructure,37
A02482,Database,34
A02482,Analytics & Data,28
A02482,AI & ML,14
A02482,Security,35
A02482,Applications,47
A02482,Integration,37
A02483,Infrastructure,78
A02483,Database,40
A02483,Analytics & Data,92
A02483,AI & ML,38
A02483,Security,41
A02483,Applications,42
A02483,Integration,37
A02484,Infrastructure,35
A02484,Database,54
A02484,Analytics & Data,46
A02484,AI & ML,36
A02484,Security,94
A02484,Applications,50
A02484,Integration,67
A02485,Infrastructure,76
A02485,Database,49
A02485,Analytics & Data,49
A02485,AI & ML,47
A02485,Security,34
A02485,Applications,23
A02485,Integration,87
A02486,Infrastructure,37
A02486,Database,37
A02486,Analytics & Data,100
A02486,AI & ML,48
A02486,Security,37
A02486,Applications,41
A02486,Integration,40
A02487,Infrastructure,35
A02487,Database,47
A02487,Analytics & Data,54
A02487,AI & ML,23
A02487,Security,99
A02487,Applications,92
A02487,Integration,36
A02488,Infrastructure,21
A02488,Database,31
A02488,Analytics & Data,37
A02488,AI & ML,17
A02488,Security,74
A02488,Applications,43
A02488,Integration,57
A02489,Infrastructure,47
A02489,Database,86
A02489,Analytics & Data,50
A02489,AI & ML,48
A02489,Security,46
A02489,Applications,52
A02489,Integration,55
A02490,Infrastructure,34
A02490,Database,30
A02490,Analytics & Data,52
A02490,AI & ML,42
A02490,Security,43
A02490,Applications,49
A02490,Integration,48
A02491,Infrastructure,59
A02491,Database,35
A02491,Analytics & Data,29
A02491,AI & ML,37
A02491,Security,27
A02491,Applications,49
A02491,Integration,25
A02492,Infrastructure,43
A02492,Database,69
A02492,Analytics & Data,71
A02492,AI & ML,44
A02492,Security,50
A02492,Applications,33
A02492,Integration,45
A02493,Infrastructure,23
A02493,Database,57
A02493,Analytics & Data,26
A02493,AI & ML,56
A02493,Security,45
A02493,Applications,37
A02493,Integration,63
A02494,Infrastructure,25
A02494,Database,55
A02494,Analytics & Data,40
A02494,AI & ML,78
A02494,Security,36
A02494,Applications,37
A02494,Integration,74
A02495,Infrastructure,30
A02495,Database,65
A02495,Analytics & Data,55
A02495,AI & ML,55
A02495,Security,47
A02495,Applications,35
A02495,Integration,28
A02496,Infrastructure,43
A02496,Database,42
A02496,Analytics & Data,77
A02496,AI & ML,56
A02496,Security,44
A02496,Applications,47
A02496,Integration,61
A02497,Infrastructure,83
A02497,Database,89
A02497,Analytics & Data,50
A02497,AI & ML,65
A02497,Security,22
A02497,Applications,31
A02497,Integration,34
A02498,Infrastructure,41
A02498,Database,33
A02498,Analytics & Data,36
A02498,AI & ML,40
A02498,Security,71
A02498,Applications,57
A02498,Integration,31
A02499,Infrastructure,88
A02499,Database,35
A02499,Analytics & Data,29
A02499,AI & ML,45
A02499,Security,28
A02499,Applications,43
A02499,Integration,48
A02500,Infrastructure,32
A02500,Database,47
A02500,Analytics & Data,43
A02500,AI & ML,52
A02500,Security,38
A02500,Applications,50
A02500,Integration,92
A02501,Infrastructure,80
A02501,Database,53
A02501,Analytics & Data,41
A02501,AI & ML,81
A02501,Security,32
A02501,Applications,44
A02501,Integration,40
A02502,Infrastructure,69
A02502,Database,54
A02502,Analytics & Data,50
A02502,AI & ML,38
A02502,Security,56
A02502,Applications,99
A02502,Integration,82
A02503,Infrastructure,56
A02503,Database,36
A02503,Analytics & Data,49
A02503,AI & ML,31
A02503,Security,44
A02503,Applications,31
A02503,Integration,59
A02504,Infrastructure,51
A02504,Database,43
A02504,Analytics & Data,45
A02504,AI & ML,85
A02504,Security,38
A02504,Applications,71
A02504,Integration,70
A02505,Infrastructure,44
A02505,Database,41
A02505,Analytics & Data,43
A02505,AI & ML,28
A02505,Security,63
A02505,Applications,57
A02505,Integration,40
A02506,Infrastructure,23
A02506,Database,46
A02506,Analytics & Data,33
A02506,AI & ML,44
A02506,Security,45
A02506,Applications,77
A02506,Integration,14
A02507,Infrastructure,39
A02507,Database,92
A02507,Analytics & Data,72
A02507,AI & ML,24
A02507,Security,30
A02507,Applications,31
A02507,Integration,31
A02508,Infrastructure,40
A02508,Database,28
A02508,Analytics & Data,25
A02508,AI & ML,30
A02508,Security,38
A02508,Applications,34
A02508,Integration,44
A02509,Infrastructure,74
A02509,Database,38
A02509,Analytics & Data,36
A02509,AI & ML,18
A02509,Security,37
A02509,Applications,87
A02509,Integration,53
A02510,Infrastructure,32
A02510,Database,41
A02510,Analytics & Data,41
A02510,AI & ML,45
A02510,Security,41
A02510,Applications,56
A02510,Integration,83
A02511,Infrastructure,60
A02511,Database,37
A02511,Analytics & Data,41
A02511,AI & ML,39
A02511,Security,26
A02511,Applications,27
A02511,Integration,32
A02512,Infrastructure,83
A02512,Database,42
A02512,Analytics & Data,31
A02512,AI & ML,45
A02512,Security,36
A02512,Applications,28
A02512,Integration,38
A02513,Infrastructure,24
A02513,Database,21
A02513,Analytics & Data,73
A02513,AI & ML,16
A02513,Security,61
A02513,Applications,79
A02513,Integration,31
A02514,Infrastructure,47
A02514,Database,63
A02514,Analytics & Data,50
A02514,AI & ML,52
A02514,Security,60
A02514,Applications,75
A02514,Integration,61
A02515,Infrastructure,65
A02515,Database,56
A02515,Analytics & Data,46
A02515,AI & ML,27
A02515,Security,28
A02515,Applications,81
A02515,Integration,85
A02516,Infrastructure,37
A02516,Database,35
A02516,Analytics & Data,81
A02516,AI & ML,85
A02516,Security,51
A02516,Applications,31
A02516,Integration,40
A02517,Infrastructure,23
A02517,Database,35
A02517,Analytics & Data,65
A02517,AI & ML,41
A02517,Security,45
A02517,Applications,94
A02517,Integration,22
A02518,Infrastructure,31
A02518,Database,25
A02518,Analytics & Data,38
A02518,AI & ML,72
A02518,Security,29
A02518,Applications,38
A02518,Integration,37
A02519,Infrastructure,37
A02519,Database,77
A02519,Analytics & Data,56
A02519,AI & ML,53
A02519,Security,57
A02519,Applications,32
A02519,Integration,33
A02520,Infrastructure,31
A02520,Database,28
A02520,Analytics & Data,41
A02520,AI & ML,46
A02520,Security,35
A02520,Applications,58
A02520,Integration,37
A02521,Infrastructure,47
A02521,Database,42
A02521,Analytics & Data,47
A02521,AI & ML,33
A02521,Security,50
A02521,Applications,70
A02521,Integration,87
A02522,Infrastructure,30
A02522,Database,32
A02522,Analytics & Data,61
A02522,AI & ML,45
A02522,Security,39
A02522,Applications,42
A02522,Integration,39
A02523,Infrastructure,70
A02523,Database,46
A02523,Analytics & Data,43
A02523,AI & ML,22
A02523,Security,77
A02523,Applications,58
A02523,Integration,16
A02524,Infrastructure,58
A02524,Database,39
A02524,Analytics & Data,43
A02524,AI & ML,89
A02524,Security,43
A02524,Applications,20
A02524,Integration,36
A02525,Infrastructure,69
A02525,Database,43
A02525,Analytics & Data,41
A02525,AI & ML,29
A02525,Security,48
A02525,Applications,89
A02525,Integration,45
A02526,Infrastructure,23
A02526,Database,37
A02526,Analytics & Data,37
A02526,AI & ML,49
A02526,Security,58
A02526,Applications,57
A02526,Integration,100
A02527,Infrastructure,56
A02527,Database,40
A02527,Analytics & Data,54
A02527,AI & ML,53
A02527,Security,36
A02527,Applications,72
A02527,Integration,41
A02528,Infrastructure,35
A02528,Database,37
A02528,Analytics & Data,81
A02528,AI & ML,44
A02528,Security,46
A02528,Applications,100
A02528,Integration,26
A02529,Infrastructure,64
A02529,Database,45
A02529,Analytics & Data,71
A02529,AI & ML,59
A02529,Security,99
A02529,Applications,42
A02529,Integration,48
A02530,Infrastructure,93
A02530,Database,42
A02530,Analytics & Data,31
A02530,AI & ML,40
A02530,Security,33
A02530,Applications,38
A02530,Integration,40
A02531,Infrastructure,52
A02531,Database,27
A02531,Analytics & Data,47
A02531,AI & ML,53
A02531,Security,24
A02531,Applications,19
A02531,Integration,100
A02532,Infrastructure,33
A02532,Database,46
A02532,Analytics & Data,29
A02532,AI & ML,61
A02532,Security,59
A02532,Applications,52
A02532,Integration,22
A02533,Infrastructure,27
A02533,Database,32
A02533,Analytics & Data,35
A02533,AI & ML,83
A02533,Security,65
A02533,Applications,39
A02533,Integration,31
A02534,Infrastructure,36
A02534,Database,37
A02534,Analytics & Data,38
A02534,AI & ML,80
A02534,Security,53
A02534,Applications,57
A02534,Integration,75
A02535,Infrastructure,75
A02535,Database,46
A02535,Analytics & Data,33
A02535,AI & ML,56
A02535,Security,51
A02535,Applications,56
A02535,Integration,55
A02536,Infrastructure,28
A02536,Database,41
A02536,Analytics & Data,56
A02536,AI & ML,57
A02536,Security,55
A02536,Applications,67
A02536,Integration,54
A02537,Infrastructure,33
A02537,Database,41
A02537,Analytics & Data,84
A02537,AI & ML,88
A02537,Security,54
A02537,Applications,17
A02537,Integration,52
A02538,Infrastructure,40
A02538,Database,26
A02538,Analytics & Data,39
A02538,AI & ML,51
A02538,Security,35
A02538,Applications,49
A02538,Integration,51
A02539,Infrastructure,18
A02539,Database,40
A02539,Analytics & Data,54
A02539,AI & ML,30
A02539,Security,33
A02539,Applications,82
A02539,Integration,40
A02540,Infrastructure,51
A02540,Database,34
A02540,Analytics & Data,37
A02540,AI & ML,73
A02540,Security,47
A02540,Applications,37
A02540,Integration,29
A02541,Infrastructure,41
A02541,Database,47
A02541,Analytics & Data,73
A02541,AI & ML,65
A02541,Security,32
A02541,Applications,54
A02541,Integration,72
A02542,Infrastructure,54
A02542,Database,32
A02542,Analytics & Data,28
A02542,AI & ML,31
A02542,Security,38
A02542,Applications,91
A02542,Integration,20
A02543,Infrastructure,34
A02543,Database,37
A02543,Analytics & Data,31
A02543,AI & ML,36
A02543,Security,38
A02543,Applications,41
A02543,Integration,61
A02544,Infrastructure,25
A02544,Database,75
A02544,Analytics & Data,65
A02544,AI & ML,68
A02544,Security,71
A02544,Applications,70
A02544,Integration,20
A02545,Infrastructure,45
A02545,Database,45
A02545,Analytics & Data,54
A02545,AI & ML,57
A02545,Security,54
A02545,Applications,47
A02545,Integration,35
A02546,Infrastructure,56
A02546,Database,62
A02546,Analytics & Data,36
A02546,AI & ML,66
A02546,Security,27
A02546,Applications,33
A02546,Integration,30
A02547,Infrastructure,48
A02547,Database,81
A02547,Analytics & Data,45
A02547,AI & ML,88
A02547,Security,55
A02547,Applications,50
A02547,Integration,57
A02548,Infrastructure,31
A02548,Database,49
A02548,Analytics & Data,38
A02548,AI & ML,33
A02548,Security,65
A02548,Applications,44
A02548,Integration,52
A02549,Infrastructure,64
A02549,Database,66
A02549,Analytics & Data,73
A02549,AI & ML,40
A02549,Security,61
A02549,Applications,38
A02549,Integration,42
A02550,Infrastructure,42
A02550,Database,41
A02550,Analytics & Data,50
A02550,AI & ML,54
A02550,Security,47
A02550,Applications,54
A02550,Integration,83
A02551,Infrastructure,42
A02551,Database,47
A02551,Analytics & Data,54
A02551,AI & ML,38
A02551,Security,53
A02551,Applications,60
A02551,Integration,48
A02552,Infrastructure,59
A02552,Database,56
A02552,Analytics & Data,49
A02552,AI & ML,26
A02552,Security,89
A02552,Applications,34
A02552,Integration,95
A02553,Infrastructure,44
A02553,Database,58
A02553,Analytics & Data,51
A02553,AI & ML,32
A02553,Security,70
A02553,Applications,42
A02553,Integration,36
A02554,Infrastructure,34
A02554,Database,36
A02554,Analytics & Data,36
A02554,AI & ML,50
A02554,Security,76
A02554,Applications,91
A02554,Integration,55
A02555,Infrastructure,70
A02555,Database,48
A02555,Analytics & Data,37
A02555,AI & ML,38
A02555,Security,47
A02555,Applications,47
A02555,Integration,48
A02556,Infrastructure,31
A02556,Database,51
A02556,Analytics & Data,28
A02556,AI & ML,27
A02556,Security,32
A02556,Applications,85
A02556,Integration,23
A02557,Infrastructure,43
A02557,Database,32
A02557,Analytics & Data,24
A02557,AI & ML,47
A02557,Security,68
A02557,Applications,57
A02557,Integration,38
A02558,Infrastructure,75
A02558,Database,55
A02558,Analytics & Data,58
A02558,AI & ML,75
A02558,Security,35
A02558,Applications,59
A02558,Integration,37
A02559,Infrastructure,29
A02559,Database,31
A02559,Analytics & Data,31
A02559,AI & ML,29
A02559,Security,73
A02559,Applications,83
A02559,Integration,51
A02560,Infrastructure,69
A02560,Database,40
A02560,Analytics & Data,34
A02560,AI & ML,65
A02560,Security,31
A02560,Applications,70
A02560,Integration,70
A02561,Infrastructure,19
A02561,Database,67
A02561,Analytics & Data,29
A02561,AI & ML,47
A02561,Security,39
A02561,Applications,28
A02561,Integration,16
A02562,Infrastructure,75
A02562,Database,27
A02562,Analytics & Data,36
A02562,AI & ML,39
A02562,Security,42
A02562,Applications,45
A02562,Integration,53
A02563,Infrastructure,29
A02563,Database,42
A02563,Analytics & Data,100
A02563,AI & ML,40
A02563,Security,90
A02563,Applications,33
A02563,Integration,25
A02564,Infrastructure,71
A02564,Database,37
A02564,Analytics & Data,87
A02564,AI & ML,100
A02564,Security,93
A02564,Applications,26
A02564,Integration,58
A02565,Infrastructure,39
A02565,Database,42
A02565,Analytics & Data,39
A02565,AI & ML,29
A02565,Security,31
A02565,Applications,41
A02565,Integration,98
A02566,Infrastructure,31
A02566,Database,47
A02566,Analytics & Data,33
A02566,AI & ML,40
A02566,Security,88
A02566,Applications,50
A02566,Integration,71
A02567,Infrastructure,71
A02567,Database,82
A02567,Analytics & Data,31
A02567,AI & ML,45
A02567,Security,50
A02567,Applications,35
A02567,Integration,30
A02568,Infrastructure,37
A02568,Database,13
A02568,Analytics & Data,56
A02568,AI & ML,72
A02568,Security,20
A02568,Applications,50
A02568,Integration,28
A02569,Infrastructure,43
A02569,Database,29
A02569,Analytics & Data,36
A02569,AI & ML,33
A02569,Security,39
A02569,Applications,26
A02569,Integration,34
A02570,Infrastructure,61
A02570,Database,21
A02570,Analytics & Data,36
A02570,AI & ML,29
A02570,Security,61
A02570,Applications,22
A02570,Integration,41
A02571,Infrastructure,36
A02571,Database,39
A02571,Analytics & Data,39
A02571,AI & ML,36
A02571,Security,30
A02571,Applications,51
A02571,Integration,67
A02572,Infrastructure,27
A02572,Database,49
A02572,Analytics & Data,72
A02572,AI & ML,77
A02572,Security,69
A02572,Applications,39
A02572,Integration,23
A02573,Infrastructure,30
A02573,Database,51
A02573,Analytics & Data,36
A02573,AI & ML,48
A02573,Security,40
A02573,Applications,29
A02573,Integration,52
A02574,Infrastructure,42
A02574,Database,83
A02574,Analytics & Data,33
A02574,AI & ML,75
A02574,Security,40
A02574,Applications,51
A02574,Integration,26
A02575,Infrastructure,76
A02575,Database,45
A02575,Analytics & Data,64
A02575,AI & ML,24
A02575,Security,36
A02575,Applications,58
A02575,Integration,50
A02576,Infrastructure,60
A02576,Database,76
A02576,Analytics & Data,49
A02576,AI & ML,41
A02576,Security,52
A02576,Applications,70
A02576,Integration,82
A02577,Infrastructure,40
A02577,Database,50
A02577,Analytics & Data,39
A02577,AI & ML,80
A02577,Security,35
A02577,Applications,59
A02577,Integration,41
A02578,Infrastructure,60
A02578,Database,55
A02578,Analytics & Data,57
A02578,AI & ML,70
A02578,Security,33
A02578,Applications,51
A02578,Integration,40
A02579,Infrastructure,37
A02579,Database,86
A02579,Analytics & Data,41
A02579,AI & ML,40
A02579,Security,34
A02579,Applications,38
A02579,Integration,41
A02580,Infrastructure,38
A02580,Database,83
A02580,Analytics & Data,73
A02580,AI & ML,42
A02580,Security,60
A02580,Applications,52
A02580,Integration,65
A02581,Infrastructure,30
A02581,Database,56
A02581,Analytics & Data,32
A02581,AI & ML,48
A02581,Security,87
A02581,Applications,33
A02581,Integration,38
A02582,Infrastructure,48
A02582,Database,100
A02582,Analytics & Data,36
A02582,AI & ML,37
A02582,Security,53
A02582,Applications,59
A02582,Integration,45
A02583,Infrastructure,73
A02583,Database,62
A02583,Analytics & Data,91
A02583,AI & ML,40
A02583,Security,51
A02583,Applications,37
A02583,Integration,47
A02584,Infrastructure,45
A02584,Database,86
A02584,Analytics & Data,40
A02584,AI & ML,36
A02584,Security,45
A02584,Applications,73
A02584,Integration,84
A02585,Infrastructure,69
A02585,Database,68
A02585,Analytics & Data,41
A02585,AI & ML,34
A02585,Security,36
A02585,Applications,46
A02585,Integration,45
A02586,Infrastructure,56
A02586,Database,44
A02586,Analytics & Data,35
A02586,AI & ML,27
A02586,Security,49
A02586,Applications,36
A02586,Integration,26
A02587,Infrastructure,38
A02587,Database,69
A02587,Analytics & Data,40
A02587,AI & ML,87
A02587,Security,81
A02587,Applications,30
A02587,Integration,55
A02588,Infrastructure,99
A02588,Database,29
A02588,Analytics & Data,21
A02588,AI & ML,20
A02588,Security,73
A02588,Applications,87
A02588,Integration,33
A02589,Infrastructure,27
A02589,Database,26
A02589,Analytics & Data,76
A02589,AI & ML,51
A02589,Security,35
A02589,Applications,52
A02589,Integration,43
A02590,Infrastructure,70
A02590,Database,53
A02590,Analytics & Data,20
A02590,AI & ML,22
A02590,Security,24
A02590,Applications,26
A02590,Integration,60
A02591,Infrastructure,26
A02591,Database,80
A02591,Analytics & Data,48
A02591,AI & ML,36
A02591,Security,20
A02591,Applications,37
A02591,Integration,32
A02592,Infrastructure,31
A02592,Database,99
A02592,Analytics & Data,41
A02592,AI & ML,20
A02592,Security,73
A02592,Applications,41
A02592,Integration,28
A02593,Infrastructure,41
A02593,Database,22
A02593,Analytics & Data,42
A02593,AI & ML,52
A02593,Security,37
A02593,Applications,45
A02593,Integration,93
A02594,Infrastructure,30
A02594,Database,50
A02594,Analytics & Data,41
A02594,AI & ML,53
A02594,Security,49
A02594,Applications,29
A02594,Integration,46
A02595,Infrastructure,40
A02595,Database,45
A02595,Analytics & Data,37
A02595,AI & ML,44
A02595,Security,58
A02595,Applications,70
A02595,Integration,53
A02596,Infrastructure,31
A02596,Database,44
A02596,Analytics & Data,78
A02596,AI & ML,69
A02596,Security,29
A02596,Applications,31
A02596,Integration,25
A02597,Infrastructure,40
A02597,Database,68
A02597,Analytics & Data,26
A02597,AI & ML,44
A02597,Security,65
A02597,Applications,39
A02597,Integration,26
A02598,Infrastructure,39
A02598,Database,23
A02598,Analytics & Data,24
A02598,AI & ML,38
A02598,Security,23
A02598,Applications,49
A02598,Integration,59
A02599,Infrastructure,16
A02599,Database,100
A02599,Analytics & Data,32
A02599,AI & ML,37
A02599,Security,24
A02599,Applications,58
A02599,Integration,37
A02600,Infrastructure,22
A02600,Database,49
A02600,Analytics & Data,28
A02600,AI & ML,94
A02600,Security,28
A02600,Applications,53
A02600,Integration,38
A02601,Infrastructure,75
A02601,Database,72
A02601,Analytics & Data,68
A02601,AI & ML,52
A02601,Security,66
A02601,Applications,73
A02601,Integration,24
A02602,Infrastructure,48
A02602,Database,56
A02602,Analytics & Data,66
A02602,AI & ML,70
A02602,Security,90
A02602,Applications,42
A02602,Integration,32
A02603,Infrastructure,44
A02603,Database,38
A02603,Analytics & Data,47
A02603,AI & ML,36
A02603,Security,23
A02603,Applications,35
A02603,Integration,30
A02604,Infrastructure,76
A02604,Database,50
A02604,Analytics & Data,33
A02604,AI & ML,87
A02604,Security,32
A02604,Applications,39
A02604,Integration,41
A02605,Infrastructure,43
A02605,Database,60
A02605,Analytics & Data,45
A02605,AI & ML,40
A02605,Security,35
A02605,Applications,65
A02605,Integration,37
A02606,Infrastructure,44
A02606,Database,50
A02606,Analytics & Data,31
A02606,AI & ML,60
A02606,Security,46
A02606,Applications,28
A02606,Integration,41
A02607,Infrastructure,50
A02607,Database,29
A02607,Analytics & Data,60
A02607,AI & ML,55
A02607,Security,18
A02607,Applications,45
A02607,Integration,45
A02608,Infrastructure,38
A02608,Database,47
A02608,Analytics & Data,41
A02608,AI & ML,28
A02608,Security,97
A02608,Applications,55
A02608,Integration,41
A02609,Infrastructure,45
A02609,Database,30
A02609,Analytics & Data,72
A02609,AI & ML,21
A02609,Security,57
A02609,Applications,24
A02609,Integration,65
A02610,Infrastructure,34
A02610,Database,22
A02610,Analytics & Data,41
A02610,AI & ML,54
A02610,Security,35
A02610,Applications,38
A02610,Integration,23
A02611,Infrastructure,18
A02611,Database,55
A02611,Analytics & Data,41
A02611,AI & ML,45
A02611,Security,34
A02611,Applications,50
A02611,Integration,44
A02612,Infrastructure,51
A02612,Database,24
A02612,Analytics & Data,43
A02612,AI & ML,46
A02612,Security,45
A02612,Applications,47
A02612,Integration,71
A02613,Infrastructure,43
A02613,Database,70
A02613,Analytics & Data,77
A02613,AI & ML,33
A02613,Security,45
A02613,Applications,53
A02613,Integration,92
A02614,Infrastructure,21
A02614,Database,20
A02614,Analytics & Data,51
A02614,AI & ML,57
A02614,Security,35
A02614,Applications,44
A02614,Integration,52
A02615,Infrastructure,29
A02615,Database,73
A02615,Analytics & Data,32
A02615,AI & ML,38
A02615,Security,33
A02615,Applications,88
A02615,Integration,70
A02616,Infrastructure,51
A02616,Database,41
A02616,Analytics & Data,26
A02616,AI & ML,34
A02616,Security,40
A02616,Applications,41
A02616,Integration,39
A02617,Infrastructure,47
A02617,Database,46
A02617,Analytics & Data,41
A02617,AI & ML,68
A02617,Security,69
A02617,Applications,63
A02617,Integration,37
A02618,Infrastructure,88
A02618,Database,85
A02618,Analytics & Data,84
A02618,AI & ML,70
A02618,Security,75
A02618,Applications,51
A02618,Integration,48
A02619,Infrastructure,48
A02619,Database,39
A02619,Analytics & Data,33
A02619,AI & ML,48
A02619,Security,50
A02619,Applications,76
A02619,Integration,29
A02620,Infrastructure,57
A02620,Database,66
A02620,Analytics & Data,22
A02620,AI & ML,39
A02620,Security,64
A02620,Applications,90
A02620,Integration,43
A02621,Infrastructure,50
A02621,Database,45
A02621,Analytics & Data,35
A02621,AI & ML,52
A02621,Security,22
A02621,Applications,30
A02621,Integration,35
A02622,Infrastructure,44
A02622,Database,32
A02622,Analytics & Data,37
A02622,AI & ML,34
A02622,Security,48
A02622,Applications,80
A02622,Integration,75
A02623,Infrastructure,98
A02623,Database,39
A02623,Analytics & Data,26
A02623,AI & ML,44
A02623,Security,36
A02623,Applications,48
A02623,Integration,43
A02624,Infrastructure,30
A02624,Database,67
A02624,Analytics & Data,80
A02624,AI & ML,61
A02624,Security,41
A02624,Applications,70
A02624,Integration,55
A02625,Infrastructure,28
A02625,Database,93
A02625,Analytics & Data,52
A02625,AI & ML,51
A02625,Security,40
A02625,Applications,30
A02625,Integration,48
A02626,Infrastructure,42
A02626,Database,53
A02626,Analytics & Data,48
A02626,AI & ML,89
A02626,Security,49
A02626,Applications,33
A02626,Integration,41
A02627,Infrastructure,61
A02627,Database,63
A02627,Analytics & Data,69
A02627,AI & ML,57
A02627,Security,45
A02627,Applications,66
A02627,Integration,29
A02628,Infrastructure,31
A02628,Database,42
A02628,Analytics & Data,45
A02628,AI & ML,43
A02628,Security,61
A02628,Applications,48
A02628,Integration,88
A02629,Infrastructure,47
A02629,Database,54
A02629,Analytics & Data,29
A02629,AI & ML,96
A02629,Security,42
A02629,Applications,36
A02629,Integration,26
A02630,Infrastructure,75
A02630,Database,78
A02630,Analytics & Data,28
A02630,AI & ML,86
A02630,Security,43
A02630,Applications,94
A02630,Integration,47
A02631,Infrastructure,42
A02631,Database,18
A02631,Analytics & Data,42
A02631,AI & ML,48
A02631,Security,82
A02631,Applications,91
A02631,Integration,31
A02632,Infrastructure,44
A02632,Database,44
A02632,Analytics & Data,41
A02632,AI & ML,34
A02632,Security,53
A02632,Applications,29
A02632,Integration,45
A02633,Infrastructure,96
A02633,Database,35
A02633,Analytics & Data,64
A02633,AI & ML,77
A02633,Security,85
A02633,Applications,28
A02633,Integration,59
A02634,Infrastructure,29
A02634,Database,37
A02634,Analytics & Data,26
A02634,AI & ML,24
A02634,Security,64
A02634,Applications,87
A02634,Integration,71
A02635,Infrastructure,49
A02635,Database,33
A02635,Analytics & Data,30
A02635,AI & ML,34
A02635,Security,67
A02635,Applications,59
A02635,Integration,83
A02636,Infrastructure,36
A02636,Database,65
A02636,Analytics & Data,94
A02636,AI & ML,32
A02636,Security,47
A02636,Applications,75
A02636,Integration,68
A02637,Infrastructure,50
A02637,Database,53
A02637,Analytics & Data,39
A02637,AI & ML,43
A02637,Security,32
A02637,Applications,48
A02637,Integration,40
A02638,Infrastructure,31
A02638,Database,44
A02638,Analytics & Data,62
A02638,AI & ML,73
A02638,Security,42
A02638,Applications,76
A02638,Integration,47
A02639,Infrastructure,28
A02639,Database,51
A02639,Analytics & Data,66
A02639,AI & ML,64
A02639,Security,20
A02639,Applications,42
A02639,Integration,62
A02640,Infrastructure,62
A02640,Database,24
A02640,Analytics & Data,40
A02640,AI & ML,47
A02640,Security,48
A02640,Applications,16
A02640,Integration,33
A02641,Infrastructure,78
A02641,Database,30
A02641,Analytics & Data,30
A02641,AI & ML,40
A02641,Security,56
A02641,Applications,31
A02641,Integration,42
A02642,Infrastructure,50
A02642,Database,24
A02642,Analytics & Data,29
A02642,AI & ML,57
A02642,Security,15
A02642,Applications,81
A02642,Integration,46
A02643,Infrastructure,35
A02643,Database,55
A02643,Analytics & Data,28
A02643,AI & ML,86
A02643,Security,47
A02643,Applications,42
A02643,Integration,28
A02644,Infrastructure,77
A02644,Database,52
A02644,Analytics & Data,33
A02644,AI & ML,70
A02644,Security,37
A02644,Applications,57
A02644,Integration,52
A02645,Infrastructure,43
A02645,Database,88
A02645,Analytics & Data,31
A02645,AI & ML,43
A02645,Security,43
A02645,Applications,39
A02645,Integration,81
A02646,Infrastructure,100
A02646,Database,53
A02646,Analytics & Data,31
A02646,AI & ML,42
A02646,Security,46
A02646,Applications,38
A02646,Integration,40
A02647,Infrastructure,51
A02647,Database,35
A02647,Analytics & Data,76
A02647,AI & ML,38
A02647,Security,49
A02647,Applications,33
A02647,Integration,35
A02648,Infrastructure,41
A02648,Database,62
A02648,Analytics & Data,25
A02648,AI & ML,46
A02648,Security,60
A02648,Applications,28
A02648,Integration,72
A02649,Infrastructure,44
A02649,Database,29
A02649,Analytics & Data,73
A02649,AI & ML,42
A02649,Security,54
A02649,Applications,50
A02649,Integration,90
A02650,Infrastructure,32
A02650,Database,55
A02650,Analytics & Data,55
A02650,AI & ML,22
A02650,Security,47
A02650,Applications,24
A02650,Integration,67
A02651,Infrastructure,91
A02651,Database,61
A02651,Analytics & Data,57
A02651,AI & ML,85
A02651,Security,66
A02651,Applications,42
A02651,Integration,38
A02652,Infrastructure,35
A02652,Database,51
A02652,Analytics & Data,37
A02652,AI & ML,36
A02652,Security,39
A02652,Applications,56
A02652,Integration,64
A02653,Infrastructure,74
A02653,Database,43
A02653,Analytics & Data,38
A02653,AI & ML,74
A02653,Security,65
A02653,Applications,43
A02653,Integration,59
A02654,Infrastructure,51
A02654,Database,74
A02654,Analytics & Data,39
A02654,AI & ML,44
A02654,Security,56
A02654,Applications,42
A02654,Integration,74
A02655,Infrastructure,57
A02655,Database,50
A02655,Analytics & Data,37
A02655,AI & ML,46
A02655,Security,66
A02655,Applications,37
A02655,Integration,40
A02656,Infrastructure,34
A02656,Database,26
A02656,Analytics & Data,40
A02656,AI & ML,45
A02656,Security,32
A02656,Applications,33
A02656,Integration,43
A02657,Infrastructure,93
A02657,Database,53
A02657,Analytics & Data,39
A02657,AI & ML,33
A02657,Security,73
A02657,Applications,59
A02657,Integration,37
A02658,Infrastructure,92
A02658,Database,76
A02658,Analytics & Data,28
A02658,AI & ML,95
A02658,Security,31
A02658,Applications,88
A02658,Integration,83
A02659,Infrastructure,39
A02659,Database,97
A02659,Analytics & Data,44
A02659,AI & ML,49
A02659,Security,29
A02659,Applications,23
A02659,Integration,39
A02660,Infrastructure,100
A02660,Database,44
A02660,Analytics & Data,56
A02660,AI & ML,44
A02660,Security,39
A02660,Applications,34
A02660,Integration,25
A02661,Infrastructure,39
A02661,Database,35
A02661,Analytics & Data,54
A02661,AI & ML,79
A02661,Security,32
A02661,Applications,60
A02661,Integration,56
A02662,Infrastructure,73
A02662,Database,70
A02662,Analytics & Data,80
A02662,AI & ML,100
A02662,Security,47
A02662,Applications,48
A02662,Integration,32
A02663,Infrastructure,35
A02663,Database,28
A02663,Analytics & Data,32
A02663,AI & ML,47
A02663,Security,86
A02663,Applications,66
A02663,Integration,29
A02664,Infrastructure,89
A02664,Database,33
A02664,Analytics & Data,54
A02664,AI & ML,41
A02664,Security,44
A02664,Applications,100
A02664,Integration,30
A02665,Infrastructure,24
A02665,Database,35
A02665,Analytics & Data,47
A02665,AI & ML,40
A02665,Security,54
A02665,Applications,53
A02665,Integration,37
A02666,Infrastructure,44
A02666,Database,26
A02666,Analytics & Data,67
A02666,AI & ML,35
A02666,Security,61
A02666,Applications,17
A02666,Integration,52
A02667,Infrastructure,48
A02667,Database,32
A02667,Analytics & Data,100
A02667,AI & ML,44
A02667,Security,79
A02667,Applications,56
A02667,Integration,34
A02668,Infrastructure,73
A02668,Database,26
A02668,Analytics & Data,46
A02668,AI & ML,44
A02668,Security,49
A02668,Applications,31
A02668,Integration,29
A02669,Infrastructure,71
A02669,Database,40
A02669,Analytics & Data,70
A02669,AI & ML,61
A02669,Security,69
A02669,Applications,37
A02669,Integration,41
A02670,Infrastructure,94
A02670,Database,62
A02670,Analytics & Data,51
A02670,AI & ML,47
A02670,Security,60
A02670,Applications,52
A02670,Integration,50
A02671,Infrastructure,44
A02671,Database,51
A02671,Analytics & Data,92
A02671,AI & ML,13
A02671,Security,57
A02671,Applications,64
A02671,Integration,39
A02672,Infrastructure,36
A02672,Database,46
A02672,Analytics & Data,73
A02672,AI & ML,82
A02672,Security,29
A02672,Applications,32
A02672,Integration,64
A02673,Infrastructure,49
A02673,Database,24
A02673,Analytics & Data,52
A02673,AI & ML,33
A02673,Security,40
A02673,Applications,32
A02673,Integration,55
A02674,Infrastructure,40
A02674,Database,72
A02674,Analytics & Data,39
A02674,AI & ML,53
A02674,Security,48
A02674,Applications,28
A02674,Integration,57
A02675,Infrastructure,22
A02675,Database,28
A02675,Analytics & Data,43
A02675,AI & ML,43
A02675,Security,47
A02675,Applications,38
A02675,Integration,63
A02676,Infrastructure,54
A02676,Database,42
A02676,Analytics & Data,19
A02676,AI & ML,35
A02676,Security,11
A02676,Applications,19
A02676,Integration,41
A02677,Infrastructure,46
A02677,Database,68
A02677,Analytics & Data,42
A02677,AI & ML,87
A02677,Security,31
A02677,Applications,65
A02677,Integration,40
A02678,Infrastructure,37
A02678,Database,40
A02678,Analytics & Data,76
A02678,AI & ML,42
A02678,Security,42
A02678,Applications,66
A02678,Integration,36
A02679,Infrastructure,63
A02679,Database,43
A02679,Analytics & Data,32
A02679,AI & ML,51
A02679,Security,78
A02679,Applications,24
A02679,Integration,46
A02680,Infrastructure,26
A02680,Database,54
A02680,Analytics & Data,69
A02680,AI & ML,43
A02680,Security,38
A02680,Applications,35
A02680,Integration,36
A02681,Infrastructure,24
A02681,Database,100
A02681,Analytics & Data,40
A02681,AI & ML,47
A02681,Security,50
A02681,Applications,96
A02681,Integration,28
A02682,Infrastructure,23
A02682,Database,31
A02682,Analytics & Data,45
A02682,AI & ML,35
A02682,Security,85
A02682,Applications,44
A02682,Integration,49
A02683,Infrastructure,66
A02683,Database,40
A02683,Analytics & Data,88
A02683,AI & ML,26
A02683,Security,33
A02683,Applications,42
A02683,Integration,99
A02684,Infrastructure,67
A02684,Database,40
A02684,Analytics & Data,38
A02684,AI & ML,55
A02684,Security,58
A02684,Applications,32
A02684,Integration,38
A02685,Infrastructure,51
A02685,Database,42
A02685,Analytics & Data,33
A02685,AI & ML,58
A02685,Security,55
A02685,Applications,92
A02685,Integration,35
A02686,Infrastructure,55
A02686,Database,52
A02686,Analytics & Data,42
A02686,AI & ML,54
A02686,Security,38
A02686,Applications,49
A02686,Integration,46
A02687,Infrastructure,43
A02687,Database,39
A02687,Analytics & Data,82
A02687,AI & ML,29
A02687,Security,51
A02687,Applications,96
A02687,Integration,51
A02688,Infrastructure,37
A02688,Database,31
A02688,Analytics & Data,38
A02688,AI & ML,79
A02688,Security,46
A02688,Applications,84
A02688,Integration,55
A02689,Infrastructure,49
A02689,Database,38
A02689,Analytics & Data,30
A02689,AI & ML,35
A02689,Security,28
A02689,Applications,38
A02689,Integration,58
A02690,Infrastructure,35
A02690,Database,61
A02690,Analytics & Data,37
A02690,AI & ML,50
A02690,Security,48
A02690,Applications,47
A02690,Integration,55
A02691,Infrastructure,36
A02691,Database,42
A02691,Analytics & Data,94
A02691,AI & ML,35
A02691,Security,62
A02691,Applications,96
A02691,Integration,30
A02692,Infrastructure,54
A02692,Database,28
A02692,Analytics & Data,40
A02692,AI & ML,51
A02692,Security,18
A02692,Applications,37
A02692,Integration,30
A02693,Infrastructure,29
A02693,Database,41
A02693,Analytics & Data,33
A02693,AI & ML,62
A02693,Security,25
A02693,Applications,53
A02693,Integration,56
A02694,Infrastructure,45
A02694,Database,52
A02694,Analytics & Data,88
A02694,AI & ML,39
A02694,Security,59
A02694,Applications,32
A02694,Integration,45
A02695,Infrastructure,89
A02695,Database,52
A02695,Analytics & Data,48
A02695,AI & ML,44
A02695,Security,69
A02695,Applications,43
A02695,Integration,61
A02696,Infrastructure,38
A02696,Database,43
A02696,Analytics & Data,45
A02696,AI & ML,66
A02696,Security,21
A02696,Applications,83
A02696,Integration,38
A02697,Infrastructure,44
A02697,Database,91
A02697,Analytics & Data,48
A02697,AI & ML,43
A02697,Security,61
A02697,Applications,58
A02697,Integration,42
A02698,Infrastructure,39
A02698,Database,69
A02698,Analytics & Data,39
A02698,AI & ML,39
A02698,Security,88
A02698,Applications,75
A02698,Integration,27
A02699,Infrastructure,45
A02699,Database,25
A02699,Analytics & Data,39
A02699,AI & ML,38
A02699,Security,49
A02699,Applications,47
A02699,Integration,91
A02700,Infrastructure,73
A02700,Database,53
A02700,Analytics & Data,41
A02700,AI & ML,51
A02700,Security,20
A02700,Applications,21
A02700,Integration,33
A02701,Infrastructure,40
A02701,Database,42
A02701,Analytics & Data,71
A02701,AI & ML,34
A02701,Security,55
A02701,Applications,41
A02701,Integration,41
A02702,Infrastructure,88
A02702,Database,58
A02702,Analytics & Data,77
A02702,AI & ML,37
A02702,Security,23
A02702,Applications,56
A02702,Integration,39
A02703,Infrastructure,65
A02703,Database,28
A02703,Analytics & Data,86
A02703,AI & ML,16
A02703,Security,48
A02703,Applications,27
A02703,Integration,41
A02704,Infrastructure,33
A02704,Database,51
A02704,Analytics & Data,82
A02704,AI & ML,31
A02704,Security,72
A02704,Applications,34
A02704,Integration,41
A02705,Infrastructure,67
A02705,Database,86
A02705,Analytics & Data,38
A02705,AI & ML,68
A02705,Security,53
A02705,Applications,73
A02705,Integration,49
A02706,Infrastructure,18
A02706,Database,38
A02706,Analytics & Data,38
A02706,AI & ML,29
A02706,Security,53
A02706,Applications,43
A02706,Integration,75
A02707,Infrastructure,32
A02707,Database,57
A02707,Analytics & Data,51
A02707,AI & ML,60
A02707,Security,51
A02707,Applications,62
A02707,Integration,35
A02708,Infrastructure,47
A02708,Database,42
A02708,Analytics & Data,44
A02708,AI & ML,43
A02708,Security,68
A02708,Applications,43
A02708,Integration,39
A02709,Infrastructure,51
A02709,Database,75
A02709,Analytics & Data,62
A02709,AI & ML,24
A02709,Security,42
A02709,Applications,78
A02709,Integration,35
A02710,Infrastructure,21
A02710,Database,53
A02710,Analytics & Data,34
A02710,AI & ML,26
A02710,Security,55
A02710,Applications,36
A02710,Integration,45
A02711,Infrastructure,39
A02711,Database,59
A02711,Analytics & Data,53
A02711,AI & ML,28
A02711,Security,44
A02711,Applications,37
A02711,Integration,30
A02712,Infrastructure,66
A02712,Database,53
A02712,Analytics & Data,40
A02712,AI & ML,100
A02712,Security,47
A02712,Applications,25
A02712,Integration,22
A02713,Infrastructure,45
A02713,Database,28
A02713,Analytics & Data,88
A02713,AI & ML,35
A02713,Security,70
A02713,Applications,87
A02713,Integration,96
A02714,Infrastructure,73
A02714,Database,49
A02714,Analytics & Data,68
A02714,AI & ML,31
A02714,Security,43
A02714,Applications,59
A02714,Integration,44
A02715,Infrastructure,23
A02715,Database,89
A02715,Analytics & Data,34
A02715,AI & ML,45
A02715,Security,47
A02715,Applications,59
A02715,Integration,52
A02716,Infrastructure,31
A02716,Database,69
A02716,Analytics & Data,68
A02716,AI & ML,68
A02716,Security,46
A02716,Applications,60
A02716,Integration,29
A02717,Infrastructure,38
A02717,Database,54
A02717,Analytics & Data,78
A02717,AI & ML,58
A02717,Security,67
A02717,Applications,37
A02717,Integration,55
A02718,Infrastructure,39
A02718,Database,17
A02718,Analytics & Data,8
A02718,AI & ML,68
A02718,Security,34
A02718,Applications,43
A02718,Integration,47
A02719,Infrastructure,56
A02719,Database,45
A02719,Analytics & Data,75
A02719,AI & ML,45
A02719,Security,49
A02719,Applications,36
A02719,Integration,44
A02720,Infrastructure,51
A02720,Database,48
A02720,Analytics & Data,39
A02720,AI & ML,35
A02720,Security,45
A02720,Applications,66
A02720,Integration,32
A02721,Infrastructure,77
A02721,Database,63
A02721,Analytics & Data,27
A02721,AI & ML,40
A02721,Security,31
A02721,Applications,100
A02721,Integration,34
A02722,Infrastructure,19
A02722,Database,25
A02722,Analytics & Data,41
A02722,AI & ML,69
A02722,Security,30
A02722,Applications,45
A02722,Integration,25
A02723,Infrastructure,40
A02723,Database,50
A02723,Analytics & Data,34
A02723,AI & ML,49
A02723,Security,49
A02723,Applications,47
A02723,Integration,45
A02724,Infrastructure,44
A02724,Database,47
A02724,Analytics & Data,38
A02724,AI & ML,42
A02724,Security,26
A02724,Applications,38
A02724,Integration,38
A02725,Infrastructure,34
A02725,Database,27
A02725,Analytics & Data,34
A02725,AI & ML,27
A02725,Security,40
A02725,Applications,77
A02725,Integration,29
A02726,Infrastructure,37
A02726,Database,41
A02726,Analytics & Data,62
A02726,AI & ML,38
A02726,Security,23
A02726,Applications,65
A02726,Integration,55
A02727,Infrastructure,41
A02727,Database,90
A02727,Analytics & Data,40
A02727,AI & ML,34
A02727,Security,43
A02727,Applications,40
A02727,Integration,45
A02728,Infrastructure,48
A02728,Database,43
A02728,Analytics & Data,44
A02728,AI & ML,39
A02728,Security,53
A02728,Applications,21
A02728,Integration,77
A02729,Infrastructure,42
A02729,Database,35
A02729,Analytics & Data,35
A02729,AI & ML,34
A02729,Security,84
A02729,Applications,39
A02729,Integration,44
A02730,Infrastructure,58
A02730,Database,67
A02730,Analytics & Data,32
A02730,AI & ML,30
A02730,Security,31
A02730,Applications,45
A02730,Integration,28
A02731,Infrastructure,44
A02731,Database,43
A02731,Analytics & Data,59
A02731,AI & ML,39
A02731,Security,55
A02731,Applications,22
A02731,Integration,99
A02732,Infrastructure,58
A02732,Database,39
A02732,Analytics & Data,37
A02732,AI & ML,32
A02732,Security,85
A02732,Applications,89
A02732,Integration,86
A02733,Infrastructure,79
A02733,Database,86
A02733,Analytics & Data,43
A02733,AI & ML,44
A02733,Security,70
A02733,Applications,40
A02733,Integration,36
A02734,Infrastructure,31
A02734,Database,59
A02734,Analytics & Data,43
A02734,AI & ML,44
A02734,Security,59
A02734,Applications,30
A02734,Integration,47
A02735,Infrastructure,39
A02735,Database,41
A02735,Analytics & Data,43
A02735,AI & ML,49
A02735,Security,68
A02735,Applications,51
A02735,Integration,50
A02736,Infrastructure,68
A02736,Database,74
A02736,Analytics & Data,54
A02736,AI & ML,39
A02736,Security,42
A02736,Applications,19
A02736,Integration,27
A02737,Infrastructure,44
A02737,Database,51
A02737,Analytics & Data,47
A02737,AI & ML,46
A02737,Security,52
A02737,Applications,31
A02737,Integration,47
A02738,Infrastructure,27
A02738,Database,22
A02738,Analytics & Data,39
A02738,AI & ML,43
A02738,Security,100
A02738,Applications,73
A02738,Integration,87
A02739,Infrastructure,35
A02739,Database,51
A02739,Analytics & Data,38
A02739,AI & ML,35
A02739,Security,37
A02739,Applications,46
A02739,Integration,59
A02740,Infrastructure,36
A02740,Database,32
A02740,Analytics & Data,62
A02740,AI & ML,60
A02740,Security,39
A02740,Applications,39
A02740,Integration,89
A02741,Infrastructure,23
A02741,Database,55
A02741,Analytics & Data,45
A02741,AI & ML,37
A02741,Security,51
A02741,Applications,66
A02741,Integration,61
A02742,Infrastructure,19
A02742,Database,64
A02742,Analytics & Data,42
A02742,AI & ML,36
A02742,Security,42
A02742,Applications,79
A02742,Integration,54
A02743,Infrastructure,33
A02743,Database,27
A02743,Analytics & Data,30
A02743,AI & ML,21
A02743,Security,55
A02743,Applications,44
A02743,Integration,47
A02744,Infrastructure,90
A02744,Database,64
A02744,Analytics & Data,55
A02744,AI & ML,23
A02744,Security,83
A02744,Applications,33
A02744,Integration,51
A02745,Infrastructure,38
A02745,Database,69
A02745,Analytics & Data,22
A02745,AI & ML,52
A02745,Security,51
A02745,Applications,35
A02745,Integration,51
A02746,Infrastructure,51
A02746,Database,49
A02746,Analytics & Data,47
A02746,AI & ML,100
A02746,Security,79
A02746,Applications,29
A02746,Integration,55
A02747,Infrastructure,29
A02747,Database,20
A02747,Analytics & Data,37
A02747,AI & ML,36
A02747,Security,56
A02747,Applications,20
A02747,Integration,82
A02748,Infrastructure,38
A02748,Database,16
A02748,Analytics & Data,49
A02748,AI & ML,80
A02748,Security,23
A02748,Applications,55
A02748,Integration,54
A02749,Infrastructure,30
A02749,Database,35
A02749,Analytics & Data,42
A02749,AI & ML,37
A02749,Security,91
A02749,Applications,35
A02749,Integration,90
A02750,Infrastructure,37
A02750,Database,26
A02750,Analytics & Data,58
A02750,AI & ML,26
A02750,Security,68
A02750,Applications,52
A02750,Integration,32
A02751,Infrastructure,30
A02751,Database,43
A02751,Analytics & Data,33
A02751,AI & ML,43
A02751,Security,40
A02751,Applications,70
A02751,Integration,72
A02752,Infrastructure,81
A02752,Database,21
A02752,Analytics & Data,59
A02752,AI & ML,22
A02752,Security,31
A02752,Applications,32
A02752,Integration,41
A02753,Infrastructure,60
A02753,Database,36
A02753,Analytics & Data,53
A02753,AI & ML,30
A02753,Security,48
A02753,Applications,95
A02753,Integration,46
A02754,Infrastructure,36
A02754,Database,40
A02754,Analytics & Data,63
A02754,AI & ML,28
A02754,Security,45
A02754,Applications,62
A02754,Integration,45
A02755,Infrastructure,92
A02755,Database,100
A02755,Analytics & Data,26
A02755,AI & ML,84
A02755,Security,40
A02755,Applications,89
A02755,Integration,62
A02756,Infrastructure,41
A02756,Database,41
A02756,Analytics & Data,58
A02756,AI & ML,53
A02756,Security,25
A02756,Applications,41
A02756,Integration,39
A02757,Infrastructure,28
A02757,Database,46
A02757,Analytics & Data,33
A02757,AI & ML,52
A02757,Security,49
A02757,Applications,46
A02757,Integration,37
A02758,Infrastructure,24
A02758,Database,59
A02758,Analytics & Data,43
A02758,AI & ML,81
A02758,Security,74
A02758,Applications,66
A02758,Integration,85
A02759,Infrastructure,33
A02759,Database,53
A02759,Analytics & Data,83
A02759,AI & ML,90
A02759,Security,92
A02759,Applications,62
A02759,Integration,35
A02760,Infrastructure,45
A02760,Database,60
A02760,Analytics & Data,53
A02760,AI & ML,96
A02760,Security,39
A02760,Applications,23
A02760,Integration,45
A02761,Infrastructure,89
A02761,Database,72
A02761,Analytics & Data,56
A02761,AI & ML,50
A02761,Security,42
A02761,Applications,52
A02761,Integration,35
A02762,Infrastructure,55
A02762,Database,100
A02762,Analytics & Data,67
A02762,AI & ML,41
A02762,Security,29
A02762,Applications,42
A02762,Integration,27
A02763,Infrastructure,53
A02763,Database,45
A02763,Analytics & Data,49
A02763,AI & ML,42
A02763,Security,48
A02763,Applications,45
A02763,Integration,52
A02764,Infrastructure,40
A02764,Database,48
A02764,Analytics & Data,64
A02764,AI & ML,28
A02764,Security,90
A02764,Applications,24
A02764,Integration,51
A02765,Infrastructure,57
A02765,Database,75
A02765,Analytics & Data,85
A02765,AI & ML,39
A02765,Security,25
A02765,Applications,63
A02765,Integration,77
A02766,Infrastructure,33
A02766,Database,57
A02766,Analytics & Data,40
A02766,AI & ML,47
A02766,Security,38
A02766,Applications,84
A02766,Integration,32
A02767,Infrastructure,54
A02767,Database,44
A02767,Analytics & Data,44
A02767,AI & ML,70
A02767,Security,59
A02767,Applications,99
A02767,Integration,41
A02768,Infrastructure,60
A02768,Database,44
A02768,Analytics & Data,58
A02768,AI & ML,41
A02768,Security,33
A02768,Applications,43
A02768,Integration,47
A02769,Infrastructure,43
A02769,Database,53
A02769,Analytics & Data,48
A02769,AI & ML,58
A02769,Security,43
A02769,Applications,76
A02769,Integration,31
A02770,Infrastructure,27
A02770,Database,46
A02770,Analytics & Data,56
A02770,AI & ML,40
A02770,Security,41
A02770,Applications,38
A02770,Integration,39
A02771,Infrastructure,29
A02771,Database,79
A02771,Analytics & Data,57
A02771,AI & ML,35
A02771,Security,61
A02771,Applications,34
A02771,Integration,69
A02772,Infrastructure,42
A02772,Database,74
A02772,Analytics & Data,62
A02772,AI & ML,36
A02772,Security,35
A02772,Applications,53
A02772,Integration,60
A02773,Infrastructure,36
A02773,Database,45
A02773,Analytics & Data,29
A02773,AI & ML,27
A02773,Security,32
A02773,Applications,55
A02773,Integration,42
A02774,Infrastructure,58
A02774,Database,63
A02774,Analytics & Data,24
A02774,AI & ML,47
A02774,Security,86
A02774,Applications,54
A02774,Integration,54
A02775,Infrastructure,68
A02775,Database,40
A02775,Analytics & Data,47
A02775,AI & ML,36
A02775,Security,87
A02775,Applications,84
A02775,Integration,56
A02776,Infrastructure,57
A02776,Database,45
A02776,Analytics & Data,44
A02776,AI & ML,63
A02776,Security,37
A02776,Applications,43
A02776,Integration,67
A02777,Infrastructure,42
A02777,Database,25
A02777,Analytics & Data,36
A02777,AI & ML,42
A02777,Security,89
A02777,Applications,42
A02777,Integration,22
A02778,Infrastructure,77
A02778,Database,41
A02778,Analytics & Data,71
A02778,AI & ML,87
A02778,Security,55
A02778,Applications,30
A02778,Integration,86
A02779,Infrastructure,21
A02779,Database,45
A02779,Analytics & Data,56
A02779,AI & ML,43
A02779,Security,74
A02779,Applications,10
A02779,Integration,39
A02780,Infrastructure,83
A02780,Database,20
A02780,Analytics & Data,79
A02780,AI & ML,62
A02780,Security,60
A02780,Applications,50
A02780,Integration,50
A02781,Infrastructure,22
A02781,Database,26
A02781,Analytics & Data,51
A02781,AI & ML,39
A02781,Security,100
A02781,Applications,89
A02781,Integration,58
A02782,Infrastructure,87
A02782,Database,40
A02782,Analytics & Data,100
A02782,AI & ML,44
A02782,Security,63
A02782,Applications,28
A02782,Integration,37
A02783,Infrastructure,73
A02783,Database,51
A02783,Analytics & Data,89
A02783,AI & ML,38
A02783,Security,47
A02783,Applications,43
A02783,Integration,32
A02784,Infrastructure,85
A02784,Database,47
A02784,Analytics & Data,61
A02784,AI & ML,92
A02784,Security,95
A02784,Applications,64
A02784,Integration,62
A02785,Infrastructure,81
A02785,Database,81
A02785,Analytics & Data,47
A02785,AI & ML,30
A02785,Security,48
A02785,Applications,78
A02785,Integration,47
A02786,Infrastructure,100
A02786,Database,83
A02786,Analytics & Data,26
A02786,AI & ML,33
A02786,Security,43
A02786,Applications,63
A02786,Integration,60
A02787,Infrastructure,69
A02787,Database,37
A02787,Analytics & Data,56
A02787,AI & ML,69
A02787,Security,83
A02787,Applications,28
A02787,Integration,35
A02788,Infrastructure,49
A02788,Database,45
A02788,Analytics & Data,43
A02788,AI & ML,43
A02788,Security,31
A02788,Applications,31
A02788,Integration,36
A02789,Infrastructure,33
A02789,Database,35
A02789,Analytics & Data,44
A02789,AI & ML,100
A02789,Security,38
A02789,Applications,40
A02789,Integration,36
A02790,Infrastructure,61
A02790,Database,38
A02790,Analytics & Data,75
A02790,AI & ML,80
A02790,Security,40
A02790,Applications,43
A02790,Integration,38
A02791,Infrastructure,35
A02791,Database,57
A02791,Analytics & Data,44
A02791,AI & ML,37
A02791,Security,59
A02791,Applications,100
A02791,Integration,30
A02792,Infrastructure,85
A02792,Database,96
A02792,Analytics & Data,41
A02792,AI & ML,27
A02792,Security,16
A02792,Applications,33
A02792,Integration,39
A02793,Infrastructure,18
A02793,Database,24
A02793,Analytics & Data,73
A02793,AI & ML,53
A02793,Security,31
A02793,Applications,24
A02793,Integration,42
A02794,Infrastructure,60
A02794,Database,85
A02794,Analytics & Data,25
A02794,AI & ML,71
A02794,Security,84
A02794,Applications,40
A02794,Integration,36
A02795,Infrastructure,49
A02795,Database,100
A02795,Analytics & Data,49
A02795,AI & ML,36
A02795,Security,23
A02795,Applications,40
A02795,Integration,47
A02796,Infrastructure,43
A02796,Database,29
A02796,Analytics & Data,39
A02796,AI & ML,47
A02796,Security,49
A02796,Applications,43
A02796,Integration,36
A02797,Infrastructure,25
A02797,Database,73
A02797,Analytics & Data,45
A02797,AI & ML,42
A02797,Security,76
A02797,Applications,89
A02797,Integration,39
A02798,Infrastructure,30
A02798,Database,53
A02798,Analytics & Data,61
A02798,AI & ML,25
A02798,Security,46
A02798,Applications,55
A02798,Integration,48
A02799,Infrastructure,29
A02799,Database,33
A02799,Analytics & Data,31
A02799,AI & ML,84
A02799,Security,65
A02799,Applications,62
A02799,Integration,25
A02800,Infrastructure,72
A02800,Database,80
A02800,Analytics & Data,73
A02800,AI & ML,49
A02800,Security,41
A02800,Applications,49
A02800,Integration,52
A02801,Infrastructure,47
A02801,Database,92
A02801,Analytics & Data,63
A02801,AI & ML,47
A02801,Security,56
A02801,Applications,45
A02801,Integration,48
A02802,Infrastructure,69
A02802,Database,49
A02802,Analytics & Data,27
A02802,AI & ML,34
A02802,Security,44
A02802,Applications,62
A02802,Integration,42
A02803,Infrastructure,41
A02803,Database,75
A02803,Analytics & Data,33
A02803,AI & ML,39
A02803,Security,65
A02803,Applications,16
A02803,Integration,46
A02804,Infrastructure,70
A02804,Database,33
A02804,Analytics & Data,46
A02804,AI & ML,41
A02804,Security,43
A02804,Applications,21
A02804,Integration,50
A02805,Infrastructure,18
A02805,Database,29
A02805,Analytics & Data,72
A02805,AI & ML,34
A02805,Security,62
A02805,Applications,46
A02805,Integration,43
A02806,Infrastructure,63
A02806,Database,35
A02806,Analytics & Data,32
A02806,AI & ML,40
A02806,Security,49
A02806,Applications,28
A02806,Integration,68
A02807,Infrastructure,71
A02807,Database,100
A02807,Analytics & Data,40
A02807,AI & ML,36
A02807,Security,69
A02807,Applications,54
A02807,Integration,74
A02808,Infrastructure,47
A02808,Database,45
A02808,Analytics & Data,67
A02808,AI & ML,32
A02808,Security,36
A02808,Applications,38
A02808,Integration,37
A02809,Infrastructure,67
A02809,Database,44
A02809,Analytics & Data,38
A02809,AI & ML,26
A02809,Security,75
A02809,Applications,86
A02809,Integration,40
A02810,Infrastructure,52
A02810,Database,50
A02810,Analytics & Data,45
A02810,AI & ML,49
A02810,Security,57
A02810,Applications,37
A02810,Integration,55
A02811,Infrastructure,71
A02811,Database,46
A02811,Analytics & Data,27
A02811,AI & ML,34
A02811,Security,31
A02811,Applications,54
A02811,Integration,60
A02812,Infrastructure,26
A02812,Database,44
A02812,Analytics & Data,86
A02812,AI & ML,31
A02812,Security,92
A02812,Applications,41
A02812,Integration,64
A02813,Infrastructure,49
A02813,Database,39
A02813,Analytics & Data,64
A02813,AI & ML,44
A02813,Security,94
A02813,Applications,54
A02813,Integration,17
A02814,Infrastructure,66
A02814,Database,36
A02814,Analytics & Data,53
A02814,AI & ML,20
A02814,Security,71
A02814,Applications,63
A02814,Integration,100
A02815,Infrastructure,44
A02815,Database,38
A02815,Analytics & Data,84
A02815,AI & ML,49
A02815,Security,86
A02815,Applications,71
A02815,Integration,47
A02816,Infrastructure,41
A02816,Database,47
A02816,Analytics & Data,75
A02816,AI & ML,51
A02816,Security,46
A02816,Applications,59
A02816,Integration,29
A02817,Infrastructure,51
A02817,Database,47
A02817,Analytics & Data,41
A02817,AI & ML,42
A02817,Security,17
A02817,Applications,74
A02817,Integration,65
A02818,Infrastructure,75
A02818,Database,33
A02818,Analytics & Data,50
A02818,AI & ML,96
A02818,Security,70
A02818,Applications,37
A02818,Integration,64
A02819,Infrastructure,82
A02819,Database,27
A02819,Analytics & Data,55
A02819,AI & ML,31
A02819,Security,41
A02819,Applications,69
A02819,Integration,51
A02820,Infrastructure,64
A02820,Database,48
A02820,Analytics & Data,37
A02820,AI & ML,34
A02820,Security,93
A02820,Applications,46
A02820,Integration,26
A02821,Infrastructure,27
A02821,Database,99
A02821,Analytics & Data,98
A02821,AI & ML,64
A02821,Security,39
A02821,Applications,56
A02821,Integration,48
A02822,Infrastructure,73
A02822,Database,36
A02822,Analytics & Data,57
A02822,AI & ML,43
A02822,Security,76
A02822,Applications,32
A02822,Integration,46
A02823,Infrastructure,63
A02823,Database,66
A02823,Analytics & Data,66
A02823,AI & ML,37
A02823,Security,31
A02823,Applications,48
A02823,Integration,92
A02824,Infrastructure,47
A02824,Database,99
A02824,Analytics & Data,28
A02824,AI & ML,43
A02824,Security,27
A02824,Applications,50
A02824,Integration,44
A02825,Infrastructure,38
A02825,Database,81
A02825,Analytics & Data,50
A02825,AI & ML,51
A02825,Security,65
A02825,Applications,40
A02825,Integration,53
A02826,Infrastructure,42
A02826,Database,83
A02826,Analytics & Data,43
A02826,AI & ML,100
A02826,Security,54
A02826,Applications,33
A02826,Integration,84
A02827,Infrastructure,28
A02827,Database,46
A02827,Analytics & Data,36
A02827,AI & ML,51
A02827,Security,38
A02827,Applications,36
A02827,Integration,65
A02828,Infrastructure,29
A02828,Database,53
A02828,Analytics & Data,44
A02828,AI & ML,43
A02828,Security,37
A02828,Applications,60
A02828,Integration,49
A02829,Infrastructure,33
A02829,Database,36
A02829,Analytics & Data,39
A02829,AI & ML,23
A02829,Security,52
A02829,Applications,91
A02829,Integration,74
A02830,Infrastructure,48
A02830,Database,33
A02830,Analytics & Data,40
A02830,AI & ML,30
A02830,Security,26
A02830,Applications,35
A02830,Integration,87
A02831,Infrastructure,18
A02831,Database,55
A02831,Analytics & Data,56
A02831,AI & ML,31
A02831,Security,31
A02831,Applications,38
A02831,Integration,36
A02832,Infrastructure,45
A02832,Database,40
A02832,Analytics & Data,100
A02832,AI & ML,30
A02832,Security,40
A02832,Applications,57
A02832,Integration,47
A02833,Infrastructure,35
A02833,Database,71
A02833,Analytics & Data,39
A02833,AI & ML,59
A02833,Security,41
A02833,Applications,34
A02833,Integration,82
A02834,Infrastructure,29
A02834,Database,46
A02834,Analytics & Data,46
A02834,AI & ML,27
A02834,Security,26
A02834,Applications,42
A02834,Integration,33
A02835,Infrastructure,29
A02835,Database,92
A02835,Analytics & Data,37
A02835,AI & ML,50
A02835,Security,48
A02835,Applications,43
A02835,Integration,51
A02836,Infrastructure,40
A02836,Database,36
A02836,Analytics & Data,63
A02836,AI & ML,23
A02836,Security,86
A02836,Applications,29
A02836,Integration,42
A02837,Infrastructure,56
A02837,Database,34
A02837,Analytics & Data,33
A02837,AI & ML,68
A02837,Security,30
A02837,Applications,38
A02837,Integration,60
A02838,Infrastructure,66
A02838,Database,34
A02838,Analytics & Data,94
A02838,AI & ML,46
A02838,Security,36
A02838,Applications,54
A02838,Integration,48
A02839,Infrastructure,58
A02839,Database,51
A02839,Analytics & Data,33
A02839,AI & ML,30
A02839,Security,45
A02839,Applications,60
A02839,Integration,79
A02840,Infrastructure,42
A02840,Database,31
A02840,Analytics & Data,26
A02840,AI & ML,52
A02840,Security,45
A02840,Applications,46
A02840,Integration,46
A02841,Infrastructure,64
A02841,Database,25
A02841,Analytics & Data,42
A02841,AI & ML,27
A02841,Security,23
A02841,Applications,24
A02841,Integration,38
A02842,Infrastructure,33
A02842,Database,31
A02842,Analytics & Data,51
A02842,AI & ML,36
A02842,Security,39
A02842,Applications,96
A02842,Integration,29
A02843,Infrastructure,46
A02843,Database,37
A02843,Analytics & Data,35
A02843,AI & ML,44
A02843,Security,54
A02843,Applications,34
A02843,Integration,56
A02844,Infrastructure,90
A02844,Database,54
A02844,Analytics & Data,38
A02844,AI & ML,99
A02844,Security,41
A02844,Applications,35
A02844,Integration,31
A02845,Infrastructure,31
A02845,Database,39
A02845,Analytics & Data,98
A02845,AI & ML,77
A02845,Security,64
A02845,Applications,45
A02845,Integration,52
A02846,Infrastructure,59
A02846,Database,46
A02846,Analytics & Data,36
A02846,AI & ML,29
A02846,Security,95
A02846,Applications,52
A02846,Integration,23
A02847,Infrastructure,25
A02847,Database,46
A02847,Analytics & Data,39
A02847,AI & ML,37
A02847,Security,81
A02847,Applications,37
A02847,Integration,60
A02848,Infrastructure,48
A02848,Database,40
A02848,Analytics & Data,49
A02848,AI & ML,36
A02848,Security,29
A02848,Applications,53
A02848,Integration,40
A02849,Infrastructure,23
A02849,Database,34
A02849,Analytics & Data,45
A02849,AI & ML,35
A02849,Security,49
A02849,Applications,66
A02849,Integration,64
A02850,Infrastructure,95
A02850,Database,73
A02850,Analytics & Data,66
A02850,AI & ML,53
A02850,Security,32
A02850,Applications,39
A02850,Integration,18
A02851,Infrastructure,24
A02851,Database,42
A02851,Analytics & Data,19
A02851,AI & ML,45
A02851,Security,33
A02851,Applications,34
A02851,Integration,44
A02852,Infrastructure,35
A02852,Database,28
A02852,Analytics & Data,54
A02852,AI & ML,81
A02852,Security,41
A02852,Applications,46
A02852,Integration,53
A02853,Infrastructure,55
A02853,Database,61
A02853,Analytics & Data,37
A02853,AI & ML,36
A02853,Security,44
A02853,Applications,44
A02853,Integration,35
A02854,Infrastructure,36
A02854,Database,61
A02854,Analytics & Data,39
A02854,AI & ML,39
A02854,Security,38
A02854,Applications,30
A02854,Integration,52
A02855,Infrastructure,48
A02855,Database,48
A02855,Analytics & Data,60
A02855,AI & ML,79
A02855,Security,27
A02855,Applications,76
A02855,Integration,38
A02856,Infrastructure,73
A02856,Database,28
A02856,Analytics & Data,32
A02856,AI & ML,37
A02856,Security,29
A02856,Applications,38
A02856,Integration,77
A02857,Infrastructure,61
A02857,Database,48
A02857,Analytics & Data,90
A02857,AI & ML,27
A02857,Security,22
A02857,Applications,19
A02857,Integration,34
A02858,Infrastructure,33
A02858,Database,42
A02858,Analytics & Data,100
A02858,AI & ML,80
A02858,Security,100
A02858,Applications,42
A02858,Integration,41
A02859,Infrastructure,47
A02859,Database,20
A02859,Analytics & Data,82
A02859,AI & ML,48
A02859,Security,18
A02859,Applications,54
A02859,Integration,28
A02860,Infrastructure,43
A02860,Database,53
A02860,Analytics & Data,86
A02860,AI & ML,62
A02860,Security,36
A02860,Applications,48
A02860,Integration,43
A02861,Infrastructure,45
A02861,Database,65
A02861,Analytics & Data,26
A02861,AI & ML,49
A02861,Security,57
A02861,Applications,54
A02861,Integration,50
A02862,Infrastructure,75
A02862,Database,46
A02862,Analytics & Data,28
A02862,AI & ML,36
A02862,Security,79
A02862,Applications,12
A02862,Integration,51
A02863,Infrastructure,62
A02863,Database,34
A02863,Analytics & Data,89
A02863,AI & ML,45
A02863,Security,53
A02863,Applications,35
A02863,Integration,41
A02864,Infrastructure,25
A02864,Database,67
A02864,Analytics & Data,41
A02864,AI & ML,39
A02864,Security,31
A02864,Applications,44
A02864,Integration,63
A02865,Infrastructure,42
A02865,Database,31
A02865,Analytics & Data,47
A02865,AI & ML,40
A02865,Security,58
A02865,Applications,32
A02865,Integration,48
A02866,Infrastructure,27
A02866,Database,31
A02866,Analytics & Data,23
A02866,AI & ML,24
A02866,Security,47
A02866,Applications,57
A02866,Integration,61
A02867,Infrastructure,90
A02867,Database,72
A02867,Analytics & Data,38
A02867,AI & ML,62
A02867,Security,46
A02867,Applications,43
A02867,Integration,71
A02868,Infrastructure,26
A02868,Database,37
A02868,Analytics & Data,70
A02868,AI & ML,36
A02868,Security,80
A02868,Applications,27
A02868,Integration,40
A02869,Infrastructure,42
A02869,Database,35
A02869,Analytics & Data,48
A02869,AI & ML,73
A02869,Security,17
A02869,Applications,49
A02869,Integration,55
A02870,Infrastructure,33
A02870,Database,52
A02870,Analytics & Data,38
A02870,AI & ML,70
A02870,Security,66
A02870,Applications,55
A02870,Integration,47
A02871,Infrastructure,50
A02871,Database,34
A02871,Analytics & Data,57
A02871,AI & ML,86
A02871,Security,51
A02871,Applications,35
A02871,Integration,33
A02872,Infrastructure,49
A02872,Database,52
A02872,Analytics & Data,32
A02872,AI & ML,52
A02872,Security,48
A02872,Applications,37
A02872,Integration,62
A02873,Infrastructure,35
A02873,Database,47
A02873,Analytics & Data,41
A02873,AI & ML,68
A02873,Security,53
A02873,Applications,30
A02873,Integration,49
A02874,Infrastructure,46
A02874,Database,44
A02874,Analytics & Data,64
A02874,AI & ML,68
A02874,Security,34
A02874,Applications,63
A02874,Integration,68
A02875,Infrastructure,33
A02875,Database,48
A02875,Analytics & Data,32
A02875,AI & ML,49
A02875,Security,53
A02875,Applications,100
A02875,Integration,41
A02876,Infrastructure,55
A02876,Database,21
A02876,Analytics & Data,20
A02876,AI & ML,58
A02876,Security,51
A02876,Applications,31
A02876,Integration,18
A02877,Infrastructure,36
A02877,Database,58
A02877,Analytics & Data,73
A02877,AI & ML,37
A02877,Security,44
A02877,Applications,60
A02877,Integration,29
A02878,Infrastructure,45
A02878,Database,36
A02878,Analytics & Data,25
A02878,AI & ML,68
A02878,Security,61
A02878,Applications,40
A02878,Integration,38
A02879,Infrastructure,79
A02879,Database,50
A02879,Analytics & Data,37
A02879,AI & ML,32
A02879,Security,94
A02879,Applications,38
A02879,Integration,45
A02880,Infrastructure,82
A02880,Database,77
A02880,Analytics & Data,53
A02880,AI & ML,74
A02880,Security,39
A02880,Applications,38
A02880,Integration,35
A02881,Infrastructure,38
A02881,Database,42
A02881,Analytics & Data,69
A02881,AI & ML,65
A02881,Security,27
A02881,Applications,21
A02881,Integration,47
A02882,Infrastructure,70
A02882,Database,41
A02882,Analytics & Data,45
A02882,AI & ML,41
A02882,Security,45
A02882,Applications,84
A02882,Integration,40
A02883,Infrastructure,32
A02883,Database,46
A02883,Analytics & Data,50
A02883,AI & ML,25
A02883,Security,43
A02883,Applications,73
A02883,Integration,56
A02884,Infrastructure,51
A02884,Database,46
A02884,Analytics & Data,23
A02884,AI & ML,20
A02884,Security,58
A02884,Applications,29
A02884,Integration,41
A02885,Infrastructure,92
A02885,Database,93
A02885,Analytics & Data,68
A02885,AI & ML,59
A02885,Security,47
A02885,Applications,34
A02885,Integration,42
A02886,Infrastructure,73
A02886,Database,67
A02886,Analytics & Data,50
A02886,AI & ML,46
A02886,Security,18
A02886,Applications,35
A02886,Integration,79
A02887,Infrastructure,51
A02887,Database,44
A02887,Analytics & Data,64
A02887,AI & ML,46
A02887,Security,49
A02887,Applications,53
A02887,Integration,96
A02888,Infrastructure,54
A02888,Database,43
A02888,Analytics & Data,18
A02888,AI & ML,52
A02888,Security,27
A02888,Applications,40
A02888,Integration,42
A02889,Infrastructure,58
A02889,Database,66
A02889,Analytics & Data,68
A02889,AI & ML,54
A02889,Security,40
A02889,Applications,30
A02889,Integration,67
A02890,Infrastructure,41
A02890,Database,47
A02890,Analytics & Data,41
A02890,AI & ML,50
A02890,Security,35
A02890,Applications,53
A02890,Integration,28
A02891,Infrastructure,37
A02891,Database,38
A02891,Analytics & Data,77
A02891,AI & ML,48
A02891,Security,49
A02891,Applications,35
A02891,Integration,42
A02892,Infrastructure,58
A02892,Database,48
A02892,Analytics & Data,22
A02892,AI & ML,29
A02892,Security,56
A02892,Applications,34
A02892,Integration,26
A02893,Infrastructure,35
A02893,Database,51
A02893,Analytics & Data,25
A02893,AI & ML,48
A02893,Security,60
A02893,Applications,42
A02893,Integration,20
A02894,Infrastructure,35
A02894,Database,38
A02894,Analytics & Data,49
A02894,AI & ML,39
A02894,Security,71
A02894,Applications,29
A02894,Integration,36
A02895,Infrastructure,42
A02895,Database,72
A02895,Analytics & Data,42
A02895,AI & ML,42
A02895,Security,47
A02895,Applications,68
A02895,Integration,57
A02896,Infrastructure,37
A02896,Database,43
A02896,Analytics & Data,21
A02896,AI & ML,43
A02896,Security,73
A02896,Applications,68
A02896,Integration,76
A02897,Infrastructure,44
A02897,Database,42
A02897,Analytics & Data,38
A02897,AI & ML,40
A02897,Security,52
A02897,Applications,26
A02897,Integration,50
A02898,Infrastructure,44
A02898,Database,33
A02898,Analytics & Data,31
A02898,AI & ML,33
A02898,Security,38
A02898,Applications,34
A02898,Integration,34
A02899,Infrastructure,100
A02899,Database,74
A02899,Analytics & Data,81
A02899,AI & ML,34
A02899,Security,16
A02899,Applications,83
A02899,Integration,57
A02900,Infrastructure,39
A02900,Database,30
A02900,Analytics & Data,24
A02900,AI & ML,69
A02900,Security,17
A02900,Applications,37
A02900,Integration,38
A02901,Infrastructure,21
A02901,Database,81
A02901,Analytics & Data,44
A02901,AI & ML,45
A02901,Security,49
A02901,Applications,63
A02901,Integration,29
A02902,Infrastructure,28
A02902,Database,22
A02902,Analytics & Data,55
A02902,AI & ML,46
A02902,Security,73
A02902,Applications,44
A02902,Integration,69
A02903,Infrastructure,38
A02903,Database,45
A02903,Analytics & Data,38
A02903,AI & ML,41
A02903,Security,39
A02903,Applications,27
A02903,Integration,94
A02904,Infrastructure,50
A02904,Database,42
A02904,Analytics & Data,33
A02904,AI & ML,53
A02904,Security,50
A02904,Applications,22
A02904,Integration,41
A02905,Infrastructure,38
A02905,Database,74
A02905,Analytics & Data,50
A02905,AI & ML,100
A02905,Security,87
A02905,Applications,82
A02905,Integration,69
A02906,Infrastructure,53
A02906,Database,88
A02906,Analytics & Data,78
A02906,AI & ML,77
A02906,Security,31
A02906,Applications,100
A02906,Integration,34
A02907,Infrastructure,40
A02907,Database,48
A02907,Analytics & Data,35
A02907,AI & ML,52
A02907,Security,46
A02907,Applications,82
A02907,Integration,75
A02908,Infrastructure,38
A02908,Database,41
A02908,Analytics & Data,28
A02908,AI & ML,34
A02908,Security,30
A02908,Applications,93
A02908,Integration,41
A02909,Infrastructure,45
A02909,Database,38
A02909,Analytics & Data,31
A02909,AI & ML,36
A02909,Security,39
A02909,Applications,68
A02909,Integration,76
A02910,Infrastructure,38
A02910,Database,69
A02910,Analytics & Data,24
A02910,AI & ML,25
A02910,Security,50
A02910,Applications,45
A02910,Integration,27
A02911,Infrastructure,34
A02911,Database,48
A02911,Analytics & Data,36
A02911,AI & ML,40
A02911,Security,61
A02911,Applications,37
A02911,Integration,56
A02912,Infrastructure,83
A02912,Database,96
A02912,Analytics & Data,35
A02912,AI & ML,37
A02912,Security,71
A02912,Applications,93
A02912,Integration,22
A02913,Infrastructure,33
A02913,Database,50
A02913,Analytics & Data,32
A02913,AI & ML,60
A02913,Security,42
A02913,Applications,55
A02913,Integration,37
A02914,Infrastructure,68
A02914,Database,39
A02914,Analytics & Data,37
A02914,AI & ML,64
A02914,Security,47
A02914,Applications,32
A02914,Integration,39
A02915,Infrastructure,44
A02915,Database,48
A02915,Analytics & Data,38
A02915,AI & ML,50
A02915,Security,22
A02915,Applications,35
A02915,Integration,60
A02916,Infrastructure,81
A02916,Database,40
A02916,Analytics & Data,55
A02916,AI & ML,63
A02916,Security,40
A02916,Applications,90
A02916,Integration,38
A02917,Infrastructure,51
A02917,Database,60
A02917,Analytics & Data,16
A02917,AI & ML,18
A02917,Security,68
A02917,Applications,79
A02917,Integration,48
A02918,Infrastructure,40
A02918,Database,30
A02918,Analytics & Data,67
A02918,AI & ML,58
A02918,Security,51
A02918,Applications,63
A02918,Integration,71
A02919,Infrastructure,55
A02919,Database,91
A02919,Analytics & Data,47
A02919,AI & ML,55
A02919,Security,88
A02919,Applications,72
A02919,Integration,43
A02920,Infrastructure,65
A02920,Database,46
A02920,Analytics & Data,34
A02920,AI & ML,74
A02920,Security,28
A02920,Applications,43
A02920,Integration,35
A02921,Infrastructure,47
A02921,Database,34
A02921,Analytics & Data,67
A02921,AI & ML,33
A02921,Security,32
A02921,Applications,38
A02921,Integration,23
A02922,Infrastructure,25
A02922,Database,55
A02922,Analytics & Data,49
A02922,AI & ML,36
A02922,Security,36
A02922,Applications,47
A02922,Integration,67
A02923,Infrastructure,42
A02923,Database,70
A02923,Analytics & Data,31
A02923,AI & ML,55
A02923,Security,43
A02923,Applications,28
A02923,Integration,64
A02924,Infrastructure,65
A02924,Database,36
A02924,Analytics & Data,16
A02924,AI & ML,50
A02924,Security,92
A02924,Applications,42
A02924,Integration,32
A02925,Infrastructure,51
A02925,Database,83
A02925,Analytics & Data,43
A02925,AI & ML,34
A02925,Security,52
A02925,Applications,30
A02925,Integration,38
A02926,Infrastructure,74
A02926,Database,96
A02926,Analytics & Data,35
A02926,AI & ML,53
A02926,Security,38
A02926,Applications,33
A02926,Integration,47
A02927,Infrastructure,51
A02927,Database,60
A02927,Analytics & Data,79
A02927,AI & ML,47
A02927,Security,42
A02927,Applications,32
A02927,Integration,27
A02928,Infrastructure,42
A02928,Database,29
A02928,Analytics & Data,41
A02928,AI & ML,41
A02928,Security,75
A02928,Applications,100
A02928,Integration,41
A02929,Infrastructure,36
A02929,Database,62
A02929,Analytics & Data,40
A02929,AI & ML,43
A02929,Security,88
A02929,Applications,28
A02929,Integration,47
A02930,Infrastructure,39
A02930,Database,26
A02930,Analytics & Data,23
A02930,AI & ML,67
A02930,Security,29
A02930,Applications,61
A02930,Integration,30
A02931,Infrastructure,34
A02931,Database,53
A02931,Analytics & Data,34
A02931,AI & ML,33
A02931,Security,53
A02931,Applications,72
A02931,Integration,67
A02932,Infrastructure,41
A02932,Database,99
A02932,Analytics & Data,40
A02932,AI & ML,34
A02932,Security,58
A02932,Applications,23
A02932,Integration,30
A02933,Infrastructure,22
A02933,Database,41
A02933,Analytics & Data,31
A02933,AI & ML,46
A02933,Security,41
A02933,Applications,40
A02933,Integration,46
A02934,Infrastructure,40
A02934,Database,58
A02934,Analytics & Data,25
A02934,AI & ML,70
A02934,Security,50
A02934,Applications,36
A02934,Integration,43
A02935,Infrastructure,34
A02935,Database,28
A02935,Analytics & Data,80
A02935,AI & ML,36
A02935,Security,31
A02935,Applications,16
A02935,Integration,41
A02936,Infrastructure,19
A02936,Database,58
A02936,Analytics & Data,48
A02936,AI & ML,35
A02936,Security,53
A02936,Applications,36
A02936,Integration,44
A02937,Infrastructure,78
A02937,Database,24
A02937,Analytics & Data,54
A02937,AI & ML,36
A02937,Security,45
A02937,Applications,51
A02937,Integration,78
A02938,Infrastructure,94
A02938,Database,55
A02938,Analytics & Data,24
A02938,AI & ML,31
A02938,Security,34
A02938,Applications,45
A02938,Integration,95
A02939,Infrastructure,37
A02939,Database,26
A02939,Analytics & Data,81
A02939,AI & ML,47
A02939,Security,95
A02939,Applications,42
A02939,Integration,85
A02940,Infrastructure,37
A02940,Database,27
A02940,Analytics & Data,82
A02940,AI & ML,63
A02940,Security,84
A02940,Applications,48
A02940,Integration,61
A02941,Infrastructure,30
A02941,Database,45
A02941,Analytics & Data,52
A02941,AI & ML,24
A02941,Security,68
A02941,Applications,39
A02941,Integration,73
A02942,Infrastructure,38
A02942,Database,37
A02942,Analytics & Data,46
A02942,AI & ML,43
A02942,Security,93
A02942,Applications,48
A02942,Integration,93
A02943,Infrastructure,94
A02943,Database,69
A02943,Analytics & Data,49
A02943,AI & ML,100
A02943,Security,40
A02943,Applications,24
A02943,Integration,28
A02944,Infrastructure,29
A02944,Database,21
A02944,Analytics & Data,33
A02944,AI & ML,100
A02944,Security,42
A02944,Applications,42
A02944,Integration,14
A02945,Infrastructure,59
A02945,Database,100
A02945,Analytics & Data,46
A02945,AI & ML,81
A02945,Security,82
A02945,Applications,46
A02945,Integration,50
A02946,Infrastructure,80
A02946,Database,44
A02946,Analytics & Data,47
A02946,AI & ML,50
A02946,Security,26
A02946,Applications,43
A02946,Integration,30
A02947,Infrastructure,40
A02947,Database,51
A02947,Analytics & Data,39
A02947,AI & ML,55
A02947,Security,31
A02947,Applications,94
A02947,Integration,36
A02948,Infrastructure,70
A02948,Database,33
A02948,Analytics & Data,49
A02948,AI & ML,63
A02948,Security,26
A02948,Applications,71
A02948,Integration,39
A02949,Infrastructure,49
A02949,Database,30
A02949,Analytics & Data,46
A02949,AI & ML,35
A02949,Security,16
A02949,Applications,35
A02949,Integration,60
A02950,Infrastructure,20
A02950,Database,44
A02950,Analytics & Data,47
A02950,AI & ML,44
A02950,Security,41
A02950,Applications,63
A02950,Integration,18
A02951,Infrastructure,35
A02951,Database,44
A02951,Analytics & Data,92
A02951,AI & ML,23
A02951,Security,44
A02951,Applications,87
A02951,Integration,21
A02952,Infrastructure,57
A02952,Database,61
A02952,Analytics & Data,33
A02952,AI & ML,42
A02952,Security,52
A02952,Applications,31
A02952,Integration,36
A02953,Infrastructure,39
A02953,Database,48
A02953,Analytics & Data,34
A02953,AI & ML,41
A02953,Security,34
A02953,Applications,49
A02953,Integration,25
A02954,Infrastructure,42
A02954,Database,37
A02954,Analytics & Data,30
A02954,AI & ML,36
A02954,Security,55
A02954,Applications,82
A02954,Integration,67
A02955,Infrastructure,31
A02955,Database,87
A02955,Analytics & Data,39
A02955,AI & ML,81
A02955,Security,97
A02955,Applications,46
A02955,Integration,67
A02956,Infrastructure,43
A02956,Database,59
A02956,Analytics & Data,85
A02956,AI & ML,27
A02956,Security,43
A02956,Applications,45
A02956,Integration,67
A02957,Infrastructure,38
A02957,Database,52
A02957,Analytics & Data,72
A02957,AI & ML,66
A02957,Security,26
A02957,Applications,48
A02957,Integration,60
A02958,Infrastructure,62
A02958,Database,45
A02958,Analytics & Data,41
A02958,AI & ML,97
A02958,Security,66
A02958,Applications,47
A02958,Integration,34
A02959,Infrastructure,47
A02959,Database,69
A02959,Analytics & Data,45
A02959,AI & ML,37
A02959,Security,33
A02959,Applications,82
A02959,Integration,13
A02960,Infrastructure,48
A02960,Database,46
A02960,Analytics & Data,74
A02960,AI & ML,85
A02960,Security,39
A02960,Applications,38
A02960,Integration,25
A02961,Infrastructure,77
A02961,Database,23
A02961,Analytics & Data,70
A02961,AI & ML,39
A02961,Security,32
A02961,Applications,74
A02961,Integration,43
A02962,Infrastructure,39
A02962,Database,68
A02962,Analytics & Data,42
A02962,AI & ML,34
A02962,Security,53
A02962,Applications,63
A02962,Integration,33
A02963,Infrastructure,69
A02963,Database,81
A02963,Analytics & Data,49
A02963,AI & ML,72
A02963,Security,39
A02963,Applications,34
A02963,Integration,47
A02964,Infrastructure,24
A02964,Database,46
A02964,Analytics & Data,54
A02964,AI & ML,39
A02964,Security,65
A02964,Applications,58
A02964,Integration,86
A02965,Infrastructure,52
A02965,Database,44
A02965,Analytics & Data,96
A02965,AI & ML,48
A02965,Security,43
A02965,Applications,83
A02965,Integration,51
A02966,Infrastructure,88
A02966,Database,44
A02966,Analytics & Data,77
A02966,AI & ML,46
A02966,Security,59
A02966,Applications,39
A02966,Integration,71
A02967,Infrastructure,52
A02967,Database,38
A02967,Analytics & Data,71
A02967,AI & ML,26
A02967,Security,62
A02967,Applications,68
A02967,Integration,58
A02968,Infrastructure,32
A02968,Database,69
A02968,Analytics & Data,65
A02968,AI & ML,100
A02968,Security,26
A02968,Applications,30
A02968,Integration,72
A02969,Infrastructure,46
A02969,Database,59
A02969,Analytics & Data,24
A02969,AI & ML,31
A02969,Security,37
A02969,Applications,33
A02969,Integration,53
A02970,Infrastructure,40
A02970,Database,35
A02970,Analytics & Data,96
A02970,AI & ML,39
A02970,Security,46
A02970,Applications,27
A02970,Integration,40
A02971,Infrastructure,30
A02971,Database,73
A02971,Analytics & Data,68
A02971,AI & ML,33
A02971,Security,49
A02971,Applications,53
A02971,Integration,39
A02972,Infrastructure,62
A02972,Database,31
A02972,Analytics & Data,39
A02972,AI & ML,41
A02972,Security,49
A02972,Applications,47
A02972,Integration,38
A02973,Infrastructure,59
A02973,Database,82
A02973,Analytics & Data,39
A02973,AI & ML,30
A02973,Security,65
A02973,Applications,98
A02973,Integration,55
A02974,Infrastructure,98
A02974,Database,29
A02974,Analytics & Data,40
A02974,AI & ML,37
A02974,Security,60
A02974,Applications,46
A02974,Integration,41
A02975,Infrastructure,21
A02975,Database,44
A02975,Analytics & Data,77
A02975,AI & ML,39
A02975,Security,25
A02975,Applications,53
A02975,Integration,24
A02976,Infrastructure,37
A02976,Database,51
A02976,Analytics & Data,44
A02976,AI & ML,35
A02976,Security,56
A02976,Applications,57
A02976,Integration,50
A02977,Infrastructure,57
A02977,Database,49
A02977,Analytics & Data,34
A02977,AI & ML,48
A02977,Security,32
A02977,Applications,62
A02977,Integration,77
A02978,Infrastructure,48
A02978,Database,54
A02978,Analytics & Data,32
A02978,AI & ML,51
A02978,Security,38
A02978,Applications,27
A02978,Integration,92
A02979,Infrastructure,31
A02979,Database,46
A02979,Analytics & Data,57
A02979,AI & ML,24
A02979,Security,33
A02979,Applications,69
A02979,Integration,47
A02980,Infrastructure,44
A02980,Database,64
A02980,Analytics & Data,49
A02980,AI & ML,57
A02980,Security,55
A02980,Applications,44
A02980,Integration,78
A02981,Infrastructure,96
A02981,Database,80
A02981,Analytics & Data,63
A02981,AI & ML,87
A02981,Security,19
A02981,Applications,47
A02981,Integration,34
A02982,Infrastructure,58
A02982,Database,28
A02982,Analytics & Data,38
A02982,AI & ML,36
A02982,Security,22
A02982,Applications,75
A02982,Integration,56
A02983,Infrastructure,43
A02983,Database,42
A02983,Analytics & Data,25
A02983,AI & ML,34
A02983,Security,34
A02983,Applications,77
A02983,Integration,100
A02984,Infrastructure,74
A02984,Database,85
A02984,Analytics & Data,68
A02984,AI & ML,56
A02984,Security,70
A02984,Applications,62
A02984,Integration,45
A02985,Infrastructure,38
A02985,Database,57
A02985,Analytics & Data,76
A02985,AI & ML,85
A02985,Security,40
A02985,Applications,33
A02985,Integration,66
A02986,Infrastructure,58
A02986,Database,55
A02986,Analytics & Data,65
A02986,AI & ML,54
A02986,Security,34
A02986,Applications,38
A02986,Integration,51
A02987,Infrastructure,84
A02987,Database,42
A02987,Analytics & Data,20
A02987,AI & ML,57
A02987,Security,25
A02987,Applications,30
A02987,Integration,65
A02988,Infrastructure,33
A02988,Database,36
A02988,Analytics & Data,38
A02988,AI & ML,43
A02988,Security,40
A02988,Applications,35
A02988,Integration,32
A02989,Infrastructure,30
A02989,Database,89
A02989,Analytics & Data,100
A02989,AI & ML,37
A02989,Security,45
A02989,Applications,46
A02989,Integration,41
A02990,Infrastructure,79
A02990,Database,26
A02990,Analytics & Data,51
A02990,AI & ML,58
A02990,Security,50
A02990,Applications,41
A02990,Integration,57
A02991,Infrastructure,38
A02991,Database,96
A02991,Analytics & Data,52
A02991,AI & ML,77
A02991,Security,27
A02991,Applications,17
A02991,Integration,66
A02992,Infrastructure,33
A02992,Database,50
A02992,Analytics & Data,59
A02992,AI & ML,71
A02992,Security,47
A02992,Applications,34
A02992,Integration,30
A02993,Infrastructure,46
A02993,Database,30
A02993,Analytics & Data,45
A02993,AI & ML,46
A02993,Security,41
A02993,Applications,24
A02993,Integration,35
A02994,Infrastructure,91
A02994,Database,48
A02994,Analytics & Data,66
A02994,AI & ML,89
A02994,Security,100
A02994,Applications,34
A02994,Integration,44
A02995,Infrastructure,44
A02995,Database,48
A02995,Analytics & Data,76
A02995,AI & ML,57
A02995,Security,88
A02995,Applications,43
A02995,Integration,36
A02996,Infrastructure,36
A02996,Database,46
A02996,Analytics & Data,31
A02996,AI & ML,39
A02996,Security,43
A02996,Applications,72
A02996,Integration,32
A02997,Infrastructure,45
A02997,Database,70
A02997,Analytics & Data,56
A02997,AI & ML,73
A02997,Security,43
A02997,Applications,64
A02997,Integration,38
A02998,Infrastructure,37
A02998,Database,45
A02998,Analytics & Data,33
A02998,AI & ML,76
A02998,Security,33
A02998,Applications,57
A02998,Integration,36
A02999,Infrastructure,82
A02999,Database,43
A02999,Analytics & Data,37
A02999,AI & ML,36
A02999,Security,53
A02999,Applications,37
A02999,Integration,24
A03000,Infrastructure,100
A03000,Database,45
A03000,Analytics & Data,64
A03000,AI & ML,55
A03000,Security,27
A03000,Applications,51
A03000,Integration,43
